#VRML V2.0 utf8
# File generated by ImageToStl.com - Free Image and 3D model conversion tools

Group {
  children [
    Group {
      children [
        Shape {
          appearance DEF M2 Appearance {
            material Material {
              diffuseColor 0 0.31765 0.64314
              specularColor 0.05 0.05 0.05
              shininess 0.5
            }
          }
          geometry IndexedFaceSet {
            coord Coordinate {
              point [
-1.10000002 0.40000001 0.34999999,-1.10000002 2.9000001 0.34999999,-0.80000001 0.40000001 0.34999999,-0.80000001 2.9000001 0.34999999,-1.10000002 2.9000001 -0.34999999,-0.80000001 2.9000001 -0.34999999,-1.10000002 0.40000001 -0.34999999,-0.80000001 0.40000001 -0.34999999,-1.10000002 2.21673703 0.17004319,-1.10000002 2.22544074 0.17896672,-1.10000002 2.23457861 0.1874453,-1.10000002 2.20848894 0.16069691,-1.10000002 2.24412751 0.19545788,-1.10000002 2.20071697 0.1509511,-1.10000002 2.25406408 0.2029845,-1.10000002 2.1934402 0.14083001,-1.10000002 2.26436353 0.21000648,-1.10000002 2.18667722 0.1303588,-1.10000002 2.2750001 0.21650635,-1.10000002 2.18044472 0.1195635,-1.10000002 2.28594732 0.22246796,-1.10000002 2.17475772 0.10847093,-1.10000002 2.29717827 0.22787647,-1.10000002 2.169631 0.0971087,-1.10000002 2.3086648 0.23271844,-1.10000002 2.16507673 0.08550504,-1.10000002 2.3203783 0.23698184,-1.10000002 2.16110682 0.07368879,-1.10000002 2.33228993 0.24065606,-1.10000002 2.15773058 0.06168935,-1.10000002 2.34436965 0.24373198,-1.10000002 2.15495682 0.04953654,-1.10000002 2.35658789 0.24620193,-1.10000002 2.15279222 0.03726057,-1.10000002 2.36891413 0.24805979,-1.10000002 2.15124226 0.02489196,-1.10000002 2.15031075 0.01246147,-1.10000002 2.1500001 0,-1.10000002 2.15031075 -0.01246147,-1.10000002 2.15124226 -0.02489196,-1.10000002 2.15279222 -0.03726057,-1.10000002 2.15495682 -0.04953654,-1.10000002 2.15773058 -0.06168935,-1.10000002 2.16110682 -0.07368879,-1.10000002 2.16507673 -0.08550504,-1.10000002 2.169631 -0.0971087,-1.10000002 2.17475772 -0.10847093,-1.10000002 2.18044472 -0.1195635,-1.10000002 2.18667722 -0.1303588,-1.10000002 2.1934402 -0.14083001,-1.10000002 2.20071697 -0.1509511,-1.10000002 2.20848894 -0.16069691,-1.10000002 2.21673703 -0.17004319,-1.10000002 2.22544074 -0.17896672,-1.10000002 2.23457861 -0.1874453,-1.10000002 2.24412751 -0.19545788,-1.10000002 2.25406408 -0.2029845,-1.10000002 2.38131738 0.24930096,-1.10000002 2.39376736 0.24992229,-1.10000002 2.4062326 0.24992229,-1.10000002 2.41868258 0.24930096,-1.10000002 2.43108582 0.24805979,-1.10000002 2.44341207 0.24620193,-1.10000002 2.4556303 0.24373198,-1.10000002 2.46771002 0.24065606,-1.10000002 2.47962165 0.23698184,-1.10000002 2.49133515 0.23271844,-1.10000002 2.50282168 0.22787647,-1.10000002 2.51405263 0.22246796,-1.10000002 2.5250001 0.21650635,-1.10000002 2.53563666 0.21000648,-1.10000002 2.54593587 0.2029845,-1.10000002 2.55587244 0.19545788,-1.10000002 2.56542134 0.1874453,-1.10000002 2.57455921 0.17896672,-1.10000002 2.58326292 0.17004319,-1.10000002 2.59151101 0.16069691,-1.10000002 2.59928322 0.1509511,-1.10000002 2.60655975 0.14083001,-1.10000002 2.61332273 0.1303588,-1.10000002 2.61955547 0.1195635,-1.10000002 2.62524223 0.10847093,-1.10000002 2.63036895 0.0971087,-1.10000002 2.63492322 0.08550504,-1.10000002 2.63889313 0.07368879,-1.10000002 2.64226937 0.06168935,-1.10000002 2.64504313 0.04953654,-1.10000002 2.64720774 0.03726057,-1.10000002 2.6487577 0.02489196,-1.10000002 2.6496892 0.01246147,-1.10000002 2.6500001 -0,-1.10000002 2.6496892 -0.01246147,-1.10000002 2.6487577 -0.02489196,-1.10000002 2.64720774 -0.03726057,-1.10000002 2.64504313 -0.04953654,-1.10000002 2.64226937 -0.06168935,-1.10000002 2.63889313 -0.07368879,-1.10000002 2.63492322 -0.08550504,-1.10000002 2.63036895 -0.0971087,-1.10000002 2.62524223 -0.10847093,-1.10000002 2.61955547 -0.1195635,-1.10000002 2.61332273 -0.1303588,-1.10000002 2.60655975 -0.14083001,-1.10000002 2.59928322 -0.1509511,-1.10000002 2.59151101 -0.16069691,-1.10000002 2.58326292 -0.17004319,-1.10000002 2.57455921 -0.17896672,-1.10000002 2.56542134 -0.1874453,-1.10000002 2.55587244 -0.19545788,-1.10000002 2.54593587 -0.2029845,-1.10000002 2.53563666 -0.21000648,-1.10000002 2.5250001 -0.21650635,-1.10000002 2.51405263 -0.22246796,-1.10000002 2.50282168 -0.22787647,-1.10000002 2.49133515 -0.23271844,-1.10000002 2.47962165 -0.23698184,-1.10000002 2.46771002 -0.24065606,-1.10000002 2.4556303 -0.24373198,-1.10000002 2.44341207 -0.24620193,-1.10000002 2.43108582 -0.24805979,-1.10000002 2.41868258 -0.24930096,-1.10000002 2.4062326 -0.24992229,-1.10000002 2.39376736 -0.24992229,-1.10000002 2.38131738 -0.24930096,-1.10000002 2.36891413 -0.24805979,-1.10000002 2.35658789 -0.24620193,-1.10000002 2.34436965 -0.24373198,-1.10000002 2.33228993 -0.24065606,-1.10000002 2.3203783 -0.23698184,-1.10000002 2.3086648 -0.23271844,-1.10000002 2.29717827 -0.22787647,-1.10000002 2.28594732 -0.22246796,-1.10000002 2.2750001 -0.21650635,-1.10000002 2.26436353 -0.21000648,-1.10000002 0.40000001 2.8900001,-1.10000002 2.9000001 2.8900001,-0.80000001 0.40000001 2.8900001,-0.80000001 2.9000001 2.8900001,-1.10000002 2.9000001 2.19000006,-0.80000001 2.9000001 2.19000006,-1.10000002 0.40000001 2.19000006,-0.80000001 0.40000001 2.19000006,-1.10000002 2.21673703 2.71004319,-1.10000002 2.22544074 2.71896672,-1.10000002 2.23457861 2.72744536,-1.10000002 2.20848894 2.70069695,-1.10000002 2.24412751 2.7354579,-1.10000002 2.20071697 2.69095111,-1.10000002 2.25406408 2.74298453,-1.10000002 2.1934402 2.68083,-1.10000002 2.26436353 2.75000644,-1.10000002 2.18667722 2.6703589,-1.10000002 2.2750001 2.75650644,-1.10000002 2.18044472 2.65956354,-1.10000002 2.28594732 2.76246786,-1.10000002 2.17475772 2.64847088,-1.10000002 2.29717827 2.76787639,-1.10000002 2.169631 2.6371088,-1.10000002 2.3086648 2.77271843,-1.10000002 2.16507673 2.62550497,-1.10000002 2.3203783 2.77698183,-1.10000002 2.16110682 2.61368871,-1.10000002 2.33228993 2.7806561,-1.10000002 2.15773058 2.60168934,-1.10000002 2.34436965 2.78373194,-1.10000002 2.15495682 2.58953643,-1.10000002 2.35658789 2.78620195,-1.10000002 2.15279222 2.57726049,-1.10000002 2.36891413 2.78805971,-1.10000002 2.15124226 2.56489205,-1.10000002 2.15031075 2.55246139,-1.10000002 2.1500001 2.53999996,-1.10000002 2.15031075 2.52753854,-1.10000002 2.15124226 2.51510811,-1.10000002 2.15279222 2.50273943,-1.10000002 2.15495682 2.4904635,-1.10000002 2.15773058 2.47831059,-1.10000002 2.16110682 2.46631122,-1.10000002 2.16507673 2.45449495,-1.10000002 2.169631 2.44289136,-1.10000002 2.17475772 2.43152905,-1.10000002 2.18044472 2.42043662,-1.10000002 2.18667722 2.40964127,-1.10000002 2.1934402 2.39916992,-1.10000002 2.20071697 2.38904881,-1.10000002 2.20848894 2.37930298,-1.10000002 2.21673703 2.36995673,-1.10000002 2.22544074 2.3610332,-1.10000002 2.23457861 2.3525548,-1.10000002 2.24412751 2.34454203,-1.10000002 2.25406408 2.33701539,-1.10000002 2.38131738 2.78930092,-1.10000002 2.39376736 2.78992224,-1.10000002 2.4062326 2.78992224,-1.10000002 2.41868258 2.78930092,-1.10000002 2.43108582 2.78805971,-1.10000002 2.44341207 2.78620195,-1.10000002 2.4556303 2.78373194,-1.10000002 2.46771002 2.7806561,-1.10000002 2.47962165 2.77698183,-1.10000002 2.49133515 2.77271843,-1.10000002 2.50282168 2.76787639,-1.10000002 2.51405263 2.76246786,-1.10000002 2.5250001 2.75650644,-1.10000002 2.53563666 2.75000644,-1.10000002 2.54593587 2.74298453,-1.10000002 2.55587244 2.7354579,-1.10000002 2.56542134 2.72744536,-1.10000002 2.57455921 2.71896672,-1.10000002 2.58326292 2.71004319,-1.10000002 2.59151101 2.70069695,-1.10000002 2.59928322 2.69095111,-1.10000002 2.60655975 2.68083,-1.10000002 2.61332273 2.6703589,-1.10000002 2.61955547 2.65956354,-1.10000002 2.62524223 2.64847088,-1.10000002 2.63036895 2.6371088,-1.10000002 2.63492322 2.62550497,-1.10000002 2.63889313 2.61368871,-1.10000002 2.64226937 2.60168934,-1.10000002 2.64504313 2.58953643,-1.10000002 2.64720774 2.57726049,-1.10000002 2.6487577 2.56489205,-1.10000002 2.6496892 2.55246139,-1.10000002 2.6500001 2.53999996,-1.10000002 2.6496892 2.52753854,-1.10000002 2.6487577 2.51510811,-1.10000002 2.64720774 2.50273943,-1.10000002 2.64504313 2.4904635,-1.10000002 2.64226937 2.47831059,-1.10000002 2.63889313 2.46631122,-1.10000002 2.63492322 2.45449495,-1.10000002 2.63036895 2.44289136,-1.10000002 2.62524223 2.43152905,-1.10000002 2.61955547 2.42043662,-1.10000002 2.61332273 2.40964127,-1.10000002 2.60655975 2.39916992,-1.10000002 2.59928322 2.38904881,-1.10000002 2.59151101 2.37930298,-1.10000002 2.58326292 2.36995673,-1.10000002 2.57455921 2.3610332,-1.10000002 2.56542134 2.3525548,-1.10000002 2.55587244 2.34454203,-1.10000002 2.54593587 2.33701539,-1.10000002 2.53563666 2.32999349,-1.10000002 2.5250001 2.32349372,-1.10000002 2.51405263 2.31753206,-1.10000002 2.50282168 2.31212354,-1.10000002 2.49133515 2.30728149,-1.10000002 2.47962165 2.30301809,-1.10000002 2.46771002 2.29934382,-1.10000002 2.4556303 2.29626799,-1.10000002 2.44341207 2.29379797,-1.10000002 2.43108582 2.29194021,-1.10000002 2.41868258 2.29069901,-1.10000002 2.4062326 2.29007769,-1.10000002 2.39376736 2.29007769,-1.10000002 2.38131738 2.29069901,-1.10000002 2.36891413 2.29194021,-1.10000002 2.35658789 2.29379797,-1.10000002 2.34436965 2.29626799,-1.10000002 2.33228993 2.29934382,-1.10000002 2.3203783 2.30301809,-1.10000002 2.3086648 2.30728149,-1.10000002 2.29717827 2.31212354,-1.10000002 2.28594732 2.31753206,-1.10000002 2.2750001 2.32349372,-1.10000002 2.26436353 2.32999349,-1.10000002 0.40000001 5.42999983,-1.10000002 2.9000001 5.42999983,-0.80000001 0.40000001 5.42999983,-0.80000001 2.9000001 5.42999983,-1.10000002 2.9000001 4.73000002,-0.80000001 2.9000001 4.73000002,-1.10000002 0.40000001 4.73000002,-0.80000001 0.40000001 4.73000002,-1.10000002 2.21673703 5.25004339,-1.10000002 2.22544074 5.25896692,-1.10000002 2.23457861 5.26744509,-1.10000002 2.20848894 5.24069691,-1.10000002 2.24412751 5.27545786,-1.10000002 2.20071697 5.23095131,-1.10000002 2.25406408 5.28298473,-1.10000002 2.1934402 5.22082996,-1.10000002 2.26436353 5.29000664,-1.10000002 2.18667722 5.21035862,-1.10000002 2.2750001 5.2965064,-1.10000002 2.18044472 5.1995635,-1.10000002 2.28594732 5.30246782,-1.10000002 2.17475772 5.18847084,-1.10000002 2.29717827 5.30787659,-1.10000002 2.169631 5.17710876,-1.10000002 2.3086648 5.31271839,-1.10000002 2.16507673 5.16550493,-1.10000002 2.3203783 5.31698179,-1.10000002 2.16110682 5.15368891,-1.10000002 2.33228993 5.3206563,-1.10000002 2.15773058 5.1416893,-1.10000002 2.34436965 5.3237319,-1.10000002 2.15495682 5.12953663,-1.10000002 2.35658789 5.32620192,-1.10000002 2.15279222 5.11726046,-1.10000002 2.36891413 5.32805967,-1.10000002 2.15124226 5.10489178,-1.10000002 2.15031075 5.09246159,-1.10000002 2.1500001 5.07999992,-1.10000002 2.15031075 5.06753874,-1.10000002 2.15124226 5.05510807,-1.10000002 2.15279222 5.04273939,-1.10000002 2.15495682 5.0304637,-1.10000002 2.15773058 5.01831055,-1.10000002 2.16110682 5.00631142,-1.10000002 2.16507673 4.99449492,-1.10000002 2.169631 4.98289108,-1.10000002 2.17475772 4.97152901,-1.10000002 2.18044472 4.96043634,-1.10000002 2.18667722 4.94964123,-1.10000002 2.1934402 4.93916988,-1.10000002 2.20071697 4.92904902,-1.10000002 2.20848894 4.91930294,-1.10000002 2.21673703 4.90995693,-1.10000002 2.22544074 4.9010334,-1.10000002 2.23457861 4.89255476,-1.10000002 2.24412751 4.88454199,-1.10000002 2.25406408 4.87701559,-1.10000002 2.38131738 5.32930088,-1.10000002 2.39376736 5.3299222,-1.10000002 2.4062326 5.3299222,-1.10000002 2.41868258 5.32930088,-1.10000002 2.43108582 5.32805967,-1.10000002 2.44341207 5.32620192,-1.10000002 2.4556303 5.3237319,-1.10000002 2.46771002 5.3206563,-1.10000002 2.47962165 5.31698179,-1.10000002 2.49133515 5.31271839,-1.10000002 2.50282168 5.30787659,-1.10000002 2.51405263 5.30246782,-1.10000002 2.5250001 5.2965064,-1.10000002 2.53563666 5.29000664,-1.10000002 2.54593587 5.28298473,-1.10000002 2.55587244 5.27545786,-1.10000002 2.56542134 5.26744509,-1.10000002 2.57455921 5.25896692,-1.10000002 2.58326292 5.25004339,-1.10000002 2.59151101 5.24069691,-1.10000002 2.59928322 5.23095131,-1.10000002 2.60655975 5.22082996,-1.10000002 2.61332273 5.21035862,-1.10000002 2.61955547 5.1995635,-1.10000002 2.62524223 5.18847084,-1.10000002 2.63036895 5.17710876,-1.10000002 2.63492322 5.16550493,-1.10000002 2.63889313 5.15368891,-1.10000002 2.64226937 5.1416893,-1.10000002 2.64504313 5.12953663,-1.10000002 2.64720774 5.11726046,-1.10000002 2.6487577 5.10489178,-1.10000002 2.6496892 5.09246159,-1.10000002 2.6500001 5.07999992,-1.10000002 2.6496892 5.06753874,-1.10000002 2.6487577 5.05510807,-1.10000002 2.64720774 5.04273939,-1.10000002 2.64504313 5.0304637,-1.10000002 2.64226937 5.01831055,-1.10000002 2.63889313 5.00631142,-1.10000002 2.63492322 4.99449492,-1.10000002 2.63036895 4.98289108,-1.10000002 2.62524223 4.97152901,-1.10000002 2.61955547 4.96043634,-1.10000002 2.61332273 4.94964123,-1.10000002 2.60655975 4.93916988,-1.10000002 2.59928322 4.92904902,-1.10000002 2.59151101 4.91930294,-1.10000002 2.58326292 4.90995693,-1.10000002 2.57455921 4.9010334,-1.10000002 2.56542134 4.89255476,-1.10000002 2.55587244 4.88454199,-1.10000002 2.54593587 4.87701559,-1.10000002 2.53563666 4.86999369,-1.10000002 2.5250001 4.86349344,-1.10000002 2.51405263 4.85753202,-1.10000002 2.50282168 4.85212374,-1.10000002 2.49133515 4.84728146,-1.10000002 2.47962165 4.84301805,-1.10000002 2.46771002 4.83934402,-1.10000002 2.4556303 4.83626795,-1.10000002 2.44341207 4.83379793,-1.10000002 2.43108582 4.83194017,-1.10000002 2.41868258 4.83069897,-1.10000002 2.4062326 4.83007765,-1.10000002 2.39376736 4.83007765,-1.10000002 2.38131738 4.83069897,-1.10000002 2.36891413 4.83194017,-1.10000002 2.35658789 4.83379793,-1.10000002 2.34436965 4.83626795,-1.10000002 2.33228993 4.83934402,-1.10000002 2.3203783 4.84301805,-1.10000002 2.3086648 4.84728146,-1.10000002 2.29717827 4.85212374,-1.10000002 2.28594732 4.85753202,-1.10000002 2.2750001 4.86349344,-1.10000002 2.26436353 4.86999369,-10.39999962 0.40000001 -1.40999997,-9.39999962 0.40000001 -1.40999997,-10.39999962 0.40000001 6.48999977,-9.39999962 0.40000001 6.48999977,-1.39999998 0.40000001 6.48999977,-9.39999962 0.40000001 7.28999996,-1.39999998 0.40000001 7.28999996,-0.80000001 0.40000001 6.48999977,-1.39999998 0.40000001 -1.40999997,-0.80000001 0.40000001 -1.40999997,-9.39999962 0.40000001 -2.21000004,-1.39999998 0.40000001 -2.21000004,-0.80000001 4.80000019 -1.40999997,-0.80000001 4.80000019 6.48999977,-0.40000001 -0 6.48999977,-0.40000001 4.80000019 6.48999977,-0.40000001 -0 7.28999996,-0.40000001 4.80000019 7.28999996,-0.40000001 0 -2.21000004,-0.40000001 4.80000019 -1.40999997,-0.40000001 0 -1.40999997,-0.40000001 4.80000019 -2.21000004,-1.39999998 -0 6.48999977,-1.39999998 -0 7.28999996,-9.39999962 -0 6.48999977,-9.39999962 -0 7.28999996,-10.39999962 -0 6.48999977,-9.39999962 0 -1.40999997,-10.39999962 0 -1.40999997,-9.39999962 0 -2.21000004,-1.39999998 0 -1.40999997,-1.39999998 0 -2.21000004,-10.39999962 0 -2.21000004,-10.39999962 -0 7.28999996,-10.39999962 4.80000019 -2.21000004,-10.39999962 4.80000019 7.28999996,-10.39999962 2.86831427 -0.19021879,-10.39999962 2.83176327 -0.22413315,-10.39999962 2.76395559 -0.29721239,-10.39999962 2.79694819 -0.25982726,-10.39999962 2.90651011 -0.15816852,-10.39999962 2.73286748 -0.33619559,-10.39999962 2.9462564 -0.12806199,-10.39999962 2.70376134 -0.37667993,-10.39999962 2.9874537 -0.09997407,-10.39999962 2.67670918 -0.4185648,-10.39999962 3.02999997 -0.07397459,-10.39999962 2.65177846 -0.46174601,-10.39999962 3.07378936 -0.05012819,-10.39999962 2.62903118 -0.50611627,-10.39999962 3.1187129 -0.02849415,-10.39999962 2.60852385 -0.55156523,-10.39999962 3.16465902 -0.00912625,-10.39999962 2.59030747 -0.59797984,-10.39999962 3.21151328 0.00792735,-10.39999962 2.57442713 -0.64524484,-10.39999962 3.25915956 0.02262425,-10.39999962 2.56092262 -0.69324261,-10.39999962 3.30747914 0.03492791,-10.39999962 2.54982758 -0.74185383,-10.39999962 3.35635185 0.04480775,-10.39999962 2.54116917 -0.79095775,-10.39999962 3.40565634 0.05223921,-10.39999962 2.53496933 -0.84043217,-10.39999962 3.45526981 0.0572038,-10.39999962 2.53124309 -0.89015412,-10.39999962 3.50506926 0.05968918,-10.39999962 2.52999997 -0.94,-10.39999962 3.55493069 0.05968918,-10.39999962 2.53124309 -0.98984587,-10.39999962 3.60473013 0.0572038,-10.39999962 2.53496933 -1.03956783,-10.39999962 3.65434361 0.05223921,-10.39999962 2.54116917 -1.08904231,-10.39999962 3.70364809 0.04480775,-10.39999962 2.54982758 -1.13814616,-10.39999962 3.75252104 0.03492791,-10.39999962 2.56092262 -1.18675745,-10.39999962 3.80084038 0.02262425,-10.39999962 2.57442713 -1.23475516,-10.39999962 3.84848666 0.00792735,-10.39999962 2.59030747 -1.28202009,-10.39999962 3.89534092 -0.00912625,-10.39999962 2.60852385 -1.32843482,-10.39999962 3.94128704 -0.02849415,-10.39999962 2.62903118 -1.37388372,-10.39999962 3.98621058 -0.05012819,-10.39999962 2.65177846 -1.41825402,-10.39999962 4.03000021 -0.07397459,-10.39999962 2.67670918 -1.4614352,-10.39999962 4.07254648 -0.09997407,-10.39999962 2.70376134 -1.5033201,-10.39999962 4.11374378 -0.12806199,-10.39999962 2.73286748 -1.54380441,-10.39999962 4.15348959 -0.15816852,-10.39999962 2.76395559 -1.58278763,-10.39999962 4.19168568 -0.19021879,-10.39999962 2.79694819 -1.62017274,-10.39999962 4.22823668 -0.22413315,-10.39999962 2.83176327 -1.65586686,-10.39999962 4.26305199 -0.25982726,-10.39999962 2.86831427 -1.68978119,-10.39999962 4.29604435 -0.29721239,-10.39999962 2.90651011 -1.72183144,-10.39999962 4.3271327 -0.33619559,-10.39999962 2.9462564 -1.75193799,-10.39999962 4.35623884 -0.37667993,-10.39999962 2.9874537 -1.78002596,-10.39999962 4.38329077 -0.4185648,-10.39999962 3.02999997 -1.80602539,-10.39999962 4.40822172 -0.46174601,-10.39999962 3.07378936 -1.82987177,-10.39999962 4.43096876 -0.50611627,-10.39999962 3.1187129 -1.85150588,-10.39999962 4.4514761 -0.55156523,-10.39999962 3.16465902 -1.87087369,-10.39999962 4.46969271 -0.59797984,-10.39999962 3.21151328 -1.88792729,-10.39999962 3.25915956 -1.90262425,-10.39999962 3.30747914 -1.91492796,-10.39999962 3.45526981 -1.93720376,-10.39999962 3.50506926 -1.93968916,-10.39999962 3.55493069 -1.93968916,-10.39999962 3.60473013 -1.93720376,-10.39999962 3.65434361 -1.93223917,-10.39999962 3.70364809 -1.92480779,-10.39999962 3.75252104 -1.91492796,-10.39999962 3.80084038 -1.90262425,-10.39999962 3.84848666 -1.88792729,-10.39999962 3.89534092 -1.87087369,-10.39999962 3.94128704 -1.85150588,-10.39999962 3.98621058 -1.82987177,-10.39999962 4.03000021 -1.80602539,-10.39999962 4.07254648 -1.78002596,-10.39999962 4.11374378 -1.75193799,-10.39999962 4.15348959 -1.72183144,-10.39999962 4.19168568 -1.68978119,-10.39999962 4.22823668 -1.65586686,-10.39999962 4.26305199 -1.62017274,-10.39999962 4.29604435 -1.58278763,-10.39999962 4.3271327 -1.54380441,-10.39999962 4.35623884 -1.5033201,-10.39999962 4.38329077 -1.4614352,-10.39999962 4.40822172 -1.41825402,-10.39999962 4.43096876 -1.37388372,-10.39999962 4.4514761 -1.32843482,-10.39999962 4.46969271 -1.28202009,-10.39999962 4.48557281 -1.23475516,-10.39999962 4.49907732 -1.18675745,-10.39999962 4.51017237 -1.13814616,-10.39999962 4.51883078 -1.08904231,-10.39999962 4.52503061 -1.03956783,-10.39999962 4.5287571 -0.98984587,-10.39999962 4.53000021 -0.94,-10.39999962 4.5287571 -0.89015412,-10.39999962 4.52503061 -0.84043217,-10.39999962 4.51883078 -0.79095775,-10.39999962 4.51017237 -0.74185383,-10.39999962 4.49907732 -0.69324261,-10.39999962 4.48557281 -0.64524484,-10.39999962 3.40565634 -1.93223917,-10.39999962 3.35635185 -1.92480779              ]
            }
            coordIndex [
0,1,2,-1,2,1,3,-1,1,4,3,-1,3,4,5,-1,4,6,5,-1,5,6,7,-1,0,8,9,-1,9,10,0,-1,0,11,8,-1,10,12,0,-1,0,13,11,-1,12,14,0,-1,0,15,13,-1,14,16,0,-1,0,17,15,-1,16,18,0,-1,0,19,17,-1,18,20,0,-1,0,21,19,-1,20,22,0,-1,0,23,21,-1,22,24,0,-1,0,25,23,-1,24,26,0,-1,0,27,25,-1,26,28,0,-1,0,29,27,-1,28,30,0,-1,0,31,29,-1,30,32,0,-1,0,33,31,-1,32,34,0,-1,0,35,33,-1,0,36,35,-1,6,37,0,-1,0,37,36,-1,6,38,37,-1,6,39,38,-1,6,40,39,-1,6,41,40,-1,6,42,41,-1,6,43,42,-1,6,44,43,-1,6,45,44,-1,6,46,45,-1,6,47,46,-1,6,48,47,-1,6,49,48,-1,6,50,49,-1,6,51,50,-1,6,52,51,-1,6,53,52,-1,6,54,53,-1,6,55,54,-1,6,56,55,-1,57,1,34,-1,58,1,57,-1,59,1,58,-1,60,1,59,-1,61,1,60,-1,62,1,61,-1,63,1,62,-1,64,1,63,-1,65,1,64,-1,66,1,65,-1,67,1,66,-1,68,1,67,-1,69,1,68,-1,70,1,69,-1,71,1,70,-1,72,1,71,-1,73,1,72,-1,74,1,73,-1,75,1,74,-1,76,1,75,-1,77,1,76,-1,78,1,77,-1,79,1,78,-1,80,1,79,-1,81,1,80,-1,82,1,81,-1,83,1,82,-1,34,1,0,-1,83,84,1,-1,84,85,1,-1,85,86,1,-1,86,87,1,-1,87,88,1,-1,88,89,1,-1,89,90,1,-1,90,4,1,-1,91,4,90,-1,92,4,91,-1,93,4,92,-1,94,4,93,-1,95,4,94,-1,96,4,95,-1,97,4,96,-1,98,4,97,-1,99,4,98,-1,100,4,99,-1,101,4,100,-1,102,4,101,-1,103,4,102,-1,104,4,103,-1,105,4,104,-1,106,4,105,-1,107,4,106,-1,108,4,107,-1,109,4,108,-1,110,4,109,-1,111,4,110,-1,112,4,111,-1,113,4,112,-1,114,4,113,-1,115,4,114,-1,116,4,115,-1,117,4,116,-1,118,4,117,-1,119,4,118,-1,120,4,119,-1,121,4,120,-1,122,4,121,-1,6,4,122,-1,6,122,123,-1,6,123,124,-1,6,124,125,-1,6,125,126,-1,6,126,127,-1,6,127,128,-1,6,128,129,-1,6,129,130,-1,6,130,131,-1,6,131,132,-1,6,132,133,-1,6,133,56,-1,134,135,136,-1,136,135,137,-1,135,138,137,-1,137,138,139,-1,138,140,139,-1,139,140,141,-1,134,142,143,-1,143,144,134,-1,134,145,142,-1,144,146,134,-1,134,147,145,-1,146,148,134,-1,134,149,147,-1,148,150,134,-1,134,151,149,-1,150,152,134,-1,134,153,151,-1,152,154,134,-1,134,155,153,-1,154,156,134,-1,134,157,155,-1,156,158,134,-1,134,159,157,-1,158,160,134,-1,134,161,159,-1,160,162,134,-1,134,163,161,-1,162,164,134,-1,134,165,163,-1,164,166,134,-1,134,167,165,-1,166,168,134,-1,134,169,167,-1,134,170,169,-1,140,171,134,-1,134,171,170,-1,140,172,171,-1,140,173,172,-1,140,174,173,-1,140,175,174,-1,140,176,175,-1,140,177,176,-1,140,178,177,-1,140,179,178,-1,140,180,179,-1,140,181,180,-1,140,182,181,-1,140,183,182,-1,140,184,183,-1,140,185,184,-1,140,186,185,-1,140,187,186,-1,140,188,187,-1,140,189,188,-1,140,190,189,-1,191,135,168,-1,192,135,191,-1,193,135,192,-1,194,135,193,-1,195,135,194,-1,196,135,195,-1,197,135,196,-1,198,135,197,-1,199,135,198,-1,200,135,199,-1,201,135,200,-1,202,135,201,-1,203,135,202,-1,204,135,203,-1,205,135,204,-1,206,135,205,-1,207,135,206,-1,208,135,207,-1,209,135,208,-1,210,135,209,-1,211,135,210,-1,212,135,211,-1,213,135,212,-1,214,135,213,-1,215,135,214,-1,216,135,215,-1,217,135,216,-1,168,135,134,-1,217,218,135,-1,218,219,135,-1,219,220,135,-1,220,221,135,-1,221,222,135,-1,222,223,135,-1,223,224,135,-1,224,138,135,-1,225,138,224,-1,226,138,225,-1,227,138,226,-1,228,138,227,-1,229,138,228,-1,230,138,229,-1,231,138,230,-1,232,138,231,-1,233,138,232,-1,234,138,233,-1,235,138,234,-1,236,138,235,-1,237,138,236,-1,238,138,237,-1,239,138,238,-1,240,138,239,-1,241,138,240,-1,242,138,241,-1,243,138,242,-1,244,138,243,-1,245,138,244,-1,246,138,245,-1,247,138,246,-1,248,138,247,-1,249,138,248,-1,250,138,249,-1,251,138,250,-1,252,138,251,-1,253,138,252,-1,254,138,253,-1,255,138,254,-1,256,138,255,-1,140,138,256,-1,140,256,257,-1,140,257,258,-1,140,258,259,-1,140,259,260,-1,140,260,261,-1,140,261,262,-1,140,262,263,-1,140,263,264,-1,140,264,265,-1,140,265,266,-1,140,266,267,-1,140,267,190,-1,268,269,270,-1,270,269,271,-1,269,272,271,-1,271,272,273,-1,272,274,273,-1,273,274,275,-1,268,276,277,-1,277,278,268,-1,268,279,276,-1,278,280,268,-1,268,281,279,-1,280,282,268,-1,268,283,281,-1,282,284,268,-1,268,285,283,-1,284,286,268,-1,268,287,285,-1,286,288,268,-1,268,289,287,-1,288,290,268,-1,268,291,289,-1,290,292,268,-1,268,293,291,-1,292,294,268,-1,268,295,293,-1,294,296,268,-1,268,297,295,-1,296,298,268,-1,268,299,297,-1,298,300,268,-1,268,301,299,-1,300,302,268,-1,268,303,301,-1,268,304,303,-1,274,305,268,-1,268,305,304,-1,274,306,305,-1,274,307,306,-1,274,308,307,-1,274,309,308,-1,274,310,309,-1,274,311,310,-1,274,312,311,-1,274,313,312,-1,274,314,313,-1,274,315,314,-1,274,316,315,-1,274,317,316,-1,274,318,317,-1,274,319,318,-1,274,320,319,-1,274,321,320,-1,274,322,321,-1,274,323,322,-1,274,324,323,-1,325,269,302,-1,326,269,325,-1,327,269,326,-1,328,269,327,-1,329,269,328,-1,330,269,329,-1,331,269,330,-1,332,269,331,-1,333,269,332,-1,334,269,333,-1,335,269,334,-1,336,269,335,-1,337,269,336,-1,338,269,337,-1,339,269,338,-1,340,269,339,-1,341,269,340,-1,342,269,341,-1,343,269,342,-1,344,269,343,-1,345,269,344,-1,346,269,345,-1,347,269,346,-1,348,269,347,-1,349,269,348,-1,350,269,349,-1,351,269,350,-1,302,269,268,-1,351,352,269,-1,352,353,269,-1,353,354,269,-1,354,355,269,-1,355,356,269,-1,356,357,269,-1,357,358,269,-1,358,272,269,-1,359,272,358,-1,360,272,359,-1,361,272,360,-1,362,272,361,-1,363,272,362,-1,364,272,363,-1,365,272,364,-1,366,272,365,-1,367,272,366,-1,368,272,367,-1,369,272,368,-1,370,272,369,-1,371,272,370,-1,372,272,371,-1,373,272,372,-1,374,272,373,-1,375,272,374,-1,376,272,375,-1,377,272,376,-1,378,272,377,-1,379,272,378,-1,380,272,379,-1,381,272,380,-1,382,272,381,-1,383,272,382,-1,384,272,383,-1,385,272,384,-1,386,272,385,-1,387,272,386,-1,388,272,387,-1,389,272,388,-1,390,272,389,-1,274,272,390,-1,274,390,391,-1,274,391,392,-1,274,392,393,-1,274,393,394,-1,274,394,395,-1,274,395,396,-1,274,396,397,-1,274,397,398,-1,274,398,399,-1,274,399,400,-1,274,400,401,-1,274,401,324,-1,402,403,404,-1,404,403,405,-1,405,406,407,-1,407,406,408,-1,406,268,409,-1,268,270,409,-1,405,274,406,-1,406,274,268,-1,405,134,274,-1,274,136,275,-1,134,136,274,-1,403,140,405,-1,405,140,134,-1,140,0,141,-1,403,0,140,-1,0,2,141,-1,0,410,6,-1,403,410,0,-1,6,411,7,-1,410,411,6,-1,412,413,403,-1,403,413,410,-1,411,5,7,-1,5,414,3,-1,411,414,5,-1,3,139,2,-1,2,139,141,-1,414,139,3,-1,137,273,136,-1,136,273,275,-1,270,271,409,-1,273,415,271,-1,137,415,273,-1,271,415,409,-1,414,415,139,-1,139,415,137,-1,416,417,418,-1,418,417,419,-1,420,421,422,-1,420,423,421,-1,406,409,424,-1,409,416,424,-1,415,417,409,-1,409,417,416,-1,408,406,425,-1,425,406,424,-1,405,407,426,-1,426,407,427,-1,404,405,428,-1,428,405,426,-1,403,402,429,-1,429,402,430,-1,412,403,431,-1,431,403,429,-1,410,413,432,-1,432,413,433,-1,411,432,422,-1,411,410,432,-1,422,421,411,-1,421,414,411,-1,432,433,420,-1,432,420,422,-1,430,434,431,-1,430,431,429,-1,435,426,427,-1,435,428,426,-1,425,424,416,-1,425,416,418,-1,413,423,420,-1,433,413,420,-1,412,436,423,-1,412,423,413,-1,434,412,431,-1,434,436,412,-1,415,419,417,-1,423,414,421,-1,437,419,415,-1,436,415,414,-1,436,437,415,-1,436,414,423,-1,408,425,418,-1,419,408,418,-1,435,427,407,-1,437,407,408,-1,437,408,419,-1,437,435,407,-1,404,428,435,-1,437,404,435,-1,434,430,402,-1,438,439,404,-1,440,402,441,-1,442,438,404,-1,443,402,440,-1,444,442,404,-1,445,402,443,-1,446,444,404,-1,447,402,445,-1,448,446,404,-1,449,402,447,-1,450,448,404,-1,451,402,449,-1,452,450,404,-1,453,402,451,-1,454,452,404,-1,455,402,453,-1,456,454,404,-1,457,402,455,-1,458,456,404,-1,459,402,457,-1,460,458,404,-1,461,402,459,-1,462,460,404,-1,463,402,461,-1,464,462,404,-1,465,402,463,-1,466,404,437,-1,466,464,404,-1,467,402,465,-1,468,466,437,-1,469,402,467,-1,470,468,437,-1,471,402,469,-1,472,470,437,-1,473,402,471,-1,474,472,437,-1,475,402,473,-1,476,474,437,-1,477,402,475,-1,478,476,437,-1,479,402,477,-1,480,478,437,-1,481,402,479,-1,482,480,437,-1,483,402,481,-1,484,482,437,-1,485,402,483,-1,486,484,437,-1,487,402,485,-1,488,486,437,-1,489,402,487,-1,490,488,437,-1,491,402,489,-1,492,490,437,-1,493,402,491,-1,494,492,437,-1,495,434,402,-1,495,402,493,-1,496,494,437,-1,497,434,495,-1,498,496,437,-1,499,434,497,-1,500,498,437,-1,501,434,499,-1,502,500,437,-1,503,434,501,-1,504,502,437,-1,505,434,503,-1,506,504,437,-1,507,434,505,-1,508,506,437,-1,509,434,507,-1,510,508,437,-1,511,434,509,-1,512,510,437,-1,513,434,511,-1,514,512,437,-1,515,434,513,-1,516,514,437,-1,517,434,515,-1,518,516,437,-1,519,434,517,-1,520,434,519,-1,521,434,520,-1,436,522,523,-1,436,523,524,-1,436,524,525,-1,436,525,526,-1,436,526,527,-1,436,527,528,-1,436,528,529,-1,436,529,530,-1,436,530,531,-1,436,531,532,-1,436,532,533,-1,436,533,534,-1,436,534,535,-1,436,535,536,-1,436,536,537,-1,436,537,538,-1,436,538,539,-1,436,539,540,-1,436,540,541,-1,436,541,542,-1,436,542,543,-1,436,543,544,-1,436,544,545,-1,436,545,546,-1,436,546,547,-1,436,547,548,-1,436,548,549,-1,436,549,550,-1,436,550,551,-1,436,551,552,-1,436,552,553,-1,436,553,554,-1,436,554,555,-1,436,555,556,-1,436,556,557,-1,436,557,558,-1,437,436,558,-1,437,558,559,-1,437,559,560,-1,437,560,561,-1,437,561,518,-1,436,434,522,-1,522,434,562,-1,562,434,563,-1,563,434,521,-1,402,404,441,-1,441,404,439            ]
            ccw TRUE
          }
        }
        Shape {
          appearance DEF M0 Appearance {
            material Material {
              diffuseColor 0.61569 0.61569 0.61569
              specularColor 0.05 0.05 0.05
              shininess 0.5
            }
          }
          geometry IndexedFaceSet {
            coord Coordinate {
              point [
-0.24968924 -2.70000005 5.06753874,-0.25 -2.70000005 5.07999992,-0.25 1.89999998 5.07999992,-0.24968924 1.89999998 5.06753874,-0.24875769 -2.70000005 5.05510807,-0.24875769 1.89999998 5.05510807,-0.2472077 -2.70000005 5.04273939,-0.2472077 1.89999998 5.04273939,-0.24504313 -2.70000005 5.0304637,-0.24504313 1.89999998 5.0304637,-0.24226932 -2.70000005 5.01831055,-0.24226932 1.89999998 5.01831055,-0.2388932 -2.70000005 5.00631142,-0.2388932 1.89999998 5.00631142,-0.23492315 -2.70000005 4.99449492,-0.23492315 1.89999998 4.99449492,-0.23036905 -2.70000005 4.98289108,-0.23036905 1.89999998 4.98289108,-0.22524221 -2.70000005 4.97152901,-0.22524221 1.89999998 4.97152901,-0.21955539 -2.70000005 4.96043634,-0.21955539 1.89999998 4.96043634,-0.21332271 -2.70000005 4.94964123,-0.21332271 1.89999998 4.94964123,-0.20655969 -2.70000005 4.93916988,-0.20655969 1.89999998 4.93916988,-0.19928312 -2.70000005 4.92904902,-0.19928312 1.89999998 4.92904902,-0.19151111 -2.70000005 4.91930294,-0.19151111 1.89999998 4.91930294,-0.18326297 1.89999998 4.90995693,-0.18326297 -2.70000005 4.90995693,-0.17455921 -2.70000005 4.9010334,-0.17455921 1.89999998 4.9010334,-0.16542146 -2.70000005 4.89255476,-0.16542146 1.89999998 4.89255476,-0.15587245 -2.70000005 4.88454199,-0.15587245 1.89999998 4.88454199,-0.14593592 1.89999998 4.87701559,-0.14593592 -2.70000005 4.87701559,-0.13563657 -2.70000005 4.86999369,-0.13563657 1.89999998 4.86999369,-0.125 1.89999998 4.86349344,-0.125 -2.70000005 4.86349344,-0.11405266 -2.70000005 4.85753202,-0.11405266 1.89999998 4.85753202,-0.10282177 1.89999998 4.85212374,-0.10282177 -2.70000005 4.85212374,-0.09133526 -2.70000005 4.84728146,-0.09133526 1.89999998 4.84728146,-0.07962167 -2.70000005 4.84301805,-0.07962167 1.89999998 4.84301805,-0.06771012 1.89999998 4.83934402,-0.06771012 -2.70000005 4.83934402,-0.05563023 -2.70000005 4.83626795,-0.05563023 1.89999998 4.83626795,-0.04341204 -2.70000005 4.83379793,-0.04341204 1.89999998 4.83379793,-0.03108593 1.89999998 4.83194017,-0.03108593 -2.70000005 4.83194017,-0.01868252 -2.70000005 4.83069897,-0.01868252 1.89999998 4.83069897,-0.00623267 -2.70000005 4.83007765,-0.00623267 1.89999998 4.83007765,0.00623267 1.89999998 4.83007765,0.00623267 -2.70000005 4.83007765,0.01868252 -2.70000005 4.83069897,0.01868252 1.89999998 4.83069897,0.03108593 1.89999998 4.83194017,0.03108593 -2.70000005 4.83194017,0.04341204 -2.70000005 4.83379793,0.04341204 1.89999998 4.83379793,0.05563023 -2.70000005 4.83626795,0.05563023 1.89999998 4.83626795,0.06771012 1.89999998 4.83934402,0.06771012 -2.70000005 4.83934402,0.07962167 1.89999998 4.84301805,0.07962167 -2.70000005 4.84301805,0.09133526 -2.70000005 4.84728146,0.09133526 1.89999998 4.84728146,0.10282177 1.89999998 4.85212374,0.10282177 -2.70000005 4.85212374,0.11405266 -2.70000005 4.85753202,0.11405266 1.89999998 4.85753202,0.125 1.89999998 4.86349344,0.125 -2.70000005 4.86349344,0.13563657 -2.70000005 4.86999369,0.13563657 1.89999998 4.86999369,0.14593592 -2.70000005 4.87701559,0.14593592 1.89999998 4.87701559,0.15587245 -2.70000005 4.88454199,0.15587245 1.89999998 4.88454199,0.16542146 -2.70000005 4.89255476,0.16542146 1.89999998 4.89255476,0.17455921 -2.70000005 4.9010334,0.17455921 1.89999998 4.9010334,0.18326297 -2.70000005 4.90995693,0.18326297 1.89999998 4.90995693,0.19151111 -2.70000005 4.91930294,0.19151111 1.89999998 4.91930294,0.19928312 1.89999998 4.92904902,0.19928312 -2.70000005 4.92904902,0.20655969 -2.70000005 4.93916988,0.20655969 1.89999998 4.93916988,0.21332271 -2.70000005 4.94964123,0.21332271 1.89999998 4.94964123,0.21955539 -2.70000005 4.96043634,0.21955539 1.89999998 4.96043634,0.22524221 -2.70000005 4.97152901,0.22524221 1.89999998 4.97152901,0.23036905 -2.70000005 4.98289108,0.23036905 1.89999998 4.98289108,0.23492315 1.89999998 4.99449492,0.23492315 -2.70000005 4.99449492,0.2388932 1.89999998 5.00631142,0.2388932 -2.70000005 5.00631142,0.24226932 -2.70000005 5.01831055,0.24226932 1.89999998 5.01831055,0.24504313 1.89999998 5.0304637,0.24504313 -2.70000005 5.0304637,0.2472077 -2.70000005 5.04273939,0.2472077 1.89999998 5.04273939,0.24875769 -2.70000005 5.05510807,0.24875769 1.89999998 5.05510807,0.24968924 -2.70000005 5.06753874,0.24968924 1.89999998 5.06753874,0.25 -2.70000005 5.07999992,0.25 1.89999998 5.07999992,0.24968924 -2.70000005 5.09246159,0.24968924 1.89999998 5.09246159,0.24875769 -2.70000005 5.10489178,0.24875769 1.89999998 5.10489178,0.2472077 -2.70000005 5.11726046,0.2472077 1.89999998 5.11726046,0.24504313 1.89999998 5.12953663,0.24504313 -2.70000005 5.12953663,0.24226932 1.89999998 5.1416893,0.24226932 -2.70000005 5.1416893,0.2388932 1.89999998 5.15368891,0.2388932 -2.70000005 5.15368891,0.23492315 -2.70000005 5.16550493,0.23492315 1.89999998 5.16550493,0.23036905 -2.70000005 5.17710876,0.23036905 1.89999998 5.17710876,0.22524221 -2.70000005 5.18847084,0.22524221 1.89999998 5.18847084,0.21955539 -2.70000005 5.1995635,0.21955539 1.89999998 5.1995635,0.21332271 -2.70000005 5.21035862,0.21332271 1.89999998 5.21035862,0.20655969 -2.70000005 5.22082996,0.20655969 1.89999998 5.22082996,0.19928312 1.89999998 5.23095131,0.19928312 -2.70000005 5.23095131,0.19151111 -2.70000005 5.24069691,0.19151111 1.89999998 5.24069691,0.18326297 -2.70000005 5.25004339,0.18326297 1.89999998 5.25004339,0.17455921 1.89999998 5.25896692,0.17455921 -2.70000005 5.25896692,0.16542146 -2.70000005 5.26744509,0.16542146 1.89999998 5.26744509,0.15587245 -2.70000005 5.27545786,0.15587245 1.89999998 5.27545786,0.14593592 -2.70000005 5.28298473,0.14593592 1.89999998 5.28298473,0.13563657 -2.70000005 5.29000664,0.13563657 1.89999998 5.29000664,0.125 1.89999998 5.2965064,0.125 -2.70000005 5.2965064,0.11405266 -2.70000005 5.30246782,0.11405266 1.89999998 5.30246782,0.10282177 -2.70000005 5.30787659,0.10282177 1.89999998 5.30787659,0.09133526 1.89999998 5.31271839,0.09133526 -2.70000005 5.31271839,0.07962167 -2.70000005 5.31698179,0.07962167 1.89999998 5.31698179,0.06771012 -2.70000005 5.3206563,0.06771012 1.89999998 5.3206563,0.05563023 -2.70000005 5.3237319,0.05563023 1.89999998 5.3237319,0.04341204 -2.70000005 5.32620192,0.04341204 1.89999998 5.32620192,0.03108593 -2.70000005 5.32805967,0.03108593 1.89999998 5.32805967,0.01868252 -2.70000005 5.32930088,0.01868252 1.89999998 5.32930088,0.00623267 -2.70000005 5.3299222,0.00623267 1.89999998 5.3299222,-0.00623267 1.89999998 5.3299222,-0.00623267 -2.70000005 5.3299222,-0.01868252 1.89999998 5.32930088,-0.01868252 -2.70000005 5.32930088,-0.03108593 -2.70000005 5.32805967,-0.03108593 1.89999998 5.32805967,-0.04341204 -2.70000005 5.32620192,-0.04341204 1.89999998 5.32620192,-0.05563023 -2.70000005 5.3237319,-0.05563023 1.89999998 5.3237319,-0.06771012 -2.70000005 5.3206563,-0.06771012 1.89999998 5.3206563,-0.07962167 -2.70000005 5.31698179,-0.07962167 1.89999998 5.31698179,-0.09133526 -2.70000005 5.31271839,-0.09133526 1.89999998 5.31271839,-0.10282177 -2.70000005 5.30787659,-0.10282177 1.89999998 5.30787659,-0.11405266 1.89999998 5.30246782,-0.11405266 -2.70000005 5.30246782,-0.125 -2.70000005 5.2965064,-0.125 1.89999998 5.2965064,-0.13563657 -2.70000005 5.29000664,-0.13563657 1.89999998 5.29000664,-0.14593592 -2.70000005 5.28298473,-0.14593592 1.89999998 5.28298473,-0.15587245 1.89999998 5.27545786,-0.15587245 -2.70000005 5.27545786,-0.16542146 -2.70000005 5.26744509,-0.16542146 1.89999998 5.26744509,-0.17455921 -2.70000005 5.25896692,-0.17455921 1.89999998 5.25896692,-0.18326297 1.89999998 5.25004339,-0.18326297 -2.70000005 5.25004339,-0.19151111 -2.70000005 5.24069691,-0.19151111 1.89999998 5.24069691,-0.19928312 1.89999998 5.23095131,-0.19928312 -2.70000005 5.23095131,-0.20655969 -2.70000005 5.22082996,-0.20655969 1.89999998 5.22082996,-0.21332271 -2.70000005 5.21035862,-0.21332271 1.89999998 5.21035862,-0.21955539 -2.70000005 5.1995635,-0.21955539 1.89999998 5.1995635,-0.22524221 -2.70000005 5.18847084,-0.22524221 1.89999998 5.18847084,-0.23036905 1.89999998 5.17710876,-0.23036905 -2.70000005 5.17710876,-0.23492315 1.89999998 5.16550493,-0.23492315 -2.70000005 5.16550493,-0.2388932 -2.70000005 5.15368891,-0.2388932 1.89999998 5.15368891,-0.24226932 -2.70000005 5.1416893,-0.24226932 1.89999998 5.1416893,-0.24504313 -2.70000005 5.12953663,-0.24504313 1.89999998 5.12953663,-0.2472077 -2.70000005 5.11726046,-0.2472077 1.89999998 5.11726046,-0.24875769 -2.70000005 5.10489178,-0.24875769 1.89999998 5.10489178,-0.24968924 -2.70000005 5.09246159,-0.24968924 1.89999998 5.09246159,-0.4877331 2.14969897 5.07999992,-0.5 2.1500001 5.07999992,-0.5 2.15031075 5.06753874,-0.25030112 1.91226697 5.07999992,-0.48771784 2.15000916 5.09246159,-0.5 2.15031075 5.09246159,-0.48767212 2.1509397 5.10489178,-0.5 2.15124226 5.10489178,-0.47546527 2.14910555 5.09246159,-0.47549573 2.14879608 5.07999992,-0.48759606 2.15248775 5.11726046,-0.5 2.15279222 5.11726046,-0.47537395 2.15003252 5.10489178,-0.48748985 2.15464973 5.12953663,-0.5 2.15495682 5.12953663,-0.4632718 2.1476016 5.09246159,-0.46331739 2.14729404 5.07999992,-0.47522202 2.15157509 5.11726046,-0.48735374 2.15742016 5.1416893,-0.5 2.15773058 5.1416893,-0.46313509 2.14852309 5.10489178,-0.47500986 2.1537292 5.12953663,-0.45116678 2.14550114 5.09246159,-0.45122743 2.14519644 5.07999992,-0.4871881 2.16079235 5.15368891,-0.5 2.16110682 5.15368891,-0.46290767 2.15005612 5.11726046,-0.47473797 2.15648961 5.1416893,-0.45098504 2.14641476 5.10489178,-0.48699328 2.16475749 5.16550493,-0.5 2.16507673 5.16550493,-0.46259007 2.15219736 5.12953663,-0.43917945 2.14280915 5.09246159,-0.43925497 2.14250779 5.07999992,-0.47440705 2.15984941 5.15368891,-0.45068267 2.14793491 5.11726046,-0.48676983 2.16930628 5.17710876,-0.5 2.169631 5.17710876,-0.46218306 2.15494108 5.1416893,-0.4389531 2.143713 5.10489178,-0.47401792 2.16380048 5.16550493,-0.45026037 2.15005803 5.12953663,-0.48651826 2.17442679 5.18847084,-0.5 2.17475772 5.18847084,-0.42733863 2.13953257 5.09246159,-0.42742884 2.13923502 5.07999992,-0.46168768 2.15828061 5.15368891,-0.43857649 2.14521646 5.11726046,-0.47357154 2.16833258 5.17710876,-0.44971925 2.15277839 5.1416893,-0.48623922 2.18010688 5.1995635,-0.5 2.18044472 5.1995635,-0.4270682 2.14042401 5.10489178,-0.46110514 2.16220784 5.16550493,-0.43805054 2.14731622 5.12953663,-0.47306904 2.17343473 5.18847084,-0.41567284 2.13567853 5.09246159,-0.41577753 2.13538599 5.07999992,-0.44906059 2.15608978 5.15368891,-0.48593342 2.18633199 5.21035862,-0.5 2.18667722 5.21035862,-0.42661828 2.14190722 5.11726046,-0.46043691 2.16671252 5.17710876,-0.43737656 2.15000677 5.1416893,-0.47251162 2.17909408 5.1995635,-0.41535902 2.13655567 5.10489178,-0.44828609 2.1599834 5.16550493,-0.48560157 2.19308686 5.22082996,-0.5 2.1934402 5.22082996,-0.42598993 2.1439786 5.12953663,-0.45968467 2.17178392 5.18847084,-0.40421021 2.13125706 5.09246159,-0.40432915 2.13097 5.07999992,-0.43655622 2.15328169 5.15368891,-0.4719007 2.18529677 5.21035862,-0.41483685 2.13801503 5.11726046,-0.44739762 2.16445017 5.17710876,-0.48524451 2.20035458 5.23095131,-0.5 2.20071697 5.23095131,-0.42518473 2.14663291 5.1416893,-0.45885023 2.17740917 5.1995635,-0.40385374 2.13211751 5.10489178,-0.43559158 2.15713286 5.16550493,-0.47123781 2.19202733 5.22082996,-0.41410762 2.14005303 5.12953663,-0.44639742 2.16947842 5.18847084,-0.48486316 2.20811725 5.24069691,-0.5 2.20848894 5.24069691,-0.39297837 2.12627816 5.09246159,-0.39311123 2.1259973 5.07999992,-0.42420471 2.14986372 5.15368891,-0.45793572 2.18357444 5.21035862,-0.40326059 2.13354969 5.11726046,-0.43448502 2.16155052 5.17710876,-0.47052458 2.19926882 5.23095131,-0.41317314 2.14266491 5.1416893,-0.44528797 2.17505598 5.1995635,-0.48445845 2.21635556 5.25004339,-0.5 2.21673703 5.25004339,-0.39258006 2.12712026 5.10489178,-0.42305225 2.15366268 5.16550493,-0.45694336 2.19026423 5.22082996,-0.40243223 2.13554955 5.12953663,-0.43323931 2.16652369 5.18847084,-0.4697628 2.20700336 5.24069691,-0.38200432 2.12075448 5.09246159,-0.38215083 2.1204803 5.07999992,-0.41203576 2.14584351 5.15368891,-0.44407204 2.18116879 5.21035862,-0.48403138 2.22504878 5.25896692,-0.5 2.22544074 5.25896692,-0.39191738 2.12852144 5.11726046,-0.42173028 2.15802073 5.17710876,-0.45587566 2.19746208 5.23095131,-0.40137073 2.13811207 5.1416893,-0.43185753 2.17203999 5.1995635,-0.46895435 2.21521187 5.25004339,-0.38156518 2.12157583 5.10489178,-0.41069829 2.14958143 5.16550493,-0.44275263 2.18780184 5.22082996,-0.483583 2.23417544 5.26744509,-0.5 2.23457861 5.26744509,-0.3909919 2.13047838 5.12953663,-0.42024201 2.16292691 5.18847084,-0.45473528 2.20514989 5.24069691,-0.37131456 2.11469865 5.09246159,-0.37147433 2.1144321 5.07999992,-0.40007874 2.1412313 5.15368891,-0.43034309 2.1780858 5.21035862,-0.46810123 2.22387362 5.25896692,-0.38083455 2.12294292 5.11726046,-0.40916407 2.15386939 5.17710876,-0.44133306 2.19493866 5.23095131,-0.48311445 2.24371314 5.27545786,-0.5 2.24412751 5.27545786,-0.38980594 2.13298583 5.1416893,-0.41859123 2.16836882 5.1995635,-0.45352504 2.21330881 5.25004339,-0.37083563 2.11549783 5.10489178,-0.39855948 2.14489913 5.16550493,-0.42869982 2.18464637 5.22082996,-0.46720555 2.23296738 5.26744509,-0.37981415 2.12485194 5.12953663,-0.40743688 2.15869665 5.18847084,-0.4398168 2.20256138 5.24069691,-0.48262689 2.25363755 5.28298473,-0.5 2.25406408 5.28298473,-0.36093479 2.10812569 5.09246159,-0.36110744 2.10786748 5.07999992,-0.38836247 2.13603783 5.15368891,-0.41678199 2.1743331 5.21035862,-0.45224792 2.22191834 5.25896692,-0.37003878 2.11682725 5.11726046,-0.3968167 2.1491065 5.17710876,-0.42693177 2.19170475 5.23095131,-0.46626961 2.2424705 5.27545786,-0.3785066 2.12729812 5.1416893,-0.40552106 2.16405106 5.1995635,-0.43820766 2.21065092 5.25004339,-0.48212153 2.2639246 5.29000664,-0.5 2.26436353 5.29000664,-0.36041725 2.10890031 5.10489178,-0.38666505 2.13962674 5.16550493,-0.41481876 2.18080497 5.22082996,-0.45090714 2.23095727 5.26744509,-0.36892596 2.11868382 5.12953663,-0.39485475 2.15384316 5.18847084,-0.42504331 2.19924378 5.24069691,-0.46529564 2.25235915 5.28298473,-0.35089004 2.10105157 5.09246159,-0.35107517 2.10080194 5.07999992,-0.3769151 2.13027573 5.15368891,-0.40342134 2.16991925 5.21035862,-0.43650964 2.2191875 5.25896692,-0.48159963 2.27454829 5.2965064,-0.5 2.2750001 5.2965064,-0.35955614 2.1101892 5.11726046,-0.38471791 2.14374352 5.17710876,-0.41270649 2.18776822 5.23095131,-0.44950601 2.24040294 5.27545786,-0.36749995 2.12106299 5.1416893,-0.3926785 2.15909696 5.1995635,-0.42303917 2.20724487 5.25004339,-0.46428615 2.262609 5.29000664,-0.35033512 2.10179973 5.10489178,-0.37504363 2.1337769 5.16550493,-0.40114293 2.17628694 5.22082996,-0.43472695 2.22814965 5.26744509,-0.48106247 2.28548241 5.30246782,-0.5 2.28594732 5.30246782,-0.35835356 2.11198878 5.12953663,-0.38252592 2.14837813 5.18847084,-0.4104504 2.19520545 5.24069691,-0.448048 2.25023198 5.28298473,-0.34120452 2.09349275 5.09246159,-0.34140167 2.09325266 5.07999992,-0.36576429 2.12395883 5.15368891,-0.39029336 2.16485524 5.21035862,-0.42092434 2.21568775 5.25896692,-0.46324357 2.27319431 5.2965064,-0.34941182 2.10304475 5.11726046,-0.37289685 2.1377933 5.17710876,-0.39869153 2.18313813 5.23095131,-0.43286404 2.23751521 5.27545786,-0.4805114 2.29669976 5.30787659,-0.5 2.29717827 5.30787659,-0.35681251 2.11429524 5.1416893,-0.38009447 2.15351892 5.1995635,-0.40805608 2.20309854 5.25004339,-0.44653678 2.26041985 5.29000664,-0.34061357 2.09421301 5.10489178,-0.36372328 2.12736392 5.16550493,-0.38770527 2.17110348 5.22082996,-0.41870403 2.22455168 5.26744509,-0.46217054 2.28408885 5.30246782,-0.34812236 2.1047833 5.12953663,-0.37048009 2.14231467 5.18847084,-0.39607322 2.19045591 5.24069691,-0.43092552 2.24726081 5.28298473,-0.47994778 2.30817246 5.31271839,-0.5 2.3086648 5.31271839,-0.33190155 2.08546805 5.09246159,-0.33211026 2.08523774 5.07999992,-0.35493684 2.11710238 5.15368891,-0.37742966 2.15915322 5.21035862,-0.40552953 2.21142745 5.25896692,-0.44497606 2.27094126 5.2965064,-0.33963028 2.09541106 5.11726046,-0.36138198 2.13127017 5.17710876,-0.38492063 2.17782617 5.23095131,-0.41638383 2.23381448 5.27545786,-0.46106973 2.29526567 5.30787659,-0.34647003 2.10701132 5.1416893,-0.36779934 2.14733005 5.1995635,-0.39329451 2.19822192 5.25004339,-0.42891622 2.25736237 5.29000664,-0.47937301 2.3198719 5.31698179,-0.5 2.3203783 5.31698179,-0.33127597 2.08615828 5.10489178,-0.3527312 2.12040329 5.16550493,-0.37453809 2.16526699 5.22082996,-0.40287697 2.22017169 5.26744509,-0.44336978 2.28176999 5.30246782,-0.33825707 2.09708428 5.12953663,-0.35874626 2.13566756 5.18847084,-0.38194641 2.18500662 5.24069691,-0.41396946 2.24345326 5.28298473,-0.45994386 2.30669689 5.31271839,-0.32300356 2.07699633 5.09246159,-0.32322329 2.07677674 5.07999992,-0.34445885 2.10972285 5.15368891,-0.36486128 2.15282679 5.21035862,-0.39036229 2.20641685 5.25896692,-0.42684114 2.26779437 5.2965064,-0.47878855 2.33176923 5.3206563,-0.5 2.33228993 5.3206563,-0.33023506 2.08730674 5.11726046,-0.35020107 2.12418985 5.17710876,-0.37142697 2.17184472 5.23095131,-0.40010506 2.22930956 5.27545786,-0.44172186 2.29287934 5.30787659,-0.3364974 2.09922862 5.1416893,-0.35582265 2.14054537 5.1995635,-0.37878999 2.19262695 5.25004339,-0.4114669 2.25344396 5.29000664,-0.45879573 2.31835413 5.31698179,-0.32234487 2.07765508 5.10489178,-0.34209391 2.1129117 5.16550493,-0.36167321 2.1587913 5.22082996,-0.38728389 2.21502042 5.26744509,-0.42470542 2.27853155 5.30246782,-0.47819582 2.3438344 5.3237319,-0.5 2.34436965 5.3237319,-0.32878143 2.08891058 5.12953663,-0.34735274 2.12845278 5.18847084,-0.36810401 2.17887068 5.24069691,-0.39722061 2.23881817 5.28298473,-0.44003642 2.30424166 5.31271839,-0.31453195 2.06809855 5.09246159,-0.3147622 2.06788969 5.07999992,-0.33435559 2.10183835 5.15368891,-0.35261843 2.14589119 5.21035862,-0.37545919 2.2006681 5.25896692,-0.40888244 2.26376176 5.2965064,-0.45762819 2.3302083 5.3206563,-0.32124886 2.07875109 5.11726046,-0.33938104 2.11656952 5.17710876,-0.35824305 2.16520858 5.23095131,-0.38406691 2.22401118 5.27545786,-0.42251438 2.28954649 5.30787659,-0.47759628 2.35603809 5.32620192,-0.5 2.35658789 5.32620192,-0.32691866 2.09096575 5.1416893,-0.34419334 2.1331811 5.1995635,-0.36457747 2.18632698 5.25004339,-0.39423087 2.24867415 5.29000664,-0.43831769 2.31582832 5.31698179,-0.31384173 2.06872392 5.10489178,-0.33183703 2.10490727 5.16550493,-0.34914154 2.15169215 5.22082996,-0.37196234 2.20911026 5.26744509,-0.40622243 2.27438092 5.30246782,-0.45644414 2.34223008 5.3237319,-0.31971827 2.08028173 5.12953663,-0.33632699 2.12068748 5.18847084,-0.35457933 2.17206287 5.24069691,-0.38071939 2.23336697 5.28298473,-0.42027345 2.30081248 5.31271839,-0.30650717 2.05879545 5.09246159,-0.30674738 2.05859828 5.07999992,-0.29919812 2.04892492 5.07999992,-0.47699147 2.36834931 5.32805967,-0.5 2.36891413 5.32805967,-0.32465139 2.09346747 5.15368891,-0.34073064 2.13836336 5.21035862,-0.36085612 2.19419503 5.25896692,-0.39114323 2.25885272 5.2965064,-0.4365699 2.32761097 5.3206563,-0.31269327 2.06976485 5.11726046,-0.32894793 2.10842752 5.17710876,-0.34540063 2.15793347 5.23095131,-0.3683081 2.21793246 5.27545786,-0.40349355 2.28527522 5.30787659,-0.45524657 2.35438943 5.32620192,-0.31775689 2.0822432 5.1416893,-0.33293936 2.12525511 5.1995635,-0.3506912 2.17933702 5.25004339,-0.37724966 2.24306417 5.29000664,-0.41798824 2.31230092 5.31698179,-0.30578706 2.05938649 5.10489178,-0.47638288 2.38073778 5.32930088,-0.5 2.39376736 5.3299222,-0.5 2.38131738 5.32930088,-0.32198527 2.09640908 5.16550493,-0.33697331 2.1439867 5.22082996,-0.35694924 2.20245552 5.26744509,-0.38796541 2.26932859 5.30246782,-0.43479741 2.33956003 5.3237319,-0.31108943 2.07121849 5.12953663,-0.32569551 2.11239076 5.18847084,-0.341405 2.16459966 5.24069691,-0.36450553 2.22711253 5.28298473,-0.40070257 2.29641747 5.31271839,-0.2989485 2.04910994 5.09246159,-0.45403838 2.36665606 5.32805967,-0.31536961 2.08463049 5.15368891,-0.32922655 2.13026142 5.21035862,-0.34658828 2.18701315 5.25896692,-0.37366632 2.25307894 5.2965064,-0.41566443 2.32398367 5.3206563,-0.30458891 2.06036973 5.11726046,-0.47577199 2.3931725 5.3299222,-0.31892693 2.09978342 5.17710876,-0.33293065 2.15003705 5.23095131,-0.3528665 2.2110877 5.27545786,-0.38470525 2.28007579 5.30787659,-0.43300465 2.35164618 5.32620192,-0.30903417 2.07308125 5.1416893,-0.32208782 2.11678672 5.1995635,-0.33716461 2.17167449 5.25004339,-0.36056414 2.23662782 5.29000664,-0.39785638 2.30778003 5.31698179,-0.29820028 2.04966497 5.10489178,-0.45282263 2.37899971 5.32930088,-0.31256238 2.08743763 5.16550493,-0.32519782 2.13569355 5.22082996,-0.34228078 2.19507194 5.26744509,-0.36997825 2.26338649 5.30246782,-0.41330776 2.3358314 5.3237319,-0.30291566 2.06174302 5.12953663,-0.47516033 2.40562296 5.3299222,-0.5 2.4062326 5.3299222,-0.31548396 2.10358214 5.18847084,-0.32861274 2.15649915 5.24069691,-0.34861809 2.22007012 5.28298473,-0.38137087 2.29106784 5.31271839,-0.2918742 2.03906512 5.09246159,-0.29213259 2.03889251 5.07999992,-0.431196 2.36383867 5.32805967,-0.30653262 2.07534862 5.15368891,-0.31813386 2.12160444 5.21035862,-0.33269 2.17913985 5.25896692,-0.35649371 2.24645472 5.2965064,-0.39496213 2.31933475 5.3206563,-0.29695532 2.05058813 5.11726046,-0.45160234 2.39138961 5.3299222,-0.30934212 2.09065795 5.17710876,-0.32086316 2.14153814 5.23095131,-0.3377794 2.20349336 5.27545786,-0.3661947 2.27396083 5.30787659,-0.41092411 2.3478148 5.32620192,-0.3007715 2.06350255 5.1416893,-0.47454944 2.41805768 5.32930088,-0.5 2.41868258 5.32930088,-0.31166491 2.10779572 5.1995635,-0.32403034 2.16335726 5.25004339,-0.34421456 2.22938061 5.29000664,-0.37797061 2.30227709 5.31698179,-0.29109967 2.03958273 5.10489178,-0.42937607 2.37610793 5.32930088,-0.30359101 2.07801461 5.16550493,-0.31384343 2.12683249 5.22082996,-0.32799226 2.18697762 5.26744509,-0.35230434 2.25656891 5.30246782,-0.39202696 2.33105254 5.3237319,-0.29521671 2.05187774 5.12953663,-0.45038053 2.403795 5.3299222,-0.3057169 2.0942831 5.18847084,-0.3162334 2.14778066 5.24069691,-0.33309534 2.21225667 5.28298473,-0.36232498 2.28477597 5.31271839,-0.2853013 2.02868557 5.09246159,-0.28556785 2.02852559 5.07999992,-0.40851942 2.35990405 5.32805967,-0.29816172 2.0656445 5.15368891,-0.47394085 2.43044615 5.32805967,-0.5 2.43108582 5.32805967,-0.30747929 2.11241388 5.21035862,-0.31919479 2.17059422 5.25896692,-0.33966684 2.23899603 5.2965064,-0.37451288 2.31367564 5.3206563,-0.2898109 2.0404439 5.11726046,-0.42754927 2.38842297 5.3299222,-0.30021665 2.08107305 5.17710876,-0.30922723 2.13245726 5.23095131,-0.32308307 2.19516802 5.27545786,-0.34800649 2.26694489 5.30787659,-0.38905817 2.34290457 5.32620192,-0.29298878 2.05352998 5.1416893,-0.44916022 2.4161849 5.32930088,-0.3016957 2.09830427 5.1995635,-0.31131998 2.15440559 5.25004339,-0.32824028 2.22133994 5.29000664,-0.3583788 2.29580474 5.31698179,-0.2845023 2.02916431 5.10489178,-0.40609962 2.37206912 5.32930088,-0.29509282 2.06816292 5.16550493,-0.47333604 2.44275737 5.32620192,-0.5 2.44341207 5.32620192,-0.30293754 2.11742496 5.22082996,-0.31411812 2.1781919 5.26744509,-0.33498624 2.24889231 5.30246782,-0.37100628 2.32523537 5.3237319,-0.2880111 2.04164648 5.12953663,-0.42572024 2.4007535 5.3299222,-0.29641792 2.08451605 5.18847084,-0.30429673 2.13846517 5.24069691,-0.31797469 2.20369101 5.28298473,-0.34361076 2.2775569 5.31271839,-0.27924562 2.0179956 5.09246159,-0.27951968 2.01784921 5.07999992,-0.38606319 2.35486126 5.32805967,-0.29027706 2.05554104 5.15368891,-0.44794446 2.42852855 5.32805967,-0.29728854 2.10271144 5.21035862,-0.30613515 2.1613965 5.25896692,-0.32322621 2.23072052 5.2965064,-0.35436592 2.30701995 5.3206563,-0.28317282 2.02996111 5.11726046,-0.40367079 2.38427973 5.3299222,-0.29157245 2.07105207 5.17710876,-0.47273651 2.45496106 5.3237319,-0.5 2.4556303 5.3237319,-0.29805088 2.12281656 5.23095131,-0.30881298 2.18613172 5.27545786,-0.33018443 2.25904489 5.30787659,-0.36745951 2.33692741 5.32620192,-0.28570476 2.04318738 5.1416893,-0.42389348 2.41306853 5.32930088,-0.29220426 2.08833504 5.1995635,-0.29906416 2.14484096 5.25004339,-0.31267977 2.21252489 5.29000664,-0.33912817 2.28837895 5.31698179,-0.27842405 2.01843476 5.10489178,-0.3830494 2.36689305 5.32930088,-0.28708827 2.05790615 5.16550493,-0.44673631 2.44079542 5.32620192,-0.29250637 2.10749364 5.22082996,-0.30069178 2.16873598 5.26744509,-0.31806567 2.24037528 5.30246782,-0.35029635 2.31839371 5.3237319,-0.28131619 2.03107405 5.12953663,-0.40123892 2.39650559 5.3299222,-0.28760937 2.07430458 5.18847084,-0.4721438 2.46702623 5.3206563,-0.5 2.46771002 5.3206563,-0.29283151 2.12857509 5.24069691,-0.30329254 2.19439363 5.28298473,-0.32527331 2.26942849 5.31271839,-0.27372175 2.00702167 5.09246159,-0.27400267 2.00688887 5.07999992,-0.26903012 1.99567091 5.07999992,-0.36388144 2.3487227 5.32805967,-0.28289762 2.04506326 5.15368891,-0.42207351 2.42533779 5.32805967,-0.28758615 2.09252071 5.21035862,-0.29354253 2.15156913 5.25896692,-0.30721146 2.22164822 5.2965064,-0.33456981 2.29938388 5.3206563,-0.27705711 2.01916552 5.11726046,-0.38002431 2.37896967 5.3299222,-0.2834304 2.06061888 5.17710876,-0.4455387 2.45295477 5.3237319,-0.28736106 2.11263895 5.23095131,-0.29500344 2.17640591 5.27545786,-0.31277147 2.2502799 5.30787659,-0.34618014 2.32989764 5.32620192,-0.27893701 2.03250003 5.1416893,-0.39881006 2.4087162 5.32930088,-0.28321338 2.07791209 5.1995635,-0.47155932 2.47892356 5.31698179,-0.5 2.49133515 5.31271839,-0.5 2.47962165 5.31698179,-0.28729242 2.13468671 5.25004339,-0.29757053 2.20295715 5.29000664,-0.32026511 2.28001761 5.31698179,-0.27287966 2.00741982 5.10489178,-0.3602809 2.36059213 5.32930088,-0.27959666 2.04726887 5.16550493,-0.4202649 2.43753052 5.32620192,-0.28257507 2.09706235 5.22082996,-0.28774562 2.15863276 5.26744509,-0.30158341 2.23103809 5.30246782,-0.32994705 2.31054401 5.3237319,-0.27514809 2.02018595 5.12953663,-0.3769955 2.39106154 5.3299222,-0.27931249 2.06367302 5.18847084,-0.44435468 2.46497655 5.3206563,-0.28186542 2.1181345 5.24069691,-0.28908429 2.18438697 5.28298473,-0.30735677 2.26041007 5.31271839,-0.26874301 1.99578977 5.09246159,-0.3420276 2.34150338 5.32805967,-0.27604124 2.03423572 5.15368891,-0.39639029 2.42088127 5.32805967,-0.27839547 2.08186603 5.21035862,-0.47098455 2.490623 5.31271839,-0.28144732 2.14113569 5.25896692,-0.29166117 2.21180105 5.2965064,-0.31517226 2.29078531 5.3206563,-0.27147847 2.00808263 5.11726046,-0.35666692 2.3725059 5.3299222,-0.27581006 2.04979897 5.17710876,-0.41847211 2.44961643 5.3237319,-0.2771835 2.10194921 5.23095131,-0.2816878 2.16601419 5.27545786,-0.2958096 2.24067116 5.30787659,-0.32527137 2.32183218 5.32620192,-0.27270183 2.02149343 5.1416893,-0.37397042 2.40313816 5.32930088,-0.27474478 2.06706071 5.1995635,-0.44318715 2.47683072 5.31698179,-0.2760331 2.12396693 5.25004339,-0.28294894 2.19265938 5.29000664,-0.30183503 2.27074051 5.31698179,-0.26788238 1.99614632 5.10489178,-0.33784902 2.3531816 5.32930088,-0.272636 2.03627682 5.16550493,-0.39398557 2.43297052 5.32620192,-0.27316758 2.08615661 5.22082996,-0.47042093 2.5020957 5.30787659,-0.5 2.50282168 5.30787659,-0.27531078 2.1479063 5.26744509,-0.28557914 2.2209034 5.30246782,-0.31000745 2.3017056 5.3237319,-0.26952171 2.00900817 5.12953663,-0.35304841 2.38443446 5.3299222,-0.27154726 2.05264735 5.18847084,-0.41669962 2.46156549 5.3206563,-0.2714248 2.10716844 5.24069691,-0.27538413 2.17369533 5.28298473,-0.28990433 2.25052333 5.31271839,-0.26432139 1.9843272 5.09246159,-0.26461399 1.98422241 5.07999992,-0.32055435 2.33322001 5.32805967,-0.26972437 2.02308488 5.15368891,-0.37095666 2.41516995 5.32805967,-0.26973864 2.07077336 5.21035862,-0.44203901 2.48848772 5.31271839,-0.2698786 2.13012147 5.25896692,-0.27661276 2.20120287 5.2965064,-0.29621994 2.28124571 5.3206563,-0.26645038 1.99673939 5.11726046,-0.33365479 2.36490369 5.3299222,-0.26872984 2.03861809 5.17710876,-0.39160192 2.44495392 5.3237319,-0.26754272 2.09077287 5.23095131,-0.46986985 2.51331306 5.30246782,-0.5 2.51405263 5.30246782,-0.26889807 2.15498161 5.27545786,-0.27933961 2.23024154 5.30787659,-0.30478349 2.31275058 5.32620192,-0.26701424 2.01019406 5.1416893,-0.34943441 2.39634824 5.32930088,-0.26681882 2.05580664 5.1995635,-0.41495183 2.47334814 5.31698179,-0.26531333 2.11270761 5.25004339,-0.2688503 2.18165684 5.29000664,-0.28388235 2.26057053 5.31698179,-0.2634443 1.98464096 5.10489178,-0.31580779 2.34467936 5.32930088,-0.2662231 2.02495646 5.16550493,-0.36796165 2.42712665 5.32620192,-0.26430655 2.07480216 5.22082996,-0.44091314 2.49991894 5.30787659,-0.26341724 2.13658285 5.26744509,-0.27009144 2.20999575 5.30246782,-0.29052556 2.2918992 5.3237319,-0.26445055 1.99756777 5.12953663,-0.32945535 2.37664032 5.3299222,-0.26433238 2.04125381 5.18847084,-0.38924524 2.45680165 5.3206563,-0.26153487 2.09570336 5.24069691,-0.4693327 2.52424717 5.2965064,-0.5 2.5250001 5.2965064,-0.26222509 2.16234422 5.28298473,-0.27295804 2.23979235 5.31271839,-0.26046753 1.97266138 5.09246159,-0.26076493 1.97257113 5.07999992,-0.2995134 2.32389331 5.32805967,-0.26396224 2.01163745 5.15368891,-0.3458339 2.40821743 5.32805967,-0.26163656 2.05926943 5.21035862,-0.4132331 2.48493505 5.31271839,-0.25886428 2.11855268 5.25896692,-0.26210251 2.18987894 5.2965064,-0.2777586 2.27078748 5.3206563,-0.26198491 1.98516321 5.11726046,-0.31104341 2.35618162 5.3299222,-0.26220673 2.02710319 5.17710876,-0.36499286 2.43897867 5.3237319,-0.25846195 2.07913685 5.23095131,-0.4398123 2.51109576 5.30246782,-0.25666508 2.14333487 5.27545786,-0.26340121 2.21901655 5.30787659,-0.28476593 2.30267453 5.32620192,-0.26188791 1.99862921 5.1416893,-0.32526112 2.38836241 5.32930088,-0.25945464 2.04417729 5.1995635,-0.38692144 2.4684844 5.31698179,-0.25515896 2.10093594 5.25004339,-0.4688108 2.53487086 5.29000664,-0.5 2.53563666 5.29000664,-0.25530848 2.16997552 5.29000664,-0.26645032 2.24953175 5.31698179,-0.25957611 1.97293174 5.10489178,-0.29421026 2.3351059 5.32930088,-0.26037338 2.01333499 5.16550493,-0.3422558 2.42001295 5.32620192,-0.2560133 2.06302667 5.22082996,-0.41154766 2.49629712 5.30787659,-0.25209364 2.1246891 5.26744509,-0.25515759 2.19834137 5.30246782,-0.27154827 2.28114867 5.3237319,-0.25994685 1.98589242 5.12953663,-0.30627313 2.36769795 5.3299222,-0.25768527 2.02952003 5.18847084,-0.36205769 2.45069647 5.3206563,-0.25221941 2.0837667 5.24069691,-0.4387393 2.52199054 5.2965064,-0.24963889 2.15036106 5.28298473,-0.25655869 2.22824264 5.31271839,-0.25719073 1.96082056 5.09246159,-0.25749218 1.9607451 5.07999992,-0.27895543 2.31354523 5.32805967,-0.25876877 1.9999212 5.15368891,-0.32108253 2.40004086 5.32805967,-0.2541087 2.04738164 5.21035862,-0.38463622 2.47997284 5.31271839,-0.24843086 2.10645747 5.25896692,-0.46830544 2.54515791 5.28298473,-0.5 2.54593587 5.28298473,-0.2481654 2.17785668 5.2965064,-0.25983262 2.25943589 5.3206563,-0.25809285 1.97338176 5.11726046,-0.28888726 2.34636045 5.3299222,-0.25625652 2.01528215 5.17710876,-0.33870906 2.431705 5.3237319,-0.24996306 2.06706929 5.23095131,-0.40989977 2.50740647 5.30246782,-0.2450183 2.13110185 5.27545786,-0.24803281 2.20702291 5.30787659,-0.26526687 2.2916286 5.32620192,-0.25733522 1.9868269 5.1416893,-0.30150878 2.37920022 5.32930088,-0.25266993 2.03220057 5.1995635,-0.35916343 2.46225119 5.31698179,-0.24559443 2.08868003 5.25004339,-0.43769673 2.53257585 5.29000664,-0.24235615 2.1576438 5.29000664,-0.24958092 2.23765111 5.31698179,-0.2562871 1.96104693 5.10489178,-0.27310851 2.32448411 5.32930088,-0.25510094 2.00144053 5.16550493,-0.31693 2.41164637 5.32620192,-0.24830785 2.0508585 5.22082996,-0.3823953 2.49123883 5.30787659,-0.2413673 2.11225438 5.26744509,-0.46781787 2.55508232 5.27545786,-0.5 2.55587244 5.27545786,-0.24081361 2.18596816 5.30246782,-0.25312138 2.26947999 5.3237319,-0.25602147 1.97401011 5.12953663,-0.28355765 2.35762882 5.3299222,-0.2516219 2.01747417 5.18847084,-0.33520246 2.44326472 5.3206563,-0.24350086 2.07138729 5.24069691,-0.40829346 2.51823521 5.2965064,-0.23765582 2.13777494 5.28298473,-0.24074583 2.21590209 5.31271839,-0.25449887 1.94883323 5.09246159,-0.25480369 1.94877255 5.07999992,-0.25893 2.30220103 5.32805967,-0.25415644 1.98796427 5.15368891,-0.29676223 2.39065933 5.32805967,-0.24717321 2.03513885 5.21035862,-0.35631725 2.47361374 5.31271839,-0.2386035 2.09386492 5.25896692,-0.4366872 2.54282546 5.28298473,-0.23483495 2.16516495 5.2965064,-0.24248521 2.24721861 5.3206563,-0.25478357 1.96142352 5.11726046,-0.26723969 2.335464 5.3299222,-0.25089347 2.00318336 5.17710876,-0.31281382 2.4231503 5.3237319,-0.24206653 2.05459929 5.23095131,-0.38020426 2.50225377 5.30246782,-0.23398581 2.11831212 5.27545786,-0.46734932 2.56462002 5.26744509,-0.5 2.56542134 5.26744509,-0.23327141 2.19428968 5.30787659,-0.24633332 2.27963901 5.32620192,-0.25336713 1.97481525 5.1416893,-0.27823463 2.36888337 5.32930088,-0.24648108 2.01990557 5.1995635,-0.3317447 2.45466328 5.31698179,-0.23664278 2.0759697 5.25004339,-0.40673274 2.52875686 5.29000664,-0.2300245 2.14469147 5.29000664,-0.23331481 2.22495675 5.31698179,-0.25358525 1.9490149 5.10489178,-0.25255337 2.31283975 5.32930088,-0.25041848 1.98930168 5.16550493,-0.29204521 2.40204716 5.32620192,-0.24120875 2.03832674 5.22082996,-0.35352626 2.48475599 5.30787659,-0.231264 2.09930825 5.26744509,-0.43571326 2.55271435 5.27545786,-0.22709402 2.17290592 5.30246782,-0.23528925 2.25692105 5.3237319,-0.25268385 1.96194947 5.12953663,-0.26136357 2.34645724 5.3299222,-0.2461569 2.00514531 5.18847084,-0.30874422 2.43452406 5.3206563,-0.23540026 2.05859494 5.24069691,-0.37806854 2.51299071 5.2965064,-0.22630477 2.12461591 5.28298473,-0.46690094 2.57374668 5.25896692,-0.5 2.57455921 5.25896692,-0.22555754 2.20280051 5.31271839,-0.25239846 1.93672824 5.09246159,-0.25270587 1.93668258 5.07999992,-0.25120381 1.92450428 5.07999992,-0.23948529 2.28988791 5.32805967,-0.25013638 1.97579527 5.15368891,-0.27293152 2.38009596 5.32805967,-0.24084681 2.02257037 5.21035862,-0.32834443 2.46587253 5.31271839,-0.22940587 2.0808053 5.25896692,-0.40522152 2.53894472 5.28298473,-0.22214332 2.15183473 5.2965064,-0.22575819 2.23416471 5.3206563,-0.25206503 1.94931734 5.11726046,-0.24615286 2.32351828 5.3299222,-0.24613059 1.99083591 5.17710876,-0.28736952 2.41333532 5.3237319,-0.2347914 2.04175687 5.23095131,-0.35079738 2.49565029 5.30246782,-0.22359416 2.10499644 5.27545786,-0.43477729 2.56221724 5.26744509,-0.21915258 2.18084741 5.30787659,-0.22801088 2.26673484 5.32620192,-0.24999319 1.96262348 5.1416893,-0.25549474 2.35743713 5.32930088,-0.24090298 2.0073216 5.1995635,-0.30473134 2.44573927 5.31698179,-0.22832559 2.06283545 5.25004339,-0.37599346 2.52342296 5.29000664,-0.21834326 2.13114977 5.29000664,-0.46647388 2.5824399 5.25004339,-0.5 2.59151101 5.24069691,-0.5 2.58326292 5.25004339,-0.21769117 2.2114799 5.31698179,-0.251477 1.93686485 5.10489178,-0.23259434 2.30020094 5.32930088,-0.24633728 1.97694778 5.16550493,-0.26766142 2.39123869 5.32620192,-0.2347331 2.02546191 5.22082996,-0.32501006 2.47686458 5.30787659,-0.22180811 2.08588195 5.26744509,-0.40376353 2.54877353 5.27545786,-0.21403189 2.15918636 5.30246782,-0.21809481 2.24350238 5.3237319,-0.24994205 1.94973958 5.12953663,-0.2397444 2.33421016 5.3299222,-0.24130344 1.99256313 5.18847084,-0.28274673 2.4244957 5.3206563,-0.22793709 2.04542065 5.24069691,-0.34813738 2.50626945 5.2965064,-0.21561307 2.11091566 5.28298473,-0.43388164 2.571311 5.25896692,-0.21103039 2.18896961 5.31271839,-0.25089455 1.9245348 5.09246159,-0.22066821 2.27663541 5.32805967,-0.24671824 1.96344376 5.15368891,-0.24964783 2.36837602 5.32805967,-0.23514473 2.00970674 5.21035862,-0.30078515 2.45676827 5.31271839,-0.22086012 2.06731009 5.25896692,-0.37398416 2.53352451 5.28298473,-0.21012108 2.13789749 5.2965064,-0.46606916 2.59067822 5.24069691,-0.20969185 2.22030568 5.3206563,-0.24994381 1.9370923 5.11726046,-0.22567756 2.3105526 5.3299222,-0.24197927 1.9782697 5.17710876,-0.26243746 2.40228367 5.3237319,-0.22815517 2.02857304 5.23095131,-0.32174993 2.48761177 5.30246782,-0.21386839 2.091187 5.27545786,-0.40236241 2.55821919 5.26744509,-0.20571035 2.1667285 5.30787659,-0.21034367 2.25294733 5.32620192,-0.24722154 1.95028079 5.1416893,-0.23334388 2.34488893 5.32930088,-0.23594904 1.99447894 5.1995635,-0.27818841 2.43550062 5.31698179,-0.22066288 2.04930878 5.25004339,-0.34555292 2.51658726 5.29000664,-0.20734054 2.11705112 5.29000664,-0.43302852 2.57997298 5.25004339,-0.20274763 2.19725227 5.31698179,-0.2499675 1.92462599 5.10489178,-0.21327952 2.28659773 5.32930088,-0.24286717 1.9644084 5.16550493,-0.24383734 2.37924671 5.32620192,-0.22889651 2.01229477 5.22082996,-0.29691547 2.46758318 5.30787659,-0.21302241 2.07200766 5.26744509,-0.37204564 2.54327011 5.27545786,-0.20165868 2.14484239 5.30246782,-0.46568781 2.59844089 5.23095131,-0.5 2.59928322 5.23095131,-0.20157951 2.22925639 5.3237319,-0.24780264 1.93741 5.12953663,-0.21875219 2.32091713 5.3299222,-0.2370732 1.97975802 5.18847084,-0.25727266 2.41320395 5.3206563,-0.22112934 2.03189611 5.24069691,-0.31857207 2.49808764 5.2965064,-0.20560648 2.09670758 5.28298473,-0.4010216 2.56725812 5.25896692,-0.1971994 2.17444253 5.31271839,-0.24999075 1.91228211 5.09246159,-0.20252407 2.26247549 5.32805967,-0.2439103 1.95093942 5.15368891,-0.22696728 2.35552764 5.32805967,-0.23008071 1.99657869 5.21035862,-0.27370578 2.44632244 5.31271839,-0.21298684 2.05341172 5.25896692,-0.34305036 2.52657795 5.28298473,-0.19879718 2.12338734 5.2965064,-0.43222007 2.58818126 5.24069691,-0.1943249 2.20567513 5.3206563,-0.24842498 1.92477798 5.11726046,-0.20586315 2.29659772 5.3299222,-0.23844956 1.96551502 5.17710876,-0.23807772 2.39002204 5.3237319,-0.22217384 2.01507926 5.23095131,-0.29313189 2.47815776 5.30246782,-0.20483196 2.07691693 5.27545786,-0.37018272 2.55263567 5.26744509,-0.19297709 2.15196729 5.30787659,-0.46533075 2.6057086 5.22082996,-0.5 2.61332273 5.21035862,-0.5 2.60655975 5.22082996,-0.19337428 2.23830938 5.32620192,-0.24505886 1.93781698 5.1416893,-0.21183543 2.33126879 5.32930088,-0.23163125 1.98140872 5.1995635,-0.2521798 2.42397189 5.31698179,-0.21367311 2.03542256 5.25004339,-0.31548443 2.50826621 5.29000664,-0.19704288 2.10242939 5.29000664,-0.39974451 2.57586765 5.25004339,-0.18852019 2.18230891 5.31698179,-0.24906033 1.91232789 5.10489178,-0.19465542 2.27206349 5.32930088,-0.24001653 1.95171392 5.16550493,-0.22063038 2.36610007 5.32620192,-0.22371303 1.99885702 5.22082996,-0.26931009 2.45693469 5.30787659,-0.20492807 2.05771923 5.26744509,-0.34063599 2.53621674 5.27545786,-0.1900042 2.12990856 5.30246782,-0.43145826 2.59591579 5.23095131,-0.18578312 2.21421695 5.3237319,-0.24627081 1.92499018 5.12953663,-0.19843754 2.30660987 5.3299222,-0.23347637 1.96676075 5.18847084,-0.23238331 2.40067554 5.3206563,-0.21499343 2.01805353 5.24069691,-0.28944385 2.48846507 5.2965064,-0.1963091 2.08202529 5.28298473,-0.36840004 2.56159782 5.25896692,-0.18409789 2.15925407 5.31271839,-0.4649989 2.61246347 5.21035862,-0.18509656 2.24744248 5.32805967,-0.24171929 1.93831229 5.15368891,-0.20494446 2.34158182 5.32805967,-0.22566696 1.98321807 5.21035862,-0.2471716 2.43456078 5.31271839,-0.205805 2.0391438 5.25896692,-0.3124947 2.5181222 5.28298473,-0.18819889 2.10833883 5.2965064,-0.39853424 2.58402658 5.24069691,-0.17969432 2.19030809 5.3206563,-0.24751221 1.91240394 5.11726046,-0.18675733 2.28168726 5.3299222,-0.23554994 1.95260239 5.17710876,-0.21434897 2.37658 5.3237319,-0.21686181 2.00130844 5.23095131,-0.2650122 2.46731067 5.30246782,-0.19650659 2.06222057 5.27545786,-0.33831578 2.54547954 5.26744509,-0.18098345 2.13659883 5.30787659,-0.43074504 2.60315752 5.22082996,-0.17714356 2.22285652 5.32620192,-0.24351037 1.92526197 5.1416893,-0.19102117 2.31660962 5.32930088,-0.22795996 1.96814251 5.1995635,-0.22676824 2.41118073 5.31698179,-0.20737314 2.02120996 5.25004339,-0.28586048 2.49847984 5.29000664,-0.18747506 2.08732033 5.29000664,-0.36670202 2.57013416 5.25004339,-0.17504315 2.1666851 5.31698179,-0.4646931 2.61868858 5.1995635,-0.5 2.61955547 5.1995635,-0.17676693 2.2566328 5.32930088,-0.23779221 1.93889487 5.16550493,-0.19809644 2.35183072 5.32620192,-0.21919513 1.98518121 5.22082996,-0.24226049 2.44494438 5.30787659,-0.19754457 2.04305077 5.26744509,-0.30961028 2.52763081 5.27545786,-0.17909652 2.11442089 5.30246782,-0.39739385 2.59171438 5.23095131,-0.17074372 2.19842052 5.3237319,-0.24535023 1.91251016 5.12953663,-0.1788494 2.29132318 5.3299222,-0.2305216 1.95360255 5.18847084,-0.20813867 2.38694119 5.3206563,-0.20954412 2.00392675 5.24069691,-0.26082286 2.47742462 5.2965064,-0.18774335 2.06690454 5.28298473,-0.33609548 2.55434346 5.25896692,-0.1717574 2.1434412 5.31271839,-0.43008214 2.60988784 5.21035862,-0.16842768 2.23157239 5.32805967,-0.2401505 1.9255929 5.15368891,-0.18363248 2.32657218 5.32805967,-0.22191408 1.96965694 5.21035862,-0.2212465 2.42151117 5.31271839,-0.19933191 2.0245409 5.25896692,-0.28239074 2.50817704 5.28298473,-0.17835177 2.09278846 5.2965064,-0.36509287 2.57822394 5.24069691,-0.1658354 2.17424178 5.3206563,-0.46441406 2.62436867 5.18847084,-0.5 2.62524223 5.18847084,-0.16840613 2.26585746 5.3299222,-0.23328739 1.93956304 5.17710876,-0.19130838 2.36198974 5.3237319,-0.21223189 1.98729348 5.23095131,-0.23745866 2.45509696 5.30246782,-0.18891238 2.04713345 5.27545786,-0.30683833 2.53676867 5.26744509,-0.16975838 2.12066031 5.30787659,-0.39632615 2.59891224 5.22082996,-0.16169064 2.2066257 5.32620192,-0.24257977 1.91264629 5.1416893,-0.17095129 2.30094695 5.32930088,-0.22494406 1.95471203 5.1995635,-0.20201491 2.39715815 5.31698179,-0.20177813 2.00670552 5.25004339,-0.25675243 2.48725152 5.29000664,-0.17866014 2.0717597 5.29000664,-0.33398065 2.56278634 5.25004339,-0.16234896 2.150419 5.31698179,-0.42947122 2.61609054 5.1995635,-0.15965715 2.24034286 5.32930088,-0.23619957 1.92598212 5.16550493,-0.17628983 2.33647275 5.32620192,-0.21535373 1.97130013 5.22082996,-0.21583179 2.43164134 5.30787659,-0.19088973 2.02803755 5.26744509,-0.27904323 2.51753283 5.27545786,-0.16896193 2.09841657 5.30246782,-0.36357662 2.58584666 5.23095131,-0.15649752 2.18190527 5.3237319,-0.4641625 2.62948918 5.17710876,-0.5 2.63036895 5.17710876,-0.16003491 2.27509356 5.3299222,-0.22821605 1.94031537 5.18847084,-0.18459716 2.3720336 5.3206563,-0.20479454 1.98954964 5.24069691,-0.23277807 2.46499324 5.2965064,-0.17992987 2.05138183 5.28298473,-0.30418581 2.54551291 5.25896692,-0.16020769 2.12704206 5.31271839,-0.39533383 2.60560203 5.21035862,-0.1525576 2.21490335 5.32805967,-0.23920771 1.91281188 5.15368891,-0.16308266 2.31053495 5.32805967,-0.21883114 1.95592797 5.21035862,-0.19599292 2.4072051 5.31271839,-0.19358315 2.00963759 5.25896692,-0.25281101 2.49676704 5.28298473,-0.16927953 2.07677388 5.2965064,-0.3319765 2.57078743 5.24069691,-0.15278152 2.15751481 5.3206563,-0.42891383 2.62174988 5.18847084,-0.15085377 2.24914622 5.3299222,-0.2316674 1.92642844 5.17710876,-0.16901146 2.3462863 5.3237319,-0.20829524 1.97306824 5.23095131,-0.21053758 2.4415462 5.30246782,-0.1820676 2.03169203 5.27545786,-0.27582628 2.52652359 5.26744509,-0.15932888 2.10419035 5.30787659,-0.36215705 2.59298325 5.22082996,-0.14705274 2.18965626 5.32620192,-0.46393904 2.63403797 5.16550493,-0.5 2.63889313 5.15368891,-0.5 2.63492322 5.16550493,-0.15167411 2.28431845 5.32930088,-0.22259079 1.94114971 5.1995635,-0.17797945 2.38193774 5.31698179,-0.19690156 1.99194396 5.25004339,-0.22823034 2.47460866 5.29000664,-0.17061935 2.05578542 5.29000664,-0.30165923 2.55384183 5.25004339,-0.15046819 2.13354969 5.31698179,-0.39441928 2.61176729 5.1995635,-0.14336728 2.22323298 5.32930088,-0.23524246 1.91300666 5.16550493,-0.15526305 2.32006311 5.32620192,-0.21219806 1.95724738 5.22082996,-0.19008768 2.41705751 5.30787659,-0.18497956 2.01271605 5.26744509,-0.24900848 2.50594711 5.27545786,-0.15962484 2.08193421 5.30246782,-0.33008805 2.57832646 5.23095131,-0.14307886 2.16471076 5.3237319,-0.4284113 2.62685204 5.17710876,-0.14203945 2.25796056 5.3299222,-0.22656526 1.92693102 5.18847084,-0.16181548 2.35598898 5.3206563,-0.20075613 1.97495663 5.24069691,-0.20537704 2.45120072 5.2965064,-0.17288744 2.03549457 5.28298473,-0.27274784 2.53512716 5.25896692,-0.14947656 2.11009574 5.31271839,-0.36083764 2.59961653 5.21035862,-0.13752452 2.19747591 5.32805967,-0.46374422 2.63800311 5.15368891,-0.14334449 2.29350877 5.32805967,-0.21642557 1.94206429 5.21035862,-0.17147173 2.39167738 5.31271839,-0.18857257 1.99447048 5.25896692,-0.22382681 2.48391914 5.28298473,-0.16100402 2.06033325 5.2965064,-0.29926491 2.56173491 5.24069691,-0.1405641 2.14016747 5.3206563,-0.39358488 2.61739254 5.18847084,-0.13414255 2.23159385 5.3299222,-0.23069383 1.91323018 5.17710876,-0.14751191 2.32950807 5.3237319,-0.20506132 1.95866692 5.23095131,-0.18431383 2.42669058 5.30246782,-0.17598875 2.01593304 5.27545786,-0.24535424 2.51476932 5.26744509,-0.14972007 2.08722854 5.30787659,-0.32832 2.58538508 5.22082996,-0.13326511 2.1719892 5.32620192,-0.42796493 2.63138437 5.16550493,-0.13323607 2.26676393 5.32930088,-0.22090581 1.92748833 5.1995635,-0.15471978 2.36555648 5.31698179,-0.19275518 1.97696078 5.25004339,-0.200363 2.4605813 5.29000664,-0.16337208 2.03943586 5.29000664,-0.26981565 2.54332209 5.25004339,-0.13942948 2.11611772 5.31698179,-0.3596217 2.60572934 5.1995635,-0.12793656 2.20534468 5.32930088,-0.46357858 2.6413753 5.1416893,-0.5 2.64226937 5.1416893,-0.13506678 2.30264187 5.32620192,-0.20973574 1.94305658 5.22082996,-0.16509016 2.40122795 5.30787659,-0.1798283 1.997123 5.26744509,-0.2195784 2.49290156 5.27545786,-0.15110774 2.06501365 5.30246782,-0.29700881 2.56917214 5.23095131,-0.13052005 2.14687872 5.3237319,-0.39283261 2.62246394 5.17710876,-0.12490633 2.2399652 5.3299222,-0.22557318 1.91348171 5.18847084,-0.13984852 2.33884597 5.3206563,-0.19743864 1.96018314 5.24069691,-0.17868578 2.43608046 5.2965064,-0.16663307 2.01928067 5.28298473,-0.24185736 2.52321148 5.25896692,-0.13958988 2.09264326 5.31271839,-0.32667673 2.59194541 5.21035862,-0.12336469 2.17933178 5.32805967,-0.4275758 2.63533521 5.15368891,-0.12446554 2.27553439 5.32805967,-0.21470314 1.92809927 5.21035862,-0.147742 2.37496495 5.31271839,-0.18431225 1.97907567 5.25896692,-0.19550791 2.46966457 5.28298473,-0.15354517 2.04350638 5.2965064,-0.26703691 2.55108809 5.24069691,-0.1292126 2.1222415 5.3206563,-0.35851225 2.61130691 5.18847084,-0.11831269 2.21324277 5.3299222,-0.46344247 2.64414573 5.12953663,-0.5 2.64504313 5.12953663,-0.12686154 2.31169486 5.3237319,-0.20253794 1.94412434 5.23095131,-0.15885063 2.41056609 5.30246782,-0.17069046 1.99989498 5.27545786,-0.21549566 2.50153399 5.26744509,-0.14095514 2.06981564 5.30787659,-0.29489654 2.5761354 5.22082996,-0.12036099 2.15366673 5.32620192,-0.39216438 2.62696862 5.16550493,-0.1156816 2.24832582 5.32930088,-0.2198932 1.91376078 5.1995635,-0.13229191 2.34805369 5.31698179,-0.18934898 1.96179235 5.25004339,-0.17321749 2.44520378 5.29000664,-0.15693577 2.02275038 5.29000664,-0.23852658 2.53125262 5.25004339,-0.12925941 2.09816504 5.31698179,-0.32516229 2.59799123 5.1995635,-0.11340218 2.18672037 5.32930088,-0.42724487 2.638695 5.1416893,-0.11574966 2.28425026 5.32620192,-0.20797269 1.9287622 5.22082996,-0.14089949 2.38419104 5.30787659,-0.17544836 1.98129594 5.26744509,-0.19082387 2.47842789 5.27545786,-0.14343116 2.04769564 5.30246782,-0.2644186 2.55840588 5.23095131,-0.11885134 2.12845182 5.3237319,-0.35751206 2.61633515 5.17710876,-0.10867685 2.22115064 5.3299222,-0.46333626 2.64630771 5.11726046,-0.5 2.64720774 5.11726046,-0.11874919 2.32064533 5.3206563,-0.19485004 1.9452647 5.24069691,-0.1527686 2.41966844 5.2965064,-0.16118179 2.00277948 5.28298473,-0.21158877 2.50979424 5.25896692,-0.13057144 2.07472658 5.31271839,-0.29293334 2.58260727 5.21035862,-0.1101122 2.16051459 5.32805967,-0.39158186 2.63089585 5.15368891,-0.10649128 2.25665545 5.32805967,-0.21366803 1.91406655 5.21035862,-0.12486088 2.35710835 5.31271839,-0.18081246 1.96349037 5.25896692,-0.16792257 2.45403767 5.28298473,-0.14692098 2.02633381 5.2965064,-0.23537016 2.53887296 5.24069691,-0.11875436 2.10378003 5.3206563,-0.32378051 2.60350752 5.18847084,-0.10340236 2.19413686 5.3299222,-0.42697302 2.64145565 5.12953663,-0.10711009 2.29288983 5.3237319,-0.20073116 1.92947543 5.23095131,-0.13420926 2.39321184 5.30246782,-0.16618553 1.98361623 5.27545786,-0.1863225 2.48684931 5.26744509,-0.13305517 2.05199361 5.30787659,-0.26196721 2.56525707 5.22082996,-0.10837144 2.1347332 5.32620192,-0.35662362 2.62080193 5.16550493,-0.09905299 2.22904873 5.32930088,-0.4632602 2.64785576 5.10489178,-0.5 2.6487577 5.10489178,-0.11074989 2.32947135 5.31698179,-0.18669116 1.94647503 5.25004339,-0.14685924 2.42851257 5.29000664,-0.15132593 2.00576901 5.29000664,-0.20786744 2.51766253 5.25004339,-0.11998248 2.0797348 5.31698179,-0.29112411 2.58857155 5.1995635,-0.09979914 2.16740561 5.32930088,-0.39108646 2.63423538 5.1416893,-0.09735823 2.26493311 5.32620192,-0.20691316 1.91439843 5.22082996,-0.11757392 2.36598754 5.30787659,-0.17185029 1.96527302 5.26744509,-0.16281417 2.46256065 5.27545786,-0.13661358 2.03002167 5.30246782,-0.23239593 2.54605341 5.23095131,-0.10810085 2.10947442 5.3237319,-0.3225348 2.60848069 5.17710876,-0.09339011 2.2015624 5.3299222,-0.42676082 2.64360976 5.11726046,-0.09856833 2.30143166 5.3206563,-0.19299658 1.93023717 5.24069691,-0.12768793 2.40200472 5.2965064,-0.15654677 1.98603058 5.28298473,-0.18201499 2.49490809 5.25896692,-0.12244301 2.05638933 5.31271839,-0.25968882 2.57162476 5.21035862,-0.09779898 2.14107013 5.32805967,-0.35584909 2.62469554 5.15368891,-0.08946503 2.23691726 5.32805967,-0.46321449 2.64878631 5.09246159,-0.5 2.6496892 5.09246159,-0.10288351 2.3381505 5.31271839,-0.17808162 1.94775212 5.25896692,-0.14113723 2.43707609 5.28298473,-0.14114738 2.00885677 5.2965064,-0.2043409 2.52511859 5.24069691,-0.10921457 2.08482766 5.3206563,-0.2894733 2.59401345 5.18847084,-0.08944747 2.17432237 5.3299222,-0.39067948 2.6369791 5.12953663,-0.08830515 2.27313852 5.3237319,-0.19964536 1.91475546 5.23095131,-0.11044911 2.37466908 5.30246782,-0.16248477 1.96713591 5.27545786,-0.157905 2.47075105 5.26744509,-0.12603921 2.03380537 5.30787659,-0.22961131 2.5527761 5.22082996,-0.09732537 2.11523414 5.32620192,-0.32142824 2.61289835 5.16550493,-0.08339029 2.20897889 5.32930088,-0.42660892 2.64515233 5.10489178,-0.0901456 2.30985451 5.31698179,-0.18478814 1.93104565 5.25004339,-0.12135174 2.41054797 5.29000664,-0.14655608 1.98853314 5.29000664,-0.17791207 2.50258422 5.25004339,-0.11162106 2.06087184 5.31698179,-0.2575891 2.57749319 5.1995635,-0.08716023 2.14744663 5.32930088,-0.35519043 2.62800694 5.1416893,-0.07993681 2.24473691 5.32620192,-0.46319926 2.64909649 5.07999992,-0.5 2.6500001 5.07999992,-0.09516964 2.34666157 5.30787659,-0.16904277 1.94909286 5.26744509,-0.13561679 2.44533801 5.27545786,-0.13067143 2.01203465 5.30246782,-0.20101793 2.53214455 5.23095131,-0.09829449 2.08999252 5.3237319,-0.28798506 2.59891963 5.17710876,-0.07908291 2.18124771 5.3299222,-0.39036185 2.63912034 5.11726046,-0.07935455 2.28125072 5.3206563,-0.1918827 1.91513681 5.24069691,-0.1035042 2.3831315 5.2965064,-0.15273917 1.96907449 5.28298473,-0.15320726 2.47858882 5.25896692,-0.11522414 2.0376749 5.31271839,-0.22702321 2.55902433 5.21035862,-0.0864547 2.12104464 5.32805967,-0.3204636 2.61674953 5.15368891,-0.07342778 2.21636748 5.32805967,-0.42651761 2.6460793 5.09246159,-0.08186283 2.31813717 5.31271839,-0.17612629 1.93189883 5.25896692,-0.11521643 2.41882062 5.28298473,-0.13623828 1.9911176 5.2965064,-0.17402393 2.50985837 5.24069691,-0.10061622 2.06543016 5.3206563,-0.25567326 2.5828476 5.18847084,-0.07648164 2.15384722 5.3299222,-0.35464931 2.63072729 5.12953663,-0.07049202 2.25248814 5.3237319,-0.46321449 2.64878631 5.06753874,-0.5 2.6487577 5.05510807,-0.5 2.6496892 5.06753874,-0.08762743 2.35498309 5.30246782,-0.15959711 1.95049405 5.27545786,-0.13031164 2.45327783 5.26744509,-0.11992414 2.01529479 5.30787659,-0.19790681 2.53872252 5.22082996,-0.08724938 2.09521651 5.32620192,-0.28666306 2.60327768 5.16550493,-0.06873124 2.18816447 5.32930088,-0.39013442 2.64065361 5.10489178,-0.07052868 2.28925014 5.31698179,-0.18364449 1.91554153 5.25004339,-0.09675643 2.39135361 5.29000664,-0.1426377 1.97108376 5.29000664,-0.14873263 2.48605418 5.25004339,-0.10419527 2.04162121 5.31698179,-0.22463807 2.56478262 5.1995635,-0.07551588 2.12689137 5.32930088,-0.31964326 2.62002444 5.1416893,-0.06352735 2.22371006 5.32620192,-0.42648715 2.64638853 5.07999992,-0.07374063 2.32625937 5.30787659,-0.16703254 1.93279445 5.26744509,-0.10929724 2.42680168 5.27545786,-0.12561902 1.99377751 5.30246782,-0.17036022 2.51671267 5.23095131,-0.08945587 2.07005286 5.3237319,-0.25394607 2.58767462 5.17710876,-0.06578975 2.16025567 5.3299222,-0.35422701 2.63285041 5.11726046,-0.06115415 2.26015139 5.3206563,-0.4632602 2.64785576 5.05510807,-0.5 2.64720774 5.04273939,-0.08027565 2.36309457 5.2965064,-0.14976813 1.95195198 5.28298473,-0.12523499 2.46087551 5.25896692,-0.10893222 2.01862907 5.31271839,-0.19501524 2.54483604 5.21035862,-0.0761067 2.10048652 5.32805967,-0.28551063 2.60707664 5.15368891,-0.05841819 2.19505548 5.32805967,-0.38999775 2.64157486 5.09246159,-0.06184947 2.29711652 5.31271839,-0.17495121 1.91596866 5.25896692,-0.09022259 2.39931512 5.28298473,-0.13220552 1.97315884 5.2965064,-0.14449224 2.49312878 5.24069691,-0.09298003 2.04563403 5.3206563,-0.22246182 2.57003641 5.18847084,-0.06453609 2.13276029 5.3299222,-0.31896928 2.622715 5.12953663,-0.05371361 2.2309885 5.3237319,-0.42651761 2.6460793 5.06753874,-0.0657992 2.33420086 5.30246782,-0.15752952 1.93373036 5.27545786,-0.1036089 2.43447161 5.26744509,-0.11472471 1.99650645 5.30787659,-0.16693006 2.52312994 5.22082996,-0.07816774 2.07472873 5.32620192,-0.25241184 2.59196258 5.16550493,-0.05511116 2.16665602 5.32930088,-0.35392463 2.63437057 5.10489178,-0.05194639 2.26770806 5.31698179,-0.46333626 2.64630771 5.04273939,-0.07313257 2.37097573 5.29000664,-0.13958025 1.9534632 5.29000664,-0.12039943 2.46811247 5.25004339,-0.09772301 2.0220294 5.31698179,-0.19235043 2.55047035 5.1995635,-0.06489415 2.10578966 5.32930088,-0.28453058 2.61030746 5.1416893,-0.0481694 2.20190358 5.32620192,-0.38995215 2.64188242 5.07999992,-0.05333853 2.30483031 5.30787659,-0.16582447 1.916417 5.26744509,-0.08391892 2.40699625 5.27545786,-0.12146854 1.97529459 5.30246782,-0.14049663 2.4997952 5.23095131,-0.08160628 2.0497036 5.3237319,-0.22049986 2.57477307 5.17710876,-0.05354264 2.13863635 5.3299222,-0.31844333 2.62481475 5.11726046,-0.04401096 2.23818445 5.3206563,-0.42660892 2.64515233 5.05510807,-0.05805826 2.34194183 5.2965064,-0.14764084 1.9347043 5.28298473,-0.09816555 2.44181108 5.25896692,-0.10358243 1.99929738 5.31271839,-0.16374199 2.52909446 5.21035862,-0.06677988 2.0794456 5.32805967,-0.25107437 2.5957005 5.15368891,-0.04447241 2.17303276 5.32805967,-0.3537429 2.63528419 5.09246159,-0.04289167 2.27513909 5.31271839,-0.46344247 2.64414573 5.0304637,-0.5 2.64504313 5.0304637,-0.06621595 2.37860703 5.28298473,-0.12905881 1.95502388 5.2965064,-0.11581701 2.47497058 5.24069691,-0.08632437 2.02548718 5.3206563,-0.18991899 2.55561113 5.18847084,-0.05363962 2.11111283 5.3299222,-0.28372541 2.61296177 5.12953663,-0.03801034 2.2086916 5.3237319,-0.38999775 2.64157486 5.06753874,-0.04501699 2.31237268 5.30246782,-0.15628697 1.9168855 5.27545786,-0.07786109 2.41437769 5.26744509,-0.11045344 1.97748566 5.30787659,-0.13675572 2.50603652 5.22082996,-0.07010232 2.05381989 5.32620192,-0.21875708 2.57898045 5.16550493,-0.04256285 2.14450526 5.32930088,-0.31806672 2.62631845 5.10489178,-0.03444352 2.24528027 5.31698179,-0.42676082 2.64360976 5.04273939,-0.05053707 2.34946299 5.29000664,-0.13739108 1.93571389 5.29000664,-0.09298073 2.44880199 5.25004339,-0.09221987 2.00214362 5.31698179,-0.16080393 2.5345912 5.1995635,-0.05532064 2.08419228 5.32930088,-0.249937 2.59887934 5.1416893,-0.03389994 2.17936969 5.32620192,-0.35368225 2.63558888 5.07999992,-0.03401247 2.28242612 5.30787659,-0.46357858 2.6413753 5.01831055,-0.5 2.64226937 5.01831055,-0.05954298 2.3859694 5.27545786,-0.11822996 1.95663023 5.30246782,-0.11149911 2.48143268 5.23095131,-0.07476465 2.02899384 5.3237319,-0.18772699 2.56024575 5.17710876,-0.04237108 2.11644244 5.3299222,-0.28309706 2.61503315 5.11726046,-0.02796629 2.21540284 5.3206563,-0.39013442 2.64065361 5.05510807,-0.03690555 2.31972432 5.2965064,-0.14636241 1.91737306 5.28298473,-0.07206417 2.42144132 5.25896692,-0.09918763 1.97972655 5.31271839,-0.13327883 2.51183724 5.21035862,-0.05849674 2.05797243 5.32805967,-0.21723782 2.58264828 5.15368891,-0.03162403 2.15035224 5.32805967,-0.31784037 2.62722206 5.09246159,-0.02503507 2.25225806 5.31271839,-0.42697302 2.64145565 5.0304637,-0.04325433 2.35674572 5.28298473,-0.12680572 1.93675637 5.2965064,-0.08806732 2.45542693 5.24069691,-0.08066531 2.00503778 5.3206563,-0.15812318 2.53960657 5.18847084,-0.04381847 2.08895659 5.3299222,-0.24900253 2.60149097 5.12953663,-0.02342005 2.18565106 5.3237319,-0.3537429 2.63528419 5.06753874,-0.02533087 2.28955078 5.30246782,-0.46374422 2.63800311 5.00631142,-0.5 2.63492322 4.99449492,-0.5 2.63889313 5.00631142,-0.05313026 2.39304471 5.26744509,-0.10712063 1.95827818 5.30787659,-0.10745647 2.48748302 5.22082996,-0.06307257 2.03254056 5.32620192,-0.18577985 2.56436276 5.16550493,-0.03111655 2.12176538 5.32930088,-0.2826471 2.61651635 5.10489178,-0.0180622 2.22202063 5.31698179,-0.39036185 2.63912034 5.04273939,-0.02902437 2.32686734 5.29000664,-0.13607545 1.91787851 5.29000664,-0.06654256 2.42816949 5.25004339,-0.08769912 1.9820118 5.31698179,-0.13007459 2.5171833 5.1995635,-0.04681839 2.06215096 5.32930088,-0.21594582 2.58576751 5.1416893,-0.02075336 2.15616274 5.32620192,-0.31776488 2.62752342 5.07999992,-0.01580901 2.25910044 5.30787659,-0.42724487 2.638695 5.01831055,-0.03622814 2.36377192 5.27545786,-0.1159111 1.93782949 5.30246782,-0.08343752 2.46166945 5.23095131,-0.06894744 2.00797296 5.3237319,-0.15570641 2.54412794 5.17710876,-0.032302 2.09372687 5.3299222,-0.2482733 2.60352898 5.11726046,-0.01305879 2.19186139 5.3206563,-0.35392463 2.63437057 5.05510807,-0.01686847 2.29649591 5.2965064,-0.46393904 2.63403797 4.99449492,-0.04699373 2.39981532 5.25896692,-0.09575844 1.95996356 5.31271839,-0.10369913 2.49310613 5.21035862,-0.05127721 2.03611851 5.32805967,-0.18408245 2.56795144 5.15368891,-0.01990401 2.12706852 5.32805967,-0.28237671 2.6174078 5.09246159,-0.0083227 2.22852826 5.31271839,-0.39067948 2.6369791 5.0304637,-0.02139306 2.3337841 5.28298473,-0.1254517 1.91840041 5.2965064,-0.06131 2.43454528 5.24069691,-0.07601645 1.98433554 5.3206563,-0.12715098 2.52206111 5.18847084,-0.0350963 2.06634521 5.3299222,-0.21488434 2.58833003 5.12953663,-0.00997788 2.16192222 5.3237319,-0.31784037 2.62722206 5.06753874,-0.00678828 2.2657907 5.30246782,-0.4275758 2.63533521 5.00631142,-0.02947597 2.37052393 5.26744509,-0.10473429 1.93893027 5.30787659,-0.07910288 2.46751404 5.22082996,-0.05709541 2.01094174 5.32620192,-0.15355963 2.54814434 5.16550493,-0.02079983 2.09849119 5.32930088,-0.24775113 2.60498834 5.10489178,-0.00284192 2.19798517 5.31698179,-0.35422701 2.63285041 5.04273939,-0.00864629 2.30324364 5.29000664,-0.4641625 2.62948918 4.98289108,-0.5 2.63036895 4.98289108,-0.04114864 2.40626454 5.25004339,-0.08417162 1.96168232 5.31698179,-0.10023645 2.49828839 5.1995635,-0.03940789 2.0397191 5.32930088,-0.18263897 2.57100344 5.1416893,-0.00876133 2.13233852 5.32620192,-0.28228649 2.61770535 5.07999992,0.00122799 2.23490977 5.30787659,-0.39108646 2.63423538 5.01831055,-0.01403057 2.34045696 5.27545786,-0.11451755 1.91893756 5.30246782,-0.05637948 2.44055319 5.23095131,-0.06416868 1.98669219 5.3237319,-0.12451527 2.5264585 5.17710876,-0.02335963 2.07054472 5.3299222,-0.21405599 2.59032989 5.11726046,0.00067562 2.16761661 5.3206563,-0.31806672 2.62631845 5.05510807,0.00200471 2.27231216 5.2965064,-0.42796493 2.63138437 4.99449492,-0.02301461 2.37698531 5.25896692,-0.09330309 1.9400562 5.31271839,-0.07507415 2.47294617 5.21035862,-0.04513869 2.01393676 5.32805967,-0.15168816 2.55164552 5.15368891,-0.00934058 2.10323787 5.32805967,-0.2474373 2.60586548 5.09246159,0.00720517 2.20400715 5.31271839,-0.35464931 2.63072729 5.0304637,-0.00068478 2.3097775 5.28298473,-0.46441406 2.62436867 4.97152901,-0.5 2.62524223 4.97152901,-0.03560952 2.41237593 5.24069691,-0.072389 1.96343005 5.3206563,-0.09707701 2.50301695 5.18847084,-0.02749413 2.04333305 5.3299222,-0.18145302 2.57351112 5.12953663,0.00228378 2.13756251 5.3237319,-0.28237671 2.6174078 5.06753874,0.01056613 2.24114943 5.30246782,-0.39158186 2.63089585 5.00631142,-0.00695522 2.34686971 5.26744509,-0.10330019 1.91948867 5.30787659,-0.05176327 2.44617796 5.22082996,-0.05218525 1.9890759 5.32620192,-0.12217399 2.53036451 5.16550493,-0.01163755 2.07473898 5.32930088,-0.21346283 2.59176183 5.10489178,0.01118067 2.17323184 5.31698179,-0.31844333 2.62481475 5.04273939,0.01054808 2.27864838 5.29000664,-0.4284113 2.62685204 4.98289108,-0.01686012 2.38313985 5.25004339,-0.0816459 1.94120431 5.31698179,-0.07136136 2.47795224 5.1995635,-0.03310701 2.01695061 5.32930088,-0.15009667 2.55462313 5.1416893,0.00204727 2.10795474 5.32620192,-0.2473326 2.60615802 5.07999992,0.01705748 2.2099123 5.30787659,-0.35519043 2.62800694 5.01831055,0.00699626 2.31608105 5.27545786,-0.4646931 2.61868858 4.96043634,-0.5 2.61332273 4.94964123,-0.5 2.61955547 4.96043634,-0.03039015 2.41813469 5.23095131,-0.06043987 1.96520257 5.3237319,-0.09422869 2.50727963 5.17710876,-0.01556554 2.04695153 5.3299222,-0.18052754 2.57546782 5.11726046,0.01320387 2.14272738 5.3206563,-0.2826471 2.61651635 5.05510807,0.01966851 2.24723148 5.2965064,-0.39216438 2.62696862 4.99449492,-0.0001846 2.35300636 5.25896692,-0.09182751 1.92005217 5.31271839,-0.04747286 2.451406 5.21035862,-0.04009598 1.99148059 5.32805967,-0.12013298 2.53376985 5.15368891,4.08E-05 2.0789175 5.32805967,-0.21310635 2.59262252 5.09246159,0.02151114 2.17875361 5.31271839,-0.31896928 2.622715 5.0304637,0.01882059 2.2847836 5.28298473,-0.42891383 2.62174988 4.97152901,-0.0110278 2.38897228 5.24069691,-0.06979171 1.94237185 5.3206563,-0.06797372 2.4825201 5.18847084,-0.02103026 2.01997566 5.3299222,-0.14878911 2.5570693 5.12953663,0.0133354 2.11263037 5.3237319,-0.2474373 2.60586548 5.06753874,0.02669054 2.21568608 5.30246782,-0.35584909 2.62469554 5.00631142,0.01437774 2.32213879 5.26744509,-0.4649989 2.61246347 4.94964123,-0.02550351 2.42352629 5.22082996,-0.04835392 1.96699536 5.32620192,-0.09169857 2.5110662 5.16550493,-0.00365177 2.05056548 5.32930088,-0.17986484 2.57686901 5.10489178,0.02397178 2.14782023 5.31698179,-0.28309706 2.61503315 5.04273939,0.02851249 2.25314069 5.29000664,-0.39283261 2.62246394 4.98289108,0.00626446 2.35885143 5.25004339,-0.08012803 1.920627 5.31698179,-0.04351889 2.45622373 5.1995635,-0.0279309 1.99390042 5.32930088,-0.1183973 2.53666568 5.1416893,0.01164639 2.08307004 5.32620192,-0.21298742 2.59290957 5.07999992,0.03164134 2.1841681 5.30787659,-0.31964326 2.62002444 5.01831055,0.02680169 2.29070282 5.27545786,-0.42947122 2.61609054 4.96043634,-0.00553216 2.39446783 5.23095131,-0.05777 1.94355583 5.3237319,-0.06491967 2.48663783 5.17710876,-0.00893849 2.02300453 5.3299222,-0.14776872 2.55897832 5.11726046,0.02449576 2.1172533 5.3206563,-0.24775113 2.60498834 5.05510807,0.03608038 2.22131419 5.2965064,-0.35662362 2.62080193 4.99449492,0.02144132 2.32793593 5.25896692,-0.46533075 2.6057086 4.93916988,-0.5 2.60655975 4.93916988,-0.02096174 2.42853737 5.21035862,-0.03616121 1.968804 5.32805967,-0.08949293 2.51436734 5.15368891,0.00821754 2.05416608 5.32805967,-0.17946655 2.57771111 5.09246159,0.03456074 2.15282845 5.31271839,-0.28372541 2.61296177 5.0304637,0.03707609 2.25886273 5.28298473,-0.39358488 2.61739254 4.97152901,0.01237594 2.36439037 5.24069691,-0.06823083 1.92121148 5.3206563,-0.03991121 2.46061993 5.18847084,-0.01572027 1.99632919 5.3299222,-0.11697128 2.53904486 5.12953663,0.02315035 2.0871861 5.3237319,-0.21310635 2.59262252 5.06753874,0.0415461 2.18946242 5.30246782,-0.3204636 2.61674953 5.00631142,0.03447153 2.29639101 5.26744509,-0.43008214 2.60988784 4.94964123,-0.00038685 2.39961314 5.22082996,-0.04561064 1.94475341 5.32620192,-0.06220679 2.49029589 5.16550493,0.00313826 2.02602959 5.32930088,-0.14703807 2.56034541 5.10489178,0.03550059 2.12181163 5.31698179,-0.2482733 2.60352898 5.04273939,0.04520367 2.22678256 5.29000664,-0.35751206 2.61633515 4.98289108,0.02816942 2.33345747 5.25004339,-0.46568781 2.59844089 4.92904902,-0.5 2.59151101 4.91930294,-0.5 2.59928322 4.92904902,-0.01677613 2.4331553 5.1995635,-0.02389206 1.97062397 5.32930088,-0.08761726 2.51717448 5.1416893,0.0200129 2.05774426 5.32620192,-0.17933369 2.57799196 5.07999992,0.04494443 2.15773964 5.30787659,-0.28453058 2.61030746 5.01831055,0.04533801 2.26438332 5.27545786,-0.39441928 2.61176729 4.96043634,0.01813462 2.36960983 5.23095131,-0.0561655 1.92180419 5.3237319,-0.03665878 2.46458292 5.17710876,-0.00349445 1.99876106 5.3299222,-0.11585847 2.54090142 5.11726046,0.03452409 2.09125566 5.3206563,-0.21346283 2.59176183 5.05510807,0.05120079 2.19462299 5.2965064,-0.32142824 2.61289835 4.99449492,0.04181103 2.30183434 5.25896692,-0.43074504 2.60315752 4.93916988,0.00439533 2.40439534 5.21035862,-0.03334387 1.94596159 5.32805967,-0.05984183 2.4934845 5.15368891,0.01516995 2.02904344 5.32805967,-0.14659895 2.56116676 5.09246159,0.04632254 2.12629414 5.31271839,-0.24900253 2.60149097 5.0304637,0.05403772 2.23207736 5.28298473,-0.35851225 2.61130691 4.97152901,0.03454532 2.33869004 5.24069691,-0.46606916 2.59067822 4.91930294,-0.0129571 2.43736911 5.18847084,-0.01157696 1.97245073 5.3299222,-0.08607622 2.51948071 5.12953663,0.03170498 2.06129098 5.3237319,-0.17946655 2.57771111 5.06753874,0.05509703 2.16254139 5.30246782,-0.28551063 2.60707664 5.00631142,0.05327772 2.26968837 5.26744509,-0.39533383 2.60560203 4.94964123,0.0235262 2.37449646 5.22082996,-0.04396202 1.92240369 5.32620192,-0.03376969 2.46810317 5.16550493,0.00871618 2.00118995 5.32930088,-0.11506162 2.54223084 5.10489178,0.04573934 2.09526873 5.31698179,-0.21405599 2.59032989 5.04273939,0.0605814 2.19963694 5.29000664,-0.3225348 2.60848069 4.98289108,0.04880196 2.30701923 5.25004339,-0.43145826 2.59591579 4.92904902,0.0088025 2.40880251 5.1995635,-0.0210002 1.94717741 5.32930088,-0.05783068 2.49619627 5.1416893,0.02712667 2.03203845 5.32620192,-0.14645244 2.56144094 5.07999992,0.0569347 2.13068986 5.30787659,-0.249937 2.59887934 5.01831055,0.06256057 2.23718572 5.27545786,-0.3596217 2.60572934 4.96043634,0.04055317 2.34362054 5.23095131,-0.46647388 2.5824399 4.90995693,-0.5 2.58326292 4.90995693,-0.00951412 2.44116783 5.17710876,0.00075347 1.97427976 5.3299222,-0.08487364 2.52128053 5.11726046,0.04326471 2.06479764 5.3206563,-0.17986484 2.57686901 5.05510807,0.06499331 2.16722202 5.2965064,-0.28666306 2.60327768 4.99449492,0.06087548 2.27476501 5.25896692,-0.39632615 2.59891224 4.93916988,0.02853727 2.37903833 5.21035862,-0.03165076 1.92300856 5.32805967,-0.03125111 2.47117209 5.15368891,0.02088126 2.00360966 5.32805967,-0.11458271 2.54302979 5.09246159,0.0567682 2.09921479 5.31271839,-0.21488434 2.58833003 5.0304637,0.06966462 2.20449209 5.28298473,-0.32378051 2.60350752 4.97152901,0.05542693 2.3119328 5.24069691,-0.43222007 2.58818126 4.91930294,0.01282369 2.41282368 5.18847084,-0.0086103 1.94839764 5.3299222,-0.05617833 2.49842429 5.12953663,0.03897869 2.03500724 5.3237319,-0.14659895 2.56116676 5.06753874,0.06731069 2.13498783 5.30246782,-0.25107437 2.5957005 5.00631142,0.07075103 2.24209499 5.26744509,-0.36083764 2.59961653 4.94964123,0.04617803 2.3482368 5.22082996,-0.46690094 2.57374668 4.9010334,-0.5 2.57455921 4.9010334,-0.00645577 2.44454217 5.16550493,0.01306857 1.97610652 5.32930088,-0.08401252 2.52256918 5.10489178,0.05466335 2.06825519 5.31698179,-0.18052754 2.57546782 5.04273939,0.07460865 2.17176962 5.29000664,-0.28798506 2.59891963 4.98289108,0.0681124 2.27960062 5.25004339,-0.39739385 2.59171438 4.92904902,0.03315538 2.38322377 5.1995635,-0.01926229 1.92361712 5.32930088,-0.02910933 2.47378206 5.1416893,0.03297053 2.00601435 5.32620192,-0.11442294 2.54329658 5.07999992,0.06758326 2.10308456 5.30787659,-0.21594582 2.58576751 5.01831055,0.07842786 2.20917606 5.27545786,-0.32516229 2.59799123 4.96043634,0.06166947 2.31656241 5.23095131,-0.43302852 2.57997298 4.90995693,0.01644891 2.41644883 5.17710876,0.00379502 1.94961953 5.3299222,-0.05488889 2.50016284 5.11726046,0.05069656 2.03794241 5.3206563,-0.14703807 2.56034541 5.05510807,0.07742471 2.13917708 5.2965064,-0.25241184 2.59196258 4.99449492,0.07858873 2.24679279 5.25896692,-0.36215705 2.59298325 4.93916988,0.05140592 2.35252714 5.21035862,-0.46734932 2.56462002 4.89255476,-0.5 2.55587244 4.88454199,-0.5 2.56542134 4.89255476,-0.00378965 2.44748378 5.15368891,0.02533772 1.97792649 5.32805967,-0.08349498 2.5233438 5.09246159,0.06587256 2.07165551 5.31271839,-0.18145302 2.57351112 5.0304637,0.08391915 2.17617321 5.28298473,-0.2894733 2.59401345 4.97152901,0.07497048 2.28418303 5.24069691,-0.39853424 2.58402658 4.91930294,0.03736904 2.387043 5.18847084,-0.00682744 1.92422807 5.3299222,-0.02734965 2.47592616 5.12953663,0.04495395 2.00839806 5.3237319,-0.11458271 2.54302979 5.06753874,0.07815764 2.10686803 5.30246782,-0.21723782 2.58264828 5.00631142,0.08684933 2.21367741 5.26744509,-0.32667673 2.59194541 4.94964123,0.06751407 2.3208971 5.22082996,-0.43388164 2.571311 4.9010334,0.01966915 2.41966915 5.16550493,0.01618493 1.95083976 5.32930088,-0.05396556 2.50140786 5.10489178,0.06225113 2.04083657 5.31698179,-0.14776872 2.55897832 5.04273939,0.08725161 2.1432476 5.29000664,-0.25394607 2.58767462 4.98289108,0.0860542 2.25126743 5.25004339,-0.36357662 2.58584666 4.92904902,0.05622384 2.35648108 5.1995635,-0.46781787 2.55508232 4.88454199,-0.00152239 2.44998527 5.1416893,0.03753043 1.97973514 5.32620192,-0.08332232 2.52360225 5.07999992,0.07686447 2.07499003 5.30787659,-0.18263897 2.57100344 5.01831055,0.09290167 2.18042159 5.27545786,-0.29112411 2.58857155 4.96043634,0.08143267 2.28850079 5.23095131,-0.39974451 2.57586765 4.90995693,0.04116777 2.39048576 5.17710876,0.00562289 1.92483962 5.3299222,-0.02597645 2.47759938 5.11726046,0.05680173 2.01075482 5.3206563,-0.11506162 2.54223084 5.05510807,0.08846504 2.11055613 5.2965064,-0.21875708 2.57898045 4.99449492,0.0949081 2.21798491 5.25896692,-0.32832 2.58538508 4.93916988,0.07294618 2.3249259 5.21035862,-0.43477729 2.56221724 4.89255476,0.02247639 2.42247629 5.15368891,0.0285286 1.95205557 5.32805967,-0.05341065 2.50215602 5.09246159,0.07361368 2.04368281 5.31271839,-0.14878911 2.5570693 5.0304637,0.09676697 2.1471889 5.28298473,-0.25567326 2.5828476 4.97152901,0.09312887 2.25550771 5.24069691,-0.36509287 2.57822394 4.91930294,0.06061982 2.36008883 5.18847084,-0.46830544 2.54515791 4.87701559,-0.5 2.54593587 4.87701559,0.00034038 2.45204043 5.12953663,0.04961637 1.98152792 5.3237319,-0.08349498 2.5233438 5.06753874,0.08761176 2.07825017 5.30246782,-0.18408245 2.56795144 5.00631142,0.10153387 2.18450427 5.26744509,-0.29293334 2.58260727 4.94964123,0.08748291 2.29254365 5.22082996,-0.4010216 2.56725812 4.9010334,0.04454214 2.3935442 5.16550493,0.01805775 1.92545056 5.32930088,-0.02499315 2.47879744 5.10489178,0.0684844 2.01307869 5.31698179,-0.11585847 2.54090142 5.04273939,0.09847984 2.11413956 5.29000664,-0.22049986 2.57477307 4.98289108,0.10258414 2.22208786 5.25004339,-0.33008805 2.57832646 4.92904902,0.07795231 2.32863855 5.1995635,-0.43571326 2.55271435 4.88454199,0.02486367 2.42486358 5.1416893,0.04079537 1.95326364 5.32620192,-0.05322552 2.50240564 5.07999992,0.08475596 2.04647374 5.30787659,-0.15009667 2.55462313 5.01831055,0.10594713 2.15099144 5.27545786,-0.2575891 2.57749319 4.96043634,0.09979515 2.25950336 5.23095131,-0.36670202 2.57013416 4.90995693,0.06458291 2.36334133 5.17710876,-0.4688108 2.53487086 4.86999369,-0.5 2.53563666 4.86999369,0.00179403 2.45364428 5.11726046,0.06156551 1.98330033 5.3206563,-0.08401252 2.52256918 5.05510807,0.09808771 2.08142781 5.2965064,-0.18577985 2.56436276 4.99449492,0.1097943 2.18841124 5.25896692,-0.29489654 2.5761354 4.93916988,0.09310617 2.29630089 5.21035862,-0.40236241 2.55821919 4.89255476,0.04748375 2.39621043 5.15368891,0.03044621 1.92605913 5.32805967,-0.02440219 2.4795177 5.09246159,0.07997292 2.01536369 5.31271839,-0.11697128 2.53904486 5.0304637,0.10817713 2.11760926 5.28298473,-0.22246182 2.57003641 4.97152901,0.10985836 2.22597599 5.24069691,-0.3319765 2.57078743 4.91930294,0.08252001 2.33202624 5.18847084,-0.4366872 2.54282546 4.87701559,0.02682504 2.42682505 5.12953663,0.05295472 1.95446134 5.3237319,-0.05341065 2.50215602 5.06753874,0.09565028 2.04920268 5.30246782,-0.15168816 2.55164552 5.00631142,0.11476927 2.15464568 5.26744509,-0.25968882 2.57162476 4.94964123,0.10603646 2.26324439 5.22082996,-0.36840004 2.56159782 4.9010334,0.06810328 2.36623025 5.16550493,-0.4693327 2.52424717 4.86349344,-0.5 2.5250001 4.86349344,0.00283493 2.45479274 5.10489178,0.07334813 1.98504817 5.31698179,-0.08487364 2.52128053 5.04273939,0.10826627 2.08451557 5.29000664,-0.18772699 2.56024575 4.98289108,0.11766241 2.19213247 5.25004339,-0.29700881 2.56917214 4.92904902,0.09828845 2.29976344 5.1995635,-0.40376353 2.54877353 4.88454199,0.04998529 2.39847755 5.1416893,0.04275748 1.92666399 5.32620192,-0.02420504 2.47975779 5.07999992,0.09123872 2.01760459 5.30787659,-0.1183973 2.53666568 5.01831055,0.11753281 2.12095666 5.27545786,-0.22463807 2.56478262 4.96043634,0.11671266 2.22963977 5.23095131,-0.33398065 2.56278634 4.90995693,0.08663792 2.33508039 5.17710876,-0.43769673 2.53257585 4.86999369,0.02835564 2.42835569 5.11726046,0.06497644 1.95564532 5.3206563,-0.05396556 2.50140786 5.05510807,0.10626953 2.05186272 5.2965064,-0.15355963 2.54814434 4.99449492,0.12321144 2.15814257 5.25896692,-0.26196721 2.56525707 4.93916988,0.11183731 2.26672125 5.21035862,-0.37018272 2.55263567 4.89255476,0.07117217 2.3687489 5.15368891,-0.46986985 2.51331306 4.85753202,-0.5 2.51405263 4.85753202,0.00346052 2.45548296 5.09246159,0.08493494 1.98676693 5.31271839,-0.08607622 2.51948071 5.0304637,0.11812213 2.08750534 5.28298473,-0.18991899 2.55561113 4.97152901,0.12511864 2.19565916 5.24069691,-0.29926491 2.56173491 4.91930294,0.10301687 2.30292296 5.18847084,-0.40522152 2.53894472 4.87701559,0.05204054 2.40034032 5.12953663,0.05496095 1.9272635 5.3237319,-0.02440219 2.4795177 5.06753874,0.10225382 2.01979566 5.30246782,-0.12013298 2.53376985 5.00631142,0.12652363 2.12417364 5.26744509,-0.22702321 2.55902433 4.94964123,0.12313002 2.2330699 5.22082996,-0.33609548 2.55434346 4.9010334,0.09029581 2.33779311 5.16550493,-0.4387393 2.52199054 4.86349344,0.02945164 2.4294517 5.10489178,0.07683063 1.95681286 5.31698179,-0.05488889 2.50016284 5.04273939,0.11658733 2.05444717 5.29000664,-0.15570641 2.54412794 4.98289108,0.13125268 2.16147351 5.25004339,-0.2644186 2.55840588 4.92904902,0.11718325 2.26992536 5.1995635,-0.37204564 2.54327011 4.88454199,0.07378194 2.37089062 5.1416893,-0.47042093 2.5020957 4.85212374,-0.5 2.50282168 4.85212374,0.00366922 2.45571327 5.07999992,0.09629714 1.98845232 5.30787659,-0.08761726 2.51717448 5.01831055,0.1276308 2.09038973 5.27545786,-0.19235043 2.55047035 4.96043634,0.13214447 2.198982 5.23095131,-0.30165923 2.55384183 4.90995693,0.10727967 2.30577135 5.17710876,-0.40673274 2.52875686 4.86999369,0.05364439 2.40179396 5.11726046,0.06702629 1.92785621 5.3206563,-0.02499315 2.47879744 5.05510807,0.1129908 2.02193141 5.2965064,-0.12217399 2.53036451 4.99449492,0.13512722 2.1272521 5.25896692,-0.22961131 2.5527761 4.93916988,0.12909448 2.23625803 5.21035862,-0.33831578 2.54547954 4.89255476,0.09348459 2.34015822 5.15368891,-0.4398123 2.51109576 4.85753202,0.03011034 2.43011045 5.09246159,0.08848782 1.95796096 5.31271839,-0.05617833 2.49842429 5.0304637,0.12657803 2.05694962 5.28298473,-0.15812318 2.53960657 4.97152901,0.13887297 2.16462994 5.24069691,-0.26703691 2.55108809 4.91930294,0.122061 2.27284908 5.18847084,-0.37398416 2.53352451 4.87701559,0.07592613 2.37265038 5.12953663,-0.47098455 2.490623 4.84728146,-0.5 2.49133515 4.84728146,0.00346052 2.45548296 5.06753874,0.10740647 1.99010026 5.30246782,-0.08949293 2.51436734 5.00631142,0.13676864 2.09316158 5.26744509,-0.19501524 2.54483604 4.94964123,0.1387224 2.20209312 5.22082996,-0.30418581 2.54551291 4.9010334,0.11106627 2.30830145 5.16550493,-0.40829346 2.51823521 4.86349344,0.05479285 2.40283489 5.10489178,0.07892349 1.92844069 5.31698179,-0.02597645 2.47759938 5.04273939,0.12342299 2.02400661 5.29000664,-0.12451527 2.5264585 4.98289108,0.1433222 2.13018441 5.25004339,-0.23239593 2.54605341 4.92904902,0.13459121 2.23919606 5.1995635,-0.34063599 2.53621674 4.88454199,0.09619631 2.34216928 5.1416893,-0.44091314 2.49991894 4.85212374,0.03033009 2.43033004 5.07999992,0.09991902 1.95908689 5.30787659,-0.05783068 2.49619627 5.01831055,0.13621677 2.05936408 5.27545786,-0.16080393 2.5345912 4.96043634,0.14605337 2.16760397 5.23095131,-0.26981565 2.54332209 4.90995693,0.12645844 2.2754848 5.17710876,-0.37599346 2.52342296 4.86999369,0.07759937 2.37402344 5.11726046,-0.47155932 2.47892356 4.84301805,-0.5 2.47962165 4.84301805,0.00283493 2.45479274 5.05510807,0.11823532 1.99170649 5.2965064,-0.09169857 2.5110662 4.99449492,0.14551291 2.09581423 5.25896692,-0.19790681 2.53872252 4.93916988,0.1448361 2.20498466 5.21035862,-0.30683833 2.53676867 4.89255476,0.11436725 2.31050706 5.15368891,-0.40989977 2.50740647 4.85753202,0.05548308 2.4034605 5.09246159,0.09062297 1.9290154 5.31271839,-0.02734965 2.47592616 5.0304637,0.13352445 2.02601576 5.28298473,-0.12715098 2.52206111 4.97152901,0.15108818 2.13296318 5.24069691,-0.23537016 2.53887296 4.91930294,0.13960654 2.24187684 5.18847084,-0.34305036 2.52657795 4.87701559,0.09842425 2.34382176 5.12953663,-0.44203901 2.48848772 4.84728146,0.03011034 2.43011045 5.06753874,0.11109583 1.96018767 5.30246782,-0.05984183 2.4934845 5.00631142,0.14547962 2.06168413 5.26744509,-0.16374199 2.52909446 4.94964123,0.15277603 2.1703887 5.22082996,-0.27274784 2.53512716 4.9010334,0.13036461 2.27782607 5.16550493,-0.37806854 2.51299071 4.86349344,0.07879753 2.37500691 5.10489178,-0.4721438 2.46702623 4.83934402,-0.5 2.46771002 4.83934402,0.00179403 2.45364428 5.04273939,0.12875676 1.9932673 5.29000664,-0.09422869 2.50727963 4.98289108,0.1538419 2.09834075 5.25004339,-0.20101793 2.53214455 4.92904902,0.15047038 2.20764947 5.1995635,-0.30961028 2.52763081 4.88454199,0.11717439 2.3123827 5.1416893,-0.41154766 2.49629712 4.85212374,0.05571334 2.40366912 5.07999992,0.10209565 1.92957902 5.30787659,-0.02910933 2.47378206 5.01831055,0.14327005 2.02795434 5.27545786,-0.13007459 2.5171833 4.96043634,0.15840589 2.13558149 5.23095131,-0.23852658 2.53125262 4.90995693,0.14412799 2.24429369 5.17710876,-0.34555292 2.51658726 4.86999369,0.10016286 2.34511113 5.11726046,-0.44318715 2.47683072 4.84301805,0.02945164 2.4294517 5.05510807,0.12199046 1.96126068 5.2965064,-0.06220679 2.49029589 4.99449492,0.15434352 2.06390452 5.25896692,-0.16693006 2.52312994 4.93916988,0.15902427 2.17297673 5.21035862,-0.27582628 2.52652359 4.89255476,0.13376984 2.27986693 5.15368891,-0.38020426 2.50225377 4.85753202,0.07951761 2.37559772 5.09246159,-0.47273651 2.45496106 4.83626795,-0.5 2.4556303 4.83626795,0.00034038 2.45204043 5.0304637,0.13894464 1.99477851 5.28298473,-0.09707701 2.50301695 4.97152901,0.16173488 2.10073519 5.24069691,-0.2043409 2.52511859 4.91930294,0.1556112 2.2100811 5.18847084,-0.3124947 2.5181222 4.87701559,0.11948071 2.31392384 5.12953663,-0.4132331 2.48493505 4.84728146,0.05548308 2.4034605 5.06753874,0.11331301 1.93013012 5.30246782,-0.03125111 2.47117209 5.00631142,0.15263557 2.02981734 5.26744509,-0.13327883 2.51183724 4.94964123,0.16525708 2.13803267 5.22082996,-0.24185736 2.52321148 4.9010334,0.14814436 2.24644041 5.16550493,-0.34813738 2.50626945 4.86349344,0.10140782 2.34603453 5.10489178,-0.44435468 2.46497655 4.83934402,0.02835564 2.42835569 5.04273939,0.1325758 1.96230328 5.29000664,-0.06491967 2.48663783 4.98289108,0.16278644 2.0660193 5.25004339,-0.17036022 2.51671267 4.92904902,0.16478249 2.17536187 5.1995635,-0.27904323 2.51753283 4.88454199,0.13666563 2.28160262 5.1416893,-0.3823953 2.49123883 4.85212374,0.07975784 2.37579489 5.07999992,-0.47333604 2.44275737 4.83379793,-0.5 2.44341207 4.83379793,-0.00152239 2.44998527 5.01831055,0.14877363 1.99623644 5.27545786,-0.10023645 2.49828839 4.96043634,0.16917223 2.1029911 5.23095131,-0.20786744 2.51766253 4.90995693,0.16024581 2.21227312 5.17710876,-0.31548443 2.50826621 4.86999369,0.1212805 2.31512642 5.11726046,-0.41495183 2.47334814 4.84301805,0.05479285 2.40283489 5.05510807,0.12424716 1.93066728 5.2965064,-0.03376969 2.46810317 4.99449492,0.16159774 2.0316 5.25896692,-0.13675572 2.50603652 4.93916988,0.17162478 2.14031124 5.21035862,-0.24535424 2.51476932 4.89255476,0.15164563 2.24831176 5.15368891,-0.35079738 2.49565029 4.85753202,0.10215604 2.34658933 5.09246159,-0.4455387 2.45295477 4.83626795,0.02682504 2.42682505 5.0304637,0.14282556 1.96331275 5.28298473,-0.06797372 2.4825201 4.97152901,0.17078739 2.06802344 5.24069691,-0.17402393 2.50985837 4.91930294,0.17003644 2.17753816 5.18847084,-0.28239074 2.50817704 4.87701559,0.13904481 2.2830286 5.12953663,-0.38463622 2.47997284 4.84728146,0.07951761 2.37559772 5.06753874,-0.47394085 2.43044615 4.83194017,-0.5 2.43108582 4.83194017,-0.00378965 2.44748378 5.00631142,0.15821928 1.99763763 5.26744509,-0.10369913 2.49310613 4.94964123,0.17613547 2.10510349 5.22082996,-0.21158877 2.50979424 4.9010334,0.16436267 2.21422005 5.16550493,-0.31857207 2.49808764 4.86349344,0.12256927 2.31598759 5.10489178,-0.41669962 2.46156549 4.83934402,0.05364439 2.40179396 5.04273939,0.13487092 1.93118918 5.29000664,-0.03665878 2.46458292 4.98289108,0.17013426 2.03329802 5.25004339,-0.14049663 2.4997952 4.92904902,0.17749311 2.14241099 5.1995635,-0.24900848 2.50594711 4.88454199,0.15462309 2.24990344 5.1416893,-0.35352626 2.48475599 4.85212374,0.10240564 2.34677458 5.07999992,-0.44673631 2.44079542 4.83379793,0.02486367 2.42486358 5.01831055,0.15271425 1.96428668 5.27545786,-0.07136136 2.47795224 4.96043634,0.17832649 2.06991196 5.23095131,-0.17791207 2.50258422 4.90995693,0.17477302 2.1795001 5.17710876,-0.28586048 2.49847984 4.86999369,0.14090143 2.28414154 5.11726046,-0.38692144 2.4684844 4.84301805,0.07879753 2.37500691 5.05510807,-0.47454944 2.41805768 4.83069897,-0.5 2.41868258 4.83069897,-0.00645577 2.44454217 4.99449492,0.16725811 1.99897838 5.25896692,-0.10745647 2.48748302 4.93916988,0.18260728 2.10706663 5.21035862,-0.21549566 2.50153399 4.89255476,0.16795154 2.21591759 5.15368891,-0.32174993 2.48761177 4.85753202,0.12334381 2.31650496 5.09246159,-0.41847211 2.44961643 4.83626795,0.05204054 2.40034032 5.0304637,0.14515786 1.93169463 5.28298473,-0.03991121 2.46061993 4.97152901,0.17822392 2.0349071 5.24069691,-0.14449224 2.49312878 4.91930294,0.1828475 2.14432669 5.18847084,-0.25281101 2.49676704 4.87701559,0.15706937 2.25121093 5.12953663,-0.35631725 2.47361374 4.84728146,0.10215604 2.34658933 5.06753874,-0.44794446 2.42852855 4.83194017,0.02247639 2.42247629 5.00631142,0.16221727 1.96522272 5.26744509,-0.07507415 2.47294617 4.94964123,0.18538499 2.07168007 5.22082996,-0.18201499 2.49490809 4.9010334,0.17898045 2.18124294 5.16550493,-0.28944385 2.48846507 4.86349344,0.1422309 2.28493834 5.10489178,-0.38924524 2.45680165 4.83934402,0.07759937 2.37402344 5.04273939,-0.47516033 2.40562296 4.83007765,-0.5 2.39376736 4.83007765,-0.5 2.4062326 4.83007765,-0.00951412 2.44116783 4.98289108,0.17586768 2.00025558 5.25004339,-0.11149911 2.48143268 4.92904902,0.18857157 2.10887599 5.1995635,-0.2195784 2.49290156 4.88454199,0.17100352 2.21736097 5.1416893,-0.32501006 2.47686458 4.85212374,0.12360221 2.31667757 5.07999992,-0.4202649 2.43753052 4.83379793,0.04998529 2.39847755 5.01831055,0.15508242 1.93218219 5.27545786,-0.04351889 2.45622373 4.96043634,0.1858466 2.03642344 5.23095131,-0.14873263 2.48605418 4.90995693,0.18767464 2.14605403 5.17710876,-0.25675243 2.48725152 4.86999369,0.15897836 2.25223136 5.11726046,-0.35916343 2.46225119 4.84301805,0.10140782 2.34603453 5.05510807,-0.44916022 2.4161849 4.83069897,0.01966915 2.41966915 4.99449492,0.17131102 1.96611834 5.25896692,-0.07910288 2.46751404 4.93916988,0.19194533 2.07332325 5.21035862,-0.1863225 2.48684931 4.89255476,0.1826483 2.18276215 5.15368891,-0.29313189 2.47815776 4.85753202,0.1430299 2.28541732 5.09246159,-0.39160192 2.44495392 4.83626795,0.07592613 2.37265038 5.0304637,-0.47577199 2.3931725 4.83007765,-0.0129571 2.43736911 4.97152901,0.18402655 2.0014658 5.24069691,-0.11581701 2.47497058 4.91930294,0.19401354 2.1105268 5.18847084,-0.22382681 2.48391914 4.87701559,0.173511 2.21854687 5.12953663,-0.32834443 2.46587253 4.84728146,0.12334381 2.31650496 5.06753874,-0.42207351 2.42533779 4.83194017,0.04748375 2.39621043 5.00631142,0.16461994 1.93265069 5.26744509,-0.04747286 2.451406 4.94964123,0.19298334 2.03784299 5.22082996,-0.15320726 2.47858882 4.9010334,0.19196254 2.14758825 5.16550493,-0.26082286 2.47742462 4.86349344,0.16034533 2.25296187 5.10489178,-0.36205769 2.45069647 4.83934402,0.10016286 2.34511113 5.04273939,-0.45038053 2.403795 4.83007765,0.01644891 2.41644883 4.98289108,0.17997287 1.96697152 5.25004339,-0.08343752 2.46166945 4.92904902,0.19799122 2.07483768 5.1995635,-0.19082387 2.47842789 4.88454199,0.18576743 2.18405414 5.1416893,-0.29691547 2.46758318 4.85212374,0.14329645 2.28557706 5.07999992,-0.39398557 2.43297052 4.83379793,0.07378194 2.37089062 5.01831055,-0.47638288 2.38073778 4.83069897,-0.5 2.38131738 4.83069897,-0.01677613 2.4331553 4.96043634,0.19171444 2.00260615 5.23095131,-0.12039943 2.46811247 4.90995693,0.19891961 2.11201501 5.17710876,-0.22823034 2.47460866 4.86999369,0.17546776 2.21947241 5.11726046,-0.3317447 2.45466328 4.84301805,0.12256927 2.31598759 5.05510807,-0.42389348 2.41306853 4.83069897,0.04454214 2.3935442 4.99449492,0.17374668 1.93309903 5.25896692,-0.05176327 2.44617796 4.93916988,0.19961642 2.0391624 5.21035862,-0.157905 2.47075105 4.89255476,0.19570051 2.14892554 5.15368891,-0.2650122 2.46731067 4.85753202,0.16116688 2.25340104 5.09246159,-0.36499286 2.43897867 4.83626795,0.09842425 2.34382176 5.0304637,-0.45160234 2.39138961 4.83007765,0.01282369 2.41282368 4.97152901,0.1881813 1.96777999 5.24069691,-0.08806732 2.45542693 4.91930294,0.20350762 2.07621956 5.18847084,-0.19550791 2.46966457 4.87701559,0.18833008 2.18511558 5.12953663,-0.30078515 2.45676827 4.84728146,0.1430299 2.28541732 5.06753874,-0.39639029 2.42088127 4.83194017,0.07117217 2.3687489 5.00631142,-0.47699147 2.36834931 4.83194017,-0.5 2.35658789 4.83379793,-0.5 2.36891413 4.83194017,-0.02096174 2.42853737 4.94964123,0.19891225 2.00367379 5.22082996,-0.12523499 2.46087551 4.9010334,0.20327762 2.11333704 5.16550493,-0.23277807 2.46499324 4.86349344,0.17686895 2.22013521 5.10489178,-0.33520246 2.44326472 4.83934402,0.1212805 2.31512642 5.04273939,-0.42572024 2.4007535 4.83007765,0.04116777 2.39048576 4.98289108,0.18243995 1.93352616 5.25004339,-0.05637948 2.44055319 4.92904902,0.20572934 2.04037833 5.1995635,-0.16281417 2.46256065 4.88454199,0.19887927 2.15006304 5.1416893,-0.26931009 2.45693469 4.85212374,0.16144095 2.25354767 5.07999992,-0.36796165 2.42712665 4.83379793,0.09619631 2.34216928 5.01831055,-0.45282263 2.37899971 4.83069897,0.0088025 2.40880251 4.96043634,0.19591589 1.96854174 5.23095131,-0.09298073 2.44880199 4.90995693,0.20848081 2.0774653 5.17710876,-0.200363 2.4605813 4.86999369,0.19032991 2.18594408 5.11726046,-0.30473134 2.44573927 4.84301805,0.1422309 2.28493834 5.05510807,-0.39881006 2.4087162 4.83069897,0.06810328 2.36623025 4.99449492,-0.47759628 2.35603809 4.83379793,-0.02550351 2.42352629 4.93916988,0.20560208 2.00466609 5.21035862,-0.13031164 2.45327783 4.89255476,0.20707671 2.11448932 5.15368891,-0.23745866 2.45509696 4.85753202,0.17771104 2.22053337 5.09246159,-0.33870906 2.431705 4.83626795,0.11948071 2.31392384 5.0304637,-0.42754927 2.38842297 4.83007765,0.03736904 2.387043 4.97152901,0.19067815 1.93393087 5.24069691,-0.06131 2.43454528 4.91930294,0.21130688 2.04148769 5.18847084,-0.16792257 2.45403767 4.87701559,0.20149092 2.1509974 5.12953663,-0.27370578 2.44632244 4.84728146,0.16116688 2.25340104 5.06753874,-0.37095666 2.41516995 4.83194017,0.09348459 2.34015822 5.00631142,-0.45403838 2.36665606 4.83194017,0.00439533 2.40439534 4.94964123,0.20315741 1.96925497 5.22082996,-0.09816555 2.44181108 4.9010334,0.21289843 2.0785718 5.16550493,-0.20537704 2.45120072 4.86349344,0.19176191 2.18653727 5.10489178,-0.30874422 2.43452406 4.83934402,0.14090143 2.28414154 5.04273939,-0.40123892 2.39650559 4.83007765,0.06458291 2.36334133 4.98289108,-0.47819582 2.3438344 4.83626795,-0.5 2.34436965 4.83626795,-0.03039015 2.41813469 4.92904902,0.21176729 2.00558066 5.1995635,-0.13561679 2.44533801 4.88454199,0.21030745 2.11546946 5.1416893,-0.24226049 2.44494438 4.85212374,0.17799197 2.22066641 5.07999992,-0.3422558 2.42001295 4.83379793,0.11717439 2.3123827 5.01831055,-0.42937607 2.37610793 4.83069897,0.03315538 2.38322377 4.96043634,0.19844081 1.93431222 5.23095131,-0.06654256 2.42816949 4.90995693,0.21633522 2.04248786 5.17710876,-0.17321749 2.44520378 4.86999369,0.20352899 2.15172672 5.11726046,-0.27818841 2.43550062 4.84301805,0.16034533 2.25296187 5.05510807,-0.37397042 2.40313816 4.83069897,0.09029581 2.33779311 4.99449492,-0.45524657 2.35438943 4.83379793,-0.00038685 2.39961314 4.93916988,0.20988788 1.96991789 5.21035862,-0.1036089 2.43447161 4.89255476,0.2167495 2.07953644 5.15368891,-0.21053758 2.4415462 4.85753202,0.19262254 2.1868937 5.09246159,-0.31281382 2.4231503 4.83626795,0.13904481 2.2830286 5.0304637,-0.40367079 2.38427973 4.83007765,0.06061982 2.36008883 4.97152901,-0.47878855 2.33176923 4.83934402,-0.5 2.3203783 4.84301805,-0.5 2.33228993 4.83934402,-0.03560952 2.41237593 4.91930294,0.21739256 2.00641513 5.18847084,-0.14113723 2.43707609 4.87701559,0.21296181 2.1162746 5.12953663,-0.2471716 2.43456078 4.84728146,0.17771104 2.22053337 5.06753874,-0.3458339 2.40821743 4.83194017,0.11436725 2.31050706 5.00631142,-0.431196 2.36383867 4.83194017,0.02853727 2.37903833 4.94964123,0.20570861 1.93466926 5.22082996,-0.07206417 2.42144132 4.9010334,0.22080182 2.04337645 5.16550493,-0.17868578 2.43608046 4.86349344,0.20498836 2.15224886 5.10489178,-0.28274673 2.4244957 4.83934402,0.15897836 2.25223136 5.04273939,-0.3769955 2.39106154 4.83007765,0.08663792 2.33508039 4.98289108,-0.45644414 2.34223008 4.83626795,-0.00553216 2.39446783 4.92904902,0.21609053 1.97052872 5.1995635,-0.10929724 2.42680168 4.88454199,0.22002444 2.08035684 5.1416893,-0.21583179 2.43164134 4.85212374,0.19290964 2.18701267 5.07999992,-0.31693 2.41164637 4.83379793,0.13666563 2.28160262 5.01831055,-0.40609962 2.37206912 4.83069897,0.05622384 2.35648108 4.96043634,-0.47937301 2.3198719 4.84301805,-0.04114864 2.40626454 4.90995693,0.22246391 2.00716734 5.17710876,-0.14685924 2.42851257 4.86999369,0.21503319 2.11690307 5.11726046,-0.2521798 2.42397189 4.84301805,0.17686895 2.22013521 5.05510807,-0.34943441 2.39634824 4.83069897,0.11106627 2.30830145 4.99449492,-0.43300465 2.35164618 4.83379793,0.0235262 2.37449646 4.93916988,0.2124635 1.93500113 5.21035862,-0.07786109 2.41437769 4.89255476,0.22469558 2.04415083 5.15368891,-0.18431383 2.42669058 4.85753202,0.20586544 2.15256262 5.09246159,-0.28736952 2.41333532 4.83626795,0.15706937 2.25121093 5.0304637,-0.38002431 2.37896967 4.83007765,0.08252001 2.33202624 4.97152901,-0.45762819 2.3302083 4.83934402,-0.0110278 2.38897228 4.91930294,0.22174998 1.97108614 5.18847084,-0.11521643 2.41882062 4.87701559,0.22271511 2.08103061 5.12953663,-0.2212465 2.42151117 4.84728146,0.19262254 2.1868937 5.06753874,-0.32108253 2.40004086 4.83194017,0.13376984 2.27986693 5.00631142,-0.40851942 2.35990405 4.83194017,0.05140592 2.35252714 4.94964123,-0.47994778 2.30817246 4.84728146,-0.5 2.3086648 4.84728146,-0.04699373 2.39981532 4.9010334,0.22696872 2.00783563 5.16550493,-0.1527686 2.41966844 4.86349344,0.21651644 2.11735296 5.10489178,-0.25727266 2.41320395 4.83934402,0.17546776 2.21947241 5.04273939,-0.35304841 2.38443446 4.83007765,0.10727967 2.30577135 4.98289108,-0.43479741 2.33956003 4.83626795,0.01813462 2.36960983 4.92904902,0.21868865 1.93530691 5.1995635,-0.08391892 2.40699625 4.88454199,0.22800682 2.04480958 5.1416893,-0.19008768 2.41705751 4.85212374,0.20615804 2.15266728 5.07999992,-0.29204521 2.40204716 4.83379793,0.15462309 2.24990344 5.01831055,-0.3830494 2.36689305 4.83069897,0.07795231 2.32863855 4.96043634,-0.45879573 2.31835413 4.84301805,-0.01686012 2.38313985 4.90995693,0.22685212 1.97158873 5.17710876,-0.12135174 2.41054797 4.86999369,0.22481483 2.08155656 5.11726046,-0.22676824 2.41118073 4.84301805,0.19176191 2.18653727 5.05510807,-0.32526112 2.38836241 4.83069897,0.13036461 2.27782607 4.99449492,-0.41092411 2.3478148 4.83379793,0.04617803 2.3482368 4.93916988,-0.4805114 2.29669976 4.85212374,-0.5 2.28594732 4.85753202,-0.5 2.29717827 4.85212374,-0.05313026 2.39304471 4.89255476,0.2308958 2.00841808 5.15368891,-0.15885063 2.41056609 4.85753202,0.21740787 2.11762333 5.09246159,-0.26243746 2.40228367 4.83626795,0.173511 2.21854687 5.0304637,-0.35666692 2.3725059 4.83007765,0.10301687 2.30292296 4.97152901,-0.4365699 2.32761097 4.83934402,0.01237594 2.36439037 4.91930294,0.22436863 1.93558598 5.18847084,-0.09022259 2.39931512 4.87701559,0.23072733 2.04535079 5.12953663,-0.19599292 2.4072051 4.84728146,0.20586544 2.15256262 5.06753874,-0.29676223 2.39065933 4.83194017,0.15164563 2.24831176 5.00631142,-0.38606319 2.35486126 4.83194017,0.07294618 2.3249259 4.94964123,-0.45994386 2.30669689 4.84728146,-0.02301461 2.37698531 4.9010334,0.23138429 1.97203505 5.16550493,-0.12768793 2.40200472 4.86349344,0.22631836 2.08193326 5.10489178,-0.23238331 2.40067554 4.83934402,0.19032991 2.18594408 5.04273939,-0.32945535 2.37664032 4.83007765,0.12645844 2.2754848 4.98289108,-0.41330776 2.3358314 4.83626795,0.04055317 2.34362054 4.92904902,-0.48106247 2.28548241 4.85753202,-0.05954298 2.3859694 4.88454199,0.23423538 2.00891352 5.1416893,-0.16509016 2.40122795 4.85212374,0.21770525 2.11771345 5.07999992,-0.26766142 2.39123869 4.83379793,0.17100352 2.21736097 5.01831055,-0.3602809 2.36059213 4.83069897,0.09828845 2.29976344 4.96043634,-0.43831769 2.31582832 4.84301805,0.00626446 2.35885143 4.90995693,0.2294893 1.93583751 5.17710876,-0.09675643 2.39135361 4.86999369,0.23285031 2.04577303 5.11726046,-0.20201491 2.39715815 4.84301805,0.20498836 2.15224886 5.05510807,-0.30150878 2.37920022 4.83069897,0.14814436 2.24644041 4.99449492,-0.38905817 2.34290457 4.83379793,0.06751407 2.3208971 4.93916988,-0.46106973 2.29526567 4.85212374,-0.02947597 2.37052393 4.89255476,0.23533523 1.97242415 5.15368891,-0.13420926 2.39321184 4.85753202,0.22722198 2.08215952 5.09246159,-0.23807772 2.39002204 4.83626795,0.18833008 2.18511558 5.0304637,-0.33365479 2.36490369 4.83007765,0.122061 2.27284908 4.97152901,-0.41566443 2.32398367 4.83934402,0.03454532 2.33869004 4.91930294,-0.48159963 2.27454829 4.86349344,-0.5 2.2750001 4.86349344,-0.06621595 2.37860703 4.87701559,0.23697916 2.0093205 5.12953663,-0.17147173 2.39167738 4.84728146,0.21740787 2.11762333 5.06753874,-0.27293152 2.38009596 4.83194017,0.16795154 2.21591759 5.00631142,-0.36388144 2.3487227 4.83194017,0.09310617 2.29630089 4.94964123,-0.44003642 2.30424166 4.84728146,-0.0001846 2.35300636 4.9010334,0.23403791 1.93606102 5.16550493,-0.1035042 2.3831315 4.86349344,0.23437053 2.04607534 5.10489178,-0.20813867 2.38694119 4.83934402,0.20352899 2.15172672 5.04273939,-0.30627313 2.36769795 4.83007765,0.14412799 2.24429369 4.98289108,-0.39202696 2.33105254 4.83626795,0.06166947 2.31656241 4.92904902,-0.46217054 2.28408885 4.85753202,-0.03622814 2.36377192 4.88454199,0.23869509 1.97275507 5.1416893,-0.14089949 2.38419104 4.85212374,0.22752345 2.0822351 5.07999992,-0.24383734 2.37924671 4.83379793,0.18576743 2.18405414 5.01831055,-0.33784902 2.3531816 4.83069897,0.11718325 2.26992536 4.96043634,-0.41798824 2.31230092 4.84301805,0.02816942 2.33345747 4.90995693,-0.48212153 2.2639246 4.86999369,-0.5 2.26436353 4.86999369,-0.07313257 2.37097573 4.86999369,0.2391203 2.00963807 5.11726046,-0.17797945 2.38193774 4.84301805,0.21651644 2.11735296 5.05510807,-0.27823463 2.36888337 4.83069897,0.16436267 2.21422005 4.99449492,-0.36745951 2.33692741 4.83379793,0.08748291 2.29254365 4.93916988,-0.44172186 2.29287934 4.85212374,-0.00695522 2.34686971 4.89255476,0.23800318 1.93625581 5.15368891,-0.11044911 2.37466908 4.85753202,0.23528416 2.04625702 5.09246159,-0.21434897 2.37658 4.83626795,0.20149092 2.1509974 5.0304637,-0.31104341 2.35618162 4.83007765,0.13960654 2.24187684 4.97152901,-0.39496213 2.31933475 4.83934402,0.05542693 2.3119328 4.91930294,-0.46324357 2.27319431 4.86349344,-0.04325433 2.35674572 4.87701559,0.24145554 1.97302699 5.12953663,-0.147742 2.37496495 4.84728146,0.22722198 2.08215952 5.06753874,-0.24964783 2.36837602 4.83194017,0.1826483 2.18276215 5.00631142,-0.3420276 2.34150338 4.83194017,0.11183731 2.26672125 4.94964123,-0.42027345 2.30081248 4.84728146,0.02144132 2.32793593 4.9010334,-0.48262689 2.25363755 4.87701559,-0.5 2.25406408 4.87701559,-0.08027565 2.36309457 4.86349344,0.24065353 2.00986552 5.10489178,-0.18459716 2.3720336 4.83934402,0.21503319 2.11690307 5.04273939,-0.28355765 2.35762882 4.83007765,0.16024581 2.21227312 4.98289108,-0.37100628 2.32523537 4.83626795,0.08143267 2.28850079 4.92904902,-0.44336978 2.28176999 4.85753202,-0.01403057 2.34045696 4.88454199,0.24137522 1.93642139 5.1416893,-0.11757392 2.36598754 4.85212374,0.23558895 2.04631782 5.07999992,-0.22063038 2.36610007 4.83379793,0.19887927 2.15006304 5.01831055,-0.31580779 2.34467936 4.83069897,0.13459121 2.23919606 4.96043634,-0.39785638 2.30778003 4.84301805,0.04880196 2.30701923 4.90995693,-0.46428615 2.262609 4.86999369,-0.05053707 2.34946299 4.86999369,0.2436097 1.97323918 5.11726046,-0.15471978 2.36555648 4.84301805,0.22631836 2.08193326 5.05510807,-0.25549474 2.35743713 4.83069897,0.17898045 2.18124294 4.99449492,-0.34618014 2.32989764 4.83379793,0.10603646 2.26324439 4.93916988,-0.42251438 2.28954649 4.85212374,0.01437774 2.32213879 4.89255476,-0.48311445 2.24371314 4.88454199,-0.5 2.23457861 4.89255476,-0.5 2.24412751 4.88454199,-0.08762743 2.35498309 4.85753202,0.24157497 2.01000237 5.09246159,-0.19130838 2.36198974 4.83626795,0.21296181 2.1162746 5.0304637,-0.28888726 2.34636045 4.83007765,0.1556112 2.2100811 4.97152901,-0.37451288 2.31367564 4.83934402,0.07497048 2.28418303 4.91930294,-0.44497606 2.27094126 4.86349344,-0.02139306 2.3337841 4.87701559,0.24414569 1.93655753 5.12953663,-0.12486088 2.35710835 4.84728146,0.23528416 2.04625702 5.06753874,-0.22696728 2.35552764 4.83194017,0.19570051 2.14892554 5.00631142,-0.32055435 2.33322001 4.83194017,0.12909448 2.23625803 4.94964123,-0.40070257 2.29641747 4.84728146,0.04181103 2.30183434 4.9010334,-0.46529564 2.25235915 4.87701559,-0.05805826 2.34194183 4.86349344,0.24515222 1.97339106 5.10489178,-0.16181548 2.35598898 4.83934402,0.22481483 2.08155656 5.04273939,-0.26136357 2.34645724 4.83007765,0.17477302 2.1795001 4.98289108,-0.35029635 2.31839371 4.83626795,0.09979515 2.25950336 4.92904902,-0.42470542 2.27853155 4.85753202,0.00699626 2.31608105 4.88454199,-0.483583 2.23417544 4.89255476,-0.09516964 2.34666157 4.85212374,0.24188238 2.01004791 5.07999992,-0.19809644 2.35183072 4.83379793,0.21030745 2.11546946 5.01831055,-0.29421026 2.3351059 4.83069897,0.15047038 2.20764947 4.96043634,-0.37797061 2.30227709 4.84301805,0.0681124 2.27960062 4.90995693,-0.44653678 2.26041985 4.86999369,-0.02902437 2.32686734 4.86999369,0.24630766 1.93666375 5.11726046,-0.13229191 2.34805369 4.84301805,0.23437053 2.04607534 5.05510807,-0.23334388 2.34488893 4.83069897,0.19196254 2.14758825 4.99449492,-0.32527137 2.32183218 4.83379793,0.12313002 2.2330699 4.93916988,-0.40349355 2.28527522 4.85212374,0.03447153 2.29639101 4.89255476,-0.46626961 2.2424705 4.88454199,-0.0657992 2.33420086 4.85753202,0.24607927 1.97348237 5.09246159,-0.16901146 2.3462863 4.83626795,0.22271511 2.08103061 5.0304637,-0.26723969 2.335464 4.83007765,0.17003644 2.17753816 4.97152901,-0.35436592 2.30701995 4.83934402,0.09312887 2.25550771 4.91930294,-0.42684114 2.26779437 4.86349344,-0.00068478 2.3097775 4.87701559,-0.48403138 2.22504878 4.9010334,-0.5 2.22544074 4.9010334,-0.10288351 2.3381505 4.84728146,0.24157497 2.01000237 5.06753874,-0.20494446 2.34158182 4.83194017,0.20707671 2.11448932 5.00631142,-0.2995134 2.32389331 4.83194017,0.1448361 2.20498466 4.94964123,-0.38137087 2.29106784 4.84728146,0.06087548 2.27476501 4.9010334,-0.448048 2.25023198 4.87701559,-0.03690555 2.31972432 4.86349344,0.24785578 1.9367398 5.10489178,-0.13984852 2.33884597 4.83934402,0.23285031 2.04577303 5.04273939,-0.2397444 2.33421016 4.83007765,0.18767464 2.14605403 4.98289108,-0.32994705 2.31054401 4.83626795,0.11671266 2.22963977 4.92904902,-0.40622243 2.27438092 4.85753202,0.02680169 2.29070282 4.88454199,-0.46720555 2.23296738 4.89255476,-0.07374063 2.32625937 4.85212374,0.24638854 1.97351289 5.07999992,-0.17628983 2.33647275 4.83379793,0.22002444 2.08035684 5.01831055,-0.27310851 2.32448411 4.83069897,0.16478249 2.17536187 4.96043634,-0.3583788 2.29580474 4.84301805,0.0860542 2.25126743 4.90995693,-0.42891622 2.25736237 4.86999369,-0.00864629 2.30324364 4.86999369,-0.48445845 2.21635556 4.90995693,-0.5 2.21673703 4.90995693,-0.11074989 2.32947135 4.84301805,0.24065353 2.00986552 5.05510807,-0.21183543 2.33126879 4.83069897,0.20327762 2.11333704 4.99449492,-0.30478349 2.31275058 4.83379793,0.1387224 2.20209312 4.93916988,-0.38470525 2.28007579 4.85212374,0.05327772 2.26968837 4.89255476,-0.44950601 2.24040294 4.88454199,-0.04501699 2.31237268 4.85753202,0.2487862 1.93678546 5.09246159,-0.14751191 2.32950807 4.83626795,0.23072733 2.04535079 5.0304637,-0.24615286 2.32351828 4.83007765,0.1828475 2.14432669 4.97152901,-0.33456981 2.29938388 4.83934402,0.10985836 2.22597599 4.91930294,-0.40888244 2.26376176 4.86349344,0.01882059 2.2847836 4.87701559,-0.46810123 2.22387362 4.9010334,-0.08186283 2.31813717 4.84728146,0.24607927 1.97348237 5.06753874,-0.18363248 2.32657218 4.83194017,0.2167495 2.07953644 5.00631142,-0.27895543 2.31354523 4.83194017,0.15902427 2.17297673 4.94964123,-0.36232498 2.28477597 4.84728146,0.07858873 2.24679279 4.9010334,-0.43092552 2.24726081 4.87701559,-0.01686847 2.29649591 4.86349344,-0.48486316 2.20811725 4.91930294,-0.5 2.20071697 4.92904902,-0.5 2.20848894 4.91930294,-0.11874919 2.32064533 4.83934402,0.2391203 2.00963807 5.04273939,-0.21875219 2.32091713 4.83007765,0.19891961 2.11201501 4.98289108,-0.31000745 2.3017056 4.83626795,0.13214447 2.198982 4.92904902,-0.38796541 2.26932859 4.85753202,0.04533801 2.26438332 4.88454199,-0.45090714 2.23095727 4.89255476,-0.05333853 2.30483031 4.85212374,0.24909659 1.93680072 5.07999992,-0.15526305 2.32006311 4.83379793,0.22800682 2.04480958 5.01831055,-0.25255337 2.31283975 4.83069897,0.17749311 2.14241099 4.96043634,-0.33912817 2.28837895 4.84301805,0.10258414 2.22208786 4.90995693,-0.4114669 2.25344396 4.86999369,0.01054808 2.27864838 4.86999369,-0.46895435 2.21521187 4.90995693,-0.0901456 2.30985451 4.84301805,0.24515222 1.97339106 5.05510807,-0.19102117 2.31660962 4.83069897,0.21289843 2.0785718 4.99449492,-0.28476593 2.30267453 4.83379793,0.15277603 2.1703887 4.93916988,-0.3661947 2.27396083 4.85212374,0.07075103 2.24209499 4.89255476,-0.43286404 2.23751521 4.88454199,-0.02533087 2.28955078 4.85753202,-0.48524451 2.20035458 4.92904902,-0.12686154 2.31169486 4.83626795,0.23697916 2.0093205 5.0304637,-0.22567756 2.3105526 4.83007765,0.19401354 2.1105268 4.97152901,-0.31517226 2.29078531 4.83934402,0.12511864 2.19565916 4.91930294,-0.39114323 2.25885272 4.86349344,0.03707609 2.25886273 4.87701559,-0.45224792 2.22191834 4.9010334,-0.06184947 2.29711652 4.84728146,0.2487862 1.93678546 5.06753874,-0.16308266 2.31053495 4.83194017,0.22469558 2.04415083 5.00631142,-0.25893 2.30220103 4.83194017,0.17162478 2.14031124 4.94964123,-0.34361076 2.2775569 4.84728146,0.0949081 2.21798491 4.9010334,-0.41396946 2.24345326 4.87701559,0.00200471 2.27231216 4.86349344,-0.4697628 2.20700336 4.91930294,-0.09856833 2.30143166 4.83934402,0.2436097 1.97323918 5.04273939,-0.19843754 2.30660987 4.83007765,0.20848081 2.0774653 4.98289108,-0.29052556 2.2918992 4.83626795,0.14605337 2.16760397 4.92904902,-0.36997825 2.26338649 4.85753202,0.06256057 2.23718572 4.88454199,-0.43472695 2.22814965 4.89255476,-0.03401247 2.28242612 4.85212374,-0.48560157 2.19308686 4.93916988,-0.5 2.18667722 4.94964123,-0.5 2.1934402 4.93916988,-0.13506678 2.30264187 4.83379793,0.23423538 2.00891352 5.01831055,-0.23259434 2.30020094 4.83069897,0.18857157 2.10887599 4.96043634,-0.32026511 2.28001761 4.84301805,0.11766241 2.19213247 4.90995693,-0.39423087 2.24867415 4.86999369,0.02851249 2.25314069 4.86999369,-0.45352504 2.21330881 4.90995693,-0.07052868 2.28925014 4.84301805,0.24785578 1.9367398 5.05510807,-0.17095129 2.30094695 4.83069897,0.22080182 2.04337645 4.99449492,-0.26526687 2.2916286 4.83379793,0.16525708 2.13803267 4.93916988,-0.34800649 2.26694489 4.85212374,0.08684933 2.21367741 4.89255476,-0.41638383 2.23381448 4.88454199,-0.00678828 2.2657907 4.85753202,-0.47052458 2.19926882 4.92904902,-0.10711009 2.29288983 4.83626795,0.24145554 1.97302699 5.0304637,-0.20586315 2.29659772 4.83007765,0.20350762 2.07621956 4.97152901,-0.29621994 2.28124571 4.83934402,0.13887297 2.16462994 4.91930294,-0.37366632 2.25307894 4.86349344,0.05403772 2.23207736 4.87701559,-0.43650964 2.2191875 4.9010334,-0.04289167 2.27513909 4.84728146,-0.48593342 2.18633199 4.94964123,-0.14334449 2.29350877 4.83194017,0.2308958 2.00841808 5.00631142,-0.23948529 2.28988791 4.83194017,0.18260728 2.10706663 4.94964123,-0.32527331 2.26942849 4.84728146,0.1097943 2.18841124 4.9010334,-0.39722061 2.23881817 4.87701559,0.01966851 2.24723148 4.86349344,-0.45473528 2.20514989 4.91930294,-0.07935455 2.28125072 4.83934402,0.24630766 1.93666375 5.04273939,-0.1788494 2.29132318 4.83007765,0.21633522 2.04248786 4.98289108,-0.27154827 2.28114867 4.83626795,0.15840589 2.13558149 4.92904902,-0.35230434 2.25656891 4.85753202,0.07842786 2.20917606 4.88454199,-0.41870403 2.22455168 4.89255476,-0.01580901 2.25910044 4.85212374,-0.47123781 2.19202733 4.93916988,-0.11574966 2.28425026 4.83379793,0.23869509 1.97275507 5.01831055,-0.21327952 2.28659773 4.83069897,0.19799122 2.07483768 4.96043634,-0.30183503 2.27074051 4.84301805,0.13125268 2.16147351 4.90995693,-0.37724966 2.24306417 4.86999369,0.04520367 2.22678256 4.86999369,-0.43820766 2.21065092 4.90995693,-0.05194639 2.26770806 4.84301805,-0.48623922 2.18010688 4.96043634,-0.5 2.17475772 4.97152901,-0.5 2.18044472 4.96043634,-0.15167411 2.28431845 4.83069897,0.22696872 2.00783563 4.99449492,-0.24633332 2.27963901 4.83379793,0.17613547 2.10510349 4.93916988,-0.33018443 2.25904489 4.85212374,0.10153387 2.18450427 4.89255476,-0.40010506 2.22930956 4.88454199,0.01056613 2.24114943 4.85753202,-0.45587566 2.19746208 4.92904902,-0.08830515 2.27313852 4.83626795,0.24414569 1.93655753 5.0304637,-0.18675733 2.28168726 4.83007765,0.21130688 2.04148769 4.97152901,-0.2777586 2.27078748 4.83934402,0.15108818 2.13296318 4.91930294,-0.35649371 2.24645472 4.86349344,0.06966462 2.20449209 4.87701559,-0.42092434 2.21568775 4.9010334,-0.02503507 2.25225806 4.84728146,-0.4719007 2.18529677 4.94964123,-0.12446554 2.27553439 4.83194017,0.23533523 1.97242415 5.00631142,-0.22066821 2.27663541 4.83194017,0.19194533 2.07332325 4.94964123,-0.30735677 2.26041007 4.84728146,0.12321144 2.15814257 4.9010334,-0.38071939 2.23336697 4.87701559,0.03608038 2.22131419 4.86349344,-0.4398168 2.20256138 4.91930294,-0.06115415 2.26015139 4.83934402,-0.48651826 2.17442679 4.97152901,-0.16003491 2.27509356 4.83007765,0.22246391 2.00716734 4.98289108,-0.25312138 2.26947999 4.83626795,0.16917223 2.1029911 4.92904902,-0.33498624 2.24889231 4.85753202,0.09290167 2.18042159 4.88454199,-0.40287697 2.22017169 4.89255476,0.00122799 2.23490977 4.85212374,-0.45694336 2.19026423 4.93916988,-0.09735823 2.26493311 4.83379793,0.24137522 1.93642139 5.01831055,-0.19465542 2.27206349 4.83069897,0.20572934 2.04037833 4.96043634,-0.28388235 2.26057053 4.84301805,0.1433222 2.13018441 4.90995693,-0.36056414 2.23662782 4.86999369,0.0605814 2.19963694 4.86999369,-0.42303917 2.20724487 4.90995693,-0.03444352 2.24528027 4.84301805,-0.47251162 2.17909408 4.96043634,-0.13323607 2.26676393 4.83069897,0.23138429 1.97203505 4.99449492,-0.22801088 2.26673484 4.83379793,0.18538499 2.07168007 4.93916988,-0.31277147 2.2502799 4.85212374,0.11476927 2.15464568 4.89255476,-0.38406691 2.22401118 4.88454199,0.02669054 2.21568608 4.85753202,-0.44133306 2.19493866 4.92904902,-0.07049202 2.25248814 4.83626795,-0.48676983 2.16930628 4.98289108,-0.5 2.16507673 4.99449492,-0.5 2.169631 4.98289108,-0.16840613 2.26585746 4.83007765,0.21739256 2.00641513 4.97152901,-0.25983262 2.25943589 4.83934402,0.16173488 2.10073519 4.91930294,-0.33966684 2.23899603 4.86349344,0.08391915 2.17617321 4.87701559,-0.40552953 2.21142745 4.9010334,-0.0083227 2.22852826 4.84728146,-0.45793572 2.18357444 4.94964123,-0.10649128 2.25665545 4.83194017,0.23800318 1.93625581 5.00631142,-0.20252407 2.26247549 4.83194017,0.19961642 2.0391624 4.94964123,-0.28990433 2.25052333 4.84728146,0.13512722 2.1272521 4.9010334,-0.36450553 2.22711253 4.87701559,0.05120079 2.19462299 4.86349344,-0.42504331 2.19924378 4.91930294,-0.04401096 2.23818445 4.83934402,-0.47306904 2.17343473 4.97152901,-0.14203945 2.25796056 4.83007765,0.22685212 1.97158873 4.98289108,-0.23528925 2.25692105 4.83626795,0.17832649 2.06991196 4.92904902,-0.31806567 2.24037528 4.85753202,0.10594713 2.15099144 4.88454199,-0.38728389 2.21502042 4.89255476,0.01705748 2.2099123 4.85212374,-0.44275263 2.18780184 4.93916988,-0.07993681 2.24473691 4.83379793,-0.48699328 2.16475749 4.99449492,-0.17676693 2.2566328 4.83069897,0.21176729 2.00558066 4.96043634,-0.26645032 2.24953175 4.84301805,0.1538419 2.09834075 4.90995693,-0.34421456 2.22938061 4.86999369,0.07460865 2.17176962 4.86999369,-0.40805608 2.20309854 4.90995693,-0.0180622 2.22202063 4.84301805,-0.45885023 2.17740917 4.96043634,-0.1156816 2.24832582 4.83069897,0.23403791 1.93606102 4.99449492,-0.21034367 2.25294733 4.83379793,0.19298334 2.03784299 4.93916988,-0.2958096 2.24067116 4.85212374,0.12652363 2.12417364 4.89255476,-0.3683081 2.21793246 4.88454199,0.0415461 2.18946242 4.85753202,-0.42693177 2.19170475 4.92904902,-0.05371361 2.2309885 4.83626795,-0.47357154 2.16833258 4.98289108,-0.15085377 2.24914622 4.83007765,0.22174998 1.97108614 4.97152901,-0.24248521 2.24721861 4.83934402,0.17078739 2.06802344 4.91930294,-0.32322621 2.23072052 4.86349344,0.09676697 2.1471889 4.87701559,-0.39036229 2.20641685 4.9010334,0.00720517 2.20400715 4.84728146,-0.44407204 2.18116879 4.94964123,-0.08946503 2.23691726 4.83194017,-0.4871881 2.16079235 5.00631142,-0.5 2.15773058 5.01831055,-0.5 2.16110682 5.00631142,-0.18509656 2.24744248 4.83194017,0.20560208 2.00466609 4.94964123,-0.27295804 2.23979235 4.84728146,0.14551291 2.09581423 4.9010334,-0.34861809 2.22007012 4.87701559,0.06499331 2.16722202 4.86349344,-0.4104504 2.19520545 4.91930294,-0.02796629 2.21540284 4.83934402,-0.45968467 2.17178392 4.97152901,-0.12490633 2.2399652 4.83007765,0.2294893 1.93583751 4.98289108,-0.21809481 2.24350238 4.83626795,0.1858466 2.03642344 4.92904902,-0.30158341 2.23103809 4.85753202,0.11753281 2.12095666 4.88454199,-0.37196234 2.20911026 4.89255476,0.03164134 2.1841681 4.85212374,-0.42869982 2.18464637 4.93916988,-0.06352735 2.22371006 4.83379793,-0.47401792 2.16380048 4.99449492,-0.15965715 2.24034286 4.83069897,0.21609053 1.97052872 4.96043634,-0.24958092 2.23765111 4.84301805,0.16278644 2.0660193 4.90995693,-0.32824028 2.22133994 4.86999369,0.08725161 2.1432476 4.86999369,-0.39329451 2.19822192 4.90995693,-0.00284192 2.19798517 4.84301805,-0.44528797 2.17505598 4.96043634,-0.09905299 2.22904873 4.83069897,-0.48735374 2.15742016 5.01831055,-0.5 2.15495682 5.0304637,-0.19337428 2.23830938 4.83379793,0.19891225 2.00367379 4.93916988,-0.27933961 2.23024154 4.85212374,0.13676864 2.09316158 4.89255476,-0.3528665 2.2110877 4.88454199,0.05509703 2.16254139 4.85753202,-0.41270649 2.18776822 4.92904902,-0.03801034 2.2086916 4.83626795,-0.46043691 2.16671252 4.98289108,-0.13414255 2.23159385 4.83007765,0.22436863 1.93558598 4.97152901,-0.22575819 2.23416471 4.83934402,0.17822392 2.0349071 4.91930294,-0.30721146 2.22164822 4.86349344,0.10817713 2.11760926 4.87701559,-0.37545919 2.2006681 4.9010334,0.02151114 2.17875361 4.84728146,-0.43034309 2.1780858 4.94964123,-0.07342778 2.21636748 4.83194017,-0.47440705 2.15984941 5.00631142,-0.16842768 2.23157239 4.83194017,0.20988788 1.96991789 4.94964123,-0.25655869 2.22824264 4.84728146,0.15434352 2.06390452 4.9010334,-0.33309534 2.21225667 4.87701559,0.07742471 2.13917708 4.86349344,-0.39607322 2.19045591 4.91930294,-0.01305879 2.19186139 4.83934402,-0.44639742 2.16947842 4.97152901,-0.10867685 2.22115064 4.83007765,-0.48748985 2.15464973 5.0304637,-0.20157951 2.22925639 4.83626795,0.19171444 2.00260615 4.92904902,-0.28557914 2.2209034 4.85753202,0.1276308 2.09038973 4.88454199,-0.35694924 2.20245552 4.89255476,0.04494443 2.15773964 4.85212374,-0.41481876 2.18080497 4.93916988,-0.0481694 2.20190358 4.83379793,-0.46110514 2.16220784 4.99449492,-0.14336728 2.22323298 4.83069897,0.21868865 1.93530691 4.96043634,-0.23331481 2.22495675 4.84301805,0.17013426 2.03329802 4.90995693,-0.31267977 2.21252489 4.86999369,0.09847984 2.11413956 4.86999369,-0.37878999 2.19262695 4.90995693,0.01118067 2.17323184 4.84301805,-0.43185753 2.17203999 4.96043634,-0.08339029 2.20897889 4.83069897,-0.47473797 2.15648961 5.01831055,-0.17714356 2.22285652 4.83379793,0.20315741 1.96925497 4.93916988,-0.26340121 2.21901655 4.85212374,0.14547962 2.06168413 4.89255476,-0.3377794 2.20349336 4.88454199,0.06731069 2.13498783 4.85753202,-0.39869153 2.18313813 4.92904902,-0.02342005 2.18565106 4.83626795,-0.44739762 2.16445017 4.98289108,-0.11831269 2.21324277 4.83007765,-0.48759606 2.15248775 5.04273939,-0.5 2.15124226 5.05510807,-0.5 2.15279222 5.04273939,-0.20969185 2.22030568 4.83934402,0.18402655 2.0014658 4.91930294,-0.29166117 2.21180105 4.86349344,0.11812213 2.08750534 4.87701559,-0.36085612 2.19419503 4.9010334,0.03456074 2.15282845 4.84728146,-0.41678199 2.1743331 4.94964123,-0.05841819 2.19505548 4.83194017,-0.46168768 2.15828061 5.00631142,-0.1525576 2.21490335 4.83194017,0.2124635 1.93500113 4.94964123,-0.24074583 2.21590209 4.84728146,0.16159774 2.0316 4.9010334,-0.31797469 2.20369101 4.87701559,0.08846504 2.11055613 4.86349344,-0.38194641 2.18500662 4.91930294,0.00067562 2.16761661 4.83934402,-0.43323931 2.16652369 4.97152901,-0.09339011 2.2015624 4.83007765,-0.47500986 2.1537292 5.0304637,-0.18578312 2.21421695 4.83626795,0.19591589 1.96854174 4.92904902,-0.27009144 2.20999575 4.85753202,0.13621677 2.05936408 4.88454199,-0.34228078 2.19507194 4.89255476,0.0569347 2.13068986 4.85212374,-0.40114293 2.17628694 4.93916988,-0.03389994 2.17936969 4.83379793,-0.44828609 2.1599834 4.99449492,-0.12793656 2.20534468 4.83069897,-0.48767212 2.1509397 5.05510807,-0.21769117 2.2114799 4.84301805,0.17586768 2.00025558 4.90995693,-0.29757053 2.20295715 4.86999369,0.10826627 2.08451557 4.86999369,-0.36457747 2.18632698 4.90995693,0.02397178 2.14782023 4.84301805,-0.41859123 2.16836882 4.96043634,-0.06873124 2.18816447 4.83069897,-0.46218306 2.15494108 5.01831055,-0.16169064 2.2066257 4.83379793,0.20570861 1.93466926 4.93916988,-0.24803281 2.20702291 4.85212374,0.15263557 2.02981734 4.89255476,-0.32308307 2.19516802 4.88454199,0.07815764 2.10686803 4.85753202,-0.38492063 2.17782617 4.92904902,-0.00997788 2.16192222 4.83626795,-0.43448502 2.16155052 4.98289108,-0.10340236 2.19413686 4.83007765,-0.47522202 2.15157509 5.04273939,-0.1943249 2.20567513 4.83934402,0.1881813 1.96777999 4.91930294,-0.27661276 2.20120287 4.86349344,0.12657803 2.05694962 4.87701559,-0.34658828 2.18701315 4.9010334,0.04632254 2.12629414 4.84728146,-0.40342134 2.16991925 4.94964123,-0.04447241 2.17303276 4.83194017,-0.44906059 2.15608978 5.00631142,-0.13752452 2.19747591 4.83194017,-0.48771784 2.15000916 5.06753874,-0.22555754 2.20280051 4.84728146,0.16725811 1.99897838 4.9010334,-0.30329254 2.19439363 4.87701559,0.09808771 2.08142781 4.86349344,-0.36810401 2.17887068 4.91930294,0.01320387 2.14272738 4.83934402,-0.42024201 2.16292691 4.97152901,-0.07908291 2.18124771 4.83007765,-0.46259007 2.15219736 5.0304637,-0.17074372 2.19842052 4.83626795,0.19844081 1.93431222 4.92904902,-0.25515759 2.19834137 4.85753202,0.14327005 2.02795434 4.88454199,-0.32799226 2.18697762 4.89255476,0.06758326 2.10308456 4.85212374,-0.38770527 2.17110348 4.93916988,-0.02075336 2.15616274 4.83379793,-0.43559158 2.15713286 4.99449492,-0.11340218 2.18672037 4.83069897,-0.47537395 2.15003252 5.05510807,-0.20274763 2.19725227 4.84301805,0.17997287 1.96697152 4.90995693,-0.28294894 2.19265938 4.86999369,0.11658733 2.05444717 4.86999369,-0.3506912 2.17933702 4.90995693,0.03550059 2.12181163 4.84301805,-0.40552106 2.16405106 4.96043634,-0.05511116 2.16665602 4.83069897,-0.44971925 2.15277839 5.01831055,-0.14705274 2.18965626 4.83379793,-0.23327141 2.19428968 4.85212374,0.15821928 1.99763763 4.89255476,-0.30881298 2.18613172 4.88454199,0.08761176 2.07825017 4.85753202,-0.37142697 2.17184472 4.92904902,0.00228378 2.13756251 4.83626795,-0.42173028 2.15802073 4.98289108,-0.08944747 2.17432237 4.83007765,-0.46290767 2.15005612 5.04273939,-0.17969432 2.19030809 4.83934402,0.19067815 1.93393087 4.91930294,-0.26210251 2.18987894 4.86349344,0.13352445 2.02601576 4.87701559,-0.33269 2.17913985 4.9010334,0.0567682 2.09921479 4.84728146,-0.39029336 2.16485524 4.94964123,-0.03162403 2.15035224 4.83194017,-0.43655622 2.15328169 5.00631142,-0.12336469 2.17933178 4.83194017,-0.47546527 2.14910555 5.06753874,-0.21103039 2.18896961 4.84728146,0.17131102 1.96611834 4.9010334,-0.28908429 2.18438697 4.87701559,0.10626953 2.05186272 4.86349344,-0.35457933 2.17206287 4.91930294,0.02449576 2.1172533 4.83934402,-0.40743688 2.15869665 4.97152901,-0.06578975 2.16025567 4.83007765,-0.45026037 2.15005803 5.0304637,-0.15649752 2.18190527 4.83626795,-0.24081361 2.18596816 4.85753202,0.14877363 1.99623644 4.88454199,-0.31411812 2.1781919 4.89255476,0.07686447 2.07499003 4.85212374,-0.37453809 2.16526699 4.93916988,-0.00876133 2.13233852 4.83379793,-0.42305225 2.15366268 4.99449492,-0.09979914 2.16740561 4.83069897,-0.46313509 2.14852309 5.05510807,-0.18852019 2.18230891 4.84301805,0.18243995 1.93352616 4.90995693,-0.2688503 2.18165684 4.86999369,0.12342299 2.02400661 4.86999369,-0.33716461 2.17167449 4.90995693,0.04573934 2.09526873 4.84301805,-0.3926785 2.15909696 4.96043634,-0.04256285 2.14450526 4.83069897,-0.43737656 2.15000677 5.01831055,-0.13326511 2.1719892 4.83379793,-0.21915258 2.18084741 4.85212374,0.16221727 1.96522272 4.89255476,-0.29500344 2.17640591 4.88454199,0.09565028 2.04920268 4.85753202,-0.35824305 2.16520858 4.92904902,0.0133354 2.11263037 4.83626795,-0.40916407 2.15386939 4.98289108,-0.07648164 2.15384722 4.83007765,-0.45068267 2.14793491 5.04273939,-0.1658354 2.17424178 4.83934402,-0.2481654 2.17785668 4.86349344,0.13894464 1.99477851 4.87701559,-0.31919479 2.17059422 4.9010334,0.06587256 2.07165551 4.84728146,-0.37742966 2.15915322 4.94964123,-0.01990401 2.12706852 4.83194017,-0.42420471 2.14986372 5.00631142,-0.1101122 2.16051459 4.83194017,-0.4632718 2.1476016 5.06753874,-0.1971994 2.17444253 4.84728146,0.17374668 1.93309903 4.9010334,-0.27538413 2.17369533 4.87701559,0.1129908 2.02193141 4.86349344,-0.341405 2.16459966 4.91930294,0.03452409 2.09125566 4.83934402,-0.39485475 2.15384316 4.97152901,-0.05354264 2.13863635 4.83007765,-0.43805054 2.14731622 5.0304637,-0.14307886 2.16471076 4.83626795,-0.22709402 2.17290592 4.85753202,0.15271425 1.96428668 4.88454199,-0.30069178 2.16873598 4.89255476,0.08475596 2.04647374 4.85212374,-0.36167321 2.1587913 4.93916988,0.00204727 2.10795474 4.83379793,-0.41069829 2.14958143 4.99449492,-0.08716023 2.14744663 4.83069897,-0.45098504 2.14641476 5.05510807,-0.17504315 2.1666851 4.84301805,-0.25530848 2.16997552 4.86999369,0.12875676 1.9932673 4.86999369,-0.32403034 2.16335726 4.90995693,0.05466335 2.06825519 4.84301805,-0.38009447 2.15351892 4.96043634,-0.03111655 2.12176538 4.83069897,-0.42518473 2.14663291 5.01831055,-0.12036099 2.15366673 4.83379793,-0.20571035 2.1667285 4.85212374,0.16461994 1.93265069 4.89255476,-0.2816878 2.16601419 4.88454199,0.10225382 2.01979566 4.85753202,-0.34540063 2.15793347 4.92904902,0.02315035 2.0871861 4.83626795,-0.3968167 2.1491065 4.98289108,-0.06453609 2.13276029 4.83007765,-0.43857649 2.14521646 5.04273939,-0.15278152 2.15751481 4.83934402,-0.23483495 2.16516495 4.86349344,0.14282556 1.96331275 4.87701559,-0.30613515 2.1613965 4.9010334,0.07361368 2.04368281 4.84728146,-0.36486128 2.15282679 4.94964123,-0.00934058 2.10323787 4.83194017,-0.41203576 2.14584351 5.00631142,-0.09779898 2.14107013 4.83194017,-0.45116678 2.14550114 5.06753874,-0.18409789 2.15925407 4.84728146,-0.26222509 2.16234422 4.87701559,0.11823532 1.99170649 4.86349344,-0.32861274 2.15649915 4.91930294,0.04326471 2.06479764 4.83934402,-0.38252592 2.14837813 4.97152901,-0.04237108 2.11644244 4.83007765,-0.42598993 2.1439786 5.0304637,-0.13052005 2.14687872 4.83626795,-0.21403189 2.15918636 4.85753202,0.15508242 1.93218219 4.88454199,-0.28774562 2.15863276 4.89255476,0.09123872 2.01760459 4.85212374,-0.34914154 2.15169215 4.93916988,0.01164639 2.08307004 4.83379793,-0.39855948 2.14489913 4.99449492,-0.07551588 2.12689137 4.83069897,-0.4389531 2.143713 5.05510807,-0.16234896 2.150419 4.84301805,-0.24235615 2.1576438 4.86999369,0.1325758 1.96230328 4.86999369,-0.31131998 2.15440559 4.90995693,0.06225113 2.04083657 4.84301805,-0.36779934 2.14733005 4.96043634,-0.02079983 2.09849119 4.83069897,-0.41317314 2.14266491 5.01831055,-0.10837144 2.1347332 4.83379793,-0.19297709 2.15196729 4.85212374,-0.26889807 2.15498161 4.88454199,0.10740647 1.99010026 4.85753202,-0.33293065 2.15003705 4.92904902,0.03170498 2.06129098 4.83626795,-0.38471791 2.14374352 4.98289108,-0.05363962 2.11111283 4.83007765,-0.42661828 2.14190722 5.04273939,-0.1405641 2.14016747 4.83934402,-0.22214332 2.15183473 4.86349344,0.14515786 1.93169463 4.87701559,-0.29354253 2.15156913 4.9010334,0.07997292 2.01536369 4.84728146,-0.35261843 2.14589119 4.94964123,4.08E-05 2.0789175 4.83194017,-0.40007874 2.1412313 5.00631142,-0.0864547 2.12104464 4.83194017,-0.43917945 2.14280915 5.06753874,-0.1717574 2.1434412 4.84728146,-0.24963889 2.15036106 4.87701559,0.12199046 1.96126068 4.86349344,-0.3162334 2.14778066 4.91930294,0.05069656 2.03794241 4.83934402,-0.37048009 2.14231467 4.97152901,-0.032302 2.09372687 4.83007765,-0.41410762 2.14005303 5.0304637,-0.11885134 2.12845182 4.83626795,-0.20165868 2.14484239 4.85753202,-0.27531078 2.1479063 4.89255476,0.09629714 1.98845232 4.85212374,-0.33697331 2.1439867 4.93916988,0.0200129 2.05774426 4.83379793,-0.38666505 2.13962674 4.99449492,-0.06489415 2.10578966 4.83069897,-0.4270682 2.14042401 5.05510807,-0.15046819 2.13354969 4.84301805,-0.2300245 2.14469147 4.86999369,0.13487092 1.93118918 4.86999369,-0.29906416 2.14484096 4.90995693,0.0684844 2.01307869 4.84301805,-0.35582265 2.14054537 4.96043634,-0.01163755 2.07473898 4.83069897,-0.40137073 2.13811207 5.01831055,-0.09732537 2.11523414 4.83379793,-0.18098345 2.13659883 4.85212374,-0.25666508 2.14333487 4.88454199,0.11109583 1.96018767 4.85753202,-0.32086316 2.14153814 4.92904902,0.03897869 2.03500724 4.83626795,-0.37289685 2.1377933 4.98289108,-0.04381847 2.08895659 4.83007765,-0.41483685 2.13801503 5.04273939,-0.1292126 2.1222415 4.83934402,-0.21012108 2.13789749 4.86349344,-0.28144732 2.14113569 4.9010334,0.08493494 1.98676693 4.84728146,-0.34073064 2.13836336 4.94964123,0.00821754 2.05416608 4.83194017,-0.38836247 2.13603783 5.00631142,-0.0761067 2.10048652 4.83194017,-0.42733863 2.13953257 5.06753874,-0.16020769 2.12704206 4.84728146,-0.23765582 2.13777494 4.87701559,0.12424716 1.93066728 4.86349344,-0.30429673 2.13846517 4.91930294,0.05680173 2.01075482 4.83934402,-0.35874626 2.13566756 4.97152901,-0.02335963 2.07054472 4.83007765,-0.40243223 2.13554955 5.0304637,-0.10810085 2.10947442 4.83626795,-0.1900042 2.12990856 4.85753202,-0.26341724 2.13658285 4.89255476,0.09991902 1.95908689 4.85212374,-0.32519782 2.13569355 4.93916988,0.02712667 2.03203845 4.83379793,-0.37504363 2.1337769 4.99449492,-0.05532064 2.08419228 4.83069897,-0.41535902 2.13655567 5.05510807,-0.13942948 2.11611772 4.84301805,-0.21834326 2.13114977 4.86999369,-0.28729242 2.13468671 4.90995693,0.07334813 1.98504817 4.84301805,-0.34419334 2.1331811 4.96043634,-0.00365177 2.05056548 4.83069897,-0.38980594 2.13298583 5.01831055,-0.08724938 2.09521651 4.83379793,-0.16975838 2.12066031 4.85212374,-0.2450183 2.13110185 4.88454199,0.11331301 1.93013012 4.85753202,-0.30922723 2.13245726 4.92904902,0.04495395 2.00839806 4.83626795,-0.36138198 2.13127017 4.98289108,-0.0350963 2.06634521 4.83007765,-0.40326059 2.13354969 5.04273939,-0.11875436 2.10378003 4.83934402,-0.19879718 2.12338734 4.86349344,-0.2698786 2.13012147 4.9010334,0.08848782 1.95796096 4.84728146,-0.32922655 2.13026142 4.94964123,0.01516995 2.02904344 4.83194017,-0.3769151 2.13027573 5.00631142,-0.06677988 2.0794456 4.83194017,-0.41567284 2.13567853 5.06753874,-0.14947656 2.11009574 4.84728146,-0.22630477 2.12461591 4.87701559,-0.29283151 2.12857509 4.91930294,0.06156551 1.98330033 4.83934402,-0.34735274 2.12845278 4.97152901,-0.01556554 2.04695153 4.83007765,-0.3909919 2.13047838 5.0304637,-0.09829449 2.08999252 4.83626795,-0.17909652 2.11442089 4.85753202,-0.25209364 2.1246891 4.89255476,0.10209565 1.92957902 4.85212374,-0.31384343 2.12683249 4.93916988,0.03297053 2.00601435 4.83379793,-0.36372328 2.12736392 4.99449492,-0.04681839 2.06215096 4.83069897,-0.40385374 2.13211751 5.05510807,-0.12925941 2.09816504 4.84301805,-0.20734054 2.11705112 4.86999369,-0.2760331 2.12396693 4.90995693,0.07683063 1.95681286 4.84301805,-0.33293936 2.12525511 4.96043634,0.00313826 2.02602959 4.83069897,-0.3785066 2.12729812 5.01831055,-0.07816774 2.07472873 4.83379793,-0.15932888 2.10419035 4.85212374,-0.23398581 2.11831212 4.88454199,-0.29805088 2.12281656 4.92904902,0.04961637 1.98152792 4.83626795,-0.35020107 2.12418985 4.98289108,-0.02749413 2.04333305 4.83007765,-0.39191738 2.12852144 5.04273939,-0.10921457 2.08482766 4.83934402,-0.18819889 2.10833883 4.86349344,-0.25886428 2.11855268 4.9010334,0.09062297 1.9290154 4.84728146,-0.31813386 2.12160444 4.94964123,0.02088126 2.00360966 4.83194017,-0.36576429 2.12395883 5.00631142,-0.05849674 2.05797243 4.83194017,-0.40421021 2.13125706 5.06753874,-0.13958988 2.09264326 4.84728146,-0.21561307 2.11091566 4.87701559,-0.28186542 2.1181345 4.91930294,0.06497644 1.95564532 4.83934402,-0.33632699 2.12068748 4.97152901,-0.00893849 2.02300453 4.83007765,-0.37981415 2.12485194 5.0304637,-0.08945587 2.07005286 4.83626795,-0.16896193 2.09841657 4.85753202,-0.2413673 2.11225438 4.89255476,-0.30293754 2.11742496 4.93916988,0.03753043 1.97973514 4.83379793,-0.3527312 2.12040329 4.99449492,-0.03940789 2.0397191 4.83069897,-0.39258006 2.12712026 5.05510807,-0.11998248 2.0797348 4.84301805,-0.19704288 2.10242939 4.86999369,-0.26531333 2.11270761 4.90995693,0.07892349 1.92844069 4.84301805,-0.32208782 2.11678672 4.96043634,0.00871618 2.00118995 4.83069897,-0.36749995 2.12106299 5.01831055,-0.07010232 2.05381989 4.83379793,-0.14972007 2.08722854 4.85212374,-0.22359416 2.10499644 4.88454199,-0.28736106 2.11263895 4.92904902,0.05295472 1.95446134 4.83626795,-0.33938104 2.11656952 4.98289108,-0.02103026 2.01997566 4.83007765,-0.38083455 2.12294292 5.04273939,-0.10061622 2.06543016 4.83934402,-0.17835177 2.09278846 4.86349344,-0.24843086 2.10645747 4.9010334,-0.30747929 2.11241388 4.94964123,0.02533772 1.97792649 4.83194017,-0.35493684 2.11710238 5.00631142,-0.05127721 2.03611851 4.83194017,-0.39297837 2.12627816 5.06753874,-0.13057144 2.07472658 4.84728146,-0.20560648 2.09670758 4.87701559,-0.2714248 2.10716844 4.91930294,0.06702629 1.92785621 4.83934402,-0.32569551 2.11239076 4.97152901,-0.00349445 1.99876106 4.83007765,-0.36892596 2.11868382 5.0304637,-0.08160628 2.0497036 4.83626795,-0.15962484 2.08193421 4.85753202,-0.231264 2.09930825 4.89255476,-0.29250637 2.10749364 4.93916988,0.04079537 1.95326364 4.83379793,-0.34209391 2.1129117 4.99449492,-0.03310701 2.01695061 4.83069897,-0.38156518 2.12157583 5.05510807,-0.11162106 2.06087184 4.84301805,-0.18747506 2.08732033 4.86999369,-0.25515896 2.10093594 4.90995693,-0.31166491 2.10779572 4.96043634,0.01306857 1.97610652 4.83069897,-0.35681251 2.11429524 5.01831055,-0.06307257 2.03254056 4.83379793,-0.14095514 2.06981564 4.85212374,-0.21386839 2.091187 4.88454199,-0.2771835 2.10194921 4.92904902,0.05496095 1.9272635 4.83626795,-0.32894793 2.10842752 4.98289108,-0.01572027 1.99632919 4.83007765,-0.37003878 2.11682725 5.04273939,-0.09298003 2.04563403 4.83934402,-0.16927953 2.07677388 4.86349344,-0.2386035 2.09386492 4.9010334,-0.29728854 2.10271144 4.94964123,0.0285286 1.95205557 4.83194017,-0.34445885 2.10972285 5.00631142,-0.04513869 2.01393676 4.83194017,-0.38200432 2.12075448 5.06753874,-0.12244301 2.05638933 4.84728146,-0.1963091 2.08202529 4.87701559,-0.26153487 2.09570336 4.91930294,-0.31548396 2.10358214 4.97152901,0.00075347 1.97427976 4.83007765,-0.35835356 2.11198878 5.0304637,-0.07476465 2.02899384 4.83626795,-0.15110774 2.06501365 4.85753202,-0.22180811 2.08588195 4.89255476,-0.28257507 2.09706235 4.93916988,0.04275748 1.92666399 4.83379793,-0.33183703 2.10490727 4.99449492,-0.0279309 1.99390042 4.83069897,-0.37083563 2.11549783 5.05510807,-0.10419527 2.04162121 4.84301805,-0.17866014 2.0717597 4.86999369,-0.24559443 2.08868003 4.90995693,-0.3016957 2.09830427 4.96043634,0.01618493 1.95083976 4.83069897,-0.34647003 2.10701132 5.01831055,-0.05709541 2.01094174 4.83379793,-0.13305517 2.05199361 4.85212374,-0.20483196 2.07691693 4.88454199,-0.26754272 2.09077287 4.92904902,-0.31892693 2.09978342 4.98289108,-0.01157696 1.97245073 4.83007765,-0.35955614 2.1101892 5.04273939,-0.08632437 2.02548718 4.83934402,-0.16100402 2.06033325 4.86349344,-0.22940587 2.0808053 4.9010334,-0.28758615 2.09252071 4.94964123,0.03044621 1.92605913 4.83194017,-0.33435559 2.10183835 5.00631142,-0.04009598 1.99148059 4.83194017,-0.37131456 2.11469865 5.06753874,-0.11522414 2.0376749 4.84728146,-0.18774335 2.06690454 4.87701559,-0.25221941 2.0837667 4.91930294,-0.3057169 2.0942831 4.97152901,0.00379502 1.94961953 4.83007765,-0.34812236 2.1047833 5.0304637,-0.06894744 2.00797296 4.83626795,-0.14343116 2.04769564 4.85753202,-0.21302241 2.07200766 4.89255476,-0.27316758 2.08615661 4.93916988,-0.32198527 2.09640908 4.99449492,-0.02389206 1.97062397 4.83069897,-0.36041725 2.10890031 5.05510807,-0.09772301 2.0220294 4.84301805,-0.17061935 2.05578542 4.86999369,-0.23664278 2.0759697 4.90995693,-0.29220426 2.08833504 4.96043634,0.01805775 1.92545056 4.83069897,-0.3364974 2.09922862 5.01831055,-0.05218525 1.9890759 4.83379793,-0.12603921 2.03380537 4.85212374,-0.19650659 2.06222057 4.88454199,-0.25846195 2.07913685 4.92904902,-0.30934212 2.09065795 4.98289108,-0.0086103 1.94839764 4.83007765,-0.34941182 2.10304475 5.04273939,-0.08066531 2.00503778 4.83934402,-0.15354517 2.04350638 4.86349344,-0.22086012 2.06731009 4.9010334,-0.27839547 2.08186603 4.94964123,-0.32465139 2.09346747 5.00631142,-0.03616121 1.968804 4.83194017,-0.36093479 2.10812569 5.06753874,-0.10893222 2.01862907 4.84728146,-0.17992987 2.05138183 4.87701559,-0.24350086 2.07138729 4.91930294,-0.29641792 2.08451605 4.97152901,0.00562289 1.92483962 4.83007765,-0.33825707 2.09708428 5.0304637,-0.06416868 1.98669219 4.83626795,-0.13661358 2.03002167 4.85753202,-0.20492807 2.05771923 4.89255476,-0.26430655 2.07480216 4.93916988,-0.31256238 2.08743763 4.99449492,-0.0210002 1.94717741 4.83069897,-0.35033512 2.10179973 5.05510807,-0.09221987 2.00214362 4.84301805,-0.16337208 2.03943586 4.86999369,-0.22832559 2.06283545 4.90995693,-0.28321338 2.07791209 4.96043634,-0.32691866 2.09096575 5.01831055,-0.04835392 1.96699536 4.83379793,-0.11992414 2.01529479 4.85212374,-0.18891238 2.04713345 4.88454199,-0.24996306 2.06706929 4.92904902,-0.30021665 2.08107305 4.98289108,-0.00682744 1.92422807 4.83007765,-0.33963028 2.09541106 5.04273939,-0.07601645 1.98433554 4.83934402,-0.14692098 2.02633381 4.86349344,-0.21298684 2.05341172 4.9010334,-0.26973864 2.07077336 4.94964123,-0.31536961 2.08463049 5.00631142,-0.03334387 1.94596159 4.83194017,-0.35089004 2.10105157 5.06753874,-0.10358243 1.99929738 4.84728146,-0.17288744 2.03549457 4.87701559,-0.23540026 2.05859494 4.91930294,-0.28760937 2.07430458 4.97152901,-0.32878143 2.08891058 5.0304637,-0.06043987 1.96520257 4.83626795,-0.13067143 2.01203465 4.85753202,-0.19754457 2.04305077 4.89255476,-0.2560133 2.06302667 4.93916988,-0.30359101 2.07801461 4.99449492,-0.01926229 1.92361712 4.83069897,-0.34061357 2.09421301 5.05510807,-0.08769912 1.9820118 4.84301805,-0.15693577 2.02275038 4.86999369,-0.22066288 2.04930878 4.90995693,-0.27474478 2.06706071 4.96043634,-0.31775689 2.0822432 5.01831055,-0.04561064 1.94475341 4.83379793,-0.11472471 1.99650645 4.85212374,-0.1820676 2.03169203 4.88454199,-0.24206653 2.05459929 4.92904902,-0.29157245 2.07105207 4.98289108,-0.33023506 2.08730674 5.04273939,-0.072389 1.96343005 4.83934402,-0.14114738 2.00885677 4.86349344,-0.205805 2.0391438 4.9010334,-0.26163656 2.05926943 4.94964123,-0.30653262 2.07534862 5.00631142,-0.03165076 1.92300856 4.83194017,-0.34120452 2.09349275 5.06753874,-0.09918763 1.97972655 4.84728146,-0.16663307 2.01928067 4.87701559,-0.22793709 2.04542065 4.91930294,-0.27931249 2.06367302 4.97152901,-0.31971827 2.08028173 5.0304637,-0.05777 1.94355583 4.83626795,-0.12561902 1.99377751 4.85753202,-0.19088973 2.02803755 4.89255476,-0.24830785 2.0508585 4.93916988,-0.29509282 2.06816292 4.99449492,-0.33127597 2.08615828 5.05510807,-0.08417162 1.96168232 4.84301805,-0.15132593 2.00576901 4.86999369,-0.21367311 2.03542256 4.90995693,-0.26681882 2.05580664 4.96043634,-0.30903417 2.07308125 5.01831055,-0.04396202 1.92240369 4.83379793,-0.11045344 1.97748566 4.85212374,-0.17598875 2.01593304 4.88454199,-0.2347914 2.04175687 4.92904902,-0.2834304 2.06061888 4.98289108,-0.32124886 2.07875109 5.04273939,-0.06979171 1.94237185 4.83934402,-0.13623828 1.9911176 4.86349344,-0.19933191 2.0245409 4.9010334,-0.2541087 2.04738164 4.94964123,-0.29816172 2.0656445 5.00631142,-0.33190155 2.08546805 5.06753874,-0.09575844 1.95996356 4.84728146,-0.16118179 2.00277948 4.87701559,-0.22112934 2.03189611 4.91930294,-0.27154726 2.05264735 4.97152901,-0.31108943 2.07121849 5.0304637,-0.0561655 1.92180419 4.83626795,-0.12146854 1.97529459 4.85753202,-0.18497956 2.01271605 4.89255476,-0.24120875 2.03832674 4.93916988,-0.28708827 2.05790615 4.99449492,-0.32234487 2.07765508 5.05510807,-0.0816459 1.94120431 4.84301805,-0.14655608 1.98853314 4.86999369,-0.20737314 2.02120996 4.90995693,-0.25945464 2.04417729 4.96043634,-0.3007715 2.06350255 5.01831055,-0.10712063 1.95827818 4.85212374,-0.17069046 1.99989498 4.88454199,-0.22815517 2.02857304 4.92904902,-0.27581006 2.04979897 4.98289108,-0.31269327 2.06976485 5.04273939,-0.06823083 1.92121148 4.83934402,-0.13220552 1.97315884 4.86349344,-0.19358315 2.00963759 4.9010334,-0.24717321 2.03513885 4.94964123,-0.29027706 2.05554104 5.00631142,-0.32300356 2.07699633 5.06753874,-0.09330309 1.9400562 4.84728146,-0.15654677 1.98603058 4.87701559,-0.21499343 2.01805353 4.91930294,-0.26433238 2.04125381 4.97152901,-0.30291566 2.06174302 5.0304637,-0.11822996 1.95663023 4.85753202,-0.1798283 1.997123 4.89255476,-0.2347331 2.02546191 4.93916988,-0.27959666 2.04726887 4.99449492,-0.31384173 2.06872392 5.05510807,-0.08012803 1.920627 4.84301805,-0.1426377 1.97108376 4.86999369,-0.20177813 2.00670552 4.90995693,-0.25266993 2.03220057 4.96043634,-0.29298878 2.05352998 5.01831055,-0.10473429 1.93893027 4.85212374,-0.16618553 1.98361623 4.88454199,-0.22217384 2.01507926 4.92904902,-0.26872984 2.03861809 4.98289108,-0.30458891 2.06036973 5.04273939,-0.12905881 1.95502388 4.86349344,-0.18857257 1.99447048 4.9010334,-0.24084681 2.02257037 4.94964123,-0.28289762 2.04506326 5.00631142,-0.31453195 2.06809855 5.06753874,-0.09182751 1.92005217 4.84728146,-0.15273917 1.96907449 4.87701559,-0.20954412 2.00392675 4.91930294,-0.25768527 2.02952003 4.97152901,-0.29521671 2.05187774 5.0304637,-0.1159111 1.93782949 4.85753202,-0.17544836 1.98129594 4.89255476,-0.22889651 2.01229477 4.93916988,-0.272636 2.03627682 4.99449492,-0.30578706 2.05938649 5.05510807,-0.13958025 1.9534632 4.86999369,-0.19690156 1.99194396 4.90995693,-0.24648108 2.01990557 4.96043634,-0.28570476 2.04318738 5.01831055,-0.10330019 1.91948867 4.85212374,-0.16248477 1.96713591 4.88454199,-0.21686181 2.00130844 4.92904902,-0.26220673 2.02710319 4.98289108,-0.29695532 2.05058813 5.04273939,-0.12680572 1.93675637 4.86349344,-0.18431225 1.97907567 4.9010334,-0.23514473 2.00970674 4.94964123,-0.27604124 2.03423572 5.00631142,-0.30650717 2.05879545 5.06753874,-0.14976813 1.95195198 4.87701559,-0.20479454 1.98954964 4.91930294,-0.2516219 2.01747417 4.97152901,-0.2880111 2.04164648 5.0304637,-0.11451755 1.91893756 4.85753202,-0.17185029 1.96527302 4.89255476,-0.22371303 1.99885702 4.93916988,-0.2662231 2.02495646 4.99449492,-0.29820028 2.04966497 5.05510807,-0.13739108 1.93571389 4.86999369,-0.19275518 1.97696078 4.90995693,-0.24090298 2.0073216 4.96043634,-0.27893701 2.03250003 5.01831055,-0.15959711 1.95049405 4.88454199,-0.21223189 1.98729348 4.92904902,-0.25625652 2.01528215 4.98289108,-0.2898109 2.0404439 5.04273939,-0.1254517 1.91840041 4.86349344,-0.18081246 1.96349037 4.9010334,-0.23008071 1.99657869 4.94964123,-0.26972437 2.02308488 5.00631142,-0.2989485 2.04910994 5.06753874,-0.14764084 1.9347043 4.87701559,-0.20075613 1.97495663 4.91930294,-0.2461569 2.00514531 4.97152901,-0.28131619 2.03107405 5.0304637,-0.16904277 1.94909286 4.89255476,-0.21919513 1.98518121 4.93916988,-0.26037338 2.01333499 4.99449492,-0.29109967 2.03958273 5.05510807,-0.13607545 1.91787851 4.86999369,-0.18934898 1.96179235 4.90995693,-0.23594904 1.99447894 4.96043634,-0.27270183 2.02149343 5.01831055,-0.15752952 1.93373036 4.88454199,-0.20829524 1.97306824 4.92904902,-0.25089347 2.00318336 4.98289108,-0.28317282 2.02996111 5.04273939,-0.17808162 1.94775212 4.9010334,-0.22566696 1.98321807 4.94964123,-0.26396224 2.01163745 5.00631142,-0.2918742 2.03906512 5.06753874,-0.14636241 1.91737306 4.87701559,-0.19743864 1.96018314 4.91930294,-0.24130344 1.99256313 4.97152901,-0.27514809 2.02018595 5.0304637,-0.16703254 1.93279445 4.89255476,-0.21535373 1.97130013 4.93916988,-0.25510094 2.00144053 4.99449492,-0.2845023 2.02916431 5.05510807,-0.18669116 1.94647503 4.90995693,-0.23163125 1.98140872 4.96043634,-0.26701424 2.01019406 5.01831055,-0.15628697 1.9168855 4.88454199,-0.20506132 1.95866692 4.92904902,-0.24613059 1.99083591 4.98289108,-0.27705711 2.01916552 5.04273939,-0.17612629 1.93189883 4.9010334,-0.22191408 1.96965694 4.94964123,-0.25876877 1.9999212 5.00631142,-0.2853013 2.02868557 5.06753874,-0.19485004 1.9452647 4.91930294,-0.2370732 1.97975802 4.97152901,-0.26952171 2.00900817 5.0304637,-0.16582447 1.916417 4.89255476,-0.21219806 1.95724738 4.93916988,-0.25041848 1.98930168 4.99449492,-0.27842405 2.01843476 5.05510807,-0.18478814 1.93104565 4.90995693,-0.22795996 1.96814251 4.96043634,-0.26188791 1.99862921 5.01831055,-0.20253794 1.94412434 4.92904902,-0.24197927 1.9782697 4.98289108,-0.27147847 2.00808263 5.04273939,-0.17495121 1.91596866 4.9010334,-0.21883114 1.95592797 4.94964123,-0.25415644 1.98796427 5.00631142,-0.27924562 2.0179956 5.06753874,-0.19299658 1.93023717 4.91930294,-0.23347637 1.96676075 4.97152901,-0.26445055 1.99756777 5.0304637,-0.20973574 1.94305658 4.93916988,-0.24633728 1.97694778 4.99449492,-0.27287966 2.00741982 5.05510807,-0.18364449 1.91554153 4.90995693,-0.22494406 1.95471203 4.96043634,-0.25733522 1.9868269 5.01831055,-0.20073116 1.92947543 4.92904902,-0.23844956 1.96551502 4.98289108,-0.26645038 1.99673939 5.04273939,-0.21642557 1.94206429 4.94964123,-0.25013638 1.97579527 5.00631142,-0.27372175 2.00702167 5.06753874,-0.1918827 1.91513681 4.91930294,-0.2305216 1.95360255 4.97152901,-0.25994685 1.98589242 5.0304637,-0.20797269 1.9287622 4.93916988,-0.24286717 1.9644084 4.99449492,-0.26788238 1.99614632 5.05510807,-0.22259079 1.94114971 4.96043634,-0.25336713 1.97481525 5.01831055,-0.19964536 1.91475546 4.92904902,-0.23554994 1.95260239 4.98289108,-0.26198491 1.98516321 5.04273939,-0.21470314 1.92809927 4.94964123,-0.24671824 1.96344376 5.00631142,-0.26874301 1.99578977 5.06753874,-0.22821605 1.94031537 4.97152901,-0.25602147 1.97401011 5.0304637,-0.20691316 1.91439843 4.93916988,-0.24001653 1.95171392 4.99449492,-0.2634443 1.98464096 5.05510807,-0.22090581 1.92748833 4.96043634,-0.24999319 1.96262348 5.01831055,-0.23328739 1.93956304 4.98289108,-0.25809285 1.97338176 5.04273939,-0.21366803 1.91406655 4.94964123,-0.2439103 1.95093942 5.00631142,-0.26432139 1.9843272 5.06753874,-0.22656526 1.92693102 4.97152901,-0.25268385 1.96194947 5.0304637,-0.23779221 1.93889487 4.99449492,-0.25957611 1.97293174 5.05510807,-0.2198932 1.91376078 4.96043634,-0.24722154 1.95028079 5.01831055,-0.2316674 1.92642844 4.98289108,-0.25478357 1.96142352 5.04273939,-0.24171929 1.93831229 5.00631142,-0.26046753 1.97266138 5.06753874,-0.22557318 1.91348171 4.97152901,-0.24994205 1.94973958 5.0304637,-0.23619957 1.92598212 4.99449492,-0.2562871 1.96104693 5.05510807,-0.24505886 1.93781698 5.01831055,-0.23069383 1.91323018 4.98289108,-0.25206503 1.94931734 5.04273939,-0.2401505 1.9255929 5.00631142,-0.25719073 1.96082056 5.06753874,-0.24780264 1.93741 5.0304637,-0.23524246 1.91300666 4.99449492,-0.25358525 1.9490149 5.05510807,-0.24351037 1.92526197 5.01831055,-0.24994381 1.9370923 5.04273939,-0.23920771 1.91281188 5.00631142,-0.25449887 1.94883323 5.06753874,-0.24627081 1.92499018 5.0304637,-0.251477 1.93686485 5.05510807,-0.24257977 1.91264629 5.01831055,-0.24842498 1.92477798 5.04273939,-0.25239846 1.93672824 5.06753874,-0.24535023 1.91251016 5.0304637,-0.2499675 1.92462599 5.05510807,-0.24751221 1.91240394 5.04273939,-0.25089455 1.9245348 5.06753874,-0.24906033 1.91232789 5.05510807,-0.24999075 1.91228211 5.06753874,-1.10000002 2.1500001 5.07999992,-1.10000002 2.15031075 5.06753874,-1.10000002 2.15124226 5.05510807,-1.10000002 2.15279222 5.04273939,-1.10000002 2.15495682 5.0304637,-1.10000002 2.15773058 5.01831055,-1.10000002 2.16110682 5.00631142,-1.10000002 2.16507673 4.99449492,-1.10000002 2.169631 4.98289108,-1.10000002 2.17475772 4.97152901,-1.10000002 2.18044472 4.96043634,-1.10000002 2.18667722 4.94964123,-1.10000002 2.1934402 4.93916988,-1.10000002 2.20071697 4.92904902,-1.10000002 2.20848894 4.91930294,-1.10000002 2.21673703 4.90995693,-1.10000002 2.22544074 4.9010334,-1.10000002 2.23457861 4.89255476,-1.10000002 2.24412751 4.88454199,-1.10000002 2.25406408 4.87701559,-1.10000002 2.26436353 4.86999369,-1.10000002 2.2750001 4.86349344,-1.10000002 2.28594732 4.85753202,-1.10000002 2.29717827 4.85212374,-1.10000002 2.3086648 4.84728146,-1.10000002 2.3203783 4.84301805,-1.10000002 2.33228993 4.83934402,-1.10000002 2.34436965 4.83626795,-1.10000002 2.35658789 4.83379793,-1.10000002 2.36891413 4.83194017,-1.10000002 2.38131738 4.83069897,-1.10000002 2.39376736 4.83007765,-1.10000002 2.4062326 4.83007765,-1.10000002 2.41868258 4.83069897,-1.10000002 2.43108582 4.83194017,-1.10000002 2.44341207 4.83379793,-1.10000002 2.4556303 4.83626795,-1.10000002 2.46771002 4.83934402,-1.10000002 2.47962165 4.84301805,-1.10000002 2.49133515 4.84728146,-1.10000002 2.50282168 4.85212374,-1.10000002 2.51405263 4.85753202,-1.10000002 2.5250001 4.86349344,-1.10000002 2.53563666 4.86999369,-1.10000002 2.54593587 4.87701559,-1.10000002 2.55587244 4.88454199,-1.10000002 2.56542134 4.89255476,-1.10000002 2.57455921 4.9010334,-1.10000002 2.58326292 4.90995693,-1.10000002 2.59151101 4.91930294,-1.10000002 2.59928322 4.92904902,-1.10000002 2.60655975 4.93916988,-1.10000002 2.61332273 4.94964123,-1.10000002 2.61955547 4.96043634,-1.10000002 2.62524223 4.97152901,-1.10000002 2.63036895 4.98289108,-1.10000002 2.63492322 4.99449492,-1.10000002 2.63889313 5.00631142,-1.10000002 2.64226937 5.01831055,-1.10000002 2.64504313 5.0304637,-1.10000002 2.64720774 5.04273939,-1.10000002 2.6487577 5.05510807,-1.10000002 2.6496892 5.06753874,-1.10000002 2.6500001 5.07999992,-1.10000002 2.6496892 5.09246159,-1.10000002 2.6487577 5.10489178,-1.10000002 2.64720774 5.11726046,-1.10000002 2.64504313 5.12953663,-1.10000002 2.64226937 5.1416893,-1.10000002 2.63889313 5.15368891,-1.10000002 2.63492322 5.16550493,-1.10000002 2.63036895 5.17710876,-1.10000002 2.62524223 5.18847084,-1.10000002 2.61955547 5.1995635,-1.10000002 2.61332273 5.21035862,-1.10000002 2.60655975 5.22082996,-1.10000002 2.59928322 5.23095131,-1.10000002 2.59151101 5.24069691,-1.10000002 2.58326292 5.25004339,-1.10000002 2.57455921 5.25896692,-1.10000002 2.56542134 5.26744509,-1.10000002 2.55587244 5.27545786,-1.10000002 2.54593587 5.28298473,-1.10000002 2.53563666 5.29000664,-1.10000002 2.5250001 5.2965064,-1.10000002 2.51405263 5.30246782,-1.10000002 2.50282168 5.30787659,-1.10000002 2.49133515 5.31271839,-1.10000002 2.47962165 5.31698179,-1.10000002 2.46771002 5.3206563,-1.10000002 2.4556303 5.3237319,-1.10000002 2.44341207 5.32620192,-1.10000002 2.43108582 5.32805967,-1.10000002 2.41868258 5.32930088,-1.10000002 2.4062326 5.3299222,-1.10000002 2.39376736 5.3299222,-1.10000002 2.38131738 5.32930088,-1.10000002 2.36891413 5.32805967,-1.10000002 2.35658789 5.32620192,-1.10000002 2.34436965 5.3237319,-1.10000002 2.33228993 5.3206563,-1.10000002 2.3203783 5.31698179,-1.10000002 2.3086648 5.31271839,-1.10000002 2.29717827 5.30787659,-1.10000002 2.28594732 5.30246782,-1.10000002 2.2750001 5.2965064,-1.10000002 2.26436353 5.29000664,-1.10000002 2.25406408 5.28298473,-1.10000002 2.24412751 5.27545786,-1.10000002 2.23457861 5.26744509,-1.10000002 2.22544074 5.25896692,-1.10000002 2.21673703 5.25004339,-1.10000002 2.20848894 5.24069691,-1.10000002 2.20071697 5.23095131,-1.10000002 2.1934402 5.22082996,-1.10000002 2.18667722 5.21035862,-1.10000002 2.18044472 5.1995635,-1.10000002 2.17475772 5.18847084,-1.10000002 2.169631 5.17710876,-1.10000002 2.16507673 5.16550493,-1.10000002 2.16110682 5.15368891,-1.10000002 2.15773058 5.1416893,-1.10000002 2.15495682 5.12953663,-1.10000002 2.15279222 5.11726046,-1.10000002 2.15124226 5.10489178,-1.10000002 2.15031075 5.09246159,-0.24968924 -2.70000005 2.52753854,-0.25 -2.70000005 2.53999996,-0.25 1.89999998 2.53999996,-0.24968924 1.89999998 2.52753854,-0.24875769 -2.70000005 2.51510811,-0.24875769 1.89999998 2.51510811,-0.2472077 -2.70000005 2.50273943,-0.2472077 1.89999998 2.50273943,-0.24504313 -2.70000005 2.4904635,-0.24504313 1.89999998 2.4904635,-0.24226932 -2.70000005 2.47831059,-0.24226932 1.89999998 2.47831059,-0.2388932 -2.70000005 2.46631122,-0.2388932 1.89999998 2.46631122,-0.23492315 -2.70000005 2.45449495,-0.23492315 1.89999998 2.45449495,-0.23036905 -2.70000005 2.44289136,-0.23036905 1.89999998 2.44289136,-0.22524221 -2.70000005 2.43152905,-0.22524221 1.89999998 2.43152905,-0.21955539 -2.70000005 2.42043662,-0.21955539 1.89999998 2.42043662,-0.21332271 -2.70000005 2.40964127,-0.21332271 1.89999998 2.40964127,-0.20655969 -2.70000005 2.39916992,-0.20655969 1.89999998 2.39916992,-0.19928312 -2.70000005 2.38904881,-0.19928312 1.89999998 2.38904881,-0.19151111 -2.70000005 2.37930298,-0.19151111 1.89999998 2.37930298,-0.18326297 1.89999998 2.36995673,-0.18326297 -2.70000005 2.36995673,-0.17455921 -2.70000005 2.3610332,-0.17455921 1.89999998 2.3610332,-0.16542146 -2.70000005 2.3525548,-0.16542146 1.89999998 2.3525548,-0.15587245 -2.70000005 2.34454203,-0.15587245 1.89999998 2.34454203,-0.14593592 1.89999998 2.33701539,-0.14593592 -2.70000005 2.33701539,-0.13563657 -2.70000005 2.32999349,-0.13563657 1.89999998 2.32999349,-0.125 1.89999998 2.32349372,-0.125 -2.70000005 2.32349372,-0.11405266 -2.70000005 2.31753206,-0.11405266 1.89999998 2.31753206,-0.10282177 1.89999998 2.31212354,-0.10282177 -2.70000005 2.31212354,-0.09133526 -2.70000005 2.30728149,-0.09133526 1.89999998 2.30728149,-0.07962167 -2.70000005 2.30301809,-0.07962167 1.89999998 2.30301809,-0.06771012 1.89999998 2.29934382,-0.06771012 -2.70000005 2.29934382,-0.05563023 -2.70000005 2.29626799,-0.05563023 1.89999998 2.29626799,-0.04341204 -2.70000005 2.29379797,-0.04341204 1.89999998 2.29379797,-0.03108593 1.89999998 2.29194021,-0.03108593 -2.70000005 2.29194021,-0.01868252 -2.70000005 2.29069901,-0.01868252 1.89999998 2.29069901,-0.00623267 -2.70000005 2.29007769,-0.00623267 1.89999998 2.29007769,0.00623267 1.89999998 2.29007769,0.00623267 -2.70000005 2.29007769,0.01868252 -2.70000005 2.29069901,0.01868252 1.89999998 2.29069901,0.03108593 1.89999998 2.29194021,0.03108593 -2.70000005 2.29194021,0.04341204 -2.70000005 2.29379797,0.04341204 1.89999998 2.29379797,0.05563023 -2.70000005 2.29626799,0.05563023 1.89999998 2.29626799,0.06771012 1.89999998 2.29934382,0.06771012 -2.70000005 2.29934382,0.07962167 1.89999998 2.30301809,0.07962167 -2.70000005 2.30301809,0.09133526 -2.70000005 2.30728149,0.09133526 1.89999998 2.30728149,0.10282177 1.89999998 2.31212354,0.10282177 -2.70000005 2.31212354,0.11405266 -2.70000005 2.31753206,0.11405266 1.89999998 2.31753206,0.125 1.89999998 2.32349372,0.125 -2.70000005 2.32349372,0.13563657 -2.70000005 2.32999349,0.13563657 1.89999998 2.32999349,0.14593592 -2.70000005 2.33701539,0.14593592 1.89999998 2.33701539,0.15587245 -2.70000005 2.34454203,0.15587245 1.89999998 2.34454203,0.16542146 -2.70000005 2.3525548,0.16542146 1.89999998 2.3525548,0.17455921 -2.70000005 2.3610332,0.17455921 1.89999998 2.3610332,0.18326297 -2.70000005 2.36995673,0.18326297 1.89999998 2.36995673,0.19151111 -2.70000005 2.37930298,0.19151111 1.89999998 2.37930298,0.19928312 1.89999998 2.38904881,0.19928312 -2.70000005 2.38904881,0.20655969 -2.70000005 2.39916992,0.20655969 1.89999998 2.39916992,0.21332271 -2.70000005 2.40964127,0.21332271 1.89999998 2.40964127,0.21955539 -2.70000005 2.42043662,0.21955539 1.89999998 2.42043662,0.22524221 -2.70000005 2.43152905,0.22524221 1.89999998 2.43152905,0.23036905 -2.70000005 2.44289136,0.23036905 1.89999998 2.44289136,0.23492315 1.89999998 2.45449495,0.23492315 -2.70000005 2.45449495,0.2388932 1.89999998 2.46631122,0.2388932 -2.70000005 2.46631122,0.24226932 -2.70000005 2.47831059,0.24226932 1.89999998 2.47831059,0.24504313 1.89999998 2.4904635,0.24504313 -2.70000005 2.4904635,0.2472077 -2.70000005 2.50273943,0.2472077 1.89999998 2.50273943,0.24875769 -2.70000005 2.51510811,0.24875769 1.89999998 2.51510811,0.24968924 -2.70000005 2.52753854,0.24968924 1.89999998 2.52753854,0.25 -2.70000005 2.53999996,0.25 1.89999998 2.53999996,0.24968924 -2.70000005 2.55246139,0.24968924 1.89999998 2.55246139,0.24875769 -2.70000005 2.56489205,0.24875769 1.89999998 2.56489205,0.2472077 -2.70000005 2.57726049,0.2472077 1.89999998 2.57726049,0.24504313 1.89999998 2.58953643,0.24504313 -2.70000005 2.58953643,0.24226932 1.89999998 2.60168934,0.24226932 -2.70000005 2.60168934,0.2388932 1.89999998 2.61368871,0.2388932 -2.70000005 2.61368871,0.23492315 -2.70000005 2.62550497,0.23492315 1.89999998 2.62550497,0.23036905 -2.70000005 2.6371088,0.23036905 1.89999998 2.6371088,0.22524221 -2.70000005 2.64847088,0.22524221 1.89999998 2.64847088,0.21955539 -2.70000005 2.65956354,0.21955539 1.89999998 2.65956354,0.21332271 -2.70000005 2.6703589,0.21332271 1.89999998 2.6703589,0.20655969 -2.70000005 2.68083,0.20655969 1.89999998 2.68083,0.19928312 1.89999998 2.69095111,0.19928312 -2.70000005 2.69095111,0.19151111 -2.70000005 2.70069695,0.19151111 1.89999998 2.70069695,0.18326297 -2.70000005 2.71004319,0.18326297 1.89999998 2.71004319,0.17455921 1.89999998 2.71896672,0.17455921 -2.70000005 2.71896672,0.16542146 -2.70000005 2.72744536,0.16542146 1.89999998 2.72744536,0.15587245 -2.70000005 2.7354579,0.15587245 1.89999998 2.7354579,0.14593592 -2.70000005 2.74298453,0.14593592 1.89999998 2.74298453,0.13563657 -2.70000005 2.75000644,0.13563657 1.89999998 2.75000644,0.125 1.89999998 2.75650644,0.125 -2.70000005 2.75650644,0.11405266 -2.70000005 2.76246786,0.11405266 1.89999998 2.76246786,0.10282177 -2.70000005 2.76787639,0.10282177 1.89999998 2.76787639,0.09133526 1.89999998 2.77271843,0.09133526 -2.70000005 2.77271843,0.07962167 -2.70000005 2.77698183,0.07962167 1.89999998 2.77698183,0.06771012 -2.70000005 2.7806561,0.06771012 1.89999998 2.7806561,0.05563023 -2.70000005 2.78373194,0.05563023 1.89999998 2.78373194,0.04341204 -2.70000005 2.78620195,0.04341204 1.89999998 2.78620195,0.03108593 -2.70000005 2.78805971,0.03108593 1.89999998 2.78805971,0.01868252 -2.70000005 2.78930092,0.01868252 1.89999998 2.78930092,0.00623267 -2.70000005 2.78992224,0.00623267 1.89999998 2.78992224,-0.00623267 1.89999998 2.78992224,-0.00623267 -2.70000005 2.78992224,-0.01868252 1.89999998 2.78930092,-0.01868252 -2.70000005 2.78930092,-0.03108593 -2.70000005 2.78805971,-0.03108593 1.89999998 2.78805971,-0.04341204 -2.70000005 2.78620195,-0.04341204 1.89999998 2.78620195,-0.05563023 -2.70000005 2.78373194,-0.05563023 1.89999998 2.78373194,-0.06771012 -2.70000005 2.7806561,-0.06771012 1.89999998 2.7806561,-0.07962167 -2.70000005 2.77698183,-0.07962167 1.89999998 2.77698183,-0.09133526 -2.70000005 2.77271843,-0.09133526 1.89999998 2.77271843,-0.10282177 -2.70000005 2.76787639,-0.10282177 1.89999998 2.76787639,-0.11405266 1.89999998 2.76246786,-0.11405266 -2.70000005 2.76246786,-0.125 -2.70000005 2.75650644,-0.125 1.89999998 2.75650644,-0.13563657 -2.70000005 2.75000644,-0.13563657 1.89999998 2.75000644,-0.14593592 -2.70000005 2.74298453,-0.14593592 1.89999998 2.74298453,-0.15587245 1.89999998 2.7354579,-0.15587245 -2.70000005 2.7354579,-0.16542146 -2.70000005 2.72744536,-0.16542146 1.89999998 2.72744536,-0.17455921 -2.70000005 2.71896672,-0.17455921 1.89999998 2.71896672,-0.18326297 1.89999998 2.71004319,-0.18326297 -2.70000005 2.71004319,-0.19151111 -2.70000005 2.70069695,-0.19151111 1.89999998 2.70069695,-0.19928312 1.89999998 2.69095111,-0.19928312 -2.70000005 2.69095111,-0.20655969 -2.70000005 2.68083,-0.20655969 1.89999998 2.68083,-0.21332271 -2.70000005 2.6703589,-0.21332271 1.89999998 2.6703589,-0.21955539 -2.70000005 2.65956354,-0.21955539 1.89999998 2.65956354,-0.22524221 -2.70000005 2.64847088,-0.22524221 1.89999998 2.64847088,-0.23036905 1.89999998 2.6371088,-0.23036905 -2.70000005 2.6371088,-0.23492315 1.89999998 2.62550497,-0.23492315 -2.70000005 2.62550497,-0.2388932 -2.70000005 2.61368871,-0.2388932 1.89999998 2.61368871,-0.24226932 -2.70000005 2.60168934,-0.24226932 1.89999998 2.60168934,-0.24504313 -2.70000005 2.58953643,-0.24504313 1.89999998 2.58953643,-0.2472077 -2.70000005 2.57726049,-0.2472077 1.89999998 2.57726049,-0.24875769 -2.70000005 2.56489205,-0.24875769 1.89999998 2.56489205,-0.24968924 -2.70000005 2.55246139,-0.24968924 1.89999998 2.55246139,-0.4877331 2.14969897 2.53999996,-0.5 2.1500001 2.53999996,-0.5 2.15031075 2.52753854,-0.25030112 1.91226697 2.53999996,-0.48771784 2.15000916 2.55246139,-0.5 2.15031075 2.55246139,-0.48767212 2.1509397 2.56489205,-0.5 2.15124226 2.56489205,-0.47546527 2.14910555 2.55246139,-0.47549573 2.14879608 2.53999996,-0.48759606 2.15248775 2.57726049,-0.5 2.15279222 2.57726049,-0.47537395 2.15003252 2.56489205,-0.48748985 2.15464973 2.58953643,-0.5 2.15495682 2.58953643,-0.4632718 2.1476016 2.55246139,-0.46331739 2.14729404 2.53999996,-0.47522202 2.15157509 2.57726049,-0.48735374 2.15742016 2.60168934,-0.5 2.15773058 2.60168934,-0.46313509 2.14852309 2.56489205,-0.47500986 2.1537292 2.58953643,-0.45116678 2.14550114 2.55246139,-0.45122743 2.14519644 2.53999996,-0.4871881 2.16079235 2.61368871,-0.5 2.16110682 2.61368871,-0.46290767 2.15005612 2.57726049,-0.47473797 2.15648961 2.60168934,-0.45098504 2.14641476 2.56489205,-0.48699328 2.16475749 2.62550497,-0.5 2.16507673 2.62550497,-0.46259007 2.15219736 2.58953643,-0.43917945 2.14280915 2.55246139,-0.43925497 2.14250779 2.53999996,-0.47440705 2.15984941 2.61368871,-0.45068267 2.14793491 2.57726049,-0.48676983 2.16930628 2.6371088,-0.5 2.169631 2.6371088,-0.46218306 2.15494108 2.60168934,-0.4389531 2.143713 2.56489205,-0.47401792 2.16380048 2.62550497,-0.45026037 2.15005803 2.58953643,-0.48651826 2.17442679 2.64847088,-0.5 2.17475772 2.64847088,-0.42733863 2.13953257 2.55246139,-0.42742884 2.13923502 2.53999996,-0.46168768 2.15828061 2.61368871,-0.43857649 2.14521646 2.57726049,-0.47357154 2.16833258 2.6371088,-0.44971925 2.15277839 2.60168934,-0.48623922 2.18010688 2.65956354,-0.5 2.18044472 2.65956354,-0.4270682 2.14042401 2.56489205,-0.46110514 2.16220784 2.62550497,-0.43805054 2.14731622 2.58953643,-0.47306904 2.17343473 2.64847088,-0.41567284 2.13567853 2.55246139,-0.41577753 2.13538599 2.53999996,-0.44906059 2.15608978 2.61368871,-0.48593342 2.18633199 2.6703589,-0.5 2.18667722 2.6703589,-0.42661828 2.14190722 2.57726049,-0.46043691 2.16671252 2.6371088,-0.43737656 2.15000677 2.60168934,-0.47251162 2.17909408 2.65956354,-0.41535902 2.13655567 2.56489205,-0.44828609 2.1599834 2.62550497,-0.48560157 2.19308686 2.68083,-0.5 2.1934402 2.68083,-0.42598993 2.1439786 2.58953643,-0.45968467 2.17178392 2.64847088,-0.40421021 2.13125706 2.55246139,-0.40432915 2.13097 2.53999996,-0.43655622 2.15328169 2.61368871,-0.4719007 2.18529677 2.6703589,-0.41483685 2.13801503 2.57726049,-0.44739762 2.16445017 2.6371088,-0.48524451 2.20035458 2.69095111,-0.5 2.20071697 2.69095111,-0.42518473 2.14663291 2.60168934,-0.45885023 2.17740917 2.65956354,-0.40385374 2.13211751 2.56489205,-0.43559158 2.15713286 2.62550497,-0.47123781 2.19202733 2.68083,-0.41410762 2.14005303 2.58953643,-0.44639742 2.16947842 2.64847088,-0.48486316 2.20811725 2.70069695,-0.5 2.20848894 2.70069695,-0.39297837 2.12627816 2.55246139,-0.39311123 2.1259973 2.53999996,-0.42420471 2.14986372 2.61368871,-0.45793572 2.18357444 2.6703589,-0.40326059 2.13354969 2.57726049,-0.43448502 2.16155052 2.6371088,-0.47052458 2.19926882 2.69095111,-0.41317314 2.14266491 2.60168934,-0.44528797 2.17505598 2.65956354,-0.48445845 2.21635556 2.71004319,-0.5 2.21673703 2.71004319,-0.39258006 2.12712026 2.56489205,-0.42305225 2.15366268 2.62550497,-0.45694336 2.19026423 2.68083,-0.40243223 2.13554955 2.58953643,-0.43323931 2.16652369 2.64847088,-0.4697628 2.20700336 2.70069695,-0.38200432 2.12075448 2.55246139,-0.38215083 2.1204803 2.53999996,-0.41203576 2.14584351 2.61368871,-0.44407204 2.18116879 2.6703589,-0.48403138 2.22504878 2.71896672,-0.5 2.22544074 2.71896672,-0.39191738 2.12852144 2.57726049,-0.42173028 2.15802073 2.6371088,-0.45587566 2.19746208 2.69095111,-0.40137073 2.13811207 2.60168934,-0.43185753 2.17203999 2.65956354,-0.46895435 2.21521187 2.71004319,-0.38156518 2.12157583 2.56489205,-0.41069829 2.14958143 2.62550497,-0.44275263 2.18780184 2.68083,-0.483583 2.23417544 2.72744536,-0.5 2.23457861 2.72744536,-0.3909919 2.13047838 2.58953643,-0.42024201 2.16292691 2.64847088,-0.45473528 2.20514989 2.70069695,-0.37131456 2.11469865 2.55246139,-0.37147433 2.1144321 2.53999996,-0.40007874 2.1412313 2.61368871,-0.43034309 2.1780858 2.6703589,-0.46810123 2.22387362 2.71896672,-0.38083455 2.12294292 2.57726049,-0.40916407 2.15386939 2.6371088,-0.44133306 2.19493866 2.69095111,-0.48311445 2.24371314 2.7354579,-0.5 2.24412751 2.7354579,-0.38980594 2.13298583 2.60168934,-0.41859123 2.16836882 2.65956354,-0.45352504 2.21330881 2.71004319,-0.37083563 2.11549783 2.56489205,-0.39855948 2.14489913 2.62550497,-0.42869982 2.18464637 2.68083,-0.46720555 2.23296738 2.72744536,-0.37981415 2.12485194 2.58953643,-0.40743688 2.15869665 2.64847088,-0.4398168 2.20256138 2.70069695,-0.48262689 2.25363755 2.74298453,-0.5 2.25406408 2.74298453,-0.36093479 2.10812569 2.55246139,-0.36110744 2.10786748 2.53999996,-0.38836247 2.13603783 2.61368871,-0.41678199 2.1743331 2.6703589,-0.45224792 2.22191834 2.71896672,-0.37003878 2.11682725 2.57726049,-0.3968167 2.1491065 2.6371088,-0.42693177 2.19170475 2.69095111,-0.46626961 2.2424705 2.7354579,-0.3785066 2.12729812 2.60168934,-0.40552106 2.16405106 2.65956354,-0.43820766 2.21065092 2.71004319,-0.48212153 2.2639246 2.75000644,-0.5 2.26436353 2.75000644,-0.36041725 2.10890031 2.56489205,-0.38666505 2.13962674 2.62550497,-0.41481876 2.18080497 2.68083,-0.45090714 2.23095727 2.72744536,-0.36892596 2.11868382 2.58953643,-0.39485475 2.15384316 2.64847088,-0.42504331 2.19924378 2.70069695,-0.46529564 2.25235915 2.74298453,-0.35089004 2.10105157 2.55246139,-0.35107517 2.10080194 2.53999996,-0.3769151 2.13027573 2.61368871,-0.40342134 2.16991925 2.6703589,-0.43650964 2.2191875 2.71896672,-0.48159963 2.27454829 2.75650644,-0.5 2.2750001 2.75650644,-0.35955614 2.1101892 2.57726049,-0.38471791 2.14374352 2.6371088,-0.41270649 2.18776822 2.69095111,-0.44950601 2.24040294 2.7354579,-0.36749995 2.12106299 2.60168934,-0.3926785 2.15909696 2.65956354,-0.42303917 2.20724487 2.71004319,-0.46428615 2.262609 2.75000644,-0.35033512 2.10179973 2.56489205,-0.37504363 2.1337769 2.62550497,-0.40114293 2.17628694 2.68083,-0.43472695 2.22814965 2.72744536,-0.48106247 2.28548241 2.76246786,-0.5 2.28594732 2.76246786,-0.35835356 2.11198878 2.58953643,-0.38252592 2.14837813 2.64847088,-0.4104504 2.19520545 2.70069695,-0.448048 2.25023198 2.74298453,-0.34120452 2.09349275 2.55246139,-0.34140167 2.09325266 2.53999996,-0.36576429 2.12395883 2.61368871,-0.39029336 2.16485524 2.6703589,-0.42092434 2.21568775 2.71896672,-0.46324357 2.27319431 2.75650644,-0.34941182 2.10304475 2.57726049,-0.37289685 2.1377933 2.6371088,-0.39869153 2.18313813 2.69095111,-0.43286404 2.23751521 2.7354579,-0.4805114 2.29669976 2.76787639,-0.5 2.29717827 2.76787639,-0.35681251 2.11429524 2.60168934,-0.38009447 2.15351892 2.65956354,-0.40805608 2.20309854 2.71004319,-0.44653678 2.26041985 2.75000644,-0.34061357 2.09421301 2.56489205,-0.36372328 2.12736392 2.62550497,-0.38770527 2.17110348 2.68083,-0.41870403 2.22455168 2.72744536,-0.46217054 2.28408885 2.76246786,-0.34812236 2.1047833 2.58953643,-0.37048009 2.14231467 2.64847088,-0.39607322 2.19045591 2.70069695,-0.43092552 2.24726081 2.74298453,-0.47994778 2.30817246 2.77271843,-0.5 2.3086648 2.77271843,-0.33190155 2.08546805 2.55246139,-0.33211026 2.08523774 2.53999996,-0.35493684 2.11710238 2.61368871,-0.37742966 2.15915322 2.6703589,-0.40552953 2.21142745 2.71896672,-0.44497606 2.27094126 2.75650644,-0.33963028 2.09541106 2.57726049,-0.36138198 2.13127017 2.6371088,-0.38492063 2.17782617 2.69095111,-0.41638383 2.23381448 2.7354579,-0.46106973 2.29526567 2.76787639,-0.34647003 2.10701132 2.60168934,-0.36779934 2.14733005 2.65956354,-0.39329451 2.19822192 2.71004319,-0.42891622 2.25736237 2.75000644,-0.47937301 2.3198719 2.77698183,-0.5 2.3203783 2.77698183,-0.33127597 2.08615828 2.56489205,-0.3527312 2.12040329 2.62550497,-0.37453809 2.16526699 2.68083,-0.40287697 2.22017169 2.72744536,-0.44336978 2.28176999 2.76246786,-0.33825707 2.09708428 2.58953643,-0.35874626 2.13566756 2.64847088,-0.38194641 2.18500662 2.70069695,-0.41396946 2.24345326 2.74298453,-0.45994386 2.30669689 2.77271843,-0.32300356 2.07699633 2.55246139,-0.32322329 2.07677674 2.53999996,-0.34445885 2.10972285 2.61368871,-0.36486128 2.15282679 2.6703589,-0.39036229 2.20641685 2.71896672,-0.42684114 2.26779437 2.75650644,-0.47878855 2.33176923 2.7806561,-0.5 2.33228993 2.7806561,-0.33023506 2.08730674 2.57726049,-0.35020107 2.12418985 2.6371088,-0.37142697 2.17184472 2.69095111,-0.40010506 2.22930956 2.7354579,-0.44172186 2.29287934 2.76787639,-0.3364974 2.09922862 2.60168934,-0.35582265 2.14054537 2.65956354,-0.37878999 2.19262695 2.71004319,-0.4114669 2.25344396 2.75000644,-0.45879573 2.31835413 2.77698183,-0.32234487 2.07765508 2.56489205,-0.34209391 2.1129117 2.62550497,-0.36167321 2.1587913 2.68083,-0.38728389 2.21502042 2.72744536,-0.42470542 2.27853155 2.76246786,-0.47819582 2.3438344 2.78373194,-0.5 2.34436965 2.78373194,-0.32878143 2.08891058 2.58953643,-0.34735274 2.12845278 2.64847088,-0.36810401 2.17887068 2.70069695,-0.39722061 2.23881817 2.74298453,-0.44003642 2.30424166 2.77271843,-0.31453195 2.06809855 2.55246139,-0.3147622 2.06788969 2.53999996,-0.33435559 2.10183835 2.61368871,-0.35261843 2.14589119 2.6703589,-0.37545919 2.2006681 2.71896672,-0.40888244 2.26376176 2.75650644,-0.45762819 2.3302083 2.7806561,-0.32124886 2.07875109 2.57726049,-0.33938104 2.11656952 2.6371088,-0.35824305 2.16520858 2.69095111,-0.38406691 2.22401118 2.7354579,-0.42251438 2.28954649 2.76787639,-0.47759628 2.35603809 2.78620195,-0.5 2.35658789 2.78620195,-0.32691866 2.09096575 2.60168934,-0.34419334 2.1331811 2.65956354,-0.36457747 2.18632698 2.71004319,-0.39423087 2.24867415 2.75000644,-0.43831769 2.31582832 2.77698183,-0.31384173 2.06872392 2.56489205,-0.33183703 2.10490727 2.62550497,-0.34914154 2.15169215 2.68083,-0.37196234 2.20911026 2.72744536,-0.40622243 2.27438092 2.76246786,-0.45644414 2.34223008 2.78373194,-0.31971827 2.08028173 2.58953643,-0.33632699 2.12068748 2.64847088,-0.35457933 2.17206287 2.70069695,-0.38071939 2.23336697 2.74298453,-0.42027345 2.30081248 2.77271843,-0.30650717 2.05879545 2.55246139,-0.30674738 2.05859828 2.53999996,-0.29919812 2.04892492 2.53999996,-0.47699147 2.36834931 2.78805971,-0.5 2.36891413 2.78805971,-0.32465139 2.09346747 2.61368871,-0.34073064 2.13836336 2.6703589,-0.36085612 2.19419503 2.71896672,-0.39114323 2.25885272 2.75650644,-0.4365699 2.32761097 2.7806561,-0.31269327 2.06976485 2.57726049,-0.32894793 2.10842752 2.6371088,-0.34540063 2.15793347 2.69095111,-0.3683081 2.21793246 2.7354579,-0.40349355 2.28527522 2.76787639,-0.45524657 2.35438943 2.78620195,-0.31775689 2.0822432 2.60168934,-0.33293936 2.12525511 2.65956354,-0.3506912 2.17933702 2.71004319,-0.37724966 2.24306417 2.75000644,-0.41798824 2.31230092 2.77698183,-0.30578706 2.05938649 2.56489205,-0.47638288 2.38073778 2.78930092,-0.5 2.39376736 2.78992224,-0.5 2.38131738 2.78930092,-0.32198527 2.09640908 2.62550497,-0.33697331 2.1439867 2.68083,-0.35694924 2.20245552 2.72744536,-0.38796541 2.26932859 2.76246786,-0.43479741 2.33956003 2.78373194,-0.31108943 2.07121849 2.58953643,-0.32569551 2.11239076 2.64847088,-0.341405 2.16459966 2.70069695,-0.36450553 2.22711253 2.74298453,-0.40070257 2.29641747 2.77271843,-0.2989485 2.04910994 2.55246139,-0.45403838 2.36665606 2.78805971,-0.31536961 2.08463049 2.61368871,-0.32922655 2.13026142 2.6703589,-0.34658828 2.18701315 2.71896672,-0.37366632 2.25307894 2.75650644,-0.41566443 2.32398367 2.7806561,-0.30458891 2.06036973 2.57726049,-0.47577199 2.3931725 2.78992224,-0.31892693 2.09978342 2.6371088,-0.33293065 2.15003705 2.69095111,-0.3528665 2.2110877 2.7354579,-0.38470525 2.28007579 2.76787639,-0.43300465 2.35164618 2.78620195,-0.30903417 2.07308125 2.60168934,-0.32208782 2.11678672 2.65956354,-0.33716461 2.17167449 2.71004319,-0.36056414 2.23662782 2.75000644,-0.39785638 2.30778003 2.77698183,-0.29820028 2.04966497 2.56489205,-0.45282263 2.37899971 2.78930092,-0.31256238 2.08743763 2.62550497,-0.32519782 2.13569355 2.68083,-0.34228078 2.19507194 2.72744536,-0.36997825 2.26338649 2.76246786,-0.41330776 2.3358314 2.78373194,-0.30291566 2.06174302 2.58953643,-0.47516033 2.40562296 2.78992224,-0.5 2.4062326 2.78992224,-0.31548396 2.10358214 2.64847088,-0.32861274 2.15649915 2.70069695,-0.34861809 2.22007012 2.74298453,-0.38137087 2.29106784 2.77271843,-0.2918742 2.03906512 2.55246139,-0.29213259 2.03889251 2.53999996,-0.431196 2.36383867 2.78805971,-0.30653262 2.07534862 2.61368871,-0.31813386 2.12160444 2.6703589,-0.33269 2.17913985 2.71896672,-0.35649371 2.24645472 2.75650644,-0.39496213 2.31933475 2.7806561,-0.29695532 2.05058813 2.57726049,-0.45160234 2.39138961 2.78992224,-0.30934212 2.09065795 2.6371088,-0.32086316 2.14153814 2.69095111,-0.3377794 2.20349336 2.7354579,-0.3661947 2.27396083 2.76787639,-0.41092411 2.3478148 2.78620195,-0.3007715 2.06350255 2.60168934,-0.47454944 2.41805768 2.78930092,-0.5 2.41868258 2.78930092,-0.31166491 2.10779572 2.65956354,-0.32403034 2.16335726 2.71004319,-0.34421456 2.22938061 2.75000644,-0.37797061 2.30227709 2.77698183,-0.29109967 2.03958273 2.56489205,-0.42937607 2.37610793 2.78930092,-0.30359101 2.07801461 2.62550497,-0.31384343 2.12683249 2.68083,-0.32799226 2.18697762 2.72744536,-0.35230434 2.25656891 2.76246786,-0.39202696 2.33105254 2.78373194,-0.29521671 2.05187774 2.58953643,-0.45038053 2.403795 2.78992224,-0.3057169 2.0942831 2.64847088,-0.3162334 2.14778066 2.70069695,-0.33309534 2.21225667 2.74298453,-0.36232498 2.28477597 2.77271843,-0.2853013 2.02868557 2.55246139,-0.28556785 2.02852559 2.53999996,-0.40851942 2.35990405 2.78805971,-0.29816172 2.0656445 2.61368871,-0.47394085 2.43044615 2.78805971,-0.5 2.43108582 2.78805971,-0.30747929 2.11241388 2.6703589,-0.31919479 2.17059422 2.71896672,-0.33966684 2.23899603 2.75650644,-0.37451288 2.31367564 2.7806561,-0.2898109 2.0404439 2.57726049,-0.42754927 2.38842297 2.78992224,-0.30021665 2.08107305 2.6371088,-0.30922723 2.13245726 2.69095111,-0.32308307 2.19516802 2.7354579,-0.34800649 2.26694489 2.76787639,-0.38905817 2.34290457 2.78620195,-0.29298878 2.05352998 2.60168934,-0.44916022 2.4161849 2.78930092,-0.3016957 2.09830427 2.65956354,-0.31131998 2.15440559 2.71004319,-0.32824028 2.22133994 2.75000644,-0.3583788 2.29580474 2.77698183,-0.2845023 2.02916431 2.56489205,-0.40609962 2.37206912 2.78930092,-0.29509282 2.06816292 2.62550497,-0.47333604 2.44275737 2.78620195,-0.5 2.44341207 2.78620195,-0.30293754 2.11742496 2.68083,-0.31411812 2.1781919 2.72744536,-0.33498624 2.24889231 2.76246786,-0.37100628 2.32523537 2.78373194,-0.2880111 2.04164648 2.58953643,-0.42572024 2.4007535 2.78992224,-0.29641792 2.08451605 2.64847088,-0.30429673 2.13846517 2.70069695,-0.31797469 2.20369101 2.74298453,-0.34361076 2.2775569 2.77271843,-0.27924562 2.0179956 2.55246139,-0.27951968 2.01784921 2.53999996,-0.38606319 2.35486126 2.78805971,-0.29027706 2.05554104 2.61368871,-0.44794446 2.42852855 2.78805971,-0.29728854 2.10271144 2.6703589,-0.30613515 2.1613965 2.71896672,-0.32322621 2.23072052 2.75650644,-0.35436592 2.30701995 2.7806561,-0.28317282 2.02996111 2.57726049,-0.40367079 2.38427973 2.78992224,-0.29157245 2.07105207 2.6371088,-0.47273651 2.45496106 2.78373194,-0.5 2.4556303 2.78373194,-0.29805088 2.12281656 2.69095111,-0.30881298 2.18613172 2.7354579,-0.33018443 2.25904489 2.76787639,-0.36745951 2.33692741 2.78620195,-0.28570476 2.04318738 2.60168934,-0.42389348 2.41306853 2.78930092,-0.29220426 2.08833504 2.65956354,-0.29906416 2.14484096 2.71004319,-0.31267977 2.21252489 2.75000644,-0.33912817 2.28837895 2.77698183,-0.27842405 2.01843476 2.56489205,-0.3830494 2.36689305 2.78930092,-0.28708827 2.05790615 2.62550497,-0.44673631 2.44079542 2.78620195,-0.29250637 2.10749364 2.68083,-0.30069178 2.16873598 2.72744536,-0.31806567 2.24037528 2.76246786,-0.35029635 2.31839371 2.78373194,-0.28131619 2.03107405 2.58953643,-0.40123892 2.39650559 2.78992224,-0.28760937 2.07430458 2.64847088,-0.4721438 2.46702623 2.7806561,-0.5 2.46771002 2.7806561,-0.29283151 2.12857509 2.70069695,-0.30329254 2.19439363 2.74298453,-0.32527331 2.26942849 2.77271843,-0.27372175 2.00702167 2.55246139,-0.27400267 2.00688887 2.53999996,-0.26903012 1.99567091 2.53999996,-0.36388144 2.3487227 2.78805971,-0.28289762 2.04506326 2.61368871,-0.42207351 2.42533779 2.78805971,-0.28758615 2.09252071 2.6703589,-0.29354253 2.15156913 2.71896672,-0.30721146 2.22164822 2.75650644,-0.33456981 2.29938388 2.7806561,-0.27705711 2.01916552 2.57726049,-0.38002431 2.37896967 2.78992224,-0.2834304 2.06061888 2.6371088,-0.4455387 2.45295477 2.78373194,-0.28736106 2.11263895 2.69095111,-0.29500344 2.17640591 2.7354579,-0.31277147 2.2502799 2.76787639,-0.34618014 2.32989764 2.78620195,-0.27893701 2.03250003 2.60168934,-0.39881006 2.4087162 2.78930092,-0.28321338 2.07791209 2.65956354,-0.47155932 2.47892356 2.77698183,-0.5 2.49133515 2.77271843,-0.5 2.47962165 2.77698183,-0.28729242 2.13468671 2.71004319,-0.29757053 2.20295715 2.75000644,-0.32026511 2.28001761 2.77698183,-0.27287966 2.00741982 2.56489205,-0.3602809 2.36059213 2.78930092,-0.27959666 2.04726887 2.62550497,-0.4202649 2.43753052 2.78620195,-0.28257507 2.09706235 2.68083,-0.28774562 2.15863276 2.72744536,-0.30158341 2.23103809 2.76246786,-0.32994705 2.31054401 2.78373194,-0.27514809 2.02018595 2.58953643,-0.3769955 2.39106154 2.78992224,-0.27931249 2.06367302 2.64847088,-0.44435468 2.46497655 2.7806561,-0.28186542 2.1181345 2.70069695,-0.28908429 2.18438697 2.74298453,-0.30735677 2.26041007 2.77271843,-0.26874301 1.99578977 2.55246139,-0.3420276 2.34150338 2.78805971,-0.27604124 2.03423572 2.61368871,-0.39639029 2.42088127 2.78805971,-0.27839547 2.08186603 2.6703589,-0.47098455 2.490623 2.77271843,-0.28144732 2.14113569 2.71896672,-0.29166117 2.21180105 2.75650644,-0.31517226 2.29078531 2.7806561,-0.27147847 2.00808263 2.57726049,-0.35666692 2.3725059 2.78992224,-0.27581006 2.04979897 2.6371088,-0.41847211 2.44961643 2.78373194,-0.2771835 2.10194921 2.69095111,-0.2816878 2.16601419 2.7354579,-0.2958096 2.24067116 2.76787639,-0.32527137 2.32183218 2.78620195,-0.27270183 2.02149343 2.60168934,-0.37397042 2.40313816 2.78930092,-0.27474478 2.06706071 2.65956354,-0.44318715 2.47683072 2.77698183,-0.2760331 2.12396693 2.71004319,-0.28294894 2.19265938 2.75000644,-0.30183503 2.27074051 2.77698183,-0.26788238 1.99614632 2.56489205,-0.33784902 2.3531816 2.78930092,-0.272636 2.03627682 2.62550497,-0.39398557 2.43297052 2.78620195,-0.27316758 2.08615661 2.68083,-0.47042093 2.5020957 2.76787639,-0.5 2.50282168 2.76787639,-0.27531078 2.1479063 2.72744536,-0.28557914 2.2209034 2.76246786,-0.31000745 2.3017056 2.78373194,-0.26952171 2.00900817 2.58953643,-0.35304841 2.38443446 2.78992224,-0.27154726 2.05264735 2.64847088,-0.41669962 2.46156549 2.7806561,-0.2714248 2.10716844 2.70069695,-0.27538413 2.17369533 2.74298453,-0.28990433 2.25052333 2.77271843,-0.26432139 1.9843272 2.55246139,-0.26461399 1.98422241 2.53999996,-0.32055435 2.33322001 2.78805971,-0.26972437 2.02308488 2.61368871,-0.37095666 2.41516995 2.78805971,-0.26973864 2.07077336 2.6703589,-0.44203901 2.48848772 2.77271843,-0.2698786 2.13012147 2.71896672,-0.27661276 2.20120287 2.75650644,-0.29621994 2.28124571 2.7806561,-0.26645038 1.99673939 2.57726049,-0.33365479 2.36490369 2.78992224,-0.26872984 2.03861809 2.6371088,-0.39160192 2.44495392 2.78373194,-0.26754272 2.09077287 2.69095111,-0.46986985 2.51331306 2.76246786,-0.5 2.51405263 2.76246786,-0.26889807 2.15498161 2.7354579,-0.27933961 2.23024154 2.76787639,-0.30478349 2.31275058 2.78620195,-0.26701424 2.01019406 2.60168934,-0.34943441 2.39634824 2.78930092,-0.26681882 2.05580664 2.65956354,-0.41495183 2.47334814 2.77698183,-0.26531333 2.11270761 2.71004319,-0.2688503 2.18165684 2.75000644,-0.28388235 2.26057053 2.77698183,-0.2634443 1.98464096 2.56489205,-0.31580779 2.34467936 2.78930092,-0.2662231 2.02495646 2.62550497,-0.36796165 2.42712665 2.78620195,-0.26430655 2.07480216 2.68083,-0.44091314 2.49991894 2.76787639,-0.26341724 2.13658285 2.72744536,-0.27009144 2.20999575 2.76246786,-0.29052556 2.2918992 2.78373194,-0.26445055 1.99756777 2.58953643,-0.32945535 2.37664032 2.78992224,-0.26433238 2.04125381 2.64847088,-0.38924524 2.45680165 2.7806561,-0.26153487 2.09570336 2.70069695,-0.4693327 2.52424717 2.75650644,-0.5 2.5250001 2.75650644,-0.26222509 2.16234422 2.74298453,-0.27295804 2.23979235 2.77271843,-0.26046753 1.97266138 2.55246139,-0.26076493 1.97257113 2.53999996,-0.2995134 2.32389331 2.78805971,-0.26396224 2.01163745 2.61368871,-0.3458339 2.40821743 2.78805971,-0.26163656 2.05926943 2.6703589,-0.4132331 2.48493505 2.77271843,-0.25886428 2.11855268 2.71896672,-0.26210251 2.18987894 2.75650644,-0.2777586 2.27078748 2.7806561,-0.26198491 1.98516321 2.57726049,-0.31104341 2.35618162 2.78992224,-0.26220673 2.02710319 2.6371088,-0.36499286 2.43897867 2.78373194,-0.25846195 2.07913685 2.69095111,-0.4398123 2.51109576 2.76246786,-0.25666508 2.14333487 2.7354579,-0.26340121 2.21901655 2.76787639,-0.28476593 2.30267453 2.78620195,-0.26188791 1.99862921 2.60168934,-0.32526112 2.38836241 2.78930092,-0.25945464 2.04417729 2.65956354,-0.38692144 2.4684844 2.77698183,-0.25515896 2.10093594 2.71004319,-0.4688108 2.53487086 2.75000644,-0.5 2.53563666 2.75000644,-0.25530848 2.16997552 2.75000644,-0.26645032 2.24953175 2.77698183,-0.25957611 1.97293174 2.56489205,-0.29421026 2.3351059 2.78930092,-0.26037338 2.01333499 2.62550497,-0.3422558 2.42001295 2.78620195,-0.2560133 2.06302667 2.68083,-0.41154766 2.49629712 2.76787639,-0.25209364 2.1246891 2.72744536,-0.25515759 2.19834137 2.76246786,-0.27154827 2.28114867 2.78373194,-0.25994685 1.98589242 2.58953643,-0.30627313 2.36769795 2.78992224,-0.25768527 2.02952003 2.64847088,-0.36205769 2.45069647 2.7806561,-0.25221941 2.0837667 2.70069695,-0.4387393 2.52199054 2.75650644,-0.24963889 2.15036106 2.74298453,-0.25655869 2.22824264 2.77271843,-0.25719073 1.96082056 2.55246139,-0.25749218 1.9607451 2.53999996,-0.27895543 2.31354523 2.78805971,-0.25876877 1.9999212 2.61368871,-0.32108253 2.40004086 2.78805971,-0.2541087 2.04738164 2.6703589,-0.38463622 2.47997284 2.77271843,-0.24843086 2.10645747 2.71896672,-0.46830544 2.54515791 2.74298453,-0.5 2.54593587 2.74298453,-0.2481654 2.17785668 2.75650644,-0.25983262 2.25943589 2.7806561,-0.25809285 1.97338176 2.57726049,-0.28888726 2.34636045 2.78992224,-0.25625652 2.01528215 2.6371088,-0.33870906 2.431705 2.78373194,-0.24996306 2.06706929 2.69095111,-0.40989977 2.50740647 2.76246786,-0.2450183 2.13110185 2.7354579,-0.24803281 2.20702291 2.76787639,-0.26526687 2.2916286 2.78620195,-0.25733522 1.9868269 2.60168934,-0.30150878 2.37920022 2.78930092,-0.25266993 2.03220057 2.65956354,-0.35916343 2.46225119 2.77698183,-0.24559443 2.08868003 2.71004319,-0.43769673 2.53257585 2.75000644,-0.24235615 2.1576438 2.75000644,-0.24958092 2.23765111 2.77698183,-0.2562871 1.96104693 2.56489205,-0.27310851 2.32448411 2.78930092,-0.25510094 2.00144053 2.62550497,-0.31693 2.41164637 2.78620195,-0.24830785 2.0508585 2.68083,-0.3823953 2.49123883 2.76787639,-0.2413673 2.11225438 2.72744536,-0.46781787 2.55508232 2.7354579,-0.5 2.55587244 2.7354579,-0.24081361 2.18596816 2.76246786,-0.25312138 2.26947999 2.78373194,-0.25602147 1.97401011 2.58953643,-0.28355765 2.35762882 2.78992224,-0.2516219 2.01747417 2.64847088,-0.33520246 2.44326472 2.7806561,-0.24350086 2.07138729 2.70069695,-0.40829346 2.51823521 2.75650644,-0.23765582 2.13777494 2.74298453,-0.24074583 2.21590209 2.77271843,-0.25449887 1.94883323 2.55246139,-0.25480369 1.94877255 2.53999996,-0.25893 2.30220103 2.78805971,-0.25415644 1.98796427 2.61368871,-0.29676223 2.39065933 2.78805971,-0.24717321 2.03513885 2.6703589,-0.35631725 2.47361374 2.77271843,-0.2386035 2.09386492 2.71896672,-0.4366872 2.54282546 2.74298453,-0.23483495 2.16516495 2.75650644,-0.24248521 2.24721861 2.7806561,-0.25478357 1.96142352 2.57726049,-0.26723969 2.335464 2.78992224,-0.25089347 2.00318336 2.6371088,-0.31281382 2.4231503 2.78373194,-0.24206653 2.05459929 2.69095111,-0.38020426 2.50225377 2.76246786,-0.23398581 2.11831212 2.7354579,-0.46734932 2.56462002 2.72744536,-0.5 2.56542134 2.72744536,-0.23327141 2.19428968 2.76787639,-0.24633332 2.27963901 2.78620195,-0.25336713 1.97481525 2.60168934,-0.27823463 2.36888337 2.78930092,-0.24648108 2.01990557 2.65956354,-0.3317447 2.45466328 2.77698183,-0.23664278 2.0759697 2.71004319,-0.40673274 2.52875686 2.75000644,-0.2300245 2.14469147 2.75000644,-0.23331481 2.22495675 2.77698183,-0.25358525 1.9490149 2.56489205,-0.25255337 2.31283975 2.78930092,-0.25041848 1.98930168 2.62550497,-0.29204521 2.40204716 2.78620195,-0.24120875 2.03832674 2.68083,-0.35352626 2.48475599 2.76787639,-0.231264 2.09930825 2.72744536,-0.43571326 2.55271435 2.7354579,-0.22709402 2.17290592 2.76246786,-0.23528925 2.25692105 2.78373194,-0.25268385 1.96194947 2.58953643,-0.26136357 2.34645724 2.78992224,-0.2461569 2.00514531 2.64847088,-0.30874422 2.43452406 2.7806561,-0.23540026 2.05859494 2.70069695,-0.37806854 2.51299071 2.75650644,-0.22630477 2.12461591 2.74298453,-0.46690094 2.57374668 2.71896672,-0.5 2.57455921 2.71896672,-0.22555754 2.20280051 2.77271843,-0.25239846 1.93672824 2.55246139,-0.25270587 1.93668258 2.53999996,-0.25120381 1.92450428 2.53999996,-0.23948529 2.28988791 2.78805971,-0.25013638 1.97579527 2.61368871,-0.27293152 2.38009596 2.78805971,-0.24084681 2.02257037 2.6703589,-0.32834443 2.46587253 2.77271843,-0.22940587 2.0808053 2.71896672,-0.40522152 2.53894472 2.74298453,-0.22214332 2.15183473 2.75650644,-0.22575819 2.23416471 2.7806561,-0.25206503 1.94931734 2.57726049,-0.24615286 2.32351828 2.78992224,-0.24613059 1.99083591 2.6371088,-0.28736952 2.41333532 2.78373194,-0.2347914 2.04175687 2.69095111,-0.35079738 2.49565029 2.76246786,-0.22359416 2.10499644 2.7354579,-0.43477729 2.56221724 2.72744536,-0.21915258 2.18084741 2.76787639,-0.22801088 2.26673484 2.78620195,-0.24999319 1.96262348 2.60168934,-0.25549474 2.35743713 2.78930092,-0.24090298 2.0073216 2.65956354,-0.30473134 2.44573927 2.77698183,-0.22832559 2.06283545 2.71004319,-0.37599346 2.52342296 2.75000644,-0.21834326 2.13114977 2.75000644,-0.46647388 2.5824399 2.71004319,-0.5 2.59151101 2.70069695,-0.5 2.58326292 2.71004319,-0.21769117 2.2114799 2.77698183,-0.251477 1.93686485 2.56489205,-0.23259434 2.30020094 2.78930092,-0.24633728 1.97694778 2.62550497,-0.26766142 2.39123869 2.78620195,-0.2347331 2.02546191 2.68083,-0.32501006 2.47686458 2.76787639,-0.22180811 2.08588195 2.72744536,-0.40376353 2.54877353 2.7354579,-0.21403189 2.15918636 2.76246786,-0.21809481 2.24350238 2.78373194,-0.24994205 1.94973958 2.58953643,-0.2397444 2.33421016 2.78992224,-0.24130344 1.99256313 2.64847088,-0.28274673 2.4244957 2.7806561,-0.22793709 2.04542065 2.70069695,-0.34813738 2.50626945 2.75650644,-0.21561307 2.11091566 2.74298453,-0.43388164 2.571311 2.71896672,-0.21103039 2.18896961 2.77271843,-0.25089455 1.9245348 2.55246139,-0.22066821 2.27663541 2.78805971,-0.24671824 1.96344376 2.61368871,-0.24964783 2.36837602 2.78805971,-0.23514473 2.00970674 2.6703589,-0.30078515 2.45676827 2.77271843,-0.22086012 2.06731009 2.71896672,-0.37398416 2.53352451 2.74298453,-0.21012108 2.13789749 2.75650644,-0.46606916 2.59067822 2.70069695,-0.20969185 2.22030568 2.7806561,-0.24994381 1.9370923 2.57726049,-0.22567756 2.3105526 2.78992224,-0.24197927 1.9782697 2.6371088,-0.26243746 2.40228367 2.78373194,-0.22815517 2.02857304 2.69095111,-0.32174993 2.48761177 2.76246786,-0.21386839 2.091187 2.7354579,-0.40236241 2.55821919 2.72744536,-0.20571035 2.1667285 2.76787639,-0.21034367 2.25294733 2.78620195,-0.24722154 1.95028079 2.60168934,-0.23334388 2.34488893 2.78930092,-0.23594904 1.99447894 2.65956354,-0.27818841 2.43550062 2.77698183,-0.22066288 2.04930878 2.71004319,-0.34555292 2.51658726 2.75000644,-0.20734054 2.11705112 2.75000644,-0.43302852 2.57997298 2.71004319,-0.20274763 2.19725227 2.77698183,-0.2499675 1.92462599 2.56489205,-0.21327952 2.28659773 2.78930092,-0.24286717 1.9644084 2.62550497,-0.24383734 2.37924671 2.78620195,-0.22889651 2.01229477 2.68083,-0.29691547 2.46758318 2.76787639,-0.21302241 2.07200766 2.72744536,-0.37204564 2.54327011 2.7354579,-0.20165868 2.14484239 2.76246786,-0.46568781 2.59844089 2.69095111,-0.5 2.59928322 2.69095111,-0.20157951 2.22925639 2.78373194,-0.24780264 1.93741 2.58953643,-0.21875219 2.32091713 2.78992224,-0.2370732 1.97975802 2.64847088,-0.25727266 2.41320395 2.7806561,-0.22112934 2.03189611 2.70069695,-0.31857207 2.49808764 2.75650644,-0.20560648 2.09670758 2.74298453,-0.4010216 2.56725812 2.71896672,-0.1971994 2.17444253 2.77271843,-0.24999075 1.91228211 2.55246139,-0.20252407 2.26247549 2.78805971,-0.2439103 1.95093942 2.61368871,-0.22696728 2.35552764 2.78805971,-0.23008071 1.99657869 2.6703589,-0.27370578 2.44632244 2.77271843,-0.21298684 2.05341172 2.71896672,-0.34305036 2.52657795 2.74298453,-0.19879718 2.12338734 2.75650644,-0.43222007 2.58818126 2.70069695,-0.1943249 2.20567513 2.7806561,-0.24842498 1.92477798 2.57726049,-0.20586315 2.29659772 2.78992224,-0.23844956 1.96551502 2.6371088,-0.23807772 2.39002204 2.78373194,-0.22217384 2.01507926 2.69095111,-0.29313189 2.47815776 2.76246786,-0.20483196 2.07691693 2.7354579,-0.37018272 2.55263567 2.72744536,-0.19297709 2.15196729 2.76787639,-0.46533075 2.6057086 2.68083,-0.5 2.61332273 2.6703589,-0.5 2.60655975 2.68083,-0.19337428 2.23830938 2.78620195,-0.24505886 1.93781698 2.60168934,-0.21183543 2.33126879 2.78930092,-0.23163125 1.98140872 2.65956354,-0.2521798 2.42397189 2.77698183,-0.21367311 2.03542256 2.71004319,-0.31548443 2.50826621 2.75000644,-0.19704288 2.10242939 2.75000644,-0.39974451 2.57586765 2.71004319,-0.18852019 2.18230891 2.77698183,-0.24906033 1.91232789 2.56489205,-0.19465542 2.27206349 2.78930092,-0.24001653 1.95171392 2.62550497,-0.22063038 2.36610007 2.78620195,-0.22371303 1.99885702 2.68083,-0.26931009 2.45693469 2.76787639,-0.20492807 2.05771923 2.72744536,-0.34063599 2.53621674 2.7354579,-0.1900042 2.12990856 2.76246786,-0.43145826 2.59591579 2.69095111,-0.18578312 2.21421695 2.78373194,-0.24627081 1.92499018 2.58953643,-0.19843754 2.30660987 2.78992224,-0.23347637 1.96676075 2.64847088,-0.23238331 2.40067554 2.7806561,-0.21499343 2.01805353 2.70069695,-0.28944385 2.48846507 2.75650644,-0.1963091 2.08202529 2.74298453,-0.36840004 2.56159782 2.71896672,-0.18409789 2.15925407 2.77271843,-0.4649989 2.61246347 2.6703589,-0.18509656 2.24744248 2.78805971,-0.24171929 1.93831229 2.61368871,-0.20494446 2.34158182 2.78805971,-0.22566696 1.98321807 2.6703589,-0.2471716 2.43456078 2.77271843,-0.205805 2.0391438 2.71896672,-0.3124947 2.5181222 2.74298453,-0.18819889 2.10833883 2.75650644,-0.39853424 2.58402658 2.70069695,-0.17969432 2.19030809 2.7806561,-0.24751221 1.91240394 2.57726049,-0.18675733 2.28168726 2.78992224,-0.23554994 1.95260239 2.6371088,-0.21434897 2.37658 2.78373194,-0.21686181 2.00130844 2.69095111,-0.2650122 2.46731067 2.76246786,-0.19650659 2.06222057 2.7354579,-0.33831578 2.54547954 2.72744536,-0.18098345 2.13659883 2.76787639,-0.43074504 2.60315752 2.68083,-0.17714356 2.22285652 2.78620195,-0.24351037 1.92526197 2.60168934,-0.19102117 2.31660962 2.78930092,-0.22795996 1.96814251 2.65956354,-0.22676824 2.41118073 2.77698183,-0.20737314 2.02120996 2.71004319,-0.28586048 2.49847984 2.75000644,-0.18747506 2.08732033 2.75000644,-0.36670202 2.57013416 2.71004319,-0.17504315 2.1666851 2.77698183,-0.4646931 2.61868858 2.65956354,-0.5 2.61955547 2.65956354,-0.17676693 2.2566328 2.78930092,-0.23779221 1.93889487 2.62550497,-0.19809644 2.35183072 2.78620195,-0.21919513 1.98518121 2.68083,-0.24226049 2.44494438 2.76787639,-0.19754457 2.04305077 2.72744536,-0.30961028 2.52763081 2.7354579,-0.17909652 2.11442089 2.76246786,-0.39739385 2.59171438 2.69095111,-0.17074372 2.19842052 2.78373194,-0.24535023 1.91251016 2.58953643,-0.1788494 2.29132318 2.78992224,-0.2305216 1.95360255 2.64847088,-0.20813867 2.38694119 2.7806561,-0.20954412 2.00392675 2.70069695,-0.26082286 2.47742462 2.75650644,-0.18774335 2.06690454 2.74298453,-0.33609548 2.55434346 2.71896672,-0.1717574 2.1434412 2.77271843,-0.43008214 2.60988784 2.6703589,-0.16842768 2.23157239 2.78805971,-0.2401505 1.9255929 2.61368871,-0.18363248 2.32657218 2.78805971,-0.22191408 1.96965694 2.6703589,-0.2212465 2.42151117 2.77271843,-0.19933191 2.0245409 2.71896672,-0.28239074 2.50817704 2.74298453,-0.17835177 2.09278846 2.75650644,-0.36509287 2.57822394 2.70069695,-0.1658354 2.17424178 2.7806561,-0.46441406 2.62436867 2.64847088,-0.5 2.62524223 2.64847088,-0.16840613 2.26585746 2.78992224,-0.23328739 1.93956304 2.6371088,-0.19130838 2.36198974 2.78373194,-0.21223189 1.98729348 2.69095111,-0.23745866 2.45509696 2.76246786,-0.18891238 2.04713345 2.7354579,-0.30683833 2.53676867 2.72744536,-0.16975838 2.12066031 2.76787639,-0.39632615 2.59891224 2.68083,-0.16169064 2.2066257 2.78620195,-0.24257977 1.91264629 2.60168934,-0.17095129 2.30094695 2.78930092,-0.22494406 1.95471203 2.65956354,-0.20201491 2.39715815 2.77698183,-0.20177813 2.00670552 2.71004319,-0.25675243 2.48725152 2.75000644,-0.17866014 2.0717597 2.75000644,-0.33398065 2.56278634 2.71004319,-0.16234896 2.150419 2.77698183,-0.42947122 2.61609054 2.65956354,-0.15965715 2.24034286 2.78930092,-0.23619957 1.92598212 2.62550497,-0.17628983 2.33647275 2.78620195,-0.21535373 1.97130013 2.68083,-0.21583179 2.43164134 2.76787639,-0.19088973 2.02803755 2.72744536,-0.27904323 2.51753283 2.7354579,-0.16896193 2.09841657 2.76246786,-0.36357662 2.58584666 2.69095111,-0.15649752 2.18190527 2.78373194,-0.4641625 2.62948918 2.6371088,-0.5 2.63036895 2.6371088,-0.16003491 2.27509356 2.78992224,-0.22821605 1.94031537 2.64847088,-0.18459716 2.3720336 2.7806561,-0.20479454 1.98954964 2.70069695,-0.23277807 2.46499324 2.75650644,-0.17992987 2.05138183 2.74298453,-0.30418581 2.54551291 2.71896672,-0.16020769 2.12704206 2.77271843,-0.39533383 2.60560203 2.6703589,-0.1525576 2.21490335 2.78805971,-0.23920771 1.91281188 2.61368871,-0.16308266 2.31053495 2.78805971,-0.21883114 1.95592797 2.6703589,-0.19599292 2.4072051 2.77271843,-0.19358315 2.00963759 2.71896672,-0.25281101 2.49676704 2.74298453,-0.16927953 2.07677388 2.75650644,-0.3319765 2.57078743 2.70069695,-0.15278152 2.15751481 2.7806561,-0.42891383 2.62174988 2.64847088,-0.15085377 2.24914622 2.78992224,-0.2316674 1.92642844 2.6371088,-0.16901146 2.3462863 2.78373194,-0.20829524 1.97306824 2.69095111,-0.21053758 2.4415462 2.76246786,-0.1820676 2.03169203 2.7354579,-0.27582628 2.52652359 2.72744536,-0.15932888 2.10419035 2.76787639,-0.36215705 2.59298325 2.68083,-0.14705274 2.18965626 2.78620195,-0.46393904 2.63403797 2.62550497,-0.5 2.63889313 2.61368871,-0.5 2.63492322 2.62550497,-0.15167411 2.28431845 2.78930092,-0.22259079 1.94114971 2.65956354,-0.17797945 2.38193774 2.77698183,-0.19690156 1.99194396 2.71004319,-0.22823034 2.47460866 2.75000644,-0.17061935 2.05578542 2.75000644,-0.30165923 2.55384183 2.71004319,-0.15046819 2.13354969 2.77698183,-0.39441928 2.61176729 2.65956354,-0.14336728 2.22323298 2.78930092,-0.23524246 1.91300666 2.62550497,-0.15526305 2.32006311 2.78620195,-0.21219806 1.95724738 2.68083,-0.19008768 2.41705751 2.76787639,-0.18497956 2.01271605 2.72744536,-0.24900848 2.50594711 2.7354579,-0.15962484 2.08193421 2.76246786,-0.33008805 2.57832646 2.69095111,-0.14307886 2.16471076 2.78373194,-0.4284113 2.62685204 2.6371088,-0.14203945 2.25796056 2.78992224,-0.22656526 1.92693102 2.64847088,-0.16181548 2.35598898 2.7806561,-0.20075613 1.97495663 2.70069695,-0.20537704 2.45120072 2.75650644,-0.17288744 2.03549457 2.74298453,-0.27274784 2.53512716 2.71896672,-0.14947656 2.11009574 2.77271843,-0.36083764 2.59961653 2.6703589,-0.13752452 2.19747591 2.78805971,-0.46374422 2.63800311 2.61368871,-0.14334449 2.29350877 2.78805971,-0.21642557 1.94206429 2.6703589,-0.17147173 2.39167738 2.77271843,-0.18857257 1.99447048 2.71896672,-0.22382681 2.48391914 2.74298453,-0.16100402 2.06033325 2.75650644,-0.29926491 2.56173491 2.70069695,-0.1405641 2.14016747 2.7806561,-0.39358488 2.61739254 2.64847088,-0.13414255 2.23159385 2.78992224,-0.23069383 1.91323018 2.6371088,-0.14751191 2.32950807 2.78373194,-0.20506132 1.95866692 2.69095111,-0.18431383 2.42669058 2.76246786,-0.17598875 2.01593304 2.7354579,-0.24535424 2.51476932 2.72744536,-0.14972007 2.08722854 2.76787639,-0.32832 2.58538508 2.68083,-0.13326511 2.1719892 2.78620195,-0.42796493 2.63138437 2.62550497,-0.13323607 2.26676393 2.78930092,-0.22090581 1.92748833 2.65956354,-0.15471978 2.36555648 2.77698183,-0.19275518 1.97696078 2.71004319,-0.200363 2.4605813 2.75000644,-0.16337208 2.03943586 2.75000644,-0.26981565 2.54332209 2.71004319,-0.13942948 2.11611772 2.77698183,-0.3596217 2.60572934 2.65956354,-0.12793656 2.20534468 2.78930092,-0.46357858 2.6413753 2.60168934,-0.5 2.64226937 2.60168934,-0.13506678 2.30264187 2.78620195,-0.20973574 1.94305658 2.68083,-0.16509016 2.40122795 2.76787639,-0.1798283 1.997123 2.72744536,-0.2195784 2.49290156 2.7354579,-0.15110774 2.06501365 2.76246786,-0.29700881 2.56917214 2.69095111,-0.13052005 2.14687872 2.78373194,-0.39283261 2.62246394 2.6371088,-0.12490633 2.2399652 2.78992224,-0.22557318 1.91348171 2.64847088,-0.13984852 2.33884597 2.7806561,-0.19743864 1.96018314 2.70069695,-0.17868578 2.43608046 2.75650644,-0.16663307 2.01928067 2.74298453,-0.24185736 2.52321148 2.71896672,-0.13958988 2.09264326 2.77271843,-0.32667673 2.59194541 2.6703589,-0.12336469 2.17933178 2.78805971,-0.4275758 2.63533521 2.61368871,-0.12446554 2.27553439 2.78805971,-0.21470314 1.92809927 2.6703589,-0.147742 2.37496495 2.77271843,-0.18431225 1.97907567 2.71896672,-0.19550791 2.46966457 2.74298453,-0.15354517 2.04350638 2.75650644,-0.26703691 2.55108809 2.70069695,-0.1292126 2.1222415 2.7806561,-0.35851225 2.61130691 2.64847088,-0.11831269 2.21324277 2.78992224,-0.46344247 2.64414573 2.58953643,-0.5 2.64504313 2.58953643,-0.12686154 2.31169486 2.78373194,-0.20253794 1.94412434 2.69095111,-0.15885063 2.41056609 2.76246786,-0.17069046 1.99989498 2.7354579,-0.21549566 2.50153399 2.72744536,-0.14095514 2.06981564 2.76787639,-0.29489654 2.5761354 2.68083,-0.12036099 2.15366673 2.78620195,-0.39216438 2.62696862 2.62550497,-0.1156816 2.24832582 2.78930092,-0.2198932 1.91376078 2.65956354,-0.13229191 2.34805369 2.77698183,-0.18934898 1.96179235 2.71004319,-0.17321749 2.44520378 2.75000644,-0.15693577 2.02275038 2.75000644,-0.23852658 2.53125262 2.71004319,-0.12925941 2.09816504 2.77698183,-0.32516229 2.59799123 2.65956354,-0.11340218 2.18672037 2.78930092,-0.42724487 2.638695 2.60168934,-0.11574966 2.28425026 2.78620195,-0.20797269 1.9287622 2.68083,-0.14089949 2.38419104 2.76787639,-0.17544836 1.98129594 2.72744536,-0.19082387 2.47842789 2.7354579,-0.14343116 2.04769564 2.76246786,-0.2644186 2.55840588 2.69095111,-0.11885134 2.12845182 2.78373194,-0.35751206 2.61633515 2.6371088,-0.10867685 2.22115064 2.78992224,-0.46333626 2.64630771 2.57726049,-0.5 2.64720774 2.57726049,-0.11874919 2.32064533 2.7806561,-0.19485004 1.9452647 2.70069695,-0.1527686 2.41966844 2.75650644,-0.16118179 2.00277948 2.74298453,-0.21158877 2.50979424 2.71896672,-0.13057144 2.07472658 2.77271843,-0.29293334 2.58260727 2.6703589,-0.1101122 2.16051459 2.78805971,-0.39158186 2.63089585 2.61368871,-0.10649128 2.25665545 2.78805971,-0.21366803 1.91406655 2.6703589,-0.12486088 2.35710835 2.77271843,-0.18081246 1.96349037 2.71896672,-0.16792257 2.45403767 2.74298453,-0.14692098 2.02633381 2.75650644,-0.23537016 2.53887296 2.70069695,-0.11875436 2.10378003 2.7806561,-0.32378051 2.60350752 2.64847088,-0.10340236 2.19413686 2.78992224,-0.42697302 2.64145565 2.58953643,-0.10711009 2.29288983 2.78373194,-0.20073116 1.92947543 2.69095111,-0.13420926 2.39321184 2.76246786,-0.16618553 1.98361623 2.7354579,-0.1863225 2.48684931 2.72744536,-0.13305517 2.05199361 2.76787639,-0.26196721 2.56525707 2.68083,-0.10837144 2.1347332 2.78620195,-0.35662362 2.62080193 2.62550497,-0.09905299 2.22904873 2.78930092,-0.4632602 2.64785576 2.56489205,-0.5 2.6487577 2.56489205,-0.11074989 2.32947135 2.77698183,-0.18669116 1.94647503 2.71004319,-0.14685924 2.42851257 2.75000644,-0.15132593 2.00576901 2.75000644,-0.20786744 2.51766253 2.71004319,-0.11998248 2.0797348 2.77698183,-0.29112411 2.58857155 2.65956354,-0.09979914 2.16740561 2.78930092,-0.39108646 2.63423538 2.60168934,-0.09735823 2.26493311 2.78620195,-0.20691316 1.91439843 2.68083,-0.11757392 2.36598754 2.76787639,-0.17185029 1.96527302 2.72744536,-0.16281417 2.46256065 2.7354579,-0.13661358 2.03002167 2.76246786,-0.23239593 2.54605341 2.69095111,-0.10810085 2.10947442 2.78373194,-0.3225348 2.60848069 2.6371088,-0.09339011 2.2015624 2.78992224,-0.42676082 2.64360976 2.57726049,-0.09856833 2.30143166 2.7806561,-0.19299658 1.93023717 2.70069695,-0.12768793 2.40200472 2.75650644,-0.15654677 1.98603058 2.74298453,-0.18201499 2.49490809 2.71896672,-0.12244301 2.05638933 2.77271843,-0.25968882 2.57162476 2.6703589,-0.09779898 2.14107013 2.78805971,-0.35584909 2.62469554 2.61368871,-0.08946503 2.23691726 2.78805971,-0.46321449 2.64878631 2.55246139,-0.5 2.6496892 2.55246139,-0.10288351 2.3381505 2.77271843,-0.17808162 1.94775212 2.71896672,-0.14113723 2.43707609 2.74298453,-0.14114738 2.00885677 2.75650644,-0.2043409 2.52511859 2.70069695,-0.10921457 2.08482766 2.7806561,-0.2894733 2.59401345 2.64847088,-0.08944747 2.17432237 2.78992224,-0.39067948 2.6369791 2.58953643,-0.08830515 2.27313852 2.78373194,-0.19964536 1.91475546 2.69095111,-0.11044911 2.37466908 2.76246786,-0.16248477 1.96713591 2.7354579,-0.157905 2.47075105 2.72744536,-0.12603921 2.03380537 2.76787639,-0.22961131 2.5527761 2.68083,-0.09732537 2.11523414 2.78620195,-0.32142824 2.61289835 2.62550497,-0.08339029 2.20897889 2.78930092,-0.42660892 2.64515233 2.56489205,-0.0901456 2.30985451 2.77698183,-0.18478814 1.93104565 2.71004319,-0.12135174 2.41054797 2.75000644,-0.14655608 1.98853314 2.75000644,-0.17791207 2.50258422 2.71004319,-0.11162106 2.06087184 2.77698183,-0.2575891 2.57749319 2.65956354,-0.08716023 2.14744663 2.78930092,-0.35519043 2.62800694 2.60168934,-0.07993681 2.24473691 2.78620195,-0.46319926 2.64909649 2.53999996,-0.5 2.6500001 2.53999996,-0.09516964 2.34666157 2.76787639,-0.16904277 1.94909286 2.72744536,-0.13561679 2.44533801 2.7354579,-0.13067143 2.01203465 2.76246786,-0.20101793 2.53214455 2.69095111,-0.09829449 2.08999252 2.78373194,-0.28798506 2.59891963 2.6371088,-0.07908291 2.18124771 2.78992224,-0.39036185 2.63912034 2.57726049,-0.07935455 2.28125072 2.7806561,-0.1918827 1.91513681 2.70069695,-0.1035042 2.3831315 2.75650644,-0.15273917 1.96907449 2.74298453,-0.15320726 2.47858882 2.71896672,-0.11522414 2.0376749 2.77271843,-0.22702321 2.55902433 2.6703589,-0.0864547 2.12104464 2.78805971,-0.3204636 2.61674953 2.61368871,-0.07342778 2.21636748 2.78805971,-0.42651761 2.6460793 2.55246139,-0.08186283 2.31813717 2.77271843,-0.17612629 1.93189883 2.71896672,-0.11521643 2.41882062 2.74298453,-0.13623828 1.9911176 2.75650644,-0.17402393 2.50985837 2.70069695,-0.10061622 2.06543016 2.7806561,-0.25567326 2.5828476 2.64847088,-0.07648164 2.15384722 2.78992224,-0.35464931 2.63072729 2.58953643,-0.07049202 2.25248814 2.78373194,-0.46321449 2.64878631 2.52753854,-0.5 2.6487577 2.51510811,-0.5 2.6496892 2.52753854,-0.08762743 2.35498309 2.76246786,-0.15959711 1.95049405 2.7354579,-0.13031164 2.45327783 2.72744536,-0.11992414 2.01529479 2.76787639,-0.19790681 2.53872252 2.68083,-0.08724938 2.09521651 2.78620195,-0.28666306 2.60327768 2.62550497,-0.06873124 2.18816447 2.78930092,-0.39013442 2.64065361 2.56489205,-0.07052868 2.28925014 2.77698183,-0.18364449 1.91554153 2.71004319,-0.09675643 2.39135361 2.75000644,-0.1426377 1.97108376 2.75000644,-0.14873263 2.48605418 2.71004319,-0.10419527 2.04162121 2.77698183,-0.22463807 2.56478262 2.65956354,-0.07551588 2.12689137 2.78930092,-0.31964326 2.62002444 2.60168934,-0.06352735 2.22371006 2.78620195,-0.42648715 2.64638853 2.53999996,-0.07374063 2.32625937 2.76787639,-0.16703254 1.93279445 2.72744536,-0.10929724 2.42680168 2.7354579,-0.12561902 1.99377751 2.76246786,-0.17036022 2.51671267 2.69095111,-0.08945587 2.07005286 2.78373194,-0.25394607 2.58767462 2.6371088,-0.06578975 2.16025567 2.78992224,-0.35422701 2.63285041 2.57726049,-0.06115415 2.26015139 2.7806561,-0.4632602 2.64785576 2.51510811,-0.5 2.64720774 2.50273943,-0.08027565 2.36309457 2.75650644,-0.14976813 1.95195198 2.74298453,-0.12523499 2.46087551 2.71896672,-0.10893222 2.01862907 2.77271843,-0.19501524 2.54483604 2.6703589,-0.0761067 2.10048652 2.78805971,-0.28551063 2.60707664 2.61368871,-0.05841819 2.19505548 2.78805971,-0.38999775 2.64157486 2.55246139,-0.06184947 2.29711652 2.77271843,-0.17495121 1.91596866 2.71896672,-0.09022259 2.39931512 2.74298453,-0.13220552 1.97315884 2.75650644,-0.14449224 2.49312878 2.70069695,-0.09298003 2.04563403 2.7806561,-0.22246182 2.57003641 2.64847088,-0.06453609 2.13276029 2.78992224,-0.31896928 2.622715 2.58953643,-0.05371361 2.2309885 2.78373194,-0.42651761 2.6460793 2.52753854,-0.0657992 2.33420086 2.76246786,-0.15752952 1.93373036 2.7354579,-0.1036089 2.43447161 2.72744536,-0.11472471 1.99650645 2.76787639,-0.16693006 2.52312994 2.68083,-0.07816774 2.07472873 2.78620195,-0.25241184 2.59196258 2.62550497,-0.05511116 2.16665602 2.78930092,-0.35392463 2.63437057 2.56489205,-0.05194639 2.26770806 2.77698183,-0.46333626 2.64630771 2.50273943,-0.07313257 2.37097573 2.75000644,-0.13958025 1.9534632 2.75000644,-0.12039943 2.46811247 2.71004319,-0.09772301 2.0220294 2.77698183,-0.19235043 2.55047035 2.65956354,-0.06489415 2.10578966 2.78930092,-0.28453058 2.61030746 2.60168934,-0.0481694 2.20190358 2.78620195,-0.38995215 2.64188242 2.53999996,-0.05333853 2.30483031 2.76787639,-0.16582447 1.916417 2.72744536,-0.08391892 2.40699625 2.7354579,-0.12146854 1.97529459 2.76246786,-0.14049663 2.4997952 2.69095111,-0.08160628 2.0497036 2.78373194,-0.22049986 2.57477307 2.6371088,-0.05354264 2.13863635 2.78992224,-0.31844333 2.62481475 2.57726049,-0.04401096 2.23818445 2.7806561,-0.42660892 2.64515233 2.51510811,-0.05805826 2.34194183 2.75650644,-0.14764084 1.9347043 2.74298453,-0.09816555 2.44181108 2.71896672,-0.10358243 1.99929738 2.77271843,-0.16374199 2.52909446 2.6703589,-0.06677988 2.0794456 2.78805971,-0.25107437 2.5957005 2.61368871,-0.04447241 2.17303276 2.78805971,-0.3537429 2.63528419 2.55246139,-0.04289167 2.27513909 2.77271843,-0.46344247 2.64414573 2.4904635,-0.5 2.64504313 2.4904635,-0.06621595 2.37860703 2.74298453,-0.12905881 1.95502388 2.75650644,-0.11581701 2.47497058 2.70069695,-0.08632437 2.02548718 2.7806561,-0.18991899 2.55561113 2.64847088,-0.05363962 2.11111283 2.78992224,-0.28372541 2.61296177 2.58953643,-0.03801034 2.2086916 2.78373194,-0.38999775 2.64157486 2.52753854,-0.04501699 2.31237268 2.76246786,-0.15628697 1.9168855 2.7354579,-0.07786109 2.41437769 2.72744536,-0.11045344 1.97748566 2.76787639,-0.13675572 2.50603652 2.68083,-0.07010232 2.05381989 2.78620195,-0.21875708 2.57898045 2.62550497,-0.04256285 2.14450526 2.78930092,-0.31806672 2.62631845 2.56489205,-0.03444352 2.24528027 2.77698183,-0.42676082 2.64360976 2.50273943,-0.05053707 2.34946299 2.75000644,-0.13739108 1.93571389 2.75000644,-0.09298073 2.44880199 2.71004319,-0.09221987 2.00214362 2.77698183,-0.16080393 2.5345912 2.65956354,-0.05532064 2.08419228 2.78930092,-0.249937 2.59887934 2.60168934,-0.03389994 2.17936969 2.78620195,-0.35368225 2.63558888 2.53999996,-0.03401247 2.28242612 2.76787639,-0.46357858 2.6413753 2.47831059,-0.5 2.64226937 2.47831059,-0.05954298 2.3859694 2.7354579,-0.11822996 1.95663023 2.76246786,-0.11149911 2.48143268 2.69095111,-0.07476465 2.02899384 2.78373194,-0.18772699 2.56024575 2.6371088,-0.04237108 2.11644244 2.78992224,-0.28309706 2.61503315 2.57726049,-0.02796629 2.21540284 2.7806561,-0.39013442 2.64065361 2.51510811,-0.03690555 2.31972432 2.75650644,-0.14636241 1.91737306 2.74298453,-0.07206417 2.42144132 2.71896672,-0.09918763 1.97972655 2.77271843,-0.13327883 2.51183724 2.6703589,-0.05849674 2.05797243 2.78805971,-0.21723782 2.58264828 2.61368871,-0.03162403 2.15035224 2.78805971,-0.31784037 2.62722206 2.55246139,-0.02503507 2.25225806 2.77271843,-0.42697302 2.64145565 2.4904635,-0.04325433 2.35674572 2.74298453,-0.12680572 1.93675637 2.75650644,-0.08806732 2.45542693 2.70069695,-0.08066531 2.00503778 2.7806561,-0.15812318 2.53960657 2.64847088,-0.04381847 2.08895659 2.78992224,-0.24900253 2.60149097 2.58953643,-0.02342005 2.18565106 2.78373194,-0.3537429 2.63528419 2.52753854,-0.02533087 2.28955078 2.76246786,-0.46374422 2.63800311 2.46631122,-0.5 2.63492322 2.45449495,-0.5 2.63889313 2.46631122,-0.05313026 2.39304471 2.72744536,-0.10712063 1.95827818 2.76787639,-0.10745647 2.48748302 2.68083,-0.06307257 2.03254056 2.78620195,-0.18577985 2.56436276 2.62550497,-0.03111655 2.12176538 2.78930092,-0.2826471 2.61651635 2.56489205,-0.0180622 2.22202063 2.77698183,-0.39036185 2.63912034 2.50273943,-0.02902437 2.32686734 2.75000644,-0.13607545 1.91787851 2.75000644,-0.06654256 2.42816949 2.71004319,-0.08769912 1.9820118 2.77698183,-0.13007459 2.5171833 2.65956354,-0.04681839 2.06215096 2.78930092,-0.21594582 2.58576751 2.60168934,-0.02075336 2.15616274 2.78620195,-0.31776488 2.62752342 2.53999996,-0.01580901 2.25910044 2.76787639,-0.42724487 2.638695 2.47831059,-0.03622814 2.36377192 2.7354579,-0.1159111 1.93782949 2.76246786,-0.08343752 2.46166945 2.69095111,-0.06894744 2.00797296 2.78373194,-0.15570641 2.54412794 2.6371088,-0.032302 2.09372687 2.78992224,-0.2482733 2.60352898 2.57726049,-0.01305879 2.19186139 2.7806561,-0.35392463 2.63437057 2.51510811,-0.01686847 2.29649591 2.75650644,-0.46393904 2.63403797 2.45449495,-0.04699373 2.39981532 2.71896672,-0.09575844 1.95996356 2.77271843,-0.10369913 2.49310613 2.6703589,-0.05127721 2.03611851 2.78805971,-0.18408245 2.56795144 2.61368871,-0.01990401 2.12706852 2.78805971,-0.28237671 2.6174078 2.55246139,-0.0083227 2.22852826 2.77271843,-0.39067948 2.6369791 2.4904635,-0.02139306 2.3337841 2.74298453,-0.1254517 1.91840041 2.75650644,-0.06131 2.43454528 2.70069695,-0.07601645 1.98433554 2.7806561,-0.12715098 2.52206111 2.64847088,-0.0350963 2.06634521 2.78992224,-0.21488434 2.58833003 2.58953643,-0.00997788 2.16192222 2.78373194,-0.31784037 2.62722206 2.52753854,-0.00678828 2.2657907 2.76246786,-0.4275758 2.63533521 2.46631122,-0.02947597 2.37052393 2.72744536,-0.10473429 1.93893027 2.76787639,-0.07910288 2.46751404 2.68083,-0.05709541 2.01094174 2.78620195,-0.15355963 2.54814434 2.62550497,-0.02079983 2.09849119 2.78930092,-0.24775113 2.60498834 2.56489205,-0.00284192 2.19798517 2.77698183,-0.35422701 2.63285041 2.50273943,-0.00864629 2.30324364 2.75000644,-0.4641625 2.62948918 2.44289136,-0.5 2.63036895 2.44289136,-0.04114864 2.40626454 2.71004319,-0.08417162 1.96168232 2.77698183,-0.10023645 2.49828839 2.65956354,-0.03940789 2.0397191 2.78930092,-0.18263897 2.57100344 2.60168934,-0.00876133 2.13233852 2.78620195,-0.28228649 2.61770535 2.53999996,0.00122799 2.23490977 2.76787639,-0.39108646 2.63423538 2.47831059,-0.01403057 2.34045696 2.7354579,-0.11451755 1.91893756 2.76246786,-0.05637948 2.44055319 2.69095111,-0.06416868 1.98669219 2.78373194,-0.12451527 2.5264585 2.6371088,-0.02335963 2.07054472 2.78992224,-0.21405599 2.59032989 2.57726049,0.00067562 2.16761661 2.7806561,-0.31806672 2.62631845 2.51510811,0.00200471 2.27231216 2.75650644,-0.42796493 2.63138437 2.45449495,-0.02301461 2.37698531 2.71896672,-0.09330309 1.9400562 2.77271843,-0.07507415 2.47294617 2.6703589,-0.04513869 2.01393676 2.78805971,-0.15168816 2.55164552 2.61368871,-0.00934058 2.10323787 2.78805971,-0.2474373 2.60586548 2.55246139,0.00720517 2.20400715 2.77271843,-0.35464931 2.63072729 2.4904635,-0.00068478 2.3097775 2.74298453,-0.46441406 2.62436867 2.43152905,-0.5 2.62524223 2.43152905,-0.03560952 2.41237593 2.70069695,-0.072389 1.96343005 2.7806561,-0.09707701 2.50301695 2.64847088,-0.02749413 2.04333305 2.78992224,-0.18145302 2.57351112 2.58953643,0.00228378 2.13756251 2.78373194,-0.28237671 2.6174078 2.52753854,0.01056613 2.24114943 2.76246786,-0.39158186 2.63089585 2.46631122,-0.00695522 2.34686971 2.72744536,-0.10330019 1.91948867 2.76787639,-0.05176327 2.44617796 2.68083,-0.05218525 1.9890759 2.78620195,-0.12217399 2.53036451 2.62550497,-0.01163755 2.07473898 2.78930092,-0.21346283 2.59176183 2.56489205,0.01118067 2.17323184 2.77698183,-0.31844333 2.62481475 2.50273943,0.01054808 2.27864838 2.75000644,-0.4284113 2.62685204 2.44289136,-0.01686012 2.38313985 2.71004319,-0.0816459 1.94120431 2.77698183,-0.07136136 2.47795224 2.65956354,-0.03310701 2.01695061 2.78930092,-0.15009667 2.55462313 2.60168934,0.00204727 2.10795474 2.78620195,-0.2473326 2.60615802 2.53999996,0.01705748 2.2099123 2.76787639,-0.35519043 2.62800694 2.47831059,0.00699626 2.31608105 2.7354579,-0.4646931 2.61868858 2.42043662,-0.5 2.61332273 2.40964127,-0.5 2.61955547 2.42043662,-0.03039015 2.41813469 2.69095111,-0.06043987 1.96520257 2.78373194,-0.09422869 2.50727963 2.6371088,-0.01556554 2.04695153 2.78992224,-0.18052754 2.57546782 2.57726049,0.01320387 2.14272738 2.7806561,-0.2826471 2.61651635 2.51510811,0.01966851 2.24723148 2.75650644,-0.39216438 2.62696862 2.45449495,-0.0001846 2.35300636 2.71896672,-0.09182751 1.92005217 2.77271843,-0.04747286 2.451406 2.6703589,-0.04009598 1.99148059 2.78805971,-0.12013298 2.53376985 2.61368871,4.08E-05 2.0789175 2.78805971,-0.21310635 2.59262252 2.55246139,0.02151114 2.17875361 2.77271843,-0.31896928 2.622715 2.4904635,0.01882059 2.2847836 2.74298453,-0.42891383 2.62174988 2.43152905,-0.0110278 2.38897228 2.70069695,-0.06979171 1.94237185 2.7806561,-0.06797372 2.4825201 2.64847088,-0.02103026 2.01997566 2.78992224,-0.14878911 2.5570693 2.58953643,0.0133354 2.11263037 2.78373194,-0.2474373 2.60586548 2.52753854,0.02669054 2.21568608 2.76246786,-0.35584909 2.62469554 2.46631122,0.01437774 2.32213879 2.72744536,-0.4649989 2.61246347 2.40964127,-0.02550351 2.42352629 2.68083,-0.04835392 1.96699536 2.78620195,-0.09169857 2.5110662 2.62550497,-0.00365177 2.05056548 2.78930092,-0.17986484 2.57686901 2.56489205,0.02397178 2.14782023 2.77698183,-0.28309706 2.61503315 2.50273943,0.02851249 2.25314069 2.75000644,-0.39283261 2.62246394 2.44289136,0.00626446 2.35885143 2.71004319,-0.08012803 1.920627 2.77698183,-0.04351889 2.45622373 2.65956354,-0.0279309 1.99390042 2.78930092,-0.1183973 2.53666568 2.60168934,0.01164639 2.08307004 2.78620195,-0.21298742 2.59290957 2.53999996,0.03164134 2.1841681 2.76787639,-0.31964326 2.62002444 2.47831059,0.02680169 2.29070282 2.7354579,-0.42947122 2.61609054 2.42043662,-0.00553216 2.39446783 2.69095111,-0.05777 1.94355583 2.78373194,-0.06491967 2.48663783 2.6371088,-0.00893849 2.02300453 2.78992224,-0.14776872 2.55897832 2.57726049,0.02449576 2.1172533 2.7806561,-0.24775113 2.60498834 2.51510811,0.03608038 2.22131419 2.75650644,-0.35662362 2.62080193 2.45449495,0.02144132 2.32793593 2.71896672,-0.46533075 2.6057086 2.39916992,-0.5 2.60655975 2.39916992,-0.02096174 2.42853737 2.6703589,-0.03616121 1.968804 2.78805971,-0.08949293 2.51436734 2.61368871,0.00821754 2.05416608 2.78805971,-0.17946655 2.57771111 2.55246139,0.03456074 2.15282845 2.77271843,-0.28372541 2.61296177 2.4904635,0.03707609 2.25886273 2.74298453,-0.39358488 2.61739254 2.43152905,0.01237594 2.36439037 2.70069695,-0.06823083 1.92121148 2.7806561,-0.03991121 2.46061993 2.64847088,-0.01572027 1.99632919 2.78992224,-0.11697128 2.53904486 2.58953643,0.02315035 2.0871861 2.78373194,-0.21310635 2.59262252 2.52753854,0.0415461 2.18946242 2.76246786,-0.3204636 2.61674953 2.46631122,0.03447153 2.29639101 2.72744536,-0.43008214 2.60988784 2.40964127,-0.00038685 2.39961314 2.68083,-0.04561064 1.94475341 2.78620195,-0.06220679 2.49029589 2.62550497,0.00313826 2.02602959 2.78930092,-0.14703807 2.56034541 2.56489205,0.03550059 2.12181163 2.77698183,-0.2482733 2.60352898 2.50273943,0.04520367 2.22678256 2.75000644,-0.35751206 2.61633515 2.44289136,0.02816942 2.33345747 2.71004319,-0.46568781 2.59844089 2.38904881,-0.5 2.59151101 2.37930298,-0.5 2.59928322 2.38904881,-0.01677613 2.4331553 2.65956354,-0.02389206 1.97062397 2.78930092,-0.08761726 2.51717448 2.60168934,0.0200129 2.05774426 2.78620195,-0.17933369 2.57799196 2.53999996,0.04494443 2.15773964 2.76787639,-0.28453058 2.61030746 2.47831059,0.04533801 2.26438332 2.7354579,-0.39441928 2.61176729 2.42043662,0.01813462 2.36960983 2.69095111,-0.0561655 1.92180419 2.78373194,-0.03665878 2.46458292 2.6371088,-0.00349445 1.99876106 2.78992224,-0.11585847 2.54090142 2.57726049,0.03452409 2.09125566 2.7806561,-0.21346283 2.59176183 2.51510811,0.05120079 2.19462299 2.75650644,-0.32142824 2.61289835 2.45449495,0.04181103 2.30183434 2.71896672,-0.43074504 2.60315752 2.39916992,0.00439533 2.40439534 2.6703589,-0.03334387 1.94596159 2.78805971,-0.05984183 2.4934845 2.61368871,0.01516995 2.02904344 2.78805971,-0.14659895 2.56116676 2.55246139,0.04632254 2.12629414 2.77271843,-0.24900253 2.60149097 2.4904635,0.05403772 2.23207736 2.74298453,-0.35851225 2.61130691 2.43152905,0.03454532 2.33869004 2.70069695,-0.46606916 2.59067822 2.37930298,-0.0129571 2.43736911 2.64847088,-0.01157696 1.97245073 2.78992224,-0.08607622 2.51948071 2.58953643,0.03170498 2.06129098 2.78373194,-0.17946655 2.57771111 2.52753854,0.05509703 2.16254139 2.76246786,-0.28551063 2.60707664 2.46631122,0.05327772 2.26968837 2.72744536,-0.39533383 2.60560203 2.40964127,0.0235262 2.37449646 2.68083,-0.04396202 1.92240369 2.78620195,-0.03376969 2.46810317 2.62550497,0.00871618 2.00118995 2.78930092,-0.11506162 2.54223084 2.56489205,0.04573934 2.09526873 2.77698183,-0.21405599 2.59032989 2.50273943,0.0605814 2.19963694 2.75000644,-0.3225348 2.60848069 2.44289136,0.04880196 2.30701923 2.71004319,-0.43145826 2.59591579 2.38904881,0.0088025 2.40880251 2.65956354,-0.0210002 1.94717741 2.78930092,-0.05783068 2.49619627 2.60168934,0.02712667 2.03203845 2.78620195,-0.14645244 2.56144094 2.53999996,0.0569347 2.13068986 2.76787639,-0.249937 2.59887934 2.47831059,0.06256057 2.23718572 2.7354579,-0.3596217 2.60572934 2.42043662,0.04055317 2.34362054 2.69095111,-0.46647388 2.5824399 2.36995673,-0.5 2.58326292 2.36995673,-0.00951412 2.44116783 2.6371088,0.00075347 1.97427976 2.78992224,-0.08487364 2.52128053 2.57726049,0.04326471 2.06479764 2.7806561,-0.17986484 2.57686901 2.51510811,0.06499331 2.16722202 2.75650644,-0.28666306 2.60327768 2.45449495,0.06087548 2.27476501 2.71896672,-0.39632615 2.59891224 2.39916992,0.02853727 2.37903833 2.6703589,-0.03165076 1.92300856 2.78805971,-0.03125111 2.47117209 2.61368871,0.02088126 2.00360966 2.78805971,-0.11458271 2.54302979 2.55246139,0.0567682 2.09921479 2.77271843,-0.21488434 2.58833003 2.4904635,0.06966462 2.20449209 2.74298453,-0.32378051 2.60350752 2.43152905,0.05542693 2.3119328 2.70069695,-0.43222007 2.58818126 2.37930298,0.01282369 2.41282368 2.64847088,-0.0086103 1.94839764 2.78992224,-0.05617833 2.49842429 2.58953643,0.03897869 2.03500724 2.78373194,-0.14659895 2.56116676 2.52753854,0.06731069 2.13498783 2.76246786,-0.25107437 2.5957005 2.46631122,0.07075103 2.24209499 2.72744536,-0.36083764 2.59961653 2.40964127,0.04617803 2.3482368 2.68083,-0.46690094 2.57374668 2.3610332,-0.5 2.57455921 2.3610332,-0.00645577 2.44454217 2.62550497,0.01306857 1.97610652 2.78930092,-0.08401252 2.52256918 2.56489205,0.05466335 2.06825519 2.77698183,-0.18052754 2.57546782 2.50273943,0.07460865 2.17176962 2.75000644,-0.28798506 2.59891963 2.44289136,0.0681124 2.27960062 2.71004319,-0.39739385 2.59171438 2.38904881,0.03315538 2.38322377 2.65956354,-0.01926229 1.92361712 2.78930092,-0.02910933 2.47378206 2.60168934,0.03297053 2.00601435 2.78620195,-0.11442294 2.54329658 2.53999996,0.06758326 2.10308456 2.76787639,-0.21594582 2.58576751 2.47831059,0.07842786 2.20917606 2.7354579,-0.32516229 2.59799123 2.42043662,0.06166947 2.31656241 2.69095111,-0.43302852 2.57997298 2.36995673,0.01644891 2.41644883 2.6371088,0.00379502 1.94961953 2.78992224,-0.05488889 2.50016284 2.57726049,0.05069656 2.03794241 2.7806561,-0.14703807 2.56034541 2.51510811,0.07742471 2.13917708 2.75650644,-0.25241184 2.59196258 2.45449495,0.07858873 2.24679279 2.71896672,-0.36215705 2.59298325 2.39916992,0.05140592 2.35252714 2.6703589,-0.46734932 2.56462002 2.3525548,-0.5 2.55587244 2.34454203,-0.5 2.56542134 2.3525548,-0.00378965 2.44748378 2.61368871,0.02533772 1.97792649 2.78805971,-0.08349498 2.5233438 2.55246139,0.06587256 2.07165551 2.77271843,-0.18145302 2.57351112 2.4904635,0.08391915 2.17617321 2.74298453,-0.2894733 2.59401345 2.43152905,0.07497048 2.28418303 2.70069695,-0.39853424 2.58402658 2.37930298,0.03736904 2.387043 2.64847088,-0.00682744 1.92422807 2.78992224,-0.02734965 2.47592616 2.58953643,0.04495395 2.00839806 2.78373194,-0.11458271 2.54302979 2.52753854,0.07815764 2.10686803 2.76246786,-0.21723782 2.58264828 2.46631122,0.08684933 2.21367741 2.72744536,-0.32667673 2.59194541 2.40964127,0.06751407 2.3208971 2.68083,-0.43388164 2.571311 2.3610332,0.01966915 2.41966915 2.62550497,0.01618493 1.95083976 2.78930092,-0.05396556 2.50140786 2.56489205,0.06225113 2.04083657 2.77698183,-0.14776872 2.55897832 2.50273943,0.08725161 2.1432476 2.75000644,-0.25394607 2.58767462 2.44289136,0.0860542 2.25126743 2.71004319,-0.36357662 2.58584666 2.38904881,0.05622384 2.35648108 2.65956354,-0.46781787 2.55508232 2.34454203,-0.00152239 2.44998527 2.60168934,0.03753043 1.97973514 2.78620195,-0.08332232 2.52360225 2.53999996,0.07686447 2.07499003 2.76787639,-0.18263897 2.57100344 2.47831059,0.09290167 2.18042159 2.7354579,-0.29112411 2.58857155 2.42043662,0.08143267 2.28850079 2.69095111,-0.39974451 2.57586765 2.36995673,0.04116777 2.39048576 2.6371088,0.00562289 1.92483962 2.78992224,-0.02597645 2.47759938 2.57726049,0.05680173 2.01075482 2.7806561,-0.11506162 2.54223084 2.51510811,0.08846504 2.11055613 2.75650644,-0.21875708 2.57898045 2.45449495,0.0949081 2.21798491 2.71896672,-0.32832 2.58538508 2.39916992,0.07294618 2.3249259 2.6703589,-0.43477729 2.56221724 2.3525548,0.02247639 2.42247629 2.61368871,0.0285286 1.95205557 2.78805971,-0.05341065 2.50215602 2.55246139,0.07361368 2.04368281 2.77271843,-0.14878911 2.5570693 2.4904635,0.09676697 2.1471889 2.74298453,-0.25567326 2.5828476 2.43152905,0.09312887 2.25550771 2.70069695,-0.36509287 2.57822394 2.37930298,0.06061982 2.36008883 2.64847088,-0.46830544 2.54515791 2.33701539,-0.5 2.54593587 2.33701539,0.00034038 2.45204043 2.58953643,0.04961637 1.98152792 2.78373194,-0.08349498 2.5233438 2.52753854,0.08761176 2.07825017 2.76246786,-0.18408245 2.56795144 2.46631122,0.10153387 2.18450427 2.72744536,-0.29293334 2.58260727 2.40964127,0.08748291 2.29254365 2.68083,-0.4010216 2.56725812 2.3610332,0.04454214 2.3935442 2.62550497,0.01805775 1.92545056 2.78930092,-0.02499315 2.47879744 2.56489205,0.0684844 2.01307869 2.77698183,-0.11585847 2.54090142 2.50273943,0.09847984 2.11413956 2.75000644,-0.22049986 2.57477307 2.44289136,0.10258414 2.22208786 2.71004319,-0.33008805 2.57832646 2.38904881,0.07795231 2.32863855 2.65956354,-0.43571326 2.55271435 2.34454203,0.02486367 2.42486358 2.60168934,0.04079537 1.95326364 2.78620195,-0.05322552 2.50240564 2.53999996,0.08475596 2.04647374 2.76787639,-0.15009667 2.55462313 2.47831059,0.10594713 2.15099144 2.7354579,-0.2575891 2.57749319 2.42043662,0.09979515 2.25950336 2.69095111,-0.36670202 2.57013416 2.36995673,0.06458291 2.36334133 2.6371088,-0.4688108 2.53487086 2.32999349,-0.5 2.53563666 2.32999349,0.00179403 2.45364428 2.57726049,0.06156551 1.98330033 2.7806561,-0.08401252 2.52256918 2.51510811,0.09808771 2.08142781 2.75650644,-0.18577985 2.56436276 2.45449495,0.1097943 2.18841124 2.71896672,-0.29489654 2.5761354 2.39916992,0.09310617 2.29630089 2.6703589,-0.40236241 2.55821919 2.3525548,0.04748375 2.39621043 2.61368871,0.03044621 1.92605913 2.78805971,-0.02440219 2.4795177 2.55246139,0.07997292 2.01536369 2.77271843,-0.11697128 2.53904486 2.4904635,0.10817713 2.11760926 2.74298453,-0.22246182 2.57003641 2.43152905,0.10985836 2.22597599 2.70069695,-0.3319765 2.57078743 2.37930298,0.08252001 2.33202624 2.64847088,-0.4366872 2.54282546 2.33701539,0.02682504 2.42682505 2.58953643,0.05295472 1.95446134 2.78373194,-0.05341065 2.50215602 2.52753854,0.09565028 2.04920268 2.76246786,-0.15168816 2.55164552 2.46631122,0.11476927 2.15464568 2.72744536,-0.25968882 2.57162476 2.40964127,0.10603646 2.26324439 2.68083,-0.36840004 2.56159782 2.3610332,0.06810328 2.36623025 2.62550497,-0.4693327 2.52424717 2.32349372,-0.5 2.5250001 2.32349372,0.00283493 2.45479274 2.56489205,0.07334813 1.98504817 2.77698183,-0.08487364 2.52128053 2.50273943,0.10826627 2.08451557 2.75000644,-0.18772699 2.56024575 2.44289136,0.11766241 2.19213247 2.71004319,-0.29700881 2.56917214 2.38904881,0.09828845 2.29976344 2.65956354,-0.40376353 2.54877353 2.34454203,0.04998529 2.39847755 2.60168934,0.04275748 1.92666399 2.78620195,-0.02420504 2.47975779 2.53999996,0.09123872 2.01760459 2.76787639,-0.1183973 2.53666568 2.47831059,0.11753281 2.12095666 2.7354579,-0.22463807 2.56478262 2.42043662,0.11671266 2.22963977 2.69095111,-0.33398065 2.56278634 2.36995673,0.08663792 2.33508039 2.6371088,-0.43769673 2.53257585 2.32999349,0.02835564 2.42835569 2.57726049,0.06497644 1.95564532 2.7806561,-0.05396556 2.50140786 2.51510811,0.10626953 2.05186272 2.75650644,-0.15355963 2.54814434 2.45449495,0.12321144 2.15814257 2.71896672,-0.26196721 2.56525707 2.39916992,0.11183731 2.26672125 2.6703589,-0.37018272 2.55263567 2.3525548,0.07117217 2.3687489 2.61368871,-0.46986985 2.51331306 2.31753206,-0.5 2.51405263 2.31753206,0.00346052 2.45548296 2.55246139,0.08493494 1.98676693 2.77271843,-0.08607622 2.51948071 2.4904635,0.11812213 2.08750534 2.74298453,-0.18991899 2.55561113 2.43152905,0.12511864 2.19565916 2.70069695,-0.29926491 2.56173491 2.37930298,0.10301687 2.30292296 2.64847088,-0.40522152 2.53894472 2.33701539,0.05204054 2.40034032 2.58953643,0.05496095 1.9272635 2.78373194,-0.02440219 2.4795177 2.52753854,0.10225382 2.01979566 2.76246786,-0.12013298 2.53376985 2.46631122,0.12652363 2.12417364 2.72744536,-0.22702321 2.55902433 2.40964127,0.12313002 2.2330699 2.68083,-0.33609548 2.55434346 2.3610332,0.09029581 2.33779311 2.62550497,-0.4387393 2.52199054 2.32349372,0.02945164 2.4294517 2.56489205,0.07683063 1.95681286 2.77698183,-0.05488889 2.50016284 2.50273943,0.11658733 2.05444717 2.75000644,-0.15570641 2.54412794 2.44289136,0.13125268 2.16147351 2.71004319,-0.2644186 2.55840588 2.38904881,0.11718325 2.26992536 2.65956354,-0.37204564 2.54327011 2.34454203,0.07378194 2.37089062 2.60168934,-0.47042093 2.5020957 2.31212354,-0.5 2.50282168 2.31212354,0.00366922 2.45571327 2.53999996,0.09629714 1.98845232 2.76787639,-0.08761726 2.51717448 2.47831059,0.1276308 2.09038973 2.7354579,-0.19235043 2.55047035 2.42043662,0.13214447 2.198982 2.69095111,-0.30165923 2.55384183 2.36995673,0.10727967 2.30577135 2.6371088,-0.40673274 2.52875686 2.32999349,0.05364439 2.40179396 2.57726049,0.06702629 1.92785621 2.7806561,-0.02499315 2.47879744 2.51510811,0.1129908 2.02193141 2.75650644,-0.12217399 2.53036451 2.45449495,0.13512722 2.1272521 2.71896672,-0.22961131 2.5527761 2.39916992,0.12909448 2.23625803 2.6703589,-0.33831578 2.54547954 2.3525548,0.09348459 2.34015822 2.61368871,-0.4398123 2.51109576 2.31753206,0.03011034 2.43011045 2.55246139,0.08848782 1.95796096 2.77271843,-0.05617833 2.49842429 2.4904635,0.12657803 2.05694962 2.74298453,-0.15812318 2.53960657 2.43152905,0.13887297 2.16462994 2.70069695,-0.26703691 2.55108809 2.37930298,0.122061 2.27284908 2.64847088,-0.37398416 2.53352451 2.33701539,0.07592613 2.37265038 2.58953643,-0.47098455 2.490623 2.30728149,-0.5 2.49133515 2.30728149,0.00346052 2.45548296 2.52753854,0.10740647 1.99010026 2.76246786,-0.08949293 2.51436734 2.46631122,0.13676864 2.09316158 2.72744536,-0.19501524 2.54483604 2.40964127,0.1387224 2.20209312 2.68083,-0.30418581 2.54551291 2.3610332,0.11106627 2.30830145 2.62550497,-0.40829346 2.51823521 2.32349372,0.05479285 2.40283489 2.56489205,0.07892349 1.92844069 2.77698183,-0.02597645 2.47759938 2.50273943,0.12342299 2.02400661 2.75000644,-0.12451527 2.5264585 2.44289136,0.1433222 2.13018441 2.71004319,-0.23239593 2.54605341 2.38904881,0.13459121 2.23919606 2.65956354,-0.34063599 2.53621674 2.34454203,0.09619631 2.34216928 2.60168934,-0.44091314 2.49991894 2.31212354,0.03033009 2.43033004 2.53999996,0.09991902 1.95908689 2.76787639,-0.05783068 2.49619627 2.47831059,0.13621677 2.05936408 2.7354579,-0.16080393 2.5345912 2.42043662,0.14605337 2.16760397 2.69095111,-0.26981565 2.54332209 2.36995673,0.12645844 2.2754848 2.6371088,-0.37599346 2.52342296 2.32999349,0.07759937 2.37402344 2.57726049,-0.47155932 2.47892356 2.30301809,-0.5 2.47962165 2.30301809,0.00283493 2.45479274 2.51510811,0.11823532 1.99170649 2.75650644,-0.09169857 2.5110662 2.45449495,0.14551291 2.09581423 2.71896672,-0.19790681 2.53872252 2.39916992,0.1448361 2.20498466 2.6703589,-0.30683833 2.53676867 2.3525548,0.11436725 2.31050706 2.61368871,-0.40989977 2.50740647 2.31753206,0.05548308 2.4034605 2.55246139,0.09062297 1.9290154 2.77271843,-0.02734965 2.47592616 2.4904635,0.13352445 2.02601576 2.74298453,-0.12715098 2.52206111 2.43152905,0.15108818 2.13296318 2.70069695,-0.23537016 2.53887296 2.37930298,0.13960654 2.24187684 2.64847088,-0.34305036 2.52657795 2.33701539,0.09842425 2.34382176 2.58953643,-0.44203901 2.48848772 2.30728149,0.03011034 2.43011045 2.52753854,0.11109583 1.96018767 2.76246786,-0.05984183 2.4934845 2.46631122,0.14547962 2.06168413 2.72744536,-0.16374199 2.52909446 2.40964127,0.15277603 2.1703887 2.68083,-0.27274784 2.53512716 2.3610332,0.13036461 2.27782607 2.62550497,-0.37806854 2.51299071 2.32349372,0.07879753 2.37500691 2.56489205,-0.4721438 2.46702623 2.29934382,-0.5 2.46771002 2.29934382,0.00179403 2.45364428 2.50273943,0.12875676 1.9932673 2.75000644,-0.09422869 2.50727963 2.44289136,0.1538419 2.09834075 2.71004319,-0.20101793 2.53214455 2.38904881,0.15047038 2.20764947 2.65956354,-0.30961028 2.52763081 2.34454203,0.11717439 2.3123827 2.60168934,-0.41154766 2.49629712 2.31212354,0.05571334 2.40366912 2.53999996,0.10209565 1.92957902 2.76787639,-0.02910933 2.47378206 2.47831059,0.14327005 2.02795434 2.7354579,-0.13007459 2.5171833 2.42043662,0.15840589 2.13558149 2.69095111,-0.23852658 2.53125262 2.36995673,0.14412799 2.24429369 2.6371088,-0.34555292 2.51658726 2.32999349,0.10016286 2.34511113 2.57726049,-0.44318715 2.47683072 2.30301809,0.02945164 2.4294517 2.51510811,0.12199046 1.96126068 2.75650644,-0.06220679 2.49029589 2.45449495,0.15434352 2.06390452 2.71896672,-0.16693006 2.52312994 2.39916992,0.15902427 2.17297673 2.6703589,-0.27582628 2.52652359 2.3525548,0.13376984 2.27986693 2.61368871,-0.38020426 2.50225377 2.31753206,0.07951761 2.37559772 2.55246139,-0.47273651 2.45496106 2.29626799,-0.5 2.4556303 2.29626799,0.00034038 2.45204043 2.4904635,0.13894464 1.99477851 2.74298453,-0.09707701 2.50301695 2.43152905,0.16173488 2.10073519 2.70069695,-0.2043409 2.52511859 2.37930298,0.1556112 2.2100811 2.64847088,-0.3124947 2.5181222 2.33701539,0.11948071 2.31392384 2.58953643,-0.4132331 2.48493505 2.30728149,0.05548308 2.4034605 2.52753854,0.11331301 1.93013012 2.76246786,-0.03125111 2.47117209 2.46631122,0.15263557 2.02981734 2.72744536,-0.13327883 2.51183724 2.40964127,0.16525708 2.13803267 2.68083,-0.24185736 2.52321148 2.3610332,0.14814436 2.24644041 2.62550497,-0.34813738 2.50626945 2.32349372,0.10140782 2.34603453 2.56489205,-0.44435468 2.46497655 2.29934382,0.02835564 2.42835569 2.50273943,0.1325758 1.96230328 2.75000644,-0.06491967 2.48663783 2.44289136,0.16278644 2.0660193 2.71004319,-0.17036022 2.51671267 2.38904881,0.16478249 2.17536187 2.65956354,-0.27904323 2.51753283 2.34454203,0.13666563 2.28160262 2.60168934,-0.3823953 2.49123883 2.31212354,0.07975784 2.37579489 2.53999996,-0.47333604 2.44275737 2.29379797,-0.5 2.44341207 2.29379797,-0.00152239 2.44998527 2.47831059,0.14877363 1.99623644 2.7354579,-0.10023645 2.49828839 2.42043662,0.16917223 2.1029911 2.69095111,-0.20786744 2.51766253 2.36995673,0.16024581 2.21227312 2.6371088,-0.31548443 2.50826621 2.32999349,0.1212805 2.31512642 2.57726049,-0.41495183 2.47334814 2.30301809,0.05479285 2.40283489 2.51510811,0.12424716 1.93066728 2.75650644,-0.03376969 2.46810317 2.45449495,0.16159774 2.0316 2.71896672,-0.13675572 2.50603652 2.39916992,0.17162478 2.14031124 2.6703589,-0.24535424 2.51476932 2.3525548,0.15164563 2.24831176 2.61368871,-0.35079738 2.49565029 2.31753206,0.10215604 2.34658933 2.55246139,-0.4455387 2.45295477 2.29626799,0.02682504 2.42682505 2.4904635,0.14282556 1.96331275 2.74298453,-0.06797372 2.4825201 2.43152905,0.17078739 2.06802344 2.70069695,-0.17402393 2.50985837 2.37930298,0.17003644 2.17753816 2.64847088,-0.28239074 2.50817704 2.33701539,0.13904481 2.2830286 2.58953643,-0.38463622 2.47997284 2.30728149,0.07951761 2.37559772 2.52753854,-0.47394085 2.43044615 2.29194021,-0.5 2.43108582 2.29194021,-0.00378965 2.44748378 2.46631122,0.15821928 1.99763763 2.72744536,-0.10369913 2.49310613 2.40964127,0.17613547 2.10510349 2.68083,-0.21158877 2.50979424 2.3610332,0.16436267 2.21422005 2.62550497,-0.31857207 2.49808764 2.32349372,0.12256927 2.31598759 2.56489205,-0.41669962 2.46156549 2.29934382,0.05364439 2.40179396 2.50273943,0.13487092 1.93118918 2.75000644,-0.03665878 2.46458292 2.44289136,0.17013426 2.03329802 2.71004319,-0.14049663 2.4997952 2.38904881,0.17749311 2.14241099 2.65956354,-0.24900848 2.50594711 2.34454203,0.15462309 2.24990344 2.60168934,-0.35352626 2.48475599 2.31212354,0.10240564 2.34677458 2.53999996,-0.44673631 2.44079542 2.29379797,0.02486367 2.42486358 2.47831059,0.15271425 1.96428668 2.7354579,-0.07136136 2.47795224 2.42043662,0.17832649 2.06991196 2.69095111,-0.17791207 2.50258422 2.36995673,0.17477302 2.1795001 2.6371088,-0.28586048 2.49847984 2.32999349,0.14090143 2.28414154 2.57726049,-0.38692144 2.4684844 2.30301809,0.07879753 2.37500691 2.51510811,-0.47454944 2.41805768 2.29069901,-0.5 2.41868258 2.29069901,-0.00645577 2.44454217 2.45449495,0.16725811 1.99897838 2.71896672,-0.10745647 2.48748302 2.39916992,0.18260728 2.10706663 2.6703589,-0.21549566 2.50153399 2.3525548,0.16795154 2.21591759 2.61368871,-0.32174993 2.48761177 2.31753206,0.12334381 2.31650496 2.55246139,-0.41847211 2.44961643 2.29626799,0.05204054 2.40034032 2.4904635,0.14515786 1.93169463 2.74298453,-0.03991121 2.46061993 2.43152905,0.17822392 2.0349071 2.70069695,-0.14449224 2.49312878 2.37930298,0.1828475 2.14432669 2.64847088,-0.25281101 2.49676704 2.33701539,0.15706937 2.25121093 2.58953643,-0.35631725 2.47361374 2.30728149,0.10215604 2.34658933 2.52753854,-0.44794446 2.42852855 2.29194021,0.02247639 2.42247629 2.46631122,0.16221727 1.96522272 2.72744536,-0.07507415 2.47294617 2.40964127,0.18538499 2.07168007 2.68083,-0.18201499 2.49490809 2.3610332,0.17898045 2.18124294 2.62550497,-0.28944385 2.48846507 2.32349372,0.1422309 2.28493834 2.56489205,-0.38924524 2.45680165 2.29934382,0.07759937 2.37402344 2.50273943,-0.47516033 2.40562296 2.29007769,-0.5 2.39376736 2.29007769,-0.5 2.4062326 2.29007769,-0.00951412 2.44116783 2.44289136,0.17586768 2.00025558 2.71004319,-0.11149911 2.48143268 2.38904881,0.18857157 2.10887599 2.65956354,-0.2195784 2.49290156 2.34454203,0.17100352 2.21736097 2.60168934,-0.32501006 2.47686458 2.31212354,0.12360221 2.31667757 2.53999996,-0.4202649 2.43753052 2.29379797,0.04998529 2.39847755 2.47831059,0.15508242 1.93218219 2.7354579,-0.04351889 2.45622373 2.42043662,0.1858466 2.03642344 2.69095111,-0.14873263 2.48605418 2.36995673,0.18767464 2.14605403 2.6371088,-0.25675243 2.48725152 2.32999349,0.15897836 2.25223136 2.57726049,-0.35916343 2.46225119 2.30301809,0.10140782 2.34603453 2.51510811,-0.44916022 2.4161849 2.29069901,0.01966915 2.41966915 2.45449495,0.17131102 1.96611834 2.71896672,-0.07910288 2.46751404 2.39916992,0.19194533 2.07332325 2.6703589,-0.1863225 2.48684931 2.3525548,0.1826483 2.18276215 2.61368871,-0.29313189 2.47815776 2.31753206,0.1430299 2.28541732 2.55246139,-0.39160192 2.44495392 2.29626799,0.07592613 2.37265038 2.4904635,-0.47577199 2.3931725 2.29007769,-0.0129571 2.43736911 2.43152905,0.18402655 2.0014658 2.70069695,-0.11581701 2.47497058 2.37930298,0.19401354 2.1105268 2.64847088,-0.22382681 2.48391914 2.33701539,0.173511 2.21854687 2.58953643,-0.32834443 2.46587253 2.30728149,0.12334381 2.31650496 2.52753854,-0.42207351 2.42533779 2.29194021,0.04748375 2.39621043 2.46631122,0.16461994 1.93265069 2.72744536,-0.04747286 2.451406 2.40964127,0.19298334 2.03784299 2.68083,-0.15320726 2.47858882 2.3610332,0.19196254 2.14758825 2.62550497,-0.26082286 2.47742462 2.32349372,0.16034533 2.25296187 2.56489205,-0.36205769 2.45069647 2.29934382,0.10016286 2.34511113 2.50273943,-0.45038053 2.403795 2.29007769,0.01644891 2.41644883 2.44289136,0.17997287 1.96697152 2.71004319,-0.08343752 2.46166945 2.38904881,0.19799122 2.07483768 2.65956354,-0.19082387 2.47842789 2.34454203,0.18576743 2.18405414 2.60168934,-0.29691547 2.46758318 2.31212354,0.14329645 2.28557706 2.53999996,-0.39398557 2.43297052 2.29379797,0.07378194 2.37089062 2.47831059,-0.47638288 2.38073778 2.29069901,-0.5 2.38131738 2.29069901,-0.01677613 2.4331553 2.42043662,0.19171444 2.00260615 2.69095111,-0.12039943 2.46811247 2.36995673,0.19891961 2.11201501 2.6371088,-0.22823034 2.47460866 2.32999349,0.17546776 2.21947241 2.57726049,-0.3317447 2.45466328 2.30301809,0.12256927 2.31598759 2.51510811,-0.42389348 2.41306853 2.29069901,0.04454214 2.3935442 2.45449495,0.17374668 1.93309903 2.71896672,-0.05176327 2.44617796 2.39916992,0.19961642 2.0391624 2.6703589,-0.157905 2.47075105 2.3525548,0.19570051 2.14892554 2.61368871,-0.2650122 2.46731067 2.31753206,0.16116688 2.25340104 2.55246139,-0.36499286 2.43897867 2.29626799,0.09842425 2.34382176 2.4904635,-0.45160234 2.39138961 2.29007769,0.01282369 2.41282368 2.43152905,0.1881813 1.96777999 2.70069695,-0.08806732 2.45542693 2.37930298,0.20350762 2.07621956 2.64847088,-0.19550791 2.46966457 2.33701539,0.18833008 2.18511558 2.58953643,-0.30078515 2.45676827 2.30728149,0.1430299 2.28541732 2.52753854,-0.39639029 2.42088127 2.29194021,0.07117217 2.3687489 2.46631122,-0.47699147 2.36834931 2.29194021,-0.5 2.35658789 2.29379797,-0.5 2.36891413 2.29194021,-0.02096174 2.42853737 2.40964127,0.19891225 2.00367379 2.68083,-0.12523499 2.46087551 2.3610332,0.20327762 2.11333704 2.62550497,-0.23277807 2.46499324 2.32349372,0.17686895 2.22013521 2.56489205,-0.33520246 2.44326472 2.29934382,0.1212805 2.31512642 2.50273943,-0.42572024 2.4007535 2.29007769,0.04116777 2.39048576 2.44289136,0.18243995 1.93352616 2.71004319,-0.05637948 2.44055319 2.38904881,0.20572934 2.04037833 2.65956354,-0.16281417 2.46256065 2.34454203,0.19887927 2.15006304 2.60168934,-0.26931009 2.45693469 2.31212354,0.16144095 2.25354767 2.53999996,-0.36796165 2.42712665 2.29379797,0.09619631 2.34216928 2.47831059,-0.45282263 2.37899971 2.29069901,0.0088025 2.40880251 2.42043662,0.19591589 1.96854174 2.69095111,-0.09298073 2.44880199 2.36995673,0.20848081 2.0774653 2.6371088,-0.200363 2.4605813 2.32999349,0.19032991 2.18594408 2.57726049,-0.30473134 2.44573927 2.30301809,0.1422309 2.28493834 2.51510811,-0.39881006 2.4087162 2.29069901,0.06810328 2.36623025 2.45449495,-0.47759628 2.35603809 2.29379797,-0.02550351 2.42352629 2.39916992,0.20560208 2.00466609 2.6703589,-0.13031164 2.45327783 2.3525548,0.20707671 2.11448932 2.61368871,-0.23745866 2.45509696 2.31753206,0.17771104 2.22053337 2.55246139,-0.33870906 2.431705 2.29626799,0.11948071 2.31392384 2.4904635,-0.42754927 2.38842297 2.29007769,0.03736904 2.387043 2.43152905,0.19067815 1.93393087 2.70069695,-0.06131 2.43454528 2.37930298,0.21130688 2.04148769 2.64847088,-0.16792257 2.45403767 2.33701539,0.20149092 2.1509974 2.58953643,-0.27370578 2.44632244 2.30728149,0.16116688 2.25340104 2.52753854,-0.37095666 2.41516995 2.29194021,0.09348459 2.34015822 2.46631122,-0.45403838 2.36665606 2.29194021,0.00439533 2.40439534 2.40964127,0.20315741 1.96925497 2.68083,-0.09816555 2.44181108 2.3610332,0.21289843 2.0785718 2.62550497,-0.20537704 2.45120072 2.32349372,0.19176191 2.18653727 2.56489205,-0.30874422 2.43452406 2.29934382,0.14090143 2.28414154 2.50273943,-0.40123892 2.39650559 2.29007769,0.06458291 2.36334133 2.44289136,-0.47819582 2.3438344 2.29626799,-0.5 2.34436965 2.29626799,-0.03039015 2.41813469 2.38904881,0.21176729 2.00558066 2.65956354,-0.13561679 2.44533801 2.34454203,0.21030745 2.11546946 2.60168934,-0.24226049 2.44494438 2.31212354,0.17799197 2.22066641 2.53999996,-0.3422558 2.42001295 2.29379797,0.11717439 2.3123827 2.47831059,-0.42937607 2.37610793 2.29069901,0.03315538 2.38322377 2.42043662,0.19844081 1.93431222 2.69095111,-0.06654256 2.42816949 2.36995673,0.21633522 2.04248786 2.6371088,-0.17321749 2.44520378 2.32999349,0.20352899 2.15172672 2.57726049,-0.27818841 2.43550062 2.30301809,0.16034533 2.25296187 2.51510811,-0.37397042 2.40313816 2.29069901,0.09029581 2.33779311 2.45449495,-0.45524657 2.35438943 2.29379797,-0.00038685 2.39961314 2.39916992,0.20988788 1.96991789 2.6703589,-0.1036089 2.43447161 2.3525548,0.2167495 2.07953644 2.61368871,-0.21053758 2.4415462 2.31753206,0.19262254 2.1868937 2.55246139,-0.31281382 2.4231503 2.29626799,0.13904481 2.2830286 2.4904635,-0.40367079 2.38427973 2.29007769,0.06061982 2.36008883 2.43152905,-0.47878855 2.33176923 2.29934382,-0.5 2.3203783 2.30301809,-0.5 2.33228993 2.29934382,-0.03560952 2.41237593 2.37930298,0.21739256 2.00641513 2.64847088,-0.14113723 2.43707609 2.33701539,0.21296181 2.1162746 2.58953643,-0.2471716 2.43456078 2.30728149,0.17771104 2.22053337 2.52753854,-0.3458339 2.40821743 2.29194021,0.11436725 2.31050706 2.46631122,-0.431196 2.36383867 2.29194021,0.02853727 2.37903833 2.40964127,0.20570861 1.93466926 2.68083,-0.07206417 2.42144132 2.3610332,0.22080182 2.04337645 2.62550497,-0.17868578 2.43608046 2.32349372,0.20498836 2.15224886 2.56489205,-0.28274673 2.4244957 2.29934382,0.15897836 2.25223136 2.50273943,-0.3769955 2.39106154 2.29007769,0.08663792 2.33508039 2.44289136,-0.45644414 2.34223008 2.29626799,-0.00553216 2.39446783 2.38904881,0.21609053 1.97052872 2.65956354,-0.10929724 2.42680168 2.34454203,0.22002444 2.08035684 2.60168934,-0.21583179 2.43164134 2.31212354,0.19290964 2.18701267 2.53999996,-0.31693 2.41164637 2.29379797,0.13666563 2.28160262 2.47831059,-0.40609962 2.37206912 2.29069901,0.05622384 2.35648108 2.42043662,-0.47937301 2.3198719 2.30301809,-0.04114864 2.40626454 2.36995673,0.22246391 2.00716734 2.6371088,-0.14685924 2.42851257 2.32999349,0.21503319 2.11690307 2.57726049,-0.2521798 2.42397189 2.30301809,0.17686895 2.22013521 2.51510811,-0.34943441 2.39634824 2.29069901,0.11106627 2.30830145 2.45449495,-0.43300465 2.35164618 2.29379797,0.0235262 2.37449646 2.39916992,0.2124635 1.93500113 2.6703589,-0.07786109 2.41437769 2.3525548,0.22469558 2.04415083 2.61368871,-0.18431383 2.42669058 2.31753206,0.20586544 2.15256262 2.55246139,-0.28736952 2.41333532 2.29626799,0.15706937 2.25121093 2.4904635,-0.38002431 2.37896967 2.29007769,0.08252001 2.33202624 2.43152905,-0.45762819 2.3302083 2.29934382,-0.0110278 2.38897228 2.37930298,0.22174998 1.97108614 2.64847088,-0.11521643 2.41882062 2.33701539,0.22271511 2.08103061 2.58953643,-0.2212465 2.42151117 2.30728149,0.19262254 2.1868937 2.52753854,-0.32108253 2.40004086 2.29194021,0.13376984 2.27986693 2.46631122,-0.40851942 2.35990405 2.29194021,0.05140592 2.35252714 2.40964127,-0.47994778 2.30817246 2.30728149,-0.5 2.3086648 2.30728149,-0.04699373 2.39981532 2.3610332,0.22696872 2.00783563 2.62550497,-0.1527686 2.41966844 2.32349372,0.21651644 2.11735296 2.56489205,-0.25727266 2.41320395 2.29934382,0.17546776 2.21947241 2.50273943,-0.35304841 2.38443446 2.29007769,0.10727967 2.30577135 2.44289136,-0.43479741 2.33956003 2.29626799,0.01813462 2.36960983 2.38904881,0.21868865 1.93530691 2.65956354,-0.08391892 2.40699625 2.34454203,0.22800682 2.04480958 2.60168934,-0.19008768 2.41705751 2.31212354,0.20615804 2.15266728 2.53999996,-0.29204521 2.40204716 2.29379797,0.15462309 2.24990344 2.47831059,-0.3830494 2.36689305 2.29069901,0.07795231 2.32863855 2.42043662,-0.45879573 2.31835413 2.30301809,-0.01686012 2.38313985 2.36995673,0.22685212 1.97158873 2.6371088,-0.12135174 2.41054797 2.32999349,0.22481483 2.08155656 2.57726049,-0.22676824 2.41118073 2.30301809,0.19176191 2.18653727 2.51510811,-0.32526112 2.38836241 2.29069901,0.13036461 2.27782607 2.45449495,-0.41092411 2.3478148 2.29379797,0.04617803 2.3482368 2.39916992,-0.4805114 2.29669976 2.31212354,-0.5 2.28594732 2.31753206,-0.5 2.29717827 2.31212354,-0.05313026 2.39304471 2.3525548,0.2308958 2.00841808 2.61368871,-0.15885063 2.41056609 2.31753206,0.21740787 2.11762333 2.55246139,-0.26243746 2.40228367 2.29626799,0.173511 2.21854687 2.4904635,-0.35666692 2.3725059 2.29007769,0.10301687 2.30292296 2.43152905,-0.4365699 2.32761097 2.29934382,0.01237594 2.36439037 2.37930298,0.22436863 1.93558598 2.64847088,-0.09022259 2.39931512 2.33701539,0.23072733 2.04535079 2.58953643,-0.19599292 2.4072051 2.30728149,0.20586544 2.15256262 2.52753854,-0.29676223 2.39065933 2.29194021,0.15164563 2.24831176 2.46631122,-0.38606319 2.35486126 2.29194021,0.07294618 2.3249259 2.40964127,-0.45994386 2.30669689 2.30728149,-0.02301461 2.37698531 2.3610332,0.23138429 1.97203505 2.62550497,-0.12768793 2.40200472 2.32349372,0.22631836 2.08193326 2.56489205,-0.23238331 2.40067554 2.29934382,0.19032991 2.18594408 2.50273943,-0.32945535 2.37664032 2.29007769,0.12645844 2.2754848 2.44289136,-0.41330776 2.3358314 2.29626799,0.04055317 2.34362054 2.38904881,-0.48106247 2.28548241 2.31753206,-0.05954298 2.3859694 2.34454203,0.23423538 2.00891352 2.60168934,-0.16509016 2.40122795 2.31212354,0.21770525 2.11771345 2.53999996,-0.26766142 2.39123869 2.29379797,0.17100352 2.21736097 2.47831059,-0.3602809 2.36059213 2.29069901,0.09828845 2.29976344 2.42043662,-0.43831769 2.31582832 2.30301809,0.00626446 2.35885143 2.36995673,0.2294893 1.93583751 2.6371088,-0.09675643 2.39135361 2.32999349,0.23285031 2.04577303 2.57726049,-0.20201491 2.39715815 2.30301809,0.20498836 2.15224886 2.51510811,-0.30150878 2.37920022 2.29069901,0.14814436 2.24644041 2.45449495,-0.38905817 2.34290457 2.29379797,0.06751407 2.3208971 2.39916992,-0.46106973 2.29526567 2.31212354,-0.02947597 2.37052393 2.3525548,0.23533523 1.97242415 2.61368871,-0.13420926 2.39321184 2.31753206,0.22722198 2.08215952 2.55246139,-0.23807772 2.39002204 2.29626799,0.18833008 2.18511558 2.4904635,-0.33365479 2.36490369 2.29007769,0.122061 2.27284908 2.43152905,-0.41566443 2.32398367 2.29934382,0.03454532 2.33869004 2.37930298,-0.48159963 2.27454829 2.32349372,-0.5 2.2750001 2.32349372,-0.06621595 2.37860703 2.33701539,0.23697916 2.0093205 2.58953643,-0.17147173 2.39167738 2.30728149,0.21740787 2.11762333 2.52753854,-0.27293152 2.38009596 2.29194021,0.16795154 2.21591759 2.46631122,-0.36388144 2.3487227 2.29194021,0.09310617 2.29630089 2.40964127,-0.44003642 2.30424166 2.30728149,-0.0001846 2.35300636 2.3610332,0.23403791 1.93606102 2.62550497,-0.1035042 2.3831315 2.32349372,0.23437053 2.04607534 2.56489205,-0.20813867 2.38694119 2.29934382,0.20352899 2.15172672 2.50273943,-0.30627313 2.36769795 2.29007769,0.14412799 2.24429369 2.44289136,-0.39202696 2.33105254 2.29626799,0.06166947 2.31656241 2.38904881,-0.46217054 2.28408885 2.31753206,-0.03622814 2.36377192 2.34454203,0.23869509 1.97275507 2.60168934,-0.14089949 2.38419104 2.31212354,0.22752345 2.0822351 2.53999996,-0.24383734 2.37924671 2.29379797,0.18576743 2.18405414 2.47831059,-0.33784902 2.3531816 2.29069901,0.11718325 2.26992536 2.42043662,-0.41798824 2.31230092 2.30301809,0.02816942 2.33345747 2.36995673,-0.48212153 2.2639246 2.32999349,-0.5 2.26436353 2.32999349,-0.07313257 2.37097573 2.32999349,0.2391203 2.00963807 2.57726049,-0.17797945 2.38193774 2.30301809,0.21651644 2.11735296 2.51510811,-0.27823463 2.36888337 2.29069901,0.16436267 2.21422005 2.45449495,-0.36745951 2.33692741 2.29379797,0.08748291 2.29254365 2.39916992,-0.44172186 2.29287934 2.31212354,-0.00695522 2.34686971 2.3525548,0.23800318 1.93625581 2.61368871,-0.11044911 2.37466908 2.31753206,0.23528416 2.04625702 2.55246139,-0.21434897 2.37658 2.29626799,0.20149092 2.1509974 2.4904635,-0.31104341 2.35618162 2.29007769,0.13960654 2.24187684 2.43152905,-0.39496213 2.31933475 2.29934382,0.05542693 2.3119328 2.37930298,-0.46324357 2.27319431 2.32349372,-0.04325433 2.35674572 2.33701539,0.24145554 1.97302699 2.58953643,-0.147742 2.37496495 2.30728149,0.22722198 2.08215952 2.52753854,-0.24964783 2.36837602 2.29194021,0.1826483 2.18276215 2.46631122,-0.3420276 2.34150338 2.29194021,0.11183731 2.26672125 2.40964127,-0.42027345 2.30081248 2.30728149,0.02144132 2.32793593 2.3610332,-0.48262689 2.25363755 2.33701539,-0.5 2.25406408 2.33701539,-0.08027565 2.36309457 2.32349372,0.24065353 2.00986552 2.56489205,-0.18459716 2.3720336 2.29934382,0.21503319 2.11690307 2.50273943,-0.28355765 2.35762882 2.29007769,0.16024581 2.21227312 2.44289136,-0.37100628 2.32523537 2.29626799,0.08143267 2.28850079 2.38904881,-0.44336978 2.28176999 2.31753206,-0.01403057 2.34045696 2.34454203,0.24137522 1.93642139 2.60168934,-0.11757392 2.36598754 2.31212354,0.23558895 2.04631782 2.53999996,-0.22063038 2.36610007 2.29379797,0.19887927 2.15006304 2.47831059,-0.31580779 2.34467936 2.29069901,0.13459121 2.23919606 2.42043662,-0.39785638 2.30778003 2.30301809,0.04880196 2.30701923 2.36995673,-0.46428615 2.262609 2.32999349,-0.05053707 2.34946299 2.32999349,0.2436097 1.97323918 2.57726049,-0.15471978 2.36555648 2.30301809,0.22631836 2.08193326 2.51510811,-0.25549474 2.35743713 2.29069901,0.17898045 2.18124294 2.45449495,-0.34618014 2.32989764 2.29379797,0.10603646 2.26324439 2.39916992,-0.42251438 2.28954649 2.31212354,0.01437774 2.32213879 2.3525548,-0.48311445 2.24371314 2.34454203,-0.5 2.23457861 2.3525548,-0.5 2.24412751 2.34454203,-0.08762743 2.35498309 2.31753206,0.24157497 2.01000237 2.55246139,-0.19130838 2.36198974 2.29626799,0.21296181 2.1162746 2.4904635,-0.28888726 2.34636045 2.29007769,0.1556112 2.2100811 2.43152905,-0.37451288 2.31367564 2.29934382,0.07497048 2.28418303 2.37930298,-0.44497606 2.27094126 2.32349372,-0.02139306 2.3337841 2.33701539,0.24414569 1.93655753 2.58953643,-0.12486088 2.35710835 2.30728149,0.23528416 2.04625702 2.52753854,-0.22696728 2.35552764 2.29194021,0.19570051 2.14892554 2.46631122,-0.32055435 2.33322001 2.29194021,0.12909448 2.23625803 2.40964127,-0.40070257 2.29641747 2.30728149,0.04181103 2.30183434 2.3610332,-0.46529564 2.25235915 2.33701539,-0.05805826 2.34194183 2.32349372,0.24515222 1.97339106 2.56489205,-0.16181548 2.35598898 2.29934382,0.22481483 2.08155656 2.50273943,-0.26136357 2.34645724 2.29007769,0.17477302 2.1795001 2.44289136,-0.35029635 2.31839371 2.29626799,0.09979515 2.25950336 2.38904881,-0.42470542 2.27853155 2.31753206,0.00699626 2.31608105 2.34454203,-0.483583 2.23417544 2.3525548,-0.09516964 2.34666157 2.31212354,0.24188238 2.01004791 2.53999996,-0.19809644 2.35183072 2.29379797,0.21030745 2.11546946 2.47831059,-0.29421026 2.3351059 2.29069901,0.15047038 2.20764947 2.42043662,-0.37797061 2.30227709 2.30301809,0.0681124 2.27960062 2.36995673,-0.44653678 2.26041985 2.32999349,-0.02902437 2.32686734 2.32999349,0.24630766 1.93666375 2.57726049,-0.13229191 2.34805369 2.30301809,0.23437053 2.04607534 2.51510811,-0.23334388 2.34488893 2.29069901,0.19196254 2.14758825 2.45449495,-0.32527137 2.32183218 2.29379797,0.12313002 2.2330699 2.39916992,-0.40349355 2.28527522 2.31212354,0.03447153 2.29639101 2.3525548,-0.46626961 2.2424705 2.34454203,-0.0657992 2.33420086 2.31753206,0.24607927 1.97348237 2.55246139,-0.16901146 2.3462863 2.29626799,0.22271511 2.08103061 2.4904635,-0.26723969 2.335464 2.29007769,0.17003644 2.17753816 2.43152905,-0.35436592 2.30701995 2.29934382,0.09312887 2.25550771 2.37930298,-0.42684114 2.26779437 2.32349372,-0.00068478 2.3097775 2.33701539,-0.48403138 2.22504878 2.3610332,-0.5 2.22544074 2.3610332,-0.10288351 2.3381505 2.30728149,0.24157497 2.01000237 2.52753854,-0.20494446 2.34158182 2.29194021,0.20707671 2.11448932 2.46631122,-0.2995134 2.32389331 2.29194021,0.1448361 2.20498466 2.40964127,-0.38137087 2.29106784 2.30728149,0.06087548 2.27476501 2.3610332,-0.448048 2.25023198 2.33701539,-0.03690555 2.31972432 2.32349372,0.24785578 1.9367398 2.56489205,-0.13984852 2.33884597 2.29934382,0.23285031 2.04577303 2.50273943,-0.2397444 2.33421016 2.29007769,0.18767464 2.14605403 2.44289136,-0.32994705 2.31054401 2.29626799,0.11671266 2.22963977 2.38904881,-0.40622243 2.27438092 2.31753206,0.02680169 2.29070282 2.34454203,-0.46720555 2.23296738 2.3525548,-0.07374063 2.32625937 2.31212354,0.24638854 1.97351289 2.53999996,-0.17628983 2.33647275 2.29379797,0.22002444 2.08035684 2.47831059,-0.27310851 2.32448411 2.29069901,0.16478249 2.17536187 2.42043662,-0.3583788 2.29580474 2.30301809,0.0860542 2.25126743 2.36995673,-0.42891622 2.25736237 2.32999349,-0.00864629 2.30324364 2.32999349,-0.48445845 2.21635556 2.36995673,-0.5 2.21673703 2.36995673,-0.11074989 2.32947135 2.30301809,0.24065353 2.00986552 2.51510811,-0.21183543 2.33126879 2.29069901,0.20327762 2.11333704 2.45449495,-0.30478349 2.31275058 2.29379797,0.1387224 2.20209312 2.39916992,-0.38470525 2.28007579 2.31212354,0.05327772 2.26968837 2.3525548,-0.44950601 2.24040294 2.34454203,-0.04501699 2.31237268 2.31753206,0.2487862 1.93678546 2.55246139,-0.14751191 2.32950807 2.29626799,0.23072733 2.04535079 2.4904635,-0.24615286 2.32351828 2.29007769,0.1828475 2.14432669 2.43152905,-0.33456981 2.29938388 2.29934382,0.10985836 2.22597599 2.37930298,-0.40888244 2.26376176 2.32349372,0.01882059 2.2847836 2.33701539,-0.46810123 2.22387362 2.3610332,-0.08186283 2.31813717 2.30728149,0.24607927 1.97348237 2.52753854,-0.18363248 2.32657218 2.29194021,0.2167495 2.07953644 2.46631122,-0.27895543 2.31354523 2.29194021,0.15902427 2.17297673 2.40964127,-0.36232498 2.28477597 2.30728149,0.07858873 2.24679279 2.3610332,-0.43092552 2.24726081 2.33701539,-0.01686847 2.29649591 2.32349372,-0.48486316 2.20811725 2.37930298,-0.5 2.20071697 2.38904881,-0.5 2.20848894 2.37930298,-0.11874919 2.32064533 2.29934382,0.2391203 2.00963807 2.50273943,-0.21875219 2.32091713 2.29007769,0.19891961 2.11201501 2.44289136,-0.31000745 2.3017056 2.29626799,0.13214447 2.198982 2.38904881,-0.38796541 2.26932859 2.31753206,0.04533801 2.26438332 2.34454203,-0.45090714 2.23095727 2.3525548,-0.05333853 2.30483031 2.31212354,0.24909659 1.93680072 2.53999996,-0.15526305 2.32006311 2.29379797,0.22800682 2.04480958 2.47831059,-0.25255337 2.31283975 2.29069901,0.17749311 2.14241099 2.42043662,-0.33912817 2.28837895 2.30301809,0.10258414 2.22208786 2.36995673,-0.4114669 2.25344396 2.32999349,0.01054808 2.27864838 2.32999349,-0.46895435 2.21521187 2.36995673,-0.0901456 2.30985451 2.30301809,0.24515222 1.97339106 2.51510811,-0.19102117 2.31660962 2.29069901,0.21289843 2.0785718 2.45449495,-0.28476593 2.30267453 2.29379797,0.15277603 2.1703887 2.39916992,-0.3661947 2.27396083 2.31212354,0.07075103 2.24209499 2.3525548,-0.43286404 2.23751521 2.34454203,-0.02533087 2.28955078 2.31753206,-0.48524451 2.20035458 2.38904881,-0.12686154 2.31169486 2.29626799,0.23697916 2.0093205 2.4904635,-0.22567756 2.3105526 2.29007769,0.19401354 2.1105268 2.43152905,-0.31517226 2.29078531 2.29934382,0.12511864 2.19565916 2.37930298,-0.39114323 2.25885272 2.32349372,0.03707609 2.25886273 2.33701539,-0.45224792 2.22191834 2.3610332,-0.06184947 2.29711652 2.30728149,0.2487862 1.93678546 2.52753854,-0.16308266 2.31053495 2.29194021,0.22469558 2.04415083 2.46631122,-0.25893 2.30220103 2.29194021,0.17162478 2.14031124 2.40964127,-0.34361076 2.2775569 2.30728149,0.0949081 2.21798491 2.3610332,-0.41396946 2.24345326 2.33701539,0.00200471 2.27231216 2.32349372,-0.4697628 2.20700336 2.37930298,-0.09856833 2.30143166 2.29934382,0.2436097 1.97323918 2.50273943,-0.19843754 2.30660987 2.29007769,0.20848081 2.0774653 2.44289136,-0.29052556 2.2918992 2.29626799,0.14605337 2.16760397 2.38904881,-0.36997825 2.26338649 2.31753206,0.06256057 2.23718572 2.34454203,-0.43472695 2.22814965 2.3525548,-0.03401247 2.28242612 2.31212354,-0.48560157 2.19308686 2.39916992,-0.5 2.18667722 2.40964127,-0.5 2.1934402 2.39916992,-0.13506678 2.30264187 2.29379797,0.23423538 2.00891352 2.47831059,-0.23259434 2.30020094 2.29069901,0.18857157 2.10887599 2.42043662,-0.32026511 2.28001761 2.30301809,0.11766241 2.19213247 2.36995673,-0.39423087 2.24867415 2.32999349,0.02851249 2.25314069 2.32999349,-0.45352504 2.21330881 2.36995673,-0.07052868 2.28925014 2.30301809,0.24785578 1.9367398 2.51510811,-0.17095129 2.30094695 2.29069901,0.22080182 2.04337645 2.45449495,-0.26526687 2.2916286 2.29379797,0.16525708 2.13803267 2.39916992,-0.34800649 2.26694489 2.31212354,0.08684933 2.21367741 2.3525548,-0.41638383 2.23381448 2.34454203,-0.00678828 2.2657907 2.31753206,-0.47052458 2.19926882 2.38904881,-0.10711009 2.29288983 2.29626799,0.24145554 1.97302699 2.4904635,-0.20586315 2.29659772 2.29007769,0.20350762 2.07621956 2.43152905,-0.29621994 2.28124571 2.29934382,0.13887297 2.16462994 2.37930298,-0.37366632 2.25307894 2.32349372,0.05403772 2.23207736 2.33701539,-0.43650964 2.2191875 2.3610332,-0.04289167 2.27513909 2.30728149,-0.48593342 2.18633199 2.40964127,-0.14334449 2.29350877 2.29194021,0.2308958 2.00841808 2.46631122,-0.23948529 2.28988791 2.29194021,0.18260728 2.10706663 2.40964127,-0.32527331 2.26942849 2.30728149,0.1097943 2.18841124 2.3610332,-0.39722061 2.23881817 2.33701539,0.01966851 2.24723148 2.32349372,-0.45473528 2.20514989 2.37930298,-0.07935455 2.28125072 2.29934382,0.24630766 1.93666375 2.50273943,-0.1788494 2.29132318 2.29007769,0.21633522 2.04248786 2.44289136,-0.27154827 2.28114867 2.29626799,0.15840589 2.13558149 2.38904881,-0.35230434 2.25656891 2.31753206,0.07842786 2.20917606 2.34454203,-0.41870403 2.22455168 2.3525548,-0.01580901 2.25910044 2.31212354,-0.47123781 2.19202733 2.39916992,-0.11574966 2.28425026 2.29379797,0.23869509 1.97275507 2.47831059,-0.21327952 2.28659773 2.29069901,0.19799122 2.07483768 2.42043662,-0.30183503 2.27074051 2.30301809,0.13125268 2.16147351 2.36995673,-0.37724966 2.24306417 2.32999349,0.04520367 2.22678256 2.32999349,-0.43820766 2.21065092 2.36995673,-0.05194639 2.26770806 2.30301809,-0.48623922 2.18010688 2.42043662,-0.5 2.17475772 2.43152905,-0.5 2.18044472 2.42043662,-0.15167411 2.28431845 2.29069901,0.22696872 2.00783563 2.45449495,-0.24633332 2.27963901 2.29379797,0.17613547 2.10510349 2.39916992,-0.33018443 2.25904489 2.31212354,0.10153387 2.18450427 2.3525548,-0.40010506 2.22930956 2.34454203,0.01056613 2.24114943 2.31753206,-0.45587566 2.19746208 2.38904881,-0.08830515 2.27313852 2.29626799,0.24414569 1.93655753 2.4904635,-0.18675733 2.28168726 2.29007769,0.21130688 2.04148769 2.43152905,-0.2777586 2.27078748 2.29934382,0.15108818 2.13296318 2.37930298,-0.35649371 2.24645472 2.32349372,0.06966462 2.20449209 2.33701539,-0.42092434 2.21568775 2.3610332,-0.02503507 2.25225806 2.30728149,-0.4719007 2.18529677 2.40964127,-0.12446554 2.27553439 2.29194021,0.23533523 1.97242415 2.46631122,-0.22066821 2.27663541 2.29194021,0.19194533 2.07332325 2.40964127,-0.30735677 2.26041007 2.30728149,0.12321144 2.15814257 2.3610332,-0.38071939 2.23336697 2.33701539,0.03608038 2.22131419 2.32349372,-0.4398168 2.20256138 2.37930298,-0.06115415 2.26015139 2.29934382,-0.48651826 2.17442679 2.43152905,-0.16003491 2.27509356 2.29007769,0.22246391 2.00716734 2.44289136,-0.25312138 2.26947999 2.29626799,0.16917223 2.1029911 2.38904881,-0.33498624 2.24889231 2.31753206,0.09290167 2.18042159 2.34454203,-0.40287697 2.22017169 2.3525548,0.00122799 2.23490977 2.31212354,-0.45694336 2.19026423 2.39916992,-0.09735823 2.26493311 2.29379797,0.24137522 1.93642139 2.47831059,-0.19465542 2.27206349 2.29069901,0.20572934 2.04037833 2.42043662,-0.28388235 2.26057053 2.30301809,0.1433222 2.13018441 2.36995673,-0.36056414 2.23662782 2.32999349,0.0605814 2.19963694 2.32999349,-0.42303917 2.20724487 2.36995673,-0.03444352 2.24528027 2.30301809,-0.47251162 2.17909408 2.42043662,-0.13323607 2.26676393 2.29069901,0.23138429 1.97203505 2.45449495,-0.22801088 2.26673484 2.29379797,0.18538499 2.07168007 2.39916992,-0.31277147 2.2502799 2.31212354,0.11476927 2.15464568 2.3525548,-0.38406691 2.22401118 2.34454203,0.02669054 2.21568608 2.31753206,-0.44133306 2.19493866 2.38904881,-0.07049202 2.25248814 2.29626799,-0.48676983 2.16930628 2.44289136,-0.5 2.16507673 2.45449495,-0.5 2.169631 2.44289136,-0.16840613 2.26585746 2.29007769,0.21739256 2.00641513 2.43152905,-0.25983262 2.25943589 2.29934382,0.16173488 2.10073519 2.37930298,-0.33966684 2.23899603 2.32349372,0.08391915 2.17617321 2.33701539,-0.40552953 2.21142745 2.3610332,-0.0083227 2.22852826 2.30728149,-0.45793572 2.18357444 2.40964127,-0.10649128 2.25665545 2.29194021,0.23800318 1.93625581 2.46631122,-0.20252407 2.26247549 2.29194021,0.19961642 2.0391624 2.40964127,-0.28990433 2.25052333 2.30728149,0.13512722 2.1272521 2.3610332,-0.36450553 2.22711253 2.33701539,0.05120079 2.19462299 2.32349372,-0.42504331 2.19924378 2.37930298,-0.04401096 2.23818445 2.29934382,-0.47306904 2.17343473 2.43152905,-0.14203945 2.25796056 2.29007769,0.22685212 1.97158873 2.44289136,-0.23528925 2.25692105 2.29626799,0.17832649 2.06991196 2.38904881,-0.31806567 2.24037528 2.31753206,0.10594713 2.15099144 2.34454203,-0.38728389 2.21502042 2.3525548,0.01705748 2.2099123 2.31212354,-0.44275263 2.18780184 2.39916992,-0.07993681 2.24473691 2.29379797,-0.48699328 2.16475749 2.45449495,-0.17676693 2.2566328 2.29069901,0.21176729 2.00558066 2.42043662,-0.26645032 2.24953175 2.30301809,0.1538419 2.09834075 2.36995673,-0.34421456 2.22938061 2.32999349,0.07460865 2.17176962 2.32999349,-0.40805608 2.20309854 2.36995673,-0.0180622 2.22202063 2.30301809,-0.45885023 2.17740917 2.42043662,-0.1156816 2.24832582 2.29069901,0.23403791 1.93606102 2.45449495,-0.21034367 2.25294733 2.29379797,0.19298334 2.03784299 2.39916992,-0.2958096 2.24067116 2.31212354,0.12652363 2.12417364 2.3525548,-0.3683081 2.21793246 2.34454203,0.0415461 2.18946242 2.31753206,-0.42693177 2.19170475 2.38904881,-0.05371361 2.2309885 2.29626799,-0.47357154 2.16833258 2.44289136,-0.15085377 2.24914622 2.29007769,0.22174998 1.97108614 2.43152905,-0.24248521 2.24721861 2.29934382,0.17078739 2.06802344 2.37930298,-0.32322621 2.23072052 2.32349372,0.09676697 2.1471889 2.33701539,-0.39036229 2.20641685 2.3610332,0.00720517 2.20400715 2.30728149,-0.44407204 2.18116879 2.40964127,-0.08946503 2.23691726 2.29194021,-0.4871881 2.16079235 2.46631122,-0.5 2.15773058 2.47831059,-0.5 2.16110682 2.46631122,-0.18509656 2.24744248 2.29194021,0.20560208 2.00466609 2.40964127,-0.27295804 2.23979235 2.30728149,0.14551291 2.09581423 2.3610332,-0.34861809 2.22007012 2.33701539,0.06499331 2.16722202 2.32349372,-0.4104504 2.19520545 2.37930298,-0.02796629 2.21540284 2.29934382,-0.45968467 2.17178392 2.43152905,-0.12490633 2.2399652 2.29007769,0.2294893 1.93583751 2.44289136,-0.21809481 2.24350238 2.29626799,0.1858466 2.03642344 2.38904881,-0.30158341 2.23103809 2.31753206,0.11753281 2.12095666 2.34454203,-0.37196234 2.20911026 2.3525548,0.03164134 2.1841681 2.31212354,-0.42869982 2.18464637 2.39916992,-0.06352735 2.22371006 2.29379797,-0.47401792 2.16380048 2.45449495,-0.15965715 2.24034286 2.29069901,0.21609053 1.97052872 2.42043662,-0.24958092 2.23765111 2.30301809,0.16278644 2.0660193 2.36995673,-0.32824028 2.22133994 2.32999349,0.08725161 2.1432476 2.32999349,-0.39329451 2.19822192 2.36995673,-0.00284192 2.19798517 2.30301809,-0.44528797 2.17505598 2.42043662,-0.09905299 2.22904873 2.29069901,-0.48735374 2.15742016 2.47831059,-0.5 2.15495682 2.4904635,-0.19337428 2.23830938 2.29379797,0.19891225 2.00367379 2.39916992,-0.27933961 2.23024154 2.31212354,0.13676864 2.09316158 2.3525548,-0.3528665 2.2110877 2.34454203,0.05509703 2.16254139 2.31753206,-0.41270649 2.18776822 2.38904881,-0.03801034 2.2086916 2.29626799,-0.46043691 2.16671252 2.44289136,-0.13414255 2.23159385 2.29007769,0.22436863 1.93558598 2.43152905,-0.22575819 2.23416471 2.29934382,0.17822392 2.0349071 2.37930298,-0.30721146 2.22164822 2.32349372,0.10817713 2.11760926 2.33701539,-0.37545919 2.2006681 2.3610332,0.02151114 2.17875361 2.30728149,-0.43034309 2.1780858 2.40964127,-0.07342778 2.21636748 2.29194021,-0.47440705 2.15984941 2.46631122,-0.16842768 2.23157239 2.29194021,0.20988788 1.96991789 2.40964127,-0.25655869 2.22824264 2.30728149,0.15434352 2.06390452 2.3610332,-0.33309534 2.21225667 2.33701539,0.07742471 2.13917708 2.32349372,-0.39607322 2.19045591 2.37930298,-0.01305879 2.19186139 2.29934382,-0.44639742 2.16947842 2.43152905,-0.10867685 2.22115064 2.29007769,-0.48748985 2.15464973 2.4904635,-0.20157951 2.22925639 2.29626799,0.19171444 2.00260615 2.38904881,-0.28557914 2.2209034 2.31753206,0.1276308 2.09038973 2.34454203,-0.35694924 2.20245552 2.3525548,0.04494443 2.15773964 2.31212354,-0.41481876 2.18080497 2.39916992,-0.0481694 2.20190358 2.29379797,-0.46110514 2.16220784 2.45449495,-0.14336728 2.22323298 2.29069901,0.21868865 1.93530691 2.42043662,-0.23331481 2.22495675 2.30301809,0.17013426 2.03329802 2.36995673,-0.31267977 2.21252489 2.32999349,0.09847984 2.11413956 2.32999349,-0.37878999 2.19262695 2.36995673,0.01118067 2.17323184 2.30301809,-0.43185753 2.17203999 2.42043662,-0.08339029 2.20897889 2.29069901,-0.47473797 2.15648961 2.47831059,-0.17714356 2.22285652 2.29379797,0.20315741 1.96925497 2.39916992,-0.26340121 2.21901655 2.31212354,0.14547962 2.06168413 2.3525548,-0.3377794 2.20349336 2.34454203,0.06731069 2.13498783 2.31753206,-0.39869153 2.18313813 2.38904881,-0.02342005 2.18565106 2.29626799,-0.44739762 2.16445017 2.44289136,-0.11831269 2.21324277 2.29007769,-0.48759606 2.15248775 2.50273943,-0.5 2.15124226 2.51510811,-0.5 2.15279222 2.50273943,-0.20969185 2.22030568 2.29934382,0.18402655 2.0014658 2.37930298,-0.29166117 2.21180105 2.32349372,0.11812213 2.08750534 2.33701539,-0.36085612 2.19419503 2.3610332,0.03456074 2.15282845 2.30728149,-0.41678199 2.1743331 2.40964127,-0.05841819 2.19505548 2.29194021,-0.46168768 2.15828061 2.46631122,-0.1525576 2.21490335 2.29194021,0.2124635 1.93500113 2.40964127,-0.24074583 2.21590209 2.30728149,0.16159774 2.0316 2.3610332,-0.31797469 2.20369101 2.33701539,0.08846504 2.11055613 2.32349372,-0.38194641 2.18500662 2.37930298,0.00067562 2.16761661 2.29934382,-0.43323931 2.16652369 2.43152905,-0.09339011 2.2015624 2.29007769,-0.47500986 2.1537292 2.4904635,-0.18578312 2.21421695 2.29626799,0.19591589 1.96854174 2.38904881,-0.27009144 2.20999575 2.31753206,0.13621677 2.05936408 2.34454203,-0.34228078 2.19507194 2.3525548,0.0569347 2.13068986 2.31212354,-0.40114293 2.17628694 2.39916992,-0.03389994 2.17936969 2.29379797,-0.44828609 2.1599834 2.45449495,-0.12793656 2.20534468 2.29069901,-0.48767212 2.1509397 2.51510811,-0.21769117 2.2114799 2.30301809,0.17586768 2.00025558 2.36995673,-0.29757053 2.20295715 2.32999349,0.10826627 2.08451557 2.32999349,-0.36457747 2.18632698 2.36995673,0.02397178 2.14782023 2.30301809,-0.41859123 2.16836882 2.42043662,-0.06873124 2.18816447 2.29069901,-0.46218306 2.15494108 2.47831059,-0.16169064 2.2066257 2.29379797,0.20570861 1.93466926 2.39916992,-0.24803281 2.20702291 2.31212354,0.15263557 2.02981734 2.3525548,-0.32308307 2.19516802 2.34454203,0.07815764 2.10686803 2.31753206,-0.38492063 2.17782617 2.38904881,-0.00997788 2.16192222 2.29626799,-0.43448502 2.16155052 2.44289136,-0.10340236 2.19413686 2.29007769,-0.47522202 2.15157509 2.50273943,-0.1943249 2.20567513 2.29934382,0.1881813 1.96777999 2.37930298,-0.27661276 2.20120287 2.32349372,0.12657803 2.05694962 2.33701539,-0.34658828 2.18701315 2.3610332,0.04632254 2.12629414 2.30728149,-0.40342134 2.16991925 2.40964127,-0.04447241 2.17303276 2.29194021,-0.44906059 2.15608978 2.46631122,-0.13752452 2.19747591 2.29194021,-0.48771784 2.15000916 2.52753854,-0.22555754 2.20280051 2.30728149,0.16725811 1.99897838 2.3610332,-0.30329254 2.19439363 2.33701539,0.09808771 2.08142781 2.32349372,-0.36810401 2.17887068 2.37930298,0.01320387 2.14272738 2.29934382,-0.42024201 2.16292691 2.43152905,-0.07908291 2.18124771 2.29007769,-0.46259007 2.15219736 2.4904635,-0.17074372 2.19842052 2.29626799,0.19844081 1.93431222 2.38904881,-0.25515759 2.19834137 2.31753206,0.14327005 2.02795434 2.34454203,-0.32799226 2.18697762 2.3525548,0.06758326 2.10308456 2.31212354,-0.38770527 2.17110348 2.39916992,-0.02075336 2.15616274 2.29379797,-0.43559158 2.15713286 2.45449495,-0.11340218 2.18672037 2.29069901,-0.47537395 2.15003252 2.51510811,-0.20274763 2.19725227 2.30301809,0.17997287 1.96697152 2.36995673,-0.28294894 2.19265938 2.32999349,0.11658733 2.05444717 2.32999349,-0.3506912 2.17933702 2.36995673,0.03550059 2.12181163 2.30301809,-0.40552106 2.16405106 2.42043662,-0.05511116 2.16665602 2.29069901,-0.44971925 2.15277839 2.47831059,-0.14705274 2.18965626 2.29379797,-0.23327141 2.19428968 2.31212354,0.15821928 1.99763763 2.3525548,-0.30881298 2.18613172 2.34454203,0.08761176 2.07825017 2.31753206,-0.37142697 2.17184472 2.38904881,0.00228378 2.13756251 2.29626799,-0.42173028 2.15802073 2.44289136,-0.08944747 2.17432237 2.29007769,-0.46290767 2.15005612 2.50273943,-0.17969432 2.19030809 2.29934382,0.19067815 1.93393087 2.37930298,-0.26210251 2.18987894 2.32349372,0.13352445 2.02601576 2.33701539,-0.33269 2.17913985 2.3610332,0.0567682 2.09921479 2.30728149,-0.39029336 2.16485524 2.40964127,-0.03162403 2.15035224 2.29194021,-0.43655622 2.15328169 2.46631122,-0.12336469 2.17933178 2.29194021,-0.47546527 2.14910555 2.52753854,-0.21103039 2.18896961 2.30728149,0.17131102 1.96611834 2.3610332,-0.28908429 2.18438697 2.33701539,0.10626953 2.05186272 2.32349372,-0.35457933 2.17206287 2.37930298,0.02449576 2.1172533 2.29934382,-0.40743688 2.15869665 2.43152905,-0.06578975 2.16025567 2.29007769,-0.45026037 2.15005803 2.4904635,-0.15649752 2.18190527 2.29626799,-0.24081361 2.18596816 2.31753206,0.14877363 1.99623644 2.34454203,-0.31411812 2.1781919 2.3525548,0.07686447 2.07499003 2.31212354,-0.37453809 2.16526699 2.39916992,-0.00876133 2.13233852 2.29379797,-0.42305225 2.15366268 2.45449495,-0.09979914 2.16740561 2.29069901,-0.46313509 2.14852309 2.51510811,-0.18852019 2.18230891 2.30301809,0.18243995 1.93352616 2.36995673,-0.2688503 2.18165684 2.32999349,0.12342299 2.02400661 2.32999349,-0.33716461 2.17167449 2.36995673,0.04573934 2.09526873 2.30301809,-0.3926785 2.15909696 2.42043662,-0.04256285 2.14450526 2.29069901,-0.43737656 2.15000677 2.47831059,-0.13326511 2.1719892 2.29379797,-0.21915258 2.18084741 2.31212354,0.16221727 1.96522272 2.3525548,-0.29500344 2.17640591 2.34454203,0.09565028 2.04920268 2.31753206,-0.35824305 2.16520858 2.38904881,0.0133354 2.11263037 2.29626799,-0.40916407 2.15386939 2.44289136,-0.07648164 2.15384722 2.29007769,-0.45068267 2.14793491 2.50273943,-0.1658354 2.17424178 2.29934382,-0.2481654 2.17785668 2.32349372,0.13894464 1.99477851 2.33701539,-0.31919479 2.17059422 2.3610332,0.06587256 2.07165551 2.30728149,-0.37742966 2.15915322 2.40964127,-0.01990401 2.12706852 2.29194021,-0.42420471 2.14986372 2.46631122,-0.1101122 2.16051459 2.29194021,-0.4632718 2.1476016 2.52753854,-0.1971994 2.17444253 2.30728149,0.17374668 1.93309903 2.3610332,-0.27538413 2.17369533 2.33701539,0.1129908 2.02193141 2.32349372,-0.341405 2.16459966 2.37930298,0.03452409 2.09125566 2.29934382,-0.39485475 2.15384316 2.43152905,-0.05354264 2.13863635 2.29007769,-0.43805054 2.14731622 2.4904635,-0.14307886 2.16471076 2.29626799,-0.22709402 2.17290592 2.31753206,0.15271425 1.96428668 2.34454203,-0.30069178 2.16873598 2.3525548,0.08475596 2.04647374 2.31212354,-0.36167321 2.1587913 2.39916992,0.00204727 2.10795474 2.29379797,-0.41069829 2.14958143 2.45449495,-0.08716023 2.14744663 2.29069901,-0.45098504 2.14641476 2.51510811,-0.17504315 2.1666851 2.30301809,-0.25530848 2.16997552 2.32999349,0.12875676 1.9932673 2.32999349,-0.32403034 2.16335726 2.36995673,0.05466335 2.06825519 2.30301809,-0.38009447 2.15351892 2.42043662,-0.03111655 2.12176538 2.29069901,-0.42518473 2.14663291 2.47831059,-0.12036099 2.15366673 2.29379797,-0.20571035 2.1667285 2.31212354,0.16461994 1.93265069 2.3525548,-0.2816878 2.16601419 2.34454203,0.10225382 2.01979566 2.31753206,-0.34540063 2.15793347 2.38904881,0.02315035 2.0871861 2.29626799,-0.3968167 2.1491065 2.44289136,-0.06453609 2.13276029 2.29007769,-0.43857649 2.14521646 2.50273943,-0.15278152 2.15751481 2.29934382,-0.23483495 2.16516495 2.32349372,0.14282556 1.96331275 2.33701539,-0.30613515 2.1613965 2.3610332,0.07361368 2.04368281 2.30728149,-0.36486128 2.15282679 2.40964127,-0.00934058 2.10323787 2.29194021,-0.41203576 2.14584351 2.46631122,-0.09779898 2.14107013 2.29194021,-0.45116678 2.14550114 2.52753854,-0.18409789 2.15925407 2.30728149,-0.26222509 2.16234422 2.33701539,0.11823532 1.99170649 2.32349372,-0.32861274 2.15649915 2.37930298,0.04326471 2.06479764 2.29934382,-0.38252592 2.14837813 2.43152905,-0.04237108 2.11644244 2.29007769,-0.42598993 2.1439786 2.4904635,-0.13052005 2.14687872 2.29626799,-0.21403189 2.15918636 2.31753206,0.15508242 1.93218219 2.34454203,-0.28774562 2.15863276 2.3525548,0.09123872 2.01760459 2.31212354,-0.34914154 2.15169215 2.39916992,0.01164639 2.08307004 2.29379797,-0.39855948 2.14489913 2.45449495,-0.07551588 2.12689137 2.29069901,-0.4389531 2.143713 2.51510811,-0.16234896 2.150419 2.30301809,-0.24235615 2.1576438 2.32999349,0.1325758 1.96230328 2.32999349,-0.31131998 2.15440559 2.36995673,0.06225113 2.04083657 2.30301809,-0.36779934 2.14733005 2.42043662,-0.02079983 2.09849119 2.29069901,-0.41317314 2.14266491 2.47831059,-0.10837144 2.1347332 2.29379797,-0.19297709 2.15196729 2.31212354,-0.26889807 2.15498161 2.34454203,0.10740647 1.99010026 2.31753206,-0.33293065 2.15003705 2.38904881,0.03170498 2.06129098 2.29626799,-0.38471791 2.14374352 2.44289136,-0.05363962 2.11111283 2.29007769,-0.42661828 2.14190722 2.50273943,-0.1405641 2.14016747 2.29934382,-0.22214332 2.15183473 2.32349372,0.14515786 1.93169463 2.33701539,-0.29354253 2.15156913 2.3610332,0.07997292 2.01536369 2.30728149,-0.35261843 2.14589119 2.40964127,4.08E-05 2.0789175 2.29194021,-0.40007874 2.1412313 2.46631122,-0.0864547 2.12104464 2.29194021,-0.43917945 2.14280915 2.52753854,-0.1717574 2.1434412 2.30728149,-0.24963889 2.15036106 2.33701539,0.12199046 1.96126068 2.32349372,-0.3162334 2.14778066 2.37930298,0.05069656 2.03794241 2.29934382,-0.37048009 2.14231467 2.43152905,-0.032302 2.09372687 2.29007769,-0.41410762 2.14005303 2.4904635,-0.11885134 2.12845182 2.29626799,-0.20165868 2.14484239 2.31753206,-0.27531078 2.1479063 2.3525548,0.09629714 1.98845232 2.31212354,-0.33697331 2.1439867 2.39916992,0.0200129 2.05774426 2.29379797,-0.38666505 2.13962674 2.45449495,-0.06489415 2.10578966 2.29069901,-0.4270682 2.14042401 2.51510811,-0.15046819 2.13354969 2.30301809,-0.2300245 2.14469147 2.32999349,0.13487092 1.93118918 2.32999349,-0.29906416 2.14484096 2.36995673,0.0684844 2.01307869 2.30301809,-0.35582265 2.14054537 2.42043662,-0.01163755 2.07473898 2.29069901,-0.40137073 2.13811207 2.47831059,-0.09732537 2.11523414 2.29379797,-0.18098345 2.13659883 2.31212354,-0.25666508 2.14333487 2.34454203,0.11109583 1.96018767 2.31753206,-0.32086316 2.14153814 2.38904881,0.03897869 2.03500724 2.29626799,-0.37289685 2.1377933 2.44289136,-0.04381847 2.08895659 2.29007769,-0.41483685 2.13801503 2.50273943,-0.1292126 2.1222415 2.29934382,-0.21012108 2.13789749 2.32349372,-0.28144732 2.14113569 2.3610332,0.08493494 1.98676693 2.30728149,-0.34073064 2.13836336 2.40964127,0.00821754 2.05416608 2.29194021,-0.38836247 2.13603783 2.46631122,-0.0761067 2.10048652 2.29194021,-0.42733863 2.13953257 2.52753854,-0.16020769 2.12704206 2.30728149,-0.23765582 2.13777494 2.33701539,0.12424716 1.93066728 2.32349372,-0.30429673 2.13846517 2.37930298,0.05680173 2.01075482 2.29934382,-0.35874626 2.13566756 2.43152905,-0.02335963 2.07054472 2.29007769,-0.40243223 2.13554955 2.4904635,-0.10810085 2.10947442 2.29626799,-0.1900042 2.12990856 2.31753206,-0.26341724 2.13658285 2.3525548,0.09991902 1.95908689 2.31212354,-0.32519782 2.13569355 2.39916992,0.02712667 2.03203845 2.29379797,-0.37504363 2.1337769 2.45449495,-0.05532064 2.08419228 2.29069901,-0.41535902 2.13655567 2.51510811,-0.13942948 2.11611772 2.30301809,-0.21834326 2.13114977 2.32999349,-0.28729242 2.13468671 2.36995673,0.07334813 1.98504817 2.30301809,-0.34419334 2.1331811 2.42043662,-0.00365177 2.05056548 2.29069901,-0.38980594 2.13298583 2.47831059,-0.08724938 2.09521651 2.29379797,-0.16975838 2.12066031 2.31212354,-0.2450183 2.13110185 2.34454203,0.11331301 1.93013012 2.31753206,-0.30922723 2.13245726 2.38904881,0.04495395 2.00839806 2.29626799,-0.36138198 2.13127017 2.44289136,-0.0350963 2.06634521 2.29007769,-0.40326059 2.13354969 2.50273943,-0.11875436 2.10378003 2.29934382,-0.19879718 2.12338734 2.32349372,-0.2698786 2.13012147 2.3610332,0.08848782 1.95796096 2.30728149,-0.32922655 2.13026142 2.40964127,0.01516995 2.02904344 2.29194021,-0.3769151 2.13027573 2.46631122,-0.06677988 2.0794456 2.29194021,-0.41567284 2.13567853 2.52753854,-0.14947656 2.11009574 2.30728149,-0.22630477 2.12461591 2.33701539,-0.29283151 2.12857509 2.37930298,0.06156551 1.98330033 2.29934382,-0.34735274 2.12845278 2.43152905,-0.01556554 2.04695153 2.29007769,-0.3909919 2.13047838 2.4904635,-0.09829449 2.08999252 2.29626799,-0.17909652 2.11442089 2.31753206,-0.25209364 2.1246891 2.3525548,0.10209565 1.92957902 2.31212354,-0.31384343 2.12683249 2.39916992,0.03297053 2.00601435 2.29379797,-0.36372328 2.12736392 2.45449495,-0.04681839 2.06215096 2.29069901,-0.40385374 2.13211751 2.51510811,-0.12925941 2.09816504 2.30301809,-0.20734054 2.11705112 2.32999349,-0.2760331 2.12396693 2.36995673,0.07683063 1.95681286 2.30301809,-0.33293936 2.12525511 2.42043662,0.00313826 2.02602959 2.29069901,-0.3785066 2.12729812 2.47831059,-0.07816774 2.07472873 2.29379797,-0.15932888 2.10419035 2.31212354,-0.23398581 2.11831212 2.34454203,-0.29805088 2.12281656 2.38904881,0.04961637 1.98152792 2.29626799,-0.35020107 2.12418985 2.44289136,-0.02749413 2.04333305 2.29007769,-0.39191738 2.12852144 2.50273943,-0.10921457 2.08482766 2.29934382,-0.18819889 2.10833883 2.32349372,-0.25886428 2.11855268 2.3610332,0.09062297 1.9290154 2.30728149,-0.31813386 2.12160444 2.40964127,0.02088126 2.00360966 2.29194021,-0.36576429 2.12395883 2.46631122,-0.05849674 2.05797243 2.29194021,-0.40421021 2.13125706 2.52753854,-0.13958988 2.09264326 2.30728149,-0.21561307 2.11091566 2.33701539,-0.28186542 2.1181345 2.37930298,0.06497644 1.95564532 2.29934382,-0.33632699 2.12068748 2.43152905,-0.00893849 2.02300453 2.29007769,-0.37981415 2.12485194 2.4904635,-0.08945587 2.07005286 2.29626799,-0.16896193 2.09841657 2.31753206,-0.2413673 2.11225438 2.3525548,-0.30293754 2.11742496 2.39916992,0.03753043 1.97973514 2.29379797,-0.3527312 2.12040329 2.45449495,-0.03940789 2.0397191 2.29069901,-0.39258006 2.12712026 2.51510811,-0.11998248 2.0797348 2.30301809,-0.19704288 2.10242939 2.32999349,-0.26531333 2.11270761 2.36995673,0.07892349 1.92844069 2.30301809,-0.32208782 2.11678672 2.42043662,0.00871618 2.00118995 2.29069901,-0.36749995 2.12106299 2.47831059,-0.07010232 2.05381989 2.29379797,-0.14972007 2.08722854 2.31212354,-0.22359416 2.10499644 2.34454203,-0.28736106 2.11263895 2.38904881,0.05295472 1.95446134 2.29626799,-0.33938104 2.11656952 2.44289136,-0.02103026 2.01997566 2.29007769,-0.38083455 2.12294292 2.50273943,-0.10061622 2.06543016 2.29934382,-0.17835177 2.09278846 2.32349372,-0.24843086 2.10645747 2.3610332,-0.30747929 2.11241388 2.40964127,0.02533772 1.97792649 2.29194021,-0.35493684 2.11710238 2.46631122,-0.05127721 2.03611851 2.29194021,-0.39297837 2.12627816 2.52753854,-0.13057144 2.07472658 2.30728149,-0.20560648 2.09670758 2.33701539,-0.2714248 2.10716844 2.37930298,0.06702629 1.92785621 2.29934382,-0.32569551 2.11239076 2.43152905,-0.00349445 1.99876106 2.29007769,-0.36892596 2.11868382 2.4904635,-0.08160628 2.0497036 2.29626799,-0.15962484 2.08193421 2.31753206,-0.231264 2.09930825 2.3525548,-0.29250637 2.10749364 2.39916992,0.04079537 1.95326364 2.29379797,-0.34209391 2.1129117 2.45449495,-0.03310701 2.01695061 2.29069901,-0.38156518 2.12157583 2.51510811,-0.11162106 2.06087184 2.30301809,-0.18747506 2.08732033 2.32999349,-0.25515896 2.10093594 2.36995673,-0.31166491 2.10779572 2.42043662,0.01306857 1.97610652 2.29069901,-0.35681251 2.11429524 2.47831059,-0.06307257 2.03254056 2.29379797,-0.14095514 2.06981564 2.31212354,-0.21386839 2.091187 2.34454203,-0.2771835 2.10194921 2.38904881,0.05496095 1.9272635 2.29626799,-0.32894793 2.10842752 2.44289136,-0.01572027 1.99632919 2.29007769,-0.37003878 2.11682725 2.50273943,-0.09298003 2.04563403 2.29934382,-0.16927953 2.07677388 2.32349372,-0.2386035 2.09386492 2.3610332,-0.29728854 2.10271144 2.40964127,0.0285286 1.95205557 2.29194021,-0.34445885 2.10972285 2.46631122,-0.04513869 2.01393676 2.29194021,-0.38200432 2.12075448 2.52753854,-0.12244301 2.05638933 2.30728149,-0.1963091 2.08202529 2.33701539,-0.26153487 2.09570336 2.37930298,-0.31548396 2.10358214 2.43152905,0.00075347 1.97427976 2.29007769,-0.35835356 2.11198878 2.4904635,-0.07476465 2.02899384 2.29626799,-0.15110774 2.06501365 2.31753206,-0.22180811 2.08588195 2.3525548,-0.28257507 2.09706235 2.39916992,0.04275748 1.92666399 2.29379797,-0.33183703 2.10490727 2.45449495,-0.0279309 1.99390042 2.29069901,-0.37083563 2.11549783 2.51510811,-0.10419527 2.04162121 2.30301809,-0.17866014 2.0717597 2.32999349,-0.24559443 2.08868003 2.36995673,-0.3016957 2.09830427 2.42043662,0.01618493 1.95083976 2.29069901,-0.34647003 2.10701132 2.47831059,-0.05709541 2.01094174 2.29379797,-0.13305517 2.05199361 2.31212354,-0.20483196 2.07691693 2.34454203,-0.26754272 2.09077287 2.38904881,-0.31892693 2.09978342 2.44289136,-0.01157696 1.97245073 2.29007769,-0.35955614 2.1101892 2.50273943,-0.08632437 2.02548718 2.29934382,-0.16100402 2.06033325 2.32349372,-0.22940587 2.0808053 2.3610332,-0.28758615 2.09252071 2.40964127,0.03044621 1.92605913 2.29194021,-0.33435559 2.10183835 2.46631122,-0.04009598 1.99148059 2.29194021,-0.37131456 2.11469865 2.52753854,-0.11522414 2.0376749 2.30728149,-0.18774335 2.06690454 2.33701539,-0.25221941 2.0837667 2.37930298,-0.3057169 2.0942831 2.43152905,0.00379502 1.94961953 2.29007769,-0.34812236 2.1047833 2.4904635,-0.06894744 2.00797296 2.29626799,-0.14343116 2.04769564 2.31753206,-0.21302241 2.07200766 2.3525548,-0.27316758 2.08615661 2.39916992,-0.32198527 2.09640908 2.45449495,-0.02389206 1.97062397 2.29069901,-0.36041725 2.10890031 2.51510811,-0.09772301 2.0220294 2.30301809,-0.17061935 2.05578542 2.32999349,-0.23664278 2.0759697 2.36995673,-0.29220426 2.08833504 2.42043662,0.01805775 1.92545056 2.29069901,-0.3364974 2.09922862 2.47831059,-0.05218525 1.9890759 2.29379797,-0.12603921 2.03380537 2.31212354,-0.19650659 2.06222057 2.34454203,-0.25846195 2.07913685 2.38904881,-0.30934212 2.09065795 2.44289136,-0.0086103 1.94839764 2.29007769,-0.34941182 2.10304475 2.50273943,-0.08066531 2.00503778 2.29934382,-0.15354517 2.04350638 2.32349372,-0.22086012 2.06731009 2.3610332,-0.27839547 2.08186603 2.40964127,-0.32465139 2.09346747 2.46631122,-0.03616121 1.968804 2.29194021,-0.36093479 2.10812569 2.52753854,-0.10893222 2.01862907 2.30728149,-0.17992987 2.05138183 2.33701539,-0.24350086 2.07138729 2.37930298,-0.29641792 2.08451605 2.43152905,0.00562289 1.92483962 2.29007769,-0.33825707 2.09708428 2.4904635,-0.06416868 1.98669219 2.29626799,-0.13661358 2.03002167 2.31753206,-0.20492807 2.05771923 2.3525548,-0.26430655 2.07480216 2.39916992,-0.31256238 2.08743763 2.45449495,-0.0210002 1.94717741 2.29069901,-0.35033512 2.10179973 2.51510811,-0.09221987 2.00214362 2.30301809,-0.16337208 2.03943586 2.32999349,-0.22832559 2.06283545 2.36995673,-0.28321338 2.07791209 2.42043662,-0.32691866 2.09096575 2.47831059,-0.04835392 1.96699536 2.29379797,-0.11992414 2.01529479 2.31212354,-0.18891238 2.04713345 2.34454203,-0.24996306 2.06706929 2.38904881,-0.30021665 2.08107305 2.44289136,-0.00682744 1.92422807 2.29007769,-0.33963028 2.09541106 2.50273943,-0.07601645 1.98433554 2.29934382,-0.14692098 2.02633381 2.32349372,-0.21298684 2.05341172 2.3610332,-0.26973864 2.07077336 2.40964127,-0.31536961 2.08463049 2.46631122,-0.03334387 1.94596159 2.29194021,-0.35089004 2.10105157 2.52753854,-0.10358243 1.99929738 2.30728149,-0.17288744 2.03549457 2.33701539,-0.23540026 2.05859494 2.37930298,-0.28760937 2.07430458 2.43152905,-0.32878143 2.08891058 2.4904635,-0.06043987 1.96520257 2.29626799,-0.13067143 2.01203465 2.31753206,-0.19754457 2.04305077 2.3525548,-0.2560133 2.06302667 2.39916992,-0.30359101 2.07801461 2.45449495,-0.01926229 1.92361712 2.29069901,-0.34061357 2.09421301 2.51510811,-0.08769912 1.9820118 2.30301809,-0.15693577 2.02275038 2.32999349,-0.22066288 2.04930878 2.36995673,-0.27474478 2.06706071 2.42043662,-0.31775689 2.0822432 2.47831059,-0.04561064 1.94475341 2.29379797,-0.11472471 1.99650645 2.31212354,-0.1820676 2.03169203 2.34454203,-0.24206653 2.05459929 2.38904881,-0.29157245 2.07105207 2.44289136,-0.33023506 2.08730674 2.50273943,-0.072389 1.96343005 2.29934382,-0.14114738 2.00885677 2.32349372,-0.205805 2.0391438 2.3610332,-0.26163656 2.05926943 2.40964127,-0.30653262 2.07534862 2.46631122,-0.03165076 1.92300856 2.29194021,-0.34120452 2.09349275 2.52753854,-0.09918763 1.97972655 2.30728149,-0.16663307 2.01928067 2.33701539,-0.22793709 2.04542065 2.37930298,-0.27931249 2.06367302 2.43152905,-0.31971827 2.08028173 2.4904635,-0.05777 1.94355583 2.29626799,-0.12561902 1.99377751 2.31753206,-0.19088973 2.02803755 2.3525548,-0.24830785 2.0508585 2.39916992,-0.29509282 2.06816292 2.45449495,-0.33127597 2.08615828 2.51510811,-0.08417162 1.96168232 2.30301809,-0.15132593 2.00576901 2.32999349,-0.21367311 2.03542256 2.36995673,-0.26681882 2.05580664 2.42043662,-0.30903417 2.07308125 2.47831059,-0.04396202 1.92240369 2.29379797,-0.11045344 1.97748566 2.31212354,-0.17598875 2.01593304 2.34454203,-0.2347914 2.04175687 2.38904881,-0.2834304 2.06061888 2.44289136,-0.32124886 2.07875109 2.50273943,-0.06979171 1.94237185 2.29934382,-0.13623828 1.9911176 2.32349372,-0.19933191 2.0245409 2.3610332,-0.2541087 2.04738164 2.40964127,-0.29816172 2.0656445 2.46631122,-0.33190155 2.08546805 2.52753854,-0.09575844 1.95996356 2.30728149,-0.16118179 2.00277948 2.33701539,-0.22112934 2.03189611 2.37930298,-0.27154726 2.05264735 2.43152905,-0.31108943 2.07121849 2.4904635,-0.0561655 1.92180419 2.29626799,-0.12146854 1.97529459 2.31753206,-0.18497956 2.01271605 2.3525548,-0.24120875 2.03832674 2.39916992,-0.28708827 2.05790615 2.45449495,-0.32234487 2.07765508 2.51510811,-0.0816459 1.94120431 2.30301809,-0.14655608 1.98853314 2.32999349,-0.20737314 2.02120996 2.36995673,-0.25945464 2.04417729 2.42043662,-0.3007715 2.06350255 2.47831059,-0.10712063 1.95827818 2.31212354,-0.17069046 1.99989498 2.34454203,-0.22815517 2.02857304 2.38904881,-0.27581006 2.04979897 2.44289136,-0.31269327 2.06976485 2.50273943,-0.06823083 1.92121148 2.29934382,-0.13220552 1.97315884 2.32349372,-0.19358315 2.00963759 2.3610332,-0.24717321 2.03513885 2.40964127,-0.29027706 2.05554104 2.46631122,-0.32300356 2.07699633 2.52753854,-0.09330309 1.9400562 2.30728149,-0.15654677 1.98603058 2.33701539,-0.21499343 2.01805353 2.37930298,-0.26433238 2.04125381 2.43152905,-0.30291566 2.06174302 2.4904635,-0.11822996 1.95663023 2.31753206,-0.1798283 1.997123 2.3525548,-0.2347331 2.02546191 2.39916992,-0.27959666 2.04726887 2.45449495,-0.31384173 2.06872392 2.51510811,-0.08012803 1.920627 2.30301809,-0.1426377 1.97108376 2.32999349,-0.20177813 2.00670552 2.36995673,-0.25266993 2.03220057 2.42043662,-0.29298878 2.05352998 2.47831059,-0.10473429 1.93893027 2.31212354,-0.16618553 1.98361623 2.34454203,-0.22217384 2.01507926 2.38904881,-0.26872984 2.03861809 2.44289136,-0.30458891 2.06036973 2.50273943,-0.12905881 1.95502388 2.32349372,-0.18857257 1.99447048 2.3610332,-0.24084681 2.02257037 2.40964127,-0.28289762 2.04506326 2.46631122,-0.31453195 2.06809855 2.52753854,-0.09182751 1.92005217 2.30728149,-0.15273917 1.96907449 2.33701539,-0.20954412 2.00392675 2.37930298,-0.25768527 2.02952003 2.43152905,-0.29521671 2.05187774 2.4904635,-0.1159111 1.93782949 2.31753206,-0.17544836 1.98129594 2.3525548,-0.22889651 2.01229477 2.39916992,-0.272636 2.03627682 2.45449495,-0.30578706 2.05938649 2.51510811,-0.13958025 1.9534632 2.32999349,-0.19690156 1.99194396 2.36995673,-0.24648108 2.01990557 2.42043662,-0.28570476 2.04318738 2.47831059,-0.10330019 1.91948867 2.31212354,-0.16248477 1.96713591 2.34454203,-0.21686181 2.00130844 2.38904881,-0.26220673 2.02710319 2.44289136,-0.29695532 2.05058813 2.50273943,-0.12680572 1.93675637 2.32349372,-0.18431225 1.97907567 2.3610332,-0.23514473 2.00970674 2.40964127,-0.27604124 2.03423572 2.46631122,-0.30650717 2.05879545 2.52753854,-0.14976813 1.95195198 2.33701539,-0.20479454 1.98954964 2.37930298,-0.2516219 2.01747417 2.43152905,-0.2880111 2.04164648 2.4904635,-0.11451755 1.91893756 2.31753206,-0.17185029 1.96527302 2.3525548,-0.22371303 1.99885702 2.39916992,-0.2662231 2.02495646 2.45449495,-0.29820028 2.04966497 2.51510811,-0.13739108 1.93571389 2.32999349,-0.19275518 1.97696078 2.36995673,-0.24090298 2.0073216 2.42043662,-0.27893701 2.03250003 2.47831059,-0.15959711 1.95049405 2.34454203,-0.21223189 1.98729348 2.38904881,-0.25625652 2.01528215 2.44289136,-0.2898109 2.0404439 2.50273943,-0.1254517 1.91840041 2.32349372,-0.18081246 1.96349037 2.3610332,-0.23008071 1.99657869 2.40964127,-0.26972437 2.02308488 2.46631122,-0.2989485 2.04910994 2.52753854,-0.14764084 1.9347043 2.33701539,-0.20075613 1.97495663 2.37930298,-0.2461569 2.00514531 2.43152905,-0.28131619 2.03107405 2.4904635,-0.16904277 1.94909286 2.3525548,-0.21919513 1.98518121 2.39916992,-0.26037338 2.01333499 2.45449495,-0.29109967 2.03958273 2.51510811,-0.13607545 1.91787851 2.32999349,-0.18934898 1.96179235 2.36995673,-0.23594904 1.99447894 2.42043662,-0.27270183 2.02149343 2.47831059,-0.15752952 1.93373036 2.34454203,-0.20829524 1.97306824 2.38904881,-0.25089347 2.00318336 2.44289136,-0.28317282 2.02996111 2.50273943,-0.17808162 1.94775212 2.3610332,-0.22566696 1.98321807 2.40964127,-0.26396224 2.01163745 2.46631122,-0.2918742 2.03906512 2.52753854,-0.14636241 1.91737306 2.33701539,-0.19743864 1.96018314 2.37930298,-0.24130344 1.99256313 2.43152905,-0.27514809 2.02018595 2.4904635,-0.16703254 1.93279445 2.3525548,-0.21535373 1.97130013 2.39916992,-0.25510094 2.00144053 2.45449495,-0.2845023 2.02916431 2.51510811,-0.18669116 1.94647503 2.36995673,-0.23163125 1.98140872 2.42043662,-0.26701424 2.01019406 2.47831059,-0.15628697 1.9168855 2.34454203,-0.20506132 1.95866692 2.38904881,-0.24613059 1.99083591 2.44289136,-0.27705711 2.01916552 2.50273943,-0.17612629 1.93189883 2.3610332,-0.22191408 1.96965694 2.40964127,-0.25876877 1.9999212 2.46631122,-0.2853013 2.02868557 2.52753854,-0.19485004 1.9452647 2.37930298,-0.2370732 1.97975802 2.43152905,-0.26952171 2.00900817 2.4904635,-0.16582447 1.916417 2.3525548,-0.21219806 1.95724738 2.39916992,-0.25041848 1.98930168 2.45449495,-0.27842405 2.01843476 2.51510811,-0.18478814 1.93104565 2.36995673,-0.22795996 1.96814251 2.42043662,-0.26188791 1.99862921 2.47831059,-0.20253794 1.94412434 2.38904881,-0.24197927 1.9782697 2.44289136,-0.27147847 2.00808263 2.50273943,-0.17495121 1.91596866 2.3610332,-0.21883114 1.95592797 2.40964127,-0.25415644 1.98796427 2.46631122,-0.27924562 2.0179956 2.52753854,-0.19299658 1.93023717 2.37930298,-0.23347637 1.96676075 2.43152905,-0.26445055 1.99756777 2.4904635,-0.20973574 1.94305658 2.39916992,-0.24633728 1.97694778 2.45449495,-0.27287966 2.00741982 2.51510811,-0.18364449 1.91554153 2.36995673,-0.22494406 1.95471203 2.42043662,-0.25733522 1.9868269 2.47831059,-0.20073116 1.92947543 2.38904881,-0.23844956 1.96551502 2.44289136,-0.26645038 1.99673939 2.50273943,-0.21642557 1.94206429 2.40964127,-0.25013638 1.97579527 2.46631122,-0.27372175 2.00702167 2.52753854,-0.1918827 1.91513681 2.37930298,-0.2305216 1.95360255 2.43152905,-0.25994685 1.98589242 2.4904635,-0.20797269 1.9287622 2.39916992,-0.24286717 1.9644084 2.45449495,-0.26788238 1.99614632 2.51510811,-0.22259079 1.94114971 2.42043662,-0.25336713 1.97481525 2.47831059,-0.19964536 1.91475546 2.38904881,-0.23554994 1.95260239 2.44289136,-0.26198491 1.98516321 2.50273943,-0.21470314 1.92809927 2.40964127,-0.24671824 1.96344376 2.46631122,-0.26874301 1.99578977 2.52753854,-0.22821605 1.94031537 2.43152905,-0.25602147 1.97401011 2.4904635,-0.20691316 1.91439843 2.39916992,-0.24001653 1.95171392 2.45449495,-0.2634443 1.98464096 2.51510811,-0.22090581 1.92748833 2.42043662,-0.24999319 1.96262348 2.47831059,-0.23328739 1.93956304 2.44289136,-0.25809285 1.97338176 2.50273943,-0.21366803 1.91406655 2.40964127,-0.2439103 1.95093942 2.46631122,-0.26432139 1.9843272 2.52753854,-0.22656526 1.92693102 2.43152905,-0.25268385 1.96194947 2.4904635,-0.23779221 1.93889487 2.45449495,-0.25957611 1.97293174 2.51510811,-0.2198932 1.91376078 2.42043662,-0.24722154 1.95028079 2.47831059,-0.2316674 1.92642844 2.44289136,-0.25478357 1.96142352 2.50273943,-0.24171929 1.93831229 2.46631122,-0.26046753 1.97266138 2.52753854,-0.22557318 1.91348171 2.43152905,-0.24994205 1.94973958 2.4904635,-0.23619957 1.92598212 2.45449495,-0.2562871 1.96104693 2.51510811,-0.24505886 1.93781698 2.47831059,-0.23069383 1.91323018 2.44289136,-0.25206503 1.94931734 2.50273943,-0.2401505 1.9255929 2.46631122,-0.25719073 1.96082056 2.52753854,-0.24780264 1.93741 2.4904635,-0.23524246 1.91300666 2.45449495,-0.25358525 1.9490149 2.51510811,-0.24351037 1.92526197 2.47831059,-0.24994381 1.9370923 2.50273943,-0.23920771 1.91281188 2.46631122,-0.25449887 1.94883323 2.52753854,-0.24627081 1.92499018 2.4904635,-0.251477 1.93686485 2.51510811,-0.24257977 1.91264629 2.47831059,-0.24842498 1.92477798 2.50273943,-0.25239846 1.93672824 2.52753854,-0.24535023 1.91251016 2.4904635,-0.2499675 1.92462599 2.51510811,-0.24751221 1.91240394 2.50273943,-0.25089455 1.9245348 2.52753854,-0.24906033 1.91232789 2.51510811,-0.24999075 1.91228211 2.52753854,-1.10000002 2.1500001 2.53999996,-1.10000002 2.15031075 2.52753854,-1.10000002 2.15124226 2.51510811,-1.10000002 2.15279222 2.50273943,-1.10000002 2.15495682 2.4904635,-1.10000002 2.15773058 2.47831059,-1.10000002 2.16110682 2.46631122,-1.10000002 2.16507673 2.45449495,-1.10000002 2.169631 2.44289136,-1.10000002 2.17475772 2.43152905,-1.10000002 2.18044472 2.42043662,-1.10000002 2.18667722 2.40964127,-1.10000002 2.1934402 2.39916992,-1.10000002 2.20071697 2.38904881,-1.10000002 2.20848894 2.37930298,-1.10000002 2.21673703 2.36995673,-1.10000002 2.22544074 2.3610332,-1.10000002 2.23457861 2.3525548,-1.10000002 2.24412751 2.34454203,-1.10000002 2.25406408 2.33701539,-1.10000002 2.26436353 2.32999349,-1.10000002 2.2750001 2.32349372,-1.10000002 2.28594732 2.31753206,-1.10000002 2.29717827 2.31212354,-1.10000002 2.3086648 2.30728149,-1.10000002 2.3203783 2.30301809,-1.10000002 2.33228993 2.29934382,-1.10000002 2.34436965 2.29626799,-1.10000002 2.35658789 2.29379797,-1.10000002 2.36891413 2.29194021,-1.10000002 2.38131738 2.29069901,-1.10000002 2.39376736 2.29007769,-1.10000002 2.4062326 2.29007769,-1.10000002 2.41868258 2.29069901,-1.10000002 2.43108582 2.29194021,-1.10000002 2.44341207 2.29379797,-1.10000002 2.4556303 2.29626799,-1.10000002 2.46771002 2.29934382,-1.10000002 2.47962165 2.30301809,-1.10000002 2.49133515 2.30728149,-1.10000002 2.50282168 2.31212354,-1.10000002 2.51405263 2.31753206,-1.10000002 2.5250001 2.32349372,-1.10000002 2.53563666 2.32999349,-1.10000002 2.54593587 2.33701539,-1.10000002 2.55587244 2.34454203,-1.10000002 2.56542134 2.3525548,-1.10000002 2.57455921 2.3610332,-1.10000002 2.58326292 2.36995673,-1.10000002 2.59151101 2.37930298,-1.10000002 2.59928322 2.38904881,-1.10000002 2.60655975 2.39916992,-1.10000002 2.61332273 2.40964127,-1.10000002 2.61955547 2.42043662,-1.10000002 2.62524223 2.43152905,-1.10000002 2.63036895 2.44289136,-1.10000002 2.63492322 2.45449495,-1.10000002 2.63889313 2.46631122,-1.10000002 2.64226937 2.47831059,-1.10000002 2.64504313 2.4904635,-1.10000002 2.64720774 2.50273943,-1.10000002 2.6487577 2.51510811,-1.10000002 2.6496892 2.52753854,-1.10000002 2.6500001 2.53999996,-1.10000002 2.6496892 2.55246139,-1.10000002 2.6487577 2.56489205,-1.10000002 2.64720774 2.57726049,-1.10000002 2.64504313 2.58953643,-1.10000002 2.64226937 2.60168934,-1.10000002 2.63889313 2.61368871,-1.10000002 2.63492322 2.62550497,-1.10000002 2.63036895 2.6371088,-1.10000002 2.62524223 2.64847088,-1.10000002 2.61955547 2.65956354,-1.10000002 2.61332273 2.6703589,-1.10000002 2.60655975 2.68083,-1.10000002 2.59928322 2.69095111,-1.10000002 2.59151101 2.70069695,-1.10000002 2.58326292 2.71004319,-1.10000002 2.57455921 2.71896672,-1.10000002 2.56542134 2.72744536,-1.10000002 2.55587244 2.7354579,-1.10000002 2.54593587 2.74298453,-1.10000002 2.53563666 2.75000644,-1.10000002 2.5250001 2.75650644,-1.10000002 2.51405263 2.76246786,-1.10000002 2.50282168 2.76787639,-1.10000002 2.49133515 2.77271843,-1.10000002 2.47962165 2.77698183,-1.10000002 2.46771002 2.7806561,-1.10000002 2.4556303 2.78373194,-1.10000002 2.44341207 2.78620195,-1.10000002 2.43108582 2.78805971,-1.10000002 2.41868258 2.78930092,-1.10000002 2.4062326 2.78992224,-1.10000002 2.39376736 2.78992224,-1.10000002 2.38131738 2.78930092,-1.10000002 2.36891413 2.78805971,-1.10000002 2.35658789 2.78620195,-1.10000002 2.34436965 2.78373194,-1.10000002 2.33228993 2.7806561,-1.10000002 2.3203783 2.77698183,-1.10000002 2.3086648 2.77271843,-1.10000002 2.29717827 2.76787639,-1.10000002 2.28594732 2.76246786,-1.10000002 2.2750001 2.75650644,-1.10000002 2.26436353 2.75000644,-1.10000002 2.25406408 2.74298453,-1.10000002 2.24412751 2.7354579,-1.10000002 2.23457861 2.72744536,-1.10000002 2.22544074 2.71896672,-1.10000002 2.21673703 2.71004319,-1.10000002 2.20848894 2.70069695,-1.10000002 2.20071697 2.69095111,-1.10000002 2.1934402 2.68083,-1.10000002 2.18667722 2.6703589,-1.10000002 2.18044472 2.65956354,-1.10000002 2.17475772 2.64847088,-1.10000002 2.169631 2.6371088,-1.10000002 2.16507673 2.62550497,-1.10000002 2.16110682 2.61368871,-1.10000002 2.15773058 2.60168934,-1.10000002 2.15495682 2.58953643,-1.10000002 2.15279222 2.57726049,-1.10000002 2.15124226 2.56489205,-1.10000002 2.15031075 2.55246139,-0.24968924 -2.70000005 -0.01246147,-0.25 -2.70000005 -0,-0.25 1.89999998 0,-0.24968924 1.89999998 -0.01246147,-0.24875769 -2.70000005 -0.02489196,-0.24875769 1.89999998 -0.02489196,-0.2472077 -2.70000005 -0.03726057,-0.2472077 1.89999998 -0.03726057,-0.24504313 -2.70000005 -0.04953654,-0.24504313 1.89999998 -0.04953654,-0.24226932 -2.70000005 -0.06168935,-0.24226932 1.89999998 -0.06168935,-0.2388932 -2.70000005 -0.07368879,-0.2388932 1.89999998 -0.07368879,-0.23492315 -2.70000005 -0.08550504,-0.23492315 1.89999998 -0.08550504,-0.23036905 -2.70000005 -0.0971087,-0.23036905 1.89999998 -0.0971087,-0.22524221 -2.70000005 -0.10847093,-0.22524221 1.89999998 -0.10847093,-0.21955539 -2.70000005 -0.1195635,-0.21955539 1.89999998 -0.1195635,-0.21332271 -2.70000005 -0.1303588,-0.21332271 1.89999998 -0.1303588,-0.20655969 -2.70000005 -0.14083001,-0.20655969 1.89999998 -0.14083001,-0.19928312 -2.70000005 -0.1509511,-0.19928312 1.89999998 -0.1509511,-0.19151111 -2.70000005 -0.16069691,-0.19151111 1.89999998 -0.16069691,-0.18326297 1.89999998 -0.17004319,-0.18326297 -2.70000005 -0.17004319,-0.17455921 -2.70000005 -0.17896672,-0.17455921 1.89999998 -0.17896672,-0.16542146 -2.70000005 -0.1874453,-0.16542146 1.89999998 -0.1874453,-0.15587245 -2.70000005 -0.19545788,-0.15587245 1.89999998 -0.19545788,-0.14593592 1.89999998 -0.2029845,-0.14593592 -2.70000005 -0.2029845,-0.13563657 -2.70000005 -0.21000648,-0.13563657 1.89999998 -0.21000648,-0.125 1.89999998 -0.21650635,-0.125 -2.70000005 -0.21650635,-0.11405266 -2.70000005 -0.22246796,-0.11405266 1.89999998 -0.22246796,-0.10282177 1.89999998 -0.22787647,-0.10282177 -2.70000005 -0.22787647,-0.09133526 -2.70000005 -0.23271844,-0.09133526 1.89999998 -0.23271844,-0.07962167 -2.70000005 -0.23698184,-0.07962167 1.89999998 -0.23698184,-0.06771012 1.89999998 -0.24065606,-0.06771012 -2.70000005 -0.24065606,-0.05563023 -2.70000005 -0.24373198,-0.05563023 1.89999998 -0.24373198,-0.04341204 -2.70000005 -0.24620193,-0.04341204 1.89999998 -0.24620193,-0.03108593 1.89999998 -0.24805979,-0.03108593 -2.70000005 -0.24805979,-0.01868252 -2.70000005 -0.24930096,-0.01868252 1.89999998 -0.24930096,-0.00623267 -2.70000005 -0.24992229,-0.00623267 1.89999998 -0.24992229,0.00623267 1.89999998 -0.24992229,0.00623267 -2.70000005 -0.24992229,0.01868252 -2.70000005 -0.24930096,0.01868252 1.89999998 -0.24930096,0.03108593 1.89999998 -0.24805979,0.03108593 -2.70000005 -0.24805979,0.04341204 -2.70000005 -0.24620193,0.04341204 1.89999998 -0.24620193,0.05563023 -2.70000005 -0.24373198,0.05563023 1.89999998 -0.24373198,0.06771012 1.89999998 -0.24065606,0.06771012 -2.70000005 -0.24065606,0.07962167 1.89999998 -0.23698184,0.07962167 -2.70000005 -0.23698184,0.09133526 -2.70000005 -0.23271844,0.09133526 1.89999998 -0.23271844,0.10282177 1.89999998 -0.22787647,0.10282177 -2.70000005 -0.22787647,0.11405266 -2.70000005 -0.22246796,0.11405266 1.89999998 -0.22246796,0.125 1.89999998 -0.21650635,0.125 -2.70000005 -0.21650635,0.13563657 -2.70000005 -0.21000648,0.13563657 1.89999998 -0.21000648,0.14593592 -2.70000005 -0.2029845,0.14593592 1.89999998 -0.2029845,0.15587245 -2.70000005 -0.19545788,0.15587245 1.89999998 -0.19545788,0.16542146 -2.70000005 -0.1874453,0.16542146 1.89999998 -0.1874453,0.17455921 -2.70000005 -0.17896672,0.17455921 1.89999998 -0.17896672,0.18326297 -2.70000005 -0.17004319,0.18326297 1.89999998 -0.17004319,0.19151111 -2.70000005 -0.16069691,0.19151111 1.89999998 -0.16069691,0.19928312 1.89999998 -0.1509511,0.19928312 -2.70000005 -0.1509511,0.20655969 -2.70000005 -0.14083001,0.20655969 1.89999998 -0.14083001,0.21332271 -2.70000005 -0.1303588,0.21332271 1.89999998 -0.1303588,0.21955539 -2.70000005 -0.1195635,0.21955539 1.89999998 -0.1195635,0.22524221 -2.70000005 -0.10847093,0.22524221 1.89999998 -0.10847093,0.23036905 -2.70000005 -0.0971087,0.23036905 1.89999998 -0.0971087,0.23492315 1.89999998 -0.08550504,0.23492315 -2.70000005 -0.08550504,0.2388932 1.89999998 -0.07368879,0.2388932 -2.70000005 -0.07368879,0.24226932 -2.70000005 -0.06168935,0.24226932 1.89999998 -0.06168935,0.24504313 1.89999998 -0.04953654,0.24504313 -2.70000005 -0.04953654,0.2472077 -2.70000005 -0.03726057,0.2472077 1.89999998 -0.03726057,0.24875769 -2.70000005 -0.02489196,0.24875769 1.89999998 -0.02489196,0.24968924 -2.70000005 -0.01246147,0.24968924 1.89999998 -0.01246147,0.25 -2.70000005 0,0.25 1.89999998 0,0.24968924 -2.70000005 0.01246147,0.24968924 1.89999998 0.01246147,0.24875769 -2.70000005 0.02489196,0.24875769 1.89999998 0.02489196,0.2472077 -2.70000005 0.03726057,0.2472077 1.89999998 0.03726057,0.24504313 1.89999998 0.04953654,0.24504313 -2.70000005 0.04953654,0.24226932 1.89999998 0.06168935,0.24226932 -2.70000005 0.06168935,0.2388932 1.89999998 0.07368879,0.2388932 -2.70000005 0.07368879,0.23492315 -2.70000005 0.08550504,0.23492315 1.89999998 0.08550504,0.23036905 -2.70000005 0.0971087,0.23036905 1.89999998 0.0971087,0.22524221 -2.70000005 0.10847093,0.22524221 1.89999998 0.10847093,0.21955539 -2.70000005 0.1195635,0.21955539 1.89999998 0.1195635,0.21332271 -2.70000005 0.1303588,0.21332271 1.89999998 0.1303588,0.20655969 -2.70000005 0.14083001,0.20655969 1.89999998 0.14083001,0.19928312 1.89999998 0.1509511,0.19928312 -2.70000005 0.1509511,0.19151111 -2.70000005 0.16069691,0.19151111 1.89999998 0.16069691,0.18326297 -2.70000005 0.17004319,0.18326297 1.89999998 0.17004319,0.17455921 1.89999998 0.17896672,0.17455921 -2.70000005 0.17896672,0.16542146 -2.70000005 0.1874453,0.16542146 1.89999998 0.1874453,0.15587245 -2.70000005 0.19545788,0.15587245 1.89999998 0.19545788,0.14593592 -2.70000005 0.2029845,0.14593592 1.89999998 0.2029845,0.13563657 -2.70000005 0.21000648,0.13563657 1.89999998 0.21000648,0.125 1.89999998 0.21650635,0.125 -2.70000005 0.21650635,0.11405266 -2.70000005 0.22246796,0.11405266 1.89999998 0.22246796,0.10282177 -2.70000005 0.22787647,0.10282177 1.89999998 0.22787647,0.09133526 1.89999998 0.23271844,0.09133526 -2.70000005 0.23271844,0.07962167 -2.70000005 0.23698184,0.07962167 1.89999998 0.23698184,0.06771012 -2.70000005 0.24065606,0.06771012 1.89999998 0.24065606,0.05563023 -2.70000005 0.24373198,0.05563023 1.89999998 0.24373198,0.04341204 -2.70000005 0.24620193,0.04341204 1.89999998 0.24620193,0.03108593 -2.70000005 0.24805979,0.03108593 1.89999998 0.24805979,0.01868252 -2.70000005 0.24930096,0.01868252 1.89999998 0.24930096,0.00623267 -2.70000005 0.24992229,0.00623267 1.89999998 0.24992229,-0.00623267 1.89999998 0.24992229,-0.00623267 -2.70000005 0.24992229,-0.01868252 1.89999998 0.24930096,-0.01868252 -2.70000005 0.24930096,-0.03108593 -2.70000005 0.24805979,-0.03108593 1.89999998 0.24805979,-0.04341204 -2.70000005 0.24620193,-0.04341204 1.89999998 0.24620193,-0.05563023 -2.70000005 0.24373198,-0.05563023 1.89999998 0.24373198,-0.06771012 -2.70000005 0.24065606,-0.06771012 1.89999998 0.24065606,-0.07962167 -2.70000005 0.23698184,-0.07962167 1.89999998 0.23698184,-0.09133526 -2.70000005 0.23271844,-0.09133526 1.89999998 0.23271844,-0.10282177 -2.70000005 0.22787647,-0.10282177 1.89999998 0.22787647,-0.11405266 1.89999998 0.22246796,-0.11405266 -2.70000005 0.22246796,-0.125 -2.70000005 0.21650635,-0.125 1.89999998 0.21650635,-0.13563657 -2.70000005 0.21000648,-0.13563657 1.89999998 0.21000648,-0.14593592 -2.70000005 0.2029845,-0.14593592 1.89999998 0.2029845,-0.15587245 1.89999998 0.19545788,-0.15587245 -2.70000005 0.19545788,-0.16542146 -2.70000005 0.1874453,-0.16542146 1.89999998 0.1874453,-0.17455921 -2.70000005 0.17896672,-0.17455921 1.89999998 0.17896672,-0.18326297 1.89999998 0.17004319,-0.18326297 -2.70000005 0.17004319,-0.19151111 -2.70000005 0.16069691,-0.19151111 1.89999998 0.16069691,-0.19928312 1.89999998 0.1509511,-0.19928312 -2.70000005 0.1509511,-0.20655969 -2.70000005 0.14083001,-0.20655969 1.89999998 0.14083001,-0.21332271 -2.70000005 0.1303588,-0.21332271 1.89999998 0.1303588,-0.21955539 -2.70000005 0.1195635,-0.21955539 1.89999998 0.1195635,-0.22524221 -2.70000005 0.10847093,-0.22524221 1.89999998 0.10847093,-0.23036905 1.89999998 0.0971087,-0.23036905 -2.70000005 0.0971087,-0.23492315 1.89999998 0.08550504,-0.23492315 -2.70000005 0.08550504,-0.2388932 -2.70000005 0.07368879,-0.2388932 1.89999998 0.07368879,-0.24226932 -2.70000005 0.06168935,-0.24226932 1.89999998 0.06168935,-0.24504313 -2.70000005 0.04953654,-0.24504313 1.89999998 0.04953654,-0.2472077 -2.70000005 0.03726057,-0.2472077 1.89999998 0.03726057,-0.24875769 -2.70000005 0.02489196,-0.24875769 1.89999998 0.02489196,-0.24968924 -2.70000005 0.01246147,-0.24968924 1.89999998 0.01246147,-0.25030112 1.91226697 0,-0.48771784 2.15000916 0.01246147,-0.5 2.1500001 0,-0.4877331 2.14969897 0,-0.5 2.15031075 0.01246147,-0.48767212 2.1509397 0.02489196,-0.5 2.15124226 0.02489196,-0.47546527 2.14910555 0.01246147,-0.47549573 2.14879608 0,-0.48759606 2.15248775 0.03726057,-0.5 2.15279222 0.03726057,-0.47537395 2.15003252 0.02489196,-0.48748985 2.15464973 0.04953654,-0.5 2.15495682 0.04953654,-0.4632718 2.1476016 0.01246147,-0.46331739 2.14729404 0,-0.47522202 2.15157509 0.03726057,-0.48735374 2.15742016 0.06168935,-0.5 2.15773058 0.06168935,-0.46313509 2.14852309 0.02489196,-0.47500986 2.1537292 0.04953654,-0.45116678 2.14550114 0.01246147,-0.45122743 2.14519644 0,-0.4871881 2.16079235 0.07368879,-0.5 2.16110682 0.07368879,-0.46290767 2.15005612 0.03726057,-0.47473797 2.15648961 0.06168935,-0.45098504 2.14641476 0.02489196,-0.48699328 2.16475749 0.08550504,-0.5 2.16507673 0.08550504,-0.46259007 2.15219736 0.04953654,-0.43917945 2.14280915 0.01246147,-0.43925497 2.14250779 0,-0.47440705 2.15984941 0.07368879,-0.45068267 2.14793491 0.03726057,-0.48676983 2.16930628 0.0971087,-0.5 2.169631 0.0971087,-0.46218306 2.15494108 0.06168935,-0.4389531 2.143713 0.02489196,-0.47401792 2.16380048 0.08550504,-0.45026037 2.15005803 0.04953654,-0.48651826 2.17442679 0.10847093,-0.5 2.17475772 0.10847093,-0.42733863 2.13953257 0.01246147,-0.42742884 2.13923502 0,-0.46168768 2.15828061 0.07368879,-0.43857649 2.14521646 0.03726057,-0.47357154 2.16833258 0.0971087,-0.44971925 2.15277839 0.06168935,-0.48623922 2.18010688 0.1195635,-0.5 2.18044472 0.1195635,-0.4270682 2.14042401 0.02489196,-0.46110514 2.16220784 0.08550504,-0.43805054 2.14731622 0.04953654,-0.47306904 2.17343473 0.10847093,-0.41567284 2.13567853 0.01246147,-0.41577753 2.13538599 0,-0.44906059 2.15608978 0.07368879,-0.48593342 2.18633199 0.1303588,-0.5 2.18667722 0.1303588,-0.42661828 2.14190722 0.03726057,-0.46043691 2.16671252 0.0971087,-0.43737656 2.15000677 0.06168935,-0.47251162 2.17909408 0.1195635,-0.41535902 2.13655567 0.02489196,-0.44828609 2.1599834 0.08550504,-0.48560157 2.19308686 0.14083001,-0.5 2.1934402 0.14083001,-0.42598993 2.1439786 0.04953654,-0.45968467 2.17178392 0.10847093,-0.40421021 2.13125706 0.01246147,-0.40432915 2.13097 0,-0.43655622 2.15328169 0.07368879,-0.4719007 2.18529677 0.1303588,-0.41483685 2.13801503 0.03726057,-0.44739762 2.16445017 0.0971087,-0.48524451 2.20035458 0.1509511,-0.5 2.20071697 0.1509511,-0.42518473 2.14663291 0.06168935,-0.45885023 2.17740917 0.1195635,-0.40385374 2.13211751 0.02489196,-0.43559158 2.15713286 0.08550504,-0.47123781 2.19202733 0.14083001,-0.41410762 2.14005303 0.04953654,-0.44639742 2.16947842 0.10847093,-0.48486316 2.20811725 0.16069691,-0.5 2.20848894 0.16069691,-0.39297837 2.12627816 0.01246147,-0.39311123 2.1259973 0,-0.42420471 2.14986372 0.07368879,-0.45793572 2.18357444 0.1303588,-0.40326059 2.13354969 0.03726057,-0.43448502 2.16155052 0.0971087,-0.47052458 2.19926882 0.1509511,-0.41317314 2.14266491 0.06168935,-0.44528797 2.17505598 0.1195635,-0.48445845 2.21635556 0.17004319,-0.5 2.21673703 0.17004319,-0.39258006 2.12712026 0.02489196,-0.42305225 2.15366268 0.08550504,-0.45694336 2.19026423 0.14083001,-0.40243223 2.13554955 0.04953654,-0.43323931 2.16652369 0.10847093,-0.4697628 2.20700336 0.16069691,-0.38200432 2.12075448 0.01246147,-0.38215083 2.1204803 0,-0.41203576 2.14584351 0.07368879,-0.44407204 2.18116879 0.1303588,-0.48403138 2.22504878 0.17896672,-0.5 2.22544074 0.17896672,-0.39191738 2.12852144 0.03726057,-0.42173028 2.15802073 0.0971087,-0.45587566 2.19746208 0.1509511,-0.40137073 2.13811207 0.06168935,-0.43185753 2.17203999 0.1195635,-0.46895435 2.21521187 0.17004319,-0.38156518 2.12157583 0.02489196,-0.41069829 2.14958143 0.08550504,-0.44275263 2.18780184 0.14083001,-0.483583 2.23417544 0.1874453,-0.5 2.23457861 0.1874453,-0.3909919 2.13047838 0.04953654,-0.42024201 2.16292691 0.10847093,-0.45473528 2.20514989 0.16069691,-0.37131456 2.11469865 0.01246147,-0.37147433 2.1144321 0,-0.40007874 2.1412313 0.07368879,-0.43034309 2.1780858 0.1303588,-0.46810123 2.22387362 0.17896672,-0.38083455 2.12294292 0.03726057,-0.40916407 2.15386939 0.0971087,-0.44133306 2.19493866 0.1509511,-0.48311445 2.24371314 0.19545788,-0.5 2.24412751 0.19545788,-0.38980594 2.13298583 0.06168935,-0.41859123 2.16836882 0.1195635,-0.45352504 2.21330881 0.17004319,-0.37083563 2.11549783 0.02489196,-0.39855948 2.14489913 0.08550504,-0.42869982 2.18464637 0.14083001,-0.46720555 2.23296738 0.1874453,-0.37981415 2.12485194 0.04953654,-0.40743688 2.15869665 0.10847093,-0.4398168 2.20256138 0.16069691,-0.48262689 2.25363755 0.2029845,-0.5 2.25406408 0.2029845,-0.36093479 2.10812569 0.01246147,-0.36110744 2.10786748 0,-0.38836247 2.13603783 0.07368879,-0.41678199 2.1743331 0.1303588,-0.45224792 2.22191834 0.17896672,-0.37003878 2.11682725 0.03726057,-0.3968167 2.1491065 0.0971087,-0.42693177 2.19170475 0.1509511,-0.46626961 2.2424705 0.19545788,-0.3785066 2.12729812 0.06168935,-0.40552106 2.16405106 0.1195635,-0.43820766 2.21065092 0.17004319,-0.48212153 2.2639246 0.21000648,-0.5 2.26436353 0.21000648,-0.36041725 2.10890031 0.02489196,-0.38666505 2.13962674 0.08550504,-0.41481876 2.18080497 0.14083001,-0.45090714 2.23095727 0.1874453,-0.36892596 2.11868382 0.04953654,-0.39485475 2.15384316 0.10847093,-0.42504331 2.19924378 0.16069691,-0.46529564 2.25235915 0.2029845,-0.35089004 2.10105157 0.01246147,-0.35107517 2.10080194 0,-0.3769151 2.13027573 0.07368879,-0.40342134 2.16991925 0.1303588,-0.43650964 2.2191875 0.17896672,-0.48159963 2.27454829 0.21650635,-0.5 2.2750001 0.21650635,-0.35955614 2.1101892 0.03726057,-0.38471791 2.14374352 0.0971087,-0.41270649 2.18776822 0.1509511,-0.44950601 2.24040294 0.19545788,-0.36749995 2.12106299 0.06168935,-0.3926785 2.15909696 0.1195635,-0.42303917 2.20724487 0.17004319,-0.46428615 2.262609 0.21000648,-0.35033512 2.10179973 0.02489196,-0.37504363 2.1337769 0.08550504,-0.40114293 2.17628694 0.14083001,-0.43472695 2.22814965 0.1874453,-0.48106247 2.28548241 0.22246796,-0.5 2.28594732 0.22246796,-0.35835356 2.11198878 0.04953654,-0.38252592 2.14837813 0.10847093,-0.4104504 2.19520545 0.16069691,-0.448048 2.25023198 0.2029845,-0.34120452 2.09349275 0.01246147,-0.34140167 2.09325266 0,-0.36576429 2.12395883 0.07368879,-0.39029336 2.16485524 0.1303588,-0.42092434 2.21568775 0.17896672,-0.46324357 2.27319431 0.21650635,-0.34941182 2.10304475 0.03726057,-0.37289685 2.1377933 0.0971087,-0.39869153 2.18313813 0.1509511,-0.43286404 2.23751521 0.19545788,-0.4805114 2.29669976 0.22787647,-0.5 2.29717827 0.22787647,-0.35681251 2.11429524 0.06168935,-0.38009447 2.15351892 0.1195635,-0.40805608 2.20309854 0.17004319,-0.44653678 2.26041985 0.21000648,-0.34061357 2.09421301 0.02489196,-0.36372328 2.12736392 0.08550504,-0.38770527 2.17110348 0.14083001,-0.41870403 2.22455168 0.1874453,-0.46217054 2.28408885 0.22246796,-0.34812236 2.1047833 0.04953654,-0.37048009 2.14231467 0.10847093,-0.39607322 2.19045591 0.16069691,-0.43092552 2.24726081 0.2029845,-0.47994778 2.30817246 0.23271844,-0.5 2.3086648 0.23271844,-0.33190155 2.08546805 0.01246147,-0.33211026 2.08523774 0,-0.35493684 2.11710238 0.07368879,-0.37742966 2.15915322 0.1303588,-0.40552953 2.21142745 0.17896672,-0.44497606 2.27094126 0.21650635,-0.33963028 2.09541106 0.03726057,-0.36138198 2.13127017 0.0971087,-0.38492063 2.17782617 0.1509511,-0.41638383 2.23381448 0.19545788,-0.46106973 2.29526567 0.22787647,-0.34647003 2.10701132 0.06168935,-0.36779934 2.14733005 0.1195635,-0.39329451 2.19822192 0.17004319,-0.42891622 2.25736237 0.21000648,-0.47937301 2.3198719 0.23698184,-0.5 2.3203783 0.23698184,-0.33127597 2.08615828 0.02489196,-0.3527312 2.12040329 0.08550504,-0.37453809 2.16526699 0.14083001,-0.40287697 2.22017169 0.1874453,-0.44336978 2.28176999 0.22246796,-0.33825707 2.09708428 0.04953654,-0.35874626 2.13566756 0.10847093,-0.38194641 2.18500662 0.16069691,-0.41396946 2.24345326 0.2029845,-0.45994386 2.30669689 0.23271844,-0.32300356 2.07699633 0.01246147,-0.32322329 2.07677674 0,-0.34445885 2.10972285 0.07368879,-0.36486128 2.15282679 0.1303588,-0.39036229 2.20641685 0.17896672,-0.42684114 2.26779437 0.21650635,-0.47878855 2.33176923 0.24065606,-0.5 2.33228993 0.24065606,-0.33023506 2.08730674 0.03726057,-0.35020107 2.12418985 0.0971087,-0.37142697 2.17184472 0.1509511,-0.40010506 2.22930956 0.19545788,-0.44172186 2.29287934 0.22787647,-0.3364974 2.09922862 0.06168935,-0.35582265 2.14054537 0.1195635,-0.37878999 2.19262695 0.17004319,-0.4114669 2.25344396 0.21000648,-0.45879573 2.31835413 0.23698184,-0.32234487 2.07765508 0.02489196,-0.34209391 2.1129117 0.08550504,-0.36167321 2.1587913 0.14083001,-0.38728389 2.21502042 0.1874453,-0.42470542 2.27853155 0.22246796,-0.47819582 2.3438344 0.24373198,-0.5 2.34436965 0.24373198,-0.32878143 2.08891058 0.04953654,-0.34735274 2.12845278 0.10847093,-0.36810401 2.17887068 0.16069691,-0.39722061 2.23881817 0.2029845,-0.44003642 2.30424166 0.23271844,-0.31453195 2.06809855 0.01246147,-0.3147622 2.06788969 0,-0.33435559 2.10183835 0.07368879,-0.35261843 2.14589119 0.1303588,-0.37545919 2.2006681 0.17896672,-0.40888244 2.26376176 0.21650635,-0.45762819 2.3302083 0.24065606,-0.32124886 2.07875109 0.03726057,-0.33938104 2.11656952 0.0971087,-0.35824305 2.16520858 0.1509511,-0.38406691 2.22401118 0.19545788,-0.42251438 2.28954649 0.22787647,-0.47759628 2.35603809 0.24620193,-0.5 2.35658789 0.24620193,-0.32691866 2.09096575 0.06168935,-0.34419334 2.1331811 0.1195635,-0.36457747 2.18632698 0.17004319,-0.39423087 2.24867415 0.21000648,-0.43831769 2.31582832 0.23698184,-0.31384173 2.06872392 0.02489196,-0.33183703 2.10490727 0.08550504,-0.34914154 2.15169215 0.14083001,-0.37196234 2.20911026 0.1874453,-0.40622243 2.27438092 0.22246796,-0.45644414 2.34223008 0.24373198,-0.31971827 2.08028173 0.04953654,-0.33632699 2.12068748 0.10847093,-0.35457933 2.17206287 0.16069691,-0.38071939 2.23336697 0.2029845,-0.42027345 2.30081248 0.23271844,-0.30650717 2.05879545 0.01246147,-0.30674738 2.05859828 0,-0.29919812 2.04892492 0,-0.47699147 2.36834931 0.24805979,-0.5 2.36891413 0.24805979,-0.32465139 2.09346747 0.07368879,-0.34073064 2.13836336 0.1303588,-0.36085612 2.19419503 0.17896672,-0.39114323 2.25885272 0.21650635,-0.4365699 2.32761097 0.24065606,-0.31269327 2.06976485 0.03726057,-0.32894793 2.10842752 0.0971087,-0.34540063 2.15793347 0.1509511,-0.3683081 2.21793246 0.19545788,-0.40349355 2.28527522 0.22787647,-0.45524657 2.35438943 0.24620193,-0.31775689 2.0822432 0.06168935,-0.33293936 2.12525511 0.1195635,-0.3506912 2.17933702 0.17004319,-0.37724966 2.24306417 0.21000648,-0.41798824 2.31230092 0.23698184,-0.30578706 2.05938649 0.02489196,-0.47638288 2.38073778 0.24930096,-0.5 2.38131738 0.24930096,-0.32198527 2.09640908 0.08550504,-0.33697331 2.1439867 0.14083001,-0.35694924 2.20245552 0.1874453,-0.38796541 2.26932859 0.22246796,-0.43479741 2.33956003 0.24373198,-0.31108943 2.07121849 0.04953654,-0.32569551 2.11239076 0.10847093,-0.341405 2.16459966 0.16069691,-0.36450553 2.22711253 0.2029845,-0.40070257 2.29641747 0.23271844,-0.2989485 2.04910994 0.01246147,-0.45403838 2.36665606 0.24805979,-0.31536961 2.08463049 0.07368879,-0.32922655 2.13026142 0.1303588,-0.34658828 2.18701315 0.17896672,-0.37366632 2.25307894 0.21650635,-0.41566443 2.32398367 0.24065606,-0.30458891 2.06036973 0.03726057,-0.47577199 2.3931725 0.24992229,-0.5 2.39376736 0.24992229,-0.31892693 2.09978342 0.0971087,-0.33293065 2.15003705 0.1509511,-0.3528665 2.2110877 0.19545788,-0.38470525 2.28007579 0.22787647,-0.43300465 2.35164618 0.24620193,-0.30903417 2.07308125 0.06168935,-0.32208782 2.11678672 0.1195635,-0.33716461 2.17167449 0.17004319,-0.36056414 2.23662782 0.21000648,-0.39785638 2.30778003 0.23698184,-0.29820028 2.04966497 0.02489196,-0.45282263 2.37899971 0.24930096,-0.31256238 2.08743763 0.08550504,-0.32519782 2.13569355 0.14083001,-0.34228078 2.19507194 0.1874453,-0.36997825 2.26338649 0.22246796,-0.41330776 2.3358314 0.24373198,-0.30291566 2.06174302 0.04953654,-0.47516033 2.40562296 0.24992229,-0.5 2.4062326 0.24992229,-0.31548396 2.10358214 0.10847093,-0.32861274 2.15649915 0.16069691,-0.34861809 2.22007012 0.2029845,-0.38137087 2.29106784 0.23271844,-0.2918742 2.03906512 0.01246147,-0.29213259 2.03889251 0,-0.431196 2.36383867 0.24805979,-0.30653262 2.07534862 0.07368879,-0.31813386 2.12160444 0.1303588,-0.33269 2.17913985 0.17896672,-0.35649371 2.24645472 0.21650635,-0.39496213 2.31933475 0.24065606,-0.29695532 2.05058813 0.03726057,-0.45160234 2.39138961 0.24992229,-0.30934212 2.09065795 0.0971087,-0.32086316 2.14153814 0.1509511,-0.3377794 2.20349336 0.19545788,-0.3661947 2.27396083 0.22787647,-0.41092411 2.3478148 0.24620193,-0.3007715 2.06350255 0.06168935,-0.47454944 2.41805768 0.24930096,-0.5 2.41868258 0.24930096,-0.31166491 2.10779572 0.1195635,-0.32403034 2.16335726 0.17004319,-0.34421456 2.22938061 0.21000648,-0.37797061 2.30227709 0.23698184,-0.29109967 2.03958273 0.02489196,-0.42937607 2.37610793 0.24930096,-0.30359101 2.07801461 0.08550504,-0.31384343 2.12683249 0.14083001,-0.32799226 2.18697762 0.1874453,-0.35230434 2.25656891 0.22246796,-0.39202696 2.33105254 0.24373198,-0.29521671 2.05187774 0.04953654,-0.45038053 2.403795 0.24992229,-0.3057169 2.0942831 0.10847093,-0.3162334 2.14778066 0.16069691,-0.33309534 2.21225667 0.2029845,-0.36232498 2.28477597 0.23271844,-0.2853013 2.02868557 0.01246147,-0.28556785 2.02852559 0,-0.40851942 2.35990405 0.24805979,-0.29816172 2.0656445 0.07368879,-0.47394085 2.43044615 0.24805979,-0.5 2.43108582 0.24805979,-0.30747929 2.11241388 0.1303588,-0.31919479 2.17059422 0.17896672,-0.33966684 2.23899603 0.21650635,-0.37451288 2.31367564 0.24065606,-0.2898109 2.0404439 0.03726057,-0.42754927 2.38842297 0.24992229,-0.30021665 2.08107305 0.0971087,-0.30922723 2.13245726 0.1509511,-0.32308307 2.19516802 0.19545788,-0.34800649 2.26694489 0.22787647,-0.38905817 2.34290457 0.24620193,-0.29298878 2.05352998 0.06168935,-0.44916022 2.4161849 0.24930096,-0.3016957 2.09830427 0.1195635,-0.31131998 2.15440559 0.17004319,-0.32824028 2.22133994 0.21000648,-0.3583788 2.29580474 0.23698184,-0.2845023 2.02916431 0.02489196,-0.40609962 2.37206912 0.24930096,-0.29509282 2.06816292 0.08550504,-0.47333604 2.44275737 0.24620193,-0.5 2.44341207 0.24620193,-0.30293754 2.11742496 0.14083001,-0.31411812 2.1781919 0.1874453,-0.33498624 2.24889231 0.22246796,-0.37100628 2.32523537 0.24373198,-0.2880111 2.04164648 0.04953654,-0.42572024 2.4007535 0.24992229,-0.29641792 2.08451605 0.10847093,-0.30429673 2.13846517 0.16069691,-0.31797469 2.20369101 0.2029845,-0.34361076 2.2775569 0.23271844,-0.27924562 2.0179956 0.01246147,-0.27951968 2.01784921 0,-0.27400267 2.00688887 0,-0.38606319 2.35486126 0.24805979,-0.29027706 2.05554104 0.07368879,-0.44794446 2.42852855 0.24805979,-0.29728854 2.10271144 0.1303588,-0.30613515 2.1613965 0.17896672,-0.32322621 2.23072052 0.21650635,-0.35436592 2.30701995 0.24065606,-0.28317282 2.02996111 0.03726057,-0.40367079 2.38427973 0.24992229,-0.29157245 2.07105207 0.0971087,-0.47273651 2.45496106 0.24373198,-0.5 2.4556303 0.24373198,-0.29805088 2.12281656 0.1509511,-0.30881298 2.18613172 0.19545788,-0.33018443 2.25904489 0.22787647,-0.36745951 2.33692741 0.24620193,-0.28570476 2.04318738 0.06168935,-0.42389348 2.41306853 0.24930096,-0.29220426 2.08833504 0.1195635,-0.29906416 2.14484096 0.17004319,-0.31267977 2.21252489 0.21000648,-0.33912817 2.28837895 0.23698184,-0.27842405 2.01843476 0.02489196,-0.3830494 2.36689305 0.24930096,-0.28708827 2.05790615 0.08550504,-0.44673631 2.44079542 0.24620193,-0.29250637 2.10749364 0.14083001,-0.30069178 2.16873598 0.1874453,-0.31806567 2.24037528 0.22246796,-0.35029635 2.31839371 0.24373198,-0.28131619 2.03107405 0.04953654,-0.40123892 2.39650559 0.24992229,-0.28760937 2.07430458 0.10847093,-0.4721438 2.46702623 0.24065606,-0.5 2.46771002 0.24065606,-0.29283151 2.12857509 0.16069691,-0.30329254 2.19439363 0.2029845,-0.32527331 2.26942849 0.23271844,-0.27372175 2.00702167 0.01246147,-0.36388144 2.3487227 0.24805979,-0.28289762 2.04506326 0.07368879,-0.42207351 2.42533779 0.24805979,-0.28758615 2.09252071 0.1303588,-0.29354253 2.15156913 0.17896672,-0.30721146 2.22164822 0.21650635,-0.33456981 2.29938388 0.24065606,-0.27705711 2.01916552 0.03726057,-0.38002431 2.37896967 0.24992229,-0.2834304 2.06061888 0.0971087,-0.4455387 2.45295477 0.24373198,-0.28736106 2.11263895 0.1509511,-0.29500344 2.17640591 0.19545788,-0.31277147 2.2502799 0.22787647,-0.34618014 2.32989764 0.24620193,-0.27893701 2.03250003 0.06168935,-0.39881006 2.4087162 0.24930096,-0.28321338 2.07791209 0.1195635,-0.47155932 2.47892356 0.23698184,-0.5 2.47962165 0.23698184,-0.28729242 2.13468671 0.17004319,-0.29757053 2.20295715 0.21000648,-0.32026511 2.28001761 0.23698184,-0.27287966 2.00741982 0.02489196,-0.3602809 2.36059213 0.24930096,-0.27959666 2.04726887 0.08550504,-0.4202649 2.43753052 0.24620193,-0.28257507 2.09706235 0.14083001,-0.28774562 2.15863276 0.1874453,-0.30158341 2.23103809 0.22246796,-0.32994705 2.31054401 0.24373198,-0.27514809 2.02018595 0.04953654,-0.3769955 2.39106154 0.24992229,-0.27931249 2.06367302 0.10847093,-0.44435468 2.46497655 0.24065606,-0.28186542 2.1181345 0.16069691,-0.28908429 2.18438697 0.2029845,-0.30735677 2.26041007 0.23271844,-0.26874301 1.99578977 0.01246147,-0.26903012 1.99567091 0,-0.3420276 2.34150338 0.24805979,-0.27604124 2.03423572 0.07368879,-0.39639029 2.42088127 0.24805979,-0.27839547 2.08186603 0.1303588,-0.47098455 2.490623 0.23271844,-0.5 2.49133515 0.23271844,-0.28144732 2.14113569 0.17896672,-0.29166117 2.21180105 0.21650635,-0.31517226 2.29078531 0.24065606,-0.27147847 2.00808263 0.03726057,-0.35666692 2.3725059 0.24992229,-0.27581006 2.04979897 0.0971087,-0.41847211 2.44961643 0.24373198,-0.2771835 2.10194921 0.1509511,-0.2816878 2.16601419 0.19545788,-0.2958096 2.24067116 0.22787647,-0.32527137 2.32183218 0.24620193,-0.27270183 2.02149343 0.06168935,-0.37397042 2.40313816 0.24930096,-0.27474478 2.06706071 0.1195635,-0.44318715 2.47683072 0.23698184,-0.2760331 2.12396693 0.17004319,-0.28294894 2.19265938 0.21000648,-0.30183503 2.27074051 0.23698184,-0.26788238 1.99614632 0.02489196,-0.33784902 2.3531816 0.24930096,-0.272636 2.03627682 0.08550504,-0.39398557 2.43297052 0.24620193,-0.27316758 2.08615661 0.14083001,-0.47042093 2.5020957 0.22787647,-0.5 2.50282168 0.22787647,-0.27531078 2.1479063 0.1874453,-0.28557914 2.2209034 0.22246796,-0.31000745 2.3017056 0.24373198,-0.26952171 2.00900817 0.04953654,-0.35304841 2.38443446 0.24992229,-0.27154726 2.05264735 0.10847093,-0.41669962 2.46156549 0.24065606,-0.2714248 2.10716844 0.16069691,-0.27538413 2.17369533 0.2029845,-0.28990433 2.25052333 0.23271844,-0.26432139 1.9843272 0.01246147,-0.26461399 1.98422241 0,-0.32055435 2.33322001 0.24805979,-0.26972437 2.02308488 0.07368879,-0.37095666 2.41516995 0.24805979,-0.26973864 2.07077336 0.1303588,-0.44203901 2.48848772 0.23271844,-0.2698786 2.13012147 0.17896672,-0.27661276 2.20120287 0.21650635,-0.29621994 2.28124571 0.24065606,-0.26645038 1.99673939 0.03726057,-0.33365479 2.36490369 0.24992229,-0.26872984 2.03861809 0.0971087,-0.39160192 2.44495392 0.24373198,-0.26754272 2.09077287 0.1509511,-0.46986985 2.51331306 0.22246796,-0.5 2.51405263 0.22246796,-0.26889807 2.15498161 0.19545788,-0.27933961 2.23024154 0.22787647,-0.30478349 2.31275058 0.24620193,-0.26701424 2.01019406 0.06168935,-0.34943441 2.39634824 0.24930096,-0.26681882 2.05580664 0.1195635,-0.41495183 2.47334814 0.23698184,-0.26531333 2.11270761 0.17004319,-0.2688503 2.18165684 0.21000648,-0.28388235 2.26057053 0.23698184,-0.2634443 1.98464096 0.02489196,-0.31580779 2.34467936 0.24930096,-0.2662231 2.02495646 0.08550504,-0.36796165 2.42712665 0.24620193,-0.26430655 2.07480216 0.14083001,-0.44091314 2.49991894 0.22787647,-0.26341724 2.13658285 0.1874453,-0.27009144 2.20999575 0.22246796,-0.29052556 2.2918992 0.24373198,-0.26445055 1.99756777 0.04953654,-0.32945535 2.37664032 0.24992229,-0.26433238 2.04125381 0.10847093,-0.38924524 2.45680165 0.24065606,-0.26153487 2.09570336 0.16069691,-0.4693327 2.52424717 0.21650635,-0.5 2.5250001 0.21650635,-0.26222509 2.16234422 0.2029845,-0.27295804 2.23979235 0.23271844,-0.26046753 1.97266138 0.01246147,-0.26076493 1.97257113 0,-0.2995134 2.32389331 0.24805979,-0.26396224 2.01163745 0.07368879,-0.3458339 2.40821743 0.24805979,-0.26163656 2.05926943 0.1303588,-0.4132331 2.48493505 0.23271844,-0.25886428 2.11855268 0.17896672,-0.26210251 2.18987894 0.21650635,-0.2777586 2.27078748 0.24065606,-0.26198491 1.98516321 0.03726057,-0.31104341 2.35618162 0.24992229,-0.26220673 2.02710319 0.0971087,-0.36499286 2.43897867 0.24373198,-0.25846195 2.07913685 0.1509511,-0.4398123 2.51109576 0.22246796,-0.25666508 2.14333487 0.19545788,-0.26340121 2.21901655 0.22787647,-0.28476593 2.30267453 0.24620193,-0.26188791 1.99862921 0.06168935,-0.32526112 2.38836241 0.24930096,-0.25945464 2.04417729 0.1195635,-0.38692144 2.4684844 0.23698184,-0.25515896 2.10093594 0.17004319,-0.4688108 2.53487086 0.21000648,-0.5 2.53563666 0.21000648,-0.25530848 2.16997552 0.21000648,-0.26645032 2.24953175 0.23698184,-0.25957611 1.97293174 0.02489196,-0.29421026 2.3351059 0.24930096,-0.26037338 2.01333499 0.08550504,-0.3422558 2.42001295 0.24620193,-0.2560133 2.06302667 0.14083001,-0.41154766 2.49629712 0.22787647,-0.25209364 2.1246891 0.1874453,-0.25515759 2.19834137 0.22246796,-0.27154827 2.28114867 0.24373198,-0.25994685 1.98589242 0.04953654,-0.30627313 2.36769795 0.24992229,-0.25768527 2.02952003 0.10847093,-0.36205769 2.45069647 0.24065606,-0.25221941 2.0837667 0.16069691,-0.4387393 2.52199054 0.21650635,-0.24963889 2.15036106 0.2029845,-0.25655869 2.22824264 0.23271844,-0.25719073 1.96082056 0.01246147,-0.25749218 1.9607451 0,-0.27895543 2.31354523 0.24805979,-0.25876877 1.9999212 0.07368879,-0.32108253 2.40004086 0.24805979,-0.2541087 2.04738164 0.1303588,-0.38463622 2.47997284 0.23271844,-0.24843086 2.10645747 0.17896672,-0.46830544 2.54515791 0.2029845,-0.5 2.55587244 0.19545788,-0.5 2.54593587 0.2029845,-0.2481654 2.17785668 0.21650635,-0.25983262 2.25943589 0.24065606,-0.25809285 1.97338176 0.03726057,-0.28888726 2.34636045 0.24992229,-0.25625652 2.01528215 0.0971087,-0.33870906 2.431705 0.24373198,-0.24996306 2.06706929 0.1509511,-0.40989977 2.50740647 0.22246796,-0.2450183 2.13110185 0.19545788,-0.24803281 2.20702291 0.22787647,-0.26526687 2.2916286 0.24620193,-0.25733522 1.9868269 0.06168935,-0.30150878 2.37920022 0.24930096,-0.25266993 2.03220057 0.1195635,-0.35916343 2.46225119 0.23698184,-0.24559443 2.08868003 0.17004319,-0.43769673 2.53257585 0.21000648,-0.24235615 2.1576438 0.21000648,-0.24958092 2.23765111 0.23698184,-0.2562871 1.96104693 0.02489196,-0.27310851 2.32448411 0.24930096,-0.25510094 2.00144053 0.08550504,-0.31693 2.41164637 0.24620193,-0.24830785 2.0508585 0.14083001,-0.3823953 2.49123883 0.22787647,-0.2413673 2.11225438 0.1874453,-0.46781787 2.55508232 0.19545788,-0.24081361 2.18596816 0.22246796,-0.25312138 2.26947999 0.24373198,-0.25602147 1.97401011 0.04953654,-0.28355765 2.35762882 0.24992229,-0.2516219 2.01747417 0.10847093,-0.33520246 2.44326472 0.24065606,-0.24350086 2.07138729 0.16069691,-0.40829346 2.51823521 0.21650635,-0.23765582 2.13777494 0.2029845,-0.24074583 2.21590209 0.23271844,-0.25449887 1.94883323 0.01246147,-0.25480369 1.94877255 0,-0.25893 2.30220103 0.24805979,-0.25415644 1.98796427 0.07368879,-0.29676223 2.39065933 0.24805979,-0.24717321 2.03513885 0.1303588,-0.35631725 2.47361374 0.23271844,-0.2386035 2.09386492 0.17896672,-0.4366872 2.54282546 0.2029845,-0.23483495 2.16516495 0.21650635,-0.24248521 2.24721861 0.24065606,-0.25478357 1.96142352 0.03726057,-0.26723969 2.335464 0.24992229,-0.25089347 2.00318336 0.0971087,-0.31281382 2.4231503 0.24373198,-0.24206653 2.05459929 0.1509511,-0.38020426 2.50225377 0.22246796,-0.23398581 2.11831212 0.19545788,-0.46734932 2.56462002 0.1874453,-0.5 2.56542134 0.1874453,-0.23327141 2.19428968 0.22787647,-0.24633332 2.27963901 0.24620193,-0.25336713 1.97481525 0.06168935,-0.27823463 2.36888337 0.24930096,-0.24648108 2.01990557 0.1195635,-0.3317447 2.45466328 0.23698184,-0.23664278 2.0759697 0.17004319,-0.40673274 2.52875686 0.21000648,-0.2300245 2.14469147 0.21000648,-0.23331481 2.22495675 0.23698184,-0.25358525 1.9490149 0.02489196,-0.25255337 2.31283975 0.24930096,-0.25041848 1.98930168 0.08550504,-0.29204521 2.40204716 0.24620193,-0.24120875 2.03832674 0.14083001,-0.35352626 2.48475599 0.22787647,-0.231264 2.09930825 0.1874453,-0.43571326 2.55271435 0.19545788,-0.22709402 2.17290592 0.22246796,-0.23528925 2.25692105 0.24373198,-0.25268385 1.96194947 0.04953654,-0.26136357 2.34645724 0.24992229,-0.2461569 2.00514531 0.10847093,-0.30874422 2.43452406 0.24065606,-0.23540026 2.05859494 0.16069691,-0.37806854 2.51299071 0.21650635,-0.22630477 2.12461591 0.2029845,-0.46690094 2.57374668 0.17896672,-0.5 2.57455921 0.17896672,-0.22555754 2.20280051 0.23271844,-0.25239846 1.93672824 0.01246147,-0.25270587 1.93668258 0,-0.25120381 1.92450428 0,-0.23948529 2.28988791 0.24805979,-0.25013638 1.97579527 0.07368879,-0.27293152 2.38009596 0.24805979,-0.24084681 2.02257037 0.1303588,-0.32834443 2.46587253 0.23271844,-0.22940587 2.0808053 0.17896672,-0.40522152 2.53894472 0.2029845,-0.22214332 2.15183473 0.21650635,-0.22575819 2.23416471 0.24065606,-0.25206503 1.94931734 0.03726057,-0.24615286 2.32351828 0.24992229,-0.24613059 1.99083591 0.0971087,-0.28736952 2.41333532 0.24373198,-0.2347914 2.04175687 0.1509511,-0.35079738 2.49565029 0.22246796,-0.22359416 2.10499644 0.19545788,-0.43477729 2.56221724 0.1874453,-0.21915258 2.18084741 0.22787647,-0.22801088 2.26673484 0.24620193,-0.24999319 1.96262348 0.06168935,-0.25549474 2.35743713 0.24930096,-0.24090298 2.0073216 0.1195635,-0.30473134 2.44573927 0.23698184,-0.22832559 2.06283545 0.17004319,-0.37599346 2.52342296 0.21000648,-0.21834326 2.13114977 0.21000648,-0.46647388 2.5824399 0.17004319,-0.5 2.58326292 0.17004319,-0.21769117 2.2114799 0.23698184,-0.251477 1.93686485 0.02489196,-0.23259434 2.30020094 0.24930096,-0.24633728 1.97694778 0.08550504,-0.26766142 2.39123869 0.24620193,-0.2347331 2.02546191 0.14083001,-0.32501006 2.47686458 0.22787647,-0.22180811 2.08588195 0.1874453,-0.40376353 2.54877353 0.19545788,-0.21403189 2.15918636 0.22246796,-0.21809481 2.24350238 0.24373198,-0.24994205 1.94973958 0.04953654,-0.2397444 2.33421016 0.24992229,-0.24130344 1.99256313 0.10847093,-0.28274673 2.4244957 0.24065606,-0.22793709 2.04542065 0.16069691,-0.34813738 2.50626945 0.21650635,-0.21561307 2.11091566 0.2029845,-0.43388164 2.571311 0.17896672,-0.21103039 2.18896961 0.23271844,-0.25089455 1.9245348 0.01246147,-0.22066821 2.27663541 0.24805979,-0.24671824 1.96344376 0.07368879,-0.24964783 2.36837602 0.24805979,-0.23514473 2.00970674 0.1303588,-0.30078515 2.45676827 0.23271844,-0.22086012 2.06731009 0.17896672,-0.37398416 2.53352451 0.2029845,-0.21012108 2.13789749 0.21650635,-0.46606916 2.59067822 0.16069691,-0.5 2.59151101 0.16069691,-0.20969185 2.22030568 0.24065606,-0.24994381 1.9370923 0.03726057,-0.22567756 2.3105526 0.24992229,-0.24197927 1.9782697 0.0971087,-0.26243746 2.40228367 0.24373198,-0.22815517 2.02857304 0.1509511,-0.32174993 2.48761177 0.22246796,-0.21386839 2.091187 0.19545788,-0.40236241 2.55821919 0.1874453,-0.20571035 2.1667285 0.22787647,-0.21034367 2.25294733 0.24620193,-0.24722154 1.95028079 0.06168935,-0.23334388 2.34488893 0.24930096,-0.23594904 1.99447894 0.1195635,-0.27818841 2.43550062 0.23698184,-0.22066288 2.04930878 0.17004319,-0.34555292 2.51658726 0.21000648,-0.20734054 2.11705112 0.21000648,-0.43302852 2.57997298 0.17004319,-0.20274763 2.19725227 0.23698184,-0.2499675 1.92462599 0.02489196,-0.21327952 2.28659773 0.24930096,-0.24286717 1.9644084 0.08550504,-0.24383734 2.37924671 0.24620193,-0.22889651 2.01229477 0.14083001,-0.29691547 2.46758318 0.22787647,-0.21302241 2.07200766 0.1874453,-0.37204564 2.54327011 0.19545788,-0.20165868 2.14484239 0.22246796,-0.46568781 2.59844089 0.1509511,-0.5 2.59928322 0.1509511,-0.20157951 2.22925639 0.24373198,-0.24780264 1.93741 0.04953654,-0.21875219 2.32091713 0.24992229,-0.2370732 1.97975802 0.10847093,-0.25727266 2.41320395 0.24065606,-0.22112934 2.03189611 0.16069691,-0.31857207 2.49808764 0.21650635,-0.20560648 2.09670758 0.2029845,-0.4010216 2.56725812 0.17896672,-0.1971994 2.17444253 0.23271844,-0.24999075 1.91228211 0.01246147,-0.20252407 2.26247549 0.24805979,-0.2439103 1.95093942 0.07368879,-0.22696728 2.35552764 0.24805979,-0.23008071 1.99657869 0.1303588,-0.27370578 2.44632244 0.23271844,-0.21298684 2.05341172 0.17896672,-0.34305036 2.52657795 0.2029845,-0.19879718 2.12338734 0.21650635,-0.43222007 2.58818126 0.16069691,-0.1943249 2.20567513 0.24065606,-0.24842498 1.92477798 0.03726057,-0.20586315 2.29659772 0.24992229,-0.23844956 1.96551502 0.0971087,-0.23807772 2.39002204 0.24373198,-0.22217384 2.01507926 0.1509511,-0.29313189 2.47815776 0.22246796,-0.20483196 2.07691693 0.19545788,-0.37018272 2.55263567 0.1874453,-0.19297709 2.15196729 0.22787647,-0.46533075 2.6057086 0.14083001,-0.5 2.60655975 0.14083001,-0.19337428 2.23830938 0.24620193,-0.24505886 1.93781698 0.06168935,-0.21183543 2.33126879 0.24930096,-0.23163125 1.98140872 0.1195635,-0.2521798 2.42397189 0.23698184,-0.21367311 2.03542256 0.17004319,-0.31548443 2.50826621 0.21000648,-0.19704288 2.10242939 0.21000648,-0.39974451 2.57586765 0.17004319,-0.18852019 2.18230891 0.23698184,-0.24906033 1.91232789 0.02489196,-0.19465542 2.27206349 0.24930096,-0.24001653 1.95171392 0.08550504,-0.22063038 2.36610007 0.24620193,-0.22371303 1.99885702 0.14083001,-0.26931009 2.45693469 0.22787647,-0.20492807 2.05771923 0.1874453,-0.34063599 2.53621674 0.19545788,-0.1900042 2.12990856 0.22246796,-0.43145826 2.59591579 0.1509511,-0.18578312 2.21421695 0.24373198,-0.24627081 1.92499018 0.04953654,-0.19843754 2.30660987 0.24992229,-0.23347637 1.96676075 0.10847093,-0.23238331 2.40067554 0.24065606,-0.21499343 2.01805353 0.16069691,-0.28944385 2.48846507 0.21650635,-0.1963091 2.08202529 0.2029845,-0.36840004 2.56159782 0.17896672,-0.18409789 2.15925407 0.23271844,-0.4649989 2.61246347 0.1303588,-0.5 2.61332273 0.1303588,-0.18509656 2.24744248 0.24805979,-0.24171929 1.93831229 0.07368879,-0.20494446 2.34158182 0.24805979,-0.22566696 1.98321807 0.1303588,-0.2471716 2.43456078 0.23271844,-0.205805 2.0391438 0.17896672,-0.3124947 2.5181222 0.2029845,-0.18819889 2.10833883 0.21650635,-0.39853424 2.58402658 0.16069691,-0.17969432 2.19030809 0.24065606,-0.24751221 1.91240394 0.03726057,-0.18675733 2.28168726 0.24992229,-0.23554994 1.95260239 0.0971087,-0.21434897 2.37658 0.24373198,-0.21686181 2.00130844 0.1509511,-0.2650122 2.46731067 0.22246796,-0.19650659 2.06222057 0.19545788,-0.33831578 2.54547954 0.1874453,-0.18098345 2.13659883 0.22787647,-0.43074504 2.60315752 0.14083001,-0.17714356 2.22285652 0.24620193,-0.24351037 1.92526197 0.06168935,-0.19102117 2.31660962 0.24930096,-0.22795996 1.96814251 0.1195635,-0.22676824 2.41118073 0.23698184,-0.20737314 2.02120996 0.17004319,-0.28586048 2.49847984 0.21000648,-0.18747506 2.08732033 0.21000648,-0.36670202 2.57013416 0.17004319,-0.17504315 2.1666851 0.23698184,-0.4646931 2.61868858 0.1195635,-0.5 2.61955547 0.1195635,-0.17676693 2.2566328 0.24930096,-0.23779221 1.93889487 0.08550504,-0.19809644 2.35183072 0.24620193,-0.21919513 1.98518121 0.14083001,-0.24226049 2.44494438 0.22787647,-0.19754457 2.04305077 0.1874453,-0.30961028 2.52763081 0.19545788,-0.17909652 2.11442089 0.22246796,-0.39739385 2.59171438 0.1509511,-0.17074372 2.19842052 0.24373198,-0.24535023 1.91251016 0.04953654,-0.1788494 2.29132318 0.24992229,-0.2305216 1.95360255 0.10847093,-0.20813867 2.38694119 0.24065606,-0.20954412 2.00392675 0.16069691,-0.26082286 2.47742462 0.21650635,-0.18774335 2.06690454 0.2029845,-0.33609548 2.55434346 0.17896672,-0.1717574 2.1434412 0.23271844,-0.43008214 2.60988784 0.1303588,-0.16842768 2.23157239 0.24805979,-0.2401505 1.9255929 0.07368879,-0.18363248 2.32657218 0.24805979,-0.22191408 1.96965694 0.1303588,-0.2212465 2.42151117 0.23271844,-0.19933191 2.0245409 0.17896672,-0.28239074 2.50817704 0.2029845,-0.17835177 2.09278846 0.21650635,-0.36509287 2.57822394 0.16069691,-0.1658354 2.17424178 0.24065606,-0.46441406 2.62436867 0.10847093,-0.5 2.63036895 0.0971087,-0.5 2.62524223 0.10847093,-0.16840613 2.26585746 0.24992229,-0.23328739 1.93956304 0.0971087,-0.19130838 2.36198974 0.24373198,-0.21223189 1.98729348 0.1509511,-0.23745866 2.45509696 0.22246796,-0.18891238 2.04713345 0.19545788,-0.30683833 2.53676867 0.1874453,-0.16975838 2.12066031 0.22787647,-0.39632615 2.59891224 0.14083001,-0.16169064 2.2066257 0.24620193,-0.24257977 1.91264629 0.06168935,-0.17095129 2.30094695 0.24930096,-0.22494406 1.95471203 0.1195635,-0.20201491 2.39715815 0.23698184,-0.20177813 2.00670552 0.17004319,-0.25675243 2.48725152 0.21000648,-0.17866014 2.0717597 0.21000648,-0.33398065 2.56278634 0.17004319,-0.16234896 2.150419 0.23698184,-0.42947122 2.61609054 0.1195635,-0.15965715 2.24034286 0.24930096,-0.23619957 1.92598212 0.08550504,-0.17628983 2.33647275 0.24620193,-0.21535373 1.97130013 0.14083001,-0.21583179 2.43164134 0.22787647,-0.19088973 2.02803755 0.1874453,-0.27904323 2.51753283 0.19545788,-0.16896193 2.09841657 0.22246796,-0.36357662 2.58584666 0.1509511,-0.15649752 2.18190527 0.24373198,-0.4641625 2.62948918 0.0971087,-0.16003491 2.27509356 0.24992229,-0.22821605 1.94031537 0.10847093,-0.18459716 2.3720336 0.24065606,-0.20479454 1.98954964 0.16069691,-0.23277807 2.46499324 0.21650635,-0.17992987 2.05138183 0.2029845,-0.30418581 2.54551291 0.17896672,-0.16020769 2.12704206 0.23271844,-0.39533383 2.60560203 0.1303588,-0.1525576 2.21490335 0.24805979,-0.23920771 1.91281188 0.07368879,-0.16308266 2.31053495 0.24805979,-0.21883114 1.95592797 0.1303588,-0.19599292 2.4072051 0.23271844,-0.19358315 2.00963759 0.17896672,-0.25281101 2.49676704 0.2029845,-0.16927953 2.07677388 0.21650635,-0.3319765 2.57078743 0.16069691,-0.15278152 2.15751481 0.24065606,-0.42891383 2.62174988 0.10847093,-0.15085377 2.24914622 0.24992229,-0.2316674 1.92642844 0.0971087,-0.16901146 2.3462863 0.24373198,-0.20829524 1.97306824 0.1509511,-0.21053758 2.4415462 0.22246796,-0.1820676 2.03169203 0.19545788,-0.27582628 2.52652359 0.1874453,-0.15932888 2.10419035 0.22787647,-0.36215705 2.59298325 0.14083001,-0.14705274 2.18965626 0.24620193,-0.46393904 2.63403797 0.08550504,-0.5 2.63492322 0.08550504,-0.15167411 2.28431845 0.24930096,-0.22259079 1.94114971 0.1195635,-0.17797945 2.38193774 0.23698184,-0.19690156 1.99194396 0.17004319,-0.22823034 2.47460866 0.21000648,-0.17061935 2.05578542 0.21000648,-0.30165923 2.55384183 0.17004319,-0.15046819 2.13354969 0.23698184,-0.39441928 2.61176729 0.1195635,-0.14336728 2.22323298 0.24930096,-0.23524246 1.91300666 0.08550504,-0.15526305 2.32006311 0.24620193,-0.21219806 1.95724738 0.14083001,-0.19008768 2.41705751 0.22787647,-0.18497956 2.01271605 0.1874453,-0.24900848 2.50594711 0.19545788,-0.15962484 2.08193421 0.22246796,-0.33008805 2.57832646 0.1509511,-0.14307886 2.16471076 0.24373198,-0.4284113 2.62685204 0.0971087,-0.14203945 2.25796056 0.24992229,-0.22656526 1.92693102 0.10847093,-0.16181548 2.35598898 0.24065606,-0.20075613 1.97495663 0.16069691,-0.20537704 2.45120072 0.21650635,-0.17288744 2.03549457 0.2029845,-0.27274784 2.53512716 0.17896672,-0.14947656 2.11009574 0.23271844,-0.36083764 2.59961653 0.1303588,-0.13752452 2.19747591 0.24805979,-0.46374422 2.63800311 0.07368879,-0.5 2.63889313 0.07368879,-0.14334449 2.29350877 0.24805979,-0.21642557 1.94206429 0.1303588,-0.17147173 2.39167738 0.23271844,-0.18857257 1.99447048 0.17896672,-0.22382681 2.48391914 0.2029845,-0.16100402 2.06033325 0.21650635,-0.29926491 2.56173491 0.16069691,-0.1405641 2.14016747 0.24065606,-0.39358488 2.61739254 0.10847093,-0.13414255 2.23159385 0.24992229,-0.23069383 1.91323018 0.0971087,-0.14751191 2.32950807 0.24373198,-0.20506132 1.95866692 0.1509511,-0.18431383 2.42669058 0.22246796,-0.17598875 2.01593304 0.19545788,-0.24535424 2.51476932 0.1874453,-0.14972007 2.08722854 0.22787647,-0.32832 2.58538508 0.14083001,-0.13326511 2.1719892 0.24620193,-0.42796493 2.63138437 0.08550504,-0.13323607 2.26676393 0.24930096,-0.22090581 1.92748833 0.1195635,-0.15471978 2.36555648 0.23698184,-0.19275518 1.97696078 0.17004319,-0.200363 2.4605813 0.21000648,-0.16337208 2.03943586 0.21000648,-0.26981565 2.54332209 0.17004319,-0.13942948 2.11611772 0.23698184,-0.3596217 2.60572934 0.1195635,-0.12793656 2.20534468 0.24930096,-0.46357858 2.6413753 0.06168935,-0.5 2.64504313 0.04953654,-0.5 2.64226937 0.06168935,-0.13506678 2.30264187 0.24620193,-0.20973574 1.94305658 0.14083001,-0.16509016 2.40122795 0.22787647,-0.1798283 1.997123 0.1874453,-0.2195784 2.49290156 0.19545788,-0.15110774 2.06501365 0.22246796,-0.29700881 2.56917214 0.1509511,-0.13052005 2.14687872 0.24373198,-0.39283261 2.62246394 0.0971087,-0.12490633 2.2399652 0.24992229,-0.22557318 1.91348171 0.10847093,-0.13984852 2.33884597 0.24065606,-0.19743864 1.96018314 0.16069691,-0.17868578 2.43608046 0.21650635,-0.16663307 2.01928067 0.2029845,-0.24185736 2.52321148 0.17896672,-0.13958988 2.09264326 0.23271844,-0.32667673 2.59194541 0.1303588,-0.12336469 2.17933178 0.24805979,-0.4275758 2.63533521 0.07368879,-0.12446554 2.27553439 0.24805979,-0.21470314 1.92809927 0.1303588,-0.147742 2.37496495 0.23271844,-0.18431225 1.97907567 0.17896672,-0.19550791 2.46966457 0.2029845,-0.15354517 2.04350638 0.21650635,-0.26703691 2.55108809 0.16069691,-0.1292126 2.1222415 0.24065606,-0.35851225 2.61130691 0.10847093,-0.11831269 2.21324277 0.24992229,-0.46344247 2.64414573 0.04953654,-0.12686154 2.31169486 0.24373198,-0.20253794 1.94412434 0.1509511,-0.15885063 2.41056609 0.22246796,-0.17069046 1.99989498 0.19545788,-0.21549566 2.50153399 0.1874453,-0.14095514 2.06981564 0.22787647,-0.29489654 2.5761354 0.14083001,-0.12036099 2.15366673 0.24620193,-0.39216438 2.62696862 0.08550504,-0.1156816 2.24832582 0.24930096,-0.2198932 1.91376078 0.1195635,-0.13229191 2.34805369 0.23698184,-0.18934898 1.96179235 0.17004319,-0.17321749 2.44520378 0.21000648,-0.15693577 2.02275038 0.21000648,-0.23852658 2.53125262 0.17004319,-0.12925941 2.09816504 0.23698184,-0.32516229 2.59799123 0.1195635,-0.11340218 2.18672037 0.24930096,-0.42724487 2.638695 0.06168935,-0.11574966 2.28425026 0.24620193,-0.20797269 1.9287622 0.14083001,-0.14089949 2.38419104 0.22787647,-0.17544836 1.98129594 0.1874453,-0.19082387 2.47842789 0.19545788,-0.14343116 2.04769564 0.22246796,-0.2644186 2.55840588 0.1509511,-0.11885134 2.12845182 0.24373198,-0.35751206 2.61633515 0.0971087,-0.10867685 2.22115064 0.24992229,-0.46333626 2.64630771 0.03726057,-0.5 2.64720774 0.03726057,-0.11874919 2.32064533 0.24065606,-0.19485004 1.9452647 0.16069691,-0.1527686 2.41966844 0.21650635,-0.16118179 2.00277948 0.2029845,-0.21158877 2.50979424 0.17896672,-0.13057144 2.07472658 0.23271844,-0.29293334 2.58260727 0.1303588,-0.1101122 2.16051459 0.24805979,-0.39158186 2.63089585 0.07368879,-0.10649128 2.25665545 0.24805979,-0.21366803 1.91406655 0.1303588,-0.12486088 2.35710835 0.23271844,-0.18081246 1.96349037 0.17896672,-0.16792257 2.45403767 0.2029845,-0.14692098 2.02633381 0.21650635,-0.23537016 2.53887296 0.16069691,-0.11875436 2.10378003 0.24065606,-0.32378051 2.60350752 0.10847093,-0.10340236 2.19413686 0.24992229,-0.42697302 2.64145565 0.04953654,-0.10711009 2.29288983 0.24373198,-0.20073116 1.92947543 0.1509511,-0.13420926 2.39321184 0.22246796,-0.16618553 1.98361623 0.19545788,-0.1863225 2.48684931 0.1874453,-0.13305517 2.05199361 0.22787647,-0.26196721 2.56525707 0.14083001,-0.10837144 2.1347332 0.24620193,-0.35662362 2.62080193 0.08550504,-0.09905299 2.22904873 0.24930096,-0.4632602 2.64785576 0.02489196,-0.5 2.6487577 0.02489196,-0.11074989 2.32947135 0.23698184,-0.18669116 1.94647503 0.17004319,-0.14685924 2.42851257 0.21000648,-0.15132593 2.00576901 0.21000648,-0.20786744 2.51766253 0.17004319,-0.11998248 2.0797348 0.23698184,-0.29112411 2.58857155 0.1195635,-0.09979914 2.16740561 0.24930096,-0.39108646 2.63423538 0.06168935,-0.09735823 2.26493311 0.24620193,-0.20691316 1.91439843 0.14083001,-0.11757392 2.36598754 0.22787647,-0.17185029 1.96527302 0.1874453,-0.16281417 2.46256065 0.19545788,-0.13661358 2.03002167 0.22246796,-0.23239593 2.54605341 0.1509511,-0.10810085 2.10947442 0.24373198,-0.3225348 2.60848069 0.0971087,-0.09339011 2.2015624 0.24992229,-0.42676082 2.64360976 0.03726057,-0.09856833 2.30143166 0.24065606,-0.19299658 1.93023717 0.16069691,-0.12768793 2.40200472 0.21650635,-0.15654677 1.98603058 0.2029845,-0.18201499 2.49490809 0.17896672,-0.12244301 2.05638933 0.23271844,-0.25968882 2.57162476 0.1303588,-0.09779898 2.14107013 0.24805979,-0.35584909 2.62469554 0.07368879,-0.08946503 2.23691726 0.24805979,-0.46321449 2.64878631 0.01246147,-0.5 2.6496892 0.01246147,-0.10288351 2.3381505 0.23271844,-0.17808162 1.94775212 0.17896672,-0.14113723 2.43707609 0.2029845,-0.14114738 2.00885677 0.21650635,-0.2043409 2.52511859 0.16069691,-0.10921457 2.08482766 0.24065606,-0.2894733 2.59401345 0.10847093,-0.08944747 2.17432237 0.24992229,-0.39067948 2.6369791 0.04953654,-0.08830515 2.27313852 0.24373198,-0.19964536 1.91475546 0.1509511,-0.11044911 2.37466908 0.22246796,-0.16248477 1.96713591 0.19545788,-0.157905 2.47075105 0.1874453,-0.12603921 2.03380537 0.22787647,-0.22961131 2.5527761 0.14083001,-0.09732537 2.11523414 0.24620193,-0.32142824 2.61289835 0.08550504,-0.08339029 2.20897889 0.24930096,-0.42660892 2.64515233 0.02489196,-0.0901456 2.30985451 0.23698184,-0.18478814 1.93104565 0.17004319,-0.12135174 2.41054797 0.21000648,-0.14655608 1.98853314 0.21000648,-0.17791207 2.50258422 0.17004319,-0.11162106 2.06087184 0.23698184,-0.2575891 2.57749319 0.1195635,-0.08716023 2.14744663 0.24930096,-0.35519043 2.62800694 0.06168935,-0.07993681 2.24473691 0.24620193,-0.46319926 2.64909649 0,-0.5 2.6500001 0,-0.09516964 2.34666157 0.22787647,-0.16904277 1.94909286 0.1874453,-0.13561679 2.44533801 0.19545788,-0.13067143 2.01203465 0.22246796,-0.20101793 2.53214455 0.1509511,-0.09829449 2.08999252 0.24373198,-0.28798506 2.59891963 0.0971087,-0.07908291 2.18124771 0.24992229,-0.39036185 2.63912034 0.03726057,-0.07935455 2.28125072 0.24065606,-0.1918827 1.91513681 0.16069691,-0.1035042 2.3831315 0.21650635,-0.15273917 1.96907449 0.2029845,-0.15320726 2.47858882 0.17896672,-0.11522414 2.0376749 0.23271844,-0.22702321 2.55902433 0.1303588,-0.0864547 2.12104464 0.24805979,-0.3204636 2.61674953 0.07368879,-0.07342778 2.21636748 0.24805979,-0.42651761 2.6460793 0.01246147,-0.08186283 2.31813717 0.23271844,-0.17612629 1.93189883 0.17896672,-0.11521643 2.41882062 0.2029845,-0.13623828 1.9911176 0.21650635,-0.17402393 2.50985837 0.16069691,-0.10061622 2.06543016 0.24065606,-0.25567326 2.5828476 0.10847093,-0.07648164 2.15384722 0.24992229,-0.35464931 2.63072729 0.04953654,-0.07049202 2.25248814 0.24373198,-0.46321449 2.64878631 -0.01246147,-0.5 2.6487577 -0.02489196,-0.5 2.6496892 -0.01246147,-0.08762743 2.35498309 0.22246796,-0.15959711 1.95049405 0.19545788,-0.13031164 2.45327783 0.1874453,-0.11992414 2.01529479 0.22787647,-0.19790681 2.53872252 0.14083001,-0.08724938 2.09521651 0.24620193,-0.28666306 2.60327768 0.08550504,-0.06873124 2.18816447 0.24930096,-0.39013442 2.64065361 0.02489196,-0.07052868 2.28925014 0.23698184,-0.18364449 1.91554153 0.17004319,-0.09675643 2.39135361 0.21000648,-0.1426377 1.97108376 0.21000648,-0.14873263 2.48605418 0.17004319,-0.10419527 2.04162121 0.23698184,-0.22463807 2.56478262 0.1195635,-0.07551588 2.12689137 0.24930096,-0.31964326 2.62002444 0.06168935,-0.06352735 2.22371006 0.24620193,-0.42648715 2.64638853 0,-0.07374063 2.32625937 0.22787647,-0.16703254 1.93279445 0.1874453,-0.10929724 2.42680168 0.19545788,-0.12561902 1.99377751 0.22246796,-0.17036022 2.51671267 0.1509511,-0.08945587 2.07005286 0.24373198,-0.25394607 2.58767462 0.0971087,-0.06578975 2.16025567 0.24992229,-0.35422701 2.63285041 0.03726057,-0.06115415 2.26015139 0.24065606,-0.4632602 2.64785576 -0.02489196,-0.5 2.64720774 -0.03726057,-0.08027565 2.36309457 0.21650635,-0.14976813 1.95195198 0.2029845,-0.12523499 2.46087551 0.17896672,-0.10893222 2.01862907 0.23271844,-0.19501524 2.54483604 0.1303588,-0.0761067 2.10048652 0.24805979,-0.28551063 2.60707664 0.07368879,-0.05841819 2.19505548 0.24805979,-0.38999775 2.64157486 0.01246147,-0.06184947 2.29711652 0.23271844,-0.17495121 1.91596866 0.17896672,-0.09022259 2.39931512 0.2029845,-0.13220552 1.97315884 0.21650635,-0.14449224 2.49312878 0.16069691,-0.09298003 2.04563403 0.24065606,-0.22246182 2.57003641 0.10847093,-0.06453609 2.13276029 0.24992229,-0.31896928 2.622715 0.04953654,-0.05371361 2.2309885 0.24373198,-0.42651761 2.6460793 -0.01246147,-0.0657992 2.33420086 0.22246796,-0.15752952 1.93373036 0.19545788,-0.1036089 2.43447161 0.1874453,-0.11472471 1.99650645 0.22787647,-0.16693006 2.52312994 0.14083001,-0.07816774 2.07472873 0.24620193,-0.25241184 2.59196258 0.08550504,-0.05511116 2.16665602 0.24930096,-0.35392463 2.63437057 0.02489196,-0.05194639 2.26770806 0.23698184,-0.46333626 2.64630771 -0.03726057,-0.07313257 2.37097573 0.21000648,-0.13958025 1.9534632 0.21000648,-0.12039943 2.46811247 0.17004319,-0.09772301 2.0220294 0.23698184,-0.19235043 2.55047035 0.1195635,-0.06489415 2.10578966 0.24930096,-0.28453058 2.61030746 0.06168935,-0.0481694 2.20190358 0.24620193,-0.38995215 2.64188242 0,-0.05333853 2.30483031 0.22787647,-0.16582447 1.916417 0.1874453,-0.08391892 2.40699625 0.19545788,-0.12146854 1.97529459 0.22246796,-0.14049663 2.4997952 0.1509511,-0.08160628 2.0497036 0.24373198,-0.22049986 2.57477307 0.0971087,-0.05354264 2.13863635 0.24992229,-0.31844333 2.62481475 0.03726057,-0.04401096 2.23818445 0.24065606,-0.42660892 2.64515233 -0.02489196,-0.05805826 2.34194183 0.21650635,-0.14764084 1.9347043 0.2029845,-0.09816555 2.44181108 0.17896672,-0.10358243 1.99929738 0.23271844,-0.16374199 2.52909446 0.1303588,-0.06677988 2.0794456 0.24805979,-0.25107437 2.5957005 0.07368879,-0.04447241 2.17303276 0.24805979,-0.3537429 2.63528419 0.01246147,-0.04289167 2.27513909 0.23271844,-0.46344247 2.64414573 -0.04953654,-0.5 2.64504313 -0.04953654,-0.06621595 2.37860703 0.2029845,-0.12905881 1.95502388 0.21650635,-0.11581701 2.47497058 0.16069691,-0.08632437 2.02548718 0.24065606,-0.18991899 2.55561113 0.10847093,-0.05363962 2.11111283 0.24992229,-0.28372541 2.61296177 0.04953654,-0.03801034 2.2086916 0.24373198,-0.38999775 2.64157486 -0.01246147,-0.04501699 2.31237268 0.22246796,-0.15628697 1.9168855 0.19545788,-0.07786109 2.41437769 0.1874453,-0.11045344 1.97748566 0.22787647,-0.13675572 2.50603652 0.14083001,-0.07010232 2.05381989 0.24620193,-0.21875708 2.57898045 0.08550504,-0.04256285 2.14450526 0.24930096,-0.31806672 2.62631845 0.02489196,-0.03444352 2.24528027 0.23698184,-0.42676082 2.64360976 -0.03726057,-0.05053707 2.34946299 0.21000648,-0.13739108 1.93571389 0.21000648,-0.09298073 2.44880199 0.17004319,-0.09221987 2.00214362 0.23698184,-0.16080393 2.5345912 0.1195635,-0.05532064 2.08419228 0.24930096,-0.249937 2.59887934 0.06168935,-0.03389994 2.17936969 0.24620193,-0.35368225 2.63558888 0,-0.03401247 2.28242612 0.22787647,-0.46357858 2.6413753 -0.06168935,-0.5 2.64226937 -0.06168935,-0.05954298 2.3859694 0.19545788,-0.11822996 1.95663023 0.22246796,-0.11149911 2.48143268 0.1509511,-0.07476465 2.02899384 0.24373198,-0.18772699 2.56024575 0.0971087,-0.04237108 2.11644244 0.24992229,-0.28309706 2.61503315 0.03726057,-0.02796629 2.21540284 0.24065606,-0.39013442 2.64065361 -0.02489196,-0.03690555 2.31972432 0.21650635,-0.14636241 1.91737306 0.2029845,-0.07206417 2.42144132 0.17896672,-0.09918763 1.97972655 0.23271844,-0.13327883 2.51183724 0.1303588,-0.05849674 2.05797243 0.24805979,-0.21723782 2.58264828 0.07368879,-0.03162403 2.15035224 0.24805979,-0.31784037 2.62722206 0.01246147,-0.02503507 2.25225806 0.23271844,-0.42697302 2.64145565 -0.04953654,-0.04325433 2.35674572 0.2029845,-0.12680572 1.93675637 0.21650635,-0.08806732 2.45542693 0.16069691,-0.08066531 2.00503778 0.24065606,-0.15812318 2.53960657 0.10847093,-0.04381847 2.08895659 0.24992229,-0.24900253 2.60149097 0.04953654,-0.02342005 2.18565106 0.24373198,-0.3537429 2.63528419 -0.01246147,-0.02533087 2.28955078 0.22246796,-0.46374422 2.63800311 -0.07368879,-0.5 2.63889313 -0.07368879,-0.05313026 2.39304471 0.1874453,-0.10712063 1.95827818 0.22787647,-0.10745647 2.48748302 0.14083001,-0.06307257 2.03254056 0.24620193,-0.18577985 2.56436276 0.08550504,-0.03111655 2.12176538 0.24930096,-0.2826471 2.61651635 0.02489196,-0.0180622 2.22202063 0.23698184,-0.39036185 2.63912034 -0.03726057,-0.02902437 2.32686734 0.21000648,-0.13607545 1.91787851 0.21000648,-0.06654256 2.42816949 0.17004319,-0.08769912 1.9820118 0.23698184,-0.13007459 2.5171833 0.1195635,-0.04681839 2.06215096 0.24930096,-0.21594582 2.58576751 0.06168935,-0.02075336 2.15616274 0.24620193,-0.31776488 2.62752342 0,-0.01580901 2.25910044 0.22787647,-0.42724487 2.638695 -0.06168935,-0.03622814 2.36377192 0.19545788,-0.1159111 1.93782949 0.22246796,-0.08343752 2.46166945 0.1509511,-0.06894744 2.00797296 0.24373198,-0.15570641 2.54412794 0.0971087,-0.032302 2.09372687 0.24992229,-0.2482733 2.60352898 0.03726057,-0.01305879 2.19186139 0.24065606,-0.35392463 2.63437057 -0.02489196,-0.01686847 2.29649591 0.21650635,-0.46393904 2.63403797 -0.08550504,-0.5 2.63492322 -0.08550504,-0.04699373 2.39981532 0.17896672,-0.09575844 1.95996356 0.23271844,-0.10369913 2.49310613 0.1303588,-0.05127721 2.03611851 0.24805979,-0.18408245 2.56795144 0.07368879,-0.01990401 2.12706852 0.24805979,-0.28237671 2.6174078 0.01246147,-0.0083227 2.22852826 0.23271844,-0.39067948 2.6369791 -0.04953654,-0.02139306 2.3337841 0.2029845,-0.1254517 1.91840041 0.21650635,-0.06131 2.43454528 0.16069691,-0.07601645 1.98433554 0.24065606,-0.12715098 2.52206111 0.10847093,-0.0350963 2.06634521 0.24992229,-0.21488434 2.58833003 0.04953654,-0.00997788 2.16192222 0.24373198,-0.31784037 2.62722206 -0.01246147,-0.00678828 2.2657907 0.22246796,-0.4275758 2.63533521 -0.07368879,-0.02947597 2.37052393 0.1874453,-0.10473429 1.93893027 0.22787647,-0.07910288 2.46751404 0.14083001,-0.05709541 2.01094174 0.24620193,-0.15355963 2.54814434 0.08550504,-0.02079983 2.09849119 0.24930096,-0.24775113 2.60498834 0.02489196,-0.00284192 2.19798517 0.23698184,-0.35422701 2.63285041 -0.03726057,-0.00864629 2.30324364 0.21000648,-0.4641625 2.62948918 -0.0971087,-0.5 2.62524223 -0.10847093,-0.5 2.63036895 -0.0971087,-0.04114864 2.40626454 0.17004319,-0.08417162 1.96168232 0.23698184,-0.10023645 2.49828839 0.1195635,-0.03940789 2.0397191 0.24930096,-0.18263897 2.57100344 0.06168935,-0.00876133 2.13233852 0.24620193,-0.28228649 2.61770535 0,0.00122799 2.23490977 0.22787647,-0.39108646 2.63423538 -0.06168935,-0.01403057 2.34045696 0.19545788,-0.11451755 1.91893756 0.22246796,-0.05637948 2.44055319 0.1509511,-0.06416868 1.98669219 0.24373198,-0.12451527 2.5264585 0.0971087,-0.02335963 2.07054472 0.24992229,-0.21405599 2.59032989 0.03726057,0.00067562 2.16761661 0.24065606,-0.31806672 2.62631845 -0.02489196,0.00200471 2.27231216 0.21650635,-0.42796493 2.63138437 -0.08550504,-0.02301461 2.37698531 0.17896672,-0.09330309 1.9400562 0.23271844,-0.07507415 2.47294617 0.1303588,-0.04513869 2.01393676 0.24805979,-0.15168816 2.55164552 0.07368879,-0.00934058 2.10323787 0.24805979,-0.2474373 2.60586548 0.01246147,0.00720517 2.20400715 0.23271844,-0.35464931 2.63072729 -0.04953654,-0.00068478 2.3097775 0.2029845,-0.46441406 2.62436867 -0.10847093,-0.03560952 2.41237593 0.16069691,-0.072389 1.96343005 0.24065606,-0.09707701 2.50301695 0.10847093,-0.02749413 2.04333305 0.24992229,-0.18145302 2.57351112 0.04953654,0.00228378 2.13756251 0.24373198,-0.28237671 2.6174078 -0.01246147,0.01056613 2.24114943 0.22246796,-0.39158186 2.63089585 -0.07368879,-0.00695522 2.34686971 0.1874453,-0.10330019 1.91948867 0.22787647,-0.05176327 2.44617796 0.14083001,-0.05218525 1.9890759 0.24620193,-0.12217399 2.53036451 0.08550504,-0.01163755 2.07473898 0.24930096,-0.21346283 2.59176183 0.02489196,0.01118067 2.17323184 0.23698184,-0.31844333 2.62481475 -0.03726057,0.01054808 2.27864838 0.21000648,-0.4284113 2.62685204 -0.0971087,-0.01686012 2.38313985 0.17004319,-0.0816459 1.94120431 0.23698184,-0.07136136 2.47795224 0.1195635,-0.03310701 2.01695061 0.24930096,-0.15009667 2.55462313 0.06168935,0.00204727 2.10795474 0.24620193,-0.2473326 2.60615802 0,0.01705748 2.2099123 0.22787647,-0.35519043 2.62800694 -0.06168935,0.00699626 2.31608105 0.19545788,-0.4646931 2.61868858 -0.1195635,-0.5 2.61955547 -0.1195635,-0.03039015 2.41813469 0.1509511,-0.06043987 1.96520257 0.24373198,-0.09422869 2.50727963 0.0971087,-0.01556554 2.04695153 0.24992229,-0.18052754 2.57546782 0.03726057,0.01320387 2.14272738 0.24065606,-0.2826471 2.61651635 -0.02489196,0.01966851 2.24723148 0.21650635,-0.39216438 2.62696862 -0.08550504,-0.0001846 2.35300636 0.17896672,-0.09182751 1.92005217 0.23271844,-0.04747286 2.451406 0.1303588,-0.04009598 1.99148059 0.24805979,-0.12013298 2.53376985 0.07368879,4.08E-05 2.0789175 0.24805979,-0.21310635 2.59262252 0.01246147,0.02151114 2.17875361 0.23271844,-0.31896928 2.622715 -0.04953654,0.01882059 2.2847836 0.2029845,-0.42891383 2.62174988 -0.10847093,-0.0110278 2.38897228 0.16069691,-0.06979171 1.94237185 0.24065606,-0.06797372 2.4825201 0.10847093,-0.02103026 2.01997566 0.24992229,-0.14878911 2.5570693 0.04953654,0.0133354 2.11263037 0.24373198,-0.2474373 2.60586548 -0.01246147,0.02669054 2.21568608 0.22246796,-0.35584909 2.62469554 -0.07368879,0.01437774 2.32213879 0.1874453,-0.4649989 2.61246347 -0.1303588,-0.5 2.60655975 -0.14083001,-0.5 2.61332273 -0.1303588,-0.02550351 2.42352629 0.14083001,-0.04835392 1.96699536 0.24620193,-0.09169857 2.5110662 0.08550504,-0.00365177 2.05056548 0.24930096,-0.17986484 2.57686901 0.02489196,0.02397178 2.14782023 0.23698184,-0.28309706 2.61503315 -0.03726057,0.02851249 2.25314069 0.21000648,-0.39283261 2.62246394 -0.0971087,0.00626446 2.35885143 0.17004319,-0.08012803 1.920627 0.23698184,-0.04351889 2.45622373 0.1195635,-0.0279309 1.99390042 0.24930096,-0.1183973 2.53666568 0.06168935,0.01164639 2.08307004 0.24620193,-0.21298742 2.59290957 0,0.03164134 2.1841681 0.22787647,-0.31964326 2.62002444 -0.06168935,0.02680169 2.29070282 0.19545788,-0.42947122 2.61609054 -0.1195635,-0.00553216 2.39446783 0.1509511,-0.05777 1.94355583 0.24373198,-0.06491967 2.48663783 0.0971087,-0.00893849 2.02300453 0.24992229,-0.14776872 2.55897832 0.03726057,0.02449576 2.1172533 0.24065606,-0.24775113 2.60498834 -0.02489196,0.03608038 2.22131419 0.21650635,-0.35662362 2.62080193 -0.08550504,0.02144132 2.32793593 0.17896672,-0.46533075 2.6057086 -0.14083001,-0.02096174 2.42853737 0.1303588,-0.03616121 1.968804 0.24805979,-0.08949293 2.51436734 0.07368879,0.00821754 2.05416608 0.24805979,-0.17946655 2.57771111 0.01246147,0.03456074 2.15282845 0.23271844,-0.28372541 2.61296177 -0.04953654,0.03707609 2.25886273 0.2029845,-0.39358488 2.61739254 -0.10847093,0.01237594 2.36439037 0.16069691,-0.06823083 1.92121148 0.24065606,-0.03991121 2.46061993 0.10847093,-0.01572027 1.99632919 0.24992229,-0.11697128 2.53904486 0.04953654,0.02315035 2.0871861 0.24373198,-0.21310635 2.59262252 -0.01246147,0.0415461 2.18946242 0.22246796,-0.3204636 2.61674953 -0.07368879,0.03447153 2.29639101 0.1874453,-0.43008214 2.60988784 -0.1303588,-0.00038685 2.39961314 0.14083001,-0.04561064 1.94475341 0.24620193,-0.06220679 2.49029589 0.08550504,0.00313826 2.02602959 0.24930096,-0.14703807 2.56034541 0.02489196,0.03550059 2.12181163 0.23698184,-0.2482733 2.60352898 -0.03726057,0.04520367 2.22678256 0.21000648,-0.35751206 2.61633515 -0.0971087,0.02816942 2.33345747 0.17004319,-0.46568781 2.59844089 -0.1509511,-0.5 2.59928322 -0.1509511,-0.01677613 2.4331553 0.1195635,-0.02389206 1.97062397 0.24930096,-0.08761726 2.51717448 0.06168935,0.0200129 2.05774426 0.24620193,-0.17933369 2.57799196 0,0.04494443 2.15773964 0.22787647,-0.28453058 2.61030746 -0.06168935,0.04533801 2.26438332 0.19545788,-0.39441928 2.61176729 -0.1195635,0.01813462 2.36960983 0.1509511,-0.0561655 1.92180419 0.24373198,-0.03665878 2.46458292 0.0971087,-0.00349445 1.99876106 0.24992229,-0.11585847 2.54090142 0.03726057,0.03452409 2.09125566 0.24065606,-0.21346283 2.59176183 -0.02489196,0.05120079 2.19462299 0.21650635,-0.32142824 2.61289835 -0.08550504,0.04181103 2.30183434 0.17896672,-0.43074504 2.60315752 -0.14083001,0.00439533 2.40439534 0.1303588,-0.03334387 1.94596159 0.24805979,-0.05984183 2.4934845 0.07368879,0.01516995 2.02904344 0.24805979,-0.14659895 2.56116676 0.01246147,0.04632254 2.12629414 0.23271844,-0.24900253 2.60149097 -0.04953654,0.05403772 2.23207736 0.2029845,-0.35851225 2.61130691 -0.10847093,0.03454532 2.33869004 0.16069691,-0.46606916 2.59067822 -0.16069691,-0.5 2.59151101 -0.16069691,-0.0129571 2.43736911 0.10847093,-0.01157696 1.97245073 0.24992229,-0.08607622 2.51948071 0.04953654,0.03170498 2.06129098 0.24373198,-0.17946655 2.57771111 -0.01246147,0.05509703 2.16254139 0.22246796,-0.28551063 2.60707664 -0.07368879,0.05327772 2.26968837 0.1874453,-0.39533383 2.60560203 -0.1303588,0.0235262 2.37449646 0.14083001,-0.04396202 1.92240369 0.24620193,-0.03376969 2.46810317 0.08550504,0.00871618 2.00118995 0.24930096,-0.11506162 2.54223084 0.02489196,0.04573934 2.09526873 0.23698184,-0.21405599 2.59032989 -0.03726057,0.0605814 2.19963694 0.21000648,-0.3225348 2.60848069 -0.0971087,0.04880196 2.30701923 0.17004319,-0.43145826 2.59591579 -0.1509511,0.0088025 2.40880251 0.1195635,-0.0210002 1.94717741 0.24930096,-0.05783068 2.49619627 0.06168935,0.02712667 2.03203845 0.24620193,-0.14645244 2.56144094 0,0.0569347 2.13068986 0.22787647,-0.249937 2.59887934 -0.06168935,0.06256057 2.23718572 0.19545788,-0.3596217 2.60572934 -0.1195635,0.04055317 2.34362054 0.1509511,-0.46647388 2.5824399 -0.17004319,-0.5 2.58326292 -0.17004319,-0.00951412 2.44116783 0.0971087,0.00075347 1.97427976 0.24992229,-0.08487364 2.52128053 0.03726057,0.04326471 2.06479764 0.24065606,-0.17986484 2.57686901 -0.02489196,0.06499331 2.16722202 0.21650635,-0.28666306 2.60327768 -0.08550504,0.06087548 2.27476501 0.17896672,-0.39632615 2.59891224 -0.14083001,0.02853727 2.37903833 0.1303588,-0.03165076 1.92300856 0.24805979,-0.03125111 2.47117209 0.07368879,0.02088126 2.00360966 0.24805979,-0.11458271 2.54302979 0.01246147,0.0567682 2.09921479 0.23271844,-0.21488434 2.58833003 -0.04953654,0.06966462 2.20449209 0.2029845,-0.32378051 2.60350752 -0.10847093,0.05542693 2.3119328 0.16069691,-0.43222007 2.58818126 -0.16069691,0.01282369 2.41282368 0.10847093,-0.0086103 1.94839764 0.24992229,-0.05617833 2.49842429 0.04953654,0.03897869 2.03500724 0.24373198,-0.14659895 2.56116676 -0.01246147,0.06731069 2.13498783 0.22246796,-0.25107437 2.5957005 -0.07368879,0.07075103 2.24209499 0.1874453,-0.36083764 2.59961653 -0.1303588,0.04617803 2.3482368 0.14083001,-0.46690094 2.57374668 -0.17896672,-0.5 2.56542134 -0.1874453,-0.5 2.57455921 -0.17896672,-0.00645577 2.44454217 0.08550504,0.01306857 1.97610652 0.24930096,-0.08401252 2.52256918 0.02489196,0.05466335 2.06825519 0.23698184,-0.18052754 2.57546782 -0.03726057,0.07460865 2.17176962 0.21000648,-0.28798506 2.59891963 -0.0971087,0.0681124 2.27960062 0.17004319,-0.39739385 2.59171438 -0.1509511,0.03315538 2.38322377 0.1195635,-0.01926229 1.92361712 0.24930096,-0.02910933 2.47378206 0.06168935,0.03297053 2.00601435 0.24620193,-0.11442294 2.54329658 0,0.06758326 2.10308456 0.22787647,-0.21594582 2.58576751 -0.06168935,0.07842786 2.20917606 0.19545788,-0.32516229 2.59799123 -0.1195635,0.06166947 2.31656241 0.1509511,-0.43302852 2.57997298 -0.17004319,0.01644891 2.41644883 0.0971087,0.00379502 1.94961953 0.24992229,-0.05488889 2.50016284 0.03726057,0.05069656 2.03794241 0.24065606,-0.14703807 2.56034541 -0.02489196,0.07742471 2.13917708 0.21650635,-0.25241184 2.59196258 -0.08550504,0.07858873 2.24679279 0.17896672,-0.36215705 2.59298325 -0.14083001,0.05140592 2.35252714 0.1303588,-0.46734932 2.56462002 -0.1874453,-0.00378965 2.44748378 0.07368879,0.02533772 1.97792649 0.24805979,-0.08349498 2.5233438 0.01246147,0.06587256 2.07165551 0.23271844,-0.18145302 2.57351112 -0.04953654,0.08391915 2.17617321 0.2029845,-0.2894733 2.59401345 -0.10847093,0.07497048 2.28418303 0.16069691,-0.39853424 2.58402658 -0.16069691,0.03736904 2.387043 0.10847093,-0.00682744 1.92422807 0.24992229,-0.02734965 2.47592616 0.04953654,0.04495395 2.00839806 0.24373198,-0.11458271 2.54302979 -0.01246147,0.07815764 2.10686803 0.22246796,-0.21723782 2.58264828 -0.07368879,0.08684933 2.21367741 0.1874453,-0.32667673 2.59194541 -0.1303588,0.06751407 2.3208971 0.14083001,-0.43388164 2.571311 -0.17896672,0.01966915 2.41966915 0.08550504,0.01618493 1.95083976 0.24930096,-0.05396556 2.50140786 0.02489196,0.06225113 2.04083657 0.23698184,-0.14776872 2.55897832 -0.03726057,0.08725161 2.1432476 0.21000648,-0.25394607 2.58767462 -0.0971087,0.0860542 2.25126743 0.17004319,-0.36357662 2.58584666 -0.1509511,0.05622384 2.35648108 0.1195635,-0.46781787 2.55508232 -0.19545788,-0.5 2.55587244 -0.19545788,-0.00152239 2.44998527 0.06168935,0.03753043 1.97973514 0.24620193,-0.08332232 2.52360225 0,0.07686447 2.07499003 0.22787647,-0.18263897 2.57100344 -0.06168935,0.09290167 2.18042159 0.19545788,-0.29112411 2.58857155 -0.1195635,0.08143267 2.28850079 0.1509511,-0.39974451 2.57586765 -0.17004319,0.04116777 2.39048576 0.0971087,0.00562289 1.92483962 0.24992229,-0.02597645 2.47759938 0.03726057,0.05680173 2.01075482 0.24065606,-0.11506162 2.54223084 -0.02489196,0.08846504 2.11055613 0.21650635,-0.21875708 2.57898045 -0.08550504,0.0949081 2.21798491 0.17896672,-0.32832 2.58538508 -0.14083001,0.07294618 2.3249259 0.1303588,-0.43477729 2.56221724 -0.1874453,0.02247639 2.42247629 0.07368879,0.0285286 1.95205557 0.24805979,-0.05341065 2.50215602 0.01246147,0.07361368 2.04368281 0.23271844,-0.14878911 2.5570693 -0.04953654,0.09676697 2.1471889 0.2029845,-0.25567326 2.5828476 -0.10847093,0.09312887 2.25550771 0.16069691,-0.36509287 2.57822394 -0.16069691,0.06061982 2.36008883 0.10847093,-0.46830544 2.54515791 -0.2029845,-0.5 2.54593587 -0.2029845,0.00034038 2.45204043 0.04953654,0.04961637 1.98152792 0.24373198,-0.08349498 2.5233438 -0.01246147,0.08761176 2.07825017 0.22246796,-0.18408245 2.56795144 -0.07368879,0.10153387 2.18450427 0.1874453,-0.29293334 2.58260727 -0.1303588,0.08748291 2.29254365 0.14083001,-0.4010216 2.56725812 -0.17896672,0.04454214 2.3935442 0.08550504,0.01805775 1.92545056 0.24930096,-0.02499315 2.47879744 0.02489196,0.0684844 2.01307869 0.23698184,-0.11585847 2.54090142 -0.03726057,0.09847984 2.11413956 0.21000648,-0.22049986 2.57477307 -0.0971087,0.10258414 2.22208786 0.17004319,-0.33008805 2.57832646 -0.1509511,0.07795231 2.32863855 0.1195635,-0.43571326 2.55271435 -0.19545788,0.02486367 2.42486358 0.06168935,0.04079537 1.95326364 0.24620193,-0.05322552 2.50240564 0,0.08475596 2.04647374 0.22787647,-0.15009667 2.55462313 -0.06168935,0.10594713 2.15099144 0.19545788,-0.2575891 2.57749319 -0.1195635,0.09979515 2.25950336 0.1509511,-0.36670202 2.57013416 -0.17004319,0.06458291 2.36334133 0.0971087,-0.4688108 2.53487086 -0.21000648,-0.5 2.53563666 -0.21000648,0.00179403 2.45364428 0.03726057,0.06156551 1.98330033 0.24065606,-0.08401252 2.52256918 -0.02489196,0.09808771 2.08142781 0.21650635,-0.18577985 2.56436276 -0.08550504,0.1097943 2.18841124 0.17896672,-0.29489654 2.5761354 -0.14083001,0.09310617 2.29630089 0.1303588,-0.40236241 2.55821919 -0.1874453,0.04748375 2.39621043 0.07368879,0.03044621 1.92605913 0.24805979,-0.02440219 2.4795177 0.01246147,0.07997292 2.01536369 0.23271844,-0.11697128 2.53904486 -0.04953654,0.10817713 2.11760926 0.2029845,-0.22246182 2.57003641 -0.10847093,0.10985836 2.22597599 0.16069691,-0.3319765 2.57078743 -0.16069691,0.08252001 2.33202624 0.10847093,-0.4366872 2.54282546 -0.2029845,0.02682504 2.42682505 0.04953654,0.05295472 1.95446134 0.24373198,-0.05341065 2.50215602 -0.01246147,0.09565028 2.04920268 0.22246796,-0.15168816 2.55164552 -0.07368879,0.11476927 2.15464568 0.1874453,-0.25968882 2.57162476 -0.1303588,0.10603646 2.26324439 0.14083001,-0.36840004 2.56159782 -0.17896672,0.06810328 2.36623025 0.08550504,-0.4693327 2.52424717 -0.21650635,-0.5 2.5250001 -0.21650635,0.00283493 2.45479274 0.02489196,0.07334813 1.98504817 0.23698184,-0.08487364 2.52128053 -0.03726057,0.10826627 2.08451557 0.21000648,-0.18772699 2.56024575 -0.0971087,0.11766241 2.19213247 0.17004319,-0.29700881 2.56917214 -0.1509511,0.09828845 2.29976344 0.1195635,-0.40376353 2.54877353 -0.19545788,0.04998529 2.39847755 0.06168935,0.04275748 1.92666399 0.24620193,-0.02420504 2.47975779 0,0.09123872 2.01760459 0.22787647,-0.1183973 2.53666568 -0.06168935,0.11753281 2.12095666 0.19545788,-0.22463807 2.56478262 -0.1195635,0.11671266 2.22963977 0.1509511,-0.33398065 2.56278634 -0.17004319,0.08663792 2.33508039 0.0971087,-0.43769673 2.53257585 -0.21000648,0.02835564 2.42835569 0.03726057,0.06497644 1.95564532 0.24065606,-0.05396556 2.50140786 -0.02489196,0.10626953 2.05186272 0.21650635,-0.15355963 2.54814434 -0.08550504,0.12321144 2.15814257 0.17896672,-0.26196721 2.56525707 -0.14083001,0.11183731 2.26672125 0.1303588,-0.37018272 2.55263567 -0.1874453,0.07117217 2.3687489 0.07368879,-0.46986985 2.51331306 -0.22246796,-0.5 2.51405263 -0.22246796,0.00346052 2.45548296 0.01246147,0.08493494 1.98676693 0.23271844,-0.08607622 2.51948071 -0.04953654,0.11812213 2.08750534 0.2029845,-0.18991899 2.55561113 -0.10847093,0.12511864 2.19565916 0.16069691,-0.29926491 2.56173491 -0.16069691,0.10301687 2.30292296 0.10847093,-0.40522152 2.53894472 -0.2029845,0.05204054 2.40034032 0.04953654,0.05496095 1.9272635 0.24373198,-0.02440219 2.4795177 -0.01246147,0.10225382 2.01979566 0.22246796,-0.12013298 2.53376985 -0.07368879,0.12652363 2.12417364 0.1874453,-0.22702321 2.55902433 -0.1303588,0.12313002 2.2330699 0.14083001,-0.33609548 2.55434346 -0.17896672,0.09029581 2.33779311 0.08550504,-0.4387393 2.52199054 -0.21650635,0.02945164 2.4294517 0.02489196,0.07683063 1.95681286 0.23698184,-0.05488889 2.50016284 -0.03726057,0.11658733 2.05444717 0.21000648,-0.15570641 2.54412794 -0.0971087,0.13125268 2.16147351 0.17004319,-0.2644186 2.55840588 -0.1509511,0.11718325 2.26992536 0.1195635,-0.37204564 2.54327011 -0.19545788,0.07378194 2.37089062 0.06168935,-0.47042093 2.5020957 -0.22787647,-0.5 2.50282168 -0.22787647,0.00366922 2.45571327 0,0.09629714 1.98845232 0.22787647,-0.08761726 2.51717448 -0.06168935,0.1276308 2.09038973 0.19545788,-0.19235043 2.55047035 -0.1195635,0.13214447 2.198982 0.1509511,-0.30165923 2.55384183 -0.17004319,0.10727967 2.30577135 0.0971087,-0.40673274 2.52875686 -0.21000648,0.05364439 2.40179396 0.03726057,0.06702629 1.92785621 0.24065606,-0.02499315 2.47879744 -0.02489196,0.1129908 2.02193141 0.21650635,-0.12217399 2.53036451 -0.08550504,0.13512722 2.1272521 0.17896672,-0.22961131 2.5527761 -0.14083001,0.12909448 2.23625803 0.1303588,-0.33831578 2.54547954 -0.1874453,0.09348459 2.34015822 0.07368879,-0.4398123 2.51109576 -0.22246796,0.03011034 2.43011045 0.01246147,0.08848782 1.95796096 0.23271844,-0.05617833 2.49842429 -0.04953654,0.12657803 2.05694962 0.2029845,-0.15812318 2.53960657 -0.10847093,0.13887297 2.16462994 0.16069691,-0.26703691 2.55108809 -0.16069691,0.122061 2.27284908 0.10847093,-0.37398416 2.53352451 -0.2029845,0.07592613 2.37265038 0.04953654,-0.47098455 2.490623 -0.23271844,-0.5 2.49133515 -0.23271844,0.00346052 2.45548296 -0.01246147,0.10740647 1.99010026 0.22246796,-0.08949293 2.51436734 -0.07368879,0.13676864 2.09316158 0.1874453,-0.19501524 2.54483604 -0.1303588,0.1387224 2.20209312 0.14083001,-0.30418581 2.54551291 -0.17896672,0.11106627 2.30830145 0.08550504,-0.40829346 2.51823521 -0.21650635,0.05479285 2.40283489 0.02489196,0.07892349 1.92844069 0.23698184,-0.02597645 2.47759938 -0.03726057,0.12342299 2.02400661 0.21000648,-0.12451527 2.5264585 -0.0971087,0.1433222 2.13018441 0.17004319,-0.23239593 2.54605341 -0.1509511,0.13459121 2.23919606 0.1195635,-0.34063599 2.53621674 -0.19545788,0.09619631 2.34216928 0.06168935,-0.44091314 2.49991894 -0.22787647,0.03033009 2.43033004 0,0.09991902 1.95908689 0.22787647,-0.05783068 2.49619627 -0.06168935,0.13621677 2.05936408 0.19545788,-0.16080393 2.5345912 -0.1195635,0.14605337 2.16760397 0.1509511,-0.26981565 2.54332209 -0.17004319,0.12645844 2.2754848 0.0971087,-0.37599346 2.52342296 -0.21000648,0.07759937 2.37402344 0.03726057,-0.47155932 2.47892356 -0.23698184,-0.5 2.47962165 -0.23698184,0.00283493 2.45479274 -0.02489196,0.11823532 1.99170649 0.21650635,-0.09169857 2.5110662 -0.08550504,0.14551291 2.09581423 0.17896672,-0.19790681 2.53872252 -0.14083001,0.1448361 2.20498466 0.1303588,-0.30683833 2.53676867 -0.1874453,0.11436725 2.31050706 0.07368879,-0.40989977 2.50740647 -0.22246796,0.05548308 2.4034605 0.01246147,0.09062297 1.9290154 0.23271844,-0.02734965 2.47592616 -0.04953654,0.13352445 2.02601576 0.2029845,-0.12715098 2.52206111 -0.10847093,0.15108818 2.13296318 0.16069691,-0.23537016 2.53887296 -0.16069691,0.13960654 2.24187684 0.10847093,-0.34305036 2.52657795 -0.2029845,0.09842425 2.34382176 0.04953654,-0.44203901 2.48848772 -0.23271844,0.03011034 2.43011045 -0.01246147,0.11109583 1.96018767 0.22246796,-0.05984183 2.4934845 -0.07368879,0.14547962 2.06168413 0.1874453,-0.16374199 2.52909446 -0.1303588,0.15277603 2.1703887 0.14083001,-0.27274784 2.53512716 -0.17896672,0.13036461 2.27782607 0.08550504,-0.37806854 2.51299071 -0.21650635,0.07879753 2.37500691 0.02489196,-0.4721438 2.46702623 -0.24065606,-0.5 2.46771002 -0.24065606,0.00179403 2.45364428 -0.03726057,0.12875676 1.9932673 0.21000648,-0.09422869 2.50727963 -0.0971087,0.1538419 2.09834075 0.17004319,-0.20101793 2.53214455 -0.1509511,0.15047038 2.20764947 0.1195635,-0.30961028 2.52763081 -0.19545788,0.11717439 2.3123827 0.06168935,-0.41154766 2.49629712 -0.22787647,0.05571334 2.40366912 0,0.10209565 1.92957902 0.22787647,-0.02910933 2.47378206 -0.06168935,0.14327005 2.02795434 0.19545788,-0.13007459 2.5171833 -0.1195635,0.15840589 2.13558149 0.1509511,-0.23852658 2.53125262 -0.17004319,0.14412799 2.24429369 0.0971087,-0.34555292 2.51658726 -0.21000648,0.10016286 2.34511113 0.03726057,-0.44318715 2.47683072 -0.23698184,0.02945164 2.4294517 -0.02489196,0.12199046 1.96126068 0.21650635,-0.06220679 2.49029589 -0.08550504,0.15434352 2.06390452 0.17896672,-0.16693006 2.52312994 -0.14083001,0.15902427 2.17297673 0.1303588,-0.27582628 2.52652359 -0.1874453,0.13376984 2.27986693 0.07368879,-0.38020426 2.50225377 -0.22246796,0.07951761 2.37559772 0.01246147,-0.47273651 2.45496106 -0.24373198,-0.5 2.4556303 -0.24373198,0.00034038 2.45204043 -0.04953654,0.13894464 1.99477851 0.2029845,-0.09707701 2.50301695 -0.10847093,0.16173488 2.10073519 0.16069691,-0.2043409 2.52511859 -0.16069691,0.1556112 2.2100811 0.10847093,-0.3124947 2.5181222 -0.2029845,0.11948071 2.31392384 0.04953654,-0.4132331 2.48493505 -0.23271844,0.05548308 2.4034605 -0.01246147,0.11331301 1.93013012 0.22246796,-0.03125111 2.47117209 -0.07368879,0.15263557 2.02981734 0.1874453,-0.13327883 2.51183724 -0.1303588,0.16525708 2.13803267 0.14083001,-0.24185736 2.52321148 -0.17896672,0.14814436 2.24644041 0.08550504,-0.34813738 2.50626945 -0.21650635,0.10140782 2.34603453 0.02489196,-0.44435468 2.46497655 -0.24065606,0.02835564 2.42835569 -0.03726057,0.1325758 1.96230328 0.21000648,-0.06491967 2.48663783 -0.0971087,0.16278644 2.0660193 0.17004319,-0.17036022 2.51671267 -0.1509511,0.16478249 2.17536187 0.1195635,-0.27904323 2.51753283 -0.19545788,0.13666563 2.28160262 0.06168935,-0.3823953 2.49123883 -0.22787647,0.07975784 2.37579489 0,-0.47333604 2.44275737 -0.24620193,-0.5 2.44341207 -0.24620193,-0.00152239 2.44998527 -0.06168935,0.14877363 1.99623644 0.19545788,-0.10023645 2.49828839 -0.1195635,0.16917223 2.1029911 0.1509511,-0.20786744 2.51766253 -0.17004319,0.16024581 2.21227312 0.0971087,-0.31548443 2.50826621 -0.21000648,0.1212805 2.31512642 0.03726057,-0.41495183 2.47334814 -0.23698184,0.05479285 2.40283489 -0.02489196,0.12424716 1.93066728 0.21650635,-0.03376969 2.46810317 -0.08550504,0.16159774 2.0316 0.17896672,-0.13675572 2.50603652 -0.14083001,0.17162478 2.14031124 0.1303588,-0.24535424 2.51476932 -0.1874453,0.15164563 2.24831176 0.07368879,-0.35079738 2.49565029 -0.22246796,0.10215604 2.34658933 0.01246147,-0.4455387 2.45295477 -0.24373198,0.02682504 2.42682505 -0.04953654,0.14282556 1.96331275 0.2029845,-0.06797372 2.4825201 -0.10847093,0.17078739 2.06802344 0.16069691,-0.17402393 2.50985837 -0.16069691,0.17003644 2.17753816 0.10847093,-0.28239074 2.50817704 -0.2029845,0.13904481 2.2830286 0.04953654,-0.38463622 2.47997284 -0.23271844,0.07951761 2.37559772 -0.01246147,-0.47394085 2.43044615 -0.24805979,-0.5 2.43108582 -0.24805979,-0.00378965 2.44748378 -0.07368879,0.15821928 1.99763763 0.1874453,-0.10369913 2.49310613 -0.1303588,0.17613547 2.10510349 0.14083001,-0.21158877 2.50979424 -0.17896672,0.16436267 2.21422005 0.08550504,-0.31857207 2.49808764 -0.21650635,0.12256927 2.31598759 0.02489196,-0.41669962 2.46156549 -0.24065606,0.05364439 2.40179396 -0.03726057,0.13487092 1.93118918 0.21000648,-0.03665878 2.46458292 -0.0971087,0.17013426 2.03329802 0.17004319,-0.14049663 2.4997952 -0.1509511,0.17749311 2.14241099 0.1195635,-0.24900848 2.50594711 -0.19545788,0.15462309 2.24990344 0.06168935,-0.35352626 2.48475599 -0.22787647,0.10240564 2.34677458 0,-0.44673631 2.44079542 -0.24620193,0.02486367 2.42486358 -0.06168935,0.15271425 1.96428668 0.19545788,-0.07136136 2.47795224 -0.1195635,0.17832649 2.06991196 0.1509511,-0.17791207 2.50258422 -0.17004319,0.17477302 2.1795001 0.0971087,-0.28586048 2.49847984 -0.21000648,0.14090143 2.28414154 0.03726057,-0.38692144 2.4684844 -0.23698184,0.07879753 2.37500691 -0.02489196,-0.47454944 2.41805768 -0.24930096,-0.5 2.4062326 -0.24992229,-0.5 2.41868258 -0.24930096,-0.00645577 2.44454217 -0.08550504,0.16725811 1.99897838 0.17896672,-0.10745647 2.48748302 -0.14083001,0.18260728 2.10706663 0.1303588,-0.21549566 2.50153399 -0.1874453,0.16795154 2.21591759 0.07368879,-0.32174993 2.48761177 -0.22246796,0.12334381 2.31650496 0.01246147,-0.41847211 2.44961643 -0.24373198,0.05204054 2.40034032 -0.04953654,0.14515786 1.93169463 0.2029845,-0.03991121 2.46061993 -0.10847093,0.17822392 2.0349071 0.16069691,-0.14449224 2.49312878 -0.16069691,0.1828475 2.14432669 0.10847093,-0.25281101 2.49676704 -0.2029845,0.15706937 2.25121093 0.04953654,-0.35631725 2.47361374 -0.23271844,0.10215604 2.34658933 -0.01246147,-0.44794446 2.42852855 -0.24805979,0.02247639 2.42247629 -0.07368879,0.16221727 1.96522272 0.1874453,-0.07507415 2.47294617 -0.1303588,0.18538499 2.07168007 0.14083001,-0.18201499 2.49490809 -0.17896672,0.17898045 2.18124294 0.08550504,-0.28944385 2.48846507 -0.21650635,0.1422309 2.28493834 0.02489196,-0.38924524 2.45680165 -0.24065606,0.07759937 2.37402344 -0.03726057,-0.47516033 2.40562296 -0.24992229,-0.00951412 2.44116783 -0.0971087,0.17586768 2.00025558 0.17004319,-0.11149911 2.48143268 -0.1509511,0.18857157 2.10887599 0.1195635,-0.2195784 2.49290156 -0.19545788,0.17100352 2.21736097 0.06168935,-0.32501006 2.47686458 -0.22787647,0.12360221 2.31667757 0,-0.4202649 2.43753052 -0.24620193,0.04998529 2.39847755 -0.06168935,0.15508242 1.93218219 0.19545788,-0.04351889 2.45622373 -0.1195635,0.1858466 2.03642344 0.1509511,-0.14873263 2.48605418 -0.17004319,0.18767464 2.14605403 0.0971087,-0.25675243 2.48725152 -0.21000648,0.15897836 2.25223136 0.03726057,-0.35916343 2.46225119 -0.23698184,0.10140782 2.34603453 -0.02489196,-0.44916022 2.4161849 -0.24930096,0.01966915 2.41966915 -0.08550504,0.17131102 1.96611834 0.17896672,-0.07910288 2.46751404 -0.14083001,0.19194533 2.07332325 0.1303588,-0.1863225 2.48684931 -0.1874453,0.1826483 2.18276215 0.07368879,-0.29313189 2.47815776 -0.22246796,0.1430299 2.28541732 0.01246147,-0.39160192 2.44495392 -0.24373198,0.07592613 2.37265038 -0.04953654,-0.47577199 2.3931725 -0.24992229,-0.5 2.39376736 -0.24992229,-0.0129571 2.43736911 -0.10847093,0.18402655 2.0014658 0.16069691,-0.11581701 2.47497058 -0.16069691,0.19401354 2.1105268 0.10847093,-0.22382681 2.48391914 -0.2029845,0.173511 2.21854687 0.04953654,-0.32834443 2.46587253 -0.23271844,0.12334381 2.31650496 -0.01246147,-0.42207351 2.42533779 -0.24805979,0.04748375 2.39621043 -0.07368879,0.16461994 1.93265069 0.1874453,-0.04747286 2.451406 -0.1303588,0.19298334 2.03784299 0.14083001,-0.15320726 2.47858882 -0.17896672,0.19196254 2.14758825 0.08550504,-0.26082286 2.47742462 -0.21650635,0.16034533 2.25296187 0.02489196,-0.36205769 2.45069647 -0.24065606,0.10016286 2.34511113 -0.03726057,-0.45038053 2.403795 -0.24992229,0.01644891 2.41644883 -0.0971087,0.17997287 1.96697152 0.17004319,-0.08343752 2.46166945 -0.1509511,0.19799122 2.07483768 0.1195635,-0.19082387 2.47842789 -0.19545788,0.18576743 2.18405414 0.06168935,-0.29691547 2.46758318 -0.22787647,0.14329645 2.28557706 0,-0.39398557 2.43297052 -0.24620193,0.07378194 2.37089062 -0.06168935,-0.47638288 2.38073778 -0.24930096,-0.5 2.38131738 -0.24930096,-0.01677613 2.4331553 -0.1195635,0.19171444 2.00260615 0.1509511,-0.12039943 2.46811247 -0.17004319,0.19891961 2.11201501 0.0971087,-0.22823034 2.47460866 -0.21000648,0.17546776 2.21947241 0.03726057,-0.3317447 2.45466328 -0.23698184,0.12256927 2.31598759 -0.02489196,-0.42389348 2.41306853 -0.24930096,0.04454214 2.3935442 -0.08550504,0.17374668 1.93309903 0.17896672,-0.05176327 2.44617796 -0.14083001,0.19961642 2.0391624 0.1303588,-0.157905 2.47075105 -0.1874453,0.19570051 2.14892554 0.07368879,-0.2650122 2.46731067 -0.22246796,0.16116688 2.25340104 0.01246147,-0.36499286 2.43897867 -0.24373198,0.09842425 2.34382176 -0.04953654,-0.45160234 2.39138961 -0.24992229,0.01282369 2.41282368 -0.10847093,0.1881813 1.96777999 0.16069691,-0.08806732 2.45542693 -0.16069691,0.20350762 2.07621956 0.10847093,-0.19550791 2.46966457 -0.2029845,0.18833008 2.18511558 0.04953654,-0.30078515 2.45676827 -0.23271844,0.1430299 2.28541732 -0.01246147,-0.39639029 2.42088127 -0.24805979,0.07117217 2.3687489 -0.07368879,-0.47699147 2.36834931 -0.24805979,-0.5 2.36891413 -0.24805979,-0.02096174 2.42853737 -0.1303588,0.19891225 2.00367379 0.14083001,-0.12523499 2.46087551 -0.17896672,0.20327762 2.11333704 0.08550504,-0.23277807 2.46499324 -0.21650635,0.17686895 2.22013521 0.02489196,-0.33520246 2.44326472 -0.24065606,0.1212805 2.31512642 -0.03726057,-0.42572024 2.4007535 -0.24992229,0.04116777 2.39048576 -0.0971087,0.18243995 1.93352616 0.17004319,-0.05637948 2.44055319 -0.1509511,0.20572934 2.04037833 0.1195635,-0.16281417 2.46256065 -0.19545788,0.19887927 2.15006304 0.06168935,-0.26931009 2.45693469 -0.22787647,0.16144095 2.25354767 0,-0.36796165 2.42712665 -0.24620193,0.09619631 2.34216928 -0.06168935,-0.45282263 2.37899971 -0.24930096,0.0088025 2.40880251 -0.1195635,0.19591589 1.96854174 0.1509511,-0.09298073 2.44880199 -0.17004319,0.20848081 2.0774653 0.0971087,-0.200363 2.4605813 -0.21000648,0.19032991 2.18594408 0.03726057,-0.30473134 2.44573927 -0.23698184,0.1422309 2.28493834 -0.02489196,-0.39881006 2.4087162 -0.24930096,0.06810328 2.36623025 -0.08550504,-0.47759628 2.35603809 -0.24620193,-0.5 2.35658789 -0.24620193,-0.02550351 2.42352629 -0.14083001,0.20560208 2.00466609 0.1303588,-0.13031164 2.45327783 -0.1874453,0.20707671 2.11448932 0.07368879,-0.23745866 2.45509696 -0.22246796,0.17771104 2.22053337 0.01246147,-0.33870906 2.431705 -0.24373198,0.11948071 2.31392384 -0.04953654,-0.42754927 2.38842297 -0.24992229,0.03736904 2.387043 -0.10847093,0.19067815 1.93393087 0.16069691,-0.06131 2.43454528 -0.16069691,0.21130688 2.04148769 0.10847093,-0.16792257 2.45403767 -0.2029845,0.20149092 2.1509974 0.04953654,-0.27370578 2.44632244 -0.23271844,0.16116688 2.25340104 -0.01246147,-0.37095666 2.41516995 -0.24805979,0.09348459 2.34015822 -0.07368879,-0.45403838 2.36665606 -0.24805979,0.00439533 2.40439534 -0.1303588,0.20315741 1.96925497 0.14083001,-0.09816555 2.44181108 -0.17896672,0.21289843 2.0785718 0.08550504,-0.20537704 2.45120072 -0.21650635,0.19176191 2.18653727 0.02489196,-0.30874422 2.43452406 -0.24065606,0.14090143 2.28414154 -0.03726057,-0.40123892 2.39650559 -0.24992229,0.06458291 2.36334133 -0.0971087,-0.47819582 2.3438344 -0.24373198,-0.5 2.33228993 -0.24065606,-0.5 2.34436965 -0.24373198,-0.03039015 2.41813469 -0.1509511,0.21176729 2.00558066 0.1195635,-0.13561679 2.44533801 -0.19545788,0.21030745 2.11546946 0.06168935,-0.24226049 2.44494438 -0.22787647,0.17799197 2.22066641 0,-0.3422558 2.42001295 -0.24620193,0.11717439 2.3123827 -0.06168935,-0.42937607 2.37610793 -0.24930096,0.03315538 2.38322377 -0.1195635,0.19844081 1.93431222 0.1509511,-0.06654256 2.42816949 -0.17004319,0.21633522 2.04248786 0.0971087,-0.17321749 2.44520378 -0.21000648,0.20352899 2.15172672 0.03726057,-0.27818841 2.43550062 -0.23698184,0.16034533 2.25296187 -0.02489196,-0.37397042 2.40313816 -0.24930096,0.09029581 2.33779311 -0.08550504,-0.45524657 2.35438943 -0.24620193,-0.00038685 2.39961314 -0.14083001,0.20988788 1.96991789 0.1303588,-0.1036089 2.43447161 -0.1874453,0.2167495 2.07953644 0.07368879,-0.21053758 2.4415462 -0.22246796,0.19262254 2.1868937 0.01246147,-0.31281382 2.4231503 -0.24373198,0.13904481 2.2830286 -0.04953654,-0.40367079 2.38427973 -0.24992229,0.06061982 2.36008883 -0.10847093,-0.47878855 2.33176923 -0.24065606,-0.03560952 2.41237593 -0.16069691,0.21739256 2.00641513 0.10847093,-0.14113723 2.43707609 -0.2029845,0.21296181 2.1162746 0.04953654,-0.2471716 2.43456078 -0.23271844,0.17771104 2.22053337 -0.01246147,-0.3458339 2.40821743 -0.24805979,0.11436725 2.31050706 -0.07368879,-0.431196 2.36383867 -0.24805979,0.02853727 2.37903833 -0.1303588,0.20570861 1.93466926 0.14083001,-0.07206417 2.42144132 -0.17896672,0.22080182 2.04337645 0.08550504,-0.17868578 2.43608046 -0.21650635,0.20498836 2.15224886 0.02489196,-0.28274673 2.4244957 -0.24065606,0.15897836 2.25223136 -0.03726057,-0.3769955 2.39106154 -0.24992229,0.08663792 2.33508039 -0.0971087,-0.45644414 2.34223008 -0.24373198,-0.00553216 2.39446783 -0.1509511,0.21609053 1.97052872 0.1195635,-0.10929724 2.42680168 -0.19545788,0.22002444 2.08035684 0.06168935,-0.21583179 2.43164134 -0.22787647,0.19290964 2.18701267 0,-0.31693 2.41164637 -0.24620193,0.13666563 2.28160262 -0.06168935,-0.40609962 2.37206912 -0.24930096,0.05622384 2.35648108 -0.1195635,-0.47937301 2.3198719 -0.23698184,-0.5 2.3203783 -0.23698184,-0.04114864 2.40626454 -0.17004319,0.22246391 2.00716734 0.0971087,-0.14685924 2.42851257 -0.21000648,0.21503319 2.11690307 0.03726057,-0.2521798 2.42397189 -0.23698184,0.17686895 2.22013521 -0.02489196,-0.34943441 2.39634824 -0.24930096,0.11106627 2.30830145 -0.08550504,-0.43300465 2.35164618 -0.24620193,0.0235262 2.37449646 -0.14083001,0.2124635 1.93500113 0.1303588,-0.07786109 2.41437769 -0.1874453,0.22469558 2.04415083 0.07368879,-0.18431383 2.42669058 -0.22246796,0.20586544 2.15256262 0.01246147,-0.28736952 2.41333532 -0.24373198,0.15706937 2.25121093 -0.04953654,-0.38002431 2.37896967 -0.24992229,0.08252001 2.33202624 -0.10847093,-0.45762819 2.3302083 -0.24065606,-0.0110278 2.38897228 -0.16069691,0.22174998 1.97108614 0.10847093,-0.11521643 2.41882062 -0.2029845,0.22271511 2.08103061 0.04953654,-0.2212465 2.42151117 -0.23271844,0.19262254 2.1868937 -0.01246147,-0.32108253 2.40004086 -0.24805979,0.13376984 2.27986693 -0.07368879,-0.40851942 2.35990405 -0.24805979,0.05140592 2.35252714 -0.1303588,-0.47994778 2.30817246 -0.23271844,-0.5 2.3086648 -0.23271844,-0.04699373 2.39981532 -0.17896672,0.22696872 2.00783563 0.08550504,-0.1527686 2.41966844 -0.21650635,0.21651644 2.11735296 0.02489196,-0.25727266 2.41320395 -0.24065606,0.17546776 2.21947241 -0.03726057,-0.35304841 2.38443446 -0.24992229,0.10727967 2.30577135 -0.0971087,-0.43479741 2.33956003 -0.24373198,0.01813462 2.36960983 -0.1509511,0.21868865 1.93530691 0.1195635,-0.08391892 2.40699625 -0.19545788,0.22800682 2.04480958 0.06168935,-0.19008768 2.41705751 -0.22787647,0.20615804 2.15266728 0,-0.29204521 2.40204716 -0.24620193,0.15462309 2.24990344 -0.06168935,-0.3830494 2.36689305 -0.24930096,0.07795231 2.32863855 -0.1195635,-0.45879573 2.31835413 -0.23698184,-0.01686012 2.38313985 -0.17004319,0.22685212 1.97158873 0.0971087,-0.12135174 2.41054797 -0.21000648,0.22481483 2.08155656 0.03726057,-0.22676824 2.41118073 -0.23698184,0.19176191 2.18653727 -0.02489196,-0.32526112 2.38836241 -0.24930096,0.13036461 2.27782607 -0.08550504,-0.41092411 2.3478148 -0.24620193,0.04617803 2.3482368 -0.14083001,-0.4805114 2.29669976 -0.22787647,-0.5 2.28594732 -0.22246796,-0.5 2.29717827 -0.22787647,-0.05313026 2.39304471 -0.1874453,0.2308958 2.00841808 0.07368879,-0.15885063 2.41056609 -0.22246796,0.21740787 2.11762333 0.01246147,-0.26243746 2.40228367 -0.24373198,0.173511 2.21854687 -0.04953654,-0.35666692 2.3725059 -0.24992229,0.10301687 2.30292296 -0.10847093,-0.4365699 2.32761097 -0.24065606,0.01237594 2.36439037 -0.16069691,0.22436863 1.93558598 0.10847093,-0.09022259 2.39931512 -0.2029845,0.23072733 2.04535079 0.04953654,-0.19599292 2.4072051 -0.23271844,0.20586544 2.15256262 -0.01246147,-0.29676223 2.39065933 -0.24805979,0.15164563 2.24831176 -0.07368879,-0.38606319 2.35486126 -0.24805979,0.07294618 2.3249259 -0.1303588,-0.45994386 2.30669689 -0.23271844,-0.02301461 2.37698531 -0.17896672,0.23138429 1.97203505 0.08550504,-0.12768793 2.40200472 -0.21650635,0.22631836 2.08193326 0.02489196,-0.23238331 2.40067554 -0.24065606,0.19032991 2.18594408 -0.03726057,-0.32945535 2.37664032 -0.24992229,0.12645844 2.2754848 -0.0971087,-0.41330776 2.3358314 -0.24373198,0.04055317 2.34362054 -0.1509511,-0.48106247 2.28548241 -0.22246796,-0.05954298 2.3859694 -0.19545788,0.23423538 2.00891352 0.06168935,-0.16509016 2.40122795 -0.22787647,0.21770525 2.11771345 0,-0.26766142 2.39123869 -0.24620193,0.17100352 2.21736097 -0.06168935,-0.3602809 2.36059213 -0.24930096,0.09828845 2.29976344 -0.1195635,-0.43831769 2.31582832 -0.23698184,0.00626446 2.35885143 -0.17004319,0.2294893 1.93583751 0.0971087,-0.09675643 2.39135361 -0.21000648,0.23285031 2.04577303 0.03726057,-0.20201491 2.39715815 -0.23698184,0.20498836 2.15224886 -0.02489196,-0.30150878 2.37920022 -0.24930096,0.14814436 2.24644041 -0.08550504,-0.38905817 2.34290457 -0.24620193,0.06751407 2.3208971 -0.14083001,-0.46106973 2.29526567 -0.22787647,-0.02947597 2.37052393 -0.1874453,0.23533523 1.97242415 0.07368879,-0.13420926 2.39321184 -0.22246796,0.22722198 2.08215952 0.01246147,-0.23807772 2.39002204 -0.24373198,0.18833008 2.18511558 -0.04953654,-0.33365479 2.36490369 -0.24992229,0.122061 2.27284908 -0.10847093,-0.41566443 2.32398367 -0.24065606,0.03454532 2.33869004 -0.16069691,-0.48159963 2.27454829 -0.21650635,-0.5 2.2750001 -0.21650635,-0.06621595 2.37860703 -0.2029845,0.23697916 2.0093205 0.04953654,-0.17147173 2.39167738 -0.23271844,0.21740787 2.11762333 -0.01246147,-0.27293152 2.38009596 -0.24805979,0.16795154 2.21591759 -0.07368879,-0.36388144 2.3487227 -0.24805979,0.09310617 2.29630089 -0.1303588,-0.44003642 2.30424166 -0.23271844,-0.0001846 2.35300636 -0.17896672,0.23403791 1.93606102 0.08550504,-0.1035042 2.3831315 -0.21650635,0.23437053 2.04607534 0.02489196,-0.20813867 2.38694119 -0.24065606,0.20352899 2.15172672 -0.03726057,-0.30627313 2.36769795 -0.24992229,0.14412799 2.24429369 -0.0971087,-0.39202696 2.33105254 -0.24373198,0.06166947 2.31656241 -0.1509511,-0.46217054 2.28408885 -0.22246796,-0.03622814 2.36377192 -0.19545788,0.23869509 1.97275507 0.06168935,-0.14089949 2.38419104 -0.22787647,0.22752345 2.0822351 0,-0.24383734 2.37924671 -0.24620193,0.18576743 2.18405414 -0.06168935,-0.33784902 2.3531816 -0.24930096,0.11718325 2.26992536 -0.1195635,-0.41798824 2.31230092 -0.23698184,0.02816942 2.33345747 -0.17004319,-0.48212153 2.2639246 -0.21000648,-0.5 2.26436353 -0.21000648,-0.07313257 2.37097573 -0.21000648,0.2391203 2.00963807 0.03726057,-0.17797945 2.38193774 -0.23698184,0.21651644 2.11735296 -0.02489196,-0.27823463 2.36888337 -0.24930096,0.16436267 2.21422005 -0.08550504,-0.36745951 2.33692741 -0.24620193,0.08748291 2.29254365 -0.14083001,-0.44172186 2.29287934 -0.22787647,-0.00695522 2.34686971 -0.1874453,0.23800318 1.93625581 0.07368879,-0.11044911 2.37466908 -0.22246796,0.23528416 2.04625702 0.01246147,-0.21434897 2.37658 -0.24373198,0.20149092 2.1509974 -0.04953654,-0.31104341 2.35618162 -0.24992229,0.13960654 2.24187684 -0.10847093,-0.39496213 2.31933475 -0.24065606,0.05542693 2.3119328 -0.16069691,-0.46324357 2.27319431 -0.21650635,-0.04325433 2.35674572 -0.2029845,0.24145554 1.97302699 0.04953654,-0.147742 2.37496495 -0.23271844,0.22722198 2.08215952 -0.01246147,-0.24964783 2.36837602 -0.24805979,0.1826483 2.18276215 -0.07368879,-0.3420276 2.34150338 -0.24805979,0.11183731 2.26672125 -0.1303588,-0.42027345 2.30081248 -0.23271844,0.02144132 2.32793593 -0.17896672,-0.48262689 2.25363755 -0.2029845,-0.5 2.25406408 -0.2029845,-0.08027565 2.36309457 -0.21650635,0.24065353 2.00986552 0.02489196,-0.18459716 2.3720336 -0.24065606,0.21503319 2.11690307 -0.03726057,-0.28355765 2.35762882 -0.24992229,0.16024581 2.21227312 -0.0971087,-0.37100628 2.32523537 -0.24373198,0.08143267 2.28850079 -0.1509511,-0.44336978 2.28176999 -0.22246796,-0.01403057 2.34045696 -0.19545788,0.24137522 1.93642139 0.06168935,-0.11757392 2.36598754 -0.22787647,0.23558895 2.04631782 0,-0.22063038 2.36610007 -0.24620193,0.19887927 2.15006304 -0.06168935,-0.31580779 2.34467936 -0.24930096,0.13459121 2.23919606 -0.1195635,-0.39785638 2.30778003 -0.23698184,0.04880196 2.30701923 -0.17004319,-0.46428615 2.262609 -0.21000648,-0.05053707 2.34946299 -0.21000648,0.2436097 1.97323918 0.03726057,-0.15471978 2.36555648 -0.23698184,0.22631836 2.08193326 -0.02489196,-0.25549474 2.35743713 -0.24930096,0.17898045 2.18124294 -0.08550504,-0.34618014 2.32989764 -0.24620193,0.10603646 2.26324439 -0.14083001,-0.42251438 2.28954649 -0.22787647,0.01437774 2.32213879 -0.1874453,-0.48311445 2.24371314 -0.19545788,-0.5 2.24412751 -0.19545788,-0.08762743 2.35498309 -0.22246796,0.24157497 2.01000237 0.01246147,-0.19130838 2.36198974 -0.24373198,0.21296181 2.1162746 -0.04953654,-0.28888726 2.34636045 -0.24992229,0.1556112 2.2100811 -0.10847093,-0.37451288 2.31367564 -0.24065606,0.07497048 2.28418303 -0.16069691,-0.44497606 2.27094126 -0.21650635,-0.02139306 2.3337841 -0.2029845,0.24414569 1.93655753 0.04953654,-0.12486088 2.35710835 -0.23271844,0.23528416 2.04625702 -0.01246147,-0.22696728 2.35552764 -0.24805979,0.19570051 2.14892554 -0.07368879,-0.32055435 2.33322001 -0.24805979,0.12909448 2.23625803 -0.1303588,-0.40070257 2.29641747 -0.23271844,0.04181103 2.30183434 -0.17896672,-0.46529564 2.25235915 -0.2029845,-0.05805826 2.34194183 -0.21650635,0.24515222 1.97339106 0.02489196,-0.16181548 2.35598898 -0.24065606,0.22481483 2.08155656 -0.03726057,-0.26136357 2.34645724 -0.24992229,0.17477302 2.1795001 -0.0971087,-0.35029635 2.31839371 -0.24373198,0.09979515 2.25950336 -0.1509511,-0.42470542 2.27853155 -0.22246796,0.00699626 2.31608105 -0.19545788,-0.483583 2.23417544 -0.1874453,-0.5 2.23457861 -0.1874453,-0.09516964 2.34666157 -0.22787647,0.24188238 2.01004791 0,-0.19809644 2.35183072 -0.24620193,0.21030745 2.11546946 -0.06168935,-0.29421026 2.3351059 -0.24930096,0.15047038 2.20764947 -0.1195635,-0.37797061 2.30227709 -0.23698184,0.0681124 2.27960062 -0.17004319,-0.44653678 2.26041985 -0.21000648,-0.02902437 2.32686734 -0.21000648,0.24630766 1.93666375 0.03726057,-0.13229191 2.34805369 -0.23698184,0.23437053 2.04607534 -0.02489196,-0.23334388 2.34488893 -0.24930096,0.19196254 2.14758825 -0.08550504,-0.32527137 2.32183218 -0.24620193,0.12313002 2.2330699 -0.14083001,-0.40349355 2.28527522 -0.22787647,0.03447153 2.29639101 -0.1874453,-0.46626961 2.2424705 -0.19545788,-0.0657992 2.33420086 -0.22246796,0.24607927 1.97348237 0.01246147,-0.16901146 2.3462863 -0.24373198,0.22271511 2.08103061 -0.04953654,-0.26723969 2.335464 -0.24992229,0.17003644 2.17753816 -0.10847093,-0.35436592 2.30701995 -0.24065606,0.09312887 2.25550771 -0.16069691,-0.42684114 2.26779437 -0.21650635,-0.00068478 2.3097775 -0.2029845,-0.48403138 2.22504878 -0.17896672,-0.5 2.22544074 -0.17896672,-0.10288351 2.3381505 -0.23271844,0.24157497 2.01000237 -0.01246147,-0.20494446 2.34158182 -0.24805979,0.20707671 2.11448932 -0.07368879,-0.2995134 2.32389331 -0.24805979,0.1448361 2.20498466 -0.1303588,-0.38137087 2.29106784 -0.23271844,0.06087548 2.27476501 -0.17896672,-0.448048 2.25023198 -0.2029845,-0.03690555 2.31972432 -0.21650635,0.24785578 1.9367398 0.02489196,-0.13984852 2.33884597 -0.24065606,0.23285031 2.04577303 -0.03726057,-0.2397444 2.33421016 -0.24992229,0.18767464 2.14605403 -0.0971087,-0.32994705 2.31054401 -0.24373198,0.11671266 2.22963977 -0.1509511,-0.40622243 2.27438092 -0.22246796,0.02680169 2.29070282 -0.19545788,-0.46720555 2.23296738 -0.1874453,-0.07374063 2.32625937 -0.22787647,0.24638854 1.97351289 0,-0.17628983 2.33647275 -0.24620193,0.22002444 2.08035684 -0.06168935,-0.27310851 2.32448411 -0.24930096,0.16478249 2.17536187 -0.1195635,-0.3583788 2.29580474 -0.23698184,0.0860542 2.25126743 -0.17004319,-0.42891622 2.25736237 -0.21000648,-0.00864629 2.30324364 -0.21000648,-0.48445845 2.21635556 -0.17004319,-0.5 2.21673703 -0.17004319,-0.11074989 2.32947135 -0.23698184,0.24065353 2.00986552 -0.02489196,-0.21183543 2.33126879 -0.24930096,0.20327762 2.11333704 -0.08550504,-0.30478349 2.31275058 -0.24620193,0.1387224 2.20209312 -0.14083001,-0.38470525 2.28007579 -0.22787647,0.05327772 2.26968837 -0.1874453,-0.44950601 2.24040294 -0.19545788,-0.04501699 2.31237268 -0.22246796,0.2487862 1.93678546 0.01246147,-0.14751191 2.32950807 -0.24373198,0.23072733 2.04535079 -0.04953654,-0.24615286 2.32351828 -0.24992229,0.1828475 2.14432669 -0.10847093,-0.33456981 2.29938388 -0.24065606,0.10985836 2.22597599 -0.16069691,-0.40888244 2.26376176 -0.21650635,0.01882059 2.2847836 -0.2029845,-0.46810123 2.22387362 -0.17896672,-0.08186283 2.31813717 -0.23271844,0.24607927 1.97348237 -0.01246147,-0.18363248 2.32657218 -0.24805979,0.2167495 2.07953644 -0.07368879,-0.27895543 2.31354523 -0.24805979,0.15902427 2.17297673 -0.1303588,-0.36232498 2.28477597 -0.23271844,0.07858873 2.24679279 -0.17896672,-0.43092552 2.24726081 -0.2029845,-0.01686847 2.29649591 -0.21650635,-0.48486316 2.20811725 -0.16069691,-0.5 2.20848894 -0.16069691,-0.11874919 2.32064533 -0.24065606,0.2391203 2.00963807 -0.03726057,-0.21875219 2.32091713 -0.24992229,0.19891961 2.11201501 -0.0971087,-0.31000745 2.3017056 -0.24373198,0.13214447 2.198982 -0.1509511,-0.38796541 2.26932859 -0.22246796,0.04533801 2.26438332 -0.19545788,-0.45090714 2.23095727 -0.1874453,-0.05333853 2.30483031 -0.22787647,0.24909659 1.93680072 0,-0.15526305 2.32006311 -0.24620193,0.22800682 2.04480958 -0.06168935,-0.25255337 2.31283975 -0.24930096,0.17749311 2.14241099 -0.1195635,-0.33912817 2.28837895 -0.23698184,0.10258414 2.22208786 -0.17004319,-0.4114669 2.25344396 -0.21000648,0.01054808 2.27864838 -0.21000648,-0.46895435 2.21521187 -0.17004319,-0.0901456 2.30985451 -0.23698184,0.24515222 1.97339106 -0.02489196,-0.19102117 2.31660962 -0.24930096,0.21289843 2.0785718 -0.08550504,-0.28476593 2.30267453 -0.24620193,0.15277603 2.1703887 -0.14083001,-0.3661947 2.27396083 -0.22787647,0.07075103 2.24209499 -0.1874453,-0.43286404 2.23751521 -0.19545788,-0.02533087 2.28955078 -0.22246796,-0.48524451 2.20035458 -0.1509511,-0.5 2.20071697 -0.1509511,-0.12686154 2.31169486 -0.24373198,0.23697916 2.0093205 -0.04953654,-0.22567756 2.3105526 -0.24992229,0.19401354 2.1105268 -0.10847093,-0.31517226 2.29078531 -0.24065606,0.12511864 2.19565916 -0.16069691,-0.39114323 2.25885272 -0.21650635,0.03707609 2.25886273 -0.2029845,-0.45224792 2.22191834 -0.17896672,-0.06184947 2.29711652 -0.23271844,0.2487862 1.93678546 -0.01246147,-0.16308266 2.31053495 -0.24805979,0.22469558 2.04415083 -0.07368879,-0.25893 2.30220103 -0.24805979,0.17162478 2.14031124 -0.1303588,-0.34361076 2.2775569 -0.23271844,0.0949081 2.21798491 -0.17896672,-0.41396946 2.24345326 -0.2029845,0.00200471 2.27231216 -0.21650635,-0.4697628 2.20700336 -0.16069691,-0.09856833 2.30143166 -0.24065606,0.2436097 1.97323918 -0.03726057,-0.19843754 2.30660987 -0.24992229,0.20848081 2.0774653 -0.0971087,-0.29052556 2.2918992 -0.24373198,0.14605337 2.16760397 -0.1509511,-0.36997825 2.26338649 -0.22246796,0.06256057 2.23718572 -0.19545788,-0.43472695 2.22814965 -0.1874453,-0.03401247 2.28242612 -0.22787647,-0.48560157 2.19308686 -0.14083001,-0.5 2.18667722 -0.1303588,-0.5 2.1934402 -0.14083001,-0.13506678 2.30264187 -0.24620193,0.23423538 2.00891352 -0.06168935,-0.23259434 2.30020094 -0.24930096,0.18857157 2.10887599 -0.1195635,-0.32026511 2.28001761 -0.23698184,0.11766241 2.19213247 -0.17004319,-0.39423087 2.24867415 -0.21000648,0.02851249 2.25314069 -0.21000648,-0.45352504 2.21330881 -0.17004319,-0.07052868 2.28925014 -0.23698184,0.24785578 1.9367398 -0.02489196,-0.17095129 2.30094695 -0.24930096,0.22080182 2.04337645 -0.08550504,-0.26526687 2.2916286 -0.24620193,0.16525708 2.13803267 -0.14083001,-0.34800649 2.26694489 -0.22787647,0.08684933 2.21367741 -0.1874453,-0.41638383 2.23381448 -0.19545788,-0.00678828 2.2657907 -0.22246796,-0.47052458 2.19926882 -0.1509511,-0.10711009 2.29288983 -0.24373198,0.24145554 1.97302699 -0.04953654,-0.20586315 2.29659772 -0.24992229,0.20350762 2.07621956 -0.10847093,-0.29621994 2.28124571 -0.24065606,0.13887297 2.16462994 -0.16069691,-0.37366632 2.25307894 -0.21650635,0.05403772 2.23207736 -0.2029845,-0.43650964 2.2191875 -0.17896672,-0.04289167 2.27513909 -0.23271844,-0.48593342 2.18633199 -0.1303588,-0.14334449 2.29350877 -0.24805979,0.2308958 2.00841808 -0.07368879,-0.23948529 2.28988791 -0.24805979,0.18260728 2.10706663 -0.1303588,-0.32527331 2.26942849 -0.23271844,0.1097943 2.18841124 -0.17896672,-0.39722061 2.23881817 -0.2029845,0.01966851 2.24723148 -0.21650635,-0.45473528 2.20514989 -0.16069691,-0.07935455 2.28125072 -0.24065606,0.24630766 1.93666375 -0.03726057,-0.1788494 2.29132318 -0.24992229,0.21633522 2.04248786 -0.0971087,-0.27154827 2.28114867 -0.24373198,0.15840589 2.13558149 -0.1509511,-0.35230434 2.25656891 -0.22246796,0.07842786 2.20917606 -0.19545788,-0.41870403 2.22455168 -0.1874453,-0.01580901 2.25910044 -0.22787647,-0.47123781 2.19202733 -0.14083001,-0.11574966 2.28425026 -0.24620193,0.23869509 1.97275507 -0.06168935,-0.21327952 2.28659773 -0.24930096,0.19799122 2.07483768 -0.1195635,-0.30183503 2.27074051 -0.23698184,0.13125268 2.16147351 -0.17004319,-0.37724966 2.24306417 -0.21000648,0.04520367 2.22678256 -0.21000648,-0.43820766 2.21065092 -0.17004319,-0.05194639 2.26770806 -0.23698184,-0.48623922 2.18010688 -0.1195635,-0.5 2.18044472 -0.1195635,-0.15167411 2.28431845 -0.24930096,0.22696872 2.00783563 -0.08550504,-0.24633332 2.27963901 -0.24620193,0.17613547 2.10510349 -0.14083001,-0.33018443 2.25904489 -0.22787647,0.10153387 2.18450427 -0.1874453,-0.40010506 2.22930956 -0.19545788,0.01056613 2.24114943 -0.22246796,-0.45587566 2.19746208 -0.1509511,-0.08830515 2.27313852 -0.24373198,0.24414569 1.93655753 -0.04953654,-0.18675733 2.28168726 -0.24992229,0.21130688 2.04148769 -0.10847093,-0.2777586 2.27078748 -0.24065606,0.15108818 2.13296318 -0.16069691,-0.35649371 2.24645472 -0.21650635,0.06966462 2.20449209 -0.2029845,-0.42092434 2.21568775 -0.17896672,-0.02503507 2.25225806 -0.23271844,-0.4719007 2.18529677 -0.1303588,-0.12446554 2.27553439 -0.24805979,0.23533523 1.97242415 -0.07368879,-0.22066821 2.27663541 -0.24805979,0.19194533 2.07332325 -0.1303588,-0.30735677 2.26041007 -0.23271844,0.12321144 2.15814257 -0.17896672,-0.38071939 2.23336697 -0.2029845,0.03608038 2.22131419 -0.21650635,-0.4398168 2.20256138 -0.16069691,-0.06115415 2.26015139 -0.24065606,-0.48651826 2.17442679 -0.10847093,-0.5 2.17475772 -0.10847093,-0.16003491 2.27509356 -0.24992229,0.22246391 2.00716734 -0.0971087,-0.25312138 2.26947999 -0.24373198,0.16917223 2.1029911 -0.1509511,-0.33498624 2.24889231 -0.22246796,0.09290167 2.18042159 -0.19545788,-0.40287697 2.22017169 -0.1874453,0.00122799 2.23490977 -0.22787647,-0.45694336 2.19026423 -0.14083001,-0.09735823 2.26493311 -0.24620193,0.24137522 1.93642139 -0.06168935,-0.19465542 2.27206349 -0.24930096,0.20572934 2.04037833 -0.1195635,-0.28388235 2.26057053 -0.23698184,0.1433222 2.13018441 -0.17004319,-0.36056414 2.23662782 -0.21000648,0.0605814 2.19963694 -0.21000648,-0.42303917 2.20724487 -0.17004319,-0.03444352 2.24528027 -0.23698184,-0.47251162 2.17909408 -0.1195635,-0.13323607 2.26676393 -0.24930096,0.23138429 1.97203505 -0.08550504,-0.22801088 2.26673484 -0.24620193,0.18538499 2.07168007 -0.14083001,-0.31277147 2.2502799 -0.22787647,0.11476927 2.15464568 -0.1874453,-0.38406691 2.22401118 -0.19545788,0.02669054 2.21568608 -0.22246796,-0.44133306 2.19493866 -0.1509511,-0.07049202 2.25248814 -0.24373198,-0.48676983 2.16930628 -0.0971087,-0.5 2.16507673 -0.08550504,-0.5 2.169631 -0.0971087,-0.16840613 2.26585746 -0.24992229,0.21739256 2.00641513 -0.10847093,-0.25983262 2.25943589 -0.24065606,0.16173488 2.10073519 -0.16069691,-0.33966684 2.23899603 -0.21650635,0.08391915 2.17617321 -0.2029845,-0.40552953 2.21142745 -0.17896672,-0.0083227 2.22852826 -0.23271844,-0.45793572 2.18357444 -0.1303588,-0.10649128 2.25665545 -0.24805979,0.23800318 1.93625581 -0.07368879,-0.20252407 2.26247549 -0.24805979,0.19961642 2.0391624 -0.1303588,-0.28990433 2.25052333 -0.23271844,0.13512722 2.1272521 -0.17896672,-0.36450553 2.22711253 -0.2029845,0.05120079 2.19462299 -0.21650635,-0.42504331 2.19924378 -0.16069691,-0.04401096 2.23818445 -0.24065606,-0.47306904 2.17343473 -0.10847093,-0.14203945 2.25796056 -0.24992229,0.22685212 1.97158873 -0.0971087,-0.23528925 2.25692105 -0.24373198,0.17832649 2.06991196 -0.1509511,-0.31806567 2.24037528 -0.22246796,0.10594713 2.15099144 -0.19545788,-0.38728389 2.21502042 -0.1874453,0.01705748 2.2099123 -0.22787647,-0.44275263 2.18780184 -0.14083001,-0.07993681 2.24473691 -0.24620193,-0.48699328 2.16475749 -0.08550504,-0.5 2.16110682 -0.07368879,-0.17676693 2.2566328 -0.24930096,0.21176729 2.00558066 -0.1195635,-0.26645032 2.24953175 -0.23698184,0.1538419 2.09834075 -0.17004319,-0.34421456 2.22938061 -0.21000648,0.07460865 2.17176962 -0.21000648,-0.40805608 2.20309854 -0.17004319,-0.0180622 2.22202063 -0.23698184,-0.45885023 2.17740917 -0.1195635,-0.1156816 2.24832582 -0.24930096,0.23403791 1.93606102 -0.08550504,-0.21034367 2.25294733 -0.24620193,0.19298334 2.03784299 -0.14083001,-0.2958096 2.24067116 -0.22787647,0.12652363 2.12417364 -0.1874453,-0.3683081 2.21793246 -0.19545788,0.0415461 2.18946242 -0.22246796,-0.42693177 2.19170475 -0.1509511,-0.05371361 2.2309885 -0.24373198,-0.47357154 2.16833258 -0.0971087,-0.15085377 2.24914622 -0.24992229,0.22174998 1.97108614 -0.10847093,-0.24248521 2.24721861 -0.24065606,0.17078739 2.06802344 -0.16069691,-0.32322621 2.23072052 -0.21650635,0.09676697 2.1471889 -0.2029845,-0.39036229 2.20641685 -0.17896672,0.00720517 2.20400715 -0.23271844,-0.44407204 2.18116879 -0.1303588,-0.08946503 2.23691726 -0.24805979,-0.4871881 2.16079235 -0.07368879,-0.18509656 2.24744248 -0.24805979,0.20560208 2.00466609 -0.1303588,-0.27295804 2.23979235 -0.23271844,0.14551291 2.09581423 -0.17896672,-0.34861809 2.22007012 -0.2029845,0.06499331 2.16722202 -0.21650635,-0.4104504 2.19520545 -0.16069691,-0.02796629 2.21540284 -0.24065606,-0.45968467 2.17178392 -0.10847093,-0.12490633 2.2399652 -0.24992229,0.2294893 1.93583751 -0.0971087,-0.21809481 2.24350238 -0.24373198,0.1858466 2.03642344 -0.1509511,-0.30158341 2.23103809 -0.22246796,0.11753281 2.12095666 -0.19545788,-0.37196234 2.20911026 -0.1874453,0.03164134 2.1841681 -0.22787647,-0.42869982 2.18464637 -0.14083001,-0.06352735 2.22371006 -0.24620193,-0.47401792 2.16380048 -0.08550504,-0.15965715 2.24034286 -0.24930096,0.21609053 1.97052872 -0.1195635,-0.24958092 2.23765111 -0.23698184,0.16278644 2.0660193 -0.17004319,-0.32824028 2.22133994 -0.21000648,0.08725161 2.1432476 -0.21000648,-0.39329451 2.19822192 -0.17004319,-0.00284192 2.19798517 -0.23698184,-0.44528797 2.17505598 -0.1195635,-0.09905299 2.22904873 -0.24930096,-0.48735374 2.15742016 -0.06168935,-0.5 2.15773058 -0.06168935,-0.19337428 2.23830938 -0.24620193,0.19891225 2.00367379 -0.14083001,-0.27933961 2.23024154 -0.22787647,0.13676864 2.09316158 -0.1874453,-0.3528665 2.2110877 -0.19545788,0.05509703 2.16254139 -0.22246796,-0.41270649 2.18776822 -0.1509511,-0.03801034 2.2086916 -0.24373198,-0.46043691 2.16671252 -0.0971087,-0.13414255 2.23159385 -0.24992229,0.22436863 1.93558598 -0.10847093,-0.22575819 2.23416471 -0.24065606,0.17822392 2.0349071 -0.16069691,-0.30721146 2.22164822 -0.21650635,0.10817713 2.11760926 -0.2029845,-0.37545919 2.2006681 -0.17896672,0.02151114 2.17875361 -0.23271844,-0.43034309 2.1780858 -0.1303588,-0.07342778 2.21636748 -0.24805979,-0.47440705 2.15984941 -0.07368879,-0.16842768 2.23157239 -0.24805979,0.20988788 1.96991789 -0.1303588,-0.25655869 2.22824264 -0.23271844,0.15434352 2.06390452 -0.17896672,-0.33309534 2.21225667 -0.2029845,0.07742471 2.13917708 -0.21650635,-0.39607322 2.19045591 -0.16069691,-0.01305879 2.19186139 -0.24065606,-0.44639742 2.16947842 -0.10847093,-0.10867685 2.22115064 -0.24992229,-0.48748985 2.15464973 -0.04953654,-0.5 2.15279222 -0.03726057,-0.5 2.15495682 -0.04953654,-0.20157951 2.22925639 -0.24373198,0.19171444 2.00260615 -0.1509511,-0.28557914 2.2209034 -0.22246796,0.1276308 2.09038973 -0.19545788,-0.35694924 2.20245552 -0.1874453,0.04494443 2.15773964 -0.22787647,-0.41481876 2.18080497 -0.14083001,-0.0481694 2.20190358 -0.24620193,-0.46110514 2.16220784 -0.08550504,-0.14336728 2.22323298 -0.24930096,0.21868865 1.93530691 -0.1195635,-0.23331481 2.22495675 -0.23698184,0.17013426 2.03329802 -0.17004319,-0.31267977 2.21252489 -0.21000648,0.09847984 2.11413956 -0.21000648,-0.37878999 2.19262695 -0.17004319,0.01118067 2.17323184 -0.23698184,-0.43185753 2.17203999 -0.1195635,-0.08339029 2.20897889 -0.24930096,-0.47473797 2.15648961 -0.06168935,-0.17714356 2.22285652 -0.24620193,0.20315741 1.96925497 -0.14083001,-0.26340121 2.21901655 -0.22787647,0.14547962 2.06168413 -0.1874453,-0.3377794 2.20349336 -0.19545788,0.06731069 2.13498783 -0.22246796,-0.39869153 2.18313813 -0.1509511,-0.02342005 2.18565106 -0.24373198,-0.44739762 2.16445017 -0.0971087,-0.11831269 2.21324277 -0.24992229,-0.48759606 2.15248775 -0.03726057,-0.20969185 2.22030568 -0.24065606,0.18402655 2.0014658 -0.16069691,-0.29166117 2.21180105 -0.21650635,0.11812213 2.08750534 -0.2029845,-0.36085612 2.19419503 -0.17896672,0.03456074 2.15282845 -0.23271844,-0.41678199 2.1743331 -0.1303588,-0.05841819 2.19505548 -0.24805979,-0.46168768 2.15828061 -0.07368879,-0.1525576 2.21490335 -0.24805979,0.2124635 1.93500113 -0.1303588,-0.24074583 2.21590209 -0.23271844,0.16159774 2.0316 -0.17896672,-0.31797469 2.20369101 -0.2029845,0.08846504 2.11055613 -0.21650635,-0.38194641 2.18500662 -0.16069691,0.00067562 2.16761661 -0.24065606,-0.43323931 2.16652369 -0.10847093,-0.09339011 2.2015624 -0.24992229,-0.47500986 2.1537292 -0.04953654,-0.18578312 2.21421695 -0.24373198,0.19591589 1.96854174 -0.1509511,-0.27009144 2.20999575 -0.22246796,0.13621677 2.05936408 -0.19545788,-0.34228078 2.19507194 -0.1874453,0.0569347 2.13068986 -0.22787647,-0.40114293 2.17628694 -0.14083001,-0.03389994 2.17936969 -0.24620193,-0.44828609 2.1599834 -0.08550504,-0.12793656 2.20534468 -0.24930096,-0.48767212 2.1509397 -0.02489196,-0.5 2.15124226 -0.02489196,-0.21769117 2.2114799 -0.23698184,0.17586768 2.00025558 -0.17004319,-0.29757053 2.20295715 -0.21000648,0.10826627 2.08451557 -0.21000648,-0.36457747 2.18632698 -0.17004319,0.02397178 2.14782023 -0.23698184,-0.41859123 2.16836882 -0.1195635,-0.06873124 2.18816447 -0.24930096,-0.46218306 2.15494108 -0.06168935,-0.16169064 2.2066257 -0.24620193,0.20570861 1.93466926 -0.14083001,-0.24803281 2.20702291 -0.22787647,0.15263557 2.02981734 -0.1874453,-0.32308307 2.19516802 -0.19545788,0.07815764 2.10686803 -0.22246796,-0.38492063 2.17782617 -0.1509511,-0.00997788 2.16192222 -0.24373198,-0.43448502 2.16155052 -0.0971087,-0.10340236 2.19413686 -0.24992229,-0.47522202 2.15157509 -0.03726057,-0.1943249 2.20567513 -0.24065606,0.1881813 1.96777999 -0.16069691,-0.27661276 2.20120287 -0.21650635,0.12657803 2.05694962 -0.2029845,-0.34658828 2.18701315 -0.17896672,0.04632254 2.12629414 -0.23271844,-0.40342134 2.16991925 -0.1303588,-0.04447241 2.17303276 -0.24805979,-0.44906059 2.15608978 -0.07368879,-0.13752452 2.19747591 -0.24805979,-0.48771784 2.15000916 -0.01246147,-0.5 2.15031075 -0.01246147,-0.22555754 2.20280051 -0.23271844,0.16725811 1.99897838 -0.17896672,-0.30329254 2.19439363 -0.2029845,0.09808771 2.08142781 -0.21650635,-0.36810401 2.17887068 -0.16069691,0.01320387 2.14272738 -0.24065606,-0.42024201 2.16292691 -0.10847093,-0.07908291 2.18124771 -0.24992229,-0.46259007 2.15219736 -0.04953654,-0.17074372 2.19842052 -0.24373198,0.19844081 1.93431222 -0.1509511,-0.25515759 2.19834137 -0.22246796,0.14327005 2.02795434 -0.19545788,-0.32799226 2.18697762 -0.1874453,0.06758326 2.10308456 -0.22787647,-0.38770527 2.17110348 -0.14083001,-0.02075336 2.15616274 -0.24620193,-0.43559158 2.15713286 -0.08550504,-0.11340218 2.18672037 -0.24930096,-0.47537395 2.15003252 -0.02489196,-0.20274763 2.19725227 -0.23698184,0.17997287 1.96697152 -0.17004319,-0.28294894 2.19265938 -0.21000648,0.11658733 2.05444717 -0.21000648,-0.3506912 2.17933702 -0.17004319,0.03550059 2.12181163 -0.23698184,-0.40552106 2.16405106 -0.1195635,-0.05511116 2.16665602 -0.24930096,-0.44971925 2.15277839 -0.06168935,-0.14705274 2.18965626 -0.24620193,-0.23327141 2.19428968 -0.22787647,0.15821928 1.99763763 -0.1874453,-0.30881298 2.18613172 -0.19545788,0.08761176 2.07825017 -0.22246796,-0.37142697 2.17184472 -0.1509511,0.00228378 2.13756251 -0.24373198,-0.42173028 2.15802073 -0.0971087,-0.08944747 2.17432237 -0.24992229,-0.46290767 2.15005612 -0.03726057,-0.17969432 2.19030809 -0.24065606,0.19067815 1.93393087 -0.16069691,-0.26210251 2.18987894 -0.21650635,0.13352445 2.02601576 -0.2029845,-0.33269 2.17913985 -0.17896672,0.0567682 2.09921479 -0.23271844,-0.39029336 2.16485524 -0.1303588,-0.03162403 2.15035224 -0.24805979,-0.43655622 2.15328169 -0.07368879,-0.12336469 2.17933178 -0.24805979,-0.47546527 2.14910555 -0.01246147,-0.21103039 2.18896961 -0.23271844,0.17131102 1.96611834 -0.17896672,-0.28908429 2.18438697 -0.2029845,0.10626953 2.05186272 -0.21650635,-0.35457933 2.17206287 -0.16069691,0.02449576 2.1172533 -0.24065606,-0.40743688 2.15869665 -0.10847093,-0.06578975 2.16025567 -0.24992229,-0.45026037 2.15005803 -0.04953654,-0.15649752 2.18190527 -0.24373198,-0.24081361 2.18596816 -0.22246796,0.14877363 1.99623644 -0.19545788,-0.31411812 2.1781919 -0.1874453,0.07686447 2.07499003 -0.22787647,-0.37453809 2.16526699 -0.14083001,-0.00876133 2.13233852 -0.24620193,-0.42305225 2.15366268 -0.08550504,-0.09979914 2.16740561 -0.24930096,-0.46313509 2.14852309 -0.02489196,-0.18852019 2.18230891 -0.23698184,0.18243995 1.93352616 -0.17004319,-0.2688503 2.18165684 -0.21000648,0.12342299 2.02400661 -0.21000648,-0.33716461 2.17167449 -0.17004319,0.04573934 2.09526873 -0.23698184,-0.3926785 2.15909696 -0.1195635,-0.04256285 2.14450526 -0.24930096,-0.43737656 2.15000677 -0.06168935,-0.13326511 2.1719892 -0.24620193,-0.21915258 2.18084741 -0.22787647,0.16221727 1.96522272 -0.1874453,-0.29500344 2.17640591 -0.19545788,0.09565028 2.04920268 -0.22246796,-0.35824305 2.16520858 -0.1509511,0.0133354 2.11263037 -0.24373198,-0.40916407 2.15386939 -0.0971087,-0.07648164 2.15384722 -0.24992229,-0.45068267 2.14793491 -0.03726057,-0.1658354 2.17424178 -0.24065606,-0.2481654 2.17785668 -0.21650635,0.13894464 1.99477851 -0.2029845,-0.31919479 2.17059422 -0.17896672,0.06587256 2.07165551 -0.23271844,-0.37742966 2.15915322 -0.1303588,-0.01990401 2.12706852 -0.24805979,-0.42420471 2.14986372 -0.07368879,-0.1101122 2.16051459 -0.24805979,-0.4632718 2.1476016 -0.01246147,-0.1971994 2.17444253 -0.23271844,0.17374668 1.93309903 -0.17896672,-0.27538413 2.17369533 -0.2029845,0.1129908 2.02193141 -0.21650635,-0.341405 2.16459966 -0.16069691,0.03452409 2.09125566 -0.24065606,-0.39485475 2.15384316 -0.10847093,-0.05354264 2.13863635 -0.24992229,-0.43805054 2.14731622 -0.04953654,-0.14307886 2.16471076 -0.24373198,-0.22709402 2.17290592 -0.22246796,0.15271425 1.96428668 -0.19545788,-0.30069178 2.16873598 -0.1874453,0.08475596 2.04647374 -0.22787647,-0.36167321 2.1587913 -0.14083001,0.00204727 2.10795474 -0.24620193,-0.41069829 2.14958143 -0.08550504,-0.08716023 2.14744663 -0.24930096,-0.45098504 2.14641476 -0.02489196,-0.17504315 2.1666851 -0.23698184,-0.25530848 2.16997552 -0.21000648,0.12875676 1.9932673 -0.21000648,-0.32403034 2.16335726 -0.17004319,0.05466335 2.06825519 -0.23698184,-0.38009447 2.15351892 -0.1195635,-0.03111655 2.12176538 -0.24930096,-0.42518473 2.14663291 -0.06168935,-0.12036099 2.15366673 -0.24620193,-0.20571035 2.1667285 -0.22787647,0.16461994 1.93265069 -0.1874453,-0.2816878 2.16601419 -0.19545788,0.10225382 2.01979566 -0.22246796,-0.34540063 2.15793347 -0.1509511,0.02315035 2.0871861 -0.24373198,-0.3968167 2.1491065 -0.0971087,-0.06453609 2.13276029 -0.24992229,-0.43857649 2.14521646 -0.03726057,-0.15278152 2.15751481 -0.24065606,-0.23483495 2.16516495 -0.21650635,0.14282556 1.96331275 -0.2029845,-0.30613515 2.1613965 -0.17896672,0.07361368 2.04368281 -0.23271844,-0.36486128 2.15282679 -0.1303588,-0.00934058 2.10323787 -0.24805979,-0.41203576 2.14584351 -0.07368879,-0.09779898 2.14107013 -0.24805979,-0.45116678 2.14550114 -0.01246147,-0.18409789 2.15925407 -0.23271844,-0.26222509 2.16234422 -0.2029845,0.11823532 1.99170649 -0.21650635,-0.32861274 2.15649915 -0.16069691,0.04326471 2.06479764 -0.24065606,-0.38252592 2.14837813 -0.10847093,-0.04237108 2.11644244 -0.24992229,-0.42598993 2.1439786 -0.04953654,-0.13052005 2.14687872 -0.24373198,-0.21403189 2.15918636 -0.22246796,0.15508242 1.93218219 -0.19545788,-0.28774562 2.15863276 -0.1874453,0.09123872 2.01760459 -0.22787647,-0.34914154 2.15169215 -0.14083001,0.01164639 2.08307004 -0.24620193,-0.39855948 2.14489913 -0.08550504,-0.07551588 2.12689137 -0.24930096,-0.4389531 2.143713 -0.02489196,-0.16234896 2.150419 -0.23698184,-0.24235615 2.1576438 -0.21000648,0.1325758 1.96230328 -0.21000648,-0.31131998 2.15440559 -0.17004319,0.06225113 2.04083657 -0.23698184,-0.36779934 2.14733005 -0.1195635,-0.02079983 2.09849119 -0.24930096,-0.41317314 2.14266491 -0.06168935,-0.10837144 2.1347332 -0.24620193,-0.19297709 2.15196729 -0.22787647,-0.26889807 2.15498161 -0.19545788,0.10740647 1.99010026 -0.22246796,-0.33293065 2.15003705 -0.1509511,0.03170498 2.06129098 -0.24373198,-0.38471791 2.14374352 -0.0971087,-0.05363962 2.11111283 -0.24992229,-0.42661828 2.14190722 -0.03726057,-0.1405641 2.14016747 -0.24065606,-0.22214332 2.15183473 -0.21650635,0.14515786 1.93169463 -0.2029845,-0.29354253 2.15156913 -0.17896672,0.07997292 2.01536369 -0.23271844,-0.35261843 2.14589119 -0.1303588,4.08E-05 2.0789175 -0.24805979,-0.40007874 2.1412313 -0.07368879,-0.0864547 2.12104464 -0.24805979,-0.43917945 2.14280915 -0.01246147,-0.1717574 2.1434412 -0.23271844,-0.24963889 2.15036106 -0.2029845,0.12199046 1.96126068 -0.21650635,-0.3162334 2.14778066 -0.16069691,0.05069656 2.03794241 -0.24065606,-0.37048009 2.14231467 -0.10847093,-0.032302 2.09372687 -0.24992229,-0.41410762 2.14005303 -0.04953654,-0.11885134 2.12845182 -0.24373198,-0.20165868 2.14484239 -0.22246796,-0.27531078 2.1479063 -0.1874453,0.09629714 1.98845232 -0.22787647,-0.33697331 2.1439867 -0.14083001,0.0200129 2.05774426 -0.24620193,-0.38666505 2.13962674 -0.08550504,-0.06489415 2.10578966 -0.24930096,-0.4270682 2.14042401 -0.02489196,-0.15046819 2.13354969 -0.23698184,-0.2300245 2.14469147 -0.21000648,0.13487092 1.93118918 -0.21000648,-0.29906416 2.14484096 -0.17004319,0.0684844 2.01307869 -0.23698184,-0.35582265 2.14054537 -0.1195635,-0.01163755 2.07473898 -0.24930096,-0.40137073 2.13811207 -0.06168935,-0.09732537 2.11523414 -0.24620193,-0.18098345 2.13659883 -0.22787647,-0.25666508 2.14333487 -0.19545788,0.11109583 1.96018767 -0.22246796,-0.32086316 2.14153814 -0.1509511,0.03897869 2.03500724 -0.24373198,-0.37289685 2.1377933 -0.0971087,-0.04381847 2.08895659 -0.24992229,-0.41483685 2.13801503 -0.03726057,-0.1292126 2.1222415 -0.24065606,-0.21012108 2.13789749 -0.21650635,-0.28144732 2.14113569 -0.17896672,0.08493494 1.98676693 -0.23271844,-0.34073064 2.13836336 -0.1303588,0.00821754 2.05416608 -0.24805979,-0.38836247 2.13603783 -0.07368879,-0.0761067 2.10048652 -0.24805979,-0.42733863 2.13953257 -0.01246147,-0.16020769 2.12704206 -0.23271844,-0.23765582 2.13777494 -0.2029845,0.12424716 1.93066728 -0.21650635,-0.30429673 2.13846517 -0.16069691,0.05680173 2.01075482 -0.24065606,-0.35874626 2.13566756 -0.10847093,-0.02335963 2.07054472 -0.24992229,-0.40243223 2.13554955 -0.04953654,-0.10810085 2.10947442 -0.24373198,-0.1900042 2.12990856 -0.22246796,-0.26341724 2.13658285 -0.1874453,0.09991902 1.95908689 -0.22787647,-0.32519782 2.13569355 -0.14083001,0.02712667 2.03203845 -0.24620193,-0.37504363 2.1337769 -0.08550504,-0.05532064 2.08419228 -0.24930096,-0.41535902 2.13655567 -0.02489196,-0.13942948 2.11611772 -0.23698184,-0.21834326 2.13114977 -0.21000648,-0.28729242 2.13468671 -0.17004319,0.07334813 1.98504817 -0.23698184,-0.34419334 2.1331811 -0.1195635,-0.00365177 2.05056548 -0.24930096,-0.38980594 2.13298583 -0.06168935,-0.08724938 2.09521651 -0.24620193,-0.16975838 2.12066031 -0.22787647,-0.2450183 2.13110185 -0.19545788,0.11331301 1.93013012 -0.22246796,-0.30922723 2.13245726 -0.1509511,0.04495395 2.00839806 -0.24373198,-0.36138198 2.13127017 -0.0971087,-0.0350963 2.06634521 -0.24992229,-0.40326059 2.13354969 -0.03726057,-0.11875436 2.10378003 -0.24065606,-0.19879718 2.12338734 -0.21650635,-0.2698786 2.13012147 -0.17896672,0.08848782 1.95796096 -0.23271844,-0.32922655 2.13026142 -0.1303588,0.01516995 2.02904344 -0.24805979,-0.3769151 2.13027573 -0.07368879,-0.06677988 2.0794456 -0.24805979,-0.41567284 2.13567853 -0.01246147,-0.14947656 2.11009574 -0.23271844,-0.22630477 2.12461591 -0.2029845,-0.29283151 2.12857509 -0.16069691,0.06156551 1.98330033 -0.24065606,-0.34735274 2.12845278 -0.10847093,-0.01556554 2.04695153 -0.24992229,-0.3909919 2.13047838 -0.04953654,-0.09829449 2.08999252 -0.24373198,-0.17909652 2.11442089 -0.22246796,-0.25209364 2.1246891 -0.1874453,0.10209565 1.92957902 -0.22787647,-0.31384343 2.12683249 -0.14083001,0.03297053 2.00601435 -0.24620193,-0.36372328 2.12736392 -0.08550504,-0.04681839 2.06215096 -0.24930096,-0.40385374 2.13211751 -0.02489196,-0.12925941 2.09816504 -0.23698184,-0.20734054 2.11705112 -0.21000648,-0.2760331 2.12396693 -0.17004319,0.07683063 1.95681286 -0.23698184,-0.33293936 2.12525511 -0.1195635,0.00313826 2.02602959 -0.24930096,-0.3785066 2.12729812 -0.06168935,-0.07816774 2.07472873 -0.24620193,-0.15932888 2.10419035 -0.22787647,-0.23398581 2.11831212 -0.19545788,-0.29805088 2.12281656 -0.1509511,0.04961637 1.98152792 -0.24373198,-0.35020107 2.12418985 -0.0971087,-0.02749413 2.04333305 -0.24992229,-0.39191738 2.12852144 -0.03726057,-0.10921457 2.08482766 -0.24065606,-0.18819889 2.10833883 -0.21650635,-0.25886428 2.11855268 -0.17896672,0.09062297 1.9290154 -0.23271844,-0.31813386 2.12160444 -0.1303588,0.02088126 2.00360966 -0.24805979,-0.36576429 2.12395883 -0.07368879,-0.05849674 2.05797243 -0.24805979,-0.40421021 2.13125706 -0.01246147,-0.13958988 2.09264326 -0.23271844,-0.21561307 2.11091566 -0.2029845,-0.28186542 2.1181345 -0.16069691,0.06497644 1.95564532 -0.24065606,-0.33632699 2.12068748 -0.10847093,-0.00893849 2.02300453 -0.24992229,-0.37981415 2.12485194 -0.04953654,-0.08945587 2.07005286 -0.24373198,-0.16896193 2.09841657 -0.22246796,-0.2413673 2.11225438 -0.1874453,-0.30293754 2.11742496 -0.14083001,0.03753043 1.97973514 -0.24620193,-0.3527312 2.12040329 -0.08550504,-0.03940789 2.0397191 -0.24930096,-0.39258006 2.12712026 -0.02489196,-0.11998248 2.0797348 -0.23698184,-0.19704288 2.10242939 -0.21000648,-0.26531333 2.11270761 -0.17004319,0.07892349 1.92844069 -0.23698184,-0.32208782 2.11678672 -0.1195635,0.00871618 2.00118995 -0.24930096,-0.36749995 2.12106299 -0.06168935,-0.07010232 2.05381989 -0.24620193,-0.14972007 2.08722854 -0.22787647,-0.22359416 2.10499644 -0.19545788,-0.28736106 2.11263895 -0.1509511,0.05295472 1.95446134 -0.24373198,-0.33938104 2.11656952 -0.0971087,-0.02103026 2.01997566 -0.24992229,-0.38083455 2.12294292 -0.03726057,-0.10061622 2.06543016 -0.24065606,-0.17835177 2.09278846 -0.21650635,-0.24843086 2.10645747 -0.17896672,-0.30747929 2.11241388 -0.1303588,0.02533772 1.97792649 -0.24805979,-0.35493684 2.11710238 -0.07368879,-0.05127721 2.03611851 -0.24805979,-0.39297837 2.12627816 -0.01246147,-0.13057144 2.07472658 -0.23271844,-0.20560648 2.09670758 -0.2029845,-0.2714248 2.10716844 -0.16069691,0.06702629 1.92785621 -0.24065606,-0.32569551 2.11239076 -0.10847093,-0.00349445 1.99876106 -0.24992229,-0.36892596 2.11868382 -0.04953654,-0.08160628 2.0497036 -0.24373198,-0.15962484 2.08193421 -0.22246796,-0.231264 2.09930825 -0.1874453,-0.29250637 2.10749364 -0.14083001,0.04079537 1.95326364 -0.24620193,-0.34209391 2.1129117 -0.08550504,-0.03310701 2.01695061 -0.24930096,-0.38156518 2.12157583 -0.02489196,-0.11162106 2.06087184 -0.23698184,-0.18747506 2.08732033 -0.21000648,-0.25515896 2.10093594 -0.17004319,-0.31166491 2.10779572 -0.1195635,0.01306857 1.97610652 -0.24930096,-0.35681251 2.11429524 -0.06168935,-0.06307257 2.03254056 -0.24620193,-0.14095514 2.06981564 -0.22787647,-0.21386839 2.091187 -0.19545788,-0.2771835 2.10194921 -0.1509511,0.05496095 1.9272635 -0.24373198,-0.32894793 2.10842752 -0.0971087,-0.01572027 1.99632919 -0.24992229,-0.37003878 2.11682725 -0.03726057,-0.09298003 2.04563403 -0.24065606,-0.16927953 2.07677388 -0.21650635,-0.2386035 2.09386492 -0.17896672,-0.29728854 2.10271144 -0.1303588,0.0285286 1.95205557 -0.24805979,-0.34445885 2.10972285 -0.07368879,-0.04513869 2.01393676 -0.24805979,-0.38200432 2.12075448 -0.01246147,-0.12244301 2.05638933 -0.23271844,-0.1963091 2.08202529 -0.2029845,-0.26153487 2.09570336 -0.16069691,-0.31548396 2.10358214 -0.10847093,0.00075347 1.97427976 -0.24992229,-0.35835356 2.11198878 -0.04953654,-0.07476465 2.02899384 -0.24373198,-0.15110774 2.06501365 -0.22246796,-0.22180811 2.08588195 -0.1874453,-0.28257507 2.09706235 -0.14083001,0.04275748 1.92666399 -0.24620193,-0.33183703 2.10490727 -0.08550504,-0.0279309 1.99390042 -0.24930096,-0.37083563 2.11549783 -0.02489196,-0.10419527 2.04162121 -0.23698184,-0.17866014 2.0717597 -0.21000648,-0.24559443 2.08868003 -0.17004319,-0.3016957 2.09830427 -0.1195635,0.01618493 1.95083976 -0.24930096,-0.34647003 2.10701132 -0.06168935,-0.05709541 2.01094174 -0.24620193,-0.13305517 2.05199361 -0.22787647,-0.20483196 2.07691693 -0.19545788,-0.26754272 2.09077287 -0.1509511,-0.31892693 2.09978342 -0.0971087,-0.01157696 1.97245073 -0.24992229,-0.35955614 2.1101892 -0.03726057,-0.08632437 2.02548718 -0.24065606,-0.16100402 2.06033325 -0.21650635,-0.22940587 2.0808053 -0.17896672,-0.28758615 2.09252071 -0.1303588,0.03044621 1.92605913 -0.24805979,-0.33435559 2.10183835 -0.07368879,-0.04009598 1.99148059 -0.24805979,-0.37131456 2.11469865 -0.01246147,-0.11522414 2.0376749 -0.23271844,-0.18774335 2.06690454 -0.2029845,-0.25221941 2.0837667 -0.16069691,-0.3057169 2.0942831 -0.10847093,0.00379502 1.94961953 -0.24992229,-0.34812236 2.1047833 -0.04953654,-0.06894744 2.00797296 -0.24373198,-0.14343116 2.04769564 -0.22246796,-0.21302241 2.07200766 -0.1874453,-0.27316758 2.08615661 -0.14083001,-0.32198527 2.09640908 -0.08550504,-0.02389206 1.97062397 -0.24930096,-0.36041725 2.10890031 -0.02489196,-0.09772301 2.0220294 -0.23698184,-0.17061935 2.05578542 -0.21000648,-0.23664278 2.0759697 -0.17004319,-0.29220426 2.08833504 -0.1195635,0.01805775 1.92545056 -0.24930096,-0.3364974 2.09922862 -0.06168935,-0.05218525 1.9890759 -0.24620193,-0.12603921 2.03380537 -0.22787647,-0.19650659 2.06222057 -0.19545788,-0.25846195 2.07913685 -0.1509511,-0.30934212 2.09065795 -0.0971087,-0.0086103 1.94839764 -0.24992229,-0.34941182 2.10304475 -0.03726057,-0.08066531 2.00503778 -0.24065606,-0.15354517 2.04350638 -0.21650635,-0.22086012 2.06731009 -0.17896672,-0.27839547 2.08186603 -0.1303588,-0.32465139 2.09346747 -0.07368879,-0.03616121 1.968804 -0.24805979,-0.36093479 2.10812569 -0.01246147,-0.10893222 2.01862907 -0.23271844,-0.17992987 2.05138183 -0.2029845,-0.24350086 2.07138729 -0.16069691,-0.29641792 2.08451605 -0.10847093,0.00562289 1.92483962 -0.24992229,-0.33825707 2.09708428 -0.04953654,-0.06416868 1.98669219 -0.24373198,-0.13661358 2.03002167 -0.22246796,-0.20492807 2.05771923 -0.1874453,-0.26430655 2.07480216 -0.14083001,-0.31256238 2.08743763 -0.08550504,-0.0210002 1.94717741 -0.24930096,-0.35033512 2.10179973 -0.02489196,-0.09221987 2.00214362 -0.23698184,-0.16337208 2.03943586 -0.21000648,-0.22832559 2.06283545 -0.17004319,-0.28321338 2.07791209 -0.1195635,-0.32691866 2.09096575 -0.06168935,-0.04835392 1.96699536 -0.24620193,-0.11992414 2.01529479 -0.22787647,-0.18891238 2.04713345 -0.19545788,-0.24996306 2.06706929 -0.1509511,-0.30021665 2.08107305 -0.0971087,-0.00682744 1.92422807 -0.24992229,-0.33963028 2.09541106 -0.03726057,-0.07601645 1.98433554 -0.24065606,-0.14692098 2.02633381 -0.21650635,-0.21298684 2.05341172 -0.17896672,-0.26973864 2.07077336 -0.1303588,-0.31536961 2.08463049 -0.07368879,-0.03334387 1.94596159 -0.24805979,-0.35089004 2.10105157 -0.01246147,-0.10358243 1.99929738 -0.23271844,-0.17288744 2.03549457 -0.2029845,-0.23540026 2.05859494 -0.16069691,-0.28760937 2.07430458 -0.10847093,-0.32878143 2.08891058 -0.04953654,-0.06043987 1.96520257 -0.24373198,-0.13067143 2.01203465 -0.22246796,-0.19754457 2.04305077 -0.1874453,-0.2560133 2.06302667 -0.14083001,-0.30359101 2.07801461 -0.08550504,-0.01926229 1.92361712 -0.24930096,-0.34061357 2.09421301 -0.02489196,-0.08769912 1.9820118 -0.23698184,-0.15693577 2.02275038 -0.21000648,-0.22066288 2.04930878 -0.17004319,-0.27474478 2.06706071 -0.1195635,-0.31775689 2.0822432 -0.06168935,-0.04561064 1.94475341 -0.24620193,-0.11472471 1.99650645 -0.22787647,-0.1820676 2.03169203 -0.19545788,-0.24206653 2.05459929 -0.1509511,-0.29157245 2.07105207 -0.0971087,-0.33023506 2.08730674 -0.03726057,-0.072389 1.96343005 -0.24065606,-0.14114738 2.00885677 -0.21650635,-0.205805 2.0391438 -0.17896672,-0.26163656 2.05926943 -0.1303588,-0.30653262 2.07534862 -0.07368879,-0.03165076 1.92300856 -0.24805979,-0.34120452 2.09349275 -0.01246147,-0.09918763 1.97972655 -0.23271844,-0.16663307 2.01928067 -0.2029845,-0.22793709 2.04542065 -0.16069691,-0.27931249 2.06367302 -0.10847093,-0.31971827 2.08028173 -0.04953654,-0.05777 1.94355583 -0.24373198,-0.12561902 1.99377751 -0.22246796,-0.19088973 2.02803755 -0.1874453,-0.24830785 2.0508585 -0.14083001,-0.29509282 2.06816292 -0.08550504,-0.33127597 2.08615828 -0.02489196,-0.08417162 1.96168232 -0.23698184,-0.15132593 2.00576901 -0.21000648,-0.21367311 2.03542256 -0.17004319,-0.26681882 2.05580664 -0.1195635,-0.30903417 2.07308125 -0.06168935,-0.04396202 1.92240369 -0.24620193,-0.11045344 1.97748566 -0.22787647,-0.17598875 2.01593304 -0.19545788,-0.2347914 2.04175687 -0.1509511,-0.2834304 2.06061888 -0.0971087,-0.32124886 2.07875109 -0.03726057,-0.06979171 1.94237185 -0.24065606,-0.13623828 1.9911176 -0.21650635,-0.19933191 2.0245409 -0.17896672,-0.2541087 2.04738164 -0.1303588,-0.29816172 2.0656445 -0.07368879,-0.33190155 2.08546805 -0.01246147,-0.09575844 1.95996356 -0.23271844,-0.16118179 2.00277948 -0.2029845,-0.22112934 2.03189611 -0.16069691,-0.27154726 2.05264735 -0.10847093,-0.31108943 2.07121849 -0.04953654,-0.0561655 1.92180419 -0.24373198,-0.12146854 1.97529459 -0.22246796,-0.18497956 2.01271605 -0.1874453,-0.24120875 2.03832674 -0.14083001,-0.28708827 2.05790615 -0.08550504,-0.32234487 2.07765508 -0.02489196,-0.0816459 1.94120431 -0.23698184,-0.14655608 1.98853314 -0.21000648,-0.20737314 2.02120996 -0.17004319,-0.25945464 2.04417729 -0.1195635,-0.3007715 2.06350255 -0.06168935,-0.10712063 1.95827818 -0.22787647,-0.17069046 1.99989498 -0.19545788,-0.22815517 2.02857304 -0.1509511,-0.27581006 2.04979897 -0.0971087,-0.31269327 2.06976485 -0.03726057,-0.06823083 1.92121148 -0.24065606,-0.13220552 1.97315884 -0.21650635,-0.19358315 2.00963759 -0.17896672,-0.24717321 2.03513885 -0.1303588,-0.29027706 2.05554104 -0.07368879,-0.32300356 2.07699633 -0.01246147,-0.09330309 1.9400562 -0.23271844,-0.15654677 1.98603058 -0.2029845,-0.21499343 2.01805353 -0.16069691,-0.26433238 2.04125381 -0.10847093,-0.30291566 2.06174302 -0.04953654,-0.11822996 1.95663023 -0.22246796,-0.1798283 1.997123 -0.1874453,-0.2347331 2.02546191 -0.14083001,-0.27959666 2.04726887 -0.08550504,-0.31384173 2.06872392 -0.02489196,-0.08012803 1.920627 -0.23698184,-0.1426377 1.97108376 -0.21000648,-0.20177813 2.00670552 -0.17004319,-0.25266993 2.03220057 -0.1195635,-0.29298878 2.05352998 -0.06168935,-0.10473429 1.93893027 -0.22787647,-0.16618553 1.98361623 -0.19545788,-0.22217384 2.01507926 -0.1509511,-0.26872984 2.03861809 -0.0971087,-0.30458891 2.06036973 -0.03726057,-0.12905881 1.95502388 -0.21650635,-0.18857257 1.99447048 -0.17896672,-0.24084681 2.02257037 -0.1303588,-0.28289762 2.04506326 -0.07368879,-0.31453195 2.06809855 -0.01246147,-0.09182751 1.92005217 -0.23271844,-0.15273917 1.96907449 -0.2029845,-0.20954412 2.00392675 -0.16069691,-0.25768527 2.02952003 -0.10847093,-0.29521671 2.05187774 -0.04953654,-0.1159111 1.93782949 -0.22246796,-0.17544836 1.98129594 -0.1874453,-0.22889651 2.01229477 -0.14083001,-0.272636 2.03627682 -0.08550504,-0.30578706 2.05938649 -0.02489196,-0.13958025 1.9534632 -0.21000648,-0.19690156 1.99194396 -0.17004319,-0.24648108 2.01990557 -0.1195635,-0.28570476 2.04318738 -0.06168935,-0.10330019 1.91948867 -0.22787647,-0.16248477 1.96713591 -0.19545788,-0.21686181 2.00130844 -0.1509511,-0.26220673 2.02710319 -0.0971087,-0.29695532 2.05058813 -0.03726057,-0.12680572 1.93675637 -0.21650635,-0.18431225 1.97907567 -0.17896672,-0.23514473 2.00970674 -0.1303588,-0.27604124 2.03423572 -0.07368879,-0.30650717 2.05879545 -0.01246147,-0.14976813 1.95195198 -0.2029845,-0.20479454 1.98954964 -0.16069691,-0.2516219 2.01747417 -0.10847093,-0.2880111 2.04164648 -0.04953654,-0.11451755 1.91893756 -0.22246796,-0.17185029 1.96527302 -0.1874453,-0.22371303 1.99885702 -0.14083001,-0.2662231 2.02495646 -0.08550504,-0.29820028 2.04966497 -0.02489196,-0.13739108 1.93571389 -0.21000648,-0.19275518 1.97696078 -0.17004319,-0.24090298 2.0073216 -0.1195635,-0.27893701 2.03250003 -0.06168935,-0.15959711 1.95049405 -0.19545788,-0.21223189 1.98729348 -0.1509511,-0.25625652 2.01528215 -0.0971087,-0.2898109 2.0404439 -0.03726057,-0.1254517 1.91840041 -0.21650635,-0.18081246 1.96349037 -0.17896672,-0.23008071 1.99657869 -0.1303588,-0.26972437 2.02308488 -0.07368879,-0.2989485 2.04910994 -0.01246147,-0.14764084 1.9347043 -0.2029845,-0.20075613 1.97495663 -0.16069691,-0.2461569 2.00514531 -0.10847093,-0.28131619 2.03107405 -0.04953654,-0.16904277 1.94909286 -0.1874453,-0.21919513 1.98518121 -0.14083001,-0.26037338 2.01333499 -0.08550504,-0.29109967 2.03958273 -0.02489196,-0.13607545 1.91787851 -0.21000648,-0.18934898 1.96179235 -0.17004319,-0.23594904 1.99447894 -0.1195635,-0.27270183 2.02149343 -0.06168935,-0.15752952 1.93373036 -0.19545788,-0.20829524 1.97306824 -0.1509511,-0.25089347 2.00318336 -0.0971087,-0.28317282 2.02996111 -0.03726057,-0.17808162 1.94775212 -0.17896672,-0.22566696 1.98321807 -0.1303588,-0.26396224 2.01163745 -0.07368879,-0.2918742 2.03906512 -0.01246147,-0.14636241 1.91737306 -0.2029845,-0.19743864 1.96018314 -0.16069691,-0.24130344 1.99256313 -0.10847093,-0.27514809 2.02018595 -0.04953654,-0.16703254 1.93279445 -0.1874453,-0.21535373 1.97130013 -0.14083001,-0.25510094 2.00144053 -0.08550504,-0.2845023 2.02916431 -0.02489196,-0.18669116 1.94647503 -0.17004319,-0.23163125 1.98140872 -0.1195635,-0.26701424 2.01019406 -0.06168935,-0.15628697 1.9168855 -0.19545788,-0.20506132 1.95866692 -0.1509511,-0.24613059 1.99083591 -0.0971087,-0.27705711 2.01916552 -0.03726057,-0.17612629 1.93189883 -0.17896672,-0.22191408 1.96965694 -0.1303588,-0.25876877 1.9999212 -0.07368879,-0.2853013 2.02868557 -0.01246147,-0.19485004 1.9452647 -0.16069691,-0.2370732 1.97975802 -0.10847093,-0.26952171 2.00900817 -0.04953654,-0.16582447 1.916417 -0.1874453,-0.21219806 1.95724738 -0.14083001,-0.25041848 1.98930168 -0.08550504,-0.27842405 2.01843476 -0.02489196,-0.18478814 1.93104565 -0.17004319,-0.22795996 1.96814251 -0.1195635,-0.26188791 1.99862921 -0.06168935,-0.20253794 1.94412434 -0.1509511,-0.24197927 1.9782697 -0.0971087,-0.27147847 2.00808263 -0.03726057,-0.17495121 1.91596866 -0.17896672,-0.21883114 1.95592797 -0.1303588,-0.25415644 1.98796427 -0.07368879,-0.27924562 2.0179956 -0.01246147,-0.19299658 1.93023717 -0.16069691,-0.23347637 1.96676075 -0.10847093,-0.26445055 1.99756777 -0.04953654,-0.20973574 1.94305658 -0.14083001,-0.24633728 1.97694778 -0.08550504,-0.27287966 2.00741982 -0.02489196,-0.18364449 1.91554153 -0.17004319,-0.22494406 1.95471203 -0.1195635,-0.25733522 1.9868269 -0.06168935,-0.20073116 1.92947543 -0.1509511,-0.23844956 1.96551502 -0.0971087,-0.26645038 1.99673939 -0.03726057,-0.21642557 1.94206429 -0.1303588,-0.25013638 1.97579527 -0.07368879,-0.27372175 2.00702167 -0.01246147,-0.1918827 1.91513681 -0.16069691,-0.2305216 1.95360255 -0.10847093,-0.25994685 1.98589242 -0.04953654,-0.20797269 1.9287622 -0.14083001,-0.24286717 1.9644084 -0.08550504,-0.26788238 1.99614632 -0.02489196,-0.22259079 1.94114971 -0.1195635,-0.25336713 1.97481525 -0.06168935,-0.19964536 1.91475546 -0.1509511,-0.23554994 1.95260239 -0.0971087,-0.26198491 1.98516321 -0.03726057,-0.21470314 1.92809927 -0.1303588,-0.24671824 1.96344376 -0.07368879,-0.26874301 1.99578977 -0.01246147,-0.22821605 1.94031537 -0.10847093,-0.25602147 1.97401011 -0.04953654,-0.20691316 1.91439843 -0.14083001,-0.24001653 1.95171392 -0.08550504,-0.2634443 1.98464096 -0.02489196,-0.22090581 1.92748833 -0.1195635,-0.24999319 1.96262348 -0.06168935,-0.23328739 1.93956304 -0.0971087,-0.25809285 1.97338176 -0.03726057,-0.21366803 1.91406655 -0.1303588,-0.2439103 1.95093942 -0.07368879,-0.26432139 1.9843272 -0.01246147,-0.22656526 1.92693102 -0.10847093,-0.25268385 1.96194947 -0.04953654,-0.23779221 1.93889487 -0.08550504,-0.25957611 1.97293174 -0.02489196,-0.2198932 1.91376078 -0.1195635,-0.24722154 1.95028079 -0.06168935,-0.2316674 1.92642844 -0.0971087,-0.25478357 1.96142352 -0.03726057,-0.24171929 1.93831229 -0.07368879,-0.26046753 1.97266138 -0.01246147,-0.22557318 1.91348171 -0.10847093,-0.24994205 1.94973958 -0.04953654,-0.23619957 1.92598212 -0.08550504,-0.2562871 1.96104693 -0.02489196,-0.24505886 1.93781698 -0.06168935,-0.23069383 1.91323018 -0.0971087,-0.25206503 1.94931734 -0.03726057,-0.2401505 1.9255929 -0.07368879,-0.25719073 1.96082056 -0.01246147,-0.24780264 1.93741 -0.04953654,-0.23524246 1.91300666 -0.08550504,-0.25358525 1.9490149 -0.02489196,-0.24351037 1.92526197 -0.06168935,-0.24994381 1.9370923 -0.03726057,-0.23920771 1.91281188 -0.07368879,-0.25449887 1.94883323 -0.01246147,-0.24627081 1.92499018 -0.04953654,-0.251477 1.93686485 -0.02489196,-0.24257977 1.91264629 -0.06168935,-0.24842498 1.92477798 -0.03726057,-0.25239846 1.93672824 -0.01246147,-0.24535023 1.91251016 -0.04953654,-0.2499675 1.92462599 -0.02489196,-0.24751221 1.91240394 -0.03726057,-0.25089455 1.9245348 -0.01246147,-0.24906033 1.91232789 -0.02489196,-0.24999075 1.91228211 -0.01246147,-1.10000002 2.1500001 0,-1.10000002 2.15031075 -0.01246147,-1.10000002 2.15124226 -0.02489196,-1.10000002 2.15279222 -0.03726057,-1.10000002 2.15495682 -0.04953654,-1.10000002 2.15773058 -0.06168935,-1.10000002 2.16110682 -0.07368879,-1.10000002 2.16507673 -0.08550504,-1.10000002 2.169631 -0.0971087,-1.10000002 2.17475772 -0.10847093,-1.10000002 2.18044472 -0.1195635,-1.10000002 2.18667722 -0.1303588,-1.10000002 2.1934402 -0.14083001,-1.10000002 2.20071697 -0.1509511,-1.10000002 2.20848894 -0.16069691,-1.10000002 2.21673703 -0.17004319,-1.10000002 2.22544074 -0.17896672,-1.10000002 2.23457861 -0.1874453,-1.10000002 2.24412751 -0.19545788,-1.10000002 2.25406408 -0.2029845,-1.10000002 2.26436353 -0.21000648,-1.10000002 2.2750001 -0.21650635,-1.10000002 2.28594732 -0.22246796,-1.10000002 2.29717827 -0.22787647,-1.10000002 2.3086648 -0.23271844,-1.10000002 2.3203783 -0.23698184,-1.10000002 2.33228993 -0.24065606,-1.10000002 2.34436965 -0.24373198,-1.10000002 2.35658789 -0.24620193,-1.10000002 2.36891413 -0.24805979,-1.10000002 2.38131738 -0.24930096,-1.10000002 2.39376736 -0.24992229,-1.10000002 2.4062326 -0.24992229,-1.10000002 2.41868258 -0.24930096,-1.10000002 2.43108582 -0.24805979,-1.10000002 2.44341207 -0.24620193,-1.10000002 2.4556303 -0.24373198,-1.10000002 2.46771002 -0.24065606,-1.10000002 2.47962165 -0.23698184,-1.10000002 2.49133515 -0.23271844,-1.10000002 2.50282168 -0.22787647,-1.10000002 2.51405263 -0.22246796,-1.10000002 2.5250001 -0.21650635,-1.10000002 2.53563666 -0.21000648,-1.10000002 2.54593587 -0.2029845,-1.10000002 2.55587244 -0.19545788,-1.10000002 2.56542134 -0.1874453,-1.10000002 2.57455921 -0.17896672,-1.10000002 2.58326292 -0.17004319,-1.10000002 2.59151101 -0.16069691,-1.10000002 2.59928322 -0.1509511,-1.10000002 2.60655975 -0.14083001,-1.10000002 2.61332273 -0.1303588,-1.10000002 2.61955547 -0.1195635,-1.10000002 2.62524223 -0.10847093,-1.10000002 2.63036895 -0.0971087,-1.10000002 2.63492322 -0.08550504,-1.10000002 2.63889313 -0.07368879,-1.10000002 2.64226937 -0.06168935,-1.10000002 2.64504313 -0.04953654,-1.10000002 2.64720774 -0.03726057,-1.10000002 2.6487577 -0.02489196,-1.10000002 2.6496892 -0.01246147,-1.10000002 2.6500001 -0,-1.10000002 2.6496892 0.01246147,-1.10000002 2.6487577 0.02489196,-1.10000002 2.64720774 0.03726057,-1.10000002 2.64504313 0.04953654,-1.10000002 2.64226937 0.06168935,-1.10000002 2.63889313 0.07368879,-1.10000002 2.63492322 0.08550504,-1.10000002 2.63036895 0.0971087,-1.10000002 2.62524223 0.10847093,-1.10000002 2.61955547 0.1195635,-1.10000002 2.61332273 0.1303588,-1.10000002 2.60655975 0.14083001,-1.10000002 2.59928322 0.1509511,-1.10000002 2.59151101 0.16069691,-1.10000002 2.58326292 0.17004319,-1.10000002 2.57455921 0.17896672,-1.10000002 2.56542134 0.1874453,-1.10000002 2.55587244 0.19545788,-1.10000002 2.54593587 0.2029845,-1.10000002 2.53563666 0.21000648,-1.10000002 2.5250001 0.21650635,-1.10000002 2.51405263 0.22246796,-1.10000002 2.50282168 0.22787647,-1.10000002 2.49133515 0.23271844,-1.10000002 2.47962165 0.23698184,-1.10000002 2.46771002 0.24065606,-1.10000002 2.4556303 0.24373198,-1.10000002 2.44341207 0.24620193,-1.10000002 2.43108582 0.24805979,-1.10000002 2.41868258 0.24930096,-1.10000002 2.4062326 0.24992229,-1.10000002 2.39376736 0.24992229,-1.10000002 2.38131738 0.24930096,-1.10000002 2.36891413 0.24805979,-1.10000002 2.35658789 0.24620193,-1.10000002 2.34436965 0.24373198,-1.10000002 2.33228993 0.24065606,-1.10000002 2.3203783 0.23698184,-1.10000002 2.3086648 0.23271844,-1.10000002 2.29717827 0.22787647,-1.10000002 2.28594732 0.22246796,-1.10000002 2.2750001 0.21650635,-1.10000002 2.26436353 0.21000648,-1.10000002 2.25406408 0.2029845,-1.10000002 2.24412751 0.19545788,-1.10000002 2.23457861 0.1874453,-1.10000002 2.22544074 0.17896672,-1.10000002 2.21673703 0.17004319,-1.10000002 2.20848894 0.16069691,-1.10000002 2.20071697 0.1509511,-1.10000002 2.1934402 0.14083001,-1.10000002 2.18667722 0.1303588,-1.10000002 2.18044472 0.1195635,-1.10000002 2.17475772 0.10847093,-1.10000002 2.169631 0.0971087,-1.10000002 2.16507673 0.08550504,-1.10000002 2.16110682 0.07368879,-1.10000002 2.15773058 0.06168935,-1.10000002 2.15495682 0.04953654,-1.10000002 2.15279222 0.03726057,-1.10000002 2.15124226 0.02489196,-1.10000002 2.15031075 0.01246147              ]
            }
            coordIndex [
0,1,2,-1,0,2,3,-1,4,3,5,-1,4,0,3,-1,6,5,7,-1,6,4,5,-1,8,7,9,-1,8,6,7,-1,10,9,11,-1,10,8,9,-1,12,11,13,-1,12,10,11,-1,14,13,15,-1,14,12,13,-1,16,15,17,-1,16,14,15,-1,18,17,19,-1,18,16,17,-1,20,19,21,-1,20,18,19,-1,22,20,21,-1,22,21,23,-1,24,22,23,-1,24,23,25,-1,26,24,25,-1,26,25,27,-1,28,26,27,-1,28,27,29,-1,28,29,30,-1,31,28,30,-1,32,31,30,-1,32,30,33,-1,34,32,33,-1,34,33,35,-1,36,34,35,-1,36,35,37,-1,36,37,38,-1,39,36,38,-1,40,39,38,-1,40,38,41,-1,40,41,42,-1,43,40,42,-1,44,43,42,-1,44,42,45,-1,44,45,46,-1,47,44,46,-1,48,46,49,-1,48,47,46,-1,50,49,51,-1,50,51,52,-1,50,48,49,-1,53,50,52,-1,54,52,55,-1,54,53,52,-1,56,55,57,-1,56,57,58,-1,56,54,55,-1,59,56,58,-1,60,58,61,-1,60,59,58,-1,62,61,63,-1,62,63,64,-1,62,60,61,-1,65,62,64,-1,66,64,67,-1,66,67,68,-1,66,65,64,-1,69,66,68,-1,70,68,71,-1,70,69,68,-1,72,71,73,-1,72,73,74,-1,72,70,71,-1,75,72,74,-1,75,74,76,-1,77,75,76,-1,78,77,76,-1,78,76,79,-1,78,79,80,-1,81,78,80,-1,82,81,80,-1,82,80,83,-1,82,83,84,-1,85,82,84,-1,86,85,84,-1,86,84,87,-1,88,86,87,-1,88,87,89,-1,90,88,89,-1,90,89,91,-1,92,90,91,-1,92,91,93,-1,94,92,93,-1,94,93,95,-1,96,94,95,-1,96,95,97,-1,98,96,97,-1,98,97,99,-1,98,99,100,-1,101,98,100,-1,102,101,100,-1,102,100,103,-1,104,102,103,-1,104,103,105,-1,106,104,105,-1,106,105,107,-1,108,106,107,-1,108,107,109,-1,110,108,109,-1,110,109,111,-1,110,111,112,-1,113,110,112,-1,113,112,114,-1,115,113,114,-1,116,114,117,-1,116,117,118,-1,116,115,114,-1,119,116,118,-1,120,118,121,-1,120,119,118,-1,122,121,123,-1,122,120,121,-1,124,122,123,-1,124,123,125,-1,126,124,125,-1,126,125,127,-1,128,126,127,-1,128,127,129,-1,130,128,129,-1,130,129,131,-1,132,130,131,-1,132,131,133,-1,132,133,134,-1,135,132,134,-1,135,134,136,-1,137,135,136,-1,137,136,138,-1,139,137,138,-1,140,139,138,-1,140,138,141,-1,142,140,141,-1,142,141,143,-1,144,142,143,-1,144,143,145,-1,146,144,145,-1,146,145,147,-1,148,146,147,-1,148,147,149,-1,150,149,151,-1,150,151,152,-1,150,148,149,-1,153,150,152,-1,154,152,155,-1,154,153,152,-1,156,155,157,-1,156,157,158,-1,156,154,155,-1,159,156,158,-1,160,158,161,-1,160,159,158,-1,162,161,163,-1,162,160,161,-1,164,163,165,-1,164,162,163,-1,166,165,167,-1,166,167,168,-1,166,164,165,-1,169,166,168,-1,170,168,171,-1,170,169,168,-1,172,171,173,-1,172,173,174,-1,172,170,171,-1,175,172,174,-1,176,175,174,-1,176,174,177,-1,178,176,177,-1,178,177,179,-1,180,178,179,-1,180,179,181,-1,182,180,181,-1,182,181,183,-1,184,183,185,-1,184,182,183,-1,186,185,187,-1,186,184,185,-1,188,187,189,-1,188,189,190,-1,188,186,187,-1,191,190,192,-1,191,188,190,-1,193,191,192,-1,194,192,195,-1,194,193,192,-1,196,195,197,-1,196,194,195,-1,198,197,199,-1,198,196,197,-1,200,199,201,-1,200,198,199,-1,202,201,203,-1,202,200,201,-1,204,203,205,-1,204,202,203,-1,206,205,207,-1,206,207,208,-1,206,204,205,-1,209,206,208,-1,210,208,211,-1,210,209,208,-1,212,211,213,-1,212,210,211,-1,214,213,215,-1,214,215,216,-1,214,212,213,-1,217,214,216,-1,218,216,219,-1,218,217,216,-1,220,219,221,-1,220,221,222,-1,220,218,219,-1,223,220,222,-1,224,223,222,-1,224,222,225,-1,224,225,226,-1,227,224,226,-1,228,227,226,-1,228,226,229,-1,230,228,229,-1,230,229,231,-1,232,230,231,-1,232,231,233,-1,234,232,233,-1,234,233,235,-1,234,235,236,-1,237,234,236,-1,237,236,238,-1,239,237,238,-1,240,239,238,-1,240,238,241,-1,242,240,241,-1,242,241,243,-1,244,242,243,-1,244,243,245,-1,246,244,245,-1,246,245,247,-1,248,247,249,-1,248,246,247,-1,250,248,249,-1,250,249,251,-1,1,251,2,-1,1,250,251,-1,252,253,254,-1,2,255,3,-1,256,253,252,-1,256,257,253,-1,258,257,256,-1,258,259,257,-1,260,252,261,-1,260,256,252,-1,262,259,258,-1,262,263,259,-1,264,256,260,-1,264,258,256,-1,265,266,263,-1,265,263,262,-1,267,261,268,-1,267,260,261,-1,269,262,258,-1,269,258,264,-1,270,266,265,-1,270,271,266,-1,272,260,267,-1,272,264,260,-1,273,265,262,-1,273,262,269,-1,274,268,275,-1,274,267,268,-1,276,271,270,-1,276,277,271,-1,278,264,272,-1,278,269,264,-1,279,270,265,-1,279,265,273,-1,280,267,274,-1,280,272,267,-1,281,277,276,-1,281,282,277,-1,283,273,269,-1,283,269,278,-1,284,275,285,-1,284,274,275,-1,286,270,279,-1,286,276,270,-1,287,272,280,-1,287,278,272,-1,288,282,281,-1,288,289,282,-1,290,279,273,-1,290,273,283,-1,291,274,284,-1,291,280,274,-1,292,281,276,-1,292,276,286,-1,293,278,287,-1,293,283,278,-1,294,295,289,-1,294,289,288,-1,296,285,297,-1,296,284,285,-1,298,286,279,-1,298,279,290,-1,299,280,291,-1,299,287,280,-1,300,281,292,-1,300,288,281,-1,301,283,293,-1,301,290,283,-1,302,295,294,-1,302,303,295,-1,304,284,296,-1,304,291,284,-1,305,286,298,-1,305,292,286,-1,306,287,299,-1,306,293,287,-1,307,294,288,-1,307,288,300,-1,308,297,309,-1,308,296,297,-1,310,298,290,-1,310,290,301,-1,311,303,302,-1,311,312,303,-1,313,299,291,-1,313,291,304,-1,314,300,292,-1,314,292,305,-1,315,301,293,-1,315,293,306,-1,316,302,294,-1,316,294,307,-1,317,304,296,-1,317,296,308,-1,318,298,310,-1,318,305,298,-1,319,320,312,-1,319,312,311,-1,321,306,299,-1,321,299,313,-1,322,300,314,-1,322,307,300,-1,323,309,324,-1,323,308,309,-1,325,310,301,-1,325,301,315,-1,326,302,316,-1,326,311,302,-1,327,313,304,-1,327,304,317,-1,328,314,305,-1,328,305,318,-1,329,320,319,-1,329,330,320,-1,331,315,306,-1,331,306,321,-1,332,307,322,-1,332,316,307,-1,333,317,308,-1,333,308,323,-1,334,310,325,-1,334,318,310,-1,335,311,326,-1,335,319,311,-1,336,313,327,-1,336,321,313,-1,337,322,314,-1,337,314,328,-1,338,330,329,-1,338,339,330,-1,340,324,341,-1,340,323,324,-1,342,325,315,-1,342,315,331,-1,343,326,316,-1,343,316,332,-1,344,317,333,-1,344,327,317,-1,345,318,334,-1,345,328,318,-1,346,319,335,-1,346,329,319,-1,347,331,321,-1,347,321,336,-1,348,332,322,-1,348,322,337,-1,349,339,338,-1,349,350,339,-1,351,323,340,-1,351,333,323,-1,352,334,325,-1,352,325,342,-1,353,335,326,-1,353,326,343,-1,354,327,344,-1,354,336,327,-1,355,328,345,-1,355,337,328,-1,356,329,346,-1,356,338,329,-1,357,341,358,-1,357,340,341,-1,359,342,331,-1,359,331,347,-1,360,332,348,-1,360,343,332,-1,361,350,349,-1,361,362,350,-1,363,333,351,-1,363,344,333,-1,364,345,334,-1,364,334,352,-1,365,335,353,-1,365,346,335,-1,366,336,354,-1,366,347,336,-1,367,337,355,-1,367,348,337,-1,368,338,356,-1,368,349,338,-1,369,351,340,-1,369,340,357,-1,370,352,342,-1,370,342,359,-1,371,353,343,-1,371,343,360,-1,372,373,362,-1,372,362,361,-1,374,344,363,-1,374,354,344,-1,375,355,345,-1,375,345,364,-1,376,346,365,-1,376,356,346,-1,377,358,378,-1,377,357,358,-1,379,347,366,-1,379,359,347,-1,380,360,348,-1,380,348,367,-1,381,349,368,-1,381,361,349,-1,382,363,351,-1,382,351,369,-1,383,352,370,-1,383,364,352,-1,384,365,353,-1,384,353,371,-1,385,386,373,-1,385,373,372,-1,387,354,374,-1,387,366,354,-1,388,367,355,-1,388,355,375,-1,389,368,356,-1,389,356,376,-1,390,369,357,-1,390,357,377,-1,391,359,379,-1,391,370,359,-1,392,360,380,-1,392,371,360,-1,393,361,381,-1,393,372,361,-1,394,363,382,-1,394,374,363,-1,395,364,383,-1,395,375,364,-1,396,365,384,-1,396,376,365,-1,397,398,386,-1,397,386,385,-1,399,378,400,-1,399,377,378,-1,401,379,366,-1,401,366,387,-1,402,367,388,-1,402,380,367,-1,403,381,368,-1,403,368,389,-1,404,382,369,-1,404,369,390,-1,405,370,391,-1,405,383,370,-1,406,371,392,-1,406,384,371,-1,407,385,372,-1,407,372,393,-1,408,374,394,-1,408,387,374,-1,409,388,375,-1,409,375,395,-1,410,389,376,-1,410,376,396,-1,411,398,397,-1,411,412,398,-1,413,390,377,-1,413,377,399,-1,414,391,379,-1,414,379,401,-1,415,392,380,-1,415,380,402,-1,416,381,403,-1,416,393,381,-1,417,394,382,-1,417,382,404,-1,418,383,405,-1,418,395,383,-1,419,396,384,-1,419,384,406,-1,420,397,385,-1,420,385,407,-1,421,400,422,-1,421,399,400,-1,423,401,387,-1,423,387,408,-1,424,402,388,-1,424,388,409,-1,425,389,410,-1,425,403,389,-1,426,427,412,-1,426,412,411,-1,428,390,413,-1,428,404,390,-1,429,405,391,-1,429,391,414,-1,430,406,392,-1,430,392,415,-1,431,393,416,-1,431,407,393,-1,432,394,417,-1,432,408,394,-1,433,395,418,-1,433,409,395,-1,434,396,419,-1,434,410,396,-1,435,397,420,-1,435,411,397,-1,436,399,421,-1,436,413,399,-1,437,414,401,-1,437,401,423,-1,438,402,424,-1,438,415,402,-1,439,403,425,-1,439,416,403,-1,440,427,426,-1,440,441,427,-1,442,417,404,-1,442,404,428,-1,443,418,405,-1,443,405,429,-1,444,419,406,-1,444,406,430,-1,445,407,431,-1,445,420,407,-1,446,422,447,-1,446,421,422,-1,448,408,432,-1,448,423,408,-1,449,424,409,-1,449,409,433,-1,450,425,410,-1,450,410,434,-1,451,411,435,-1,451,426,411,-1,452,413,436,-1,452,428,413,-1,453,414,437,-1,453,429,414,-1,454,415,438,-1,454,430,415,-1,455,431,416,-1,455,416,439,-1,456,457,441,-1,456,441,440,-1,458,417,442,-1,458,432,417,-1,459,433,418,-1,459,418,443,-1,460,434,419,-1,460,419,444,-1,461,435,420,-1,461,420,445,-1,462,436,421,-1,462,421,446,-1,463,437,423,-1,463,423,448,-1,464,438,424,-1,464,424,449,-1,465,439,425,-1,465,425,450,-1,466,426,451,-1,466,440,426,-1,467,442,428,-1,467,428,452,-1,468,443,429,-1,468,429,453,-1,469,430,454,-1,469,444,430,-1,470,431,455,-1,470,445,431,-1,471,457,456,-1,471,472,457,-1,473,446,447,-1,473,447,474,-1,475,432,458,-1,475,448,432,-1,476,433,459,-1,476,449,433,-1,477,450,434,-1,477,434,460,-1,478,451,435,-1,478,435,461,-1,479,436,462,-1,479,452,436,-1,480,437,463,-1,480,453,437,-1,481,454,438,-1,481,438,464,-1,482,439,465,-1,482,455,439,-1,483,456,440,-1,483,440,466,-1,484,442,467,-1,484,458,442,-1,485,459,443,-1,485,443,468,-1,486,444,469,-1,486,460,444,-1,487,445,470,-1,487,461,445,-1,488,472,471,-1,488,489,472,-1,490,446,473,-1,490,462,446,-1,491,463,448,-1,491,448,475,-1,492,464,449,-1,492,449,476,-1,493,450,477,-1,493,465,450,-1,494,451,478,-1,494,466,451,-1,495,467,452,-1,495,452,479,-1,496,468,453,-1,496,453,480,-1,497,469,454,-1,497,454,481,-1,498,455,482,-1,498,470,455,-1,499,471,456,-1,499,456,483,-1,500,473,474,-1,500,474,501,-1,502,475,458,-1,502,458,484,-1,503,476,459,-1,503,459,485,-1,504,477,460,-1,504,460,486,-1,505,461,487,-1,505,478,461,-1,506,489,488,-1,506,507,489,-1,508,462,490,-1,508,479,462,-1,509,463,491,-1,509,480,463,-1,510,481,464,-1,510,464,492,-1,511,465,493,-1,511,482,465,-1,512,466,494,-1,512,483,466,-1,513,467,495,-1,513,484,467,-1,514,468,496,-1,514,485,468,-1,515,469,497,-1,515,486,469,-1,516,487,470,-1,516,470,498,-1,517,488,471,-1,517,471,499,-1,518,490,473,-1,518,473,500,-1,519,475,502,-1,519,491,475,-1,520,476,503,-1,520,492,476,-1,521,477,504,-1,521,493,477,-1,522,478,505,-1,522,494,478,-1,523,507,506,-1,523,524,507,-1,525,495,479,-1,525,479,508,-1,526,496,480,-1,526,480,509,-1,527,481,510,-1,527,497,481,-1,528,482,511,-1,528,498,482,-1,529,499,483,-1,529,483,512,-1,530,500,501,-1,530,501,531,-1,532,502,484,-1,532,484,513,-1,532,519,502,-1,533,503,485,-1,533,485,514,-1,534,504,486,-1,534,486,515,-1,535,505,487,-1,535,487,516,-1,536,506,488,-1,536,488,517,-1,537,490,518,-1,537,508,490,-1,538,509,491,-1,538,491,519,-1,539,510,492,-1,539,492,520,-1,540,511,493,-1,540,493,521,-1,541,512,494,-1,541,494,522,-1,542,543,524,-1,542,524,523,-1,544,513,495,-1,544,495,525,-1,545,496,526,-1,545,514,496,-1,546,497,527,-1,546,515,497,-1,547,498,528,-1,547,516,498,-1,548,517,499,-1,548,499,529,-1,549,500,530,-1,549,518,500,-1,550,519,532,-1,551,503,533,-1,551,520,503,-1,552,504,534,-1,552,521,504,-1,553,522,505,-1,553,505,535,-1,554,506,536,-1,554,523,506,-1,555,508,537,-1,555,525,508,-1,556,509,538,-1,556,526,509,-1,557,510,539,-1,557,527,510,-1,558,511,540,-1,558,528,511,-1,559,512,541,-1,559,529,512,-1,560,530,531,-1,560,561,562,-1,560,531,561,-1,563,543,542,-1,563,564,543,-1,565,513,544,-1,565,532,513,-1,566,514,545,-1,566,533,514,-1,567,534,515,-1,567,515,546,-1,568,516,547,-1,568,535,516,-1,569,536,517,-1,569,517,548,-1,570,518,549,-1,570,537,518,-1,571,538,519,-1,571,519,550,-1,572,539,520,-1,572,520,551,-1,573,540,521,-1,573,521,552,-1,574,541,522,-1,574,522,553,-1,575,542,523,-1,575,523,554,-1,576,525,555,-1,576,544,525,-1,577,545,526,-1,577,526,556,-1,578,546,527,-1,578,527,557,-1,579,547,528,-1,579,528,558,-1,580,548,529,-1,580,529,559,-1,581,549,530,-1,581,530,560,-1,582,564,563,-1,582,583,584,-1,582,584,564,-1,585,532,565,-1,585,550,532,-1,586,533,566,-1,586,551,533,-1,587,552,534,-1,587,534,567,-1,588,553,535,-1,588,535,568,-1,589,536,569,-1,589,554,536,-1,590,555,537,-1,590,537,570,-1,591,538,571,-1,591,556,538,-1,592,539,572,-1,592,557,539,-1,593,540,573,-1,593,558,540,-1,594,541,574,-1,594,559,541,-1,595,560,562,-1,596,542,575,-1,596,563,542,-1,597,544,576,-1,597,565,544,-1,598,545,577,-1,598,566,545,-1,599,546,578,-1,599,567,546,-1,600,547,579,-1,600,568,547,-1,601,569,548,-1,601,548,580,-1,602,549,581,-1,602,570,549,-1,603,583,582,-1,604,550,585,-1,604,571,550,-1,605,551,586,-1,605,572,551,-1,606,573,552,-1,606,552,587,-1,607,553,588,-1,607,574,553,-1,608,554,589,-1,608,575,554,-1,609,576,555,-1,609,555,590,-1,610,577,556,-1,610,556,591,-1,611,578,557,-1,611,599,578,-1,611,557,592,-1,612,558,593,-1,612,579,558,-1,613,559,594,-1,613,580,559,-1,614,560,595,-1,614,581,560,-1,615,582,563,-1,615,563,596,-1,616,585,565,-1,616,565,597,-1,617,566,598,-1,617,586,566,-1,618,587,567,-1,618,567,599,-1,619,568,600,-1,619,588,568,-1,620,589,569,-1,620,569,601,-1,621,570,602,-1,621,590,570,-1,622,583,603,-1,622,623,583,-1,624,571,604,-1,624,591,571,-1,625,592,572,-1,625,572,605,-1,626,573,606,-1,626,593,573,-1,627,574,607,-1,627,594,574,-1,628,595,562,-1,628,562,629,-1,630,575,608,-1,630,596,575,-1,631,576,609,-1,631,597,576,-1,632,598,577,-1,632,577,610,-1,633,599,611,-1,634,579,612,-1,634,600,579,-1,635,601,580,-1,635,580,613,-1,636,581,614,-1,636,602,581,-1,637,603,582,-1,637,582,615,-1,638,604,585,-1,638,585,616,-1,639,586,617,-1,639,605,586,-1,640,587,618,-1,640,606,587,-1,641,588,619,-1,641,607,588,-1,642,589,620,-1,642,608,589,-1,643,609,590,-1,643,590,621,-1,644,645,623,-1,644,623,622,-1,646,610,591,-1,646,591,624,-1,647,611,592,-1,647,592,625,-1,648,612,593,-1,648,593,626,-1,649,613,594,-1,649,594,627,-1,650,595,628,-1,650,614,595,-1,651,615,596,-1,651,596,630,-1,652,616,597,-1,652,597,631,-1,653,598,632,-1,653,617,598,-1,654,618,599,-1,654,599,633,-1,655,619,600,-1,655,600,634,-1,656,601,635,-1,656,620,601,-1,657,621,602,-1,657,602,636,-1,658,603,637,-1,658,622,603,-1,659,604,638,-1,659,624,604,-1,660,625,605,-1,660,605,639,-1,661,606,640,-1,661,626,606,-1,662,627,607,-1,662,607,641,-1,663,628,629,-1,663,629,664,-1,665,630,608,-1,665,608,642,-1,666,631,609,-1,666,609,643,-1,667,645,644,-1,667,668,645,-1,669,610,646,-1,669,632,610,-1,670,611,647,-1,670,633,611,-1,671,634,612,-1,671,612,648,-1,672,635,613,-1,672,613,649,-1,673,614,650,-1,673,636,614,-1,674,637,615,-1,674,615,651,-1,675,638,616,-1,675,616,652,-1,676,617,653,-1,676,639,617,-1,677,618,654,-1,677,640,618,-1,678,641,619,-1,678,619,655,-1,679,642,620,-1,679,620,656,-1,680,621,657,-1,680,643,621,-1,681,644,622,-1,681,622,658,-1,682,624,659,-1,682,646,624,-1,683,625,660,-1,683,647,625,-1,684,648,626,-1,684,626,661,-1,685,627,662,-1,685,649,627,-1,686,628,663,-1,686,650,628,-1,687,674,651,-1,687,630,665,-1,687,651,630,-1,688,631,666,-1,688,652,631,-1,689,690,668,-1,689,668,667,-1,691,653,632,-1,691,632,669,-1,692,654,633,-1,692,633,670,-1,693,655,634,-1,693,634,671,-1,694,635,672,-1,694,656,635,-1,695,657,636,-1,695,636,673,-1,696,637,674,-1,696,658,637,-1,697,659,638,-1,697,638,675,-1,698,639,676,-1,698,660,639,-1,699,661,640,-1,699,640,677,-1,700,662,641,-1,700,641,678,-1,701,663,664,-1,701,664,702,-1,703,642,679,-1,703,665,642,-1,704,643,680,-1,704,666,643,-1,705,644,681,-1,705,667,644,-1,706,669,646,-1,706,646,682,-1,707,647,683,-1,707,670,647,-1,708,671,648,-1,708,648,684,-1,709,649,685,-1,709,672,649,-1,710,650,686,-1,710,673,650,-1,711,674,687,-1,712,675,652,-1,712,652,688,-1,713,714,690,-1,713,690,689,-1,715,653,691,-1,715,676,653,-1,716,677,654,-1,716,654,692,-1,717,678,655,-1,717,655,693,-1,718,656,694,-1,718,679,656,-1,719,680,657,-1,719,657,695,-1,720,658,696,-1,720,681,658,-1,721,682,659,-1,721,659,697,-1,721,706,682,-1,722,683,660,-1,722,660,698,-1,723,684,661,-1,723,661,699,-1,724,685,662,-1,724,662,700,-1,725,663,701,-1,725,686,663,-1,726,687,665,-1,726,665,703,-1,727,688,666,-1,727,666,704,-1,728,667,705,-1,728,689,667,-1,729,669,706,-1,729,691,669,-1,730,692,670,-1,730,670,707,-1,731,693,671,-1,731,671,708,-1,732,672,709,-1,732,694,672,-1,733,673,710,-1,733,695,673,-1,734,674,711,-1,734,696,674,-1,735,675,712,-1,735,697,675,-1,736,737,714,-1,736,714,713,-1,738,698,676,-1,738,676,715,-1,739,677,716,-1,739,723,699,-1,739,699,677,-1,740,678,717,-1,740,700,678,-1,741,701,702,-1,741,742,743,-1,741,702,742,-1,744,679,718,-1,744,703,679,-1,745,680,719,-1,745,704,680,-1,746,681,720,-1,746,705,681,-1,747,706,721,-1,748,683,722,-1,748,707,683,-1,749,684,723,-1,749,708,684,-1,750,685,724,-1,750,709,685,-1,751,686,725,-1,751,710,686,-1,752,711,687,-1,752,687,726,-1,753,688,727,-1,753,712,688,-1,754,713,689,-1,754,689,728,-1,755,691,729,-1,755,715,691,-1,756,692,730,-1,756,716,692,-1,757,693,731,-1,757,740,717,-1,757,717,693,-1,758,694,732,-1,758,718,694,-1,759,719,695,-1,759,695,733,-1,759,745,719,-1,760,696,734,-1,760,720,696,-1,761,721,697,-1,761,697,735,-1,762,763,764,-1,762,764,737,-1,762,737,736,-1,765,698,738,-1,765,722,698,-1,766,723,739,-1,767,724,700,-1,767,700,740,-1,768,701,741,-1,768,725,701,-1,769,726,703,-1,769,703,744,-1,770,704,745,-1,770,727,704,-1,771,705,746,-1,771,728,705,-1,772,729,706,-1,772,706,747,-1,773,730,707,-1,773,707,748,-1,774,731,708,-1,774,708,749,-1,775,732,709,-1,775,709,750,-1,776,710,751,-1,776,733,710,-1,777,734,711,-1,777,711,752,-1,778,712,753,-1,778,735,712,-1,779,713,754,-1,779,736,713,-1,780,738,715,-1,780,715,755,-1,781,716,756,-1,781,739,716,-1,782,740,757,-1,783,741,743,-1,784,744,718,-1,784,718,758,-1,785,745,759,-1,786,720,760,-1,786,746,720,-1,787,721,761,-1,787,747,721,-1,788,763,762,-1,789,722,765,-1,789,748,722,-1,790,749,723,-1,790,723,766,-1,791,750,724,-1,791,724,767,-1,792,751,725,-1,792,725,768,-1,793,726,769,-1,793,752,726,-1,794,753,727,-1,794,727,770,-1,795,754,728,-1,795,728,771,-1,796,755,729,-1,796,729,772,-1,797,730,773,-1,797,756,730,-1,798,731,774,-1,798,757,731,-1,799,758,732,-1,799,732,775,-1,799,784,758,-1,800,733,776,-1,800,759,733,-1,801,734,777,-1,801,760,734,-1,802,761,735,-1,802,735,778,-1,803,762,736,-1,803,736,779,-1,804,765,738,-1,804,738,780,-1,805,739,781,-1,805,766,739,-1,806,740,782,-1,806,791,767,-1,806,767,740,-1,807,741,783,-1,807,768,741,-1,808,769,744,-1,808,744,784,-1,809,745,785,-1,809,770,745,-1,810,746,786,-1,810,771,746,-1,811,747,787,-1,811,772,747,-1,812,763,788,-1,812,813,763,-1,814,748,789,-1,814,773,748,-1,815,749,790,-1,815,774,749,-1,816,775,750,-1,816,750,791,-1,817,751,792,-1,817,776,751,-1,818,752,793,-1,818,777,752,-1,819,753,794,-1,819,778,753,-1,820,779,754,-1,820,754,795,-1,821,755,796,-1,821,780,755,-1,822,756,797,-1,822,781,756,-1,822,805,781,-1,823,757,798,-1,823,782,757,-1,824,783,743,-1,824,743,825,-1,826,784,799,-1,827,785,759,-1,827,759,800,-1,828,760,801,-1,828,786,760,-1,829,787,761,-1,829,761,802,-1,830,788,762,-1,830,762,803,-1,831,765,804,-1,831,789,765,-1,832,766,805,-1,832,815,790,-1,832,790,766,-1,833,791,806,-1,834,792,768,-1,834,768,807,-1,835,793,769,-1,835,769,808,-1,836,794,770,-1,836,770,809,-1,837,795,771,-1,837,771,810,-1,838,796,772,-1,838,772,811,-1,839,840,813,-1,839,813,812,-1,841,773,814,-1,841,797,773,-1,842,774,815,-1,842,823,798,-1,842,798,774,-1,843,775,816,-1,843,799,775,-1,844,776,817,-1,844,800,776,-1,845,777,818,-1,845,801,777,-1,846,778,819,-1,846,802,778,-1,847,779,820,-1,847,803,779,-1,848,804,780,-1,848,780,821,-1,848,831,804,-1,849,805,822,-1,850,782,823,-1,850,806,782,-1,851,834,807,-1,851,807,783,-1,851,783,824,-1,852,784,826,-1,852,835,808,-1,852,808,784,-1,853,785,827,-1,853,809,785,-1,853,836,809,-1,854,786,828,-1,854,810,786,-1,855,811,787,-1,855,787,829,-1,856,812,788,-1,856,788,830,-1,857,789,831,-1,857,814,789,-1,858,815,832,-1,859,791,833,-1,859,816,791,-1,860,817,792,-1,860,792,834,-1,861,818,793,-1,861,793,835,-1,862,846,819,-1,862,819,794,-1,862,794,836,-1,863,795,837,-1,863,820,795,-1,864,796,838,-1,864,821,796,-1,864,848,821,-1,865,866,840,-1,865,840,839,-1,867,822,797,-1,867,797,841,-1,868,823,842,-1,869,824,825,-1,869,851,824,-1,869,825,870,-1,871,799,843,-1,871,826,799,-1,872,827,800,-1,872,800,844,-1,873,801,845,-1,873,828,801,-1,874,855,829,-1,874,829,802,-1,874,802,846,-1,875,830,803,-1,875,803,847,-1,876,831,848,-1,877,805,849,-1,877,832,805,-1,878,806,850,-1,878,833,806,-1,879,834,851,-1,880,835,852,-1,881,836,853,-1,882,810,854,-1,882,837,810,-1,883,811,855,-1,883,838,811,-1,884,812,856,-1,884,839,812,-1,885,841,814,-1,885,814,857,-1,886,815,858,-1,886,842,815,-1,887,843,816,-1,887,816,859,-1,888,817,860,-1,888,844,817,-1,889,845,818,-1,889,818,861,-1,890,846,862,-1,891,820,863,-1,891,847,820,-1,892,848,864,-1,893,866,865,-1,893,894,866,-1,895,822,867,-1,895,849,822,-1,896,850,823,-1,896,823,868,-1,897,851,869,-1,898,852,826,-1,898,826,871,-1,899,853,827,-1,899,827,872,-1,900,828,873,-1,900,854,828,-1,901,855,874,-1,902,856,830,-1,902,830,875,-1,903,831,876,-1,903,857,831,-1,904,832,877,-1,904,858,832,-1,905,859,833,-1,905,833,878,-1,906,834,879,-1,906,860,834,-1,907,861,835,-1,907,835,880,-1,908,862,836,-1,908,836,881,-1,909,837,882,-1,909,863,837,-1,910,864,838,-1,910,838,883,-1,911,865,839,-1,911,839,884,-1,912,867,841,-1,912,841,885,-1,913,842,886,-1,913,868,842,-1,914,869,870,-1,914,870,915,-1,916,871,843,-1,916,843,887,-1,917,844,888,-1,917,872,844,-1,918,873,845,-1,918,845,889,-1,919,846,890,-1,919,874,846,-1,920,875,847,-1,920,847,891,-1,921,876,848,-1,921,848,892,-1,922,923,894,-1,922,894,893,-1,924,849,895,-1,924,904,877,-1,924,877,849,-1,925,850,896,-1,925,878,850,-1,926,851,897,-1,926,879,851,-1,927,852,898,-1,927,880,852,-1,928,853,899,-1,928,881,853,-1,929,882,854,-1,929,854,900,-1,930,855,901,-1,930,883,855,-1,930,910,883,-1,931,884,856,-1,931,856,902,-1,932,857,903,-1,932,885,857,-1,933,886,858,-1,933,858,904,-1,934,887,859,-1,934,859,905,-1,935,888,860,-1,935,860,906,-1,936,861,907,-1,936,889,861,-1,936,918,889,-1,937,890,862,-1,937,862,908,-1,938,863,909,-1,938,891,863,-1,939,892,864,-1,939,864,910,-1,940,893,865,-1,940,865,911,-1,941,867,912,-1,941,895,867,-1,941,924,895,-1,942,868,913,-1,942,896,868,-1,943,869,914,-1,943,897,869,-1,944,898,871,-1,944,871,916,-1,945,899,872,-1,945,872,917,-1,946,873,918,-1,946,900,873,-1,947,901,874,-1,947,874,919,-1,947,930,901,-1,948,902,875,-1,948,875,920,-1,949,876,921,-1,949,903,876,-1,950,951,923,-1,950,923,922,-1,952,904,924,-1,953,878,925,-1,953,905,878,-1,953,934,905,-1,954,879,926,-1,954,935,906,-1,954,906,879,-1,955,880,927,-1,955,907,880,-1,956,908,881,-1,956,881,928,-1,957,882,929,-1,957,909,882,-1,957,938,909,-1,958,910,930,-1,959,911,884,-1,959,884,931,-1,960,885,932,-1,960,912,885,-1,961,913,886,-1,961,886,933,-1,962,943,914,-1,962,914,915,-1,962,915,963,-1,964,916,887,-1,964,887,934,-1,965,917,888,-1,965,888,935,-1,966,918,936,-1,967,890,937,-1,967,919,890,-1,968,891,938,-1,968,920,891,-1,969,921,892,-1,969,892,939,-1,970,893,940,-1,970,922,893,-1,971,924,941,-1,972,896,942,-1,972,925,896,-1,973,926,897,-1,973,897,943,-1,974,927,898,-1,974,898,944,-1,975,928,899,-1,975,899,945,-1,976,900,946,-1,976,929,900,-1,977,930,947,-1,978,902,948,-1,978,931,902,-1,979,932,903,-1,979,903,949,-1,980,981,951,-1,980,951,950,-1,982,933,904,-1,982,904,952,-1,983,934,953,-1,984,935,954,-1,985,936,907,-1,985,907,955,-1,986,937,908,-1,986,908,956,-1,987,938,957,-1,988,939,910,-1,988,910,958,-1,989,911,959,-1,989,940,911,-1,990,941,912,-1,990,912,960,-1,991,972,942,-1,991,913,961,-1,991,942,913,-1,992,943,962,-1,993,944,916,-1,993,916,964,-1,994,945,917,-1,994,917,965,-1,995,946,918,-1,995,918,966,-1,996,919,967,-1,996,947,919,-1,997,920,968,-1,997,948,920,-1,998,949,921,-1,998,921,969,-1,999,922,970,-1,999,950,922,-1,1000,952,924,-1,1000,924,971,-1,1001,953,925,-1,1001,925,972,-1,1002,954,926,-1,1002,926,973,-1,1003,955,927,-1,1003,927,974,-1,1004,928,975,-1,1004,956,928,-1,1005,929,976,-1,1005,957,929,-1,1006,930,977,-1,1006,988,958,-1,1006,958,930,-1,1007,959,931,-1,1007,931,978,-1,1008,932,979,-1,1008,960,932,-1,1008,990,960,-1,1009,1010,981,-1,1009,981,980,-1,1011,933,982,-1,1011,961,933,-1,1012,962,963,-1,1012,1013,1014,-1,1012,963,1013,-1,1015,964,934,-1,1015,934,983,-1,1016,994,965,-1,1016,935,984,-1,1016,965,935,-1,1017,936,985,-1,1017,966,936,-1,1018,967,937,-1,1018,937,986,-1,1019,938,987,-1,1019,968,938,-1,1020,939,988,-1,1020,969,939,-1,1020,998,969,-1,1021,940,989,-1,1021,970,940,-1,1022,941,990,-1,1022,971,941,-1,1023,972,991,-1,1024,973,943,-1,1024,943,992,-1,1025,974,944,-1,1025,944,993,-1,1026,975,945,-1,1026,945,994,-1,1027,946,995,-1,1027,976,946,-1,1027,1005,976,-1,1028,947,996,-1,1028,977,947,-1,1029,978,948,-1,1029,948,997,-1,1030,949,998,-1,1030,979,949,-1,1031,980,950,-1,1031,950,999,-1,1032,982,952,-1,1032,952,1000,-1,1033,953,1001,-1,1033,983,953,-1,1034,984,954,-1,1034,954,1002,-1,1035,1017,985,-1,1035,955,1003,-1,1035,985,955,-1,1036,986,956,-1,1036,956,1004,-1,1037,957,1005,-1,1037,987,957,-1,1038,988,1006,-1,1039,959,1007,-1,1039,989,959,-1,1040,990,1008,-1,1041,1042,1043,-1,1041,1043,1010,-1,1041,1010,1009,-1,1044,991,961,-1,1044,961,1011,-1,1045,992,962,-1,1045,962,1012,-1,1046,993,964,-1,1046,964,1015,-1,1047,994,1016,-1,1048,995,966,-1,1048,966,1017,-1,1049,967,1018,-1,1049,1028,996,-1,1049,996,967,-1,1050,997,968,-1,1050,1029,997,-1,1050,968,1019,-1,1051,998,1020,-1,1052,970,1021,-1,1052,999,970,-1,1053,971,1022,-1,1053,1000,971,-1,1054,972,1023,-1,1054,1033,1001,-1,1054,1001,972,-1,1055,1034,1002,-1,1055,1002,973,-1,1055,973,1024,-1,1056,974,1025,-1,1056,1003,974,-1,1057,1004,975,-1,1057,975,1026,-1,1058,1005,1027,-1,1059,1006,977,-1,1059,977,1028,-1,1060,978,1029,-1,1060,1007,978,-1,1061,1008,979,-1,1061,979,1030,-1,1062,980,1031,-1,1062,1009,980,-1,1063,1011,982,-1,1063,982,1032,-1,1064,1012,1014,-1,1065,1015,983,-1,1065,983,1033,-1,1066,984,1034,-1,1066,1016,984,-1,1067,1017,1035,-1,1068,1018,986,-1,1068,986,1036,-1,1069,987,1037,-1,1069,1019,987,-1,1070,988,1038,-1,1070,1020,988,-1,1071,989,1039,-1,1071,1021,989,-1,1072,1053,1022,-1,1072,1022,990,-1,1072,990,1040,-1,1073,1042,1041,-1,1074,1023,991,-1,1074,991,1044,-1,1075,992,1045,-1,1075,1024,992,-1,1076,993,1046,-1,1076,1025,993,-1,1077,994,1047,-1,1077,1026,994,-1,1077,1057,1026,-1,1078,995,1048,-1,1078,1027,995,-1,1079,1028,1049,-1,1080,1029,1050,-1,1081,1030,998,-1,1081,998,1051,-1,1082,999,1052,-1,1082,1031,999,-1,1083,1000,1053,-1,1083,1032,1000,-1,1084,1033,1054,-1,1085,1034,1055,-1,1086,1035,1003,-1,1086,1003,1056,-1,1087,1036,1004,-1,1087,1004,1057,-1,1088,1037,1005,-1,1088,1005,1058,-1,1089,1038,1006,-1,1089,1006,1059,-1,1090,1071,1039,-1,1090,1039,1007,-1,1090,1007,1060,-1,1091,1008,1061,-1,1091,1040,1008,-1,1092,1041,1009,-1,1092,1009,1062,-1,1093,1011,1063,-1,1093,1044,1011,-1,1094,1045,1012,-1,1094,1012,1064,-1,1095,1046,1015,-1,1095,1015,1065,-1,1096,1047,1016,-1,1096,1016,1066,-1,1097,1017,1067,-1,1097,1048,1017,-1,1098,1018,1068,-1,1098,1049,1018,-1,1099,1019,1069,-1,1099,1050,1019,-1,1100,1020,1070,-1,1100,1051,1020,-1,1101,1052,1021,-1,1101,1021,1071,-1,1102,1053,1072,-1,1103,1104,1042,-1,1103,1042,1073,-1,1105,1054,1023,-1,1105,1023,1074,-1,1106,1024,1075,-1,1106,1055,1024,-1,1107,1056,1025,-1,1107,1025,1076,-1,1108,1057,1077,-1,1108,1087,1057,-1,1109,1027,1078,-1,1109,1058,1027,-1,1110,1028,1079,-1,1110,1089,1059,-1,1110,1059,1028,-1,1111,1060,1029,-1,1111,1029,1080,-1,1112,1061,1030,-1,1112,1030,1081,-1,1113,1062,1031,-1,1113,1031,1082,-1,1114,1032,1083,-1,1114,1063,1032,-1,1115,2,251,-1,1115,255,2,-1,1115,1014,255,-1,1115,1094,1064,-1,1115,1064,1014,-1,1116,1065,1033,-1,1116,1033,1084,-1,1117,1034,1085,-1,1117,1096,1066,-1,1117,1066,1034,-1,1118,1035,1086,-1,1118,1067,1035,-1,1119,1068,1036,-1,1119,1036,1087,-1,1120,1037,1088,-1,1120,1069,1037,-1,1121,1038,1089,-1,1121,1070,1038,-1,1122,1071,1090,-1,1123,1072,1040,-1,1123,1040,1091,-1,1124,1073,1041,-1,1124,1041,1092,-1,1125,1044,1093,-1,1125,1105,1074,-1,1125,1074,1044,-1,1126,1045,1094,-1,1126,1075,1045,-1,1127,1076,1046,-1,1127,1046,1095,-1,1128,1077,1047,-1,1128,1047,1096,-1,1129,1048,1097,-1,1129,1078,1048,-1,1130,1079,1049,-1,1130,1049,1098,-1,1131,1080,1050,-1,1131,1050,1099,-1,1132,1081,1051,-1,1132,1051,1100,-1,1133,1082,1052,-1,1133,1052,1101,-1,1134,1053,1102,-1,1134,1083,1053,-1,1135,1104,1103,-1,1135,1136,1137,-1,1135,1137,1104,-1,1138,1054,1105,-1,1138,1084,1054,-1,1138,1116,1084,-1,1139,1055,1106,-1,1139,1085,1055,-1,1140,1056,1107,-1,1140,1086,1056,-1,1141,1087,1108,-1,1142,1088,1058,-1,1142,1058,1109,-1,1143,1089,1110,-1,1144,1060,1111,-1,1144,1090,1060,-1,1145,1091,1061,-1,1145,1061,1112,-1,1146,1092,1062,-1,1146,1062,1113,-1,1147,1093,1063,-1,1147,1063,1114,-1,1148,249,247,-1,1148,251,249,-1,1148,1094,1115,-1,1148,1115,251,-1,1149,1095,1065,-1,1149,1065,1116,-1,1150,1096,1117,-1,1151,1067,1118,-1,1151,1097,1067,-1,1152,1068,1119,-1,1152,1098,1068,-1,1153,1069,1120,-1,1153,1131,1099,-1,1153,1099,1069,-1,1154,1100,1070,-1,1154,1070,1121,-1,1155,1101,1071,-1,1155,1071,1122,-1,1156,1072,1123,-1,1156,1134,1102,-1,1156,1102,1072,-1,1157,1103,1073,-1,1157,1073,1124,-1,1158,1105,1125,-1,1158,1138,1105,-1,1159,1106,1075,-1,1159,1075,1126,-1,1160,1076,1127,-1,1160,1107,1076,-1,1161,1077,1128,-1,1161,1108,1077,-1,1162,1109,1078,-1,1162,1078,1129,-1,1163,1110,1079,-1,1163,1079,1130,-1,1164,1080,1131,-1,1164,1111,1080,-1,1165,1145,1112,-1,1165,1081,1132,-1,1165,1112,1081,-1,1166,1113,1082,-1,1166,1082,1133,-1,1167,1114,1083,-1,1167,1083,1134,-1,1168,1136,1135,-1,1169,1116,1138,-1,1170,1085,1139,-1,1170,1117,1085,-1,1171,1118,1086,-1,1171,1086,1140,-1,1172,1152,1119,-1,1172,1119,1087,-1,1172,1087,1141,-1,1173,1120,1088,-1,1173,1088,1142,-1,1174,1121,1089,-1,1174,1089,1143,-1,1175,1122,1090,-1,1175,1090,1144,-1,1176,1123,1091,-1,1176,1091,1145,-1,1177,1092,1146,-1,1177,1124,1092,-1,1178,1125,1093,-1,1178,1093,1147,-1,1179,1094,1148,-1,1179,1126,1094,-1,1179,1148,247,-1,1180,1095,1149,-1,1180,1127,1095,-1,1181,1096,1150,-1,1181,1128,1096,-1,1181,1161,1128,-1,1182,1097,1151,-1,1182,1129,1097,-1,1183,1098,1152,-1,1183,1130,1098,-1,1184,1131,1153,-1,1185,1100,1154,-1,1185,1132,1100,-1,1186,1101,1155,-1,1186,1133,1101,-1,1187,1134,1156,-1,1188,1103,1157,-1,1188,1135,1103,-1,1189,1138,1158,-1,1190,1139,1106,-1,1190,1106,1159,-1,1191,1107,1160,-1,1191,1140,1107,-1,1192,1108,1161,-1,1192,1141,1108,-1,1193,1109,1162,-1,1193,1142,1109,-1,1194,1143,1110,-1,1194,1110,1163,-1,1195,1144,1111,-1,1195,1111,1164,-1,1196,1145,1165,-1,1197,1113,1166,-1,1197,1146,1113,-1,1198,1114,1167,-1,1198,1178,1147,-1,1198,1147,1114,-1,1199,1200,1136,-1,1199,1136,1168,-1,1201,1116,1169,-1,1201,1149,1116,-1,1202,1117,1170,-1,1202,1150,1117,-1,1203,1118,1171,-1,1203,1151,1118,-1,1204,1152,1172,-1,1205,1153,1120,-1,1205,1120,1173,-1,1206,1121,1174,-1,1206,1154,1121,-1,1207,1122,1175,-1,1207,1155,1122,-1,1208,1156,1123,-1,1208,1123,1176,-1,1209,1124,1177,-1,1209,1157,1124,-1,1209,1188,1157,-1,1210,1125,1178,-1,1210,1158,1125,-1,1211,245,243,-1,1211,247,245,-1,1211,1126,1179,-1,1211,1179,247,-1,1211,1159,1126,-1,1211,1190,1159,-1,1212,1160,1127,-1,1212,1127,1180,-1,1213,1161,1181,-1,1214,1129,1182,-1,1214,1162,1129,-1,1215,1130,1183,-1,1215,1163,1130,-1,1216,1131,1184,-1,1216,1164,1131,-1,1217,1132,1185,-1,1217,1165,1132,-1,1218,1133,1186,-1,1218,1166,1133,-1,1219,1198,1167,-1,1219,1167,1134,-1,1219,1134,1187,-1,1220,1135,1188,-1,1220,1168,1135,-1,1220,1199,1168,-1,1221,1169,1138,-1,1221,1138,1189,-1,1222,1170,1139,-1,1222,1139,1190,-1,1223,1140,1191,-1,1223,1171,1140,-1,1224,1172,1141,-1,1224,1141,1192,-1,1225,1173,1142,-1,1225,1142,1193,-1,1226,1143,1194,-1,1226,1174,1143,-1,1227,1144,1195,-1,1227,1175,1144,-1,1227,1207,1175,-1,1228,1145,1196,-1,1228,1176,1145,-1,1229,1146,1197,-1,1229,1177,1146,-1,1230,1178,1198,-1,1231,1232,1200,-1,1231,1200,1199,-1,1233,1149,1201,-1,1233,1180,1149,-1,1234,1181,1150,-1,1234,1150,1202,-1,1235,1151,1203,-1,1235,1182,1151,-1,1236,1215,1183,-1,1236,1183,1152,-1,1236,1152,1204,-1,1237,1184,1153,-1,1237,1153,1205,-1,1237,1216,1184,-1,1238,1154,1206,-1,1238,1185,1154,-1,1239,1186,1155,-1,1239,1155,1207,-1,1240,1156,1208,-1,1240,1187,1156,-1,1241,1188,1209,-1,1242,1158,1210,-1,1242,1189,1158,-1,1243,1211,243,-1,1243,1190,1211,-1,1244,1191,1160,-1,1244,1160,1212,-1,1245,1161,1213,-1,1245,1192,1161,-1,1246,1162,1214,-1,1246,1193,1162,-1,1247,1163,1215,-1,1247,1194,1163,-1,1248,1164,1216,-1,1248,1195,1164,-1,1249,1165,1217,-1,1249,1196,1165,-1,1250,1197,1166,-1,1250,1166,1218,-1,1250,1229,1197,-1,1251,1198,1219,-1,1252,1199,1220,-1,1253,1233,1201,-1,1253,1169,1221,-1,1253,1201,1169,-1,1254,1170,1222,-1,1254,1202,1170,-1,1255,1203,1171,-1,1255,1171,1223,-1,1256,1172,1224,-1,1256,1204,1172,-1,1257,1205,1173,-1,1257,1173,1225,-1,1257,1237,1205,-1,1258,1206,1174,-1,1258,1174,1226,-1,1259,1207,1227,-1,1260,1176,1228,-1,1260,1208,1176,-1,1261,1177,1229,-1,1261,1209,1177,-1,1262,1178,1230,-1,1262,1242,1210,-1,1262,1210,1178,-1,1263,1264,1232,-1,1263,1232,1231,-1,1265,1212,1180,-1,1265,1180,1233,-1,1266,1181,1234,-1,1266,1213,1181,-1,1267,1182,1235,-1,1267,1214,1182,-1,1268,1215,1236,-1,1269,1216,1237,-1,1270,1217,1185,-1,1270,1249,1217,-1,1270,1185,1238,-1,1271,1186,1239,-1,1271,1218,1186,-1,1272,1219,1187,-1,1272,1187,1240,-1,1273,1220,1188,-1,1273,1188,1241,-1,1274,1221,1189,-1,1274,1189,1242,-1,1275,1190,1243,-1,1275,243,241,-1,1275,1243,243,-1,1275,1222,1190,-1,1276,1223,1191,-1,1276,1191,1244,-1,1277,1192,1245,-1,1277,1224,1192,-1,1277,1256,1224,-1,1278,1193,1246,-1,1278,1225,1193,-1,1279,1194,1247,-1,1279,1226,1194,-1,1280,1227,1195,-1,1280,1195,1248,-1,1281,1260,1228,-1,1281,1228,1196,-1,1281,1196,1249,-1,1282,1229,1250,-1,1283,1230,1198,-1,1283,1198,1251,-1,1284,1199,1252,-1,1284,1231,1199,-1,1285,1233,1253,-1,1286,1202,1254,-1,1286,1234,1202,-1,1287,1203,1255,-1,1287,1235,1203,-1,1288,1204,1256,-1,1288,1236,1204,-1,1289,1237,1257,-1,1290,1206,1258,-1,1290,1270,1238,-1,1290,1238,1206,-1,1291,1239,1207,-1,1291,1207,1259,-1,1292,1208,1260,-1,1292,1240,1208,-1,1293,1241,1209,-1,1293,1209,1261,-1,1294,1274,1242,-1,1294,1242,1262,-1,1295,1296,1297,-1,1295,1297,1264,-1,1295,1264,1263,-1,1298,1212,1265,-1,1298,1244,1212,-1,1299,1245,1213,-1,1299,1213,1266,-1,1300,1246,1214,-1,1300,1278,1246,-1,1300,1214,1267,-1,1301,1247,1215,-1,1301,1215,1268,-1,1301,1279,1247,-1,1302,1216,1269,-1,1302,1248,1216,-1,1303,1249,1270,-1,1304,1250,1218,-1,1304,1218,1271,-1,1305,1219,1272,-1,1305,1251,1219,-1,1306,1220,1273,-1,1306,1252,1220,-1,1307,1253,1221,-1,1307,1221,1274,-1,1308,1222,1275,-1,1308,241,238,-1,1308,1275,241,-1,1308,1254,1222,-1,1309,1255,1223,-1,1309,1223,1276,-1,1310,1256,1277,-1,1311,1257,1225,-1,1311,1289,1257,-1,1311,1225,1278,-1,1312,1226,1279,-1,1312,1258,1226,-1,1313,1227,1280,-1,1313,1259,1227,-1,1314,1260,1281,-1,1315,1261,1229,-1,1315,1293,1261,-1,1315,1229,1282,-1,1316,1262,1230,-1,1316,1230,1283,-1,1317,1231,1284,-1,1317,1263,1231,-1,1318,1298,1265,-1,1318,1265,1233,-1,1318,1233,1285,-1,1319,1234,1286,-1,1319,1266,1234,-1,1320,1235,1287,-1,1320,1267,1235,-1,1321,1236,1288,-1,1321,1268,1236,-1,1322,1269,1237,-1,1322,1237,1289,-1,1323,1270,1290,-1,1324,1239,1291,-1,1324,1271,1239,-1,1325,1272,1240,-1,1325,1240,1292,-1,1326,1241,1293,-1,1326,1306,1273,-1,1326,1273,1241,-1,1327,1274,1294,-1,1328,1296,1295,-1,1329,1244,1298,-1,1329,1276,1244,-1,1330,1245,1299,-1,1330,1277,1245,-1,1331,1278,1300,-1,1332,1279,1301,-1,1333,1280,1248,-1,1333,1248,1302,-1,1334,1249,1303,-1,1334,1281,1249,-1,1335,1282,1250,-1,1335,1250,1304,-1,1336,1251,1305,-1,1336,1283,1251,-1,1337,1284,1252,-1,1337,1252,1306,-1,1338,1253,1307,-1,1338,1285,1253,-1,1339,1308,238,-1,1339,236,235,-1,1339,238,236,-1,1339,1286,1254,-1,1339,1254,1308,-1,1340,1287,1255,-1,1340,1255,1309,-1,1341,1256,1310,-1,1341,1288,1256,-1,1342,1289,1311,-1,1343,1258,1312,-1,1343,1290,1258,-1,1344,1259,1313,-1,1344,1291,1259,-1,1345,1292,1260,-1,1345,1260,1314,-1,1346,1293,1315,-1,1346,1326,1293,-1,1347,1262,1316,-1,1347,1294,1262,-1,1348,1263,1317,-1,1348,1295,1263,-1,1349,1298,1318,-1,1350,1266,1319,-1,1350,1299,1266,-1,1351,1300,1267,-1,1351,1267,1320,-1,1352,1268,1321,-1,1352,1301,1268,-1,1353,1269,1322,-1,1353,1302,1269,-1,1353,1333,1302,-1,1354,1303,1270,-1,1354,1270,1323,-1,1355,1271,1324,-1,1355,1304,1271,-1,1356,1272,1325,-1,1356,1305,1272,-1,1356,1336,1305,-1,1357,1306,1326,-1,1358,1274,1327,-1,1358,1307,1274,-1,1358,1338,1307,-1,1359,1360,1296,-1,1359,1296,1328,-1,1361,1309,1276,-1,1361,1276,1329,-1,1362,1310,1277,-1,1362,1277,1330,-1,1363,1311,1278,-1,1363,1278,1331,-1,1364,1279,1332,-1,1364,1312,1279,-1,1365,1280,1333,-1,1365,1313,1280,-1,1366,1314,1281,-1,1366,1281,1334,-1,1367,1282,1335,-1,1367,1315,1282,-1,1368,1283,1336,-1,1368,1316,1283,-1,1369,1317,1284,-1,1369,1284,1337,-1,1370,1285,1338,-1,1370,1318,1285,-1,1371,1350,1319,-1,1371,1319,1286,-1,1371,1286,1339,-1,1371,1339,235,-1,1372,1320,1287,-1,1372,1287,1340,-1,1373,1352,1321,-1,1373,1321,1288,-1,1373,1288,1341,-1,1374,1322,1289,-1,1374,1289,1342,-1,1375,1354,1323,-1,1375,1323,1290,-1,1375,1290,1343,-1,1376,1291,1344,-1,1376,1324,1291,-1,1377,1292,1345,-1,1377,1356,1325,-1,1377,1325,1292,-1,1378,1326,1346,-1,1379,1294,1347,-1,1379,1327,1294,-1,1380,1295,1348,-1,1380,1328,1295,-1,1381,1298,1349,-1,1381,1329,1298,-1,1382,1299,1350,-1,1382,1362,1330,-1,1382,1330,1299,-1,1383,1300,1351,-1,1383,1331,1300,-1,1384,1301,1352,-1,1384,1332,1301,-1,1385,1333,1353,-1,1386,1334,1303,-1,1386,1303,1354,-1,1387,1304,1355,-1,1387,1335,1304,-1,1387,1367,1335,-1,1388,1336,1356,-1,1389,1306,1357,-1,1389,1337,1306,-1,1390,1338,1358,-1,1391,1392,1360,-1,1391,1360,1359,-1,1393,1309,1361,-1,1393,1340,1309,-1,1394,1310,1362,-1,1394,1341,1310,-1,1395,1342,1311,-1,1395,1311,1363,-1,1396,1312,1364,-1,1396,1343,1312,-1,1396,1375,1343,-1,1397,1313,1365,-1,1397,1344,1313,-1,1398,1314,1366,-1,1398,1345,1314,-1,1399,1315,1367,-1,1399,1346,1315,-1,1400,1347,1316,-1,1400,1316,1368,-1,1401,1317,1369,-1,1401,1348,1317,-1,1402,1349,1318,-1,1402,1318,1370,-1,1403,235,233,-1,1403,1350,1371,-1,1403,1382,1350,-1,1403,1371,235,-1,1404,1351,1320,-1,1404,1320,1372,-1,1405,1352,1373,-1,1406,1322,1374,-1,1406,1353,1322,-1,1407,1354,1375,-1,1408,1355,1324,-1,1408,1324,1376,-1,1409,1356,1377,-1,1410,1357,1326,-1,1410,1326,1378,-1,1411,1358,1327,-1,1411,1327,1379,-1,1412,1328,1380,-1,1412,1359,1328,-1,1413,1329,1381,-1,1413,1361,1329,-1,1413,1393,1361,-1,1414,1362,1382,-1,1414,1394,1362,-1,1415,1331,1383,-1,1415,1363,1331,-1,1416,1332,1384,-1,1416,1364,1332,-1,1417,1333,1385,-1,1417,1365,1333,-1,1418,1366,1334,-1,1418,1334,1386,-1,1419,1367,1387,-1,1420,1336,1388,-1,1420,1368,1336,-1,1420,1400,1368,-1,1421,1337,1389,-1,1421,1369,1337,-1,1422,1370,1338,-1,1422,1338,1390,-1,1422,1402,1370,-1,1423,1424,1392,-1,1423,1392,1391,-1,1425,1372,1340,-1,1425,1340,1393,-1,1426,1341,1394,-1,1426,1373,1341,-1,1427,1374,1342,-1,1427,1342,1395,-1,1428,1375,1396,-1,1429,1344,1397,-1,1429,1376,1344,-1,1430,1345,1398,-1,1430,1377,1345,-1,1431,1378,1346,-1,1431,1346,1399,-1,1432,1379,1347,-1,1432,1347,1400,-1,1433,1380,1348,-1,1433,1348,1401,-1,1433,1412,1380,-1,1434,1349,1402,-1,1434,1381,1349,-1,1435,231,229,-1,1435,233,231,-1,1435,1403,233,-1,1435,1382,1403,-1,1436,1383,1351,-1,1436,1351,1404,-1,1437,1384,1352,-1,1437,1352,1405,-1,1438,1385,1353,-1,1438,1353,1406,-1,1439,1386,1354,-1,1439,1354,1407,-1,1440,1355,1408,-1,1440,1387,1355,-1,1441,1356,1409,-1,1441,1388,1356,-1,1442,1421,1389,-1,1442,1389,1357,-1,1442,1357,1410,-1,1443,1358,1411,-1,1443,1390,1358,-1,1444,1391,1359,-1,1444,1359,1412,-1,1445,1393,1413,-1,1445,1425,1393,-1,1446,1394,1414,-1,1447,1363,1415,-1,1447,1395,1363,-1,1448,1364,1416,-1,1448,1396,1364,-1,1449,1397,1365,-1,1449,1365,1417,-1,1449,1429,1397,-1,1450,1398,1366,-1,1450,1366,1418,-1,1451,1399,1367,-1,1451,1431,1399,-1,1451,1367,1419,-1,1452,1400,1420,-1,1453,1369,1421,-1,1453,1401,1369,-1,1454,1402,1422,-1,1455,1456,1424,-1,1455,1424,1423,-1,1457,1404,1372,-1,1457,1372,1425,-1,1457,1436,1404,-1,1458,1373,1426,-1,1458,1405,1373,-1,1459,1374,1427,-1,1459,1406,1374,-1,1459,1438,1406,-1,1460,1375,1428,-1,1460,1407,1375,-1,1461,1408,1376,-1,1461,1376,1429,-1,1461,1440,1408,-1,1462,1409,1377,-1,1462,1441,1409,-1,1462,1377,1430,-1,1463,1378,1431,-1,1463,1410,1378,-1,1464,1379,1432,-1,1464,1411,1379,-1,1465,1412,1433,-1,1466,1381,1434,-1,1466,1413,1381,-1,1467,1414,1382,-1,1467,1435,229,-1,1467,229,226,-1,1467,1382,1435,-1,1467,1446,1414,-1,1468,1383,1436,-1,1468,1415,1383,-1,1469,1416,1384,-1,1469,1384,1437,-1,1470,1385,1438,-1,1470,1417,1385,-1,1471,1386,1439,-1,1471,1418,1386,-1,1472,1387,1440,-1,1472,1419,1387,-1,1473,1420,1388,-1,1473,1388,1441,-1,1474,1421,1442,-1,1475,1390,1443,-1,1475,1422,1390,-1,1476,1423,1391,-1,1476,1391,1444,-1,1477,1425,1445,-1,1477,1457,1425,-1,1478,1426,1394,-1,1478,1394,1446,-1,1479,1395,1447,-1,1479,1427,1395,-1,1480,1396,1448,-1,1480,1428,1396,-1,1480,1460,1428,-1,1481,1429,1449,-1,1482,1430,1398,-1,1482,1398,1450,-1,1483,1431,1451,-1,1484,1400,1452,-1,1484,1432,1400,-1,1484,1464,1432,-1,1485,1433,1401,-1,1485,1401,1453,-1,1486,1434,1402,-1,1486,1402,1454,-1,1486,1466,1434,-1,1487,1488,1456,-1,1487,1456,1455,-1,1489,1436,1457,-1,1490,1437,1405,-1,1490,1405,1458,-1,1491,1438,1459,-1,1492,1439,1407,-1,1492,1407,1460,-1,1493,1440,1461,-1,1494,1441,1462,-1,1495,1410,1463,-1,1495,1442,1410,-1,1496,1411,1464,-1,1496,1443,1411,-1,1497,1412,1465,-1,1497,1476,1444,-1,1497,1444,1412,-1,1498,1445,1413,-1,1498,1413,1466,-1,1499,1446,1467,-1,1499,1467,226,-1,1500,1447,1415,-1,1500,1415,1468,-1,1501,1416,1469,-1,1501,1448,1416,-1,1501,1480,1448,-1,1502,1449,1417,-1,1502,1417,1470,-1,1503,1418,1471,-1,1503,1450,1418,-1,1504,1419,1472,-1,1504,1451,1419,-1,1505,1420,1473,-1,1505,1452,1420,-1,1506,1485,1453,-1,1506,1453,1421,-1,1506,1421,1474,-1,1507,1422,1475,-1,1507,1454,1422,-1,1508,1455,1423,-1,1508,1423,1476,-1,1509,1457,1477,-1,1510,1458,1426,-1,1510,1426,1478,-1,1511,1427,1479,-1,1511,1459,1427,-1,1512,1460,1480,-1,1513,1429,1481,-1,1513,1461,1429,-1,1513,1493,1461,-1,1514,1430,1482,-1,1514,1462,1430,-1,1515,1431,1483,-1,1515,1463,1431,-1,1516,1496,1464,-1,1516,1464,1484,-1,1517,1465,1433,-1,1517,1433,1485,-1,1518,1466,1486,-1,1518,1498,1466,-1,1519,1488,1487,-1,1519,1520,1488,-1,1521,1436,1489,-1,1521,1468,1436,-1,1522,1437,1490,-1,1522,1469,1437,-1,1523,1438,1491,-1,1523,1470,1438,-1,1524,1471,1439,-1,1524,1439,1492,-1,1525,1472,1440,-1,1525,1440,1493,-1,1526,1441,1494,-1,1526,1505,1473,-1,1526,1473,1441,-1,1527,1474,1442,-1,1527,1442,1495,-1,1528,1443,1496,-1,1528,1475,1443,-1,1529,1476,1497,-1,1530,1445,1498,-1,1530,1477,1445,-1,1531,226,225,-1,1531,1499,226,-1,1531,1446,1499,-1,1531,1478,1446,-1,1532,1447,1500,-1,1532,1479,1447,-1,1533,1480,1501,-1,1534,1481,1449,-1,1534,1449,1502,-1,1534,1513,1481,-1,1535,1450,1503,-1,1535,1482,1450,-1,1536,1483,1451,-1,1536,1451,1504,-1,1537,1452,1505,-1,1537,1484,1452,-1,1538,1485,1506,-1,1539,1454,1507,-1,1539,1486,1454,-1,1540,1487,1455,-1,1540,1455,1508,-1,1541,1457,1509,-1,1541,1489,1457,-1,1542,1458,1510,-1,1542,1490,1458,-1,1543,1491,1459,-1,1543,1459,1511,-1,1544,1492,1460,-1,1544,1460,1512,-1,1545,1493,1513,-1,1546,1494,1462,-1,1546,1462,1514,-1,1547,1495,1463,-1,1547,1463,1515,-1,1548,1496,1516,-1,1549,1465,1517,-1,1549,1497,1465,-1,1550,1498,1518,-1,1550,1530,1498,-1,1551,1520,1519,-1,1551,1552,1553,-1,1551,1553,1520,-1,1554,1468,1521,-1,1554,1500,1468,-1,1555,1501,1469,-1,1555,1469,1522,-1,1556,1470,1523,-1,1556,1502,1470,-1,1556,1534,1502,-1,1557,1471,1524,-1,1557,1503,1471,-1,1558,1504,1472,-1,1558,1472,1525,-1,1559,1505,1526,-1,1560,1506,1474,-1,1560,1474,1527,-1,1561,1475,1528,-1,1561,1507,1475,-1,1562,1476,1529,-1,1562,1508,1476,-1,1563,1477,1530,-1,1563,1509,1477,-1,1564,225,222,-1,1564,1478,1531,-1,1564,1542,1510,-1,1564,1510,1478,-1,1564,1531,225,-1,1565,1511,1479,-1,1565,1479,1532,-1,1566,1480,1533,-1,1566,1512,1480,-1,1567,1545,1513,-1,1567,1513,1534,-1,1568,1514,1482,-1,1568,1482,1535,-1,1569,1483,1536,-1,1569,1515,1483,-1,1570,1516,1484,-1,1570,1484,1537,-1,1571,1485,1538,-1,1571,1517,1485,-1,1572,1518,1486,-1,1572,1550,1518,-1,1572,1486,1539,-1,1573,1487,1540,-1,1573,1519,1487,-1,1574,1489,1541,-1,1574,1554,1521,-1,1574,1521,1489,-1,1575,1555,1522,-1,1575,1522,1490,-1,1575,1490,1542,-1,1576,1523,1491,-1,1576,1491,1543,-1,1577,1524,1492,-1,1577,1492,1544,-1,1578,1525,1493,-1,1578,1493,1545,-1,1579,1494,1546,-1,1579,1526,1494,-1,1580,1527,1495,-1,1580,1495,1547,-1,1581,1496,1548,-1,1581,1528,1496,-1,1582,1497,1549,-1,1582,1529,1497,-1,1583,1530,1550,-1,1583,1563,1530,-1,1584,1585,1552,-1,1584,1552,1551,-1,1586,1532,1500,-1,1586,1500,1554,-1,1587,1501,1555,-1,1587,1533,1501,-1,1588,1534,1556,-1,1589,1503,1557,-1,1589,1535,1503,-1,1590,1504,1558,-1,1590,1569,1536,-1,1590,1536,1504,-1,1591,1537,1505,-1,1591,1570,1537,-1,1591,1505,1559,-1,1592,1571,1538,-1,1592,1538,1506,-1,1592,1506,1560,-1,1593,1539,1507,-1,1593,1507,1561,-1,1594,1508,1562,-1,1594,1540,1508,-1,1595,1541,1509,-1,1595,1509,1563,-1,1596,1564,222,-1,1596,222,221,-1,1596,1542,1564,-1,1597,1543,1511,-1,1597,1511,1565,-1,1598,1512,1566,-1,1598,1544,1512,-1,1599,1545,1567,-1,1600,1546,1514,-1,1600,1514,1568,-1,1601,1547,1515,-1,1601,1515,1569,-1,1602,1516,1570,-1,1602,1548,1516,-1,1603,1517,1571,-1,1603,1549,1517,-1,1604,1550,1572,-1,1605,1551,1519,-1,1605,1519,1573,-1,1606,1554,1574,-1,1607,1587,1555,-1,1607,1555,1575,-1,1608,1556,1523,-1,1608,1523,1576,-1,1609,1524,1577,-1,1609,1557,1524,-1,1610,1590,1558,-1,1610,1558,1525,-1,1610,1525,1578,-1,1611,1526,1579,-1,1611,1559,1526,-1,1612,1560,1527,-1,1612,1527,1580,-1,1613,1561,1528,-1,1613,1528,1581,-1,1614,1562,1529,-1,1614,1529,1582,-1,1615,1563,1583,-1,1616,1585,1584,-1,1617,1532,1586,-1,1617,1565,1532,-1,1618,1566,1533,-1,1618,1533,1587,-1,1619,1534,1588,-1,1619,1567,1534,-1,1620,1568,1535,-1,1620,1535,1589,-1,1621,1569,1590,-1,1622,1570,1591,-1,1622,1602,1570,-1,1623,1571,1592,-1,1624,1539,1593,-1,1624,1604,1572,-1,1624,1572,1539,-1,1625,1540,1594,-1,1625,1573,1540,-1,1626,1574,1541,-1,1626,1541,1595,-1,1627,221,219,-1,1627,1596,221,-1,1627,1542,1596,-1,1627,1575,1542,-1,1628,1543,1597,-1,1628,1576,1543,-1,1629,1544,1598,-1,1629,1577,1544,-1,1630,1545,1599,-1,1630,1578,1545,-1,1631,1546,1600,-1,1631,1579,1546,-1,1632,1547,1601,-1,1632,1580,1547,-1,1633,1581,1548,-1,1633,1548,1602,-1,1634,1582,1549,-1,1634,1549,1603,-1,1635,1550,1604,-1,1635,1583,1550,-1,1636,1551,1605,-1,1636,1584,1551,-1,1637,1554,1606,-1,1637,1586,1554,-1,1638,1587,1607,-1,1639,1588,1556,-1,1639,1556,1608,-1,1640,1589,1557,-1,1640,1557,1609,-1,1641,1590,1610,-1,1642,1591,1559,-1,1642,1559,1611,-1,1643,1592,1560,-1,1643,1560,1612,-1,1644,1561,1613,-1,1644,1624,1593,-1,1644,1593,1561,-1,1645,1562,1614,-1,1645,1594,1562,-1,1646,1563,1615,-1,1646,1595,1563,-1,1647,1648,1585,-1,1647,1585,1616,-1,1649,1565,1617,-1,1649,1597,1565,-1,1650,1598,1566,-1,1650,1566,1618,-1,1651,1599,1567,-1,1651,1567,1619,-1,1651,1630,1599,-1,1652,1568,1620,-1,1652,1600,1568,-1,1653,1601,1569,-1,1653,1632,1601,-1,1653,1569,1621,-1,1654,1602,1622,-1,1655,1571,1623,-1,1655,1634,1603,-1,1655,1603,1571,-1,1656,1604,1624,-1,1657,1573,1625,-1,1657,1636,1605,-1,1657,1605,1573,-1,1658,1574,1626,-1,1658,1637,1606,-1,1658,1606,1574,-1,1659,216,215,-1,1659,219,216,-1,1659,1575,1627,-1,1659,1627,219,-1,1659,1607,1575,-1,1660,1608,1576,-1,1660,1576,1628,-1,1661,1609,1577,-1,1661,1577,1629,-1,1662,1578,1630,-1,1662,1610,1578,-1,1662,1641,1610,-1,1663,1611,1579,-1,1663,1579,1631,-1,1664,1580,1632,-1,1664,1643,1612,-1,1664,1612,1580,-1,1665,1613,1581,-1,1665,1581,1633,-1,1666,1614,1582,-1,1666,1582,1634,-1,1667,1615,1583,-1,1667,1583,1635,-1,1668,1584,1636,-1,1668,1616,1584,-1,1669,1586,1637,-1,1669,1649,1617,-1,1669,1617,1586,-1,1670,1587,1638,-1,1670,1618,1587,-1,1671,1619,1588,-1,1671,1588,1639,-1,1671,1651,1619,-1,1672,1620,1589,-1,1672,1589,1640,-1,1673,1590,1641,-1,1673,1621,1590,-1,1674,1591,1642,-1,1674,1622,1591,-1,1675,1592,1643,-1,1675,1623,1592,-1,1676,1624,1644,-1,1677,1594,1645,-1,1677,1625,1594,-1,1678,1595,1646,-1,1678,1626,1595,-1,1678,1658,1626,-1,1679,1680,1648,-1,1679,1648,1647,-1,1681,1628,1597,-1,1681,1597,1649,-1,1682,1629,1598,-1,1682,1598,1650,-1,1683,1630,1651,-1,1684,1600,1652,-1,1684,1631,1600,-1,1685,1632,1653,-1,1686,1633,1602,-1,1686,1602,1654,-1,1686,1665,1633,-1,1687,1634,1655,-1,1688,1635,1604,-1,1688,1604,1656,-1,1689,1668,1636,-1,1689,1636,1657,-1,1690,1637,1658,-1,1691,1607,1659,-1,1691,1638,1607,-1,1691,1670,1638,-1,1691,1659,215,-1,1692,1639,1608,-1,1692,1608,1660,-1,1693,1609,1661,-1,1693,1640,1609,-1,1694,1641,1662,-1,1695,1642,1611,-1,1695,1611,1663,-1,1696,1643,1664,-1,1696,1675,1643,-1,1697,1613,1665,-1,1697,1644,1613,-1,1698,1645,1614,-1,1698,1677,1645,-1,1698,1614,1666,-1,1699,1615,1667,-1,1699,1646,1615,-1,1699,1678,1646,-1,1700,1616,1668,-1,1700,1647,1616,-1,1701,1649,1669,-1,1702,1618,1670,-1,1702,1650,1618,-1,1703,1651,1671,-1,1704,1652,1620,-1,1704,1620,1672,-1,1705,1621,1673,-1,1705,1653,1621,-1,1706,1622,1674,-1,1706,1654,1622,-1,1707,1655,1623,-1,1707,1623,1675,-1,1708,1656,1624,-1,1708,1688,1656,-1,1708,1624,1676,-1,1709,1657,1625,-1,1709,1625,1677,-1,1710,1658,1678,-1,1711,1712,1713,-1,1711,1713,1680,-1,1711,1680,1679,-1,1714,1628,1681,-1,1714,1660,1628,-1,1715,1629,1682,-1,1715,1661,1629,-1,1716,1630,1683,-1,1716,1662,1630,-1,1717,1631,1684,-1,1717,1663,1631,-1,1718,1632,1685,-1,1718,1664,1632,-1,1719,1665,1686,-1,1720,1634,1687,-1,1720,1666,1634,-1,1721,1635,1688,-1,1721,1667,1635,-1,1722,1668,1689,-1,1723,1669,1637,-1,1723,1637,1690,-1,1724,1691,215,-1,1724,215,213,-1,1724,1670,1691,-1,1725,1639,1692,-1,1725,1671,1639,-1,1726,1640,1693,-1,1726,1704,1672,-1,1726,1672,1640,-1,1727,1673,1641,-1,1727,1641,1694,-1,1728,1674,1642,-1,1728,1642,1695,-1,1728,1706,1674,-1,1729,1675,1696,-1,1730,1644,1697,-1,1730,1676,1644,-1,1731,1677,1698,-1,1732,1678,1699,-1,1733,1647,1700,-1,1733,1679,1647,-1,1734,1714,1681,-1,1734,1681,1649,-1,1734,1649,1701,-1,1735,1650,1702,-1,1735,1682,1650,-1,1736,1683,1651,-1,1736,1651,1703,-1,1737,1652,1704,-1,1737,1684,1652,-1,1738,1685,1653,-1,1738,1653,1705,-1,1739,1686,1654,-1,1739,1654,1706,-1,1740,1687,1655,-1,1740,1655,1707,-1,1741,1688,1708,-1,1741,1721,1688,-1,1742,1657,1709,-1,1742,1689,1657,-1,1743,1690,1658,-1,1743,1658,1710,-1,1744,1712,1711,-1,1745,1692,1660,-1,1745,1660,1714,-1,1746,1661,1715,-1,1746,1693,1661,-1,1747,1727,1694,-1,1747,1662,1716,-1,1747,1694,1662,-1,1748,1663,1717,-1,1748,1695,1663,-1,1749,1729,1696,-1,1749,1664,1718,-1,1749,1696,1664,-1,1750,1697,1665,-1,1750,1665,1719,-1,1750,1730,1697,-1,1751,1666,1720,-1,1751,1698,1666,-1,1752,1699,1667,-1,1752,1667,1721,-1,1753,1733,1700,-1,1753,1700,1668,-1,1753,1668,1722,-1,1754,1669,1723,-1,1754,1701,1669,-1,1755,213,211,-1,1755,1735,1702,-1,1755,1702,1670,-1,1755,1724,213,-1,1755,1670,1724,-1,1756,1703,1671,-1,1756,1671,1725,-1,1757,1704,1726,-1,1758,1705,1673,-1,1758,1673,1727,-1,1759,1706,1728,-1,1759,1739,1706,-1,1760,1675,1729,-1,1760,1740,1707,-1,1760,1707,1675,-1,1761,1708,1676,-1,1761,1676,1730,-1,1762,1709,1677,-1,1762,1677,1731,-1,1763,1678,1732,-1,1763,1710,1678,-1,1764,1679,1733,-1,1764,1711,1679,-1,1765,1714,1734,-1,1766,1682,1735,-1,1766,1715,1682,-1,1767,1747,1716,-1,1767,1716,1683,-1,1767,1683,1736,-1,1768,1717,1684,-1,1768,1684,1737,-1,1769,1685,1738,-1,1769,1749,1718,-1,1769,1718,1685,-1,1770,1686,1739,-1,1770,1719,1686,-1,1771,1687,1740,-1,1771,1720,1687,-1,1772,1721,1741,-1,1772,1752,1721,-1,1773,1722,1689,-1,1773,1689,1742,-1,1774,1690,1743,-1,1774,1723,1690,-1,1775,1776,1712,-1,1775,1712,1744,-1,1777,1692,1745,-1,1777,1725,1692,-1,1778,1726,1693,-1,1778,1693,1746,-1,1779,1727,1747,-1,1780,1695,1748,-1,1780,1728,1695,-1,1781,1729,1749,-1,1782,1730,1750,-1,1783,1698,1751,-1,1783,1731,1698,-1,1784,1699,1752,-1,1784,1732,1699,-1,1784,1763,1732,-1,1785,1733,1753,-1,1786,1701,1754,-1,1786,1734,1701,-1,1787,211,208,-1,1787,1735,1755,-1,1787,1755,211,-1,1788,1736,1703,-1,1788,1703,1756,-1,1789,1704,1757,-1,1789,1737,1704,-1,1789,1768,1737,-1,1790,1705,1758,-1,1790,1769,1738,-1,1790,1738,1705,-1,1791,1739,1759,-1,1792,1740,1760,-1,1793,1708,1761,-1,1793,1741,1708,-1,1794,1709,1762,-1,1794,1742,1709,-1,1795,1774,1743,-1,1795,1710,1763,-1,1795,1743,1710,-1,1796,1711,1764,-1,1796,1744,1711,-1,1797,1714,1765,-1,1797,1745,1714,-1,1798,1746,1715,-1,1798,1715,1766,-1,1798,1778,1746,-1,1799,1747,1767,-1,1800,1748,1717,-1,1800,1717,1768,-1,1801,1749,1769,-1,1802,1750,1719,-1,1802,1719,1770,-1,1803,1720,1771,-1,1803,1751,1720,-1,1804,1752,1772,-1,1805,1753,1722,-1,1805,1722,1773,-1,1806,1754,1723,-1,1806,1723,1774,-1,1807,1808,1776,-1,1807,1776,1775,-1,1809,1756,1725,-1,1809,1725,1777,-1,1810,1757,1726,-1,1810,1726,1778,-1,1811,1790,1758,-1,1811,1727,1779,-1,1811,1758,1727,-1,1812,1728,1780,-1,1812,1759,1728,-1,1813,1729,1781,-1,1813,1760,1729,-1,1814,1761,1730,-1,1814,1793,1761,-1,1814,1730,1782,-1,1815,1762,1731,-1,1815,1731,1783,-1,1816,1763,1784,-1,1817,1796,1764,-1,1817,1764,1733,-1,1817,1733,1785,-1,1818,1734,1786,-1,1818,1765,1734,-1,1818,1797,1765,-1,1819,208,207,-1,1819,1766,1735,-1,1819,1787,208,-1,1819,1798,1766,-1,1819,1735,1787,-1,1820,1736,1788,-1,1820,1767,1736,-1,1821,1768,1789,-1,1822,1769,1790,-1,1823,1770,1739,-1,1823,1739,1791,-1,1823,1802,1770,-1,1824,1771,1740,-1,1824,1740,1792,-1,1825,1741,1793,-1,1825,1804,1772,-1,1825,1772,1741,-1,1826,1773,1742,-1,1826,1742,1794,-1,1827,1774,1795,-1,1828,1744,1796,-1,1828,1775,1744,-1,1829,1745,1797,-1,1829,1777,1745,-1,1830,1778,1798,-1,1830,1810,1778,-1,1831,1747,1799,-1,1831,1779,1747,-1,1831,1811,1779,-1,1832,1748,1800,-1,1832,1780,1748,-1,1832,1812,1780,-1,1833,1749,1801,-1,1833,1781,1749,-1,1834,1750,1802,-1,1834,1782,1750,-1,1835,1783,1751,-1,1835,1751,1803,-1,1836,1752,1804,-1,1836,1784,1752,-1,1837,1785,1753,-1,1837,1753,1805,-1,1838,1754,1806,-1,1838,1786,1754,-1,1839,1840,1841,-1,1839,1841,1808,-1,1839,1808,1807,-1,1842,1756,1809,-1,1842,1788,1756,-1,1842,1820,1788,-1,1843,1757,1810,-1,1843,1789,1757,-1,1844,1790,1811,-1,1845,1759,1812,-1,1845,1791,1759,-1,1846,1792,1760,-1,1846,1760,1813,-1,1847,1793,1814,-1,1848,1794,1762,-1,1848,1762,1815,-1,1848,1826,1794,-1,1849,1795,1763,-1,1849,1763,1816,-1,1849,1827,1795,-1,1850,1796,1817,-1,1850,1828,1796,-1,1851,1797,1818,-1,1852,205,203,-1,1852,207,205,-1,1852,1798,1819,-1,1852,1819,207,-1,1853,1767,1820,-1,1853,1799,1767,-1,1854,1768,1821,-1,1854,1800,1768,-1,1855,1769,1822,-1,1855,1801,1769,-1,1856,1802,1823,-1,1857,1803,1771,-1,1857,1771,1824,-1,1858,1804,1825,-1,1859,1773,1826,-1,1859,1837,1805,-1,1859,1805,1773,-1,1860,1806,1774,-1,1860,1838,1806,-1,1860,1774,1827,-1,1861,1807,1775,-1,1861,1775,1828,-1,1862,1809,1777,-1,1862,1777,1829,-1,1862,1842,1809,-1,1863,1810,1830,-1,1864,1811,1831,-1,1865,1845,1812,-1,1865,1812,1832,-1,1866,1813,1781,-1,1866,1846,1813,-1,1866,1781,1833,-1,1867,1782,1834,-1,1867,1814,1782,-1,1868,1815,1783,-1,1868,1783,1835,-1,1869,1816,1784,-1,1869,1784,1836,-1,1870,1785,1837,-1,1870,1817,1785,-1,1871,1786,1838,-1,1871,1818,1786,-1,1872,1840,1839,-1,1873,1820,1842,-1,1874,1821,1789,-1,1874,1789,1843,-1,1875,1822,1790,-1,1875,1790,1844,-1,1876,1823,1791,-1,1876,1791,1845,-1,1877,1824,1792,-1,1877,1792,1846,-1,1878,1825,1793,-1,1878,1858,1825,-1,1878,1793,1847,-1,1879,1826,1848,-1,1880,1827,1849,-1,1881,1828,1850,-1,1882,1797,1851,-1,1882,1829,1797,-1,1883,1852,203,-1,1883,1830,1798,-1,1883,1798,1852,-1,1884,1799,1853,-1,1884,1831,1799,-1,1885,1832,1800,-1,1885,1800,1854,-1,1886,1801,1855,-1,1886,1833,1801,-1,1887,1834,1802,-1,1887,1802,1856,-1,1888,1868,1835,-1,1888,1835,1803,-1,1888,1803,1857,-1,1889,1836,1804,-1,1889,1804,1858,-1,1890,1837,1859,-1,1891,1838,1860,-1,1892,1839,1807,-1,1892,1807,1861,-1,1893,1842,1862,-1,1894,1874,1843,-1,1894,1810,1863,-1,1894,1843,1810,-1,1895,1844,1811,-1,1895,1811,1864,-1,1896,1845,1865,-1,1897,1846,1866,-1,1897,1877,1846,-1,1898,1814,1867,-1,1898,1847,1814,-1,1899,1815,1868,-1,1899,1848,1815,-1,1900,1816,1869,-1,1900,1849,1816,-1,1901,1817,1870,-1,1901,1850,1817,-1,1902,1851,1818,-1,1902,1818,1871,-1,1903,1904,1840,-1,1903,1840,1872,-1,1905,1820,1873,-1,1905,1853,1820,-1,1906,1821,1874,-1,1906,1854,1821,-1,1907,1822,1875,-1,1907,1886,1855,-1,1907,1855,1822,-1,1908,1823,1876,-1,1908,1856,1823,-1,1909,1824,1877,-1,1909,1857,1824,-1,1910,1858,1878,-1,1911,1826,1879,-1,1911,1859,1826,-1,1912,1827,1880,-1,1912,1891,1860,-1,1912,1860,1827,-1,1913,1828,1881,-1,1913,1861,1828,-1,1914,1862,1829,-1,1914,1829,1882,-1,1915,203,201,-1,1915,1883,203,-1,1915,1863,1830,-1,1915,1830,1883,-1,1916,1831,1884,-1,1916,1864,1831,-1,1917,1865,1832,-1,1917,1832,1885,-1,1918,1897,1866,-1,1918,1833,1886,-1,1918,1866,1833,-1,1919,1834,1887,-1,1919,1867,1834,-1,1920,1868,1888,-1,1921,1836,1889,-1,1921,1869,1836,-1,1922,1837,1890,-1,1922,1870,1837,-1,1923,1838,1891,-1,1923,1871,1838,-1,1924,1872,1839,-1,1924,1839,1892,-1,1925,1905,1873,-1,1925,1842,1893,-1,1925,1873,1842,-1,1926,1874,1894,-1,1926,1906,1874,-1,1927,1907,1875,-1,1927,1844,1895,-1,1927,1875,1844,-1,1928,1845,1896,-1,1928,1876,1845,-1,1929,1877,1897,-1,1930,1878,1847,-1,1930,1847,1898,-1,1931,1879,1848,-1,1931,1848,1899,-1,1932,1849,1900,-1,1932,1912,1880,-1,1932,1880,1849,-1,1933,1881,1850,-1,1933,1850,1901,-1,1934,1882,1851,-1,1934,1914,1882,-1,1934,1851,1902,-1,1935,1936,1937,-1,1935,1937,1904,-1,1935,1904,1903,-1,1938,1916,1884,-1,1938,1884,1853,-1,1938,1853,1905,-1,1939,1854,1906,-1,1939,1885,1854,-1,1940,1886,1907,-1,1941,1856,1908,-1,1941,1887,1856,-1,1942,1888,1857,-1,1942,1857,1909,-1,1943,1858,1910,-1,1943,1889,1858,-1,1944,1859,1911,-1,1944,1890,1859,-1,1945,1891,1912,-1,1946,1861,1913,-1,1946,1892,1861,-1,1947,1862,1914,-1,1947,1893,1862,-1,1948,1863,1915,-1,1948,1894,1863,-1,1948,1926,1894,-1,1948,1915,201,-1,1948,201,199,-1,1949,1895,1864,-1,1949,1927,1895,-1,1949,1864,1916,-1,1950,1896,1865,-1,1950,1865,1917,-1,1951,1897,1918,-1,1952,1898,1867,-1,1952,1867,1919,-1,1953,1868,1920,-1,1953,1899,1868,-1,1953,1931,1899,-1,1954,1869,1921,-1,1954,1932,1900,-1,1954,1900,1869,-1,1955,1933,1901,-1,1955,1870,1922,-1,1955,1901,1870,-1,1956,1871,1923,-1,1956,1902,1871,-1,1957,1903,1872,-1,1957,1872,1924,-1,1958,1905,1925,-1,1959,1939,1906,-1,1959,1906,1926,-1,1960,1907,1927,-1,1961,1876,1928,-1,1961,1908,1876,-1,1962,1909,1877,-1,1962,1877,1929,-1,1963,1910,1878,-1,1963,1878,1930,-1,1964,1911,1879,-1,1964,1944,1911,-1,1964,1879,1931,-1,1965,1912,1932,-1,1966,1913,1881,-1,1966,1881,1933,-1,1967,1914,1934,-1,1968,1936,1935,-1,1969,1949,1916,-1,1969,1916,1938,-1,1970,1885,1939,-1,1970,1917,1885,-1,1971,1886,1940,-1,1971,1951,1918,-1,1971,1918,1886,-1,1972,1919,1887,-1,1972,1887,1941,-1,1973,1888,1942,-1,1973,1920,1888,-1,1974,1889,1943,-1,1974,1921,1889,-1,1975,1922,1890,-1,1975,1890,1944,-1,1975,1955,1922,-1,1976,1891,1945,-1,1976,1923,1891,-1,1977,1924,1892,-1,1977,1957,1924,-1,1977,1892,1946,-1,1978,1893,1947,-1,1978,1925,1893,-1,1979,1948,199,-1,1979,1926,1948,-1,1979,199,197,-1,1980,1927,1949,-1,1981,1928,1896,-1,1981,1896,1950,-1,1982,1897,1951,-1,1982,1929,1897,-1,1983,1898,1952,-1,1983,1930,1898,-1,1984,1931,1953,-1,1985,1965,1932,-1,1985,1932,1954,-1,1986,1933,1955,-1,1987,1902,1956,-1,1987,1967,1934,-1,1987,1934,1902,-1,1988,1903,1957,-1,1988,1935,1903,-1,1989,1905,1958,-1,1989,1938,1905,-1,1990,1939,1959,-1,1990,1970,1939,-1,1991,1940,1907,-1,1991,1907,1960,-1,1992,1908,1961,-1,1992,1941,1908,-1,1993,1909,1962,-1,1993,1942,1909,-1,1993,1973,1942,-1,1994,1910,1963,-1,1994,1943,1910,-1,1995,1944,1964,-1,1996,1912,1965,-1,1996,1945,1912,-1,1997,1913,1966,-1,1997,1946,1913,-1,1998,1914,1967,-1,1998,1947,1914,-1,1998,1978,1947,-1,1999,2000,1936,-1,1999,1936,1968,-1,2001,1949,1969,-1,2002,1917,1970,-1,2002,1950,1917,-1,2003,1951,1971,-1,2004,1919,1972,-1,2004,1952,1919,-1,2005,1953,1920,-1,2005,1920,1973,-1,2006,1954,1921,-1,2006,1921,1974,-1,2007,1955,1975,-1,2008,1956,1923,-1,2008,1923,1976,-1,2009,1957,1977,-1,2010,1958,1925,-1,2010,1925,1978,-1,2010,1989,1958,-1,2011,1979,197,-1,2011,1926,1979,-1,2011,1990,1959,-1,2011,1959,1926,-1,2011,197,195,-1,2012,1960,1927,-1,2012,1927,1980,-1,2012,1991,1960,-1,2013,1961,1928,-1,2013,1928,1981,-1,2013,1992,1961,-1,2014,1962,1929,-1,2014,1929,1982,-1,2015,1930,1983,-1,2015,1963,1930,-1,2016,1931,1984,-1,2016,1964,1931,-1,2017,1996,1965,-1,2017,1965,1985,-1,2018,1933,1986,-1,2018,1966,1933,-1,2019,1967,1987,-1,2020,1968,1935,-1,2020,1935,1988,-1,2021,1938,1989,-1,2021,1969,1938,-1,2022,1970,1990,-1,2023,2003,1971,-1,2023,1971,1940,-1,2023,1940,1991,-1,2024,1941,1992,-1,2024,1972,1941,-1,2025,1973,1993,-1,2026,2006,1974,-1,2026,1974,1943,-1,2026,1943,1994,-1,2027,1975,1944,-1,2027,1944,1995,-1,2028,1945,1996,-1,2028,1976,1945,-1,2029,1946,1997,-1,2029,1977,1946,-1,2030,1978,1998,-1,2031,2032,2000,-1,2031,2000,1999,-1,2033,1980,1949,-1,2033,1949,2001,-1,2034,1950,2002,-1,2034,1981,1950,-1,2035,1951,2003,-1,2035,1982,1951,-1,2036,1952,2004,-1,2036,1983,1952,-1,2037,1984,1953,-1,2037,1953,2005,-1,2038,1954,2006,-1,2038,1985,1954,-1,2039,1986,1955,-1,2039,1955,2007,-1,2040,2019,1987,-1,2040,1956,2008,-1,2040,1987,1956,-1,2041,2020,1988,-1,2041,1988,1957,-1,2041,1957,2009,-1,2042,1989,2010,-1,2043,2011,195,-1,2043,1990,2011,-1,2043,2022,1990,-1,2043,195,192,-1,2044,1991,2012,-1,2045,1992,2013,-1,2046,1962,2014,-1,2046,1993,1962,-1,2047,1963,2015,-1,2047,1994,1963,-1,2047,2026,1994,-1,2048,1964,2016,-1,2048,1995,1964,-1,2049,1996,2017,-1,2050,1966,2018,-1,2050,1997,1966,-1,2051,1998,1967,-1,2051,1967,2019,-1,2051,2030,1998,-1,2052,1999,1968,-1,2052,1968,2020,-1,2053,1969,2021,-1,2053,2001,1969,-1,2054,1970,2022,-1,2054,2002,1970,-1,2055,2003,2023,-1,2056,2036,2004,-1,2056,2004,1972,-1,2056,1972,2024,-1,2057,2037,2005,-1,2057,1973,2025,-1,2057,2005,1973,-1,2058,2006,2026,-1,2059,1975,2027,-1,2059,2007,1975,-1,2060,2008,1976,-1,2060,1976,2028,-1,2061,2009,1977,-1,2061,1977,2029,-1,2062,2010,1978,-1,2062,1978,2030,-1,2063,2064,2065,-1,2063,2065,2032,-1,2063,2032,2031,-1,2066,2012,1980,-1,2066,1980,2033,-1,2067,2013,1981,-1,2067,1981,2034,-1,2068,2014,1982,-1,2068,1982,2035,-1,2069,1983,2036,-1,2069,2015,1983,-1,2070,2048,2016,-1,2070,2016,1984,-1,2070,1984,2037,-1,2071,1985,2038,-1,2071,2017,1985,-1,2072,2050,2018,-1,2072,1986,2039,-1,2072,2018,1986,-1,2073,2019,2040,-1,2074,2020,2041,-1,2075,2053,2021,-1,2075,2021,1989,-1,2075,1989,2042,-1,2076,2022,2043,-1,2076,2043,192,-1,2076,192,190,-1,2077,2023,1991,-1,2077,1991,2044,-1,2078,1992,2045,-1,2078,2024,1992,-1,2079,2057,2025,-1,2079,2025,1993,-1,2079,1993,2046,-1,2080,2026,2047,-1,2081,2027,1995,-1,2081,1995,2048,-1,2081,2059,2027,-1,2082,2028,1996,-1,2082,2060,2028,-1,2082,1996,2049,-1,2083,1997,2050,-1,2083,2029,1997,-1,2084,2062,2030,-1,2084,2030,2051,-1,2085,1999,2052,-1,2085,2031,1999,-1,2086,2033,2001,-1,2086,2066,2033,-1,2086,2001,2053,-1,2087,2034,2002,-1,2087,2002,2054,-1,2088,2035,2003,-1,2088,2003,2055,-1,2089,2036,2056,-1,2089,2069,2036,-1,2090,2037,2057,-1,2091,2038,2006,-1,2091,2006,2058,-1,2092,2039,2007,-1,2092,2007,2059,-1,2093,2040,2008,-1,2093,2008,2060,-1,2094,2009,2061,-1,2094,2041,2009,-1,2095,2010,2062,-1,2095,2042,2010,-1,2096,2064,2063,-1,2097,2012,2066,-1,2097,2044,2012,-1,2098,2045,2013,-1,2098,2013,2067,-1,2099,2079,2046,-1,2099,2014,2068,-1,2099,2046,2014,-1,2100,2015,2069,-1,2100,2047,2015,-1,2101,2048,2070,-1,2102,2017,2071,-1,2102,2049,2017,-1,2103,2050,2072,-1,2104,2019,2073,-1,2104,2051,2019,-1,2105,2052,2020,-1,2105,2020,2074,-1,2106,2053,2075,-1,2107,2076,190,-1,2107,2054,2022,-1,2107,2022,2076,-1,2107,190,189,-1,2108,2023,2077,-1,2108,2055,2023,-1,2109,2024,2078,-1,2109,2089,2056,-1,2109,2056,2024,-1,2110,2090,2057,-1,2110,2057,2079,-1,2111,2026,2080,-1,2111,2058,2026,-1,2112,2059,2081,-1,2113,2060,2082,-1,2114,2094,2061,-1,2114,2061,2029,-1,2114,2029,2083,-1,2115,2062,2084,-1,2116,2063,2031,-1,2116,2031,2085,-1,2117,2066,2086,-1,2118,2067,2034,-1,2118,2034,2087,-1,2119,2068,2035,-1,2119,2099,2068,-1,2119,2035,2088,-1,2120,2069,2089,-1,2121,2037,2090,-1,2121,2070,2037,-1,2122,2038,2091,-1,2122,2071,2038,-1,2123,2039,2092,-1,2123,2072,2039,-1,2124,2073,2040,-1,2124,2040,2093,-1,2125,2074,2041,-1,2125,2041,2094,-1,2126,2042,2095,-1,2126,2075,2042,-1,2127,2128,2064,-1,2127,2064,2096,-1,2129,2077,2044,-1,2129,2044,2097,-1,2130,2045,2098,-1,2130,2078,2045,-1,2131,2079,2099,-1,2132,2047,2100,-1,2132,2080,2047,-1,2132,2111,2080,-1,2133,2048,2101,-1,2133,2081,2048,-1,2134,2049,2102,-1,2134,2082,2049,-1,2135,2083,2050,-1,2135,2050,2103,-1,2136,2084,2051,-1,2136,2051,2104,-1,2136,2115,2084,-1,2137,2052,2105,-1,2137,2085,2052,-1,2137,2116,2085,-1,2138,2117,2086,-1,2138,2053,2106,-1,2138,2086,2053,-1,2139,2054,2107,-1,2139,2118,2087,-1,2139,2087,2054,-1,2139,189,187,-1,2139,2107,189,-1,2140,2055,2108,-1,2140,2088,2055,-1,2141,2089,2109,-1,2142,2090,2110,-1,2143,2058,2111,-1,2143,2091,2058,-1,2144,2092,2059,-1,2144,2059,2112,-1,2145,2124,2093,-1,2145,2093,2060,-1,2145,2060,2113,-1,2146,2094,2114,-1,2147,2126,2095,-1,2147,2062,2115,-1,2147,2095,2062,-1,2148,2096,2063,-1,2148,2063,2116,-1,2149,2066,2117,-1,2149,2097,2066,-1,2150,2067,2118,-1,2150,2098,2067,-1,2151,2099,2119,-1,2152,2100,2069,-1,2152,2069,2120,-1,2153,2070,2121,-1,2153,2101,2070,-1,2154,2134,2102,-1,2154,2102,2071,-1,2154,2071,2122,-1,2155,2072,2123,-1,2155,2103,2072,-1,2156,2073,2124,-1,2156,2104,2073,-1,2157,2074,2125,-1,2157,2105,2074,-1,2158,2138,2106,-1,2158,2106,2075,-1,2158,2075,2126,-1,2159,2160,2128,-1,2159,2128,2127,-1,2161,2108,2077,-1,2161,2077,2129,-1,2162,2078,2130,-1,2162,2109,2078,-1,2163,2110,2079,-1,2163,2079,2131,-1,2164,2111,2132,-1,2165,2112,2081,-1,2165,2081,2133,-1,2166,2082,2134,-1,2166,2145,2113,-1,2166,2113,2082,-1,2167,2114,2083,-1,2167,2083,2135,-1,2168,2115,2136,-1,2169,2148,2116,-1,2169,2116,2137,-1,2170,2117,2138,-1,2171,2139,187,-1,2171,185,183,-1,2171,187,185,-1,2171,2118,2139,-1,2172,2119,2088,-1,2172,2088,2140,-1,2173,2089,2141,-1,2173,2120,2089,-1,2174,2121,2090,-1,2174,2090,2142,-1,2174,2153,2121,-1,2175,2091,2143,-1,2175,2122,2091,-1,2176,2092,2144,-1,2176,2123,2092,-1,2176,2155,2123,-1,2177,2124,2145,-1,2178,2094,2146,-1,2178,2125,2094,-1,2179,2126,2147,-1,2180,2159,2127,-1,2180,2096,2148,-1,2180,2127,2096,-1,2181,2097,2149,-1,2181,2161,2129,-1,2181,2129,2097,-1,2182,2098,2150,-1,2182,2130,2098,-1,2182,2162,2130,-1,2183,2099,2151,-1,2183,2131,2099,-1,2183,2163,2131,-1,2184,2132,2100,-1,2184,2100,2152,-1,2185,2101,2153,-1,2185,2133,2101,-1,2185,2165,2133,-1,2186,2134,2154,-1,2187,2103,2155,-1,2187,2135,2103,-1,2188,2136,2104,-1,2188,2104,2156,-1,2189,2137,2105,-1,2189,2105,2157,-1,2190,2138,2158,-1,2191,2160,2159,-1,2191,2192,2160,-1,2193,2172,2140,-1,2193,2108,2161,-1,2193,2140,2108,-1,2194,2141,2109,-1,2194,2109,2162,-1,2195,2110,2163,-1,2195,2142,2110,-1,2196,2143,2111,-1,2196,2111,2164,-1,2197,2112,2165,-1,2197,2144,2112,-1,2198,2145,2166,-1,2199,2146,2114,-1,2199,2114,2167,-1,2199,2178,2146,-1,2200,2179,2147,-1,2200,2147,2115,-1,2200,2115,2168,-1,2201,2148,2169,-1,2202,2117,2170,-1,2202,2149,2117,-1,2203,2118,2171,-1,2203,2150,2118,-1,2203,2171,183,-1,2204,2119,2172,-1,2204,2151,2119,-1,2205,2152,2120,-1,2205,2120,2173,-1,2206,2153,2174,-1,2207,2122,2175,-1,2207,2154,2122,-1,2208,2155,2176,-1,2209,2156,2124,-1,2209,2124,2177,-1,2210,2157,2125,-1,2210,2125,2178,-1,2210,2189,2157,-1,2211,2126,2179,-1,2211,2158,2126,-1,2212,2191,2159,-1,2212,2159,2180,-1,2213,2161,2181,-1,2214,2162,2182,-1,2215,2163,2183,-1,2215,2195,2163,-1,2216,2132,2184,-1,2216,2164,2132,-1,2217,2165,2185,-1,2218,2166,2134,-1,2218,2134,2186,-1,2219,2167,2135,-1,2219,2135,2187,-1,2220,2168,2136,-1,2220,2136,2188,-1,2221,2169,2137,-1,2221,2137,2189,-1,2222,2170,2138,-1,2222,2138,2190,-1,2223,2192,2191,-1,2223,2224,2192,-1,2225,2172,2193,-1,2225,2204,2172,-1,2226,2173,2141,-1,2226,2205,2173,-1,2226,2141,2194,-1,2227,2142,2195,-1,2227,2206,2174,-1,2227,2174,2142,-1,2228,2175,2143,-1,2228,2143,2196,-1,2229,2144,2197,-1,2229,2176,2144,-1,2230,2177,2145,-1,2230,2145,2198,-1,2231,2178,2199,-1,2232,2179,2200,-1,2232,2211,2179,-1,2233,2148,2201,-1,2233,2212,2180,-1,2233,2180,2148,-1,2234,2149,2202,-1,2234,2181,2149,-1,2235,2214,2182,-1,2235,2182,2150,-1,2235,2150,2203,-1,2235,2203,183,-1,2235,183,181,-1,2236,2215,2183,-1,2236,2151,2204,-1,2236,2183,2151,-1,2237,2152,2205,-1,2237,2184,2152,-1,2238,2217,2185,-1,2238,2185,2153,-1,2238,2153,2206,-1,2239,2186,2154,-1,2239,2154,2207,-1,2240,2187,2155,-1,2240,2219,2187,-1,2240,2155,2208,-1,2241,2220,2188,-1,2241,2156,2209,-1,2241,2188,2156,-1,2242,2189,2210,-1,2243,2158,2211,-1,2243,2190,2158,-1,2243,2222,2190,-1,2244,2191,2212,-1,2245,2193,2161,-1,2245,2161,2213,-1,2246,2194,2162,-1,2246,2226,2194,-1,2246,2162,2214,-1,2247,2195,2215,-1,2248,2164,2216,-1,2248,2196,2164,-1,2248,2228,2196,-1,2249,2165,2217,-1,2249,2197,2165,-1,2250,2198,2166,-1,2250,2166,2218,-1,2250,2230,2198,-1,2251,2167,2219,-1,2251,2199,2167,-1,2252,2200,2168,-1,2252,2168,2220,-1,2253,2201,2169,-1,2253,2233,2201,-1,2253,2169,2221,-1,2254,2202,2170,-1,2254,2234,2202,-1,2254,2170,2222,-1,2255,2224,2223,-1,2255,2256,2224,-1,2257,2204,2225,-1,2258,2205,2226,-1,2259,2206,2227,-1,2260,2175,2228,-1,2260,2207,2175,-1,2261,2176,2229,-1,2261,2208,2176,-1,2262,2177,2230,-1,2262,2209,2177,-1,2262,2241,2209,-1,2263,2178,2231,-1,2263,2210,2178,-1,2264,2211,2232,-1,2265,2212,2233,-1,2265,2244,2212,-1,2266,2181,2234,-1,2266,2213,2181,-1,2267,2214,2235,-1,2267,2235,181,-1,2267,181,179,-1,2268,2215,2236,-1,2269,2248,2216,-1,2269,2184,2237,-1,2269,2216,2184,-1,2270,2217,2238,-1,2271,2218,2186,-1,2271,2186,2239,-1,2272,2219,2240,-1,2273,2220,2241,-1,2273,2252,2220,-1,2274,2221,2189,-1,2274,2189,2242,-1,2275,2222,2243,-1,2276,2223,2191,-1,2276,2191,2244,-1,2277,2225,2193,-1,2277,2193,2245,-1,2277,2257,2225,-1,2278,2226,2246,-1,2279,2227,2195,-1,2279,2195,2247,-1,2279,2259,2227,-1,2280,2228,2248,-1,2281,2229,2197,-1,2281,2197,2249,-1,2282,2230,2250,-1,2283,2199,2251,-1,2283,2231,2199,-1,2284,2200,2252,-1,2284,2232,2200,-1,2285,2233,2253,-1,2286,2234,2254,-1,2287,2256,2255,-1,2287,2288,2256,-1,2289,2236,2204,-1,2289,2204,2257,-1,2290,2205,2258,-1,2290,2237,2205,-1,2291,2238,2206,-1,2291,2206,2259,-1,2292,2239,2207,-1,2292,2271,2239,-1,2292,2207,2260,-1,2293,2208,2261,-1,2293,2272,2240,-1,2293,2240,2208,-1,2294,2241,2262,-1,2295,2210,2263,-1,2295,2242,2210,-1,2296,2211,2264,-1,2296,2243,2211,-1,2297,2244,2265,-1,2298,2245,2213,-1,2298,2213,2266,-1,2299,2246,2214,-1,2299,2267,179,-1,2299,179,177,-1,2299,2214,2267,-1,2299,2278,2246,-1,2300,2279,2247,-1,2300,2215,2268,-1,2300,2247,2215,-1,2301,2248,2269,-1,2302,2249,2217,-1,2302,2217,2270,-1,2303,2250,2218,-1,2303,2218,2271,-1,2304,2219,2272,-1,2304,2251,2219,-1,2305,2252,2273,-1,2306,2221,2274,-1,2306,2253,2221,-1,2307,2254,2222,-1,2307,2222,2275,-1,2308,2223,2276,-1,2308,2287,2255,-1,2308,2255,2223,-1,2309,2289,2257,-1,2309,2257,2277,-1,2310,2226,2278,-1,2310,2258,2226,-1,2311,2259,2279,-1,2312,2228,2280,-1,2312,2260,2228,-1,2313,2261,2229,-1,2313,2229,2281,-1,2314,2230,2282,-1,2314,2262,2230,-1,2315,2263,2231,-1,2315,2231,2283,-1,2316,2232,2284,-1,2316,2264,2232,-1,2317,2265,2233,-1,2317,2233,2285,-1,2318,2266,2234,-1,2318,2234,2286,-1,2319,2288,2287,-1,2319,2320,2288,-1,2321,2236,2289,-1,2321,2268,2236,-1,2322,2237,2290,-1,2322,2269,2237,-1,2323,2302,2270,-1,2323,2238,2291,-1,2323,2270,2238,-1,2324,2271,2292,-1,2325,2272,2293,-1,2326,2273,2241,-1,2326,2241,2294,-1,2327,2274,2242,-1,2327,2242,2295,-1,2327,2306,2274,-1,2328,2275,2243,-1,2328,2243,2296,-1,2329,2244,2297,-1,2329,2276,2244,-1,2330,2277,2245,-1,2330,2245,2298,-1,2331,2299,177,-1,2331,2278,2299,-1,2331,177,174,-1,2332,2279,2300,-1,2333,2280,2248,-1,2333,2312,2280,-1,2333,2248,2301,-1,2334,2281,2249,-1,2334,2249,2302,-1,2334,2313,2281,-1,2335,2282,2250,-1,2335,2250,2303,-1,2336,2283,2251,-1,2336,2315,2283,-1,2336,2251,2304,-1,2337,2252,2305,-1,2337,2284,2252,-1,2337,2316,2284,-1,2338,2253,2306,-1,2338,2285,2253,-1,2339,2318,2286,-1,2339,2254,2307,-1,2339,2286,2254,-1,2340,2287,2308,-1,2340,2319,2287,-1,2341,2289,2309,-1,2342,2322,2290,-1,2342,2290,2258,-1,2342,2258,2310,-1,2343,2259,2311,-1,2343,2291,2259,-1,2343,2323,2291,-1,2344,2260,2312,-1,2344,2292,2260,-1,2345,2293,2261,-1,2345,2261,2313,-1,2346,2262,2314,-1,2346,2294,2262,-1,2347,2263,2315,-1,2347,2327,2295,-1,2347,2295,2263,-1,2348,2264,2316,-1,2348,2296,2264,-1,2349,2297,2265,-1,2349,2265,2317,-1,2350,2298,2266,-1,2350,2266,2318,-1,2351,2320,2319,-1,2351,2352,2320,-1,2353,2268,2321,-1,2353,2300,2268,-1,2354,2269,2322,-1,2354,2301,2269,-1,2354,2333,2301,-1,2355,2334,2302,-1,2355,2302,2323,-1,2356,2303,2271,-1,2356,2271,2324,-1,2357,2304,2272,-1,2357,2272,2325,-1,2358,2273,2326,-1,2358,2305,2273,-1,2359,2306,2327,-1,2360,2307,2275,-1,2360,2275,2328,-1,2361,2276,2329,-1,2361,2308,2276,-1,2362,2277,2330,-1,2362,2309,2277,-1,2363,2310,2278,-1,2363,2331,174,-1,2363,174,173,-1,2363,2278,2331,-1,2364,2311,2279,-1,2364,2279,2332,-1,2365,2312,2333,-1,2366,2313,2334,-1,2367,2314,2282,-1,2367,2282,2335,-1,2368,2315,2336,-1,2369,2316,2337,-1,2370,2317,2285,-1,2370,2285,2338,-1,2371,2318,2339,-1,2372,2319,2340,-1,2373,2321,2289,-1,2373,2289,2341,-1,2373,2353,2321,-1,2374,2322,2342,-1,2375,2323,2343,-1,2376,2356,2324,-1,2376,2324,2292,-1,2376,2292,2344,-1,2377,2293,2345,-1,2377,2325,2293,-1,2378,2358,2326,-1,2378,2326,2294,-1,2378,2294,2346,-1,2379,2327,2347,-1,2380,2296,2348,-1,2380,2328,2296,-1,2381,2329,2297,-1,2381,2297,2349,-1,2382,2330,2298,-1,2382,2298,2350,-1,2383,2352,2351,-1,2383,2384,2352,-1,2385,2332,2300,-1,2385,2364,2332,-1,2385,2300,2353,-1,2386,2333,2354,-1,2387,2334,2355,-1,2388,2303,2356,-1,2388,2335,2303,-1,2389,2304,2357,-1,2389,2336,2304,-1,2390,2337,2305,-1,2390,2305,2358,-1,2391,2338,2306,-1,2391,2306,2359,-1,2391,2370,2338,-1,2392,2339,2307,-1,2392,2307,2360,-1,2393,2372,2340,-1,2393,2340,2308,-1,2393,2308,2361,-1,2394,2309,2362,-1,2394,2341,2309,-1,2395,2342,2310,-1,2395,2363,173,-1,2395,2310,2363,-1,2395,173,171,-1,2396,2343,2311,-1,2396,2311,2364,-1,2397,2344,2312,-1,2397,2312,2365,-1,2397,2376,2344,-1,2398,2313,2366,-1,2398,2377,2345,-1,2398,2345,2313,-1,2399,2314,2367,-1,2399,2346,2314,-1,2400,2315,2368,-1,2400,2347,2315,-1,2401,2348,2316,-1,2401,2380,2348,-1,2401,2316,2369,-1,2402,2317,2370,-1,2402,2349,2317,-1,2403,2318,2371,-1,2403,2350,2318,-1,2404,2319,2372,-1,2404,2383,2351,-1,2404,2351,2319,-1,2405,2353,2373,-1,2406,2354,2322,-1,2406,2322,2374,-1,2407,2323,2375,-1,2407,2355,2323,-1,2408,2356,2376,-1,2409,2325,2377,-1,2409,2357,2325,-1,2410,2358,2378,-1,2410,2390,2358,-1,2411,2327,2379,-1,2411,2359,2327,-1,2412,2328,2380,-1,2412,2360,2328,-1,2413,2329,2381,-1,2413,2361,2329,-1,2413,2393,2361,-1,2414,2330,2382,-1,2414,2362,2330,-1,2415,2416,2384,-1,2415,2384,2383,-1,2417,2364,2385,-1,2418,2365,2333,-1,2418,2333,2386,-1,2419,2334,2387,-1,2419,2366,2334,-1,2420,2335,2388,-1,2420,2399,2367,-1,2420,2367,2335,-1,2421,2336,2389,-1,2421,2368,2336,-1,2422,2337,2390,-1,2422,2369,2337,-1,2423,2370,2391,-1,2423,2402,2370,-1,2424,2339,2392,-1,2424,2371,2339,-1,2425,2372,2393,-1,2426,2341,2394,-1,2426,2373,2341,-1,2427,2395,171,-1,2427,2342,2395,-1,2427,2374,2342,-1,2427,168,167,-1,2427,171,168,-1,2428,2375,2343,-1,2428,2407,2375,-1,2428,2343,2396,-1,2429,2376,2397,-1,2430,2377,2398,-1,2431,2378,2346,-1,2431,2346,2399,-1,2432,2347,2400,-1,2432,2379,2347,-1,2433,2380,2401,-1,2433,2412,2380,-1,2434,2349,2402,-1,2434,2381,2349,-1,2435,2414,2382,-1,2435,2350,2403,-1,2435,2382,2350,-1,2436,2415,2383,-1,2436,2383,2404,-1,2437,2385,2353,-1,2437,2353,2405,-1,2438,2386,2354,-1,2438,2354,2406,-1,2439,2355,2407,-1,2439,2387,2355,-1,2440,2356,2408,-1,2440,2388,2356,-1,2441,2389,2357,-1,2441,2357,2409,-1,2442,2422,2390,-1,2442,2390,2410,-1,2443,2391,2359,-1,2443,2423,2391,-1,2443,2359,2411,-1,2444,2392,2360,-1,2444,2360,2412,-1,2445,2425,2393,-1,2445,2393,2413,-1,2446,2394,2362,-1,2446,2362,2414,-1,2446,2426,2394,-1,2447,2416,2415,-1,2447,2448,2416,-1,2449,2396,2364,-1,2449,2364,2417,-1,2450,2365,2418,-1,2450,2397,2365,-1,2451,2366,2419,-1,2451,2398,2366,-1,2452,2399,2420,-1,2452,2431,2399,-1,2453,2400,2368,-1,2453,2432,2400,-1,2453,2368,2421,-1,2454,2369,2422,-1,2454,2401,2369,-1,2455,2402,2423,-1,2456,2371,2424,-1,2456,2403,2371,-1,2457,2404,2372,-1,2457,2372,2425,-1,2458,2405,2373,-1,2458,2373,2426,-1,2459,2374,2427,-1,2459,2427,167,-1,2459,2406,2374,-1,2459,2438,2406,-1,2460,2407,2428,-1,2461,2376,2429,-1,2461,2408,2376,-1,2462,2409,2377,-1,2462,2441,2409,-1,2462,2377,2430,-1,2463,2378,2431,-1,2463,2410,2378,-1,2464,2379,2432,-1,2464,2411,2379,-1,2464,2443,2411,-1,2465,2412,2433,-1,2466,2413,2381,-1,2466,2381,2434,-1,2467,2414,2435,-1,2468,2415,2436,-1,2469,2385,2437,-1,2469,2449,2417,-1,2469,2417,2385,-1,2470,2386,2438,-1,2470,2418,2386,-1,2471,2387,2439,-1,2471,2451,2419,-1,2471,2419,2387,-1,2472,2420,2388,-1,2472,2452,2420,-1,2472,2388,2440,-1,2473,2421,2389,-1,2473,2389,2441,-1,2474,2422,2442,-1,2475,2423,2443,-1,2476,2424,2392,-1,2476,2392,2444,-1,2477,2425,2445,-1,2478,2458,2426,-1,2478,2426,2446,-1,2479,2448,2447,-1,2479,2480,2448,-1,2481,2428,2396,-1,2481,2396,2449,-1,2482,2429,2397,-1,2482,2397,2450,-1,2483,2430,2398,-1,2483,2462,2430,-1,2483,2398,2451,-1,2484,2431,2452,-1,2485,2432,2453,-1,2486,2433,2401,-1,2486,2401,2454,-1,2487,2402,2455,-1,2487,2434,2402,-1,2488,2403,2456,-1,2488,2435,2403,-1,2489,2436,2404,-1,2489,2404,2457,-1,2489,2468,2436,-1,2490,2405,2458,-1,2490,2437,2405,-1,2491,2438,2459,-1,2491,165,163,-1,2491,167,165,-1,2491,2459,167,-1,2491,2470,2438,-1,2492,2407,2460,-1,2492,2439,2407,-1,2493,2408,2461,-1,2493,2440,2408,-1,2494,2441,2462,-1,2495,2442,2410,-1,2495,2410,2463,-1,2496,2443,2464,-1,2497,2444,2412,-1,2497,2412,2465,-1,2497,2476,2444,-1,2498,2445,2413,-1,2498,2413,2466,-1,2499,2478,2446,-1,2499,2414,2467,-1,2499,2446,2414,-1,2500,2415,2468,-1,2500,2447,2415,-1,2501,2449,2469,-1,2502,2418,2470,-1,2502,2482,2450,-1,2502,2450,2418,-1,2503,2451,2471,-1,2504,2452,2472,-1,2505,2453,2421,-1,2505,2421,2473,-1,2506,2486,2454,-1,2506,2422,2474,-1,2506,2454,2422,-1,2507,2455,2423,-1,2507,2423,2475,-1,2508,2424,2476,-1,2508,2456,2424,-1,2509,2425,2477,-1,2509,2457,2425,-1,2510,2458,2478,-1,2511,2480,2479,-1,2511,2512,2513,-1,2511,2513,2480,-1,2514,2460,2428,-1,2514,2428,2481,-1,2515,2461,2429,-1,2515,2429,2482,-1,2516,2462,2483,-1,2517,2431,2484,-1,2517,2463,2431,-1,2518,2432,2485,-1,2518,2464,2432,-1,2519,2433,2486,-1,2519,2465,2433,-1,2520,2466,2434,-1,2520,2498,2466,-1,2520,2434,2487,-1,2521,2467,2435,-1,2521,2435,2488,-1,2522,2468,2489,-1,2523,2469,2437,-1,2523,2437,2490,-1,2524,2491,163,-1,2524,2470,2491,-1,2524,2502,2470,-1,2525,2439,2492,-1,2525,2471,2439,-1,2526,2440,2493,-1,2526,2472,2440,-1,2527,2473,2441,-1,2527,2505,2473,-1,2527,2441,2494,-1,2528,2442,2495,-1,2528,2474,2442,-1,2528,2506,2474,-1,2529,2443,2496,-1,2529,2475,2443,-1,2530,2508,2476,-1,2530,2476,2497,-1,2531,2477,2445,-1,2531,2445,2498,-1,2532,2510,2478,-1,2532,2478,2499,-1,2533,2479,2447,-1,2533,2447,2500,-1,2533,2511,2479,-1,2534,2481,2449,-1,2534,2514,2481,-1,2534,2449,2501,-1,2535,2482,2502,-1,2536,2451,2503,-1,2536,2483,2451,-1,2537,2484,2452,-1,2537,2452,2504,-1,2538,2485,2453,-1,2538,2453,2505,-1,2539,2486,2506,-1,2540,2455,2507,-1,2540,2487,2455,-1,2541,2456,2508,-1,2541,2488,2456,-1,2542,2457,2509,-1,2542,2489,2457,-1,2543,2490,2458,-1,2543,2458,2510,-1,2544,2512,2511,-1,2545,2492,2460,-1,2545,2460,2514,-1,2546,2461,2515,-1,2546,2493,2461,-1,2547,2462,2516,-1,2547,2494,2462,-1,2548,2495,2463,-1,2548,2463,2517,-1,2548,2528,2495,-1,2549,2496,2464,-1,2549,2464,2518,-1,2550,2497,2465,-1,2550,2465,2519,-1,2551,2531,2498,-1,2551,2498,2520,-1,2552,2499,2467,-1,2552,2467,2521,-1,2553,2468,2522,-1,2553,2500,2468,-1,2554,2469,2523,-1,2554,2501,2469,-1,2555,2524,163,-1,2555,161,158,-1,2555,163,161,-1,2555,2502,2524,-1,2556,2503,2471,-1,2556,2536,2503,-1,2556,2471,2525,-1,2557,2472,2526,-1,2557,2504,2472,-1,2558,2505,2527,-1,2559,2506,2528,-1,2560,2475,2529,-1,2560,2507,2475,-1,2561,2508,2530,-1,2562,2509,2477,-1,2562,2477,2531,-1,2563,2510,2532,-1,2564,2511,2533,-1,2565,2514,2534,-1,2566,2515,2482,-1,2566,2546,2515,-1,2566,2482,2535,-1,2567,2483,2536,-1,2567,2516,2483,-1,2568,2484,2537,-1,2568,2517,2484,-1,2569,2549,2518,-1,2569,2485,2538,-1,2569,2518,2485,-1,2570,2486,2539,-1,2570,2519,2486,-1,2571,2487,2540,-1,2571,2520,2487,-1,2572,2488,2541,-1,2572,2552,2521,-1,2572,2521,2488,-1,2573,2522,2489,-1,2573,2489,2542,-1,2574,2490,2543,-1,2574,2523,2490,-1,2575,2512,2544,-1,2575,2576,2512,-1,2577,2525,2492,-1,2577,2492,2545,-1,2578,2493,2546,-1,2578,2526,2493,-1,2579,2558,2527,-1,2579,2494,2547,-1,2579,2527,2494,-1,2580,2528,2548,-1,2581,2529,2496,-1,2581,2496,2549,-1,2582,2530,2497,-1,2582,2497,2550,-1,2583,2531,2551,-1,2584,2499,2552,-1,2584,2532,2499,-1,2585,2500,2553,-1,2585,2533,2500,-1,2586,2501,2554,-1,2586,2534,2501,-1,2587,2566,2535,-1,2587,2535,2502,-1,2587,2555,158,-1,2587,2502,2555,-1,2588,2536,2556,-1,2589,2537,2504,-1,2589,2504,2557,-1,2590,2538,2505,-1,2590,2505,2558,-1,2591,2506,2559,-1,2591,2539,2506,-1,2592,2507,2560,-1,2592,2540,2507,-1,2593,2541,2508,-1,2593,2508,2561,-1,2593,2572,2541,-1,2594,2542,2509,-1,2594,2509,2562,-1,2595,2574,2543,-1,2595,2510,2563,-1,2595,2543,2510,-1,2596,2511,2564,-1,2596,2544,2511,-1,2597,2545,2514,-1,2597,2514,2565,-1,2597,2577,2545,-1,2598,2546,2566,-1,2599,2516,2567,-1,2599,2547,2516,-1,2600,2548,2517,-1,2600,2517,2568,-1,2601,2549,2569,-1,2601,2581,2549,-1,2602,2519,2570,-1,2602,2582,2550,-1,2602,2550,2519,-1,2603,2520,2571,-1,2603,2551,2520,-1,2604,2552,2572,-1,2605,2522,2573,-1,2605,2553,2522,-1,2606,2586,2554,-1,2606,2523,2574,-1,2606,2554,2523,-1,2607,2576,2575,-1,2607,2608,2609,-1,2607,2609,2576,-1,2610,2525,2577,-1,2610,2556,2525,-1,2611,2526,2578,-1,2611,2557,2526,-1,2612,2558,2579,-1,2613,2559,2528,-1,2613,2528,2580,-1,2614,2560,2529,-1,2614,2529,2581,-1,2615,2530,2582,-1,2615,2561,2530,-1,2616,2531,2583,-1,2616,2562,2531,-1,2617,2563,2532,-1,2617,2532,2584,-1,2618,2533,2585,-1,2618,2564,2533,-1,2618,2596,2564,-1,2619,2565,2534,-1,2619,2534,2586,-1,2620,2566,2587,-1,2620,2587,158,-1,2620,158,157,-1,2621,2599,2567,-1,2621,2567,2536,-1,2621,2536,2588,-1,2622,2568,2537,-1,2622,2537,2589,-1,2623,2538,2590,-1,2623,2569,2538,-1,2624,2570,2539,-1,2624,2539,2591,-1,2625,2571,2540,-1,2625,2540,2592,-1,2626,2604,2572,-1,2626,2572,2593,-1,2627,2573,2542,-1,2627,2542,2594,-1,2628,2574,2595,-1,2629,2544,2596,-1,2629,2575,2544,-1,2630,2577,2597,-1,2631,2611,2578,-1,2631,2578,2546,-1,2631,2546,2598,-1,2632,2547,2599,-1,2632,2612,2579,-1,2632,2579,2547,-1,2633,2613,2580,-1,2633,2580,2548,-1,2633,2548,2600,-1,2634,2581,2601,-1,2634,2614,2581,-1,2635,2615,2582,-1,2635,2582,2602,-1,2636,2551,2603,-1,2636,2583,2551,-1,2637,2584,2552,-1,2637,2552,2604,-1,2638,2618,2585,-1,2638,2585,2553,-1,2638,2553,2605,-1,2639,2586,2606,-1,2640,2608,2607,-1,2641,2556,2610,-1,2641,2588,2556,-1,2641,2621,2588,-1,2642,2589,2557,-1,2642,2557,2611,-1,2643,2558,2612,-1,2643,2590,2558,-1,2644,2591,2559,-1,2644,2559,2613,-1,2645,2560,2614,-1,2645,2592,2560,-1,2646,2593,2561,-1,2646,2561,2615,-1,2646,2626,2593,-1,2647,2627,2594,-1,2647,2562,2616,-1,2647,2594,2562,-1,2648,2563,2617,-1,2648,2595,2563,-1,2649,2596,2618,-1,2650,2597,2565,-1,2650,2565,2619,-1,2651,2566,2620,-1,2651,2598,2566,-1,2651,2620,157,-1,2651,157,155,-1,2652,2599,2621,-1,2653,2633,2600,-1,2653,2568,2622,-1,2653,2600,2568,-1,2654,2634,2601,-1,2654,2601,2569,-1,2654,2569,2623,-1,2655,2602,2570,-1,2655,2570,2624,-1,2656,2636,2603,-1,2656,2603,2571,-1,2656,2571,2625,-1,2657,2604,2626,-1,2658,2573,2627,-1,2658,2605,2573,-1,2659,2574,2628,-1,2659,2606,2574,-1,2659,2639,2606,-1,2660,2607,2575,-1,2660,2575,2629,-1,2661,2610,2577,-1,2661,2577,2630,-1,2661,2641,2610,-1,2662,2642,2611,-1,2662,2611,2631,-1,2663,2612,2632,-1,2664,2613,2633,-1,2665,2614,2634,-1,2666,2615,2635,-1,2667,2647,2616,-1,2667,2616,2583,-1,2667,2583,2636,-1,2668,2617,2584,-1,2668,2584,2637,-1,2669,2618,2638,-1,2670,2619,2586,-1,2670,2586,2639,-1,2671,2608,2640,-1,2671,2672,2608,-1,2673,2621,2641,-1,2674,2653,2622,-1,2674,2589,2642,-1,2674,2622,2589,-1,2675,2623,2590,-1,2675,2654,2623,-1,2675,2590,2643,-1,2676,2591,2644,-1,2676,2624,2591,-1,2677,2592,2645,-1,2677,2625,2592,-1,2678,2626,2646,-1,2679,2627,2647,-1,2680,2595,2648,-1,2680,2628,2595,-1,2681,2596,2649,-1,2681,2629,2596,-1,2682,2597,2650,-1,2682,2630,2597,-1,2683,2598,2651,-1,2683,2631,2598,-1,2683,2651,155,-1,2683,155,152,-1,2684,2632,2599,-1,2684,2599,2652,-1,2685,2633,2653,-1,2686,2665,2634,-1,2686,2634,2654,-1,2687,2635,2602,-1,2687,2602,2655,-1,2688,2636,2656,-1,2689,2668,2637,-1,2689,2604,2657,-1,2689,2637,2604,-1,2690,2605,2658,-1,2690,2638,2605,-1,2691,2639,2659,-1,2692,2607,2660,-1,2692,2640,2607,-1,2693,2641,2661,-1,2694,2642,2662,-1,2695,2643,2612,-1,2695,2612,2663,-1,2696,2613,2664,-1,2696,2644,2613,-1,2697,2645,2614,-1,2697,2614,2665,-1,2698,2646,2615,-1,2698,2615,2666,-1,2699,2647,2667,-1,2700,2648,2617,-1,2700,2617,2668,-1,2701,2618,2669,-1,2701,2649,2618,-1,2702,2650,2619,-1,2702,2619,2670,-1,2703,2672,2671,-1,2703,2704,2705,-1,2703,2705,2672,-1,2706,2621,2673,-1,2706,2652,2621,-1,2707,2653,2674,-1,2708,2654,2675,-1,2709,2687,2655,-1,2709,2624,2676,-1,2709,2655,2624,-1,2710,2625,2677,-1,2710,2656,2625,-1,2711,2626,2678,-1,2711,2657,2626,-1,2712,2627,2679,-1,2712,2658,2627,-1,2713,2628,2680,-1,2713,2659,2628,-1,2714,2692,2660,-1,2714,2629,2681,-1,2714,2660,2629,-1,2715,2630,2682,-1,2715,2661,2630,-1,2716,2662,2631,-1,2716,2631,2683,-1,2716,2683,152,-1,2716,152,151,-1,2717,2663,2632,-1,2717,2632,2684,-1,2718,2664,2633,-1,2718,2633,2685,-1,2719,2665,2686,-1,2720,2635,2687,-1,2720,2666,2635,-1,2721,2667,2636,-1,2721,2636,2688,-1,2722,2668,2689,-1,2723,2669,2638,-1,2723,2638,2690,-1,2724,2670,2639,-1,2724,2639,2691,-1,2725,2640,2692,-1,2725,2671,2640,-1,2726,2706,2673,-1,2726,2673,2641,-1,2726,2641,2693,-1,2727,2674,2642,-1,2727,2642,2694,-1,2728,2675,2643,-1,2728,2643,2695,-1,2729,2676,2644,-1,2729,2644,2696,-1,2730,2645,2697,-1,2730,2677,2645,-1,2730,2710,2677,-1,2731,2646,2698,-1,2731,2678,2646,-1,2732,2647,2699,-1,2732,2679,2647,-1,2733,2680,2648,-1,2733,2648,2700,-1,2734,2681,2649,-1,2734,2649,2701,-1,2735,2650,2702,-1,2735,2715,2682,-1,2735,2682,2650,-1,2736,2704,2703,-1,2737,2652,2706,-1,2737,2684,2652,-1,2738,2653,2707,-1,2738,2685,2653,-1,2739,2654,2708,-1,2739,2686,2654,-1,2740,2687,2709,-1,2741,2656,2710,-1,2741,2688,2656,-1,2742,2657,2711,-1,2742,2689,2657,-1,2743,2723,2690,-1,2743,2690,2658,-1,2743,2658,2712,-1,2744,2659,2713,-1,2744,2691,2659,-1,2745,2692,2714,-1,2746,2693,2661,-1,2746,2661,2715,-1,2747,2716,151,-1,2747,2694,2662,-1,2747,151,149,-1,2747,2727,2694,-1,2747,2662,2716,-1,2748,2663,2717,-1,2748,2695,2663,-1,2749,2664,2718,-1,2749,2729,2696,-1,2749,2696,2664,-1,2750,2665,2719,-1,2750,2697,2665,-1,2751,2698,2666,-1,2751,2666,2720,-1,2752,2667,2721,-1,2752,2699,2667,-1,2753,2668,2722,-1,2753,2733,2700,-1,2753,2700,2668,-1,2754,2669,2723,-1,2754,2701,2669,-1,2755,2670,2724,-1,2755,2702,2670,-1,2756,2671,2725,-1,2756,2703,2671,-1,2757,2706,2726,-1,2758,2707,2674,-1,2758,2674,2727,-1,2759,2708,2675,-1,2759,2675,2728,-1,2759,2739,2708,-1,2760,2709,2676,-1,2760,2676,2729,-1,2761,2710,2730,-1,2761,2741,2710,-1,2762,2678,2731,-1,2762,2711,2678,-1,2763,2712,2679,-1,2763,2679,2732,-1,2764,2713,2680,-1,2764,2680,2733,-1,2765,2714,2681,-1,2765,2681,2734,-1,2766,2715,2735,-1,2767,2704,2736,-1,2767,2768,2704,-1,2769,2684,2737,-1,2769,2748,2717,-1,2769,2717,2684,-1,2770,2718,2685,-1,2770,2685,2738,-1,2771,2686,2739,-1,2771,2719,2686,-1,2772,2687,2740,-1,2772,2720,2687,-1,2773,2688,2741,-1,2773,2721,2688,-1,2774,2689,2742,-1,2774,2722,2689,-1,2775,2723,2743,-1,2776,2724,2691,-1,2776,2691,2744,-1,2777,2692,2745,-1,2777,2725,2692,-1,2778,2693,2746,-1,2778,2726,2693,-1,2779,2747,149,-1,2779,2727,2747,-1,2779,147,145,-1,2779,149,147,-1,2780,2695,2748,-1,2780,2728,2695,-1,2781,2729,2749,-1,2782,2730,2697,-1,2782,2697,2750,-1,2783,2731,2698,-1,2783,2698,2751,-1,2784,2732,2699,-1,2784,2699,2752,-1,2785,2733,2753,-1,2786,2734,2701,-1,2786,2701,2754,-1,2787,2735,2702,-1,2787,2766,2735,-1,2787,2702,2755,-1,2788,2703,2756,-1,2788,2736,2703,-1,2789,2737,2706,-1,2789,2706,2757,-1,2790,2707,2758,-1,2790,2738,2707,-1,2791,2739,2759,-1,2792,2740,2709,-1,2792,2709,2760,-1,2793,2741,2761,-1,2794,2711,2762,-1,2794,2742,2711,-1,2795,2743,2712,-1,2795,2712,2763,-1,2796,2744,2713,-1,2796,2713,2764,-1,2797,2714,2765,-1,2797,2745,2714,-1,2798,2715,2766,-1,2798,2746,2715,-1,2798,2778,2746,-1,2799,2800,2801,-1,2799,2801,2768,-1,2799,2768,2767,-1,2802,2748,2769,-1,2803,2718,2770,-1,2803,2749,2718,-1,2804,2719,2771,-1,2804,2750,2719,-1,2805,2720,2772,-1,2805,2783,2751,-1,2805,2751,2720,-1,2806,2752,2721,-1,2806,2784,2752,-1,2806,2721,2773,-1,2807,2753,2722,-1,2807,2722,2774,-1,2808,2754,2723,-1,2808,2723,2775,-1,2808,2786,2754,-1,2809,2755,2724,-1,2809,2724,2776,-1,2810,2725,2777,-1,2810,2788,2756,-1,2810,2756,2725,-1,2811,2726,2778,-1,2811,2757,2726,-1,2812,2779,145,-1,2812,2727,2779,-1,2812,145,143,-1,2812,2758,2727,-1,2813,2728,2780,-1,2813,2759,2728,-1,2814,2760,2729,-1,2814,2729,2781,-1,2815,2730,2782,-1,2815,2793,2761,-1,2815,2761,2730,-1,2816,2731,2783,-1,2816,2794,2762,-1,2816,2762,2731,-1,2817,2732,2784,-1,2817,2763,2732,-1,2818,2733,2785,-1,2818,2764,2733,-1,2819,2734,2786,-1,2819,2765,2734,-1,2819,2797,2765,-1,2820,2766,2787,-1,2821,2767,2736,-1,2821,2799,2767,-1,2821,2736,2788,-1,2822,2769,2737,-1,2822,2737,2789,-1,2822,2802,2769,-1,2823,2738,2790,-1,2823,2770,2738,-1,2824,2804,2771,-1,2824,2739,2791,-1,2824,2771,2739,-1,2825,2772,2740,-1,2825,2740,2792,-1,2826,2741,2793,-1,2826,2773,2741,-1,2827,2742,2794,-1,2827,2774,2742,-1,2828,2808,2775,-1,2828,2743,2795,-1,2828,2775,2743,-1,2829,2776,2744,-1,2829,2744,2796,-1,2830,2777,2745,-1,2830,2745,2797,-1,2830,2810,2777,-1,2831,2778,2798,-1,2831,2811,2778,-1,2832,2800,2799,-1,2833,2813,2780,-1,2833,2780,2748,-1,2833,2748,2802,-1,2834,2781,2749,-1,2834,2749,2803,-1,2835,2782,2750,-1,2835,2750,2804,-1,2835,2815,2782,-1,2836,2783,2805,-1,2837,2784,2806,-1,2838,2785,2753,-1,2838,2753,2807,-1,2839,2786,2808,-1,2840,2787,2755,-1,2840,2755,2809,-1,2841,2788,2810,-1,2842,2757,2811,-1,2842,2789,2757,-1,2843,2758,2812,-1,2843,2812,143,-1,2843,2790,2758,-1,2843,2823,2790,-1,2844,2759,2813,-1,2844,2791,2759,-1,2845,2760,2814,-1,2845,2792,2760,-1,2845,2825,2792,-1,2846,2793,2815,-1,2847,2794,2816,-1,2848,2763,2817,-1,2848,2828,2795,-1,2848,2795,2763,-1,2849,2829,2796,-1,2849,2764,2818,-1,2849,2796,2764,-1,2850,2797,2819,-1,2851,2798,2766,-1,2851,2766,2820,-1,2852,2799,2821,-1,2853,2802,2822,-1,2854,2770,2823,-1,2854,2803,2770,-1,2855,2804,2824,-1,2856,2772,2825,-1,2856,2805,2772,-1,2857,2806,2773,-1,2857,2773,2826,-1,2858,2807,2774,-1,2858,2774,2827,-1,2859,2808,2828,-1,2860,2809,2776,-1,2860,2776,2829,-1,2861,2810,2830,-1,2862,2811,2831,-1,2863,2864,2800,-1,2863,2800,2832,-1,2865,2813,2833,-1,2865,2844,2813,-1,2866,2814,2781,-1,2866,2781,2834,-1,2867,2815,2835,-1,2868,2783,2836,-1,2868,2816,2783,-1,2869,2817,2784,-1,2869,2784,2837,-1,2870,2785,2838,-1,2870,2818,2785,-1,2871,2819,2786,-1,2871,2786,2839,-1,2872,2787,2840,-1,2872,2820,2787,-1,2873,2821,2788,-1,2873,2788,2841,-1,2874,2789,2842,-1,2874,2822,2789,-1,2875,2854,2823,-1,2875,2823,2843,-1,2875,141,138,-1,2875,143,141,-1,2875,2843,143,-1,2876,2791,2844,-1,2876,2824,2791,-1,2877,2825,2845,-1,2878,2793,2846,-1,2878,2826,2793,-1,2879,2827,2794,-1,2879,2794,2847,-1,2880,2828,2848,-1,2881,2829,2849,-1,2882,2830,2797,-1,2882,2797,2850,-1,2883,2798,2851,-1,2883,2831,2798,-1,2884,2799,2852,-1,2884,2863,2832,-1,2884,2832,2799,-1,2885,2802,2853,-1,2885,2833,2802,-1,2886,2803,2854,-1,2886,2834,2803,-1,2887,2804,2855,-1,2887,2835,2804,-1,2887,2867,2835,-1,2888,2836,2805,-1,2888,2805,2856,-1,2889,2806,2857,-1,2889,2837,2806,-1,2890,2838,2807,-1,2890,2807,2858,-1,2891,2839,2808,-1,2891,2808,2859,-1,2892,2840,2809,-1,2892,2809,2860,-1,2893,2873,2841,-1,2893,2841,2810,-1,2893,2810,2861,-1,2894,2842,2811,-1,2894,2811,2862,-1,2895,2864,2863,-1,2895,2896,2864,-1,2897,2876,2844,-1,2897,2844,2865,-1,2898,2814,2866,-1,2898,2845,2814,-1,2899,2815,2867,-1,2899,2846,2815,-1,2900,2847,2816,-1,2900,2816,2868,-1,2901,2817,2869,-1,2901,2848,2817,-1,2902,2818,2870,-1,2902,2849,2818,-1,2903,2819,2871,-1,2903,2850,2819,-1,2904,2851,2820,-1,2904,2883,2851,-1,2904,2820,2872,-1,2905,2852,2821,-1,2905,2821,2873,-1,2905,2884,2852,-1,2906,2822,2874,-1,2906,2853,2822,-1,2907,2854,2875,-1,2907,2875,138,-1,2908,2824,2876,-1,2908,2855,2824,-1,2909,2856,2825,-1,2909,2825,2877,-1,2910,2826,2878,-1,2910,2889,2857,-1,2910,2857,2826,-1,2911,2890,2858,-1,2911,2827,2879,-1,2911,2858,2827,-1,2912,2828,2880,-1,2912,2891,2859,-1,2912,2859,2828,-1,2913,2829,2881,-1,2913,2860,2829,-1,2914,2861,2830,-1,2914,2830,2882,-1,2914,2893,2861,-1,2915,2862,2831,-1,2915,2831,2883,-1,2916,2863,2884,-1,2917,2865,2833,-1,2917,2833,2885,-1,2918,2834,2886,-1,2918,2898,2866,-1,2918,2866,2834,-1,2919,2867,2887,-1,2919,2899,2867,-1,2920,2868,2836,-1,2920,2900,2868,-1,2920,2836,2888,-1,2921,2837,2889,-1,2921,2869,2837,-1,2922,2902,2870,-1,2922,2838,2890,-1,2922,2870,2838,-1,2923,2871,2839,-1,2923,2903,2871,-1,2923,2839,2891,-1,2924,2840,2892,-1,2924,2872,2840,-1,2925,2873,2893,-1,2926,2842,2894,-1,2926,2874,2842,-1,2927,2896,2895,-1,2927,2928,2896,-1,2929,2876,2897,-1,2930,2845,2898,-1,2930,2877,2845,-1,2931,2846,2899,-1,2931,2878,2846,-1,2932,2879,2847,-1,2932,2911,2879,-1,2932,2847,2900,-1,2933,2880,2848,-1,2933,2848,2901,-1,2933,2912,2880,-1,2934,2881,2849,-1,2934,2849,2902,-1,2935,2882,2850,-1,2935,2914,2882,-1,2935,2850,2903,-1,2936,2915,2883,-1,2936,2883,2904,-1,2937,2884,2905,-1,2938,2885,2853,-1,2938,2853,2906,-1,2939,2907,138,-1,2939,2886,2854,-1,2939,2854,2907,-1,2939,138,136,-1,2940,2855,2908,-1,2940,2887,2855,-1,2941,2888,2856,-1,2941,2856,2909,-1,2942,2889,2910,-1,2943,2890,2911,-1,2944,2891,2912,-1,2945,2860,2913,-1,2945,2892,2860,-1,2946,2893,2914,-1,2947,2862,2915,-1,2947,2894,2862,-1,2947,2926,2894,-1,2948,2895,2863,-1,2948,2863,2916,-1,2949,2865,2917,-1,2949,2897,2865,-1,2950,2898,2918,-1,2951,2899,2919,-1,2952,2900,2920,-1,2953,2869,2921,-1,2953,2933,2901,-1,2953,2901,2869,-1,2954,2902,2922,-1,2955,2903,2923,-1,2956,2872,2924,-1,2956,2904,2872,-1,2957,2873,2925,-1,2957,2937,2905,-1,2957,2905,2873,-1,2958,2906,2874,-1,2958,2874,2926,-1,2959,2928,2927,-1,2959,2960,2961,-1,2959,2961,2928,-1,2962,2876,2929,-1,2962,2908,2876,-1,2963,2909,2877,-1,2963,2877,2930,-1,2964,2910,2878,-1,2964,2878,2931,-1,2965,2911,2932,-1,2966,2912,2933,-1,2967,2913,2881,-1,2967,2881,2934,-1,2968,2914,2935,-1,2969,2915,2936,-1,2970,2884,2937,-1,2970,2916,2884,-1,2971,2885,2938,-1,2971,2917,2885,-1,2972,134,133,-1,2972,136,134,-1,2972,2918,2886,-1,2972,2939,136,-1,2972,2886,2939,-1,2973,2919,2887,-1,2973,2887,2940,-1,2974,2888,2941,-1,2974,2920,2888,-1,2975,2889,2942,-1,2975,2921,2889,-1,2976,2890,2943,-1,2976,2922,2890,-1,2977,2923,2891,-1,2977,2891,2944,-1,2978,2924,2892,-1,2978,2956,2924,-1,2978,2892,2945,-1,2979,2925,2893,-1,2979,2893,2946,-1,2980,2926,2947,-1,2980,2958,2926,-1,2981,2895,2948,-1,2981,2927,2895,-1,2982,2897,2949,-1,2982,2929,2897,-1,2983,2898,2950,-1,2983,2963,2930,-1,2983,2930,2898,-1,2984,2964,2931,-1,2984,2899,2951,-1,2984,2931,2899,-1,2985,2900,2952,-1,2985,2932,2900,-1,2986,2933,2953,-1,2987,2902,2954,-1,2987,2934,2902,-1,2988,2903,2955,-1,2988,2935,2903,-1,2989,2904,2956,-1,2989,2936,2904,-1,2990,2937,2957,-1,2991,2906,2958,-1,2991,2938,2906,-1,2992,2960,2959,-1,2993,2908,2962,-1,2993,2940,2908,-1,2993,2973,2940,-1,2994,2941,2909,-1,2994,2909,2963,-1,2995,2910,2964,-1,2995,2942,2910,-1,2996,2911,2965,-1,2996,2943,2911,-1,2996,2976,2943,-1,2997,2912,2966,-1,2997,2944,2912,-1,2998,2945,2913,-1,2998,2913,2967,-1,2999,2946,2914,-1,2999,2914,2968,-1,3000,2915,2969,-1,3000,2947,2915,-1,3001,2916,2970,-1,3001,2948,2916,-1,3002,2949,2917,-1,3002,2917,2971,-1,3003,2950,2918,-1,3003,2918,2972,-1,3003,2972,133,-1,3004,2919,2973,-1,3004,2951,2919,-1,3005,2952,2920,-1,3005,2920,2974,-1,3005,2985,2952,-1,3006,2953,2921,-1,3006,2921,2975,-1,3007,2954,2922,-1,3007,2922,2976,-1,3008,2955,2923,-1,3008,2923,2977,-1,3009,2956,2978,-1,3009,2989,2956,-1,3010,2925,2979,-1,3010,2957,2925,-1,3011,2958,2980,-1,3012,2927,2981,-1,3012,2959,2927,-1,3013,2962,2929,-1,3013,2993,2962,-1,3013,2929,2982,-1,3014,2963,2983,-1,3014,2994,2963,-1,3015,2995,2964,-1,3015,2964,2984,-1,3016,2965,2932,-1,3016,2932,2985,-1,3017,2966,2933,-1,3017,2933,2986,-1,3018,2934,2987,-1,3018,2998,2967,-1,3018,2967,2934,-1,3019,2968,2935,-1,3019,2935,2988,-1,3020,2969,2936,-1,3020,2936,2989,-1,3021,2937,2990,-1,3021,2970,2937,-1,3021,3001,2970,-1,3022,2938,2991,-1,3022,2971,2938,-1,3023,2960,2992,-1,3023,3024,2960,-1,3025,2973,2993,-1,3026,2941,2994,-1,3026,2974,2941,-1,3026,3005,2974,-1,3027,2942,2995,-1,3027,2975,2942,-1,3028,2976,2996,-1,3028,3007,2976,-1,3029,2944,2997,-1,3029,3008,2977,-1,3029,2977,2944,-1,3030,2978,2945,-1,3030,2945,2998,-1,3031,2946,2999,-1,3031,2979,2946,-1,3032,2947,3000,-1,3032,2980,2947,-1,3033,2948,3001,-1,3033,2981,2948,-1,3034,2949,3002,-1,3034,2982,2949,-1,3035,2950,3003,-1,3035,3014,2983,-1,3035,2983,2950,-1,3035,133,131,-1,3035,3003,133,-1,3036,2984,2951,-1,3036,2951,3004,-1,3037,2985,3005,-1,3038,3017,2986,-1,3038,2953,3006,-1,3038,2986,2953,-1,3039,2954,3007,-1,3039,3018,2987,-1,3039,2987,2954,-1,3040,2988,2955,-1,3040,2955,3008,-1,3041,2989,3009,-1,3041,3020,2989,-1,3042,2990,2957,-1,3042,3021,2990,-1,3042,2957,3010,-1,3043,2991,2958,-1,3043,2958,3011,-1,3044,3023,2992,-1,3044,2959,3012,-1,3044,2992,2959,-1,3045,2993,3013,-1,3046,2994,3014,-1,3047,2995,3015,-1,3048,2965,3016,-1,3048,2996,2965,-1,3049,2966,3017,-1,3049,2997,2966,-1,3050,2998,3018,-1,3051,2968,3019,-1,3051,2999,2968,-1,3052,3000,2969,-1,3052,2969,3020,-1,3053,3001,3021,-1,3054,2971,3022,-1,3054,3002,2971,-1,3055,3024,3023,-1,3055,3056,3024,-1,3057,2973,3025,-1,3057,3036,3004,-1,3057,3004,2973,-1,3058,3005,3026,-1,3059,2975,3027,-1,3059,3038,3006,-1,3059,3006,2975,-1,3060,3007,3028,-1,3061,3008,3029,-1,3062,2978,3030,-1,3062,3009,2978,-1,3063,2979,3031,-1,3063,3010,2979,-1,3063,3042,3010,-1,3064,3011,2980,-1,3064,2980,3032,-1,3065,3012,2981,-1,3065,2981,3033,-1,3066,3013,2982,-1,3066,2982,3034,-1,3067,3014,3035,-1,3067,131,129,-1,3067,3035,131,-1,3068,2984,3036,-1,3068,3015,2984,-1,3069,3016,2985,-1,3069,2985,3037,-1,3070,3017,3038,-1,3071,3018,3039,-1,3072,3019,2988,-1,3072,2988,3040,-1,3073,3020,3041,-1,3074,3021,3042,-1,3075,2991,3043,-1,3075,3022,2991,-1,3075,3054,3022,-1,3076,3023,3044,-1,3077,3057,3025,-1,3077,3025,2993,-1,3077,2993,3045,-1,3078,3026,2994,-1,3078,2994,3046,-1,3079,2995,3047,-1,3079,3027,2995,-1,3080,2996,3048,-1,3080,3028,2996,-1,3081,3029,2997,-1,3081,2997,3049,-1,3082,3030,2998,-1,3082,2998,3050,-1,3083,3031,2999,-1,3083,2999,3051,-1,3084,3000,3052,-1,3084,3032,3000,-1,3085,3033,3001,-1,3085,3001,3053,-1,3086,3034,3002,-1,3086,3002,3054,-1,3087,3056,3055,-1,3087,3088,3089,-1,3087,3089,3056,-1,3090,3036,3057,-1,3091,3037,3005,-1,3091,3005,3058,-1,3092,3038,3059,-1,3093,3007,3060,-1,3093,3039,3007,-1,3094,3008,3061,-1,3094,3040,3008,-1,3095,3041,3009,-1,3095,3009,3062,-1,3096,3042,3063,-1,3097,3011,3064,-1,3097,3043,3011,-1,3098,3012,3065,-1,3098,3044,3012,-1,3099,3045,3013,-1,3099,3013,3066,-1,3100,3014,3067,-1,3100,3046,3014,-1,3100,3067,129,-1,3100,127,125,-1,3100,129,127,-1,3101,3047,3015,-1,3101,3015,3068,-1,3102,3080,3048,-1,3102,3048,3016,-1,3102,3016,3069,-1,3103,3049,3017,-1,3103,3017,3070,-1,3104,3018,3071,-1,3104,3050,3018,-1,3105,3019,3072,-1,3105,3051,3019,-1,3106,3052,3020,-1,3106,3020,3073,-1,3107,3021,3074,-1,3107,3053,3021,-1,3108,3086,3054,-1,3108,3054,3075,-1,3109,3055,3023,-1,3109,3023,3076,-1,3110,3057,3077,-1,3111,3091,3058,-1,3111,3058,3026,-1,3111,3026,3078,-1,3112,3059,3027,-1,3112,3092,3059,-1,3112,3027,3079,-1,3113,3060,3028,-1,3113,3028,3080,-1,3114,3094,3061,-1,3114,3061,3029,-1,3114,3029,3081,-1,3115,3030,3082,-1,3115,3095,3062,-1,3115,3062,3030,-1,3116,3096,3063,-1,3116,3063,3031,-1,3116,3031,3083,-1,3117,3032,3084,-1,3117,3064,3032,-1,3118,3065,3033,-1,3118,3098,3065,-1,3118,3033,3085,-1,3119,3066,3034,-1,3119,3034,3086,-1,3120,3088,3087,-1,3121,3036,3090,-1,3121,3068,3036,-1,3121,3101,3068,-1,3122,3037,3091,-1,3122,3069,3037,-1,3123,3038,3092,-1,3123,3070,3038,-1,3124,3039,3093,-1,3124,3071,3039,-1,3125,3072,3040,-1,3125,3040,3094,-1,3125,3105,3072,-1,3126,3041,3095,-1,3126,3073,3041,-1,3127,3074,3042,-1,3127,3107,3074,-1,3127,3042,3096,-1,3128,3043,3097,-1,3128,3108,3075,-1,3128,3075,3043,-1,3129,3044,3098,-1,3129,3076,3044,-1,3130,3045,3099,-1,3130,3077,3045,-1,3131,3100,125,-1,3131,3046,3100,-1,3131,3078,3046,-1,3132,3047,3101,-1,3132,3079,3047,-1,3133,3080,3102,-1,3134,3081,3049,-1,3134,3049,3103,-1,3135,3082,3050,-1,3135,3050,3104,-1,3136,3116,3083,-1,3136,3083,3051,-1,3136,3051,3105,-1,3137,3117,3084,-1,3137,3052,3106,-1,3137,3084,3052,-1,3138,3085,3053,-1,3138,3053,3107,-1,3139,3086,3108,-1,3140,3055,3109,-1,3140,3087,3055,-1,3141,3090,3057,-1,3141,3057,3110,-1,3142,3091,3111,-1,3143,3092,3112,-1,3144,3060,3113,-1,3144,3124,3093,-1,3144,3093,3060,-1,3145,3094,3114,-1,3146,3095,3115,-1,3147,3096,3116,-1,3148,3064,3117,-1,3148,3097,3064,-1,3149,3098,3118,-1,3150,3099,3066,-1,3150,3066,3119,-1,3151,3152,3153,-1,3151,3153,3088,-1,3151,3088,3120,-1,3154,3101,3121,-1,3155,3069,3122,-1,3155,3102,3069,-1,3156,3103,3070,-1,3156,3070,3123,-1,3157,3104,3071,-1,3157,3071,3124,-1,3157,3135,3104,-1,3158,3105,3125,-1,3159,3106,3073,-1,3159,3073,3126,-1,3160,3107,3127,-1,3161,3139,3108,-1,3161,3108,3128,-1,3162,3109,3076,-1,3162,3076,3129,-1,3163,3077,3130,-1,3163,3110,3077,-1,3164,3078,3131,-1,3164,125,123,-1,3164,3111,3078,-1,3164,3131,125,-1,3165,3079,3132,-1,3165,3112,3079,-1,3166,3113,3080,-1,3166,3080,3133,-1,3167,3081,3134,-1,3167,3114,3081,-1,3168,3082,3135,-1,3168,3115,3082,-1,3169,3116,3136,-1,3170,3117,3137,-1,3171,3118,3085,-1,3171,3085,3138,-1,3172,3119,3086,-1,3172,3086,3139,-1,3173,3087,3140,-1,3173,3120,3087,-1,3174,3154,3121,-1,3174,3090,3141,-1,3174,3121,3090,-1,3175,3091,3142,-1,3175,3122,3091,-1,3176,3123,3092,-1,3176,3092,3143,-1,3176,3156,3123,-1,3177,3124,3144,-1,3178,3125,3094,-1,3178,3094,3145,-1,3179,3095,3146,-1,3179,3126,3095,-1,3180,3127,3096,-1,3180,3096,3147,-1,3181,3128,3097,-1,3181,3097,3148,-1,3182,3129,3098,-1,3182,3098,3149,-1,3183,3130,3099,-1,3183,3099,3150,-1,3184,3152,3151,-1,3185,3101,3154,-1,3185,3132,3101,-1,3186,3102,3155,-1,3186,3133,3102,-1,3187,3134,3103,-1,3187,3103,3156,-1,3188,3135,3157,-1,3189,3136,3105,-1,3189,3105,3158,-1,3190,3106,3159,-1,3190,3137,3106,-1,3191,3107,3160,-1,3191,3138,3107,-1,3192,3139,3161,-1,3193,3140,3109,-1,3193,3109,3162,-1,3194,3110,3163,-1,3194,3141,3110,-1,3195,3175,3142,-1,3195,3164,123,-1,3195,3111,3164,-1,3195,123,121,-1,3195,3142,3111,-1,3196,3112,3165,-1,3196,3143,3112,-1,3197,3144,3113,-1,3197,3113,3166,-1,3198,3114,3167,-1,3198,3145,3114,-1,3199,3146,3115,-1,3199,3115,3168,-1,3200,3180,3147,-1,3200,3147,3116,-1,3200,3116,3169,-1,3201,3148,3117,-1,3201,3117,3170,-1,3201,3181,3148,-1,3202,3118,3171,-1,3202,3149,3118,-1,3203,3183,3150,-1,3203,3150,3119,-1,3203,3119,3172,-1,3204,3120,3173,-1,3204,3151,3120,-1,3205,3154,3174,-1,3206,3155,3122,-1,3206,3122,3175,-1,3206,3186,3155,-1,3207,3156,3176,-1,3208,3157,3124,-1,3208,3124,3177,-1,3209,3125,3178,-1,3209,3158,3125,-1,3210,3126,3179,-1,3210,3159,3126,-1,3210,3190,3159,-1,3211,3127,3180,-1,3211,3160,3127,-1,3212,3161,3128,-1,3212,3128,3181,-1,3213,3162,3129,-1,3213,3129,3182,-1,3214,3163,3130,-1,3214,3130,3183,-1,3215,3152,3184,-1,3215,3216,3217,-1,3215,3217,3152,-1,3218,3165,3132,-1,3218,3196,3165,-1,3218,3132,3185,-1,3219,3133,3186,-1,3219,3166,3133,-1,3220,3167,3134,-1,3220,3134,3187,-1,3221,3168,3135,-1,3221,3199,3168,-1,3221,3135,3188,-1,3222,3169,3136,-1,3222,3136,3189,-1,3223,3137,3190,-1,3223,3170,3137,-1,3224,3171,3138,-1,3224,3138,3191,-1,3224,3202,3171,-1,3225,3172,3139,-1,3225,3139,3192,-1,3226,3173,3140,-1,3226,3140,3193,-1,3227,3141,3194,-1,3227,3174,3141,-1,3228,3195,121,-1,3228,121,118,-1,3228,3175,3195,-1,3229,3176,3143,-1,3229,3143,3196,-1,3230,3177,3144,-1,3230,3208,3177,-1,3230,3144,3197,-1,3231,3145,3198,-1,3231,3178,3145,-1,3232,3179,3146,-1,3232,3146,3199,-1,3233,3180,3200,-1,3234,3181,3201,-1,3235,3149,3202,-1,3235,3182,3149,-1,3236,3183,3203,-1,3237,3151,3204,-1,3237,3184,3151,-1,3238,3154,3205,-1,3238,3185,3154,-1,3239,3186,3206,-1,3240,3187,3156,-1,3240,3156,3207,-1,3240,3220,3187,-1,3241,3157,3208,-1,3241,3188,3157,-1,3242,3189,3158,-1,3242,3158,3209,-1,3242,3222,3189,-1,3243,3223,3190,-1,3243,3190,3210,-1,3244,3191,3160,-1,3244,3160,3211,-1,3245,3161,3212,-1,3245,3192,3161,-1,3246,3193,3162,-1,3246,3162,3213,-1,3247,3163,3214,-1,3247,3194,3163,-1,3248,3216,3215,-1,3249,3196,3218,-1,3250,3166,3219,-1,3250,3197,3166,-1,3250,3230,3197,-1,3251,3167,3220,-1,3251,3198,3167,-1,3252,3232,3199,-1,3252,3199,3221,-1,3253,3169,3222,-1,3253,3200,3169,-1,3254,3201,3170,-1,3254,3170,3223,-1,3255,3202,3224,-1,3256,3236,3203,-1,3256,3172,3225,-1,3256,3203,3172,-1,3257,3204,3173,-1,3257,3173,3226,-1,3258,3174,3227,-1,3258,3205,3174,-1,3259,3228,118,-1,3259,3175,3228,-1,3259,118,117,-1,3259,3206,3175,-1,3260,3207,3176,-1,3260,3176,3229,-1,3261,3208,3230,-1,3262,3209,3178,-1,3262,3178,3231,-1,3263,3210,3179,-1,3263,3179,3232,-1,3264,3180,3233,-1,3264,3211,3180,-1,3265,3181,3234,-1,3265,3212,3181,-1,3266,3213,3182,-1,3266,3182,3235,-1,3267,3183,3236,-1,3267,3214,3183,-1,3267,3247,3214,-1,3268,3184,3237,-1,3268,3215,3184,-1,3269,3185,3238,-1,3269,3218,3185,-1,3270,3219,3186,-1,3270,3186,3239,-1,3271,3220,3240,-1,3272,3188,3241,-1,3272,3221,3188,-1,3273,3253,3222,-1,3273,3222,3242,-1,3274,3223,3243,-1,3275,3191,3244,-1,3275,3224,3191,-1,3276,3225,3192,-1,3276,3192,3245,-1,3277,3193,3246,-1,3277,3226,3193,-1,3278,3194,3247,-1,3278,3227,3194,-1,3279,3280,3281,-1,3279,3281,3216,-1,3279,3216,3248,-1,3282,3260,3229,-1,3282,3229,3196,-1,3282,3196,3249,-1,3283,3230,3250,-1,3284,3262,3231,-1,3284,3231,3198,-1,3284,3198,3251,-1,3285,3232,3252,-1,3286,3233,3200,-1,3286,3200,3253,-1,3287,3234,3201,-1,3287,3201,3254,-1,3288,3235,3202,-1,3288,3202,3255,-1,3289,3236,3256,-1,3290,3237,3204,-1,3290,3204,3257,-1,3290,3268,3237,-1,3291,3205,3258,-1,3291,3238,3205,-1,3292,3259,117,-1,3292,3206,3259,-1,3292,114,112,-1,3292,117,114,-1,3292,3239,3206,-1,3293,3207,3260,-1,3293,3240,3207,-1,3294,3208,3261,-1,3294,3241,3208,-1,3295,3242,3209,-1,3295,3209,3262,-1,3296,3210,3263,-1,3296,3243,3210,-1,3297,3244,3211,-1,3297,3211,3264,-1,3298,3212,3265,-1,3298,3245,3212,-1,3299,3213,3266,-1,3299,3277,3246,-1,3299,3246,3213,-1,3300,3247,3267,-1,3301,3248,3215,-1,3301,3215,3268,-1,3302,3218,3269,-1,3302,3282,3249,-1,3302,3249,3218,-1,3303,3250,3219,-1,3303,3219,3270,-1,3304,3220,3271,-1,3304,3284,3251,-1,3304,3251,3220,-1,3305,3221,3272,-1,3305,3285,3252,-1,3305,3252,3221,-1,3306,3286,3253,-1,3306,3253,3273,-1,3307,3223,3274,-1,3307,3254,3223,-1,3307,3287,3254,-1,3308,3224,3275,-1,3308,3255,3224,-1,3309,3256,3225,-1,3309,3225,3276,-1,3310,3257,3226,-1,3310,3226,3277,-1,3311,3258,3227,-1,3311,3227,3278,-1,3312,3280,3279,-1,3313,3260,3282,-1,3314,3261,3230,-1,3314,3230,3283,-1,3315,3262,3284,-1,3316,3263,3232,-1,3316,3232,3285,-1,3317,3264,3233,-1,3317,3233,3286,-1,3318,3234,3287,-1,3318,3265,3234,-1,3318,3298,3265,-1,3319,3266,3235,-1,3319,3235,3288,-1,3320,3236,3289,-1,3320,3267,3236,-1,3321,3268,3290,-1,3321,3301,3268,-1,3322,3269,3238,-1,3322,3238,3291,-1,3323,3292,112,-1,3323,3239,3292,-1,3323,3303,3270,-1,3323,112,111,-1,3323,3270,3239,-1,3324,3240,3293,-1,3324,3271,3240,-1,3325,3241,3294,-1,3325,3272,3241,-1,3326,3273,3242,-1,3326,3242,3295,-1,3327,3274,3243,-1,3327,3243,3296,-1,3328,3244,3297,-1,3328,3308,3275,-1,3328,3275,3244,-1,3329,3245,3298,-1,3329,3276,3245,-1,3330,3277,3299,-1,3331,3247,3300,-1,3331,3311,3278,-1,3331,3278,3247,-1,3332,3248,3301,-1,3332,3279,3248,-1,3333,3282,3302,-1,3334,3250,3303,-1,3334,3283,3250,-1,3335,3315,3284,-1,3335,3284,3304,-1,3336,3285,3305,-1,3337,3286,3306,-1,3338,3287,3307,-1,3339,3255,3308,-1,3339,3288,3255,-1,3340,3289,3256,-1,3340,3256,3309,-1,3341,3257,3310,-1,3341,3290,3257,-1,3342,3258,3311,-1,3342,3291,3258,-1,3343,3280,3312,-1,3343,3344,3345,-1,3343,3345,3280,-1,3346,3293,3260,-1,3346,3260,3313,-1,3346,3324,3293,-1,3347,3294,3261,-1,3347,3261,3314,-1,3348,3326,3295,-1,3348,3295,3262,-1,3348,3262,3315,-1,3349,3327,3296,-1,3349,3263,3316,-1,3349,3296,3263,-1,3350,3328,3297,-1,3350,3264,3317,-1,3350,3297,3264,-1,3351,3298,3318,-1,3352,3266,3319,-1,3352,3299,3266,-1,3353,3300,3267,-1,3353,3267,3320,-1,3354,3301,3321,-1,3355,3302,3269,-1,3355,3269,3322,-1,3356,3303,3323,-1,3356,3323,111,-1,3357,3304,3271,-1,3357,3271,3324,-1,3358,3272,3325,-1,3358,3305,3272,-1,3359,3273,3326,-1,3359,3306,3273,-1,3360,3338,3307,-1,3360,3274,3327,-1,3360,3307,3274,-1,3361,3308,3328,-1,3362,3309,3276,-1,3362,3340,3309,-1,3362,3276,3329,-1,3363,3277,3330,-1,3363,3310,3277,-1,3363,3341,3310,-1,3364,3311,3331,-1,3365,3279,3332,-1,3365,3312,3279,-1,3366,3346,3313,-1,3366,3313,3282,-1,3366,3282,3333,-1,3367,3314,3283,-1,3367,3347,3314,-1,3367,3283,3334,-1,3368,3315,3335,-1,3369,3316,3285,-1,3369,3285,3336,-1,3370,3317,3286,-1,3370,3286,3337,-1,3371,3287,3338,-1,3371,3318,3287,-1,3372,3319,3288,-1,3372,3288,3339,-1,3373,3320,3289,-1,3373,3289,3340,-1,3374,3290,3341,-1,3374,3321,3290,-1,3375,3322,3291,-1,3375,3291,3342,-1,3376,3344,3343,-1,3376,3377,3344,-1,3378,3324,3346,-1,3379,3294,3347,-1,3379,3325,3294,-1,3380,3326,3348,-1,3381,3327,3349,-1,3382,3328,3350,-1,3383,3329,3298,-1,3383,3298,3351,-1,3384,3299,3352,-1,3384,3330,3299,-1,3385,3300,3353,-1,3385,3331,3300,-1,3386,3365,3332,-1,3386,3332,3301,-1,3386,3301,3354,-1,3387,3333,3302,-1,3387,3302,3355,-1,3388,3303,3356,-1,3388,111,109,-1,3388,3334,3303,-1,3388,3356,111,-1,3389,3335,3304,-1,3389,3304,3357,-1,3390,3336,3305,-1,3390,3305,3358,-1,3391,3337,3306,-1,3391,3306,3359,-1,3392,3338,3360,-1,3393,3339,3308,-1,3393,3308,3361,-1,3394,3373,3340,-1,3394,3340,3362,-1,3395,3341,3363,-1,3396,3342,3311,-1,3396,3311,3364,-1,3397,3312,3365,-1,3397,3343,3312,-1,3398,3378,3346,-1,3398,3346,3366,-1,3399,3347,3367,-1,3400,3348,3315,-1,3400,3380,3348,-1,3400,3315,3368,-1,3401,3316,3369,-1,3401,3349,3316,-1,3402,3317,3370,-1,3402,3350,3317,-1,3403,3318,3371,-1,3403,3383,3351,-1,3403,3351,3318,-1,3404,3319,3372,-1,3404,3384,3352,-1,3404,3352,3319,-1,3405,3320,3373,-1,3405,3353,3320,-1,3406,3354,3321,-1,3406,3321,3374,-1,3407,3322,3375,-1,3407,3355,3322,-1,3408,3377,3376,-1,3409,3324,3378,-1,3409,3389,3357,-1,3409,3357,3324,-1,3410,3358,3325,-1,3410,3325,3379,-1,3411,3326,3380,-1,3411,3359,3326,-1,3411,3391,3359,-1,3412,3360,3327,-1,3412,3327,3381,-1,3413,3328,3382,-1,3413,3361,3328,-1,3414,3362,3329,-1,3414,3329,3383,-1,3414,3394,3362,-1,3415,3330,3384,-1,3415,3363,3330,-1,3416,3364,3331,-1,3416,3331,3385,-1,3417,3365,3386,-1,3418,3333,3387,-1,3418,3366,3333,-1,3419,3367,3334,-1,3419,109,107,-1,3419,3334,3388,-1,3419,3388,109,-1,3420,3368,3335,-1,3420,3335,3389,-1,3421,3336,3390,-1,3421,3369,3336,-1,3421,3401,3369,-1,3422,3370,3337,-1,3422,3337,3391,-1,3423,3371,3338,-1,3423,3338,3392,-1,3424,3339,3393,-1,3424,3404,3372,-1,3424,3372,3339,-1,3425,3373,3394,-1,3426,3374,3341,-1,3426,3341,3395,-1,3426,3406,3374,-1,3427,3375,3342,-1,3427,3407,3375,-1,3427,3342,3396,-1,3428,3343,3397,-1,3428,3376,3343,-1,3429,3378,3398,-1,3430,3379,3347,-1,3430,3410,3379,-1,3430,3347,3399,-1,3431,3380,3400,-1,3431,3411,3380,-1,3432,3349,3401,-1,3432,3381,3349,-1,3433,3382,3350,-1,3433,3413,3382,-1,3433,3350,3402,-1,3434,3383,3403,-1,3434,3414,3383,-1,3435,3415,3384,-1,3435,3384,3404,-1,3436,3353,3405,-1,3436,3385,3353,-1,3437,3354,3406,-1,3437,3386,3354,-1,3438,3355,3407,-1,3438,3387,3355,-1,3439,3377,3408,-1,3439,3440,3441,-1,3439,3441,3377,-1,3442,3389,3409,-1,3443,3358,3410,-1,3443,3390,3358,-1,3444,3391,3411,-1,3445,3360,3412,-1,3445,3392,3360,-1,3446,3361,3413,-1,3446,3393,3361,-1,3447,3394,3414,-1,3448,3363,3415,-1,3448,3395,3363,-1,3449,3396,3364,-1,3449,3364,3416,-1,3450,3397,3365,-1,3450,3365,3417,-1,3451,3366,3418,-1,3451,3398,3366,-1,3452,107,105,-1,3452,3399,3367,-1,3452,3419,107,-1,3452,3367,3419,-1,3453,3368,3420,-1,3453,3400,3368,-1,3454,3432,3401,-1,3454,3401,3421,-1,3455,3402,3370,-1,3455,3370,3422,-1,3456,3371,3423,-1,3456,3403,3371,-1,3457,3404,3424,-1,3458,3405,3373,-1,3458,3373,3425,-1,3459,3406,3426,-1,3460,3407,3427,-1,3461,3408,3376,-1,3461,3376,3428,-1,3462,3378,3429,-1,3462,3409,3378,-1,3463,3410,3430,-1,3463,3443,3410,-1,3464,3411,3431,-1,3465,3381,3432,-1,3465,3412,3381,-1,3466,3413,3433,-1,3467,3414,3434,-1,3468,3448,3415,-1,3468,3415,3435,-1,3469,3385,3436,-1,3469,3416,3385,-1,3470,3386,3437,-1,3470,3417,3386,-1,3471,3387,3438,-1,3471,3418,3387,-1,3472,3440,3439,-1,3472,254,3440,-1,3473,3389,3442,-1,3473,3453,3420,-1,3473,3420,3389,-1,3474,3421,3390,-1,3474,3390,3443,-1,3475,3391,3444,-1,3475,3422,3391,-1,3476,3392,3445,-1,3476,3423,3392,-1,3477,3393,3446,-1,3477,3424,3393,-1,3478,3394,3447,-1,3478,3425,3394,-1,3479,3395,3448,-1,3479,3426,3395,-1,3480,3427,3396,-1,3480,3396,3449,-1,3480,3460,3427,-1,3481,3428,3397,-1,3481,3397,3450,-1,3481,3461,3428,-1,3482,3429,3398,-1,3482,3398,3451,-1,3483,3430,3399,-1,3483,3452,105,-1,3483,105,103,-1,3483,3399,3452,-1,3484,3431,3400,-1,3484,3400,3453,-1,3485,3432,3454,-1,3486,3433,3402,-1,3486,3402,3455,-1,3487,3434,3403,-1,3487,3403,3456,-1,3488,3435,3404,-1,3488,3404,3457,-1,3489,3405,3458,-1,3489,3436,3405,-1,3489,3469,3436,-1,3490,3437,3406,-1,3490,3406,3459,-1,3490,3470,3437,-1,3491,3438,3407,-1,3491,3471,3438,-1,3491,3407,3460,-1,3492,3439,3408,-1,3492,3408,3461,-1,3493,3409,3462,-1,3493,3442,3409,-1,3493,3473,3442,-1,3494,3443,3463,-1,3495,3444,3411,-1,3495,3475,3444,-1,3495,3411,3464,-1,3496,3412,3465,-1,3496,3445,3412,-1,3497,3446,3413,-1,3497,3413,3466,-1,3498,3414,3467,-1,3498,3478,3447,-1,3498,3447,3414,-1,3499,3448,3468,-1,3500,3416,3469,-1,3500,3449,3416,-1,3501,3450,3417,-1,3501,3417,3470,-1,3502,3418,3471,-1,3502,3451,3418,-1,3503,254,3472,-1,3503,252,254,-1,3504,3453,3473,-1,3505,3421,3474,-1,3505,3454,3421,-1,3506,3422,3475,-1,3506,3455,3422,-1,3507,3423,3476,-1,3507,3456,3423,-1,3508,3424,3477,-1,3508,3488,3457,-1,3508,3457,3424,-1,3509,3458,3425,-1,3509,3425,3478,-1,3510,3459,3426,-1,3510,3426,3479,-1,3511,3460,3480,-1,3512,3461,3481,-1,3513,3429,3482,-1,3513,3462,3429,-1,3514,3494,3463,-1,3514,3463,3430,-1,3514,100,99,-1,3514,103,100,-1,3514,3483,103,-1,3514,3430,3483,-1,3515,3431,3484,-1,3515,3464,3431,-1,3516,3432,3485,-1,3516,3496,3465,-1,3516,3465,3432,-1,3517,3466,3433,-1,3517,3433,3486,-1,3518,3498,3467,-1,3518,3467,3434,-1,3518,3434,3487,-1,3519,3435,3488,-1,3519,3468,3435,-1,3520,3469,3489,-1,3521,3470,3490,-1,3522,3471,3491,-1,3523,3439,3492,-1,3523,3472,3439,-1,3524,3504,3473,-1,3524,3473,3493,-1,3525,3443,3494,-1,3525,3474,3443,-1,3526,3475,3495,-1,3526,3506,3475,-1,3527,3476,3445,-1,3527,3445,3496,-1,3528,3446,3497,-1,3528,3477,3446,-1,3529,3478,3498,-1,3530,3479,3448,-1,3530,3448,3499,-1,3530,3510,3479,-1,3531,3449,3500,-1,3531,3480,3449,-1,3532,3481,3450,-1,3532,3450,3501,-1,3533,3451,3502,-1,3533,3482,3451,-1,3534,3484,3453,-1,3534,3453,3504,-1,3534,3515,3484,-1,3535,3454,3505,-1,3535,3485,3454,-1,3536,3486,3455,-1,3536,3455,3506,-1,3537,3456,3507,-1,3537,3487,3456,-1,3538,3488,3508,-1,3539,3489,3458,-1,3539,3458,3509,-1,3540,3490,3459,-1,3540,3459,3510,-1,3541,3460,3511,-1,3541,3522,3491,-1,3541,3491,3460,-1,3542,3523,3492,-1,3542,3461,3512,-1,3542,3492,3461,-1,3543,3462,3513,-1,3543,3493,3462,-1,3544,3514,99,-1,3544,3494,3514,-1,3545,3464,3515,-1,3545,3495,3464,-1,3546,3496,3516,-1,3547,3497,3466,-1,3547,3466,3517,-1,3548,3498,3518,-1,3549,3468,3519,-1,3549,3499,3468,-1,3549,3530,3499,-1,3550,3469,3520,-1,3550,3500,3469,-1,3550,3531,3500,-1,3551,3501,3470,-1,3551,3470,3521,-1,3552,3533,3502,-1,3552,3471,3522,-1,3552,3502,3471,-1,3553,252,3503,-1,3553,3503,3472,-1,3553,268,261,-1,3553,261,252,-1,3553,3472,3523,-1,3554,3504,3524,-1,3555,3505,3474,-1,3555,3474,3525,-1,3556,3506,3526,-1,3557,3507,3476,-1,3557,3476,3527,-1,3558,3508,3477,-1,3558,3477,3528,-1,3559,3478,3529,-1,3559,3539,3509,-1,3559,3509,3478,-1,3560,3510,3530,-1,3561,3511,3480,-1,3561,3480,3531,-1,3562,3481,3532,-1,3562,3512,3481,-1,3563,3513,3482,-1,3563,3482,3533,-1,3564,3545,3515,-1,3564,3515,3534,-1,3565,3485,3535,-1,3565,3516,3485,-1,3566,3517,3486,-1,3566,3486,3536,-1,3567,3518,3487,-1,3567,3487,3537,-1,3567,3548,3518,-1,3568,3488,3538,-1,3568,3549,3519,-1,3568,3519,3488,-1,3569,3520,3489,-1,3569,3489,3539,-1,3570,3490,3540,-1,3570,3521,3490,-1,3571,3522,3541,-1,3572,3523,3542,-1,3572,3553,3523,-1,3573,3493,3543,-1,3573,3524,3493,-1,3574,3544,99,-1,3574,3494,3544,-1,3574,99,97,-1,3574,3525,3494,-1,3575,3526,3495,-1,3575,3495,3545,-1,3576,3496,3546,-1,3576,3527,3496,-1,3577,3497,3547,-1,3577,3528,3497,-1,3578,3498,3548,-1,3578,3529,3498,-1,3579,3530,3549,-1,3580,3531,3550,-1,3581,3562,3532,-1,3581,3501,3551,-1,3581,3532,3501,-1,3582,3533,3552,-1,3583,3504,3554,-1,3583,3534,3504,-1,3584,3535,3505,-1,3584,3505,3555,-1,3585,3506,3556,-1,3585,3536,3506,-1,3586,3537,3507,-1,3586,3507,3557,-1,3587,3538,3508,-1,3587,3508,3558,-1,3588,3569,3539,-1,3588,3539,3559,-1,3589,3540,3510,-1,3589,3510,3560,-1,3590,3511,3561,-1,3590,3541,3511,-1,3591,3542,3512,-1,3591,3512,3562,-1,3592,3543,3513,-1,3592,3513,3563,-1,3593,3545,3564,-1,3594,3516,3565,-1,3594,3546,3516,-1,3595,3517,3566,-1,3595,3547,3517,-1,3596,3548,3567,-1,3597,3549,3568,-1,3598,3550,3520,-1,3598,3580,3550,-1,3598,3520,3569,-1,3599,3521,3570,-1,3599,3551,3521,-1,3600,3522,3571,-1,3600,3582,3552,-1,3600,3552,3522,-1,3601,3553,3572,-1,3601,268,3553,-1,3602,3524,3573,-1,3602,3554,3524,-1,3603,3584,3555,-1,3603,3555,3525,-1,3603,3525,3574,-1,3603,3574,97,-1,3603,97,95,-1,3604,3556,3526,-1,3604,3526,3575,-1,3605,3527,3576,-1,3605,3557,3527,-1,3606,3528,3577,-1,3606,3558,3528,-1,3607,3529,3578,-1,3607,3559,3529,-1,3608,3530,3579,-1,3608,3560,3530,-1,3609,3531,3580,-1,3609,3561,3531,-1,3609,3590,3561,-1,3610,3562,3581,-1,3611,3533,3582,-1,3611,3592,3563,-1,3611,3563,3533,-1,3612,3564,3534,-1,3612,3534,3583,-1,3613,3594,3565,-1,3613,3535,3584,-1,3613,3565,3535,-1,3614,3566,3536,-1,3614,3595,3566,-1,3614,3536,3585,-1,3615,3567,3537,-1,3615,3537,3586,-1,3616,3568,3538,-1,3616,3538,3587,-1,3617,3569,3588,-1,3617,3598,3569,-1,3618,3570,3540,-1,3618,3540,3589,-1,3619,3571,3541,-1,3619,3541,3590,-1,3620,3572,3542,-1,3620,3542,3591,-1,3621,3573,3543,-1,3621,3543,3592,-1,3622,3604,3575,-1,3622,3575,3545,-1,3622,3545,3593,-1,3623,3576,3546,-1,3623,3546,3594,-1,3624,3547,3595,-1,3624,3577,3547,-1,3625,3578,3548,-1,3625,3548,3596,-1,3626,3549,3597,-1,3626,3579,3549,-1,3626,3608,3579,-1,3627,3580,3598,-1,3628,3581,3551,-1,3628,3551,3599,-1,3629,3582,3600,-1,3630,3583,3554,-1,3630,3612,3583,-1,3630,3554,3602,-1,3631,3603,95,-1,3631,93,91,-1,3631,95,93,-1,3631,3584,3603,-1,3632,3585,3556,-1,3632,3556,3604,-1,3633,3557,3605,-1,3633,3586,3557,-1,3633,3615,3586,-1,3634,3587,3558,-1,3634,3616,3587,-1,3634,3558,3606,-1,3635,3588,3559,-1,3635,3559,3607,-1,3636,3560,3608,-1,3636,3618,3589,-1,3636,3589,3560,-1,3637,3590,3609,-1,3638,3562,3610,-1,3638,3620,3591,-1,3638,3591,3562,-1,3639,3592,3611,-1,3640,3564,3612,-1,3640,3593,3564,-1,3641,3594,3613,-1,3642,3624,3595,-1,3642,3595,3614,-1,3643,3596,3567,-1,3643,3567,3615,-1,3643,3625,3596,-1,3644,3568,3616,-1,3644,3597,3568,-1,3645,3598,3617,-1,3646,3599,3570,-1,3646,3570,3618,-1,3647,3600,3571,-1,3647,3571,3619,-1,3648,268,3601,-1,3648,3572,3620,-1,3648,3601,3572,-1,3648,285,275,-1,3648,275,268,-1,3649,3573,3621,-1,3649,3602,3573,-1,3650,3604,3622,-1,3651,3605,3576,-1,3651,3576,3623,-1,3652,3606,3577,-1,3652,3577,3624,-1,3653,3607,3578,-1,3653,3578,3625,-1,3654,3608,3626,-1,3655,3609,3580,-1,3655,3580,3627,-1,3656,3610,3581,-1,3656,3581,3628,-1,3657,3639,3611,-1,3657,3611,3582,-1,3657,3582,3629,-1,3658,3640,3612,-1,3658,3612,3630,-1,3659,3613,3584,-1,3659,3641,3613,-1,3659,3584,3631,-1,3659,3631,91,-1,3660,3614,3585,-1,3660,3585,3632,-1,3661,3615,3633,-1,3662,3616,3634,-1,3663,3617,3588,-1,3663,3588,3635,-1,3664,3618,3636,-1,3665,3619,3590,-1,3665,3590,3637,-1,3666,3620,3638,-1,3666,3648,3620,-1,3667,3592,3639,-1,3667,3621,3592,-1,3668,3593,3640,-1,3668,3622,3593,-1,3669,3623,3594,-1,3669,3594,3641,-1,3670,3624,3642,-1,3671,3625,3643,-1,3672,3597,3644,-1,3672,3626,3597,-1,3673,3598,3645,-1,3673,3655,3627,-1,3673,3627,3598,-1,3674,3628,3599,-1,3674,3599,3646,-1,3675,3600,3647,-1,3675,3629,3600,-1,3676,3602,3649,-1,3676,3630,3602,-1,3677,3604,3650,-1,3677,3660,3632,-1,3677,3632,3604,-1,3678,3633,3605,-1,3678,3605,3651,-1,3679,3634,3606,-1,3679,3606,3652,-1,3680,3607,3653,-1,3680,3635,3607,-1,3681,3636,3608,-1,3681,3664,3636,-1,3681,3608,3654,-1,3682,3637,3609,-1,3682,3609,3655,-1,3683,3638,3610,-1,3683,3610,3656,-1,3684,3639,3657,-1,3685,3640,3658,-1,3686,89,87,-1,3686,91,89,-1,3686,3659,91,-1,3686,3641,3659,-1,3687,3614,3660,-1,3687,3642,3614,-1,3688,3671,3643,-1,3688,3643,3615,-1,3688,3615,3661,-1,3689,3644,3616,-1,3689,3616,3662,-1,3690,3617,3663,-1,3690,3645,3617,-1,3691,3618,3664,-1,3691,3646,3618,-1,3692,3647,3619,-1,3692,3675,3647,-1,3692,3619,3665,-1,3693,285,3648,-1,3693,3648,3666,-1,3694,3676,3649,-1,3694,3621,3667,-1,3694,3649,3621,-1,3695,3622,3668,-1,3695,3650,3622,-1,3696,3623,3669,-1,3696,3651,3623,-1,3697,3624,3670,-1,3697,3652,3624,-1,3698,3625,3671,-1,3698,3653,3625,-1,3699,3626,3672,-1,3699,3654,3626,-1,3700,3655,3673,-1,3700,3682,3655,-1,3701,3656,3628,-1,3701,3628,3674,-1,3702,3629,3675,-1,3702,3657,3629,-1,3703,3630,3676,-1,3703,3658,3630,-1,3704,3660,3677,-1,3705,3661,3633,-1,3705,3633,3678,-1,3706,3634,3679,-1,3706,3662,3634,-1,3707,3635,3680,-1,3707,3663,3635,-1,3708,3664,3681,-1,3709,3637,3682,-1,3709,3665,3637,-1,3710,3638,3683,-1,3710,3666,3638,-1,3711,3667,3639,-1,3711,3639,3684,-1,3712,3640,3685,-1,3712,3668,3640,-1,3713,3669,3641,-1,3713,87,84,-1,3713,3641,3686,-1,3713,3686,87,-1,3713,3696,3669,-1,3714,3642,3687,-1,3714,3670,3642,-1,3715,3671,3688,-1,3716,3644,3689,-1,3716,3699,3672,-1,3716,3672,3644,-1,3717,3673,3645,-1,3717,3645,3690,-1,3718,3701,3674,-1,3718,3674,3646,-1,3718,3646,3691,-1,3719,3675,3692,-1,3720,3676,3694,-1,3720,3703,3676,-1,3721,3677,3650,-1,3721,3650,3695,-1,3721,3704,3677,-1,3722,3678,3651,-1,3722,3651,3696,-1,3723,3679,3652,-1,3723,3706,3679,-1,3723,3652,3697,-1,3724,3680,3653,-1,3724,3653,3698,-1,3725,3681,3654,-1,3725,3654,3699,-1,3726,3709,3682,-1,3726,3682,3700,-1,3727,3656,3701,-1,3727,3683,3656,-1,3728,3684,3657,-1,3728,3657,3702,-1,3729,3658,3703,-1,3729,3685,3658,-1,3730,3660,3704,-1,3730,3687,3660,-1,3730,3714,3687,-1,3731,3661,3705,-1,3731,3688,3661,-1,3732,3689,3662,-1,3732,3662,3706,-1,3733,3663,3707,-1,3733,3690,3663,-1,3733,3717,3690,-1,3734,3664,3708,-1,3734,3691,3664,-1,3735,3665,3709,-1,3735,3692,3665,-1,3736,3666,3710,-1,3736,297,285,-1,3736,3693,3666,-1,3736,285,3693,-1,3737,3720,3694,-1,3737,3694,3667,-1,3737,3667,3711,-1,3738,3668,3712,-1,3738,3695,3668,-1,3739,3713,84,-1,3739,3696,3713,-1,3740,3670,3714,-1,3740,3697,3670,-1,3741,3671,3715,-1,3741,3698,3671,-1,3742,3699,3716,-1,3743,3673,3717,-1,3743,3700,3673,-1,3744,3701,3718,-1,3745,3702,3675,-1,3745,3675,3719,-1,3746,3729,3703,-1,3746,3703,3720,-1,3747,3704,3721,-1,3747,3730,3704,-1,3748,3678,3722,-1,3748,3731,3705,-1,3748,3705,3678,-1,3749,3732,3706,-1,3749,3706,3723,-1,3750,3707,3680,-1,3750,3680,3724,-1,3751,3708,3681,-1,3751,3681,3725,-1,3752,3709,3726,-1,3753,3710,3683,-1,3753,3683,3727,-1,3754,3711,3684,-1,3754,3684,3728,-1,3755,3712,3685,-1,3755,3685,3729,-1,3756,3740,3714,-1,3756,3714,3730,-1,3757,3688,3731,-1,3757,3715,3688,-1,3758,3742,3716,-1,3758,3689,3732,-1,3758,3716,3689,-1,3759,3717,3733,-1,3760,3691,3734,-1,3760,3744,3718,-1,3760,3718,3691,-1,3761,3692,3735,-1,3761,3719,3692,-1,3762,3746,3720,-1,3762,3720,3737,-1,3763,3721,3695,-1,3763,3695,3738,-1,3764,3696,3739,-1,3764,3722,3696,-1,3764,84,83,-1,3764,3739,84,-1,3765,3697,3740,-1,3765,3723,3697,-1,3766,3698,3741,-1,3766,3750,3724,-1,3766,3724,3698,-1,3767,3751,3725,-1,3767,3699,3742,-1,3767,3725,3699,-1,3768,3700,3743,-1,3768,3726,3700,-1,3769,3701,3744,-1,3769,3727,3701,-1,3770,3702,3745,-1,3770,3754,3728,-1,3770,3728,3702,-1,3771,3729,3746,-1,3772,3730,3747,-1,3773,3731,3748,-1,3774,3732,3749,-1,3774,3758,3732,-1,3775,3707,3750,-1,3775,3733,3707,-1,3776,3734,3708,-1,3776,3708,3751,-1,3777,3735,3709,-1,3777,3709,3752,-1,3777,3761,3735,-1,3778,3736,3710,-1,3778,309,297,-1,3778,297,3736,-1,3778,3710,3753,-1,3779,3737,3711,-1,3779,3711,3754,-1,3780,3738,3712,-1,3780,3712,3755,-1,3781,3740,3756,-1,3782,3741,3715,-1,3782,3715,3757,-1,3783,3742,3758,-1,3784,3768,3743,-1,3784,3743,3717,-1,3784,3717,3759,-1,3785,3744,3760,-1,3786,3745,3719,-1,3786,3719,3761,-1,3787,3771,3746,-1,3787,3746,3762,-1,3788,3747,3721,-1,3788,3721,3763,-1,3789,3722,3764,-1,3789,3773,3748,-1,3789,80,79,-1,3789,83,80,-1,3789,3748,3722,-1,3789,3764,83,-1,3790,3749,3723,-1,3790,3723,3765,-1,3791,3750,3766,-1,3792,3751,3767,-1,3793,3726,3768,-1,3793,3752,3726,-1,3794,3727,3769,-1,3794,3778,3753,-1,3794,3753,3727,-1,3795,3754,3770,-1,3796,3780,3755,-1,3796,3729,3771,-1,3796,3755,3729,-1,3797,3730,3772,-1,3797,3756,3730,-1,3798,3731,3773,-1,3798,3757,3731,-1,3799,3758,3774,-1,3800,3733,3775,-1,3800,3759,3733,-1,3801,3760,3734,-1,3801,3734,3776,-1,3802,3761,3777,-1,3803,3762,3737,-1,3803,3737,3779,-1,3804,3738,3780,-1,3804,3763,3738,-1,3805,3740,3781,-1,3805,3765,3740,-1,3806,3766,3741,-1,3806,3741,3782,-1,3807,3767,3742,-1,3807,3742,3783,-1,3808,3768,3784,-1,3809,3744,3785,-1,3809,3769,3744,-1,3810,3745,3786,-1,3810,3770,3745,-1,3811,3771,3787,-1,3812,3772,3747,-1,3812,3747,3788,-1,3813,3789,79,-1,3813,3798,3773,-1,3813,3773,3789,-1,3814,3749,3790,-1,3814,3774,3749,-1,3815,3775,3750,-1,3815,3750,3791,-1,3816,3801,3776,-1,3816,3776,3751,-1,3816,3751,3792,-1,3817,3777,3752,-1,3817,3752,3793,-1,3818,3778,3794,-1,3818,309,3778,-1,3818,341,324,-1,3818,324,309,-1,3819,3754,3795,-1,3819,3779,3754,-1,3820,3780,3796,-1,3821,3805,3781,-1,3821,3756,3797,-1,3821,3781,3756,-1,3822,3806,3782,-1,3822,3782,3757,-1,3822,3757,3798,-1,3823,3758,3799,-1,3823,3783,3758,-1,3824,3784,3759,-1,3824,3759,3800,-1,3825,3785,3760,-1,3825,3760,3801,-1,3826,3761,3802,-1,3826,3810,3786,-1,3826,3786,3761,-1,3827,3762,3803,-1,3827,3787,3762,-1,3828,3763,3804,-1,3828,3788,3763,-1,3829,3765,3805,-1,3829,3790,3765,-1,3830,3766,3806,-1,3830,3791,3766,-1,3831,3792,3767,-1,3831,3767,3807,-1,3832,3768,3808,-1,3832,3793,3768,-1,3833,3794,3769,-1,3833,3769,3809,-1,3833,3818,3794,-1,3834,3770,3810,-1,3834,3795,3770,-1,3834,3819,3795,-1,3835,3796,3771,-1,3835,3771,3811,-1,3835,3820,3796,-1,3836,3797,3772,-1,3836,3772,3812,-1,3837,3798,3813,-1,3837,76,74,-1,3837,79,76,-1,3837,3813,79,-1,3838,3774,3814,-1,3838,3799,3774,-1,3839,3800,3775,-1,3839,3824,3800,-1,3839,3775,3815,-1,3840,3801,3816,-1,3840,3825,3801,-1,3841,3802,3777,-1,3841,3777,3817,-1,3842,3803,3779,-1,3842,3779,3819,-1,3843,3780,3820,-1,3843,3804,3780,-1,3843,3828,3804,-1,3844,3805,3821,-1,3845,3806,3822,-1,3846,3807,3783,-1,3846,3783,3823,-1,3846,3831,3807,-1,3847,3808,3784,-1,3847,3784,3824,-1,3848,3809,3785,-1,3848,3785,3825,-1,3849,3810,3826,-1,3849,3834,3810,-1,3850,3787,3827,-1,3850,3811,3787,-1,3851,3836,3812,-1,3851,3812,3788,-1,3851,3788,3828,-1,3852,3814,3790,-1,3852,3790,3829,-1,3853,3791,3830,-1,3853,3815,3791,-1,3854,3840,3816,-1,3854,3816,3792,-1,3854,3792,3831,-1,3855,3817,3793,-1,3855,3793,3832,-1,3856,341,3818,-1,3856,3818,3833,-1,3857,3819,3834,-1,3858,3820,3835,-1,3859,3797,3836,-1,3859,3821,3797,-1,3860,3798,3837,-1,3860,3837,74,-1,3860,3822,3798,-1,3861,3799,3838,-1,3861,3823,3799,-1,3862,3824,3839,-1,3863,3825,3840,-1,3864,3802,3841,-1,3864,3826,3802,-1,3865,3803,3842,-1,3865,3827,3803,-1,3866,3828,3843,-1,3867,3805,3844,-1,3867,3829,3805,-1,3868,3806,3845,-1,3868,3830,3806,-1,3869,3831,3846,-1,3870,3832,3808,-1,3870,3808,3847,-1,3871,3809,3848,-1,3871,3833,3809,-1,3872,3834,3849,-1,3873,3835,3811,-1,3873,3811,3850,-1,3874,3836,3851,-1,3875,3814,3852,-1,3875,3838,3814,-1,3876,3839,3815,-1,3876,3815,3853,-1,3877,3863,3840,-1,3877,3840,3854,-1,3878,3841,3817,-1,3878,3817,3855,-1,3879,3842,3819,-1,3879,3819,3857,-1,3879,3865,3842,-1,3880,3843,3820,-1,3880,3820,3858,-1,3881,3844,3821,-1,3881,3821,3859,-1,3882,3860,74,-1,3882,3868,3845,-1,3882,74,73,-1,3882,3822,3860,-1,3882,3845,3822,-1,3883,3846,3823,-1,3883,3823,3861,-1,3884,3847,3824,-1,3884,3870,3847,-1,3884,3824,3862,-1,3885,3825,3863,-1,3885,3848,3825,-1,3885,3871,3848,-1,3886,3849,3826,-1,3886,3826,3864,-1,3887,3827,3865,-1,3887,3850,3827,-1,3888,3851,3828,-1,3888,3828,3866,-1,3889,3852,3829,-1,3889,3829,3867,-1,3890,3876,3853,-1,3890,3853,3830,-1,3890,3830,3868,-1,3891,3831,3869,-1,3891,3854,3831,-1,3892,3878,3855,-1,3892,3832,3870,-1,3892,3855,3832,-1,3893,3833,3871,-1,3893,358,341,-1,3893,341,3856,-1,3893,3856,3833,-1,3894,3834,3872,-1,3894,3879,3857,-1,3894,3857,3834,-1,3895,3858,3835,-1,3895,3835,3873,-1,3896,3859,3836,-1,3896,3836,3874,-1,3897,3838,3875,-1,3897,3861,3838,-1,3898,3839,3876,-1,3898,3862,3839,-1,3899,3863,3877,-1,3900,3841,3878,-1,3900,3864,3841,-1,3901,3865,3879,-1,3901,3887,3865,-1,3902,3843,3880,-1,3902,3866,3843,-1,3903,3844,3881,-1,3903,3867,3844,-1,3904,73,71,-1,3904,3882,73,-1,3904,3868,3882,-1,3905,3869,3846,-1,3905,3846,3883,-1,3906,3870,3884,-1,3907,3893,3871,-1,3907,3871,3885,-1,3908,3872,3849,-1,3908,3849,3886,-1,3909,3873,3850,-1,3909,3850,3887,-1,3910,3851,3888,-1,3910,3874,3851,-1,3911,3897,3875,-1,3911,3852,3889,-1,3911,3875,3852,-1,3912,3876,3890,-1,3913,3854,3891,-1,3913,3877,3854,-1,3914,3878,3892,-1,3915,3879,3894,-1,3916,3880,3858,-1,3916,3858,3895,-1,3917,3859,3896,-1,3917,3881,3859,-1,3918,3883,3861,-1,3918,3861,3897,-1,3919,3884,3862,-1,3919,3862,3898,-1,3920,3885,3863,-1,3920,3863,3899,-1,3921,3886,3864,-1,3921,3864,3900,-1,3922,3887,3901,-1,3923,3866,3902,-1,3923,3888,3866,-1,3923,3910,3888,-1,3924,3889,3867,-1,3924,3867,3903,-1,3925,3868,3904,-1,3925,71,68,-1,3925,3904,71,-1,3925,3890,3868,-1,3926,3869,3905,-1,3926,3891,3869,-1,3927,3892,3870,-1,3927,3914,3892,-1,3927,3870,3906,-1,3928,400,378,-1,3928,378,358,-1,3928,3893,3907,-1,3928,358,3893,-1,3929,3872,3908,-1,3929,3894,3872,-1,3930,3916,3895,-1,3930,3873,3909,-1,3930,3895,3873,-1,3931,3874,3910,-1,3931,3896,3874,-1,3932,3897,3911,-1,3933,3876,3912,-1,3933,3898,3876,-1,3934,3899,3877,-1,3934,3877,3913,-1,3935,3878,3914,-1,3935,3900,3878,-1,3936,3879,3915,-1,3936,3922,3901,-1,3936,3901,3879,-1,3937,3902,3880,-1,3937,3923,3902,-1,3937,3880,3916,-1,3938,3903,3881,-1,3938,3881,3917,-1,3939,3905,3883,-1,3939,3883,3918,-1,3940,3884,3919,-1,3940,3906,3884,-1,3941,3885,3920,-1,3941,3907,3885,-1,3942,3908,3886,-1,3942,3886,3921,-1,3943,3909,3887,-1,3943,3887,3922,-1,3944,3910,3923,-1,3944,3931,3910,-1,3945,3911,3889,-1,3945,3889,3924,-1,3946,67,64,-1,3946,68,67,-1,3946,3925,68,-1,3946,3890,3925,-1,3946,3933,3912,-1,3946,3912,3890,-1,3947,3913,3891,-1,3947,3891,3926,-1,3948,3914,3927,-1,3949,3936,3915,-1,3949,3894,3929,-1,3949,3915,3894,-1,3950,3916,3930,-1,3951,3938,3917,-1,3951,3917,3896,-1,3951,3896,3931,-1,3952,3918,3897,-1,3952,3897,3932,-1,3953,3919,3898,-1,3953,3898,3933,-1,3954,3941,3920,-1,3954,3920,3899,-1,3954,3899,3934,-1,3955,3942,3921,-1,3955,3921,3900,-1,3955,3900,3935,-1,3956,3922,3936,-1,3957,3923,3937,-1,3958,3924,3903,-1,3958,3903,3938,-1,3959,3926,3905,-1,3959,3905,3939,-1,3960,3906,3940,-1,3960,3927,3906,-1,3961,3928,3907,-1,3961,400,3928,-1,3961,422,400,-1,3961,3907,3941,-1,3962,3929,3908,-1,3962,3908,3942,-1,3963,3909,3943,-1,3963,3930,3909,-1,3964,3931,3944,-1,3965,3911,3945,-1,3965,3932,3911,-1,3966,3933,3946,-1,3966,3946,64,-1,3966,3953,3933,-1,3967,3913,3947,-1,3967,3934,3913,-1,3968,3935,3914,-1,3968,3914,3948,-1,3968,3955,3935,-1,3969,3936,3949,-1,3970,3937,3916,-1,3970,3916,3950,-1,3971,3938,3951,-1,3972,3939,3918,-1,3972,3918,3952,-1,3973,3919,3953,-1,3973,3940,3919,-1,3974,3941,3954,-1,3974,3961,3941,-1,3975,3942,3955,-1,3976,3943,3922,-1,3976,3922,3956,-1,3976,3963,3943,-1,3977,3923,3957,-1,3977,3944,3923,-1,3978,3945,3924,-1,3978,3924,3958,-1,3979,3926,3959,-1,3979,3947,3926,-1,3980,3927,3960,-1,3980,3948,3927,-1,3981,3949,3929,-1,3981,3929,3962,-1,3982,3950,3930,-1,3982,3930,3963,-1,3982,3970,3950,-1,3983,3951,3931,-1,3983,3931,3964,-1,3984,3972,3952,-1,3984,3952,3932,-1,3984,3932,3965,-1,3985,64,63,-1,3985,3966,64,-1,3985,3953,3966,-1,3986,3954,3934,-1,3986,3934,3967,-1,3987,3955,3968,-1,3987,3975,3955,-1,3988,3936,3969,-1,3988,3956,3936,-1,3989,3937,3970,-1,3989,3957,3937,-1,3990,3958,3938,-1,3990,3938,3971,-1,3991,3959,3939,-1,3991,3939,3972,-1,3992,3940,3973,-1,3992,3960,3940,-1,3993,3961,3974,-1,3993,422,3961,-1,3994,3942,3975,-1,3994,3962,3942,-1,3995,3963,3976,-1,3996,3944,3977,-1,3996,3983,3964,-1,3996,3964,3944,-1,3997,3965,3945,-1,3997,3945,3978,-1,3998,3967,3947,-1,3998,3947,3979,-1,3999,3968,3948,-1,3999,3948,3980,-1,4000,3969,3949,-1,4000,3949,3981,-1,4001,3970,3982,-1,4002,3951,3983,-1,4002,3971,3951,-1,4003,3972,3984,-1,4004,61,58,-1,4004,63,61,-1,4004,3953,3985,-1,4004,3973,3953,-1,4004,3985,63,-1,4005,3954,3986,-1,4005,3974,3954,-1,4006,3975,3987,-1,4007,3976,3956,-1,4007,3956,3988,-1,4008,3977,3957,-1,4008,3996,3977,-1,4008,3957,3989,-1,4009,3997,3978,-1,4009,3958,3990,-1,4009,3978,3958,-1,4010,3959,3991,-1,4010,3979,3959,-1,4011,3980,3960,-1,4011,3960,3992,-1,4012,3981,3962,-1,4012,3962,3994,-1,4013,3982,3963,-1,4013,3963,3995,-1,4014,3983,3996,-1,4015,3965,3997,-1,4015,3984,3965,-1,4016,3986,3967,-1,4016,3967,3998,-1,4017,3987,3968,-1,4017,3968,3999,-1,4018,3988,3969,-1,4018,3969,4000,-1,4019,3989,3970,-1,4019,3970,4001,-1,4020,3971,4002,-1,4020,3990,3971,-1,4021,3991,3972,-1,4021,3972,4003,-1,4022,3973,4004,-1,4022,4011,3992,-1,4022,3992,3973,-1,4022,4004,58,-1,4023,3993,3974,-1,4023,447,422,-1,4023,3974,4005,-1,4023,422,3993,-1,4024,3975,4006,-1,4024,4012,3994,-1,4024,3994,3975,-1,4025,3995,3976,-1,4025,3976,4007,-1,4026,3996,4008,-1,4026,4014,3996,-1,4027,3997,4009,-1,4028,3979,4010,-1,4028,3998,3979,-1,4029,3980,4011,-1,4029,3999,3980,-1,4030,3981,4012,-1,4030,4000,3981,-1,4031,3982,4013,-1,4031,4001,3982,-1,4032,3983,4014,-1,4032,4002,3983,-1,4033,3984,4015,-1,4033,4003,3984,-1,4034,4005,3986,-1,4034,3986,4016,-1,4035,4006,3987,-1,4035,3987,4017,-1,4036,4007,3988,-1,4036,3988,4018,-1,4037,4008,3989,-1,4037,4026,4008,-1,4037,3989,4019,-1,4038,4009,3990,-1,4038,4027,4009,-1,4038,3990,4020,-1,4039,4028,4010,-1,4039,3991,4021,-1,4039,4010,3991,-1,4040,57,55,-1,4040,58,57,-1,4040,4022,58,-1,4040,4011,4022,-1,4041,4012,4024,-1,4042,3995,4025,-1,4042,4013,3995,-1,4043,4014,4026,-1,4044,4033,4015,-1,4044,4015,3997,-1,4044,3997,4027,-1,4045,4034,4016,-1,4045,4016,3998,-1,4045,3998,4028,-1,4046,4017,3999,-1,4046,3999,4029,-1,4047,4018,4000,-1,4047,4000,4030,-1,4048,4037,4019,-1,4048,4019,4001,-1,4048,4001,4031,-1,4049,4038,4020,-1,4049,4002,4032,-1,4049,4020,4002,-1,4050,4021,4003,-1,4050,4003,4033,-1,4051,4023,4005,-1,4051,501,474,-1,4051,474,447,-1,4051,447,4023,-1,4051,4005,4034,-1,4052,4006,4035,-1,4052,4024,4006,-1,4053,4025,4007,-1,4053,4007,4036,-1,4054,4026,4037,-1,4054,4043,4026,-1,4055,4027,4038,-1,4056,4028,4039,-1,4057,4011,4040,-1,4057,55,52,-1,4057,4040,55,-1,4057,4029,4011,-1,4058,4012,4041,-1,4058,4030,4012,-1,4058,4047,4030,-1,4059,4013,4042,-1,4059,4031,4013,-1,4060,4014,4043,-1,4060,4032,4014,-1,4061,4033,4044,-1,4062,4034,4045,-1,4063,4017,4046,-1,4063,4035,4017,-1,4064,4018,4047,-1,4064,4036,4018,-1,4065,4037,4048,-1,4066,4038,4049,-1,4067,4021,4050,-1,4067,4039,4021,-1,4068,4041,4024,-1,4068,4024,4052,-1,4069,4025,4053,-1,4069,4042,4025,-1,4070,4043,4054,-1,4071,4044,4027,-1,4071,4027,4055,-1,4072,4045,4028,-1,4072,4028,4056,-1,4073,4057,52,-1,4073,4046,4029,-1,4073,4029,4057,-1,4073,4063,4046,-1,4074,4047,4058,-1,4075,4048,4031,-1,4075,4031,4059,-1,4076,4049,4032,-1,4076,4066,4049,-1,4076,4032,4060,-1,4077,4050,4033,-1,4077,4033,4061,-1,4078,531,501,-1,4078,4051,4034,-1,4078,501,4051,-1,4078,4034,4062,-1,4079,4035,4063,-1,4079,4052,4035,-1,4080,4053,4036,-1,4080,4036,4064,-1,4081,4054,4037,-1,4081,4037,4065,-1,4082,4055,4038,-1,4082,4038,4066,-1,4083,4056,4039,-1,4083,4039,4067,-1,4084,4058,4041,-1,4084,4041,4068,-1,4084,4074,4058,-1,4085,4059,4042,-1,4085,4042,4069,-1,4086,4076,4060,-1,4086,4060,4043,-1,4086,4043,4070,-1,4087,4044,4071,-1,4087,4061,4044,-1,4088,4045,4072,-1,4088,4062,4045,-1,4089,4063,4073,-1,4089,51,49,-1,4089,52,51,-1,4089,4073,52,-1,4090,4047,4074,-1,4090,4064,4047,-1,4090,4080,4064,-1,4091,4048,4075,-1,4091,4081,4065,-1,4091,4065,4048,-1,4092,4066,4076,-1,4093,4083,4067,-1,4093,4050,4077,-1,4093,4067,4050,-1,4094,4052,4079,-1,4094,4084,4068,-1,4094,4068,4052,-1,4095,4053,4080,-1,4095,4069,4053,-1,4096,4070,4054,-1,4096,4054,4081,-1,4097,4071,4055,-1,4097,4087,4071,-1,4097,4055,4082,-1,4098,4072,4056,-1,4098,4056,4083,-1,4099,4074,4084,-1,4100,4059,4085,-1,4100,4075,4059,-1,4101,4076,4086,-1,4102,4061,4087,-1,4102,4077,4061,-1,4103,4062,4088,-1,4103,531,4078,-1,4103,4078,4062,-1,4104,4089,49,-1,4104,4063,4089,-1,4104,4079,4063,-1,4105,4080,4090,-1,4106,4081,4091,-1,4107,4082,4066,-1,4107,4066,4092,-1,4108,4083,4093,-1,4109,4084,4094,-1,4110,4100,4085,-1,4110,4069,4095,-1,4110,4085,4069,-1,4111,4086,4070,-1,4111,4070,4096,-1,4112,4087,4097,-1,4113,4072,4098,-1,4113,4088,4072,-1,4114,4090,4074,-1,4114,4074,4099,-1,4115,4075,4100,-1,4115,4091,4075,-1,4116,4107,4092,-1,4116,4092,4076,-1,4116,4076,4101,-1,4117,4108,4093,-1,4117,4093,4077,-1,4117,4077,4102,-1,4118,4079,4104,-1,4118,49,46,-1,4118,4104,49,-1,4118,4094,4079,-1,4119,4080,4105,-1,4119,4095,4080,-1,4120,4096,4081,-1,4120,4081,4106,-1,4121,4082,4107,-1,4121,4112,4097,-1,4121,4097,4082,-1,4122,4098,4083,-1,4122,4083,4108,-1,4122,4113,4098,-1,4123,4084,4109,-1,4123,4114,4099,-1,4123,4099,4084,-1,4124,4100,4110,-1,4125,4116,4101,-1,4125,4086,4111,-1,4125,4101,4086,-1,4126,4087,4112,-1,4126,4102,4087,-1,4127,4088,4113,-1,4127,562,561,-1,4127,4103,4088,-1,4127,561,531,-1,4127,531,4103,-1,4128,4105,4090,-1,4128,4090,4114,-1,4129,4106,4091,-1,4129,4091,4115,-1,4129,4120,4106,-1,4130,4121,4107,-1,4130,4107,4116,-1,4131,4108,4117,-1,4132,46,45,-1,4132,4094,4118,-1,4132,4118,46,-1,4132,4109,4094,-1,4133,4110,4095,-1,4133,4095,4119,-1,4134,4096,4120,-1,4134,4111,4096,-1,4135,4112,4121,-1,4136,4113,4122,-1,4136,4127,4113,-1,4137,4114,4123,-1,4138,4115,4100,-1,4138,4100,4124,-1,4139,4130,4116,-1,4139,4116,4125,-1,4140,4102,4126,-1,4140,4117,4102,-1,4141,4119,4105,-1,4141,4133,4119,-1,4141,4105,4128,-1,4142,4120,4129,-1,4143,4121,4130,-1,4144,4108,4131,-1,4144,4122,4108,-1,4145,45,42,-1,4145,4123,4109,-1,4145,4132,45,-1,4145,4109,4132,-1,4146,4138,4124,-1,4146,4124,4110,-1,4146,4110,4133,-1,4147,4125,4111,-1,4147,4111,4134,-1,4148,4112,4135,-1,4148,4126,4112,-1,4149,562,4127,-1,4149,4127,4136,-1,4150,4128,4114,-1,4150,4114,4137,-1,4151,4142,4129,-1,4151,4115,4138,-1,4151,4129,4115,-1,4152,4130,4139,-1,4153,4117,4140,-1,4153,4131,4117,-1,4154,4133,4141,-1,4154,4146,4133,-1,4155,4120,4142,-1,4155,4134,4120,-1,4156,4121,4143,-1,4156,4135,4121,-1,4157,4122,4144,-1,4157,4136,4122,-1,4158,42,41,-1,4158,4123,4145,-1,4158,4145,42,-1,4158,4137,4123,-1,4159,4138,4146,-1,4160,4139,4125,-1,4160,4125,4147,-1,4161,4140,4126,-1,4161,4126,4148,-1,4162,4128,4150,-1,4162,4141,4128,-1,4163,4142,4151,-1,4164,4156,4143,-1,4164,4130,4152,-1,4164,4143,4130,-1,4165,4157,4144,-1,4165,4131,4153,-1,4165,4144,4131,-1,4166,4146,4154,-1,4167,4134,4155,-1,4167,4147,4134,-1,4168,4148,4135,-1,4168,4135,4156,-1,4169,562,4149,-1,4169,664,629,-1,4169,629,562,-1,4169,4149,4136,-1,4169,4136,4157,-1,4170,38,37,-1,4170,41,38,-1,4170,4158,41,-1,4170,4150,4137,-1,4170,4162,4150,-1,4170,4137,4158,-1,4171,4138,4159,-1,4171,4151,4138,-1,4172,4139,4160,-1,4172,4152,4139,-1,4173,4153,4140,-1,4173,4140,4161,-1,4174,4154,4141,-1,4174,4141,4162,-1,4175,4142,4163,-1,4175,4155,4142,-1,4176,4156,4164,-1,4177,4157,4165,-1,4178,4159,4146,-1,4178,4146,4166,-1,4179,4160,4147,-1,4179,4147,4167,-1,4180,4173,4161,-1,4180,4161,4148,-1,4180,4148,4168,-1,4181,4174,4162,-1,4181,37,35,-1,4181,4170,37,-1,4181,4162,4170,-1,4182,4151,4171,-1,4182,4163,4151,-1,4183,4152,4172,-1,4183,4164,4152,-1,4184,4153,4173,-1,4184,4177,4165,-1,4184,4165,4153,-1,4185,4154,4174,-1,4185,4166,4154,-1,4186,4179,4167,-1,4186,4155,4175,-1,4186,4167,4155,-1,4187,4156,4176,-1,4187,4168,4156,-1,4188,4157,4177,-1,4188,664,4169,-1,4188,4169,4157,-1,4189,4171,4159,-1,4189,4182,4171,-1,4189,4159,4178,-1,4190,4160,4179,-1,4190,4172,4160,-1,4191,4173,4180,-1,4191,4184,4173,-1,4192,4174,4181,-1,4192,4181,35,-1,4193,4163,4182,-1,4193,4175,4163,-1,4194,4164,4183,-1,4194,4176,4164,-1,4195,4188,4177,-1,4195,4177,4184,-1,4196,4178,4166,-1,4196,4166,4185,-1,4196,4189,4178,-1,4197,4179,4186,-1,4197,4190,4179,-1,4198,4191,4180,-1,4198,4168,4187,-1,4198,4180,4168,-1,4199,4182,4189,-1,4200,4183,4172,-1,4200,4172,4190,-1,4201,4184,4191,-1,4202,35,33,-1,4202,4185,4174,-1,4202,4174,4192,-1,4202,4192,35,-1,4203,4186,4175,-1,4203,4175,4193,-1,4204,4187,4176,-1,4204,4176,4194,-1,4205,702,664,-1,4205,664,4188,-1,4205,4188,4195,-1,4206,4189,4196,-1,4207,4190,4197,-1,4208,4191,4198,-1,4209,4193,4182,-1,4209,4203,4193,-1,4209,4182,4199,-1,4210,4183,4200,-1,4210,4194,4183,-1,4211,4195,4184,-1,4211,4184,4201,-1,4212,33,30,-1,4212,4202,33,-1,4212,4196,4185,-1,4212,4185,4202,-1,4213,4197,4186,-1,4213,4186,4203,-1,4214,4198,4187,-1,4214,4187,4204,-1,4215,4189,4206,-1,4215,4199,4189,-1,4216,4190,4207,-1,4216,4210,4200,-1,4216,4200,4190,-1,4217,4191,4208,-1,4217,4201,4191,-1,4218,4203,4209,-1,4219,4194,4210,-1,4219,4204,4194,-1,4220,4205,4195,-1,4220,742,702,-1,4220,702,4205,-1,4220,4195,4211,-1,4221,4206,4196,-1,4221,29,27,-1,4221,30,29,-1,4221,4215,4206,-1,4221,4196,4212,-1,4221,4212,30,-1,4222,4207,4197,-1,4222,4197,4213,-1,4223,4198,4214,-1,4223,4208,4198,-1,4224,4199,4215,-1,4224,4209,4199,-1,4225,4210,4216,-1,4226,4201,4217,-1,4226,4211,4201,-1,4227,4213,4203,-1,4227,4203,4218,-1,4227,4222,4213,-1,4228,4204,4219,-1,4228,4223,4214,-1,4228,4214,4204,-1,4229,4215,4221,-1,4229,4221,27,-1,4230,4207,4222,-1,4230,4216,4207,-1,4231,4217,4208,-1,4231,4208,4223,-1,4232,4218,4209,-1,4232,4209,4224,-1,4233,4210,4225,-1,4233,4219,4210,-1,4233,4228,4219,-1,4234,825,743,-1,4234,743,742,-1,4234,4211,4226,-1,4234,4220,4211,-1,4234,742,4220,-1,4235,4222,4227,-1,4236,4223,4228,-1,4237,27,25,-1,4237,4224,4215,-1,4237,4215,4229,-1,4237,4229,27,-1,4238,4225,4216,-1,4238,4216,4230,-1,4239,4226,4217,-1,4239,4217,4231,-1,4239,4234,4226,-1,4240,4227,4218,-1,4240,4218,4232,-1,4241,4228,4233,-1,4241,4236,4228,-1,4242,4238,4230,-1,4242,4230,4222,-1,4242,4222,4235,-1,4243,4231,4223,-1,4243,4223,4236,-1,4244,4240,4232,-1,4244,23,21,-1,4244,25,23,-1,4244,4224,4237,-1,4244,4237,25,-1,4244,4232,4224,-1,4245,4233,4225,-1,4245,4225,4238,-1,4246,4234,4239,-1,4246,825,4234,-1,4247,4227,4240,-1,4247,4235,4227,-1,4248,4236,4241,-1,4249,4238,4242,-1,4250,4239,4231,-1,4250,4231,4243,-1,4250,4246,4239,-1,4251,21,19,-1,4251,4247,4240,-1,4251,4240,4244,-1,4251,4244,21,-1,4252,4241,4233,-1,4252,4233,4245,-1,4253,4242,4235,-1,4253,4235,4247,-1,4254,4250,4243,-1,4254,4236,4248,-1,4254,4243,4236,-1,4255,4252,4245,-1,4255,4245,4238,-1,4255,4238,4249,-1,4256,825,4246,-1,4256,915,870,-1,4256,870,825,-1,4256,4246,4250,-1,4257,4251,19,-1,4257,4247,4251,-1,4258,4241,4252,-1,4258,4248,4241,-1,4259,4249,4242,-1,4259,4242,4253,-1,4260,4256,4250,-1,4260,4250,4254,-1,4261,4252,4255,-1,4261,4258,4252,-1,4262,4257,19,-1,4262,19,17,-1,4262,4253,4247,-1,4262,4247,4257,-1,4263,4254,4248,-1,4263,4248,4258,-1,4264,4249,4259,-1,4264,4255,4249,-1,4265,4256,4260,-1,4265,915,4256,-1,4266,4258,4261,-1,4267,17,15,-1,4267,4259,4253,-1,4267,4253,4262,-1,4267,4262,17,-1,4268,4260,4254,-1,4268,4254,4263,-1,4269,4261,4255,-1,4269,4255,4264,-1,4270,4263,4258,-1,4270,4258,4266,-1,4271,15,13,-1,4271,4267,15,-1,4271,4264,4259,-1,4271,4259,4267,-1,4272,4265,4260,-1,4272,1013,963,-1,4272,963,915,-1,4272,4260,4268,-1,4272,915,4265,-1,4273,4266,4261,-1,4273,4261,4269,-1,4274,4268,4263,-1,4274,4263,4270,-1,4275,13,11,-1,4275,4271,13,-1,4275,4269,4264,-1,4275,4264,4271,-1,4276,4266,4273,-1,4276,4270,4266,-1,4277,4272,4268,-1,4277,1013,4272,-1,4277,4268,4274,-1,4278,11,9,-1,4278,4269,4275,-1,4278,4275,11,-1,4278,4273,4269,-1,4279,4274,4270,-1,4279,4270,4276,-1,4280,9,7,-1,4280,4273,4278,-1,4280,4276,4273,-1,4280,4278,9,-1,4281,4274,4279,-1,4281,4277,4274,-1,4281,1013,4277,-1,4281,255,1014,-1,4281,1014,1013,-1,4282,5,3,-1,4282,7,5,-1,4282,4280,7,-1,4282,4276,4280,-1,4282,4281,4279,-1,4282,4279,4276,-1,4283,4282,3,-1,4283,255,4281,-1,4283,4281,4282,-1,4283,3,255,-1,253,4284,4285,-1,254,4285,4286,-1,254,253,4285,-1,3440,4286,4287,-1,3440,254,4286,-1,3441,4287,4288,-1,3441,3440,4287,-1,3377,4288,4289,-1,3377,3441,4288,-1,3344,4289,4290,-1,3344,3377,4289,-1,3345,4290,4291,-1,3345,3344,4290,-1,3280,4291,4292,-1,3280,3345,4291,-1,3281,4292,4293,-1,3281,3280,4292,-1,3216,4293,4294,-1,3216,3281,4293,-1,3217,4294,4295,-1,3217,3216,4294,-1,3152,3217,4295,-1,3152,4295,4296,-1,3153,3152,4296,-1,3153,4296,4297,-1,3088,3153,4297,-1,3088,4297,4298,-1,3089,3088,4298,-1,3089,4298,4299,-1,3056,3089,4299,-1,3056,4299,4300,-1,3024,3056,4300,-1,3024,4300,4301,-1,2960,3024,4301,-1,2960,4301,4302,-1,2961,2960,4302,-1,2961,4302,4303,-1,2928,4303,4304,-1,2928,2961,4303,-1,2896,2928,4304,-1,2896,4304,4305,-1,2864,4305,4306,-1,2864,2896,4305,-1,2800,4306,4307,-1,2800,2864,4306,-1,2801,4307,4308,-1,2801,2800,4307,-1,2768,4308,4309,-1,2768,2801,4308,-1,2704,4309,4310,-1,2704,2768,4309,-1,2705,4310,4311,-1,2705,2704,4310,-1,2672,4311,4312,-1,2672,2705,4311,-1,2608,4312,4313,-1,2608,2672,4312,-1,2609,4313,4314,-1,2609,2608,4313,-1,2576,4314,4315,-1,2576,2609,4314,-1,2512,4315,4316,-1,2512,2576,4315,-1,2513,4316,4317,-1,2513,2512,4316,-1,2480,4317,4318,-1,2480,2513,4317,-1,2448,4318,4319,-1,2448,2480,4318,-1,2416,4319,4320,-1,2416,2448,4319,-1,2384,2416,4320,-1,2384,4320,4321,-1,2352,2384,4321,-1,2352,4321,4322,-1,2320,2352,4322,-1,2320,4322,4323,-1,2288,4323,4324,-1,2288,2320,4323,-1,2256,4324,4325,-1,2256,2288,4324,-1,2224,4325,4326,-1,2224,2256,4325,-1,2192,4326,4327,-1,2192,2224,4326,-1,2160,4327,4328,-1,2160,2192,4327,-1,2128,4328,4329,-1,2128,2160,4328,-1,2064,4329,4330,-1,2064,2128,4329,-1,2065,4330,4331,-1,2065,2064,4330,-1,2032,2065,4331,-1,2000,4332,4333,-1,2000,4331,4332,-1,2000,2032,4331,-1,1936,4333,4334,-1,1936,2000,4333,-1,1937,4334,4335,-1,1937,1936,4334,-1,1904,4335,4336,-1,1904,1937,4335,-1,1840,1904,4336,-1,1840,4336,4337,-1,1841,1840,4337,-1,1841,4337,4338,-1,1808,1841,4338,-1,1808,4338,4339,-1,1776,1808,4339,-1,1712,1776,4339,-1,1712,4340,4341,-1,1712,4339,4340,-1,1713,1712,4341,-1,1713,4341,4342,-1,1680,1713,4342,-1,1680,4342,4343,-1,1648,4343,4344,-1,1648,1680,4343,-1,1585,4344,4345,-1,1585,1648,4344,-1,1552,4345,4346,-1,1552,1585,4345,-1,1553,4346,4347,-1,1553,1552,4346,-1,1520,1553,4347,-1,1520,4347,4348,-1,1488,1520,4348,-1,1488,4348,4349,-1,1456,1488,4349,-1,1456,4349,4350,-1,1424,1456,4350,-1,1424,4350,4351,-1,1392,1424,4351,-1,1360,1392,4351,-1,1360,4352,4353,-1,1360,4351,4352,-1,1296,1360,4353,-1,1297,1296,4353,-1,1297,4354,4355,-1,1297,4353,4354,-1,1264,1297,4355,-1,1264,4355,4356,-1,1232,1264,4356,-1,1200,1232,4356,-1,1200,4357,4358,-1,1200,4356,4357,-1,1136,1200,4358,-1,1136,4358,4359,-1,1137,1136,4359,-1,1137,4359,4360,-1,1104,1137,4360,-1,1042,1104,4360,-1,1042,4360,4361,-1,1043,1042,4361,-1,1043,4361,4362,-1,1010,1043,4362,-1,1010,4362,4363,-1,981,4364,4365,-1,981,4363,4364,-1,981,1010,4363,-1,951,981,4365,-1,923,4366,4367,-1,923,4365,4366,-1,923,951,4365,-1,894,923,4367,-1,866,4368,4369,-1,866,4367,4368,-1,866,894,4367,-1,840,4369,4370,-1,840,866,4369,-1,813,4370,4371,-1,813,840,4370,-1,763,813,4371,-1,764,763,4371,-1,764,4372,4373,-1,764,4371,4372,-1,737,764,4373,-1,714,4374,4375,-1,714,4373,4374,-1,714,737,4373,-1,690,714,4375,-1,690,4375,4376,-1,668,690,4376,-1,668,4376,4377,-1,645,668,4377,-1,623,645,4377,-1,623,4378,4379,-1,623,4377,4378,-1,583,623,4379,-1,583,4379,4380,-1,584,583,4380,-1,584,4380,4381,-1,564,584,4381,-1,543,564,4381,-1,543,4381,4382,-1,524,543,4382,-1,524,4383,4384,-1,524,4382,4383,-1,507,524,4384,-1,489,4385,4386,-1,489,4384,4385,-1,489,507,4384,-1,472,489,4386,-1,457,4386,4387,-1,457,472,4386,-1,441,4387,4388,-1,441,457,4387,-1,427,4389,4390,-1,427,4388,4389,-1,427,441,4388,-1,412,427,4390,-1,398,4391,4392,-1,398,4390,4391,-1,398,412,4390,-1,386,398,4392,-1,373,4393,4394,-1,373,4392,4393,-1,373,386,4392,-1,362,4394,4395,-1,362,373,4394,-1,350,362,4395,-1,339,4396,4397,-1,339,4395,4396,-1,339,350,4395,-1,330,339,4397,-1,330,4397,4398,-1,320,330,4398,-1,320,4398,4399,-1,312,320,4399,-1,312,4399,4400,-1,303,312,4400,-1,303,4400,4401,-1,295,303,4401,-1,295,4401,4402,-1,289,295,4402,-1,282,289,4402,-1,282,4403,4404,-1,282,4402,4403,-1,277,282,4404,-1,271,4405,4406,-1,271,4404,4405,-1,271,277,4404,-1,266,271,4406,-1,263,4407,4408,-1,263,4406,4407,-1,263,266,4406,-1,259,4408,4409,-1,259,263,4408,-1,257,259,4409,-1,253,4409,4284,-1,253,257,4409,-1,180,176,178,-1,170,166,169,-1,172,166,170,-1,22,24,20,-1,172,164,166,-1,24,26,20,-1,162,159,160,-1,164,159,162,-1,31,32,28,-1,159,154,156,-1,154,150,153,-1,159,150,154,-1,148,144,146,-1,150,144,148,-1,144,140,142,-1,150,140,144,-1,48,50,47,-1,150,139,140,-1,139,135,137,-1,139,132,135,-1,132,128,130,-1,128,124,126,-1,124,120,122,-1,69,70,66,-1,120,116,119,-1,72,77,70,-1,75,77,72,-1,120,113,116,-1,116,113,115,-1,113,108,110,-1,81,82,78,-1,82,85,78,-1,106,102,104,-1,106,101,102,-1,202,94,200,-1,204,94,202,-1,0,94,1,-1,32,94,28,-1,206,94,204,-1,4,94,0,-1,209,94,206,-1,6,94,4,-1,210,94,209,-1,8,94,6,-1,212,94,210,-1,10,94,8,-1,214,94,212,-1,12,94,10,-1,217,94,214,-1,14,94,12,-1,132,94,128,-1,218,94,217,-1,16,94,14,-1,220,94,218,-1,18,94,16,-1,50,94,47,-1,223,94,220,-1,20,94,18,-1,224,94,223,-1,227,94,224,-1,180,94,176,-1,228,94,227,-1,230,94,228,-1,28,94,26,-1,232,94,230,-1,234,94,232,-1,237,94,234,-1,34,94,32,-1,239,94,237,-1,36,94,34,-1,240,94,239,-1,39,94,36,-1,77,94,70,-1,242,94,240,-1,40,94,39,-1,244,94,242,-1,43,94,40,-1,246,94,244,-1,44,94,43,-1,248,94,246,-1,26,94,20,-1,47,94,44,-1,250,94,248,-1,106,94,101,-1,139,94,132,-1,1,94,250,-1,120,94,113,-1,53,94,50,-1,54,94,53,-1,56,94,54,-1,59,94,56,-1,60,94,59,-1,70,94,66,-1,62,94,60,-1,65,94,62,-1,66,94,65,-1,124,94,120,-1,78,94,77,-1,86,94,85,-1,164,94,159,-1,88,94,86,-1,90,94,88,-1,92,94,90,-1,98,94,96,-1,101,94,98,-1,108,94,106,-1,85,94,78,-1,172,94,164,-1,150,94,139,-1,113,94,108,-1,128,94,124,-1,175,94,172,-1,176,94,175,-1,182,94,180,-1,184,94,182,-1,186,94,184,-1,188,94,186,-1,159,94,150,-1,191,94,188,-1,193,94,191,-1,194,94,193,-1,196,94,194,-1,198,94,196,-1,200,94,198,-1,4410,4411,4412,-1,4410,4412,4413,-1,4414,4413,4415,-1,4414,4410,4413,-1,4416,4415,4417,-1,4416,4414,4415,-1,4418,4417,4419,-1,4418,4416,4417,-1,4420,4419,4421,-1,4420,4418,4419,-1,4422,4421,4423,-1,4422,4420,4421,-1,4424,4423,4425,-1,4424,4422,4423,-1,4426,4425,4427,-1,4426,4424,4425,-1,4428,4427,4429,-1,4428,4426,4427,-1,4430,4429,4431,-1,4430,4428,4429,-1,4432,4430,4431,-1,4432,4431,4433,-1,4434,4432,4433,-1,4434,4433,4435,-1,4436,4434,4435,-1,4436,4435,4437,-1,4438,4436,4437,-1,4438,4437,4439,-1,4438,4439,4440,-1,4441,4438,4440,-1,4442,4441,4440,-1,4442,4440,4443,-1,4444,4442,4443,-1,4444,4443,4445,-1,4446,4444,4445,-1,4446,4445,4447,-1,4446,4447,4448,-1,4449,4446,4448,-1,4450,4449,4448,-1,4450,4448,4451,-1,4450,4451,4452,-1,4453,4450,4452,-1,4454,4453,4452,-1,4454,4452,4455,-1,4454,4455,4456,-1,4457,4454,4456,-1,4458,4456,4459,-1,4458,4457,4456,-1,4460,4459,4461,-1,4460,4461,4462,-1,4460,4458,4459,-1,4463,4460,4462,-1,4464,4462,4465,-1,4464,4463,4462,-1,4466,4465,4467,-1,4466,4467,4468,-1,4466,4464,4465,-1,4469,4466,4468,-1,4470,4468,4471,-1,4470,4469,4468,-1,4472,4471,4473,-1,4472,4473,4474,-1,4472,4470,4471,-1,4475,4472,4474,-1,4476,4474,4477,-1,4476,4477,4478,-1,4476,4475,4474,-1,4479,4476,4478,-1,4480,4478,4481,-1,4480,4479,4478,-1,4482,4481,4483,-1,4482,4483,4484,-1,4482,4480,4481,-1,4485,4482,4484,-1,4485,4484,4486,-1,4487,4485,4486,-1,4488,4487,4486,-1,4488,4486,4489,-1,4488,4489,4490,-1,4491,4488,4490,-1,4492,4491,4490,-1,4492,4490,4493,-1,4492,4493,4494,-1,4495,4492,4494,-1,4496,4495,4494,-1,4496,4494,4497,-1,4498,4496,4497,-1,4498,4497,4499,-1,4500,4498,4499,-1,4500,4499,4501,-1,4502,4500,4501,-1,4502,4501,4503,-1,4504,4502,4503,-1,4504,4503,4505,-1,4506,4504,4505,-1,4506,4505,4507,-1,4508,4506,4507,-1,4508,4507,4509,-1,4508,4509,4510,-1,4511,4508,4510,-1,4512,4511,4510,-1,4512,4510,4513,-1,4514,4512,4513,-1,4514,4513,4515,-1,4516,4514,4515,-1,4516,4515,4517,-1,4518,4516,4517,-1,4518,4517,4519,-1,4520,4518,4519,-1,4520,4519,4521,-1,4520,4521,4522,-1,4523,4520,4522,-1,4523,4522,4524,-1,4525,4523,4524,-1,4526,4524,4527,-1,4526,4527,4528,-1,4526,4525,4524,-1,4529,4526,4528,-1,4530,4528,4531,-1,4530,4529,4528,-1,4532,4531,4533,-1,4532,4530,4531,-1,4534,4532,4533,-1,4534,4533,4535,-1,4536,4534,4535,-1,4536,4535,4537,-1,4538,4536,4537,-1,4538,4537,4539,-1,4540,4538,4539,-1,4540,4539,4541,-1,4542,4540,4541,-1,4542,4541,4543,-1,4542,4543,4544,-1,4545,4542,4544,-1,4545,4544,4546,-1,4547,4545,4546,-1,4547,4546,4548,-1,4549,4547,4548,-1,4550,4549,4548,-1,4550,4548,4551,-1,4552,4550,4551,-1,4552,4551,4553,-1,4554,4552,4553,-1,4554,4553,4555,-1,4556,4554,4555,-1,4556,4555,4557,-1,4558,4556,4557,-1,4558,4557,4559,-1,4560,4559,4561,-1,4560,4561,4562,-1,4560,4558,4559,-1,4563,4560,4562,-1,4564,4562,4565,-1,4564,4563,4562,-1,4566,4565,4567,-1,4566,4567,4568,-1,4566,4564,4565,-1,4569,4566,4568,-1,4570,4568,4571,-1,4570,4569,4568,-1,4572,4571,4573,-1,4572,4570,4571,-1,4574,4573,4575,-1,4574,4572,4573,-1,4576,4575,4577,-1,4576,4577,4578,-1,4576,4574,4575,-1,4579,4576,4578,-1,4580,4578,4581,-1,4580,4579,4578,-1,4582,4581,4583,-1,4582,4583,4584,-1,4582,4580,4581,-1,4585,4582,4584,-1,4586,4585,4584,-1,4586,4584,4587,-1,4588,4586,4587,-1,4588,4587,4589,-1,4590,4588,4589,-1,4590,4589,4591,-1,4592,4590,4591,-1,4592,4591,4593,-1,4594,4593,4595,-1,4594,4592,4593,-1,4596,4595,4597,-1,4596,4594,4595,-1,4598,4597,4599,-1,4598,4599,4600,-1,4598,4596,4597,-1,4601,4600,4602,-1,4601,4598,4600,-1,4603,4601,4602,-1,4604,4602,4605,-1,4604,4603,4602,-1,4606,4605,4607,-1,4606,4604,4605,-1,4608,4607,4609,-1,4608,4606,4607,-1,4610,4609,4611,-1,4610,4608,4609,-1,4612,4611,4613,-1,4612,4610,4611,-1,4614,4613,4615,-1,4614,4612,4613,-1,4616,4615,4617,-1,4616,4617,4618,-1,4616,4614,4615,-1,4619,4616,4618,-1,4620,4618,4621,-1,4620,4619,4618,-1,4622,4621,4623,-1,4622,4620,4621,-1,4624,4623,4625,-1,4624,4625,4626,-1,4624,4622,4623,-1,4627,4624,4626,-1,4628,4626,4629,-1,4628,4627,4626,-1,4630,4629,4631,-1,4630,4631,4632,-1,4630,4628,4629,-1,4633,4630,4632,-1,4634,4633,4632,-1,4634,4632,4635,-1,4634,4635,4636,-1,4637,4634,4636,-1,4638,4637,4636,-1,4638,4636,4639,-1,4640,4638,4639,-1,4640,4639,4641,-1,4642,4640,4641,-1,4642,4641,4643,-1,4644,4642,4643,-1,4644,4643,4645,-1,4644,4645,4646,-1,4647,4644,4646,-1,4647,4646,4648,-1,4649,4647,4648,-1,4650,4649,4648,-1,4650,4648,4651,-1,4652,4650,4651,-1,4652,4651,4653,-1,4654,4652,4653,-1,4654,4653,4655,-1,4656,4654,4655,-1,4656,4655,4657,-1,4658,4657,4659,-1,4658,4656,4657,-1,4660,4658,4659,-1,4660,4659,4661,-1,4411,4661,4412,-1,4411,4660,4661,-1,4662,4663,4664,-1,4412,4665,4413,-1,4666,4663,4662,-1,4666,4667,4663,-1,4668,4667,4666,-1,4668,4669,4667,-1,4670,4662,4671,-1,4670,4666,4662,-1,4672,4669,4668,-1,4672,4673,4669,-1,4674,4666,4670,-1,4674,4668,4666,-1,4675,4676,4673,-1,4675,4673,4672,-1,4677,4671,4678,-1,4677,4670,4671,-1,4679,4672,4668,-1,4679,4668,4674,-1,4680,4676,4675,-1,4680,4681,4676,-1,4682,4670,4677,-1,4682,4674,4670,-1,4683,4675,4672,-1,4683,4672,4679,-1,4684,4678,4685,-1,4684,4677,4678,-1,4686,4681,4680,-1,4686,4687,4681,-1,4688,4674,4682,-1,4688,4679,4674,-1,4689,4680,4675,-1,4689,4675,4683,-1,4690,4677,4684,-1,4690,4682,4677,-1,4691,4687,4686,-1,4691,4692,4687,-1,4693,4683,4679,-1,4693,4679,4688,-1,4694,4685,4695,-1,4694,4684,4685,-1,4696,4680,4689,-1,4696,4686,4680,-1,4697,4682,4690,-1,4697,4688,4682,-1,4698,4692,4691,-1,4698,4699,4692,-1,4700,4689,4683,-1,4700,4683,4693,-1,4701,4684,4694,-1,4701,4690,4684,-1,4702,4691,4686,-1,4702,4686,4696,-1,4703,4688,4697,-1,4703,4693,4688,-1,4704,4705,4699,-1,4704,4699,4698,-1,4706,4695,4707,-1,4706,4694,4695,-1,4708,4696,4689,-1,4708,4689,4700,-1,4709,4690,4701,-1,4709,4697,4690,-1,4710,4691,4702,-1,4710,4698,4691,-1,4711,4693,4703,-1,4711,4700,4693,-1,4712,4705,4704,-1,4712,4713,4705,-1,4714,4694,4706,-1,4714,4701,4694,-1,4715,4696,4708,-1,4715,4702,4696,-1,4716,4697,4709,-1,4716,4703,4697,-1,4717,4704,4698,-1,4717,4698,4710,-1,4718,4707,4719,-1,4718,4706,4707,-1,4720,4708,4700,-1,4720,4700,4711,-1,4721,4713,4712,-1,4721,4722,4713,-1,4723,4709,4701,-1,4723,4701,4714,-1,4724,4710,4702,-1,4724,4702,4715,-1,4725,4711,4703,-1,4725,4703,4716,-1,4726,4712,4704,-1,4726,4704,4717,-1,4727,4714,4706,-1,4727,4706,4718,-1,4728,4708,4720,-1,4728,4715,4708,-1,4729,4730,4722,-1,4729,4722,4721,-1,4731,4716,4709,-1,4731,4709,4723,-1,4732,4710,4724,-1,4732,4717,4710,-1,4733,4719,4734,-1,4733,4718,4719,-1,4735,4720,4711,-1,4735,4711,4725,-1,4736,4712,4726,-1,4736,4721,4712,-1,4737,4723,4714,-1,4737,4714,4727,-1,4738,4724,4715,-1,4738,4715,4728,-1,4739,4730,4729,-1,4739,4740,4730,-1,4741,4725,4716,-1,4741,4716,4731,-1,4742,4717,4732,-1,4742,4726,4717,-1,4743,4727,4718,-1,4743,4718,4733,-1,4744,4720,4735,-1,4744,4728,4720,-1,4745,4721,4736,-1,4745,4729,4721,-1,4746,4723,4737,-1,4746,4731,4723,-1,4747,4732,4724,-1,4747,4724,4738,-1,4748,4740,4739,-1,4748,4749,4740,-1,4750,4734,4751,-1,4750,4733,4734,-1,4752,4735,4725,-1,4752,4725,4741,-1,4753,4736,4726,-1,4753,4726,4742,-1,4754,4727,4743,-1,4754,4737,4727,-1,4755,4728,4744,-1,4755,4738,4728,-1,4756,4729,4745,-1,4756,4739,4729,-1,4757,4741,4731,-1,4757,4731,4746,-1,4758,4742,4732,-1,4758,4732,4747,-1,4759,4749,4748,-1,4759,4760,4749,-1,4761,4733,4750,-1,4761,4743,4733,-1,4762,4744,4735,-1,4762,4735,4752,-1,4763,4745,4736,-1,4763,4736,4753,-1,4764,4737,4754,-1,4764,4746,4737,-1,4765,4738,4755,-1,4765,4747,4738,-1,4766,4739,4756,-1,4766,4748,4739,-1,4767,4751,4768,-1,4767,4750,4751,-1,4769,4752,4741,-1,4769,4741,4757,-1,4770,4742,4758,-1,4770,4753,4742,-1,4771,4760,4759,-1,4771,4772,4760,-1,4773,4743,4761,-1,4773,4754,4743,-1,4774,4755,4744,-1,4774,4744,4762,-1,4775,4745,4763,-1,4775,4756,4745,-1,4776,4746,4764,-1,4776,4757,4746,-1,4777,4747,4765,-1,4777,4758,4747,-1,4778,4748,4766,-1,4778,4759,4748,-1,4779,4761,4750,-1,4779,4750,4767,-1,4780,4762,4752,-1,4780,4752,4769,-1,4781,4763,4753,-1,4781,4753,4770,-1,4782,4783,4772,-1,4782,4772,4771,-1,4784,4754,4773,-1,4784,4764,4754,-1,4785,4765,4755,-1,4785,4755,4774,-1,4786,4756,4775,-1,4786,4766,4756,-1,4787,4768,4788,-1,4787,4767,4768,-1,4789,4757,4776,-1,4789,4769,4757,-1,4790,4770,4758,-1,4790,4758,4777,-1,4791,4759,4778,-1,4791,4771,4759,-1,4792,4773,4761,-1,4792,4761,4779,-1,4793,4762,4780,-1,4793,4774,4762,-1,4794,4775,4763,-1,4794,4763,4781,-1,4795,4796,4783,-1,4795,4783,4782,-1,4797,4764,4784,-1,4797,4776,4764,-1,4798,4777,4765,-1,4798,4765,4785,-1,4799,4778,4766,-1,4799,4766,4786,-1,4800,4779,4767,-1,4800,4767,4787,-1,4801,4769,4789,-1,4801,4780,4769,-1,4802,4770,4790,-1,4802,4781,4770,-1,4803,4771,4791,-1,4803,4782,4771,-1,4804,4773,4792,-1,4804,4784,4773,-1,4805,4774,4793,-1,4805,4785,4774,-1,4806,4775,4794,-1,4806,4786,4775,-1,4807,4808,4796,-1,4807,4796,4795,-1,4809,4788,4810,-1,4809,4787,4788,-1,4811,4789,4776,-1,4811,4776,4797,-1,4812,4777,4798,-1,4812,4790,4777,-1,4813,4791,4778,-1,4813,4778,4799,-1,4814,4792,4779,-1,4814,4779,4800,-1,4815,4780,4801,-1,4815,4793,4780,-1,4816,4781,4802,-1,4816,4794,4781,-1,4817,4795,4782,-1,4817,4782,4803,-1,4818,4784,4804,-1,4818,4797,4784,-1,4819,4798,4785,-1,4819,4785,4805,-1,4820,4799,4786,-1,4820,4786,4806,-1,4821,4808,4807,-1,4821,4822,4808,-1,4823,4800,4787,-1,4823,4787,4809,-1,4824,4801,4789,-1,4824,4789,4811,-1,4825,4802,4790,-1,4825,4790,4812,-1,4826,4791,4813,-1,4826,4803,4791,-1,4827,4804,4792,-1,4827,4792,4814,-1,4828,4793,4815,-1,4828,4805,4793,-1,4829,4806,4794,-1,4829,4794,4816,-1,4830,4807,4795,-1,4830,4795,4817,-1,4831,4810,4832,-1,4831,4809,4810,-1,4833,4811,4797,-1,4833,4797,4818,-1,4834,4812,4798,-1,4834,4798,4819,-1,4835,4799,4820,-1,4835,4813,4799,-1,4836,4837,4822,-1,4836,4822,4821,-1,4838,4800,4823,-1,4838,4814,4800,-1,4839,4815,4801,-1,4839,4801,4824,-1,4840,4816,4802,-1,4840,4802,4825,-1,4841,4803,4826,-1,4841,4817,4803,-1,4842,4804,4827,-1,4842,4818,4804,-1,4843,4805,4828,-1,4843,4819,4805,-1,4844,4806,4829,-1,4844,4820,4806,-1,4845,4807,4830,-1,4845,4821,4807,-1,4846,4809,4831,-1,4846,4823,4809,-1,4847,4824,4811,-1,4847,4811,4833,-1,4848,4812,4834,-1,4848,4825,4812,-1,4849,4813,4835,-1,4849,4826,4813,-1,4850,4837,4836,-1,4850,4851,4837,-1,4852,4827,4814,-1,4852,4814,4838,-1,4853,4828,4815,-1,4853,4815,4839,-1,4854,4829,4816,-1,4854,4816,4840,-1,4855,4817,4841,-1,4855,4830,4817,-1,4856,4832,4857,-1,4856,4831,4832,-1,4858,4818,4842,-1,4858,4833,4818,-1,4859,4834,4819,-1,4859,4819,4843,-1,4860,4835,4820,-1,4860,4820,4844,-1,4861,4821,4845,-1,4861,4836,4821,-1,4862,4823,4846,-1,4862,4838,4823,-1,4863,4824,4847,-1,4863,4839,4824,-1,4864,4825,4848,-1,4864,4840,4825,-1,4865,4841,4826,-1,4865,4826,4849,-1,4866,4867,4851,-1,4866,4851,4850,-1,4868,4827,4852,-1,4868,4842,4827,-1,4869,4843,4828,-1,4869,4828,4853,-1,4870,4844,4829,-1,4870,4829,4854,-1,4871,4845,4830,-1,4871,4830,4855,-1,4872,4846,4831,-1,4872,4831,4856,-1,4873,4847,4833,-1,4873,4833,4858,-1,4874,4848,4834,-1,4874,4834,4859,-1,4875,4849,4835,-1,4875,4835,4860,-1,4876,4836,4861,-1,4876,4850,4836,-1,4877,4852,4838,-1,4877,4838,4862,-1,4878,4853,4839,-1,4878,4839,4863,-1,4879,4840,4864,-1,4879,4854,4840,-1,4880,4841,4865,-1,4880,4855,4841,-1,4881,4867,4866,-1,4881,4882,4867,-1,4883,4856,4857,-1,4883,4857,4884,-1,4885,4842,4868,-1,4885,4858,4842,-1,4886,4843,4869,-1,4886,4859,4843,-1,4887,4860,4844,-1,4887,4844,4870,-1,4888,4861,4845,-1,4888,4845,4871,-1,4889,4846,4872,-1,4889,4862,4846,-1,4890,4847,4873,-1,4890,4863,4847,-1,4891,4864,4848,-1,4891,4848,4874,-1,4892,4849,4875,-1,4892,4865,4849,-1,4893,4866,4850,-1,4893,4850,4876,-1,4894,4852,4877,-1,4894,4868,4852,-1,4895,4869,4853,-1,4895,4853,4878,-1,4896,4854,4879,-1,4896,4870,4854,-1,4897,4855,4880,-1,4897,4871,4855,-1,4898,4882,4881,-1,4898,4899,4882,-1,4900,4856,4883,-1,4900,4872,4856,-1,4901,4873,4858,-1,4901,4858,4885,-1,4902,4874,4859,-1,4902,4859,4886,-1,4903,4860,4887,-1,4903,4875,4860,-1,4904,4861,4888,-1,4904,4876,4861,-1,4905,4877,4862,-1,4905,4862,4889,-1,4906,4878,4863,-1,4906,4863,4890,-1,4907,4879,4864,-1,4907,4864,4891,-1,4908,4865,4892,-1,4908,4880,4865,-1,4909,4881,4866,-1,4909,4866,4893,-1,4910,4883,4884,-1,4910,4884,4911,-1,4912,4885,4868,-1,4912,4868,4894,-1,4913,4886,4869,-1,4913,4869,4895,-1,4914,4887,4870,-1,4914,4870,4896,-1,4915,4871,4897,-1,4915,4888,4871,-1,4916,4899,4898,-1,4916,4917,4899,-1,4918,4872,4900,-1,4918,4889,4872,-1,4919,4873,4901,-1,4919,4890,4873,-1,4920,4891,4874,-1,4920,4874,4902,-1,4921,4875,4903,-1,4921,4892,4875,-1,4922,4876,4904,-1,4922,4893,4876,-1,4923,4877,4905,-1,4923,4894,4877,-1,4924,4878,4906,-1,4924,4895,4878,-1,4925,4879,4907,-1,4925,4896,4879,-1,4926,4897,4880,-1,4926,4880,4908,-1,4927,4898,4881,-1,4927,4881,4909,-1,4928,4900,4883,-1,4928,4883,4910,-1,4929,4885,4912,-1,4929,4901,4885,-1,4930,4886,4913,-1,4930,4902,4886,-1,4931,4887,4914,-1,4931,4903,4887,-1,4932,4888,4915,-1,4932,4904,4888,-1,4933,4917,4916,-1,4933,4934,4917,-1,4935,4905,4889,-1,4935,4889,4918,-1,4936,4906,4890,-1,4936,4890,4919,-1,4937,4891,4920,-1,4937,4907,4891,-1,4938,4892,4921,-1,4938,4908,4892,-1,4939,4909,4893,-1,4939,4893,4922,-1,4940,4910,4911,-1,4940,4911,4941,-1,4942,4912,4894,-1,4942,4894,4923,-1,4942,4929,4912,-1,4943,4913,4895,-1,4943,4895,4924,-1,4944,4914,4896,-1,4944,4896,4925,-1,4945,4915,4897,-1,4945,4897,4926,-1,4946,4916,4898,-1,4946,4898,4927,-1,4947,4900,4928,-1,4947,4918,4900,-1,4948,4919,4901,-1,4948,4901,4929,-1,4949,4920,4902,-1,4949,4902,4930,-1,4950,4921,4903,-1,4950,4903,4931,-1,4951,4922,4904,-1,4951,4904,4932,-1,4952,4953,4934,-1,4952,4934,4933,-1,4954,4923,4905,-1,4954,4905,4935,-1,4955,4906,4936,-1,4955,4924,4906,-1,4956,4907,4937,-1,4956,4925,4907,-1,4957,4908,4938,-1,4957,4926,4908,-1,4958,4927,4909,-1,4958,4909,4939,-1,4959,4910,4940,-1,4959,4928,4910,-1,4960,4929,4942,-1,4961,4913,4943,-1,4961,4930,4913,-1,4962,4914,4944,-1,4962,4931,4914,-1,4963,4932,4915,-1,4963,4915,4945,-1,4964,4916,4946,-1,4964,4933,4916,-1,4965,4918,4947,-1,4965,4935,4918,-1,4966,4919,4948,-1,4966,4936,4919,-1,4967,4920,4949,-1,4967,4937,4920,-1,4968,4921,4950,-1,4968,4938,4921,-1,4969,4922,4951,-1,4969,4939,4922,-1,4970,4940,4941,-1,4970,4971,4972,-1,4970,4941,4971,-1,4973,4953,4952,-1,4973,4974,4953,-1,4975,4923,4954,-1,4975,4942,4923,-1,4976,4924,4955,-1,4976,4943,4924,-1,4977,4944,4925,-1,4977,4925,4956,-1,4978,4926,4957,-1,4978,4945,4926,-1,4979,4946,4927,-1,4979,4927,4958,-1,4980,4928,4959,-1,4980,4947,4928,-1,4981,4948,4929,-1,4981,4929,4960,-1,4982,4949,4930,-1,4982,4930,4961,-1,4983,4950,4931,-1,4983,4931,4962,-1,4984,4951,4932,-1,4984,4932,4963,-1,4985,4952,4933,-1,4985,4933,4964,-1,4986,4935,4965,-1,4986,4954,4935,-1,4987,4955,4936,-1,4987,4936,4966,-1,4988,4956,4937,-1,4988,4937,4967,-1,4989,4957,4938,-1,4989,4938,4968,-1,4990,4958,4939,-1,4990,4939,4969,-1,4991,4959,4940,-1,4991,4940,4970,-1,4992,4974,4973,-1,4992,4993,4994,-1,4992,4994,4974,-1,4995,4942,4975,-1,4995,4960,4942,-1,4996,4943,4976,-1,4996,4961,4943,-1,4997,4962,4944,-1,4997,4944,4977,-1,4998,4963,4945,-1,4998,4945,4978,-1,4999,4946,4979,-1,4999,4964,4946,-1,5000,4965,4947,-1,5000,4947,4980,-1,5001,4948,4981,-1,5001,4966,4948,-1,5002,4949,4982,-1,5002,4967,4949,-1,5003,4950,4983,-1,5003,4968,4950,-1,5004,4951,4984,-1,5004,4969,4951,-1,5005,4970,4972,-1,5006,4952,4985,-1,5006,4973,4952,-1,5007,4954,4986,-1,5007,4975,4954,-1,5008,4955,4987,-1,5008,4976,4955,-1,5009,4956,4988,-1,5009,4977,4956,-1,5010,4957,4989,-1,5010,4978,4957,-1,5011,4979,4958,-1,5011,4958,4990,-1,5012,4959,4991,-1,5012,4980,4959,-1,5013,4993,4992,-1,5014,4960,4995,-1,5014,4981,4960,-1,5015,4961,4996,-1,5015,4982,4961,-1,5016,4983,4962,-1,5016,4962,4997,-1,5017,4963,4998,-1,5017,4984,4963,-1,5018,4964,4999,-1,5018,4985,4964,-1,5019,4986,4965,-1,5019,4965,5000,-1,5020,4987,4966,-1,5020,4966,5001,-1,5021,4988,4967,-1,5021,5009,4988,-1,5021,4967,5002,-1,5022,4968,5003,-1,5022,4989,4968,-1,5023,4969,5004,-1,5023,4990,4969,-1,5024,4970,5005,-1,5024,4991,4970,-1,5025,4992,4973,-1,5025,4973,5006,-1,5026,4995,4975,-1,5026,4975,5007,-1,5027,4976,5008,-1,5027,4996,4976,-1,5028,4997,4977,-1,5028,4977,5009,-1,5029,4978,5010,-1,5029,4998,4978,-1,5030,4999,4979,-1,5030,4979,5011,-1,5031,4980,5012,-1,5031,5000,4980,-1,5032,4993,5013,-1,5032,5033,4993,-1,5034,4981,5014,-1,5034,5001,4981,-1,5035,5002,4982,-1,5035,4982,5015,-1,5036,4983,5016,-1,5036,5003,4983,-1,5037,4984,5017,-1,5037,5004,4984,-1,5038,5005,4972,-1,5038,4972,5039,-1,5040,4985,5018,-1,5040,5006,4985,-1,5041,4986,5019,-1,5041,5007,4986,-1,5042,5008,4987,-1,5042,4987,5020,-1,5043,5009,5021,-1,5044,4989,5022,-1,5044,5010,4989,-1,5045,5011,4990,-1,5045,4990,5023,-1,5046,4991,5024,-1,5046,5012,4991,-1,5047,5013,4992,-1,5047,4992,5025,-1,5048,5014,4995,-1,5048,4995,5026,-1,5049,4996,5027,-1,5049,5015,4996,-1,5050,4997,5028,-1,5050,5016,4997,-1,5051,4998,5029,-1,5051,5017,4998,-1,5052,4999,5030,-1,5052,5018,4999,-1,5053,5019,5000,-1,5053,5000,5031,-1,5054,5055,5033,-1,5054,5033,5032,-1,5056,5020,5001,-1,5056,5001,5034,-1,5057,5021,5002,-1,5057,5002,5035,-1,5058,5022,5003,-1,5058,5003,5036,-1,5059,5023,5004,-1,5059,5004,5037,-1,5060,5005,5038,-1,5060,5024,5005,-1,5061,5025,5006,-1,5061,5006,5040,-1,5062,5026,5007,-1,5062,5007,5041,-1,5063,5008,5042,-1,5063,5027,5008,-1,5064,5028,5009,-1,5064,5009,5043,-1,5065,5029,5010,-1,5065,5010,5044,-1,5066,5011,5045,-1,5066,5030,5011,-1,5067,5031,5012,-1,5067,5012,5046,-1,5068,5013,5047,-1,5068,5032,5013,-1,5069,5014,5048,-1,5069,5034,5014,-1,5070,5035,5015,-1,5070,5015,5049,-1,5071,5016,5050,-1,5071,5036,5016,-1,5072,5037,5017,-1,5072,5017,5051,-1,5073,5038,5039,-1,5073,5039,5074,-1,5075,5040,5018,-1,5075,5018,5052,-1,5076,5041,5019,-1,5076,5019,5053,-1,5077,5055,5054,-1,5077,5078,5055,-1,5079,5020,5056,-1,5079,5042,5020,-1,5080,5021,5057,-1,5080,5043,5021,-1,5081,5044,5022,-1,5081,5022,5058,-1,5082,5045,5023,-1,5082,5023,5059,-1,5083,5024,5060,-1,5083,5046,5024,-1,5084,5047,5025,-1,5084,5025,5061,-1,5085,5048,5026,-1,5085,5026,5062,-1,5086,5027,5063,-1,5086,5049,5027,-1,5087,5028,5064,-1,5087,5050,5028,-1,5088,5051,5029,-1,5088,5029,5065,-1,5089,5052,5030,-1,5089,5030,5066,-1,5090,5031,5067,-1,5090,5053,5031,-1,5091,5054,5032,-1,5091,5032,5068,-1,5092,5034,5069,-1,5092,5056,5034,-1,5093,5035,5070,-1,5093,5057,5035,-1,5094,5058,5036,-1,5094,5036,5071,-1,5095,5037,5072,-1,5095,5059,5037,-1,5096,5038,5073,-1,5096,5060,5038,-1,5097,5084,5061,-1,5097,5040,5075,-1,5097,5061,5040,-1,5098,5041,5076,-1,5098,5062,5041,-1,5099,5100,5078,-1,5099,5078,5077,-1,5101,5063,5042,-1,5101,5042,5079,-1,5102,5064,5043,-1,5102,5043,5080,-1,5103,5065,5044,-1,5103,5044,5081,-1,5104,5045,5082,-1,5104,5066,5045,-1,5105,5067,5046,-1,5105,5046,5083,-1,5106,5047,5084,-1,5106,5068,5047,-1,5107,5069,5048,-1,5107,5048,5085,-1,5108,5049,5086,-1,5108,5070,5049,-1,5109,5071,5050,-1,5109,5050,5087,-1,5110,5072,5051,-1,5110,5051,5088,-1,5111,5073,5074,-1,5111,5074,5112,-1,5113,5052,5089,-1,5113,5075,5052,-1,5114,5053,5090,-1,5114,5076,5053,-1,5115,5054,5091,-1,5115,5077,5054,-1,5116,5079,5056,-1,5116,5056,5092,-1,5117,5057,5093,-1,5117,5080,5057,-1,5118,5081,5058,-1,5118,5058,5094,-1,5119,5059,5095,-1,5119,5082,5059,-1,5120,5060,5096,-1,5120,5083,5060,-1,5121,5084,5097,-1,5122,5085,5062,-1,5122,5062,5098,-1,5123,5124,5100,-1,5123,5100,5099,-1,5125,5063,5101,-1,5125,5086,5063,-1,5126,5087,5064,-1,5126,5064,5102,-1,5127,5088,5065,-1,5127,5065,5103,-1,5128,5066,5104,-1,5128,5089,5066,-1,5129,5090,5067,-1,5129,5067,5105,-1,5130,5068,5106,-1,5130,5091,5068,-1,5131,5092,5069,-1,5131,5069,5107,-1,5131,5116,5092,-1,5132,5093,5070,-1,5132,5070,5108,-1,5133,5094,5071,-1,5133,5071,5109,-1,5134,5095,5072,-1,5134,5072,5110,-1,5135,5073,5111,-1,5135,5096,5073,-1,5136,5097,5075,-1,5136,5075,5113,-1,5137,5098,5076,-1,5137,5076,5114,-1,5138,5077,5115,-1,5138,5099,5077,-1,5139,5079,5116,-1,5139,5101,5079,-1,5140,5102,5080,-1,5140,5080,5117,-1,5141,5103,5081,-1,5141,5081,5118,-1,5142,5082,5119,-1,5142,5104,5082,-1,5143,5083,5120,-1,5143,5105,5083,-1,5144,5084,5121,-1,5144,5106,5084,-1,5145,5085,5122,-1,5145,5107,5085,-1,5146,5147,5124,-1,5146,5124,5123,-1,5148,5108,5086,-1,5148,5086,5125,-1,5149,5087,5126,-1,5149,5133,5109,-1,5149,5109,5087,-1,5150,5088,5127,-1,5150,5110,5088,-1,5151,5111,5112,-1,5151,5152,5153,-1,5151,5112,5152,-1,5154,5089,5128,-1,5154,5113,5089,-1,5155,5090,5129,-1,5155,5114,5090,-1,5156,5091,5130,-1,5156,5115,5091,-1,5157,5116,5131,-1,5158,5093,5132,-1,5158,5117,5093,-1,5159,5094,5133,-1,5159,5118,5094,-1,5160,5095,5134,-1,5160,5119,5095,-1,5161,5096,5135,-1,5161,5120,5096,-1,5162,5121,5097,-1,5162,5097,5136,-1,5163,5098,5137,-1,5163,5122,5098,-1,5164,5123,5099,-1,5164,5099,5138,-1,5165,5101,5139,-1,5165,5125,5101,-1,5166,5102,5140,-1,5166,5126,5102,-1,5167,5103,5141,-1,5167,5150,5127,-1,5167,5127,5103,-1,5168,5104,5142,-1,5168,5128,5104,-1,5169,5129,5105,-1,5169,5105,5143,-1,5169,5155,5129,-1,5170,5106,5144,-1,5170,5130,5106,-1,5171,5131,5107,-1,5171,5107,5145,-1,5172,5173,5174,-1,5172,5174,5147,-1,5172,5147,5146,-1,5175,5108,5148,-1,5175,5132,5108,-1,5176,5133,5149,-1,5177,5134,5110,-1,5177,5110,5150,-1,5178,5111,5151,-1,5178,5135,5111,-1,5179,5136,5113,-1,5179,5113,5154,-1,5180,5114,5155,-1,5180,5137,5114,-1,5181,5115,5156,-1,5181,5138,5115,-1,5182,5139,5116,-1,5182,5116,5157,-1,5183,5140,5117,-1,5183,5117,5158,-1,5184,5141,5118,-1,5184,5118,5159,-1,5185,5142,5119,-1,5185,5119,5160,-1,5186,5120,5161,-1,5186,5143,5120,-1,5187,5144,5121,-1,5187,5121,5162,-1,5188,5122,5163,-1,5188,5145,5122,-1,5189,5123,5164,-1,5189,5146,5123,-1,5190,5148,5125,-1,5190,5125,5165,-1,5191,5126,5166,-1,5191,5149,5126,-1,5192,5150,5167,-1,5193,5151,5153,-1,5194,5154,5128,-1,5194,5128,5168,-1,5195,5155,5169,-1,5196,5130,5170,-1,5196,5156,5130,-1,5197,5131,5171,-1,5197,5157,5131,-1,5198,5173,5172,-1,5199,5132,5175,-1,5199,5158,5132,-1,5200,5159,5133,-1,5200,5133,5176,-1,5201,5160,5134,-1,5201,5134,5177,-1,5202,5161,5135,-1,5202,5135,5178,-1,5203,5136,5179,-1,5203,5162,5136,-1,5204,5163,5137,-1,5204,5137,5180,-1,5205,5164,5138,-1,5205,5138,5181,-1,5206,5165,5139,-1,5206,5139,5182,-1,5207,5140,5183,-1,5207,5166,5140,-1,5208,5141,5184,-1,5208,5167,5141,-1,5209,5168,5142,-1,5209,5142,5185,-1,5209,5194,5168,-1,5210,5143,5186,-1,5210,5169,5143,-1,5211,5144,5187,-1,5211,5170,5144,-1,5212,5171,5145,-1,5212,5145,5188,-1,5213,5172,5146,-1,5213,5146,5189,-1,5214,5175,5148,-1,5214,5148,5190,-1,5215,5149,5191,-1,5215,5176,5149,-1,5216,5150,5192,-1,5216,5201,5177,-1,5216,5177,5150,-1,5217,5151,5193,-1,5217,5178,5151,-1,5218,5179,5154,-1,5218,5154,5194,-1,5219,5155,5195,-1,5219,5180,5155,-1,5220,5156,5196,-1,5220,5181,5156,-1,5221,5157,5197,-1,5221,5182,5157,-1,5222,5173,5198,-1,5222,5223,5173,-1,5224,5158,5199,-1,5224,5183,5158,-1,5225,5159,5200,-1,5225,5184,5159,-1,5226,5185,5160,-1,5226,5160,5201,-1,5227,5161,5202,-1,5227,5186,5161,-1,5228,5162,5203,-1,5228,5187,5162,-1,5229,5163,5204,-1,5229,5188,5163,-1,5230,5189,5164,-1,5230,5164,5205,-1,5231,5165,5206,-1,5231,5190,5165,-1,5232,5166,5207,-1,5232,5191,5166,-1,5232,5215,5191,-1,5233,5167,5208,-1,5233,5192,5167,-1,5234,5193,5153,-1,5234,5153,5235,-1,5236,5194,5209,-1,5237,5195,5169,-1,5237,5169,5210,-1,5238,5170,5211,-1,5238,5196,5170,-1,5239,5197,5171,-1,5239,5171,5212,-1,5240,5198,5172,-1,5240,5172,5213,-1,5241,5175,5214,-1,5241,5199,5175,-1,5242,5176,5215,-1,5242,5225,5200,-1,5242,5200,5176,-1,5243,5201,5216,-1,5244,5202,5178,-1,5244,5178,5217,-1,5245,5203,5179,-1,5245,5179,5218,-1,5246,5204,5180,-1,5246,5180,5219,-1,5247,5205,5181,-1,5247,5181,5220,-1,5248,5206,5182,-1,5248,5182,5221,-1,5249,5250,5223,-1,5249,5223,5222,-1,5251,5183,5224,-1,5251,5207,5183,-1,5252,5184,5225,-1,5252,5233,5208,-1,5252,5208,5184,-1,5253,5185,5226,-1,5253,5209,5185,-1,5254,5186,5227,-1,5254,5210,5186,-1,5255,5187,5228,-1,5255,5211,5187,-1,5256,5188,5229,-1,5256,5212,5188,-1,5257,5189,5230,-1,5257,5213,5189,-1,5258,5214,5190,-1,5258,5190,5231,-1,5258,5241,5214,-1,5259,5215,5232,-1,5260,5192,5233,-1,5260,5216,5192,-1,5261,5244,5217,-1,5261,5217,5193,-1,5261,5193,5234,-1,5262,5194,5236,-1,5262,5245,5218,-1,5262,5218,5194,-1,5263,5195,5237,-1,5263,5219,5195,-1,5263,5246,5219,-1,5264,5196,5238,-1,5264,5220,5196,-1,5265,5221,5197,-1,5265,5197,5239,-1,5266,5222,5198,-1,5266,5198,5240,-1,5267,5199,5241,-1,5267,5224,5199,-1,5268,5225,5242,-1,5269,5201,5243,-1,5269,5226,5201,-1,5270,5227,5202,-1,5270,5202,5244,-1,5271,5228,5203,-1,5271,5203,5245,-1,5272,5256,5229,-1,5272,5229,5204,-1,5272,5204,5246,-1,5273,5205,5247,-1,5273,5230,5205,-1,5274,5206,5248,-1,5274,5231,5206,-1,5274,5258,5231,-1,5275,5276,5250,-1,5275,5250,5249,-1,5277,5232,5207,-1,5277,5207,5251,-1,5278,5233,5252,-1,5279,5234,5235,-1,5279,5261,5234,-1,5279,5235,5280,-1,5281,5209,5253,-1,5281,5236,5209,-1,5282,5237,5210,-1,5282,5210,5254,-1,5283,5211,5255,-1,5283,5238,5211,-1,5284,5265,5239,-1,5284,5239,5212,-1,5284,5212,5256,-1,5285,5240,5213,-1,5285,5213,5257,-1,5286,5241,5258,-1,5287,5215,5259,-1,5287,5242,5215,-1,5288,5216,5260,-1,5288,5243,5216,-1,5289,5244,5261,-1,5290,5245,5262,-1,5291,5246,5263,-1,5292,5220,5264,-1,5292,5247,5220,-1,5293,5221,5265,-1,5293,5248,5221,-1,5294,5222,5266,-1,5294,5249,5222,-1,5295,5251,5224,-1,5295,5224,5267,-1,5296,5225,5268,-1,5296,5252,5225,-1,5297,5253,5226,-1,5297,5226,5269,-1,5298,5227,5270,-1,5298,5254,5227,-1,5299,5255,5228,-1,5299,5228,5271,-1,5300,5256,5272,-1,5301,5230,5273,-1,5301,5257,5230,-1,5302,5258,5274,-1,5303,5276,5275,-1,5303,5304,5276,-1,5305,5232,5277,-1,5305,5259,5232,-1,5306,5260,5233,-1,5306,5233,5278,-1,5307,5261,5279,-1,5308,5262,5236,-1,5308,5236,5281,-1,5309,5263,5237,-1,5309,5237,5282,-1,5310,5238,5283,-1,5310,5264,5238,-1,5311,5265,5284,-1,5312,5266,5240,-1,5312,5240,5285,-1,5313,5241,5286,-1,5313,5267,5241,-1,5314,5242,5287,-1,5314,5268,5242,-1,5315,5269,5243,-1,5315,5243,5288,-1,5316,5244,5289,-1,5316,5270,5244,-1,5317,5271,5245,-1,5317,5245,5290,-1,5318,5272,5246,-1,5318,5246,5291,-1,5319,5247,5292,-1,5319,5273,5247,-1,5320,5274,5248,-1,5320,5248,5293,-1,5321,5275,5249,-1,5321,5249,5294,-1,5322,5277,5251,-1,5322,5251,5295,-1,5323,5252,5296,-1,5323,5278,5252,-1,5324,5279,5280,-1,5324,5280,5325,-1,5326,5281,5253,-1,5326,5253,5297,-1,5327,5254,5298,-1,5327,5282,5254,-1,5328,5283,5255,-1,5328,5255,5299,-1,5329,5256,5300,-1,5329,5284,5256,-1,5330,5285,5257,-1,5330,5257,5301,-1,5331,5286,5258,-1,5331,5258,5302,-1,5332,5333,5304,-1,5332,5304,5303,-1,5334,5259,5305,-1,5334,5314,5287,-1,5334,5287,5259,-1,5335,5260,5306,-1,5335,5288,5260,-1,5336,5261,5307,-1,5336,5289,5261,-1,5337,5262,5308,-1,5337,5290,5262,-1,5338,5263,5309,-1,5338,5291,5263,-1,5339,5292,5264,-1,5339,5264,5310,-1,5340,5265,5311,-1,5340,5293,5265,-1,5340,5320,5293,-1,5341,5294,5266,-1,5341,5266,5312,-1,5342,5267,5313,-1,5342,5295,5267,-1,5343,5296,5268,-1,5343,5268,5314,-1,5344,5297,5269,-1,5344,5269,5315,-1,5345,5298,5270,-1,5345,5270,5316,-1,5346,5271,5317,-1,5346,5299,5271,-1,5346,5328,5299,-1,5347,5300,5272,-1,5347,5272,5318,-1,5348,5273,5319,-1,5348,5301,5273,-1,5349,5302,5274,-1,5349,5274,5320,-1,5350,5303,5275,-1,5350,5275,5321,-1,5351,5277,5322,-1,5351,5305,5277,-1,5351,5334,5305,-1,5352,5278,5323,-1,5352,5306,5278,-1,5353,5279,5324,-1,5353,5307,5279,-1,5354,5308,5281,-1,5354,5281,5326,-1,5355,5309,5282,-1,5355,5282,5327,-1,5356,5283,5328,-1,5356,5310,5283,-1,5357,5311,5284,-1,5357,5284,5329,-1,5357,5340,5311,-1,5358,5312,5285,-1,5358,5285,5330,-1,5359,5286,5331,-1,5359,5313,5286,-1,5360,5361,5333,-1,5360,5333,5332,-1,5362,5314,5334,-1,5363,5288,5335,-1,5363,5315,5288,-1,5363,5344,5315,-1,5364,5289,5336,-1,5364,5345,5316,-1,5364,5316,5289,-1,5365,5290,5337,-1,5365,5317,5290,-1,5366,5318,5291,-1,5366,5291,5338,-1,5367,5292,5339,-1,5367,5319,5292,-1,5367,5348,5319,-1,5368,5320,5340,-1,5369,5321,5294,-1,5369,5294,5341,-1,5370,5295,5342,-1,5370,5322,5295,-1,5371,5323,5296,-1,5371,5296,5343,-1,5372,5353,5324,-1,5372,5324,5325,-1,5372,5325,5373,-1,5374,5326,5297,-1,5374,5297,5344,-1,5375,5327,5298,-1,5375,5298,5345,-1,5376,5328,5346,-1,5377,5300,5347,-1,5377,5329,5300,-1,5378,5301,5348,-1,5378,5330,5301,-1,5379,5331,5302,-1,5379,5302,5349,-1,5380,5303,5350,-1,5380,5332,5303,-1,5381,5334,5351,-1,5382,5306,5352,-1,5382,5335,5306,-1,5383,5336,5307,-1,5383,5307,5353,-1,5384,5337,5308,-1,5384,5308,5354,-1,5385,5338,5309,-1,5385,5309,5355,-1,5386,5310,5356,-1,5386,5339,5310,-1,5387,5340,5357,-1,5388,5312,5358,-1,5388,5341,5312,-1,5389,5342,5313,-1,5389,5313,5359,-1,5390,5391,5361,-1,5390,5361,5360,-1,5392,5343,5314,-1,5392,5314,5362,-1,5393,5344,5363,-1,5394,5345,5364,-1,5395,5346,5317,-1,5395,5317,5365,-1,5396,5347,5318,-1,5396,5318,5366,-1,5397,5348,5367,-1,5398,5349,5320,-1,5398,5320,5368,-1,5399,5321,5369,-1,5399,5350,5321,-1,5400,5351,5322,-1,5400,5322,5370,-1,5401,5382,5352,-1,5401,5323,5371,-1,5401,5352,5323,-1,5402,5353,5372,-1,5403,5354,5326,-1,5403,5326,5374,-1,5404,5355,5327,-1,5404,5327,5375,-1,5405,5356,5328,-1,5405,5328,5376,-1,5406,5329,5377,-1,5406,5357,5329,-1,5407,5330,5378,-1,5407,5358,5330,-1,5408,5359,5331,-1,5408,5331,5379,-1,5409,5332,5380,-1,5409,5360,5332,-1,5410,5362,5334,-1,5410,5334,5381,-1,5411,5363,5335,-1,5411,5335,5382,-1,5412,5364,5336,-1,5412,5336,5383,-1,5413,5365,5337,-1,5413,5337,5384,-1,5414,5338,5385,-1,5414,5366,5338,-1,5415,5339,5386,-1,5415,5367,5339,-1,5416,5340,5387,-1,5416,5398,5368,-1,5416,5368,5340,-1,5417,5369,5341,-1,5417,5341,5388,-1,5418,5342,5389,-1,5418,5370,5342,-1,5418,5400,5370,-1,5419,5420,5391,-1,5419,5391,5390,-1,5421,5343,5392,-1,5421,5371,5343,-1,5422,5372,5373,-1,5422,5423,5424,-1,5422,5373,5423,-1,5425,5374,5344,-1,5425,5344,5393,-1,5426,5404,5375,-1,5426,5345,5394,-1,5426,5375,5345,-1,5427,5346,5395,-1,5427,5376,5346,-1,5428,5377,5347,-1,5428,5347,5396,-1,5429,5348,5397,-1,5429,5378,5348,-1,5430,5349,5398,-1,5430,5379,5349,-1,5430,5408,5379,-1,5431,5350,5399,-1,5431,5380,5350,-1,5432,5351,5400,-1,5432,5381,5351,-1,5433,5382,5401,-1,5434,5383,5353,-1,5434,5353,5402,-1,5435,5384,5354,-1,5435,5354,5403,-1,5436,5385,5355,-1,5436,5355,5404,-1,5437,5356,5405,-1,5437,5386,5356,-1,5437,5415,5386,-1,5438,5357,5406,-1,5438,5387,5357,-1,5439,5388,5358,-1,5439,5358,5407,-1,5440,5359,5408,-1,5440,5389,5359,-1,5441,5390,5360,-1,5441,5360,5409,-1,5442,5392,5362,-1,5442,5362,5410,-1,5443,5363,5411,-1,5443,5393,5363,-1,5444,5394,5364,-1,5444,5364,5412,-1,5445,5427,5395,-1,5445,5365,5413,-1,5445,5395,5365,-1,5446,5396,5366,-1,5446,5366,5414,-1,5447,5367,5415,-1,5447,5397,5367,-1,5448,5398,5416,-1,5449,5369,5417,-1,5449,5399,5369,-1,5450,5400,5418,-1,5451,5452,5453,-1,5451,5453,5420,-1,5451,5420,5419,-1,5454,5401,5371,-1,5454,5371,5421,-1,5455,5402,5372,-1,5455,5372,5422,-1,5456,5403,5374,-1,5456,5374,5425,-1,5457,5404,5426,-1,5458,5405,5376,-1,5458,5376,5427,-1,5459,5377,5428,-1,5459,5438,5406,-1,5459,5406,5377,-1,5460,5407,5378,-1,5460,5439,5407,-1,5460,5378,5429,-1,5461,5408,5430,-1,5462,5380,5431,-1,5462,5409,5380,-1,5463,5381,5432,-1,5463,5410,5381,-1,5464,5382,5433,-1,5464,5443,5411,-1,5464,5411,5382,-1,5465,5444,5412,-1,5465,5412,5383,-1,5465,5383,5434,-1,5466,5384,5435,-1,5466,5413,5384,-1,5467,5414,5385,-1,5467,5385,5436,-1,5468,5415,5437,-1,5469,5416,5387,-1,5469,5387,5438,-1,5470,5388,5439,-1,5470,5417,5388,-1,5471,5418,5389,-1,5471,5389,5440,-1,5472,5390,5441,-1,5472,5419,5390,-1,5473,5421,5392,-1,5473,5392,5442,-1,5474,5422,5424,-1,5475,5425,5393,-1,5475,5393,5443,-1,5476,5394,5444,-1,5476,5426,5394,-1,5477,5427,5445,-1,5478,5428,5396,-1,5478,5396,5446,-1,5479,5397,5447,-1,5479,5429,5397,-1,5480,5398,5448,-1,5480,5430,5398,-1,5481,5399,5449,-1,5481,5431,5399,-1,5482,5463,5432,-1,5482,5432,5400,-1,5482,5400,5450,-1,5483,5452,5451,-1,5484,5433,5401,-1,5484,5401,5454,-1,5485,5402,5455,-1,5485,5434,5402,-1,5486,5403,5456,-1,5486,5435,5403,-1,5487,5404,5457,-1,5487,5436,5404,-1,5487,5467,5436,-1,5488,5405,5458,-1,5488,5437,5405,-1,5489,5438,5459,-1,5490,5439,5460,-1,5491,5440,5408,-1,5491,5408,5461,-1,5492,5409,5462,-1,5492,5441,5409,-1,5493,5410,5463,-1,5493,5442,5410,-1,5494,5443,5464,-1,5495,5444,5465,-1,5496,5445,5413,-1,5496,5413,5466,-1,5497,5446,5414,-1,5497,5414,5467,-1,5498,5447,5415,-1,5498,5415,5468,-1,5499,5448,5416,-1,5499,5416,5469,-1,5500,5481,5449,-1,5500,5449,5417,-1,5500,5417,5470,-1,5501,5418,5471,-1,5501,5450,5418,-1,5502,5451,5419,-1,5502,5419,5472,-1,5503,5421,5473,-1,5503,5454,5421,-1,5504,5455,5422,-1,5504,5422,5474,-1,5505,5456,5425,-1,5505,5425,5475,-1,5506,5457,5426,-1,5506,5426,5476,-1,5507,5427,5477,-1,5507,5458,5427,-1,5508,5428,5478,-1,5508,5459,5428,-1,5509,5429,5479,-1,5509,5460,5429,-1,5510,5430,5480,-1,5510,5461,5430,-1,5511,5462,5431,-1,5511,5431,5481,-1,5512,5463,5482,-1,5513,5514,5452,-1,5513,5452,5483,-1,5515,5464,5433,-1,5515,5433,5484,-1,5516,5434,5485,-1,5516,5465,5434,-1,5517,5466,5435,-1,5517,5435,5486,-1,5518,5467,5487,-1,5518,5497,5467,-1,5519,5437,5488,-1,5519,5468,5437,-1,5520,5438,5489,-1,5520,5499,5469,-1,5520,5469,5438,-1,5521,5470,5439,-1,5521,5439,5490,-1,5522,5471,5440,-1,5522,5440,5491,-1,5523,5472,5441,-1,5523,5441,5492,-1,5524,5442,5493,-1,5524,5473,5442,-1,5525,4412,4661,-1,5525,4665,4412,-1,5525,5424,4665,-1,5525,5504,5474,-1,5525,5474,5424,-1,5526,5475,5443,-1,5526,5443,5494,-1,5527,5444,5495,-1,5527,5506,5476,-1,5527,5476,5444,-1,5528,5445,5496,-1,5528,5477,5445,-1,5529,5478,5446,-1,5529,5446,5497,-1,5530,5447,5498,-1,5530,5479,5447,-1,5531,5448,5499,-1,5531,5480,5448,-1,5532,5481,5500,-1,5533,5482,5450,-1,5533,5450,5501,-1,5534,5483,5451,-1,5534,5451,5502,-1,5535,5454,5503,-1,5535,5515,5484,-1,5535,5484,5454,-1,5536,5455,5504,-1,5536,5485,5455,-1,5537,5486,5456,-1,5537,5456,5505,-1,5538,5487,5457,-1,5538,5457,5506,-1,5539,5458,5507,-1,5539,5488,5458,-1,5540,5489,5459,-1,5540,5459,5508,-1,5541,5490,5460,-1,5541,5460,5509,-1,5542,5491,5461,-1,5542,5461,5510,-1,5543,5492,5462,-1,5543,5462,5511,-1,5544,5463,5512,-1,5544,5493,5463,-1,5545,5514,5513,-1,5545,5546,5547,-1,5545,5547,5514,-1,5548,5464,5515,-1,5548,5494,5464,-1,5548,5526,5494,-1,5549,5465,5516,-1,5549,5495,5465,-1,5550,5466,5517,-1,5550,5496,5466,-1,5551,5497,5518,-1,5552,5498,5468,-1,5552,5468,5519,-1,5553,5499,5520,-1,5554,5470,5521,-1,5554,5500,5470,-1,5555,5501,5471,-1,5555,5471,5522,-1,5556,5502,5472,-1,5556,5472,5523,-1,5557,5503,5473,-1,5557,5473,5524,-1,5558,4659,4657,-1,5558,4661,4659,-1,5558,5504,5525,-1,5558,5525,4661,-1,5559,5505,5475,-1,5559,5475,5526,-1,5560,5506,5527,-1,5561,5477,5528,-1,5561,5507,5477,-1,5562,5478,5529,-1,5562,5508,5478,-1,5563,5479,5530,-1,5563,5541,5509,-1,5563,5509,5479,-1,5564,5510,5480,-1,5564,5480,5531,-1,5565,5511,5481,-1,5565,5481,5532,-1,5566,5482,5533,-1,5566,5544,5512,-1,5566,5512,5482,-1,5567,5513,5483,-1,5567,5483,5534,-1,5568,5515,5535,-1,5568,5548,5515,-1,5569,5516,5485,-1,5569,5485,5536,-1,5570,5486,5537,-1,5570,5517,5486,-1,5571,5487,5538,-1,5571,5518,5487,-1,5572,5519,5488,-1,5572,5488,5539,-1,5573,5520,5489,-1,5573,5489,5540,-1,5574,5490,5541,-1,5574,5521,5490,-1,5575,5555,5522,-1,5575,5491,5542,-1,5575,5522,5491,-1,5576,5523,5492,-1,5576,5492,5543,-1,5577,5524,5493,-1,5577,5493,5544,-1,5578,5546,5545,-1,5579,5526,5548,-1,5580,5495,5549,-1,5580,5527,5495,-1,5581,5528,5496,-1,5581,5496,5550,-1,5582,5562,5529,-1,5582,5529,5497,-1,5582,5497,5551,-1,5583,5530,5498,-1,5583,5498,5552,-1,5584,5531,5499,-1,5584,5499,5553,-1,5585,5532,5500,-1,5585,5500,5554,-1,5586,5533,5501,-1,5586,5501,5555,-1,5587,5502,5556,-1,5587,5534,5502,-1,5588,5535,5503,-1,5588,5503,5557,-1,5589,5504,5558,-1,5589,5536,5504,-1,5589,5558,4657,-1,5590,5505,5559,-1,5590,5537,5505,-1,5591,5506,5560,-1,5591,5538,5506,-1,5591,5571,5538,-1,5592,5507,5561,-1,5592,5539,5507,-1,5593,5508,5562,-1,5593,5540,5508,-1,5594,5541,5563,-1,5595,5510,5564,-1,5595,5542,5510,-1,5596,5511,5565,-1,5596,5543,5511,-1,5597,5544,5566,-1,5598,5513,5567,-1,5598,5545,5513,-1,5599,5548,5568,-1,5600,5549,5516,-1,5600,5516,5569,-1,5601,5517,5570,-1,5601,5550,5517,-1,5602,5518,5571,-1,5602,5551,5518,-1,5603,5519,5572,-1,5603,5552,5519,-1,5604,5553,5520,-1,5604,5520,5573,-1,5605,5554,5521,-1,5605,5521,5574,-1,5606,5555,5575,-1,5607,5523,5576,-1,5607,5556,5523,-1,5608,5524,5577,-1,5608,5588,5557,-1,5608,5557,5524,-1,5609,5610,5546,-1,5609,5546,5578,-1,5611,5526,5579,-1,5611,5559,5526,-1,5612,5527,5580,-1,5612,5560,5527,-1,5613,5528,5581,-1,5613,5561,5528,-1,5614,5562,5582,-1,5615,5563,5530,-1,5615,5530,5583,-1,5616,5531,5584,-1,5616,5564,5531,-1,5617,5532,5585,-1,5617,5565,5532,-1,5618,5566,5533,-1,5618,5533,5586,-1,5619,5534,5587,-1,5619,5567,5534,-1,5619,5598,5567,-1,5620,5535,5588,-1,5620,5568,5535,-1,5621,4655,4653,-1,5621,4657,4655,-1,5621,5536,5589,-1,5621,5589,4657,-1,5621,5569,5536,-1,5621,5600,5569,-1,5622,5570,5537,-1,5622,5537,5590,-1,5623,5571,5591,-1,5624,5539,5592,-1,5624,5572,5539,-1,5625,5540,5593,-1,5625,5573,5540,-1,5626,5541,5594,-1,5626,5574,5541,-1,5627,5542,5595,-1,5627,5575,5542,-1,5628,5543,5596,-1,5628,5576,5543,-1,5629,5608,5577,-1,5629,5577,5544,-1,5629,5544,5597,-1,5630,5545,5598,-1,5630,5578,5545,-1,5630,5609,5578,-1,5631,5579,5548,-1,5631,5548,5599,-1,5632,5580,5549,-1,5632,5549,5600,-1,5633,5550,5601,-1,5633,5581,5550,-1,5634,5582,5551,-1,5634,5551,5602,-1,5635,5583,5552,-1,5635,5552,5603,-1,5636,5553,5604,-1,5636,5584,5553,-1,5637,5554,5605,-1,5637,5585,5554,-1,5637,5617,5585,-1,5638,5555,5606,-1,5638,5586,5555,-1,5639,5556,5607,-1,5639,5587,5556,-1,5640,5588,5608,-1,5641,5642,5610,-1,5641,5610,5609,-1,5643,5559,5611,-1,5643,5590,5559,-1,5644,5591,5560,-1,5644,5560,5612,-1,5645,5561,5613,-1,5645,5592,5561,-1,5646,5625,5593,-1,5646,5593,5562,-1,5646,5562,5614,-1,5647,5594,5563,-1,5647,5563,5615,-1,5647,5626,5594,-1,5648,5564,5616,-1,5648,5595,5564,-1,5649,5596,5565,-1,5649,5565,5617,-1,5650,5566,5618,-1,5650,5597,5566,-1,5651,5598,5619,-1,5652,5568,5620,-1,5652,5599,5568,-1,5653,5621,4653,-1,5653,5600,5621,-1,5654,5601,5570,-1,5654,5570,5622,-1,5655,5571,5623,-1,5655,5602,5571,-1,5656,5572,5624,-1,5656,5603,5572,-1,5657,5573,5625,-1,5657,5604,5573,-1,5658,5574,5626,-1,5658,5605,5574,-1,5659,5575,5627,-1,5659,5606,5575,-1,5660,5607,5576,-1,5660,5576,5628,-1,5660,5639,5607,-1,5661,5608,5629,-1,5662,5609,5630,-1,5663,5643,5611,-1,5663,5579,5631,-1,5663,5611,5579,-1,5664,5580,5632,-1,5664,5612,5580,-1,5665,5613,5581,-1,5665,5581,5633,-1,5666,5582,5634,-1,5666,5614,5582,-1,5667,5615,5583,-1,5667,5583,5635,-1,5667,5647,5615,-1,5668,5616,5584,-1,5668,5584,5636,-1,5669,5617,5637,-1,5670,5586,5638,-1,5670,5618,5586,-1,5671,5587,5639,-1,5671,5619,5587,-1,5672,5588,5640,-1,5672,5652,5620,-1,5672,5620,5588,-1,5673,5674,5642,-1,5673,5642,5641,-1,5675,5622,5590,-1,5675,5590,5643,-1,5676,5591,5644,-1,5676,5623,5591,-1,5677,5592,5645,-1,5677,5624,5592,-1,5678,5625,5646,-1,5679,5626,5647,-1,5680,5627,5595,-1,5680,5659,5627,-1,5680,5595,5648,-1,5681,5596,5649,-1,5681,5628,5596,-1,5682,5629,5597,-1,5682,5597,5650,-1,5683,5630,5598,-1,5683,5598,5651,-1,5684,5631,5599,-1,5684,5599,5652,-1,5685,5600,5653,-1,5685,4653,4651,-1,5685,5653,4653,-1,5685,5632,5600,-1,5686,5633,5601,-1,5686,5601,5654,-1,5687,5602,5655,-1,5687,5634,5602,-1,5687,5666,5634,-1,5688,5603,5656,-1,5688,5635,5603,-1,5689,5604,5657,-1,5689,5636,5604,-1,5690,5637,5605,-1,5690,5605,5658,-1,5691,5670,5638,-1,5691,5638,5606,-1,5691,5606,5659,-1,5692,5639,5660,-1,5693,5640,5608,-1,5693,5608,5661,-1,5694,5609,5662,-1,5694,5641,5609,-1,5695,5643,5663,-1,5696,5612,5664,-1,5696,5644,5612,-1,5697,5613,5665,-1,5697,5645,5613,-1,5698,5614,5666,-1,5698,5646,5614,-1,5699,5647,5667,-1,5700,5616,5668,-1,5700,5680,5648,-1,5700,5648,5616,-1,5701,5649,5617,-1,5701,5617,5669,-1,5702,5618,5670,-1,5702,5650,5618,-1,5703,5651,5619,-1,5703,5619,5671,-1,5704,5684,5652,-1,5704,5652,5672,-1,5705,5706,5707,-1,5705,5707,5674,-1,5705,5674,5673,-1,5708,5622,5675,-1,5708,5654,5622,-1,5709,5655,5623,-1,5709,5623,5676,-1,5710,5656,5624,-1,5710,5688,5656,-1,5710,5624,5677,-1,5711,5657,5625,-1,5711,5625,5678,-1,5711,5689,5657,-1,5712,5626,5679,-1,5712,5658,5626,-1,5713,5659,5680,-1,5714,5660,5628,-1,5714,5628,5681,-1,5715,5629,5682,-1,5715,5661,5629,-1,5716,5630,5683,-1,5716,5662,5630,-1,5717,5663,5631,-1,5717,5631,5684,-1,5718,5632,5685,-1,5718,4651,4648,-1,5718,5685,4651,-1,5718,5664,5632,-1,5719,5665,5633,-1,5719,5633,5686,-1,5720,5666,5687,-1,5721,5667,5635,-1,5721,5699,5667,-1,5721,5635,5688,-1,5722,5636,5689,-1,5722,5668,5636,-1,5723,5637,5690,-1,5723,5669,5637,-1,5724,5670,5691,-1,5725,5671,5639,-1,5725,5703,5671,-1,5725,5639,5692,-1,5726,5672,5640,-1,5726,5640,5693,-1,5727,5641,5694,-1,5727,5673,5641,-1,5728,5708,5675,-1,5728,5675,5643,-1,5728,5643,5695,-1,5729,5644,5696,-1,5729,5676,5644,-1,5730,5645,5697,-1,5730,5677,5645,-1,5731,5646,5698,-1,5731,5678,5646,-1,5732,5679,5647,-1,5732,5647,5699,-1,5733,5680,5700,-1,5734,5649,5701,-1,5734,5681,5649,-1,5735,5682,5650,-1,5735,5650,5702,-1,5736,5651,5703,-1,5736,5716,5683,-1,5736,5683,5651,-1,5737,5684,5704,-1,5738,5706,5705,-1,5739,5654,5708,-1,5739,5686,5654,-1,5740,5655,5709,-1,5740,5687,5655,-1,5741,5688,5710,-1,5742,5689,5711,-1,5743,5690,5658,-1,5743,5658,5712,-1,5744,5659,5713,-1,5744,5691,5659,-1,5745,5692,5660,-1,5745,5660,5714,-1,5746,5661,5715,-1,5746,5693,5661,-1,5747,5694,5662,-1,5747,5662,5716,-1,5748,5663,5717,-1,5748,5695,5663,-1,5749,5718,4648,-1,5749,4646,4645,-1,5749,4648,4646,-1,5749,5696,5664,-1,5749,5664,5718,-1,5750,5697,5665,-1,5750,5665,5719,-1,5751,5666,5720,-1,5751,5698,5666,-1,5752,5699,5721,-1,5753,5668,5722,-1,5753,5700,5668,-1,5754,5669,5723,-1,5754,5701,5669,-1,5755,5702,5670,-1,5755,5670,5724,-1,5756,5703,5725,-1,5756,5736,5703,-1,5757,5672,5726,-1,5757,5704,5672,-1,5758,5673,5727,-1,5758,5705,5673,-1,5759,5708,5728,-1,5760,5676,5729,-1,5760,5709,5676,-1,5761,5710,5677,-1,5761,5677,5730,-1,5762,5678,5731,-1,5762,5711,5678,-1,5763,5679,5732,-1,5763,5712,5679,-1,5763,5743,5712,-1,5764,5713,5680,-1,5764,5680,5733,-1,5765,5681,5734,-1,5765,5714,5681,-1,5766,5682,5735,-1,5766,5715,5682,-1,5766,5746,5715,-1,5767,5716,5736,-1,5768,5684,5737,-1,5768,5717,5684,-1,5768,5748,5717,-1,5769,5770,5706,-1,5769,5706,5738,-1,5771,5719,5686,-1,5771,5686,5739,-1,5772,5720,5687,-1,5772,5687,5740,-1,5773,5721,5688,-1,5773,5688,5741,-1,5774,5689,5742,-1,5774,5722,5689,-1,5775,5690,5743,-1,5775,5723,5690,-1,5776,5724,5691,-1,5776,5691,5744,-1,5777,5692,5745,-1,5777,5725,5692,-1,5778,5693,5746,-1,5778,5726,5693,-1,5779,5727,5694,-1,5779,5694,5747,-1,5780,5695,5748,-1,5780,5728,5695,-1,5781,5760,5729,-1,5781,5729,5696,-1,5781,5696,5749,-1,5781,5749,4645,-1,5782,5730,5697,-1,5782,5697,5750,-1,5783,5762,5731,-1,5783,5731,5698,-1,5783,5698,5751,-1,5784,5732,5699,-1,5784,5699,5752,-1,5785,5764,5733,-1,5785,5733,5700,-1,5785,5700,5753,-1,5786,5701,5754,-1,5786,5734,5701,-1,5787,5702,5755,-1,5787,5766,5735,-1,5787,5735,5702,-1,5788,5736,5756,-1,5789,5704,5757,-1,5789,5737,5704,-1,5790,5705,5758,-1,5790,5738,5705,-1,5791,5708,5759,-1,5791,5739,5708,-1,5792,5709,5760,-1,5792,5772,5740,-1,5792,5740,5709,-1,5793,5710,5761,-1,5793,5741,5710,-1,5794,5711,5762,-1,5794,5742,5711,-1,5795,5743,5763,-1,5796,5744,5713,-1,5796,5713,5764,-1,5797,5714,5765,-1,5797,5745,5714,-1,5797,5777,5745,-1,5798,5746,5766,-1,5799,5716,5767,-1,5799,5747,5716,-1,5800,5748,5768,-1,5801,5802,5770,-1,5801,5770,5769,-1,5803,5719,5771,-1,5803,5750,5719,-1,5804,5720,5772,-1,5804,5751,5720,-1,5805,5752,5721,-1,5805,5721,5773,-1,5806,5722,5774,-1,5806,5753,5722,-1,5806,5785,5753,-1,5807,5723,5775,-1,5807,5754,5723,-1,5808,5724,5776,-1,5808,5755,5724,-1,5809,5725,5777,-1,5809,5756,5725,-1,5810,5757,5726,-1,5810,5726,5778,-1,5811,5727,5779,-1,5811,5758,5727,-1,5812,5759,5728,-1,5812,5728,5780,-1,5813,4645,4643,-1,5813,5760,5781,-1,5813,5792,5760,-1,5813,5781,4645,-1,5814,5761,5730,-1,5814,5730,5782,-1,5815,5762,5783,-1,5816,5732,5784,-1,5816,5763,5732,-1,5817,5764,5785,-1,5818,5765,5734,-1,5818,5734,5786,-1,5819,5766,5787,-1,5820,5767,5736,-1,5820,5736,5788,-1,5821,5768,5737,-1,5821,5737,5789,-1,5822,5738,5790,-1,5822,5769,5738,-1,5823,5739,5791,-1,5823,5771,5739,-1,5823,5803,5771,-1,5824,5772,5792,-1,5824,5804,5772,-1,5825,5741,5793,-1,5825,5773,5741,-1,5826,5742,5794,-1,5826,5774,5742,-1,5827,5743,5795,-1,5827,5775,5743,-1,5828,5776,5744,-1,5828,5744,5796,-1,5829,5777,5797,-1,5830,5746,5798,-1,5830,5778,5746,-1,5830,5810,5778,-1,5831,5747,5799,-1,5831,5779,5747,-1,5832,5780,5748,-1,5832,5748,5800,-1,5832,5812,5780,-1,5833,5834,5802,-1,5833,5802,5801,-1,5835,5782,5750,-1,5835,5750,5803,-1,5836,5751,5804,-1,5836,5783,5751,-1,5837,5784,5752,-1,5837,5752,5805,-1,5838,5785,5806,-1,5839,5754,5807,-1,5839,5786,5754,-1,5840,5755,5808,-1,5840,5787,5755,-1,5841,5788,5756,-1,5841,5756,5809,-1,5842,5789,5757,-1,5842,5757,5810,-1,5843,5790,5758,-1,5843,5758,5811,-1,5843,5822,5790,-1,5844,5759,5812,-1,5844,5791,5759,-1,5845,4641,4639,-1,5845,4643,4641,-1,5845,5813,4643,-1,5845,5792,5813,-1,5846,5793,5761,-1,5846,5761,5814,-1,5847,5794,5762,-1,5847,5762,5815,-1,5848,5795,5763,-1,5848,5763,5816,-1,5849,5796,5764,-1,5849,5764,5817,-1,5850,5765,5818,-1,5850,5797,5765,-1,5851,5766,5819,-1,5851,5798,5766,-1,5852,5831,5799,-1,5852,5799,5767,-1,5852,5767,5820,-1,5853,5768,5821,-1,5853,5800,5768,-1,5854,5801,5769,-1,5854,5769,5822,-1,5855,5803,5823,-1,5855,5835,5803,-1,5856,5804,5824,-1,5857,5773,5825,-1,5857,5805,5773,-1,5858,5774,5826,-1,5858,5806,5774,-1,5859,5807,5775,-1,5859,5775,5827,-1,5859,5839,5807,-1,5860,5808,5776,-1,5860,5776,5828,-1,5861,5809,5777,-1,5861,5841,5809,-1,5861,5777,5829,-1,5862,5810,5830,-1,5863,5779,5831,-1,5863,5811,5779,-1,5864,5812,5832,-1,5865,5866,5834,-1,5865,5834,5833,-1,5867,5814,5782,-1,5867,5782,5835,-1,5867,5846,5814,-1,5868,5783,5836,-1,5868,5815,5783,-1,5869,5784,5837,-1,5869,5816,5784,-1,5869,5848,5816,-1,5870,5785,5838,-1,5870,5817,5785,-1,5871,5818,5786,-1,5871,5786,5839,-1,5871,5850,5818,-1,5872,5819,5787,-1,5872,5851,5819,-1,5872,5787,5840,-1,5873,5788,5841,-1,5873,5820,5788,-1,5874,5789,5842,-1,5874,5821,5789,-1,5875,5822,5843,-1,5876,5791,5844,-1,5876,5823,5791,-1,5877,5824,5792,-1,5877,5845,4639,-1,5877,4639,4636,-1,5877,5792,5845,-1,5877,5856,5824,-1,5878,5793,5846,-1,5878,5825,5793,-1,5879,5826,5794,-1,5879,5794,5847,-1,5880,5795,5848,-1,5880,5827,5795,-1,5881,5796,5849,-1,5881,5828,5796,-1,5882,5797,5850,-1,5882,5829,5797,-1,5883,5830,5798,-1,5883,5798,5851,-1,5884,5831,5852,-1,5885,5800,5853,-1,5885,5832,5800,-1,5886,5833,5801,-1,5886,5801,5854,-1,5887,5835,5855,-1,5887,5867,5835,-1,5888,5836,5804,-1,5888,5804,5856,-1,5889,5805,5857,-1,5889,5837,5805,-1,5890,5806,5858,-1,5890,5838,5806,-1,5890,5870,5838,-1,5891,5839,5859,-1,5892,5840,5808,-1,5892,5808,5860,-1,5893,5841,5861,-1,5894,5810,5862,-1,5894,5842,5810,-1,5894,5874,5842,-1,5895,5843,5811,-1,5895,5811,5863,-1,5896,5844,5812,-1,5896,5812,5864,-1,5896,5876,5844,-1,5897,5898,5866,-1,5897,5866,5865,-1,5899,5846,5867,-1,5900,5847,5815,-1,5900,5815,5868,-1,5901,5848,5869,-1,5902,5849,5817,-1,5902,5817,5870,-1,5903,5850,5871,-1,5904,5851,5872,-1,5905,5820,5873,-1,5905,5852,5820,-1,5906,5821,5874,-1,5906,5853,5821,-1,5907,5822,5875,-1,5907,5886,5854,-1,5907,5854,5822,-1,5908,5855,5823,-1,5908,5823,5876,-1,5909,5856,5877,-1,5909,5877,4636,-1,5910,5857,5825,-1,5910,5825,5878,-1,5911,5826,5879,-1,5911,5858,5826,-1,5911,5890,5858,-1,5912,5859,5827,-1,5912,5827,5880,-1,5913,5828,5881,-1,5913,5860,5828,-1,5914,5829,5882,-1,5914,5861,5829,-1,5915,5830,5883,-1,5915,5862,5830,-1,5916,5895,5863,-1,5916,5863,5831,-1,5916,5831,5884,-1,5917,5832,5885,-1,5917,5864,5832,-1,5918,5865,5833,-1,5918,5833,5886,-1,5919,5867,5887,-1,5920,5868,5836,-1,5920,5836,5888,-1,5921,5837,5889,-1,5921,5869,5837,-1,5922,5870,5890,-1,5923,5839,5891,-1,5923,5871,5839,-1,5923,5903,5871,-1,5924,5840,5892,-1,5924,5872,5840,-1,5925,5841,5893,-1,5925,5873,5841,-1,5926,5906,5874,-1,5926,5874,5894,-1,5927,5875,5843,-1,5927,5843,5895,-1,5928,5876,5896,-1,5928,5908,5876,-1,5929,5898,5897,-1,5929,5930,5898,-1,5931,5846,5899,-1,5931,5878,5846,-1,5932,5847,5900,-1,5932,5879,5847,-1,5933,5848,5901,-1,5933,5880,5848,-1,5934,5881,5849,-1,5934,5849,5902,-1,5935,5882,5850,-1,5935,5850,5903,-1,5936,5851,5904,-1,5936,5915,5883,-1,5936,5883,5851,-1,5937,5884,5852,-1,5937,5852,5905,-1,5938,5853,5906,-1,5938,5885,5853,-1,5939,5886,5907,-1,5940,5855,5908,-1,5940,5887,5855,-1,5941,4636,4635,-1,5941,5909,4636,-1,5941,5856,5909,-1,5941,5888,5856,-1,5942,5857,5910,-1,5942,5889,5857,-1,5943,5890,5911,-1,5944,5891,5859,-1,5944,5859,5912,-1,5944,5923,5891,-1,5945,5860,5913,-1,5945,5892,5860,-1,5946,5893,5861,-1,5946,5861,5914,-1,5947,5862,5915,-1,5947,5894,5862,-1,5948,5895,5916,-1,5949,5864,5917,-1,5949,5896,5864,-1,5950,5897,5865,-1,5950,5865,5918,-1,5951,5867,5919,-1,5951,5899,5867,-1,5952,5868,5920,-1,5952,5900,5868,-1,5953,5901,5869,-1,5953,5869,5921,-1,5954,5902,5870,-1,5954,5870,5922,-1,5955,5903,5923,-1,5956,5904,5872,-1,5956,5872,5924,-1,5957,5905,5873,-1,5957,5873,5925,-1,5958,5906,5926,-1,5959,5875,5927,-1,5959,5907,5875,-1,5960,5908,5928,-1,5960,5940,5908,-1,5961,5930,5929,-1,5961,5962,5963,-1,5961,5963,5930,-1,5964,5878,5931,-1,5964,5910,5878,-1,5965,5911,5879,-1,5965,5879,5932,-1,5966,5880,5933,-1,5966,5912,5880,-1,5966,5944,5912,-1,5967,5881,5934,-1,5967,5913,5881,-1,5968,5914,5882,-1,5968,5882,5935,-1,5969,5915,5936,-1,5970,5916,5884,-1,5970,5884,5937,-1,5971,5885,5938,-1,5971,5917,5885,-1,5972,5886,5939,-1,5972,5918,5886,-1,5973,5887,5940,-1,5973,5919,5887,-1,5974,4635,4632,-1,5974,5888,5941,-1,5974,5952,5920,-1,5974,5920,5888,-1,5974,5941,4635,-1,5975,5921,5889,-1,5975,5889,5942,-1,5976,5890,5943,-1,5976,5922,5890,-1,5977,5955,5923,-1,5977,5923,5944,-1,5978,5924,5892,-1,5978,5892,5945,-1,5979,5893,5946,-1,5979,5925,5893,-1,5980,5926,5894,-1,5980,5894,5947,-1,5981,5895,5948,-1,5981,5927,5895,-1,5982,5928,5896,-1,5982,5960,5928,-1,5982,5896,5949,-1,5983,5897,5950,-1,5983,5929,5897,-1,5984,5899,5951,-1,5984,5964,5931,-1,5984,5931,5899,-1,5985,5965,5932,-1,5985,5932,5900,-1,5985,5900,5952,-1,5986,5933,5901,-1,5986,5901,5953,-1,5987,5934,5902,-1,5987,5902,5954,-1,5988,5935,5903,-1,5988,5903,5955,-1,5989,5904,5956,-1,5989,5936,5904,-1,5990,5937,5905,-1,5990,5905,5957,-1,5991,5906,5958,-1,5991,5938,5906,-1,5992,5907,5959,-1,5992,5939,5907,-1,5993,5940,5960,-1,5993,5973,5940,-1,5994,5995,5962,-1,5994,5962,5961,-1,5996,5942,5910,-1,5996,5910,5964,-1,5997,5911,5965,-1,5997,5943,5911,-1,5998,5944,5966,-1,5999,5913,5967,-1,5999,5945,5913,-1,6000,5914,5968,-1,6000,5979,5946,-1,6000,5946,5914,-1,6001,5947,5915,-1,6001,5980,5947,-1,6001,5915,5969,-1,6002,5981,5948,-1,6002,5948,5916,-1,6002,5916,5970,-1,6003,5949,5917,-1,6003,5917,5971,-1,6004,5918,5972,-1,6004,5950,5918,-1,6005,5951,5919,-1,6005,5919,5973,-1,6006,5974,4632,-1,6006,4632,4631,-1,6006,5952,5974,-1,6007,5953,5921,-1,6007,5921,5975,-1,6008,5922,5976,-1,6008,5954,5922,-1,6009,5955,5977,-1,6010,5956,5924,-1,6010,5924,5978,-1,6011,5957,5925,-1,6011,5925,5979,-1,6012,5926,5980,-1,6012,5958,5926,-1,6013,5927,5981,-1,6013,5959,5927,-1,6014,5960,5982,-1,6015,5961,5929,-1,6015,5929,5983,-1,6016,5964,5984,-1,6017,5997,5965,-1,6017,5965,5985,-1,6018,5966,5933,-1,6018,5933,5986,-1,6019,5934,5987,-1,6019,5967,5934,-1,6020,6000,5968,-1,6020,5968,5935,-1,6020,5935,5988,-1,6021,5936,5989,-1,6021,5969,5936,-1,6022,5970,5937,-1,6022,5937,5990,-1,6023,5971,5938,-1,6023,5938,5991,-1,6024,5972,5939,-1,6024,5939,5992,-1,6025,5973,5993,-1,6026,5995,5994,-1,6027,5942,5996,-1,6027,5975,5942,-1,6028,5976,5943,-1,6028,5943,5997,-1,6029,5944,5998,-1,6029,5977,5944,-1,6030,5978,5945,-1,6030,5945,5999,-1,6031,5979,6000,-1,6032,5980,6001,-1,6032,6012,5980,-1,6033,5981,6002,-1,6034,5949,6003,-1,6034,6014,5982,-1,6034,5982,5949,-1,6035,5950,6004,-1,6035,5983,5950,-1,6036,5984,5951,-1,6036,5951,6005,-1,6037,4631,4629,-1,6037,6006,4631,-1,6037,5952,6006,-1,6037,5985,5952,-1,6038,5953,6007,-1,6038,5986,5953,-1,6039,5954,6008,-1,6039,5987,5954,-1,6040,5955,6009,-1,6040,5988,5955,-1,6041,5956,6010,-1,6041,5989,5956,-1,6042,5957,6011,-1,6042,5990,5957,-1,6043,5991,5958,-1,6043,5958,6012,-1,6044,5992,5959,-1,6044,5959,6013,-1,6045,5960,6014,-1,6045,5993,5960,-1,6046,5961,6015,-1,6046,5994,5961,-1,6047,5964,6016,-1,6047,5996,5964,-1,6048,5997,6017,-1,6049,5998,5966,-1,6049,5966,6018,-1,6050,5999,5967,-1,6050,5967,6019,-1,6051,6000,6020,-1,6052,6001,5969,-1,6052,5969,6021,-1,6053,6002,5970,-1,6053,5970,6022,-1,6054,5971,6023,-1,6054,6034,6003,-1,6054,6003,5971,-1,6055,5972,6024,-1,6055,6004,5972,-1,6056,5973,6025,-1,6056,6005,5973,-1,6057,6058,5995,-1,6057,5995,6026,-1,6059,5975,6027,-1,6059,6007,5975,-1,6060,6008,5976,-1,6060,5976,6028,-1,6061,6009,5977,-1,6061,5977,6029,-1,6061,6040,6009,-1,6062,5978,6030,-1,6062,6010,5978,-1,6063,6011,5979,-1,6063,6042,6011,-1,6063,5979,6031,-1,6064,6012,6032,-1,6065,5981,6033,-1,6065,6044,6013,-1,6065,6013,5981,-1,6066,6014,6034,-1,6067,5983,6035,-1,6067,6046,6015,-1,6067,6015,5983,-1,6068,5984,6036,-1,6068,6047,6016,-1,6068,6016,5984,-1,6069,4626,4625,-1,6069,4629,4626,-1,6069,5985,6037,-1,6069,6037,4629,-1,6069,6017,5985,-1,6070,6018,5986,-1,6070,5986,6038,-1,6071,6019,5987,-1,6071,5987,6039,-1,6072,5988,6040,-1,6072,6020,5988,-1,6072,6051,6020,-1,6073,6021,5989,-1,6073,5989,6041,-1,6074,5990,6042,-1,6074,6053,6022,-1,6074,6022,5990,-1,6075,6023,5991,-1,6075,5991,6043,-1,6076,6024,5992,-1,6076,5992,6044,-1,6077,6025,5993,-1,6077,5993,6045,-1,6078,5994,6046,-1,6078,6026,5994,-1,6079,5996,6047,-1,6079,6059,6027,-1,6079,6027,5996,-1,6080,5997,6048,-1,6080,6028,5997,-1,6081,6029,5998,-1,6081,5998,6049,-1,6081,6061,6029,-1,6082,6030,5999,-1,6082,5999,6050,-1,6083,6000,6051,-1,6083,6031,6000,-1,6084,6001,6052,-1,6084,6032,6001,-1,6085,6002,6053,-1,6085,6033,6002,-1,6086,6034,6054,-1,6087,6004,6055,-1,6087,6035,6004,-1,6088,6005,6056,-1,6088,6036,6005,-1,6088,6068,6036,-1,6089,6090,6058,-1,6089,6058,6057,-1,6091,6038,6007,-1,6091,6007,6059,-1,6092,6039,6008,-1,6092,6008,6060,-1,6093,6040,6061,-1,6094,6010,6062,-1,6094,6041,6010,-1,6095,6042,6063,-1,6096,6043,6012,-1,6096,6012,6064,-1,6096,6075,6043,-1,6097,6044,6065,-1,6098,6045,6014,-1,6098,6014,6066,-1,6099,6078,6046,-1,6099,6046,6067,-1,6100,6047,6068,-1,6101,6017,6069,-1,6101,6048,6017,-1,6101,6080,6048,-1,6101,6069,4625,-1,6102,6049,6018,-1,6102,6018,6070,-1,6103,6019,6071,-1,6103,6050,6019,-1,6104,6051,6072,-1,6105,6052,6021,-1,6105,6021,6073,-1,6106,6053,6074,-1,6106,6085,6053,-1,6107,6023,6075,-1,6107,6054,6023,-1,6108,6055,6024,-1,6108,6087,6055,-1,6108,6024,6076,-1,6109,6025,6077,-1,6109,6056,6025,-1,6109,6088,6056,-1,6110,6026,6078,-1,6110,6057,6026,-1,6111,6059,6079,-1,6112,6028,6080,-1,6112,6060,6028,-1,6113,6061,6081,-1,6114,6062,6030,-1,6114,6030,6082,-1,6115,6031,6083,-1,6115,6063,6031,-1,6116,6032,6084,-1,6116,6064,6032,-1,6117,6065,6033,-1,6117,6033,6085,-1,6118,6066,6034,-1,6118,6098,6066,-1,6118,6034,6086,-1,6119,6067,6035,-1,6119,6035,6087,-1,6120,6068,6088,-1,6121,6122,6123,-1,6121,6123,6090,-1,6121,6090,6089,-1,6124,6038,6091,-1,6124,6070,6038,-1,6125,6039,6092,-1,6125,6071,6039,-1,6126,6040,6093,-1,6126,6072,6040,-1,6127,6041,6094,-1,6127,6073,6041,-1,6128,6042,6095,-1,6128,6074,6042,-1,6129,6075,6096,-1,6130,6044,6097,-1,6130,6076,6044,-1,6131,6045,6098,-1,6131,6077,6045,-1,6132,6078,6099,-1,6133,6079,6047,-1,6133,6047,6100,-1,6134,6101,4625,-1,6134,4625,4623,-1,6134,6080,6101,-1,6135,6049,6102,-1,6135,6081,6049,-1,6136,6050,6103,-1,6136,6114,6082,-1,6136,6082,6050,-1,6137,6083,6051,-1,6137,6051,6104,-1,6138,6084,6052,-1,6138,6052,6105,-1,6138,6116,6084,-1,6139,6085,6106,-1,6140,6054,6107,-1,6140,6086,6054,-1,6141,6087,6108,-1,6142,6088,6109,-1,6143,6057,6110,-1,6143,6089,6057,-1,6144,6124,6091,-1,6144,6091,6059,-1,6144,6059,6111,-1,6145,6060,6112,-1,6145,6092,6060,-1,6146,6093,6061,-1,6146,6061,6113,-1,6147,6062,6114,-1,6147,6094,6062,-1,6148,6095,6063,-1,6148,6063,6115,-1,6149,6096,6064,-1,6149,6064,6116,-1,6150,6097,6065,-1,6150,6065,6117,-1,6151,6098,6118,-1,6151,6131,6098,-1,6152,6067,6119,-1,6152,6099,6067,-1,6153,6100,6068,-1,6153,6068,6120,-1,6154,6122,6121,-1,6155,6102,6070,-1,6155,6070,6124,-1,6156,6071,6125,-1,6156,6103,6071,-1,6157,6137,6104,-1,6157,6072,6126,-1,6157,6104,6072,-1,6158,6073,6127,-1,6158,6105,6073,-1,6159,6139,6106,-1,6159,6074,6128,-1,6159,6106,6074,-1,6160,6107,6075,-1,6160,6075,6129,-1,6160,6140,6107,-1,6161,6076,6130,-1,6161,6108,6076,-1,6162,6109,6077,-1,6162,6077,6131,-1,6163,6143,6110,-1,6163,6110,6078,-1,6163,6078,6132,-1,6164,6079,6133,-1,6164,6111,6079,-1,6165,4623,4621,-1,6165,6145,6112,-1,6165,6112,6080,-1,6165,6134,4623,-1,6165,6080,6134,-1,6166,6113,6081,-1,6166,6081,6135,-1,6167,6114,6136,-1,6168,6115,6083,-1,6168,6083,6137,-1,6169,6116,6138,-1,6169,6149,6116,-1,6170,6085,6139,-1,6170,6150,6117,-1,6170,6117,6085,-1,6171,6118,6086,-1,6171,6086,6140,-1,6172,6119,6087,-1,6172,6087,6141,-1,6173,6088,6142,-1,6173,6120,6088,-1,6174,6089,6143,-1,6174,6121,6089,-1,6175,6124,6144,-1,6176,6092,6145,-1,6176,6125,6092,-1,6177,6157,6126,-1,6177,6126,6093,-1,6177,6093,6146,-1,6178,6127,6094,-1,6178,6094,6147,-1,6179,6095,6148,-1,6179,6159,6128,-1,6179,6128,6095,-1,6180,6096,6149,-1,6180,6129,6096,-1,6181,6097,6150,-1,6181,6130,6097,-1,6182,6131,6151,-1,6182,6162,6131,-1,6183,6132,6099,-1,6183,6099,6152,-1,6184,6100,6153,-1,6184,6133,6100,-1,6185,6186,6122,-1,6185,6122,6154,-1,6187,6102,6155,-1,6187,6135,6102,-1,6188,6136,6103,-1,6188,6103,6156,-1,6189,6137,6157,-1,6190,6105,6158,-1,6190,6138,6105,-1,6191,6139,6159,-1,6192,6140,6160,-1,6193,6108,6161,-1,6193,6141,6108,-1,6194,6109,6162,-1,6194,6142,6109,-1,6194,6173,6142,-1,6195,6143,6163,-1,6196,6111,6164,-1,6196,6144,6111,-1,6197,4621,4618,-1,6197,6145,6165,-1,6197,6165,4621,-1,6198,6146,6113,-1,6198,6113,6166,-1,6199,6114,6167,-1,6199,6147,6114,-1,6199,6178,6147,-1,6200,6115,6168,-1,6200,6179,6148,-1,6200,6148,6115,-1,6201,6149,6169,-1,6202,6150,6170,-1,6203,6118,6171,-1,6203,6151,6118,-1,6204,6119,6172,-1,6204,6152,6119,-1,6205,6184,6153,-1,6205,6120,6173,-1,6205,6153,6120,-1,6206,6121,6174,-1,6206,6154,6121,-1,6207,6124,6175,-1,6207,6155,6124,-1,6208,6156,6125,-1,6208,6125,6176,-1,6208,6188,6156,-1,6209,6157,6177,-1,6210,6158,6127,-1,6210,6127,6178,-1,6211,6159,6179,-1,6212,6160,6129,-1,6212,6129,6180,-1,6213,6130,6181,-1,6213,6161,6130,-1,6214,6162,6182,-1,6215,6163,6132,-1,6215,6132,6183,-1,6216,6164,6133,-1,6216,6133,6184,-1,6217,6218,6186,-1,6217,6186,6185,-1,6219,6166,6135,-1,6219,6135,6187,-1,6220,6167,6136,-1,6220,6136,6188,-1,6221,6200,6168,-1,6221,6137,6189,-1,6221,6168,6137,-1,6222,6138,6190,-1,6222,6169,6138,-1,6223,6139,6191,-1,6223,6170,6139,-1,6224,6171,6140,-1,6224,6203,6171,-1,6224,6140,6192,-1,6225,6172,6141,-1,6225,6141,6193,-1,6226,6173,6194,-1,6227,6206,6174,-1,6227,6174,6143,-1,6227,6143,6195,-1,6228,6144,6196,-1,6228,6175,6144,-1,6228,6207,6175,-1,6229,4618,4617,-1,6229,6176,6145,-1,6229,6197,4618,-1,6229,6208,6176,-1,6229,6145,6197,-1,6230,6146,6198,-1,6230,6177,6146,-1,6231,6178,6199,-1,6232,6179,6200,-1,6233,6180,6149,-1,6233,6149,6201,-1,6233,6212,6180,-1,6234,6181,6150,-1,6234,6150,6202,-1,6235,6151,6203,-1,6235,6214,6182,-1,6235,6182,6151,-1,6236,6183,6152,-1,6236,6152,6204,-1,6237,6184,6205,-1,6238,6154,6206,-1,6238,6185,6154,-1,6239,6155,6207,-1,6239,6187,6155,-1,6240,6188,6208,-1,6240,6220,6188,-1,6241,6157,6209,-1,6241,6189,6157,-1,6241,6221,6189,-1,6242,6158,6210,-1,6242,6190,6158,-1,6242,6222,6190,-1,6243,6159,6211,-1,6243,6191,6159,-1,6244,6160,6212,-1,6244,6192,6160,-1,6245,6193,6161,-1,6245,6161,6213,-1,6246,6162,6214,-1,6246,6194,6162,-1,6247,6195,6163,-1,6247,6163,6215,-1,6248,6164,6216,-1,6248,6196,6164,-1,6249,6250,6251,-1,6249,6251,6218,-1,6249,6218,6217,-1,6252,6166,6219,-1,6252,6198,6166,-1,6252,6230,6198,-1,6253,6167,6220,-1,6253,6199,6167,-1,6254,6200,6221,-1,6255,6169,6222,-1,6255,6201,6169,-1,6256,6202,6170,-1,6256,6170,6223,-1,6257,6203,6224,-1,6258,6204,6172,-1,6258,6172,6225,-1,6258,6236,6204,-1,6259,6205,6173,-1,6259,6173,6226,-1,6259,6237,6205,-1,6260,6206,6227,-1,6260,6238,6206,-1,6261,6207,6228,-1,6262,4615,4613,-1,6262,4617,4615,-1,6262,6208,6229,-1,6262,6229,4617,-1,6263,6177,6230,-1,6263,6209,6177,-1,6264,6178,6231,-1,6264,6210,6178,-1,6265,6179,6232,-1,6265,6211,6179,-1,6266,6212,6233,-1,6267,6213,6181,-1,6267,6181,6234,-1,6268,6214,6235,-1,6269,6183,6236,-1,6269,6247,6215,-1,6269,6215,6183,-1,6270,6216,6184,-1,6270,6248,6216,-1,6270,6184,6237,-1,6271,6217,6185,-1,6271,6185,6238,-1,6272,6219,6187,-1,6272,6187,6239,-1,6272,6252,6219,-1,6273,6220,6240,-1,6274,6221,6241,-1,6275,6255,6222,-1,6275,6222,6242,-1,6276,6223,6191,-1,6276,6256,6223,-1,6276,6191,6243,-1,6277,6192,6244,-1,6277,6224,6192,-1,6278,6225,6193,-1,6278,6193,6245,-1,6279,6226,6194,-1,6279,6194,6246,-1,6280,6195,6247,-1,6280,6227,6195,-1,6281,6196,6248,-1,6281,6228,6196,-1,6282,6250,6249,-1,6283,6230,6252,-1,6284,6231,6199,-1,6284,6199,6253,-1,6285,6232,6200,-1,6285,6200,6254,-1,6286,6233,6201,-1,6286,6201,6255,-1,6287,6234,6202,-1,6287,6202,6256,-1,6288,6235,6203,-1,6288,6268,6235,-1,6288,6203,6257,-1,6289,6236,6258,-1,6290,6237,6259,-1,6291,6238,6260,-1,6292,6207,6261,-1,6292,6239,6207,-1,6293,6262,4613,-1,6293,6240,6208,-1,6293,6208,6262,-1,6294,6209,6263,-1,6294,6241,6209,-1,6295,6242,6210,-1,6295,6210,6264,-1,6296,6211,6265,-1,6296,6243,6211,-1,6297,6244,6212,-1,6297,6212,6266,-1,6298,6278,6245,-1,6298,6245,6213,-1,6298,6213,6267,-1,6299,6246,6214,-1,6299,6214,6268,-1,6300,6247,6269,-1,6301,6248,6270,-1,6302,6249,6217,-1,6302,6217,6271,-1,6303,6252,6272,-1,6304,6284,6253,-1,6304,6220,6273,-1,6304,6253,6220,-1,6305,6254,6221,-1,6305,6221,6274,-1,6306,6255,6275,-1,6307,6256,6276,-1,6307,6287,6256,-1,6308,6224,6277,-1,6308,6257,6224,-1,6309,6225,6278,-1,6309,6258,6225,-1,6310,6226,6279,-1,6310,6259,6226,-1,6311,6227,6280,-1,6311,6260,6227,-1,6312,6261,6228,-1,6312,6228,6281,-1,6313,6314,6250,-1,6313,6250,6282,-1,6315,6230,6283,-1,6315,6263,6230,-1,6316,6231,6284,-1,6316,6264,6231,-1,6317,6232,6285,-1,6317,6296,6265,-1,6317,6265,6232,-1,6318,6233,6286,-1,6318,6266,6233,-1,6319,6234,6287,-1,6319,6267,6234,-1,6320,6268,6288,-1,6321,6236,6289,-1,6321,6269,6236,-1,6322,6237,6290,-1,6322,6301,6270,-1,6322,6270,6237,-1,6323,6238,6291,-1,6323,6271,6238,-1,6324,6272,6239,-1,6324,6239,6292,-1,6325,4613,4611,-1,6325,6293,4613,-1,6325,6273,6240,-1,6325,6240,6293,-1,6326,6241,6294,-1,6326,6274,6241,-1,6327,6275,6242,-1,6327,6242,6295,-1,6328,6307,6276,-1,6328,6243,6296,-1,6328,6276,6243,-1,6329,6244,6297,-1,6329,6277,6244,-1,6330,6278,6298,-1,6331,6246,6299,-1,6331,6279,6246,-1,6332,6247,6300,-1,6332,6280,6247,-1,6333,6248,6301,-1,6333,6281,6248,-1,6334,6282,6249,-1,6334,6249,6302,-1,6335,6315,6283,-1,6335,6252,6303,-1,6335,6283,6252,-1,6336,6284,6304,-1,6336,6316,6284,-1,6337,6317,6285,-1,6337,6254,6305,-1,6337,6285,6254,-1,6338,6255,6306,-1,6338,6286,6255,-1,6339,6287,6307,-1,6340,6288,6257,-1,6340,6257,6308,-1,6341,6289,6258,-1,6341,6258,6309,-1,6342,6259,6310,-1,6342,6322,6290,-1,6342,6290,6259,-1,6343,6291,6260,-1,6343,6260,6311,-1,6344,6292,6261,-1,6344,6324,6292,-1,6344,6261,6312,-1,6345,6346,6347,-1,6345,6347,6314,-1,6345,6314,6313,-1,6348,6326,6294,-1,6348,6294,6263,-1,6348,6263,6315,-1,6349,6264,6316,-1,6349,6295,6264,-1,6350,6296,6317,-1,6351,6266,6318,-1,6351,6297,6266,-1,6352,6298,6267,-1,6352,6267,6319,-1,6353,6268,6320,-1,6353,6299,6268,-1,6354,6269,6321,-1,6354,6300,6269,-1,6355,6301,6322,-1,6356,6271,6323,-1,6356,6302,6271,-1,6357,6272,6324,-1,6357,6303,6272,-1,6358,6273,6325,-1,6358,6304,6273,-1,6358,6336,6304,-1,6358,6325,4611,-1,6358,4611,4609,-1,6359,6305,6274,-1,6359,6337,6305,-1,6359,6274,6326,-1,6360,6306,6275,-1,6360,6275,6327,-1,6361,6307,6328,-1,6362,6308,6277,-1,6362,6277,6329,-1,6363,6278,6330,-1,6363,6309,6278,-1,6363,6341,6309,-1,6364,6279,6331,-1,6364,6342,6310,-1,6364,6310,6279,-1,6365,6343,6311,-1,6365,6280,6332,-1,6365,6311,6280,-1,6366,6281,6333,-1,6366,6312,6281,-1,6367,6313,6282,-1,6367,6282,6334,-1,6368,6315,6335,-1,6369,6349,6316,-1,6369,6316,6336,-1,6370,6317,6337,-1,6371,6286,6338,-1,6371,6318,6286,-1,6372,6319,6287,-1,6372,6287,6339,-1,6373,6320,6288,-1,6373,6288,6340,-1,6374,6321,6289,-1,6374,6354,6321,-1,6374,6289,6341,-1,6375,6322,6342,-1,6376,6323,6291,-1,6376,6291,6343,-1,6377,6324,6344,-1,6378,6346,6345,-1,6379,6359,6326,-1,6379,6326,6348,-1,6380,6295,6349,-1,6380,6327,6295,-1,6381,6296,6350,-1,6381,6361,6328,-1,6381,6328,6296,-1,6382,6329,6297,-1,6382,6297,6351,-1,6383,6298,6352,-1,6383,6330,6298,-1,6384,6299,6353,-1,6384,6331,6299,-1,6385,6332,6300,-1,6385,6300,6354,-1,6385,6365,6332,-1,6386,6301,6355,-1,6386,6333,6301,-1,6387,6334,6302,-1,6387,6367,6334,-1,6387,6302,6356,-1,6388,6303,6357,-1,6388,6335,6303,-1,6389,6358,4609,-1,6389,6336,6358,-1,6389,4609,4607,-1,6390,6337,6359,-1,6391,6338,6306,-1,6391,6306,6360,-1,6392,6307,6361,-1,6392,6339,6307,-1,6393,6308,6362,-1,6393,6340,6308,-1,6394,6341,6363,-1,6395,6375,6342,-1,6395,6342,6364,-1,6396,6343,6365,-1,6397,6312,6366,-1,6397,6377,6344,-1,6397,6344,6312,-1,6398,6313,6367,-1,6398,6345,6313,-1,6399,6315,6368,-1,6399,6348,6315,-1,6400,6349,6369,-1,6400,6380,6349,-1,6401,6350,6317,-1,6401,6317,6370,-1,6402,6318,6371,-1,6402,6351,6318,-1,6403,6319,6372,-1,6403,6352,6319,-1,6403,6383,6352,-1,6404,6320,6373,-1,6404,6353,6320,-1,6405,6354,6374,-1,6406,6322,6375,-1,6406,6355,6322,-1,6407,6323,6376,-1,6407,6356,6323,-1,6408,6324,6377,-1,6408,6357,6324,-1,6408,6388,6357,-1,6409,6410,6346,-1,6409,6346,6378,-1,6411,6359,6379,-1,6412,6327,6380,-1,6412,6360,6327,-1,6413,6361,6381,-1,6414,6329,6382,-1,6414,6362,6329,-1,6415,6363,6330,-1,6415,6330,6383,-1,6416,6364,6331,-1,6416,6331,6384,-1,6417,6365,6385,-1,6418,6366,6333,-1,6418,6333,6386,-1,6419,6367,6387,-1,6420,6368,6335,-1,6420,6335,6388,-1,6420,6399,6368,-1,6421,6389,4607,-1,6421,6336,6389,-1,6421,6400,6369,-1,6421,6369,6336,-1,6421,4607,4605,-1,6422,6370,6337,-1,6422,6337,6390,-1,6422,6401,6370,-1,6423,6371,6338,-1,6423,6338,6391,-1,6423,6402,6371,-1,6424,6372,6339,-1,6424,6339,6392,-1,6425,6340,6393,-1,6425,6373,6340,-1,6426,6341,6394,-1,6426,6374,6341,-1,6427,6406,6375,-1,6427,6375,6395,-1,6428,6343,6396,-1,6428,6376,6343,-1,6429,6377,6397,-1,6430,6378,6345,-1,6430,6345,6398,-1,6431,6348,6399,-1,6431,6379,6348,-1,6432,6380,6400,-1,6433,6413,6381,-1,6433,6381,6350,-1,6433,6350,6401,-1,6434,6351,6402,-1,6434,6382,6351,-1,6435,6383,6403,-1,6436,6416,6384,-1,6436,6384,6353,-1,6436,6353,6404,-1,6437,6385,6354,-1,6437,6354,6405,-1,6438,6355,6406,-1,6438,6386,6355,-1,6439,6356,6407,-1,6439,6387,6356,-1,6440,6388,6408,-1,6441,6442,6410,-1,6441,6410,6409,-1,6443,6390,6359,-1,6443,6359,6411,-1,6444,6360,6412,-1,6444,6391,6360,-1,6445,6361,6413,-1,6445,6392,6361,-1,6446,6362,6414,-1,6446,6393,6362,-1,6447,6394,6363,-1,6447,6363,6415,-1,6448,6364,6416,-1,6448,6395,6364,-1,6449,6396,6365,-1,6449,6365,6417,-1,6450,6429,6397,-1,6450,6366,6418,-1,6450,6397,6366,-1,6451,6430,6398,-1,6451,6398,6367,-1,6451,6367,6419,-1,6452,6399,6420,-1,6453,6421,4605,-1,6453,6400,6421,-1,6453,6432,6400,-1,6453,4605,4602,-1,6454,6401,6422,-1,6455,6402,6423,-1,6456,6372,6424,-1,6456,6403,6372,-1,6457,6373,6425,-1,6457,6404,6373,-1,6457,6436,6404,-1,6458,6374,6426,-1,6458,6405,6374,-1,6459,6406,6427,-1,6460,6376,6428,-1,6460,6407,6376,-1,6461,6408,6377,-1,6461,6377,6429,-1,6461,6440,6408,-1,6462,6409,6378,-1,6462,6378,6430,-1,6463,6379,6431,-1,6463,6411,6379,-1,6464,6380,6432,-1,6464,6412,6380,-1,6465,6413,6433,-1,6466,6446,6414,-1,6466,6414,6382,-1,6466,6382,6434,-1,6467,6447,6415,-1,6467,6383,6435,-1,6467,6415,6383,-1,6468,6416,6436,-1,6469,6385,6437,-1,6469,6417,6385,-1,6470,6418,6386,-1,6470,6386,6438,-1,6471,6419,6387,-1,6471,6387,6439,-1,6472,6420,6388,-1,6472,6388,6440,-1,6473,6474,6475,-1,6473,6475,6442,-1,6473,6442,6441,-1,6476,6422,6390,-1,6476,6390,6443,-1,6477,6423,6391,-1,6477,6391,6444,-1,6478,6424,6392,-1,6478,6392,6445,-1,6479,6393,6446,-1,6479,6425,6393,-1,6480,6458,6426,-1,6480,6426,6394,-1,6480,6394,6447,-1,6481,6395,6448,-1,6481,6427,6395,-1,6482,6460,6428,-1,6482,6396,6449,-1,6482,6428,6396,-1,6483,6429,6450,-1,6484,6430,6451,-1,6485,6463,6431,-1,6485,6431,6399,-1,6485,6399,6452,-1,6486,6432,6453,-1,6486,6453,4602,-1,6486,4602,4600,-1,6487,6433,6401,-1,6487,6401,6454,-1,6488,6402,6455,-1,6488,6434,6402,-1,6489,6467,6435,-1,6489,6435,6403,-1,6489,6403,6456,-1,6490,6436,6457,-1,6491,6437,6405,-1,6491,6405,6458,-1,6491,6469,6437,-1,6492,6438,6406,-1,6492,6470,6438,-1,6492,6406,6459,-1,6493,6407,6460,-1,6493,6439,6407,-1,6494,6472,6440,-1,6494,6440,6461,-1,6495,6409,6462,-1,6495,6441,6409,-1,6496,6443,6411,-1,6496,6476,6443,-1,6496,6411,6463,-1,6497,6444,6412,-1,6497,6412,6464,-1,6498,6445,6413,-1,6498,6413,6465,-1,6499,6446,6466,-1,6499,6479,6446,-1,6500,6447,6467,-1,6501,6448,6416,-1,6501,6416,6468,-1,6502,6449,6417,-1,6502,6417,6469,-1,6503,6450,6418,-1,6503,6418,6470,-1,6504,6419,6471,-1,6504,6451,6419,-1,6505,6420,6472,-1,6505,6452,6420,-1,6506,6474,6473,-1,6507,6422,6476,-1,6507,6454,6422,-1,6508,6455,6423,-1,6508,6423,6477,-1,6509,6489,6456,-1,6509,6424,6478,-1,6509,6456,6424,-1,6510,6425,6479,-1,6510,6457,6425,-1,6511,6458,6480,-1,6512,6427,6481,-1,6512,6459,6427,-1,6513,6460,6482,-1,6514,6429,6483,-1,6514,6461,6429,-1,6515,6462,6430,-1,6515,6430,6484,-1,6516,6463,6485,-1,6517,6486,4600,-1,6517,6464,6432,-1,6517,6432,6486,-1,6517,4600,4599,-1,6518,6433,6487,-1,6518,6465,6433,-1,6519,6434,6488,-1,6519,6499,6466,-1,6519,6466,6434,-1,6520,6500,6467,-1,6520,6467,6489,-1,6521,6436,6490,-1,6521,6468,6436,-1,6522,6469,6491,-1,6523,6470,6492,-1,6524,6504,6471,-1,6524,6471,6439,-1,6524,6439,6493,-1,6525,6472,6494,-1,6526,6473,6441,-1,6526,6441,6495,-1,6527,6476,6496,-1,6528,6477,6444,-1,6528,6444,6497,-1,6529,6478,6445,-1,6529,6509,6478,-1,6529,6445,6498,-1,6530,6479,6499,-1,6531,6447,6500,-1,6531,6480,6447,-1,6532,6448,6501,-1,6532,6481,6448,-1,6533,6449,6502,-1,6533,6482,6449,-1,6534,6483,6450,-1,6534,6450,6503,-1,6535,6484,6451,-1,6535,6451,6504,-1,6536,6452,6505,-1,6536,6485,6452,-1,6537,6538,6474,-1,6537,6474,6506,-1,6539,6487,6454,-1,6539,6454,6507,-1,6540,6455,6508,-1,6540,6488,6455,-1,6541,6489,6509,-1,6542,6457,6510,-1,6542,6490,6457,-1,6542,6521,6490,-1,6543,6458,6511,-1,6543,6491,6458,-1,6544,6459,6512,-1,6544,6492,6459,-1,6545,6493,6460,-1,6545,6460,6513,-1,6546,6494,6461,-1,6546,6461,6514,-1,6546,6525,6494,-1,6547,6462,6515,-1,6547,6495,6462,-1,6547,6526,6495,-1,6548,6527,6496,-1,6548,6463,6516,-1,6548,6496,6463,-1,6549,6464,6517,-1,6549,6528,6497,-1,6549,6497,6464,-1,6549,4599,4597,-1,6549,6517,4599,-1,6550,6465,6518,-1,6550,6498,6465,-1,6551,6499,6519,-1,6552,6500,6520,-1,6553,6468,6521,-1,6553,6501,6468,-1,6554,6502,6469,-1,6554,6469,6522,-1,6555,6534,6503,-1,6555,6503,6470,-1,6555,6470,6523,-1,6556,6504,6524,-1,6557,6536,6505,-1,6557,6472,6525,-1,6557,6505,6472,-1,6558,6506,6473,-1,6558,6473,6526,-1,6559,6476,6527,-1,6559,6507,6476,-1,6560,6477,6528,-1,6560,6508,6477,-1,6561,6509,6529,-1,6562,6510,6479,-1,6562,6479,6530,-1,6563,6480,6531,-1,6563,6511,6480,-1,6564,6544,6512,-1,6564,6512,6481,-1,6564,6481,6532,-1,6565,6482,6533,-1,6565,6513,6482,-1,6566,6483,6534,-1,6566,6514,6483,-1,6567,6484,6535,-1,6567,6515,6484,-1,6568,6548,6516,-1,6568,6516,6485,-1,6568,6485,6536,-1,6569,6570,6538,-1,6569,6538,6537,-1,6571,6518,6487,-1,6571,6487,6539,-1,6572,6488,6540,-1,6572,6519,6488,-1,6573,6520,6489,-1,6573,6489,6541,-1,6574,6521,6542,-1,6575,6522,6491,-1,6575,6491,6543,-1,6576,6492,6544,-1,6576,6555,6523,-1,6576,6523,6492,-1,6577,6524,6493,-1,6577,6493,6545,-1,6578,6525,6546,-1,6579,6558,6526,-1,6579,6526,6547,-1,6580,6527,6548,-1,6581,6549,4597,-1,6581,4595,4593,-1,6581,4597,4595,-1,6581,6528,6549,-1,6582,6529,6498,-1,6582,6498,6550,-1,6583,6499,6551,-1,6583,6530,6499,-1,6584,6531,6500,-1,6584,6500,6552,-1,6584,6563,6531,-1,6585,6501,6553,-1,6585,6532,6501,-1,6586,6502,6554,-1,6586,6533,6502,-1,6586,6565,6533,-1,6587,6534,6555,-1,6588,6504,6556,-1,6588,6535,6504,-1,6589,6536,6557,-1,6590,6569,6537,-1,6590,6506,6558,-1,6590,6537,6506,-1,6591,6507,6559,-1,6591,6571,6539,-1,6591,6539,6507,-1,6592,6508,6560,-1,6592,6540,6508,-1,6592,6572,6540,-1,6593,6509,6561,-1,6593,6541,6509,-1,6593,6573,6541,-1,6594,6542,6510,-1,6594,6510,6562,-1,6595,6511,6563,-1,6595,6543,6511,-1,6595,6575,6543,-1,6596,6544,6564,-1,6597,6513,6565,-1,6597,6545,6513,-1,6598,6546,6514,-1,6598,6514,6566,-1,6599,6547,6515,-1,6599,6515,6567,-1,6600,6548,6568,-1,6601,6570,6569,-1,6601,6602,6570,-1,6603,6582,6550,-1,6603,6518,6571,-1,6603,6550,6518,-1,6604,6551,6519,-1,6604,6519,6572,-1,6605,6520,6573,-1,6605,6552,6520,-1,6606,6553,6521,-1,6606,6521,6574,-1,6607,6522,6575,-1,6607,6554,6522,-1,6608,6555,6576,-1,6609,6556,6524,-1,6609,6524,6577,-1,6609,6588,6556,-1,6610,6589,6557,-1,6610,6557,6525,-1,6610,6525,6578,-1,6611,6558,6579,-1,6612,6527,6580,-1,6612,6559,6527,-1,6613,6528,6581,-1,6613,6560,6528,-1,6613,6581,4593,-1,6614,6529,6582,-1,6614,6561,6529,-1,6615,6562,6530,-1,6615,6530,6583,-1,6616,6563,6584,-1,6617,6532,6585,-1,6617,6564,6532,-1,6618,6565,6586,-1,6619,6566,6534,-1,6619,6534,6587,-1,6620,6567,6535,-1,6620,6535,6588,-1,6620,6599,6567,-1,6621,6536,6589,-1,6621,6568,6536,-1,6622,6601,6569,-1,6622,6569,6590,-1,6623,6571,6591,-1,6624,6572,6592,-1,6625,6573,6593,-1,6625,6605,6573,-1,6626,6542,6594,-1,6626,6574,6542,-1,6627,6575,6595,-1,6628,6576,6544,-1,6628,6544,6596,-1,6629,6577,6545,-1,6629,6545,6597,-1,6630,6578,6546,-1,6630,6546,6598,-1,6631,6579,6547,-1,6631,6547,6599,-1,6632,6580,6548,-1,6632,6548,6600,-1,6633,6602,6601,-1,6633,6634,6602,-1,6635,6582,6603,-1,6635,6614,6582,-1,6636,6583,6551,-1,6636,6615,6583,-1,6636,6551,6604,-1,6637,6552,6605,-1,6637,6616,6584,-1,6637,6584,6552,-1,6638,6585,6553,-1,6638,6553,6606,-1,6639,6554,6607,-1,6639,6586,6554,-1,6640,6587,6555,-1,6640,6555,6608,-1,6641,6588,6609,-1,6642,6589,6610,-1,6642,6621,6589,-1,6643,6558,6611,-1,6643,6622,6590,-1,6643,6590,6558,-1,6644,6559,6612,-1,6644,6591,6559,-1,6645,6624,6592,-1,6645,6592,6560,-1,6645,6560,6613,-1,6645,6613,4593,-1,6645,4593,4591,-1,6646,6625,6593,-1,6646,6561,6614,-1,6646,6593,6561,-1,6647,6562,6615,-1,6647,6594,6562,-1,6648,6627,6595,-1,6648,6595,6563,-1,6648,6563,6616,-1,6649,6596,6564,-1,6649,6564,6617,-1,6650,6597,6565,-1,6650,6629,6597,-1,6650,6565,6618,-1,6651,6630,6598,-1,6651,6566,6619,-1,6651,6598,6566,-1,6652,6599,6620,-1,6653,6568,6621,-1,6653,6600,6568,-1,6653,6632,6600,-1,6654,6601,6622,-1,6655,6603,6571,-1,6655,6571,6623,-1,6656,6604,6572,-1,6656,6636,6604,-1,6656,6572,6624,-1,6657,6605,6625,-1,6658,6574,6626,-1,6658,6606,6574,-1,6658,6638,6606,-1,6659,6575,6627,-1,6659,6607,6575,-1,6660,6608,6576,-1,6660,6576,6628,-1,6660,6640,6608,-1,6661,6577,6629,-1,6661,6609,6577,-1,6662,6610,6578,-1,6662,6578,6630,-1,6663,6611,6579,-1,6663,6643,6611,-1,6663,6579,6631,-1,6664,6612,6580,-1,6664,6644,6612,-1,6664,6580,6632,-1,6665,6634,6633,-1,6665,6666,6634,-1,6667,6614,6635,-1,6668,6615,6636,-1,6669,6616,6637,-1,6670,6585,6638,-1,6670,6617,6585,-1,6671,6586,6639,-1,6671,6618,6586,-1,6672,6587,6640,-1,6672,6619,6587,-1,6672,6651,6619,-1,6673,6588,6641,-1,6673,6620,6588,-1,6674,6621,6642,-1,6675,6622,6643,-1,6675,6654,6622,-1,6676,6591,6644,-1,6676,6623,6591,-1,6677,6624,6645,-1,6677,6645,4591,-1,6677,4591,4589,-1,6678,6625,6646,-1,6679,6658,6626,-1,6679,6594,6647,-1,6679,6626,6594,-1,6680,6627,6648,-1,6681,6628,6596,-1,6681,6596,6649,-1,6682,6629,6650,-1,6683,6630,6651,-1,6683,6662,6630,-1,6684,6631,6599,-1,6684,6599,6652,-1,6685,6632,6653,-1,6686,6633,6601,-1,6686,6601,6654,-1,6687,6635,6603,-1,6687,6603,6655,-1,6687,6667,6635,-1,6688,6636,6656,-1,6689,6637,6605,-1,6689,6605,6657,-1,6689,6669,6637,-1,6690,6638,6658,-1,6691,6639,6607,-1,6691,6607,6659,-1,6692,6640,6660,-1,6693,6609,6661,-1,6693,6641,6609,-1,6694,6610,6662,-1,6694,6642,6610,-1,6695,6643,6663,-1,6696,6644,6664,-1,6697,6666,6665,-1,6697,6698,6666,-1,6699,6646,6614,-1,6699,6614,6667,-1,6700,6615,6668,-1,6700,6647,6615,-1,6701,6648,6616,-1,6701,6616,6669,-1,6702,6649,6617,-1,6702,6681,6649,-1,6702,6617,6670,-1,6703,6618,6671,-1,6703,6682,6650,-1,6703,6650,6618,-1,6704,6651,6672,-1,6705,6620,6673,-1,6705,6652,6620,-1,6706,6621,6674,-1,6706,6653,6621,-1,6707,6654,6675,-1,6708,6655,6623,-1,6708,6623,6676,-1,6709,6656,6624,-1,6709,6677,4589,-1,6709,4589,4587,-1,6709,6624,6677,-1,6709,6688,6656,-1,6710,6689,6657,-1,6710,6625,6678,-1,6710,6657,6625,-1,6711,6658,6679,-1,6712,6659,6627,-1,6712,6627,6680,-1,6713,6660,6628,-1,6713,6628,6681,-1,6714,6629,6682,-1,6714,6661,6629,-1,6715,6662,6683,-1,6716,6631,6684,-1,6716,6663,6631,-1,6717,6664,6632,-1,6717,6632,6685,-1,6718,6633,6686,-1,6718,6697,6665,-1,6718,6665,6633,-1,6719,6699,6667,-1,6719,6667,6687,-1,6720,6636,6688,-1,6720,6668,6636,-1,6721,6669,6689,-1,6722,6638,6690,-1,6722,6670,6638,-1,6723,6671,6639,-1,6723,6639,6691,-1,6724,6640,6692,-1,6724,6672,6640,-1,6725,6673,6641,-1,6725,6641,6693,-1,6726,6642,6694,-1,6726,6674,6642,-1,6727,6675,6643,-1,6727,6643,6695,-1,6728,6676,6644,-1,6728,6644,6696,-1,6729,6698,6697,-1,6729,6730,6698,-1,6731,6646,6699,-1,6731,6678,6646,-1,6732,6647,6700,-1,6732,6679,6647,-1,6733,6712,6680,-1,6733,6648,6701,-1,6733,6680,6648,-1,6734,6681,6702,-1,6735,6682,6703,-1,6736,6683,6651,-1,6736,6651,6704,-1,6737,6684,6652,-1,6737,6652,6705,-1,6737,6716,6684,-1,6738,6685,6653,-1,6738,6653,6706,-1,6739,6654,6707,-1,6739,6686,6654,-1,6740,6687,6655,-1,6740,6655,6708,-1,6741,6709,4587,-1,6741,6688,6709,-1,6741,4587,4584,-1,6742,6689,6710,-1,6743,6690,6658,-1,6743,6722,6690,-1,6743,6658,6711,-1,6744,6691,6659,-1,6744,6659,6712,-1,6744,6723,6691,-1,6745,6692,6660,-1,6745,6660,6713,-1,6746,6693,6661,-1,6746,6725,6693,-1,6746,6661,6714,-1,6747,6662,6715,-1,6747,6694,6662,-1,6747,6726,6694,-1,6748,6663,6716,-1,6748,6695,6663,-1,6749,6728,6696,-1,6749,6664,6717,-1,6749,6696,6664,-1,6750,6697,6718,-1,6750,6729,6697,-1,6751,6699,6719,-1,6752,6732,6700,-1,6752,6700,6668,-1,6752,6668,6720,-1,6753,6669,6721,-1,6753,6701,6669,-1,6753,6733,6701,-1,6754,6670,6722,-1,6754,6702,6670,-1,6755,6703,6671,-1,6755,6671,6723,-1,6756,6672,6724,-1,6756,6704,6672,-1,6757,6673,6725,-1,6757,6737,6705,-1,6757,6705,6673,-1,6758,6674,6726,-1,6758,6706,6674,-1,6759,6707,6675,-1,6759,6675,6727,-1,6760,6708,6676,-1,6760,6676,6728,-1,6761,6730,6729,-1,6761,6762,6730,-1,6763,6678,6731,-1,6763,6710,6678,-1,6764,6679,6732,-1,6764,6711,6679,-1,6764,6743,6711,-1,6765,6744,6712,-1,6765,6712,6733,-1,6766,6713,6681,-1,6766,6681,6734,-1,6767,6714,6682,-1,6767,6682,6735,-1,6768,6683,6736,-1,6768,6715,6683,-1,6769,6716,6737,-1,6770,6717,6685,-1,6770,6685,6738,-1,6771,6686,6739,-1,6771,6718,6686,-1,6772,6687,6740,-1,6772,6719,6687,-1,6773,6720,6688,-1,6773,6741,4584,-1,6773,4584,4583,-1,6773,6688,6741,-1,6774,6721,6689,-1,6774,6689,6742,-1,6775,6722,6743,-1,6776,6723,6744,-1,6777,6724,6692,-1,6777,6692,6745,-1,6778,6725,6746,-1,6779,6726,6747,-1,6780,6727,6695,-1,6780,6695,6748,-1,6781,6728,6749,-1,6782,6729,6750,-1,6783,6731,6699,-1,6783,6699,6751,-1,6783,6763,6731,-1,6784,6732,6752,-1,6785,6733,6753,-1,6786,6766,6734,-1,6786,6734,6702,-1,6786,6702,6754,-1,6787,6703,6755,-1,6787,6735,6703,-1,6788,6768,6736,-1,6788,6736,6704,-1,6788,6704,6756,-1,6789,6737,6757,-1,6790,6706,6758,-1,6790,6738,6706,-1,6791,6739,6707,-1,6791,6707,6759,-1,6792,6740,6708,-1,6792,6708,6760,-1,6793,6762,6761,-1,6793,6794,6762,-1,6795,6742,6710,-1,6795,6774,6742,-1,6795,6710,6763,-1,6796,6743,6764,-1,6797,6744,6765,-1,6798,6713,6766,-1,6798,6745,6713,-1,6799,6714,6767,-1,6799,6746,6714,-1,6800,6747,6715,-1,6800,6715,6768,-1,6801,6748,6716,-1,6801,6716,6769,-1,6801,6780,6748,-1,6802,6749,6717,-1,6802,6717,6770,-1,6803,6782,6750,-1,6803,6750,6718,-1,6803,6718,6771,-1,6804,6719,6772,-1,6804,6751,6719,-1,6805,6752,6720,-1,6805,6773,4583,-1,6805,6720,6773,-1,6805,4583,4581,-1,6806,6753,6721,-1,6806,6721,6774,-1,6807,6754,6722,-1,6807,6722,6775,-1,6807,6786,6754,-1,6808,6723,6776,-1,6808,6787,6755,-1,6808,6755,6723,-1,6809,6724,6777,-1,6809,6756,6724,-1,6810,6725,6778,-1,6810,6757,6725,-1,6811,6758,6726,-1,6811,6790,6758,-1,6811,6726,6779,-1,6812,6727,6780,-1,6812,6759,6727,-1,6813,6728,6781,-1,6813,6760,6728,-1,6814,6729,6782,-1,6814,6793,6761,-1,6814,6761,6729,-1,6815,6763,6783,-1,6816,6764,6732,-1,6816,6732,6784,-1,6817,6733,6785,-1,6817,6765,6733,-1,6818,6766,6786,-1,6819,6735,6787,-1,6819,6767,6735,-1,6820,6768,6788,-1,6820,6800,6768,-1,6821,6737,6789,-1,6821,6769,6737,-1,6822,6738,6790,-1,6822,6770,6738,-1,6823,6739,6791,-1,6823,6771,6739,-1,6823,6803,6771,-1,6824,6740,6792,-1,6824,6772,6740,-1,6825,6826,6794,-1,6825,6794,6793,-1,6827,6774,6795,-1,6828,6775,6743,-1,6828,6743,6796,-1,6829,6744,6797,-1,6829,6776,6744,-1,6830,6745,6798,-1,6830,6809,6777,-1,6830,6777,6745,-1,6831,6746,6799,-1,6831,6778,6746,-1,6832,6747,6800,-1,6832,6779,6747,-1,6833,6780,6801,-1,6833,6812,6780,-1,6834,6749,6802,-1,6834,6781,6749,-1,6835,6782,6803,-1,6836,6751,6804,-1,6836,6783,6751,-1,6837,6805,4581,-1,6837,6752,6805,-1,6837,6784,6752,-1,6837,4578,4577,-1,6837,4581,4578,-1,6838,6785,6753,-1,6838,6817,6785,-1,6838,6753,6806,-1,6839,6786,6807,-1,6840,6787,6808,-1,6841,6788,6756,-1,6841,6756,6809,-1,6842,6757,6810,-1,6842,6789,6757,-1,6843,6790,6811,-1,6843,6822,6790,-1,6844,6759,6812,-1,6844,6791,6759,-1,6845,6824,6792,-1,6845,6760,6813,-1,6845,6792,6760,-1,6846,6825,6793,-1,6846,6793,6814,-1,6847,6795,6763,-1,6847,6763,6815,-1,6848,6796,6764,-1,6848,6764,6816,-1,6849,6765,6817,-1,6849,6797,6765,-1,6850,6766,6818,-1,6850,6798,6766,-1,6851,6799,6767,-1,6851,6767,6819,-1,6852,6832,6800,-1,6852,6800,6820,-1,6853,6801,6769,-1,6853,6833,6801,-1,6853,6769,6821,-1,6854,6802,6770,-1,6854,6770,6822,-1,6855,6835,6803,-1,6855,6803,6823,-1,6856,6804,6772,-1,6856,6772,6824,-1,6856,6836,6804,-1,6857,6826,6825,-1,6857,6858,6826,-1,6859,6806,6774,-1,6859,6774,6827,-1,6860,6775,6828,-1,6860,6807,6775,-1,6861,6776,6829,-1,6861,6808,6776,-1,6862,6809,6830,-1,6862,6841,6809,-1,6863,6810,6778,-1,6863,6842,6810,-1,6863,6778,6831,-1,6864,6779,6832,-1,6864,6811,6779,-1,6865,6812,6833,-1,6866,6781,6834,-1,6866,6813,6781,-1,6867,6814,6782,-1,6867,6782,6835,-1,6868,6815,6783,-1,6868,6783,6836,-1,6869,6784,6837,-1,6869,6837,4577,-1,6869,6816,6784,-1,6869,6848,6816,-1,6870,6817,6838,-1,6871,6786,6839,-1,6871,6818,6786,-1,6872,6819,6787,-1,6872,6851,6819,-1,6872,6787,6840,-1,6873,6788,6841,-1,6873,6820,6788,-1,6874,6789,6842,-1,6874,6821,6789,-1,6874,6853,6821,-1,6875,6822,6843,-1,6876,6823,6791,-1,6876,6791,6844,-1,6877,6824,6845,-1,6878,6825,6846,-1,6879,6795,6847,-1,6879,6859,6827,-1,6879,6827,6795,-1,6880,6796,6848,-1,6880,6828,6796,-1,6881,6797,6849,-1,6881,6861,6829,-1,6881,6829,6797,-1,6882,6830,6798,-1,6882,6862,6830,-1,6882,6798,6850,-1,6883,6831,6799,-1,6883,6799,6851,-1,6884,6832,6852,-1,6885,6833,6853,-1,6886,6834,6802,-1,6886,6802,6854,-1,6887,6835,6855,-1,6888,6868,6836,-1,6888,6836,6856,-1,6889,6858,6857,-1,6889,6890,6858,-1,6891,6838,6806,-1,6891,6806,6859,-1,6892,6839,6807,-1,6892,6807,6860,-1,6893,6840,6808,-1,6893,6872,6840,-1,6893,6808,6861,-1,6894,6841,6862,-1,6895,6842,6863,-1,6896,6843,6811,-1,6896,6811,6864,-1,6897,6812,6865,-1,6897,6844,6812,-1,6898,6813,6866,-1,6898,6845,6813,-1,6899,6846,6814,-1,6899,6814,6867,-1,6899,6878,6846,-1,6900,6815,6868,-1,6900,6847,6815,-1,6901,6848,6869,-1,6901,4575,4573,-1,6901,4577,4575,-1,6901,6869,4577,-1,6901,6880,6848,-1,6902,6817,6870,-1,6902,6849,6817,-1,6903,6818,6871,-1,6903,6850,6818,-1,6904,6851,6872,-1,6905,6852,6820,-1,6905,6820,6873,-1,6906,6853,6874,-1,6907,6854,6822,-1,6907,6822,6875,-1,6907,6886,6854,-1,6908,6855,6823,-1,6908,6823,6876,-1,6909,6888,6856,-1,6909,6824,6877,-1,6909,6856,6824,-1,6910,6825,6878,-1,6910,6857,6825,-1,6911,6859,6879,-1,6912,6828,6880,-1,6912,6892,6860,-1,6912,6860,6828,-1,6913,6861,6881,-1,6914,6862,6882,-1,6915,6863,6831,-1,6915,6831,6883,-1,6916,6896,6864,-1,6916,6832,6884,-1,6916,6864,6832,-1,6917,6865,6833,-1,6917,6833,6885,-1,6918,6834,6886,-1,6918,6866,6834,-1,6919,6835,6887,-1,6919,6867,6835,-1,6920,6868,6888,-1,6921,6890,6889,-1,6921,6922,6923,-1,6921,6923,6890,-1,6924,6870,6838,-1,6924,6838,6891,-1,6925,6871,6839,-1,6925,6839,6892,-1,6926,6872,6893,-1,6927,6841,6894,-1,6927,6873,6841,-1,6928,6842,6895,-1,6928,6874,6842,-1,6929,6843,6896,-1,6929,6875,6843,-1,6930,6876,6844,-1,6930,6908,6876,-1,6930,6844,6897,-1,6931,6877,6845,-1,6931,6845,6898,-1,6932,6878,6899,-1,6933,6879,6847,-1,6933,6847,6900,-1,6934,6901,4573,-1,6934,6880,6901,-1,6934,6912,6880,-1,6935,6849,6902,-1,6935,6881,6849,-1,6936,6850,6903,-1,6936,6882,6850,-1,6937,6883,6851,-1,6937,6915,6883,-1,6937,6851,6904,-1,6938,6852,6905,-1,6938,6884,6852,-1,6938,6916,6884,-1,6939,6853,6906,-1,6939,6885,6853,-1,6940,6918,6886,-1,6940,6886,6907,-1,6941,6887,6855,-1,6941,6855,6908,-1,6942,6920,6888,-1,6942,6888,6909,-1,6943,6889,6857,-1,6943,6857,6910,-1,6943,6921,6889,-1,6944,6891,6859,-1,6944,6924,6891,-1,6944,6859,6911,-1,6945,6892,6912,-1,6946,6861,6913,-1,6946,6893,6861,-1,6947,6894,6862,-1,6947,6862,6914,-1,6948,6895,6863,-1,6948,6863,6915,-1,6949,6896,6916,-1,6950,6865,6917,-1,6950,6897,6865,-1,6951,6866,6918,-1,6951,6898,6866,-1,6952,6867,6919,-1,6952,6899,6867,-1,6953,6900,6868,-1,6953,6868,6920,-1,6954,6922,6921,-1,6955,6902,6870,-1,6955,6870,6924,-1,6956,6871,6925,-1,6956,6903,6871,-1,6957,6872,6926,-1,6957,6904,6872,-1,6958,6905,6873,-1,6958,6873,6927,-1,6958,6938,6905,-1,6959,6906,6874,-1,6959,6874,6928,-1,6960,6907,6875,-1,6960,6875,6929,-1,6961,6941,6908,-1,6961,6908,6930,-1,6962,6909,6877,-1,6962,6877,6931,-1,6963,6878,6932,-1,6963,6910,6878,-1,6964,6879,6933,-1,6964,6911,6879,-1,6965,6934,4573,-1,6965,4571,4568,-1,6965,4573,4571,-1,6965,6912,6934,-1,6966,6913,6881,-1,6966,6946,6913,-1,6966,6881,6935,-1,6967,6882,6936,-1,6967,6914,6882,-1,6968,6915,6937,-1,6969,6916,6938,-1,6970,6885,6939,-1,6970,6917,6885,-1,6971,6918,6940,-1,6972,6919,6887,-1,6972,6887,6941,-1,6973,6920,6942,-1,6974,6921,6943,-1,6975,6924,6944,-1,6976,6925,6892,-1,6976,6956,6925,-1,6976,6892,6945,-1,6977,6893,6946,-1,6977,6926,6893,-1,6978,6894,6947,-1,6978,6927,6894,-1,6979,6959,6928,-1,6979,6895,6948,-1,6979,6928,6895,-1,6980,6896,6949,-1,6980,6929,6896,-1,6981,6897,6950,-1,6981,6930,6897,-1,6982,6898,6951,-1,6982,6962,6931,-1,6982,6931,6898,-1,6983,6932,6899,-1,6983,6899,6952,-1,6984,6900,6953,-1,6984,6933,6900,-1,6985,6922,6954,-1,6985,6986,6922,-1,6987,6935,6902,-1,6987,6902,6955,-1,6988,6903,6956,-1,6988,6936,6903,-1,6989,6968,6937,-1,6989,6904,6957,-1,6989,6937,6904,-1,6990,6938,6958,-1,6991,6939,6906,-1,6991,6906,6959,-1,6992,6940,6907,-1,6992,6907,6960,-1,6993,6941,6961,-1,6994,6909,6962,-1,6994,6942,6909,-1,6995,6910,6963,-1,6995,6943,6910,-1,6996,6911,6964,-1,6996,6944,6911,-1,6997,6976,6945,-1,6997,6945,6912,-1,6997,6965,4568,-1,6997,6912,6965,-1,6998,6946,6966,-1,6999,6947,6914,-1,6999,6914,6967,-1,7000,6948,6915,-1,7000,6915,6968,-1,7001,6916,6969,-1,7001,6949,6916,-1,7002,6917,6970,-1,7002,6950,6917,-1,7003,6951,6918,-1,7003,6918,6971,-1,7003,6982,6951,-1,7004,6952,6919,-1,7004,6919,6972,-1,7005,6984,6953,-1,7005,6920,6973,-1,7005,6953,6920,-1,7006,6921,6974,-1,7006,6954,6921,-1,7007,6955,6924,-1,7007,6924,6975,-1,7007,6987,6955,-1,7008,6956,6976,-1,7009,6926,6977,-1,7009,6957,6926,-1,7010,6958,6927,-1,7010,6927,6978,-1,7011,6959,6979,-1,7011,6991,6959,-1,7012,6929,6980,-1,7012,6992,6960,-1,7012,6960,6929,-1,7013,6930,6981,-1,7013,6961,6930,-1,7014,6962,6982,-1,7015,6932,6983,-1,7015,6963,6932,-1,7016,6996,6964,-1,7016,6933,6984,-1,7016,6964,6933,-1,7017,6986,6985,-1,7017,7018,7019,-1,7017,7019,6986,-1,7020,6935,6987,-1,7020,6966,6935,-1,7021,6936,6988,-1,7021,6967,6936,-1,7022,6968,6989,-1,7023,6969,6938,-1,7023,6938,6990,-1,7024,6970,6939,-1,7024,6939,6991,-1,7025,6940,6992,-1,7025,6971,6940,-1,7026,6941,6993,-1,7026,6972,6941,-1,7027,6973,6942,-1,7027,6942,6994,-1,7028,6943,6995,-1,7028,6974,6943,-1,7028,7006,6974,-1,7029,6975,6944,-1,7029,6944,6996,-1,7030,6976,6997,-1,7030,6997,4568,-1,7030,4568,4567,-1,7031,7009,6977,-1,7031,6977,6946,-1,7031,6946,6998,-1,7032,6978,6947,-1,7032,6947,6999,-1,7033,6948,7000,-1,7033,6979,6948,-1,7034,6980,6949,-1,7034,6949,7001,-1,7035,6981,6950,-1,7035,6950,7002,-1,7036,7014,6982,-1,7036,6982,7003,-1,7037,6983,6952,-1,7037,6952,7004,-1,7038,6984,7005,-1,7039,6954,7006,-1,7039,6985,6954,-1,7040,6987,7007,-1,7041,7021,6988,-1,7041,6988,6956,-1,7041,6956,7008,-1,7042,6957,7009,-1,7042,7022,6989,-1,7042,6989,6957,-1,7043,7023,6990,-1,7043,6990,6958,-1,7043,6958,7010,-1,7044,6991,7011,-1,7044,7024,6991,-1,7045,7025,6992,-1,7045,6992,7012,-1,7046,6961,7013,-1,7046,6993,6961,-1,7047,6994,6962,-1,7047,6962,7014,-1,7048,7028,6995,-1,7048,6995,6963,-1,7048,6963,7015,-1,7049,6996,7016,-1,7050,7018,7017,-1,7051,6966,7020,-1,7051,6998,6966,-1,7051,7031,6998,-1,7052,6999,6967,-1,7052,6967,7021,-1,7053,6968,7022,-1,7053,7000,6968,-1,7054,7001,6969,-1,7054,6969,7023,-1,7055,6970,7024,-1,7055,7002,6970,-1,7056,7003,6971,-1,7056,6971,7025,-1,7056,7036,7003,-1,7057,7037,7004,-1,7057,6972,7026,-1,7057,7004,6972,-1,7058,6973,7027,-1,7058,7005,6973,-1,7059,7006,7028,-1,7060,7007,6975,-1,7060,6975,7029,-1,7061,6976,7030,-1,7061,7008,6976,-1,7061,7030,4567,-1,7061,4567,4565,-1,7062,7009,7031,-1,7063,7043,7010,-1,7063,6978,7032,-1,7063,7010,6978,-1,7064,7044,7011,-1,7064,7011,6979,-1,7064,6979,7033,-1,7065,7012,6980,-1,7065,6980,7034,-1,7066,7046,7013,-1,7066,7013,6981,-1,7066,6981,7035,-1,7067,7014,7036,-1,7068,6983,7037,-1,7068,7015,6983,-1,7069,6984,7038,-1,7069,7016,6984,-1,7069,7049,7016,-1,7070,7017,6985,-1,7070,6985,7039,-1,7071,7020,6987,-1,7071,6987,7040,-1,7071,7051,7020,-1,7072,7052,7021,-1,7072,7021,7041,-1,7073,7022,7042,-1,7074,7023,7043,-1,7075,7024,7044,-1,7076,7025,7045,-1,7077,7057,7026,-1,7077,7026,6993,-1,7077,6993,7046,-1,7078,7027,6994,-1,7078,6994,7047,-1,7079,7028,7048,-1,7080,7029,6996,-1,7080,6996,7049,-1,7081,7018,7050,-1,7081,7082,7018,-1,7083,7031,7051,-1,7084,7063,7032,-1,7084,6999,7052,-1,7084,7032,6999,-1,7085,7033,7000,-1,7085,7064,7033,-1,7085,7000,7053,-1,7086,7001,7054,-1,7086,7034,7001,-1,7087,7002,7055,-1,7087,7035,7002,-1,7088,7036,7056,-1,7089,7037,7057,-1,7090,7005,7058,-1,7090,7038,7005,-1,7091,7006,7059,-1,7091,7039,7006,-1,7092,7007,7060,-1,7092,7040,7007,-1,7093,7008,7061,-1,7093,7041,7008,-1,7093,7061,4565,-1,7093,4565,4562,-1,7094,7042,7009,-1,7094,7009,7062,-1,7095,7043,7063,-1,7096,7075,7044,-1,7096,7044,7064,-1,7097,7045,7012,-1,7097,7012,7065,-1,7098,7046,7066,-1,7099,7078,7047,-1,7099,7014,7067,-1,7099,7047,7014,-1,7100,7015,7068,-1,7100,7048,7015,-1,7101,7049,7069,-1,7102,7017,7070,-1,7102,7050,7017,-1,7103,7051,7071,-1,7104,7052,7072,-1,7105,7053,7022,-1,7105,7022,7073,-1,7106,7023,7074,-1,7106,7054,7023,-1,7107,7055,7024,-1,7107,7024,7075,-1,7108,7056,7025,-1,7108,7025,7076,-1,7109,7057,7077,-1,7110,7058,7027,-1,7110,7027,7078,-1,7111,7028,7079,-1,7111,7059,7028,-1,7112,7060,7029,-1,7112,7029,7080,-1,7113,7082,7081,-1,7113,7114,7115,-1,7113,7115,7082,-1,7116,7031,7083,-1,7116,7062,7031,-1,7117,7063,7084,-1,7118,7064,7085,-1,7119,7097,7065,-1,7119,7034,7086,-1,7119,7065,7034,-1,7120,7035,7087,-1,7120,7066,7035,-1,7121,7036,7088,-1,7121,7067,7036,-1,7122,7037,7089,-1,7122,7068,7037,-1,7123,7038,7090,-1,7123,7069,7038,-1,7124,7102,7070,-1,7124,7039,7091,-1,7124,7070,7039,-1,7125,7040,7092,-1,7125,7071,7040,-1,7126,7072,7041,-1,7126,7041,7093,-1,7126,7093,4562,-1,7126,4562,4561,-1,7127,7073,7042,-1,7127,7042,7094,-1,7128,7074,7043,-1,7128,7043,7095,-1,7129,7075,7096,-1,7130,7045,7097,-1,7130,7076,7045,-1,7131,7077,7046,-1,7131,7046,7098,-1,7132,7078,7099,-1,7133,7079,7048,-1,7133,7048,7100,-1,7134,7080,7049,-1,7134,7049,7101,-1,7135,7050,7102,-1,7135,7081,7050,-1,7136,7116,7083,-1,7136,7083,7051,-1,7136,7051,7103,-1,7137,7084,7052,-1,7137,7052,7104,-1,7138,7085,7053,-1,7138,7053,7105,-1,7139,7086,7054,-1,7139,7054,7106,-1,7140,7055,7107,-1,7140,7087,7055,-1,7140,7120,7087,-1,7141,7056,7108,-1,7141,7088,7056,-1,7142,7057,7109,-1,7142,7089,7057,-1,7143,7090,7058,-1,7143,7058,7110,-1,7144,7091,7059,-1,7144,7059,7111,-1,7145,7060,7112,-1,7145,7125,7092,-1,7145,7092,7060,-1,7146,7114,7113,-1,7147,7062,7116,-1,7147,7094,7062,-1,7148,7063,7117,-1,7148,7095,7063,-1,7149,7064,7118,-1,7149,7096,7064,-1,7150,7097,7119,-1,7151,7066,7120,-1,7151,7098,7066,-1,7152,7067,7121,-1,7152,7099,7067,-1,7153,7133,7100,-1,7153,7100,7068,-1,7153,7068,7122,-1,7154,7069,7123,-1,7154,7101,7069,-1,7155,7102,7124,-1,7156,7103,7071,-1,7156,7071,7125,-1,7157,7126,4561,-1,7157,7104,7072,-1,7157,4561,4559,-1,7157,7137,7104,-1,7157,7072,7126,-1,7158,7073,7127,-1,7158,7105,7073,-1,7159,7074,7128,-1,7159,7139,7106,-1,7159,7106,7074,-1,7160,7075,7129,-1,7160,7107,7075,-1,7161,7108,7076,-1,7161,7076,7130,-1,7162,7077,7131,-1,7162,7109,7077,-1,7163,7078,7132,-1,7163,7143,7110,-1,7163,7110,7078,-1,7164,7079,7133,-1,7164,7111,7079,-1,7165,7080,7134,-1,7165,7112,7080,-1,7166,7081,7135,-1,7166,7113,7081,-1,7167,7116,7136,-1,7168,7117,7084,-1,7168,7084,7137,-1,7169,7118,7085,-1,7169,7085,7138,-1,7169,7149,7118,-1,7170,7119,7086,-1,7170,7086,7139,-1,7171,7120,7140,-1,7171,7151,7120,-1,7172,7088,7141,-1,7172,7121,7088,-1,7173,7122,7089,-1,7173,7089,7142,-1,7174,7123,7090,-1,7174,7090,7143,-1,7175,7124,7091,-1,7175,7091,7144,-1,7176,7125,7145,-1,7177,7114,7146,-1,7177,7178,7114,-1,7179,7094,7147,-1,7179,7158,7127,-1,7179,7127,7094,-1,7180,7128,7095,-1,7180,7095,7148,-1,7181,7096,7149,-1,7181,7129,7096,-1,7182,7097,7150,-1,7182,7130,7097,-1,7183,7098,7151,-1,7183,7131,7098,-1,7184,7099,7152,-1,7184,7132,7099,-1,7185,7133,7153,-1,7186,7134,7101,-1,7186,7101,7154,-1,7187,7102,7155,-1,7187,7135,7102,-1,7188,7103,7156,-1,7188,7136,7103,-1,7189,7157,4559,-1,7189,7137,7157,-1,7189,4557,4555,-1,7189,4559,4557,-1,7190,7105,7158,-1,7190,7138,7105,-1,7191,7139,7159,-1,7192,7140,7107,-1,7192,7107,7160,-1,7193,7141,7108,-1,7193,7108,7161,-1,7194,7142,7109,-1,7194,7109,7162,-1,7195,7143,7163,-1,7196,7144,7111,-1,7196,7111,7164,-1,7197,7145,7112,-1,7197,7176,7145,-1,7197,7112,7165,-1,7198,7113,7166,-1,7198,7146,7113,-1,7199,7147,7116,-1,7199,7116,7167,-1,7200,7117,7168,-1,7200,7148,7117,-1,7201,7149,7169,-1,7202,7150,7119,-1,7202,7119,7170,-1,7203,7151,7171,-1,7204,7121,7172,-1,7204,7152,7121,-1,7205,7153,7122,-1,7205,7122,7173,-1,7206,7154,7123,-1,7206,7123,7174,-1,7207,7124,7175,-1,7207,7155,7124,-1,7208,7125,7176,-1,7208,7156,7125,-1,7208,7188,7156,-1,7209,7210,7211,-1,7209,7211,7178,-1,7209,7178,7177,-1,7212,7158,7179,-1,7213,7128,7180,-1,7213,7159,7128,-1,7214,7129,7181,-1,7214,7160,7129,-1,7215,7130,7182,-1,7215,7193,7161,-1,7215,7161,7130,-1,7216,7162,7131,-1,7216,7194,7162,-1,7216,7131,7183,-1,7217,7163,7132,-1,7217,7132,7184,-1,7218,7164,7133,-1,7218,7133,7185,-1,7218,7196,7164,-1,7219,7165,7134,-1,7219,7134,7186,-1,7220,7135,7187,-1,7220,7198,7166,-1,7220,7166,7135,-1,7221,7136,7188,-1,7221,7167,7136,-1,7222,7189,4555,-1,7222,7137,7189,-1,7222,4555,4553,-1,7222,7168,7137,-1,7223,7138,7190,-1,7223,7169,7138,-1,7224,7170,7139,-1,7224,7139,7191,-1,7225,7140,7192,-1,7225,7203,7171,-1,7225,7171,7140,-1,7226,7141,7193,-1,7226,7204,7172,-1,7226,7172,7141,-1,7227,7142,7194,-1,7227,7173,7142,-1,7228,7143,7195,-1,7228,7174,7143,-1,7229,7144,7196,-1,7229,7175,7144,-1,7229,7207,7175,-1,7230,7176,7197,-1,7231,7177,7146,-1,7231,7209,7177,-1,7231,7146,7198,-1,7232,7179,7147,-1,7232,7147,7199,-1,7232,7212,7179,-1,7233,7148,7200,-1,7233,7180,7148,-1,7234,7214,7181,-1,7234,7149,7201,-1,7234,7181,7149,-1,7235,7182,7150,-1,7235,7150,7202,-1,7236,7151,7203,-1,7236,7183,7151,-1,7237,7152,7204,-1,7237,7184,7152,-1,7238,7218,7185,-1,7238,7153,7205,-1,7238,7185,7153,-1,7239,7186,7154,-1,7239,7154,7206,-1,7240,7187,7155,-1,7240,7155,7207,-1,7240,7220,7187,-1,7241,7188,7208,-1,7241,7221,7188,-1,7242,7210,7209,-1,7243,7223,7190,-1,7243,7190,7158,-1,7243,7158,7212,-1,7244,7191,7159,-1,7244,7159,7213,-1,7245,7192,7160,-1,7245,7160,7214,-1,7245,7225,7192,-1,7246,7193,7215,-1,7247,7194,7216,-1,7248,7195,7163,-1,7248,7163,7217,-1,7249,7196,7218,-1,7250,7197,7165,-1,7250,7165,7219,-1,7251,7198,7220,-1,7252,7167,7221,-1,7252,7199,7167,-1,7253,7168,7222,-1,7253,7222,4553,-1,7253,7200,7168,-1,7253,7233,7200,-1,7254,7169,7223,-1,7254,7201,7169,-1,7255,7170,7224,-1,7255,7202,7170,-1,7255,7235,7202,-1,7256,7203,7225,-1,7257,7204,7226,-1,7258,7173,7227,-1,7258,7238,7205,-1,7258,7205,7173,-1,7259,7239,7206,-1,7259,7174,7228,-1,7259,7206,7174,-1,7260,7207,7229,-1,7261,7208,7176,-1,7261,7176,7230,-1,7262,7209,7231,-1,7263,7212,7232,-1,7264,7180,7233,-1,7264,7213,7180,-1,7265,7214,7234,-1,7266,7182,7235,-1,7266,7215,7182,-1,7267,7216,7183,-1,7267,7183,7236,-1,7268,7217,7184,-1,7268,7184,7237,-1,7269,7218,7238,-1,7270,7219,7186,-1,7270,7186,7239,-1,7271,7220,7240,-1,7272,7221,7241,-1,7273,7274,7210,-1,7273,7210,7242,-1,7275,7223,7243,-1,7275,7254,7223,-1,7276,7224,7191,-1,7276,7191,7244,-1,7277,7225,7245,-1,7278,7193,7246,-1,7278,7226,7193,-1,7279,7227,7194,-1,7279,7194,7247,-1,7280,7195,7248,-1,7280,7228,7195,-1,7281,7229,7196,-1,7281,7196,7249,-1,7282,7197,7250,-1,7282,7230,7197,-1,7283,7231,7198,-1,7283,7198,7251,-1,7284,7199,7252,-1,7284,7232,7199,-1,7285,7264,7233,-1,7285,7233,7253,-1,7285,4551,4548,-1,7285,4553,4551,-1,7285,7253,4553,-1,7286,7201,7254,-1,7286,7234,7201,-1,7287,7235,7255,-1,7288,7203,7256,-1,7288,7236,7203,-1,7289,7237,7204,-1,7289,7204,7257,-1,7290,7238,7258,-1,7291,7239,7259,-1,7292,7240,7207,-1,7292,7207,7260,-1,7293,7208,7261,-1,7293,7241,7208,-1,7294,7209,7262,-1,7294,7273,7242,-1,7294,7242,7209,-1,7295,7212,7263,-1,7295,7243,7212,-1,7296,7213,7264,-1,7296,7244,7213,-1,7297,7214,7265,-1,7297,7245,7214,-1,7297,7277,7245,-1,7298,7246,7215,-1,7298,7215,7266,-1,7299,7216,7267,-1,7299,7247,7216,-1,7300,7248,7217,-1,7300,7217,7268,-1,7301,7249,7218,-1,7301,7218,7269,-1,7302,7250,7219,-1,7302,7219,7270,-1,7303,7283,7251,-1,7303,7251,7220,-1,7303,7220,7271,-1,7304,7252,7221,-1,7304,7221,7272,-1,7305,7274,7273,-1,7305,7306,7274,-1,7307,7286,7254,-1,7307,7254,7275,-1,7308,7224,7276,-1,7308,7255,7224,-1,7309,7225,7277,-1,7309,7256,7225,-1,7310,7257,7226,-1,7310,7226,7278,-1,7311,7227,7279,-1,7311,7258,7227,-1,7312,7228,7280,-1,7312,7259,7228,-1,7313,7229,7281,-1,7313,7260,7229,-1,7314,7261,7230,-1,7314,7293,7261,-1,7314,7230,7282,-1,7315,7262,7231,-1,7315,7231,7283,-1,7315,7294,7262,-1,7316,7232,7284,-1,7316,7263,7232,-1,7317,7264,7285,-1,7317,7285,4548,-1,7318,7234,7286,-1,7318,7265,7234,-1,7319,7266,7235,-1,7319,7235,7287,-1,7320,7236,7288,-1,7320,7299,7267,-1,7320,7267,7236,-1,7321,7300,7268,-1,7321,7237,7289,-1,7321,7268,7237,-1,7322,7238,7290,-1,7322,7301,7269,-1,7322,7269,7238,-1,7323,7239,7291,-1,7323,7270,7239,-1,7324,7271,7240,-1,7324,7240,7292,-1,7324,7303,7271,-1,7325,7272,7241,-1,7325,7241,7293,-1,7326,7273,7294,-1,7327,7275,7243,-1,7327,7243,7295,-1,7328,7244,7296,-1,7328,7308,7276,-1,7328,7276,7244,-1,7329,7277,7297,-1,7329,7309,7277,-1,7330,7278,7246,-1,7330,7310,7278,-1,7330,7246,7298,-1,7331,7247,7299,-1,7331,7279,7247,-1,7332,7312,7280,-1,7332,7248,7300,-1,7332,7280,7248,-1,7333,7281,7249,-1,7333,7313,7281,-1,7333,7249,7301,-1,7334,7250,7302,-1,7334,7282,7250,-1,7335,7283,7303,-1,7336,7252,7304,-1,7336,7284,7252,-1,7337,7306,7305,-1,7337,7338,7306,-1,7339,7286,7307,-1,7340,7255,7308,-1,7340,7287,7255,-1,7341,7256,7309,-1,7341,7288,7256,-1,7342,7289,7257,-1,7342,7321,7289,-1,7342,7257,7310,-1,7343,7290,7258,-1,7343,7258,7311,-1,7343,7322,7290,-1,7344,7291,7259,-1,7344,7259,7312,-1,7345,7292,7260,-1,7345,7324,7292,-1,7345,7260,7313,-1,7346,7325,7293,-1,7346,7293,7314,-1,7347,7294,7315,-1,7348,7295,7263,-1,7348,7263,7316,-1,7349,7317,4548,-1,7349,7296,7264,-1,7349,7264,7317,-1,7349,4548,4546,-1,7350,7265,7318,-1,7350,7297,7265,-1,7351,7298,7266,-1,7351,7266,7319,-1,7352,7299,7320,-1,7353,7300,7321,-1,7354,7301,7322,-1,7355,7270,7323,-1,7355,7302,7270,-1,7356,7303,7324,-1,7357,7272,7325,-1,7357,7304,7272,-1,7357,7336,7304,-1,7358,7305,7273,-1,7358,7273,7326,-1,7359,7275,7327,-1,7359,7307,7275,-1,7360,7308,7328,-1,7361,7309,7329,-1,7362,7310,7330,-1,7363,7279,7331,-1,7363,7343,7311,-1,7363,7311,7279,-1,7364,7312,7332,-1,7365,7313,7333,-1,7366,7282,7334,-1,7366,7314,7282,-1,7367,7283,7335,-1,7367,7347,7315,-1,7367,7315,7283,-1,7368,7316,7284,-1,7368,7284,7336,-1,7369,7338,7337,-1,7369,7370,7371,-1,7369,7371,7338,-1,7372,7286,7339,-1,7372,7318,7286,-1,7373,7319,7287,-1,7373,7287,7340,-1,7374,7320,7288,-1,7374,7288,7341,-1,7375,7321,7342,-1,7376,7322,7343,-1,7377,7323,7291,-1,7377,7291,7344,-1,7378,7324,7345,-1,7379,7325,7346,-1,7380,7294,7347,-1,7380,7326,7294,-1,7381,7295,7348,-1,7381,7327,7295,-1,7382,4544,4543,-1,7382,4546,4544,-1,7382,7328,7296,-1,7382,7349,4546,-1,7382,7296,7349,-1,7383,7329,7297,-1,7383,7297,7350,-1,7384,7298,7351,-1,7384,7330,7298,-1,7385,7299,7352,-1,7385,7331,7299,-1,7386,7300,7353,-1,7386,7332,7300,-1,7387,7333,7301,-1,7387,7301,7354,-1,7388,7334,7302,-1,7388,7366,7334,-1,7388,7302,7355,-1,7389,7335,7303,-1,7389,7303,7356,-1,7390,7336,7357,-1,7390,7368,7336,-1,7391,7305,7358,-1,7391,7337,7305,-1,7392,7307,7359,-1,7392,7339,7307,-1,7393,7308,7360,-1,7393,7373,7340,-1,7393,7340,7308,-1,7394,7374,7341,-1,7394,7309,7361,-1,7394,7341,7309,-1,7395,7310,7362,-1,7395,7342,7310,-1,7396,7343,7363,-1,7397,7312,7364,-1,7397,7344,7312,-1,7398,7313,7365,-1,7398,7345,7313,-1,7399,7314,7366,-1,7399,7346,7314,-1,7400,7347,7367,-1,7401,7316,7368,-1,7401,7348,7316,-1,7402,7370,7369,-1,7403,7318,7372,-1,7403,7350,7318,-1,7403,7383,7350,-1,7404,7351,7319,-1,7404,7319,7373,-1,7405,7320,7374,-1,7405,7352,7320,-1,7406,7321,7375,-1,7406,7353,7321,-1,7406,7386,7353,-1,7407,7322,7376,-1,7407,7354,7322,-1,7408,7355,7323,-1,7408,7323,7377,-1,7409,7356,7324,-1,7409,7324,7378,-1,7410,7325,7379,-1,7410,7357,7325,-1,7411,7326,7380,-1,7411,7358,7326,-1,7412,7359,7327,-1,7412,7327,7381,-1,7413,7360,7328,-1,7413,7328,7382,-1,7413,7382,4543,-1,7414,7329,7383,-1,7414,7361,7329,-1,7415,7362,7330,-1,7415,7330,7384,-1,7415,7395,7362,-1,7416,7363,7331,-1,7416,7331,7385,-1,7417,7364,7332,-1,7417,7332,7386,-1,7418,7365,7333,-1,7418,7333,7387,-1,7419,7366,7388,-1,7419,7399,7366,-1,7420,7335,7389,-1,7420,7367,7335,-1,7421,7368,7390,-1,7422,7337,7391,-1,7422,7369,7337,-1,7423,7372,7339,-1,7423,7403,7372,-1,7423,7339,7392,-1,7424,7373,7393,-1,7424,7404,7373,-1,7425,7405,7374,-1,7425,7374,7394,-1,7426,7375,7342,-1,7426,7342,7395,-1,7427,7376,7343,-1,7427,7343,7396,-1,7428,7344,7397,-1,7428,7408,7377,-1,7428,7377,7344,-1,7429,7378,7345,-1,7429,7345,7398,-1,7430,7379,7346,-1,7430,7346,7399,-1,7431,7347,7400,-1,7431,7380,7347,-1,7431,7411,7380,-1,7432,7348,7401,-1,7432,7381,7348,-1,7433,7370,7402,-1,7433,7434,7370,-1,7435,7383,7403,-1,7436,7351,7404,-1,7436,7384,7351,-1,7436,7415,7384,-1,7437,7352,7405,-1,7437,7385,7352,-1,7438,7386,7406,-1,7438,7417,7386,-1,7439,7354,7407,-1,7439,7418,7387,-1,7439,7387,7354,-1,7440,7388,7355,-1,7440,7355,7408,-1,7441,7356,7409,-1,7441,7389,7356,-1,7442,7357,7410,-1,7442,7390,7357,-1,7443,7358,7411,-1,7443,7391,7358,-1,7444,7359,7412,-1,7444,7392,7359,-1,7445,7360,7413,-1,7445,7424,7393,-1,7445,7393,7360,-1,7445,4543,4541,-1,7445,7413,4543,-1,7446,7394,7361,-1,7446,7361,7414,-1,7447,7395,7415,-1,7448,7427,7396,-1,7448,7363,7416,-1,7448,7396,7363,-1,7449,7364,7417,-1,7449,7428,7397,-1,7449,7397,7364,-1,7450,7398,7365,-1,7450,7365,7418,-1,7451,7399,7419,-1,7451,7430,7399,-1,7452,7400,7367,-1,7452,7431,7400,-1,7452,7367,7420,-1,7453,7401,7368,-1,7453,7368,7421,-1,7454,7433,7402,-1,7454,7369,7422,-1,7454,7402,7369,-1,7455,7403,7423,-1,7456,7404,7424,-1,7457,7405,7425,-1,7458,7375,7426,-1,7458,7406,7375,-1,7459,7376,7427,-1,7459,7407,7376,-1,7460,7408,7428,-1,7461,7378,7429,-1,7461,7409,7378,-1,7462,7410,7379,-1,7462,7379,7430,-1,7463,7411,7431,-1,7464,7381,7432,-1,7464,7412,7381,-1,7465,7434,7433,-1,7465,7466,7434,-1,7467,7383,7435,-1,7467,7446,7414,-1,7467,7414,7383,-1,7468,7415,7436,-1,7469,7385,7437,-1,7469,7448,7416,-1,7469,7416,7385,-1,7470,7417,7438,-1,7471,7418,7439,-1,7472,7388,7440,-1,7472,7419,7388,-1,7473,7389,7441,-1,7473,7420,7389,-1,7473,7452,7420,-1,7474,7421,7390,-1,7474,7390,7442,-1,7475,7422,7391,-1,7475,7391,7443,-1,7476,7423,7392,-1,7476,7392,7444,-1,7477,7424,7445,-1,7477,4541,4539,-1,7477,7445,4541,-1,7478,7394,7446,-1,7478,7425,7394,-1,7479,7426,7395,-1,7479,7395,7447,-1,7480,7427,7448,-1,7481,7428,7449,-1,7482,7429,7398,-1,7482,7398,7450,-1,7483,7430,7451,-1,7484,7431,7452,-1,7485,7401,7453,-1,7485,7432,7401,-1,7485,7464,7432,-1,7486,7433,7454,-1,7487,7467,7435,-1,7487,7435,7403,-1,7487,7403,7455,-1,7488,7436,7404,-1,7488,7404,7456,-1,7489,7405,7457,-1,7489,7437,7405,-1,7490,7406,7458,-1,7490,7438,7406,-1,7491,7439,7407,-1,7491,7407,7459,-1,7492,7440,7408,-1,7492,7408,7460,-1,7493,7441,7409,-1,7493,7409,7461,-1,7494,7410,7462,-1,7494,7442,7410,-1,7495,7443,7411,-1,7495,7411,7463,-1,7496,7444,7412,-1,7496,7412,7464,-1,7497,7466,7465,-1,7497,7498,7499,-1,7497,7499,7466,-1,7500,7446,7467,-1,7501,7447,7415,-1,7501,7415,7468,-1,7502,7448,7469,-1,7503,7417,7470,-1,7503,7449,7417,-1,7504,7418,7471,-1,7504,7450,7418,-1,7505,7451,7419,-1,7505,7419,7472,-1,7506,7452,7473,-1,7507,7421,7474,-1,7507,7453,7421,-1,7508,7422,7475,-1,7508,7454,7422,-1,7509,7455,7423,-1,7509,7423,7476,-1,7510,7424,7477,-1,7510,7456,7424,-1,7510,7477,4539,-1,7510,4537,4535,-1,7510,4539,4537,-1,7511,7457,7425,-1,7511,7425,7478,-1,7512,7490,7458,-1,7512,7458,7426,-1,7512,7426,7479,-1,7513,7459,7427,-1,7513,7427,7480,-1,7514,7428,7481,-1,7514,7460,7428,-1,7515,7429,7482,-1,7515,7461,7429,-1,7516,7462,7430,-1,7516,7430,7483,-1,7517,7431,7484,-1,7517,7463,7431,-1,7518,7496,7464,-1,7518,7464,7485,-1,7519,7465,7433,-1,7519,7433,7486,-1,7520,7467,7487,-1,7521,7501,7468,-1,7521,7468,7436,-1,7521,7436,7488,-1,7522,7469,7437,-1,7522,7502,7469,-1,7522,7437,7489,-1,7523,7470,7438,-1,7523,7438,7490,-1,7524,7504,7471,-1,7524,7471,7439,-1,7524,7439,7491,-1,7525,7440,7492,-1,7525,7505,7472,-1,7525,7472,7440,-1,7526,7506,7473,-1,7526,7473,7441,-1,7526,7441,7493,-1,7527,7442,7494,-1,7527,7474,7442,-1,7528,7475,7443,-1,7528,7508,7475,-1,7528,7443,7495,-1,7529,7476,7444,-1,7529,7444,7496,-1,7530,7498,7497,-1,7531,7446,7500,-1,7531,7478,7446,-1,7531,7511,7478,-1,7532,7447,7501,-1,7532,7479,7447,-1,7533,7448,7502,-1,7533,7480,7448,-1,7534,7449,7503,-1,7534,7481,7449,-1,7535,7482,7450,-1,7535,7450,7504,-1,7535,7515,7482,-1,7536,7451,7505,-1,7536,7483,7451,-1,7537,7484,7452,-1,7537,7517,7484,-1,7537,7452,7506,-1,7538,7453,7507,-1,7538,7518,7485,-1,7538,7485,7453,-1,7539,7454,7508,-1,7539,7486,7454,-1,7540,7455,7509,-1,7540,7487,7455,-1,7541,7510,4535,-1,7541,7456,7510,-1,7541,7488,7456,-1,7542,7457,7511,-1,7542,7489,7457,-1,7543,7490,7512,-1,7544,7491,7459,-1,7544,7459,7513,-1,7545,7492,7460,-1,7545,7460,7514,-1,7546,7526,7493,-1,7546,7493,7461,-1,7546,7461,7515,-1,7547,7527,7494,-1,7547,7462,7516,-1,7547,7494,7462,-1,7548,7495,7463,-1,7548,7463,7517,-1,7549,7496,7518,-1,7550,7465,7519,-1,7550,7497,7465,-1,7551,7500,7467,-1,7551,7467,7520,-1,7552,7501,7521,-1,7553,7502,7522,-1,7554,7470,7523,-1,7554,7534,7503,-1,7554,7503,7470,-1,7555,7504,7524,-1,7556,7505,7525,-1,7557,7506,7526,-1,7558,7474,7527,-1,7558,7507,7474,-1,7559,7508,7528,-1,7560,7509,7476,-1,7560,7476,7529,-1,7561,7562,7563,-1,7561,7563,7498,-1,7561,7498,7530,-1,7564,7511,7531,-1,7565,7479,7532,-1,7565,7512,7479,-1,7566,7513,7480,-1,7566,7480,7533,-1,7567,7514,7481,-1,7567,7481,7534,-1,7567,7545,7514,-1,7568,7515,7535,-1,7569,7516,7483,-1,7569,7483,7536,-1,7570,7517,7537,-1,7571,7549,7518,-1,7571,7518,7538,-1,7572,7519,7486,-1,7572,7486,7539,-1,7573,7487,7540,-1,7573,7520,7487,-1,7574,7488,7541,-1,7574,4535,4533,-1,7574,7521,7488,-1,7574,7541,4535,-1,7575,7489,7542,-1,7575,7522,7489,-1,7576,7523,7490,-1,7576,7490,7543,-1,7577,7491,7544,-1,7577,7524,7491,-1,7578,7492,7545,-1,7578,7525,7492,-1,7579,7526,7546,-1,7580,7527,7547,-1,7581,7528,7495,-1,7581,7495,7548,-1,7582,7529,7496,-1,7582,7496,7549,-1,7583,7497,7550,-1,7583,7530,7497,-1,7584,7564,7531,-1,7584,7500,7551,-1,7584,7531,7500,-1,7585,7501,7552,-1,7585,7532,7501,-1,7586,7533,7502,-1,7586,7502,7553,-1,7586,7566,7533,-1,7587,7534,7554,-1,7588,7535,7504,-1,7588,7504,7555,-1,7589,7505,7556,-1,7589,7536,7505,-1,7590,7537,7506,-1,7590,7506,7557,-1,7591,7538,7507,-1,7591,7507,7558,-1,7592,7539,7508,-1,7592,7508,7559,-1,7593,7540,7509,-1,7593,7509,7560,-1,7594,7562,7561,-1,7595,7511,7564,-1,7595,7542,7511,-1,7596,7512,7565,-1,7596,7543,7512,-1,7597,7544,7513,-1,7597,7513,7566,-1,7598,7545,7567,-1,7599,7546,7515,-1,7599,7515,7568,-1,7600,7516,7569,-1,7600,7547,7516,-1,7601,7517,7570,-1,7601,7548,7517,-1,7602,7549,7571,-1,7603,7550,7519,-1,7603,7519,7572,-1,7604,7520,7573,-1,7604,7551,7520,-1,7605,7585,7552,-1,7605,7574,4533,-1,7605,7521,7574,-1,7605,4533,4531,-1,7605,7552,7521,-1,7606,7522,7575,-1,7606,7553,7522,-1,7607,7554,7523,-1,7607,7523,7576,-1,7608,7524,7577,-1,7608,7555,7524,-1,7609,7556,7525,-1,7609,7525,7578,-1,7610,7590,7557,-1,7610,7557,7526,-1,7610,7526,7579,-1,7611,7558,7527,-1,7611,7527,7580,-1,7611,7591,7558,-1,7612,7528,7581,-1,7612,7559,7528,-1,7613,7593,7560,-1,7613,7560,7529,-1,7613,7529,7582,-1,7614,7530,7583,-1,7614,7561,7530,-1,7615,7564,7584,-1,7616,7565,7532,-1,7616,7532,7585,-1,7616,7596,7565,-1,7617,7566,7586,-1,7618,7567,7534,-1,7618,7534,7587,-1,7619,7535,7588,-1,7619,7568,7535,-1,7620,7536,7589,-1,7620,7569,7536,-1,7620,7600,7569,-1,7621,7537,7590,-1,7621,7570,7537,-1,7622,7571,7538,-1,7622,7538,7591,-1,7623,7572,7539,-1,7623,7539,7592,-1,7624,7573,7540,-1,7624,7540,7593,-1,7625,7562,7594,-1,7625,7626,7627,-1,7625,7627,7562,-1,7628,7575,7542,-1,7628,7606,7575,-1,7628,7542,7595,-1,7629,7543,7596,-1,7629,7576,7543,-1,7630,7577,7544,-1,7630,7544,7597,-1,7631,7578,7545,-1,7631,7609,7578,-1,7631,7545,7598,-1,7632,7579,7546,-1,7632,7546,7599,-1,7633,7547,7600,-1,7633,7580,7547,-1,7634,7581,7548,-1,7634,7548,7601,-1,7634,7612,7581,-1,7635,7582,7549,-1,7635,7549,7602,-1,7636,7583,7550,-1,7636,7550,7603,-1,7637,7551,7604,-1,7637,7584,7551,-1,7638,7605,4531,-1,7638,4531,4528,-1,7638,7585,7605,-1,7639,7586,7553,-1,7639,7553,7606,-1,7640,7587,7554,-1,7640,7618,7587,-1,7640,7554,7607,-1,7641,7555,7608,-1,7641,7588,7555,-1,7642,7589,7556,-1,7642,7556,7609,-1,7643,7590,7610,-1,7644,7591,7611,-1,7645,7559,7612,-1,7645,7592,7559,-1,7646,7593,7613,-1,7647,7561,7614,-1,7647,7594,7561,-1,7648,7564,7615,-1,7648,7595,7564,-1,7649,7596,7616,-1,7650,7597,7566,-1,7650,7566,7617,-1,7650,7630,7597,-1,7651,7567,7618,-1,7651,7598,7567,-1,7652,7599,7568,-1,7652,7568,7619,-1,7652,7632,7599,-1,7653,7633,7600,-1,7653,7600,7620,-1,7654,7601,7570,-1,7654,7570,7621,-1,7655,7571,7622,-1,7655,7602,7571,-1,7656,7603,7572,-1,7656,7572,7623,-1,7657,7573,7624,-1,7657,7604,7573,-1,7658,7626,7625,-1,7659,7606,7628,-1,7660,7576,7629,-1,7660,7607,7576,-1,7660,7640,7607,-1,7661,7577,7630,-1,7661,7608,7577,-1,7662,7642,7609,-1,7662,7609,7631,-1,7663,7579,7632,-1,7663,7610,7579,-1,7664,7611,7580,-1,7664,7580,7633,-1,7665,7612,7634,-1,7666,7646,7613,-1,7666,7582,7635,-1,7666,7613,7582,-1,7667,7614,7583,-1,7667,7583,7636,-1,7668,7584,7637,-1,7668,7615,7584,-1,7669,7638,4528,-1,7669,7585,7638,-1,7669,4528,4527,-1,7669,7616,7585,-1,7670,7617,7586,-1,7670,7586,7639,-1,7671,7618,7640,-1,7672,7619,7588,-1,7672,7588,7641,-1,7673,7620,7589,-1,7673,7589,7642,-1,7674,7590,7643,-1,7674,7621,7590,-1,7675,7591,7644,-1,7675,7622,7591,-1,7676,7623,7592,-1,7676,7592,7645,-1,7677,7593,7646,-1,7677,7624,7593,-1,7677,7657,7624,-1,7678,7594,7647,-1,7678,7625,7594,-1,7679,7595,7648,-1,7679,7628,7595,-1,7680,7629,7596,-1,7680,7596,7649,-1,7681,7630,7650,-1,7682,7598,7651,-1,7682,7631,7598,-1,7683,7663,7632,-1,7683,7632,7652,-1,7684,7633,7653,-1,7685,7601,7654,-1,7685,7634,7601,-1,7686,7635,7602,-1,7686,7602,7655,-1,7687,7603,7656,-1,7687,7636,7603,-1,7688,7604,7657,-1,7688,7637,7604,-1,7689,7690,7691,-1,7689,7691,7626,-1,7689,7626,7658,-1,7692,7670,7639,-1,7692,7639,7606,-1,7692,7606,7659,-1,7693,7640,7660,-1,7694,7672,7641,-1,7694,7641,7608,-1,7694,7608,7661,-1,7695,7642,7662,-1,7696,7643,7610,-1,7696,7610,7663,-1,7697,7644,7611,-1,7697,7611,7664,-1,7698,7645,7612,-1,7698,7612,7665,-1,7699,7646,7666,-1,7700,7647,7614,-1,7700,7614,7667,-1,7700,7678,7647,-1,7701,7615,7668,-1,7701,7648,7615,-1,7702,7669,4527,-1,7702,7616,7669,-1,7702,4524,4522,-1,7702,4527,4524,-1,7702,7649,7616,-1,7703,7617,7670,-1,7703,7650,7617,-1,7704,7618,7671,-1,7704,7651,7618,-1,7705,7652,7619,-1,7705,7619,7672,-1,7706,7620,7673,-1,7706,7653,7620,-1,7707,7654,7621,-1,7707,7621,7674,-1,7708,7622,7675,-1,7708,7655,7622,-1,7709,7623,7676,-1,7709,7687,7656,-1,7709,7656,7623,-1,7710,7657,7677,-1,7711,7658,7625,-1,7711,7625,7678,-1,7712,7628,7679,-1,7712,7692,7659,-1,7712,7659,7628,-1,7713,7660,7629,-1,7713,7629,7680,-1,7714,7630,7681,-1,7714,7694,7661,-1,7714,7661,7630,-1,7715,7631,7682,-1,7715,7695,7662,-1,7715,7662,7631,-1,7716,7696,7663,-1,7716,7663,7683,-1,7717,7633,7684,-1,7717,7664,7633,-1,7717,7697,7664,-1,7718,7634,7685,-1,7718,7665,7634,-1,7719,7666,7635,-1,7719,7635,7686,-1,7720,7667,7636,-1,7720,7636,7687,-1,7721,7668,7637,-1,7721,7637,7688,-1,7722,7690,7689,-1,7723,7670,7692,-1,7724,7671,7640,-1,7724,7640,7693,-1,7725,7672,7694,-1,7726,7673,7642,-1,7726,7642,7695,-1,7727,7674,7643,-1,7727,7643,7696,-1,7728,7644,7697,-1,7728,7675,7644,-1,7728,7708,7675,-1,7729,7676,7645,-1,7729,7645,7698,-1,7730,7646,7699,-1,7730,7677,7646,-1,7731,7678,7700,-1,7731,7711,7678,-1,7732,7679,7648,-1,7732,7648,7701,-1,7733,7702,4522,-1,7733,7649,7702,-1,7733,7713,7680,-1,7733,4522,4521,-1,7733,7680,7649,-1,7734,7650,7703,-1,7734,7681,7650,-1,7735,7651,7704,-1,7735,7682,7651,-1,7736,7683,7652,-1,7736,7652,7705,-1,7737,7684,7653,-1,7737,7653,7706,-1,7738,7654,7707,-1,7738,7718,7685,-1,7738,7685,7654,-1,7739,7655,7708,-1,7739,7686,7655,-1,7740,7687,7709,-1,7741,7657,7710,-1,7741,7721,7688,-1,7741,7688,7657,-1,7742,7658,7711,-1,7742,7689,7658,-1,7743,7692,7712,-1,7744,7660,7713,-1,7744,7693,7660,-1,7745,7725,7694,-1,7745,7694,7714,-1,7746,7695,7715,-1,7747,7696,7716,-1,7748,7697,7717,-1,7749,7665,7718,-1,7749,7698,7665,-1,7750,7699,7666,-1,7750,7666,7719,-1,7751,7667,7720,-1,7751,7700,7667,-1,7752,7668,7721,-1,7752,7701,7668,-1,7753,7690,7722,-1,7753,7754,7755,-1,7753,7755,7690,-1,7756,7703,7670,-1,7756,7670,7723,-1,7756,7734,7703,-1,7757,7704,7671,-1,7757,7671,7724,-1,7758,7736,7705,-1,7758,7705,7672,-1,7758,7672,7725,-1,7759,7737,7706,-1,7759,7673,7726,-1,7759,7706,7673,-1,7760,7738,7707,-1,7760,7674,7727,-1,7760,7707,7674,-1,7761,7708,7728,-1,7762,7676,7729,-1,7762,7709,7676,-1,7763,7710,7677,-1,7763,7677,7730,-1,7764,7711,7731,-1,7765,7712,7679,-1,7765,7679,7732,-1,7766,7713,7733,-1,7766,7733,4521,-1,7767,7714,7681,-1,7767,7681,7734,-1,7768,7682,7735,-1,7768,7715,7682,-1,7769,7683,7736,-1,7769,7716,7683,-1,7770,7748,7717,-1,7770,7684,7737,-1,7770,7717,7684,-1,7771,7718,7738,-1,7772,7719,7686,-1,7772,7750,7719,-1,7772,7686,7739,-1,7773,7687,7740,-1,7773,7720,7687,-1,7773,7751,7720,-1,7774,7721,7741,-1,7775,7689,7742,-1,7775,7722,7689,-1,7776,7756,7723,-1,7776,7723,7692,-1,7776,7692,7743,-1,7777,7724,7693,-1,7777,7757,7724,-1,7777,7693,7744,-1,7778,7725,7745,-1,7779,7726,7695,-1,7779,7695,7746,-1,7780,7727,7696,-1,7780,7696,7747,-1,7781,7697,7748,-1,7781,7728,7697,-1,7782,7729,7698,-1,7782,7698,7749,-1,7783,7730,7699,-1,7783,7699,7750,-1,7784,7700,7751,-1,7784,7731,7700,-1,7785,7732,7701,-1,7785,7701,7752,-1,7786,7754,7753,-1,7786,7787,7754,-1,7788,7734,7756,-1,7789,7704,7757,-1,7789,7735,7704,-1,7790,7736,7758,-1,7791,7737,7759,-1,7792,7738,7760,-1,7793,7739,7708,-1,7793,7708,7761,-1,7794,7709,7762,-1,7794,7740,7709,-1,7795,7710,7763,-1,7795,7741,7710,-1,7796,7775,7742,-1,7796,7742,7711,-1,7796,7711,7764,-1,7797,7743,7712,-1,7797,7712,7765,-1,7798,7713,7766,-1,7798,4521,4519,-1,7798,7744,7713,-1,7798,7766,4521,-1,7799,7745,7714,-1,7799,7714,7767,-1,7800,7746,7715,-1,7800,7715,7768,-1,7801,7747,7716,-1,7801,7716,7769,-1,7802,7748,7770,-1,7803,7749,7718,-1,7803,7718,7771,-1,7804,7783,7750,-1,7804,7750,7772,-1,7805,7751,7773,-1,7806,7752,7721,-1,7806,7721,7774,-1,7807,7722,7775,-1,7807,7753,7722,-1,7808,7788,7756,-1,7808,7756,7776,-1,7809,7757,7777,-1,7810,7758,7725,-1,7810,7790,7758,-1,7810,7725,7778,-1,7811,7726,7779,-1,7811,7759,7726,-1,7812,7727,7780,-1,7812,7760,7727,-1,7813,7728,7781,-1,7813,7793,7761,-1,7813,7761,7728,-1,7814,7729,7782,-1,7814,7794,7762,-1,7814,7762,7729,-1,7815,7730,7783,-1,7815,7763,7730,-1,7816,7764,7731,-1,7816,7731,7784,-1,7817,7732,7785,-1,7817,7765,7732,-1,7818,7787,7786,-1,7819,7734,7788,-1,7819,7799,7767,-1,7819,7767,7734,-1,7820,7768,7735,-1,7820,7735,7789,-1,7821,7736,7790,-1,7821,7769,7736,-1,7821,7801,7769,-1,7822,7770,7737,-1,7822,7737,7791,-1,7823,7738,7792,-1,7823,7771,7738,-1,7824,7772,7739,-1,7824,7739,7793,-1,7824,7804,7772,-1,7825,7740,7794,-1,7825,7773,7740,-1,7826,7774,7741,-1,7826,7741,7795,-1,7827,7775,7796,-1,7828,7743,7797,-1,7828,7776,7743,-1,7829,7777,7744,-1,7829,4519,4517,-1,7829,7744,7798,-1,7829,7798,4519,-1,7830,7778,7745,-1,7830,7745,7799,-1,7831,7746,7800,-1,7831,7779,7746,-1,7831,7811,7779,-1,7832,7780,7747,-1,7832,7747,7801,-1,7833,7781,7748,-1,7833,7748,7802,-1,7834,7749,7803,-1,7834,7814,7782,-1,7834,7782,7749,-1,7835,7783,7804,-1,7836,7784,7751,-1,7836,7751,7805,-1,7836,7816,7784,-1,7837,7785,7752,-1,7837,7817,7785,-1,7837,7752,7806,-1,7838,7753,7807,-1,7838,7786,7753,-1,7839,7788,7808,-1,7840,7789,7757,-1,7840,7820,7789,-1,7840,7757,7809,-1,7841,7790,7810,-1,7841,7821,7790,-1,7842,7759,7811,-1,7842,7791,7759,-1,7843,7792,7760,-1,7843,7823,7792,-1,7843,7760,7812,-1,7844,7793,7813,-1,7844,7824,7793,-1,7845,7825,7794,-1,7845,7794,7814,-1,7846,7763,7815,-1,7846,7795,7763,-1,7847,7764,7816,-1,7847,7796,7764,-1,7848,7765,7817,-1,7848,7797,7765,-1,7849,7787,7818,-1,7849,7850,7851,-1,7849,7851,7787,-1,7852,7799,7819,-1,7853,7768,7820,-1,7853,7800,7768,-1,7854,7801,7821,-1,7855,7770,7822,-1,7855,7802,7770,-1,7856,7771,7823,-1,7856,7803,7771,-1,7857,7804,7824,-1,7858,7773,7825,-1,7858,7805,7773,-1,7859,7806,7774,-1,7859,7774,7826,-1,7860,7807,7775,-1,7860,7775,7827,-1,7861,7776,7828,-1,7861,7808,7776,-1,7862,4517,4515,-1,7862,7809,7777,-1,7862,7829,4517,-1,7862,7777,7829,-1,7863,7778,7830,-1,7863,7810,7778,-1,7864,7842,7811,-1,7864,7811,7831,-1,7865,7812,7780,-1,7865,7780,7832,-1,7866,7781,7833,-1,7866,7813,7781,-1,7867,7814,7834,-1,7868,7815,7783,-1,7868,7783,7835,-1,7869,7816,7836,-1,7870,7817,7837,-1,7871,7818,7786,-1,7871,7786,7838,-1,7872,7788,7839,-1,7872,7819,7788,-1,7873,7820,7840,-1,7873,7853,7820,-1,7874,7821,7841,-1,7875,7791,7842,-1,7875,7822,7791,-1,7876,7823,7843,-1,7877,7824,7844,-1,7878,7858,7825,-1,7878,7825,7845,-1,7879,7795,7846,-1,7879,7826,7795,-1,7880,7796,7847,-1,7880,7827,7796,-1,7881,7797,7848,-1,7881,7828,7797,-1,7882,7850,7849,-1,7882,4664,7850,-1,7883,7799,7852,-1,7883,7863,7830,-1,7883,7830,7799,-1,7884,7831,7800,-1,7884,7800,7853,-1,7885,7801,7854,-1,7885,7832,7801,-1,7886,7802,7855,-1,7886,7833,7802,-1,7887,7803,7856,-1,7887,7834,7803,-1,7888,7804,7857,-1,7888,7835,7804,-1,7889,7805,7858,-1,7889,7836,7805,-1,7890,7837,7806,-1,7890,7806,7859,-1,7890,7870,7837,-1,7891,7838,7807,-1,7891,7807,7860,-1,7891,7871,7838,-1,7892,7839,7808,-1,7892,7808,7861,-1,7893,7840,7809,-1,7893,7862,4515,-1,7893,4515,4513,-1,7893,7809,7862,-1,7894,7841,7810,-1,7894,7810,7863,-1,7895,7842,7864,-1,7896,7843,7812,-1,7896,7812,7865,-1,7897,7844,7813,-1,7897,7813,7866,-1,7898,7845,7814,-1,7898,7814,7867,-1,7899,7815,7868,-1,7899,7846,7815,-1,7899,7879,7846,-1,7900,7847,7816,-1,7900,7816,7869,-1,7900,7880,7847,-1,7901,7848,7817,-1,7901,7881,7848,-1,7901,7817,7870,-1,7902,7849,7818,-1,7902,7818,7871,-1,7903,7819,7872,-1,7903,7852,7819,-1,7903,7883,7852,-1,7904,7853,7873,-1,7905,7854,7821,-1,7905,7885,7854,-1,7905,7821,7874,-1,7906,7822,7875,-1,7906,7855,7822,-1,7907,7856,7823,-1,7907,7823,7876,-1,7908,7824,7877,-1,7908,7888,7857,-1,7908,7857,7824,-1,7909,7858,7878,-1,7910,7826,7879,-1,7910,7859,7826,-1,7911,7860,7827,-1,7911,7827,7880,-1,7912,7828,7881,-1,7912,7861,7828,-1,7913,4664,7882,-1,7913,4662,4664,-1,7914,7863,7883,-1,7915,7831,7884,-1,7915,7864,7831,-1,7916,7832,7885,-1,7916,7865,7832,-1,7917,7833,7886,-1,7917,7866,7833,-1,7918,7834,7887,-1,7918,7898,7867,-1,7918,7867,7834,-1,7919,7868,7835,-1,7919,7835,7888,-1,7920,7869,7836,-1,7920,7836,7889,-1,7921,7870,7890,-1,7922,7871,7891,-1,7923,7839,7892,-1,7923,7872,7839,-1,7924,7904,7873,-1,7924,7873,7840,-1,7924,4510,4509,-1,7924,4513,4510,-1,7924,7893,4513,-1,7924,7840,7893,-1,7925,7841,7894,-1,7925,7874,7841,-1,7926,7842,7895,-1,7926,7906,7875,-1,7926,7875,7842,-1,7927,7876,7843,-1,7927,7843,7896,-1,7928,7908,7877,-1,7928,7877,7844,-1,7928,7844,7897,-1,7929,7845,7898,-1,7929,7878,7845,-1,7930,7879,7899,-1,7931,7880,7900,-1,7932,7881,7901,-1,7933,7849,7902,-1,7933,7882,7849,-1,7934,7914,7883,-1,7934,7883,7903,-1,7935,7853,7904,-1,7935,7884,7853,-1,7936,7885,7905,-1,7936,7916,7885,-1,7937,7886,7855,-1,7937,7855,7906,-1,7938,7856,7907,-1,7938,7887,7856,-1,7939,7888,7908,-1,7940,7889,7858,-1,7940,7858,7909,-1,7940,7920,7889,-1,7941,7859,7910,-1,7941,7890,7859,-1,7942,7891,7860,-1,7942,7860,7911,-1,7943,7861,7912,-1,7943,7892,7861,-1,7944,7894,7863,-1,7944,7863,7914,-1,7944,7925,7894,-1,7945,7864,7915,-1,7945,7895,7864,-1,7946,7896,7865,-1,7946,7865,7916,-1,7947,7866,7917,-1,7947,7897,7866,-1,7948,7898,7918,-1,7949,7899,7868,-1,7949,7868,7919,-1,7950,7900,7869,-1,7950,7869,7920,-1,7951,7870,7921,-1,7951,7932,7901,-1,7951,7901,7870,-1,7952,7933,7902,-1,7952,7871,7922,-1,7952,7902,7871,-1,7953,7872,7923,-1,7953,7903,7872,-1,7954,7924,4509,-1,7954,7904,7924,-1,7955,7874,7925,-1,7955,7905,7874,-1,7956,7906,7926,-1,7957,7907,7876,-1,7957,7876,7927,-1,7958,7908,7928,-1,7959,7878,7929,-1,7959,7909,7878,-1,7959,7940,7909,-1,7960,7879,7930,-1,7960,7910,7879,-1,7960,7941,7910,-1,7961,7911,7880,-1,7961,7880,7931,-1,7962,7943,7912,-1,7962,7881,7932,-1,7962,7912,7881,-1,7963,4662,7913,-1,7963,7913,7882,-1,7963,4678,4671,-1,7963,4671,4662,-1,7963,7882,7933,-1,7964,7914,7934,-1,7965,7915,7884,-1,7965,7884,7935,-1,7966,7916,7936,-1,7967,7917,7886,-1,7967,7886,7937,-1,7968,7918,7887,-1,7968,7887,7938,-1,7969,7888,7939,-1,7969,7949,7919,-1,7969,7919,7888,-1,7970,7920,7940,-1,7971,7921,7890,-1,7971,7890,7941,-1,7972,7891,7942,-1,7972,7922,7891,-1,7973,7923,7892,-1,7973,7892,7943,-1,7974,7955,7925,-1,7974,7925,7944,-1,7975,7895,7945,-1,7975,7926,7895,-1,7976,7927,7896,-1,7976,7896,7946,-1,7977,7928,7897,-1,7977,7897,7947,-1,7977,7958,7928,-1,7978,7898,7948,-1,7978,7959,7929,-1,7978,7929,7898,-1,7979,7930,7899,-1,7979,7899,7949,-1,7980,7900,7950,-1,7980,7931,7900,-1,7981,7932,7951,-1,7982,7933,7952,-1,7982,7963,7933,-1,7983,7903,7953,-1,7983,7934,7903,-1,7984,7954,4509,-1,7984,7904,7954,-1,7984,4509,4507,-1,7984,7935,7904,-1,7985,7936,7905,-1,7985,7905,7955,-1,7986,7906,7956,-1,7986,7937,7906,-1,7987,7907,7957,-1,7987,7938,7907,-1,7988,7908,7958,-1,7988,7939,7908,-1,7989,7940,7959,-1,7990,7941,7960,-1,7991,7972,7942,-1,7991,7911,7961,-1,7991,7942,7911,-1,7992,7943,7962,-1,7993,7914,7964,-1,7993,7944,7914,-1,7994,7945,7915,-1,7994,7915,7965,-1,7995,7916,7966,-1,7995,7946,7916,-1,7996,7947,7917,-1,7996,7917,7967,-1,7997,7948,7918,-1,7997,7918,7968,-1,7998,7979,7949,-1,7998,7949,7969,-1,7999,7950,7920,-1,7999,7920,7970,-1,8000,7921,7971,-1,8000,7951,7921,-1,8001,7952,7922,-1,8001,7922,7972,-1,8002,7953,7923,-1,8002,7923,7973,-1,8003,7955,7974,-1,8004,7926,7975,-1,8004,7956,7926,-1,8005,7927,7976,-1,8005,7957,7927,-1,8006,7958,7977,-1,8007,7959,7978,-1,8008,7960,7930,-1,8008,7990,7960,-1,8008,7930,7979,-1,8009,7931,7980,-1,8009,7961,7931,-1,8010,7932,7981,-1,8010,7992,7962,-1,8010,7962,7932,-1,8011,7963,7982,-1,8011,4678,7963,-1,8012,7934,7983,-1,8012,7964,7934,-1,8013,7994,7965,-1,8013,7965,7935,-1,8013,7935,7984,-1,8013,7984,4507,-1,8013,4507,4505,-1,8014,7966,7936,-1,8014,7936,7985,-1,8015,7937,7986,-1,8015,7967,7937,-1,8016,7938,7987,-1,8016,7968,7938,-1,8017,7939,7988,-1,8017,7969,7939,-1,8018,7940,7989,-1,8018,7970,7940,-1,8019,7941,7990,-1,8019,7971,7941,-1,8019,8000,7971,-1,8020,7972,7991,-1,8021,7943,7992,-1,8021,8002,7973,-1,8021,7973,7943,-1,8022,7974,7944,-1,8022,7944,7993,-1,8023,8004,7975,-1,8023,7945,7994,-1,8023,7975,7945,-1,8024,7976,7946,-1,8024,8005,7976,-1,8024,7946,7995,-1,8025,7977,7947,-1,8025,7947,7996,-1,8026,7978,7948,-1,8026,7948,7997,-1,8027,7979,7998,-1,8027,8008,7979,-1,8028,7980,7950,-1,8028,7950,7999,-1,8029,7981,7951,-1,8029,7951,8000,-1,8030,7982,7952,-1,8030,7952,8001,-1,8031,7983,7953,-1,8031,7953,8002,-1,8032,8014,7985,-1,8032,7985,7955,-1,8032,7955,8003,-1,8033,7986,7956,-1,8033,7956,8004,-1,8034,7957,8005,-1,8034,7987,7957,-1,8035,7988,7958,-1,8035,7958,8006,-1,8036,7959,8007,-1,8036,7989,7959,-1,8036,8018,7989,-1,8037,7990,8008,-1,8038,7991,7961,-1,8038,7961,8009,-1,8039,7992,8010,-1,8040,7993,7964,-1,8040,8022,7993,-1,8040,7964,8012,-1,8041,8013,4505,-1,8041,4503,4501,-1,8041,4505,4503,-1,8041,7994,8013,-1,8042,7995,7966,-1,8042,7966,8014,-1,8043,7967,8015,-1,8043,7996,7967,-1,8043,8025,7996,-1,8044,7997,7968,-1,8044,8026,7997,-1,8044,7968,8016,-1,8045,7998,7969,-1,8045,7969,8017,-1,8046,7970,8018,-1,8046,8028,7999,-1,8046,7999,7970,-1,8047,8000,8019,-1,8048,7972,8020,-1,8048,8030,8001,-1,8048,8001,7972,-1,8049,8002,8021,-1,8050,7974,8022,-1,8050,8003,7974,-1,8051,8004,8023,-1,8052,8034,8005,-1,8052,8005,8024,-1,8053,8006,7977,-1,8053,7977,8025,-1,8053,8035,8006,-1,8054,7978,8026,-1,8054,8007,7978,-1,8055,8008,8027,-1,8056,8009,7980,-1,8056,7980,8028,-1,8057,8010,7981,-1,8057,7981,8029,-1,8058,4678,8011,-1,8058,7982,8030,-1,8058,8011,7982,-1,8058,4695,4685,-1,8058,4685,4678,-1,8059,7983,8031,-1,8059,8012,7983,-1,8060,8014,8032,-1,8061,8015,7986,-1,8061,7986,8033,-1,8062,8016,7987,-1,8062,7987,8034,-1,8063,8017,7988,-1,8063,7988,8035,-1,8064,8018,8036,-1,8065,8019,7990,-1,8065,7990,8037,-1,8066,8020,7991,-1,8066,7991,8038,-1,8067,8049,8021,-1,8067,8021,7992,-1,8067,7992,8039,-1,8068,8050,8022,-1,8068,8022,8040,-1,8069,8023,7994,-1,8069,8051,8023,-1,8069,7994,8041,-1,8069,8041,4501,-1,8070,8024,7995,-1,8070,7995,8042,-1,8071,8025,8043,-1,8072,8026,8044,-1,8073,8027,7998,-1,8073,7998,8045,-1,8074,8028,8046,-1,8075,8029,8000,-1,8075,8000,8047,-1,8076,8030,8048,-1,8076,8058,8030,-1,8077,8002,8049,-1,8077,8031,8002,-1,8078,8003,8050,-1,8078,8032,8003,-1,8079,8033,8004,-1,8079,8004,8051,-1,8080,8034,8052,-1,8081,8035,8053,-1,8082,8007,8054,-1,8082,8036,8007,-1,8083,8008,8055,-1,8083,8065,8037,-1,8083,8037,8008,-1,8084,8038,8009,-1,8084,8009,8056,-1,8085,8010,8057,-1,8085,8039,8010,-1,8086,8012,8059,-1,8086,8040,8012,-1,8087,8014,8060,-1,8087,8070,8042,-1,8087,8042,8014,-1,8088,8043,8015,-1,8088,8015,8061,-1,8089,8044,8016,-1,8089,8016,8062,-1,8090,8017,8063,-1,8090,8045,8017,-1,8091,8046,8018,-1,8091,8074,8046,-1,8091,8018,8064,-1,8092,8047,8019,-1,8092,8019,8065,-1,8093,8048,8020,-1,8093,8020,8066,-1,8094,8049,8067,-1,8095,8050,8068,-1,8096,4499,4497,-1,8096,4501,4499,-1,8096,8069,4501,-1,8096,8051,8069,-1,8097,8024,8070,-1,8097,8052,8024,-1,8098,8081,8053,-1,8098,8053,8025,-1,8098,8025,8071,-1,8099,8054,8026,-1,8099,8026,8072,-1,8100,8027,8073,-1,8100,8055,8027,-1,8101,8028,8074,-1,8101,8056,8028,-1,8102,8057,8029,-1,8102,8085,8057,-1,8102,8029,8075,-1,8103,4695,8058,-1,8103,8058,8076,-1,8104,8086,8059,-1,8104,8031,8077,-1,8104,8059,8031,-1,8105,8032,8078,-1,8105,8060,8032,-1,8106,8033,8079,-1,8106,8061,8033,-1,8107,8034,8080,-1,8107,8062,8034,-1,8108,8035,8081,-1,8108,8063,8035,-1,8109,8036,8082,-1,8109,8064,8036,-1,8110,8065,8083,-1,8110,8092,8065,-1,8111,8066,8038,-1,8111,8038,8084,-1,8112,8039,8085,-1,8112,8067,8039,-1,8113,8040,8086,-1,8113,8068,8040,-1,8114,8070,8087,-1,8115,8071,8043,-1,8115,8043,8088,-1,8116,8044,8089,-1,8116,8072,8044,-1,8117,8045,8090,-1,8117,8073,8045,-1,8118,8074,8091,-1,8119,8047,8092,-1,8119,8075,8047,-1,8120,8048,8093,-1,8120,8076,8048,-1,8121,8077,8049,-1,8121,8049,8094,-1,8122,8050,8095,-1,8122,8078,8050,-1,8123,8079,8051,-1,8123,4497,4494,-1,8123,8051,8096,-1,8123,8096,4497,-1,8123,8106,8079,-1,8124,8052,8097,-1,8124,8080,8052,-1,8125,8081,8098,-1,8126,8054,8099,-1,8126,8109,8082,-1,8126,8082,8054,-1,8127,8083,8055,-1,8127,8055,8100,-1,8128,8111,8084,-1,8128,8084,8056,-1,8128,8056,8101,-1,8129,8085,8102,-1,8130,8086,8104,-1,8130,8113,8086,-1,8131,8087,8060,-1,8131,8060,8105,-1,8131,8114,8087,-1,8132,8088,8061,-1,8132,8061,8106,-1,8133,8089,8062,-1,8133,8116,8089,-1,8133,8062,8107,-1,8134,8090,8063,-1,8134,8063,8108,-1,8135,8091,8064,-1,8135,8064,8109,-1,8136,8119,8092,-1,8136,8092,8110,-1,8137,8066,8111,-1,8137,8093,8066,-1,8138,8094,8067,-1,8138,8067,8112,-1,8139,8068,8113,-1,8139,8095,8068,-1,8140,8070,8114,-1,8140,8097,8070,-1,8140,8124,8097,-1,8141,8071,8115,-1,8141,8098,8071,-1,8142,8099,8072,-1,8142,8072,8116,-1,8143,8073,8117,-1,8143,8100,8073,-1,8143,8127,8100,-1,8144,8074,8118,-1,8144,8101,8074,-1,8145,8075,8119,-1,8145,8102,8075,-1,8146,8076,8120,-1,8146,4707,4695,-1,8146,8103,8076,-1,8146,4695,8103,-1,8147,8130,8104,-1,8147,8104,8077,-1,8147,8077,8121,-1,8148,8078,8122,-1,8148,8105,8078,-1,8149,8123,4494,-1,8149,8106,8123,-1,8150,8080,8124,-1,8150,8107,8080,-1,8151,8081,8125,-1,8151,8108,8081,-1,8152,8109,8126,-1,8153,8083,8127,-1,8153,8110,8083,-1,8154,8111,8128,-1,8155,8112,8085,-1,8155,8085,8129,-1,8156,8139,8113,-1,8156,8113,8130,-1,8157,8114,8131,-1,8157,8140,8114,-1,8158,8088,8132,-1,8158,8141,8115,-1,8158,8115,8088,-1,8159,8142,8116,-1,8159,8116,8133,-1,8160,8117,8090,-1,8160,8090,8134,-1,8161,8118,8091,-1,8161,8091,8135,-1,8162,8119,8136,-1,8163,8120,8093,-1,8163,8093,8137,-1,8164,8121,8094,-1,8164,8094,8138,-1,8165,8122,8095,-1,8165,8095,8139,-1,8166,8150,8124,-1,8166,8124,8140,-1,8167,8098,8141,-1,8167,8125,8098,-1,8168,8152,8126,-1,8168,8099,8142,-1,8168,8126,8099,-1,8169,8127,8143,-1,8170,8101,8144,-1,8170,8154,8128,-1,8170,8128,8101,-1,8171,8102,8145,-1,8171,8129,8102,-1,8172,8156,8130,-1,8172,8130,8147,-1,8173,8131,8105,-1,8173,8105,8148,-1,8174,8106,8149,-1,8174,8132,8106,-1,8174,4494,4493,-1,8174,8149,4494,-1,8175,8107,8150,-1,8175,8133,8107,-1,8176,8108,8151,-1,8176,8160,8134,-1,8176,8134,8108,-1,8177,8161,8135,-1,8177,8109,8152,-1,8177,8135,8109,-1,8178,8110,8153,-1,8178,8136,8110,-1,8179,8111,8154,-1,8179,8137,8111,-1,8180,8112,8155,-1,8180,8164,8138,-1,8180,8138,8112,-1,8181,8139,8156,-1,8182,8140,8157,-1,8183,8141,8158,-1,8184,8142,8159,-1,8184,8168,8142,-1,8185,8117,8160,-1,8185,8143,8117,-1,8186,8144,8118,-1,8186,8118,8161,-1,8187,8145,8119,-1,8187,8119,8162,-1,8187,8171,8145,-1,8188,8146,8120,-1,8188,4719,4707,-1,8188,4707,8146,-1,8188,8120,8163,-1,8189,8147,8121,-1,8189,8121,8164,-1,8190,8148,8122,-1,8190,8122,8165,-1,8191,8150,8166,-1,8192,8151,8125,-1,8192,8125,8167,-1,8193,8152,8168,-1,8194,8178,8153,-1,8194,8153,8127,-1,8194,8127,8169,-1,8195,8154,8170,-1,8196,8155,8129,-1,8196,8129,8171,-1,8197,8181,8156,-1,8197,8156,8172,-1,8198,8157,8131,-1,8198,8131,8173,-1,8199,8132,8174,-1,8199,8183,8158,-1,8199,4490,4489,-1,8199,4493,4490,-1,8199,8158,8132,-1,8199,8174,4493,-1,8200,8159,8133,-1,8200,8133,8175,-1,8201,8160,8176,-1,8202,8161,8177,-1,8203,8136,8178,-1,8203,8162,8136,-1,8204,8137,8179,-1,8204,8188,8163,-1,8204,8163,8137,-1,8205,8164,8180,-1,8206,8190,8165,-1,8206,8139,8181,-1,8206,8165,8139,-1,8207,8140,8182,-1,8207,8166,8140,-1,8208,8141,8183,-1,8208,8167,8141,-1,8209,8168,8184,-1,8210,8143,8185,-1,8210,8169,8143,-1,8211,8170,8144,-1,8211,8144,8186,-1,8212,8171,8187,-1,8213,8172,8147,-1,8213,8147,8189,-1,8214,8148,8190,-1,8214,8173,8148,-1,8215,8150,8191,-1,8215,8175,8150,-1,8216,8176,8151,-1,8216,8151,8192,-1,8217,8177,8152,-1,8217,8152,8193,-1,8218,8178,8194,-1,8219,8154,8195,-1,8219,8179,8154,-1,8220,8155,8196,-1,8220,8180,8155,-1,8221,8181,8197,-1,8222,8182,8157,-1,8222,8157,8198,-1,8223,8199,4489,-1,8223,8208,8183,-1,8223,8183,8199,-1,8224,8159,8200,-1,8224,8184,8159,-1,8225,8185,8160,-1,8225,8160,8201,-1,8226,8211,8186,-1,8226,8186,8161,-1,8226,8161,8202,-1,8227,8187,8162,-1,8227,8162,8203,-1,8228,8188,8204,-1,8228,4719,8188,-1,8228,4751,4734,-1,8228,4734,4719,-1,8229,8164,8205,-1,8229,8189,8164,-1,8230,8190,8206,-1,8231,8215,8191,-1,8231,8166,8207,-1,8231,8191,8166,-1,8232,8216,8192,-1,8232,8192,8167,-1,8232,8167,8208,-1,8233,8168,8209,-1,8233,8193,8168,-1,8234,8194,8169,-1,8234,8169,8210,-1,8235,8195,8170,-1,8235,8170,8211,-1,8236,8171,8212,-1,8236,8220,8196,-1,8236,8196,8171,-1,8237,8172,8213,-1,8237,8197,8172,-1,8238,8173,8214,-1,8238,8198,8173,-1,8239,8175,8215,-1,8239,8200,8175,-1,8240,8176,8216,-1,8240,8201,8176,-1,8241,8202,8177,-1,8241,8177,8217,-1,8242,8178,8218,-1,8242,8203,8178,-1,8243,8204,8179,-1,8243,8179,8219,-1,8243,8228,8204,-1,8244,8180,8220,-1,8244,8205,8180,-1,8244,8229,8205,-1,8245,8206,8181,-1,8245,8181,8221,-1,8245,8230,8206,-1,8246,8207,8182,-1,8246,8182,8222,-1,8247,8208,8223,-1,8247,4486,4484,-1,8247,4489,4486,-1,8247,8223,4489,-1,8248,8184,8224,-1,8248,8209,8184,-1,8249,8210,8185,-1,8249,8234,8210,-1,8249,8185,8225,-1,8250,8211,8226,-1,8250,8235,8211,-1,8251,8212,8187,-1,8251,8187,8227,-1,8252,8213,8189,-1,8252,8189,8229,-1,8253,8190,8230,-1,8253,8214,8190,-1,8253,8238,8214,-1,8254,8215,8231,-1,8255,8216,8232,-1,8256,8217,8193,-1,8256,8193,8233,-1,8256,8241,8217,-1,8257,8218,8194,-1,8257,8194,8234,-1,8258,8219,8195,-1,8258,8195,8235,-1,8259,8220,8236,-1,8259,8244,8220,-1,8260,8197,8237,-1,8260,8221,8197,-1,8261,8246,8222,-1,8261,8222,8198,-1,8261,8198,8238,-1,8262,8224,8200,-1,8262,8200,8239,-1,8263,8201,8240,-1,8263,8225,8201,-1,8264,8250,8226,-1,8264,8226,8202,-1,8264,8202,8241,-1,8265,8227,8203,-1,8265,8203,8242,-1,8266,4751,8228,-1,8266,8228,8243,-1,8267,8229,8244,-1,8268,8230,8245,-1,8269,8207,8246,-1,8269,8231,8207,-1,8270,8208,8247,-1,8270,8247,4484,-1,8270,8232,8208,-1,8271,8209,8248,-1,8271,8233,8209,-1,8272,8234,8249,-1,8273,8235,8250,-1,8274,8212,8251,-1,8274,8236,8212,-1,8275,8213,8252,-1,8275,8237,8213,-1,8276,8238,8253,-1,8277,8215,8254,-1,8277,8239,8215,-1,8278,8216,8255,-1,8278,8240,8216,-1,8279,8241,8256,-1,8280,8242,8218,-1,8280,8218,8257,-1,8281,8219,8258,-1,8281,8243,8219,-1,8282,8244,8259,-1,8283,8245,8221,-1,8283,8221,8260,-1,8284,8246,8261,-1,8285,8224,8262,-1,8285,8248,8224,-1,8286,8249,8225,-1,8286,8225,8263,-1,8287,8273,8250,-1,8287,8250,8264,-1,8288,8251,8227,-1,8288,8227,8265,-1,8289,8252,8229,-1,8289,8229,8267,-1,8289,8275,8252,-1,8290,8253,8230,-1,8290,8230,8268,-1,8291,8254,8231,-1,8291,8231,8269,-1,8292,8270,4484,-1,8292,8278,8255,-1,8292,4484,4483,-1,8292,8232,8270,-1,8292,8255,8232,-1,8293,8256,8233,-1,8293,8233,8271,-1,8294,8257,8234,-1,8294,8280,8257,-1,8294,8234,8272,-1,8295,8235,8273,-1,8295,8258,8235,-1,8295,8281,8258,-1,8296,8259,8236,-1,8296,8236,8274,-1,8297,8237,8275,-1,8297,8260,8237,-1,8298,8261,8238,-1,8298,8238,8276,-1,8299,8262,8239,-1,8299,8239,8277,-1,8300,8286,8263,-1,8300,8263,8240,-1,8300,8240,8278,-1,8301,8241,8279,-1,8301,8264,8241,-1,8302,8288,8265,-1,8302,8242,8280,-1,8302,8265,8242,-1,8303,8243,8281,-1,8303,4768,4751,-1,8303,4751,8266,-1,8303,8266,8243,-1,8304,8244,8282,-1,8304,8289,8267,-1,8304,8267,8244,-1,8305,8268,8245,-1,8305,8245,8283,-1,8306,8269,8246,-1,8306,8246,8284,-1,8307,8248,8285,-1,8307,8271,8248,-1,8308,8249,8286,-1,8308,8272,8249,-1,8309,8273,8287,-1,8310,8251,8288,-1,8310,8274,8251,-1,8311,8275,8289,-1,8311,8297,8275,-1,8312,8253,8290,-1,8312,8276,8253,-1,8313,8254,8291,-1,8313,8277,8254,-1,8314,4483,4481,-1,8314,8292,4483,-1,8314,8278,8292,-1,8315,8279,8256,-1,8315,8256,8293,-1,8316,8280,8294,-1,8317,8303,8281,-1,8317,8281,8295,-1,8318,8282,8259,-1,8318,8259,8296,-1,8319,8283,8260,-1,8319,8260,8297,-1,8320,8261,8298,-1,8320,8284,8261,-1,8321,8307,8285,-1,8321,8262,8299,-1,8321,8285,8262,-1,8322,8286,8300,-1,8323,8264,8301,-1,8323,8287,8264,-1,8324,8288,8302,-1,8325,8289,8304,-1,8326,8290,8268,-1,8326,8268,8305,-1,8327,8269,8306,-1,8327,8291,8269,-1,8328,8293,8271,-1,8328,8271,8307,-1,8329,8294,8272,-1,8329,8272,8308,-1,8330,8295,8273,-1,8330,8273,8309,-1,8331,8296,8274,-1,8331,8274,8310,-1,8332,8297,8311,-1,8333,8276,8312,-1,8333,8298,8276,-1,8333,8320,8298,-1,8334,8299,8277,-1,8334,8277,8313,-1,8335,8278,8314,-1,8335,4481,4478,-1,8335,8314,4481,-1,8335,8300,8278,-1,8336,8279,8315,-1,8336,8301,8279,-1,8337,8302,8280,-1,8337,8324,8302,-1,8337,8280,8316,-1,8338,4810,4788,-1,8338,4788,4768,-1,8338,8303,8317,-1,8338,4768,8303,-1,8339,8282,8318,-1,8339,8304,8282,-1,8340,8326,8305,-1,8340,8283,8319,-1,8340,8305,8283,-1,8341,8284,8320,-1,8341,8306,8284,-1,8342,8307,8321,-1,8343,8286,8322,-1,8343,8308,8286,-1,8344,8309,8287,-1,8344,8287,8323,-1,8345,8288,8324,-1,8345,8310,8288,-1,8346,8289,8325,-1,8346,8332,8311,-1,8346,8311,8289,-1,8347,8312,8290,-1,8347,8333,8312,-1,8347,8290,8326,-1,8348,8313,8291,-1,8348,8291,8327,-1,8349,8315,8293,-1,8349,8293,8328,-1,8350,8294,8329,-1,8350,8316,8294,-1,8351,8295,8330,-1,8351,8317,8295,-1,8352,8318,8296,-1,8352,8296,8331,-1,8353,8319,8297,-1,8353,8297,8332,-1,8354,8320,8333,-1,8354,8341,8320,-1,8355,8321,8299,-1,8355,8299,8334,-1,8356,4477,4474,-1,8356,4478,4477,-1,8356,8335,4478,-1,8356,8300,8335,-1,8356,8343,8322,-1,8356,8322,8300,-1,8357,8323,8301,-1,8357,8301,8336,-1,8358,8324,8337,-1,8359,8346,8325,-1,8359,8304,8339,-1,8359,8325,8304,-1,8360,8326,8340,-1,8361,8348,8327,-1,8361,8327,8306,-1,8361,8306,8341,-1,8362,8328,8307,-1,8362,8307,8342,-1,8363,8329,8308,-1,8363,8308,8343,-1,8364,8351,8330,-1,8364,8330,8309,-1,8364,8309,8344,-1,8365,8352,8331,-1,8365,8331,8310,-1,8365,8310,8345,-1,8366,8332,8346,-1,8367,8333,8347,-1,8368,8334,8313,-1,8368,8313,8348,-1,8369,8336,8315,-1,8369,8315,8349,-1,8370,8316,8350,-1,8370,8337,8316,-1,8371,8338,8317,-1,8371,4810,8338,-1,8371,4832,4810,-1,8371,8317,8351,-1,8372,8339,8318,-1,8372,8318,8352,-1,8373,8319,8353,-1,8373,8340,8319,-1,8374,8341,8354,-1,8375,8321,8355,-1,8375,8342,8321,-1,8376,8343,8356,-1,8376,8356,4474,-1,8376,8363,8343,-1,8377,8323,8357,-1,8377,8344,8323,-1,8378,8345,8324,-1,8378,8324,8358,-1,8378,8365,8345,-1,8379,8346,8359,-1,8380,8347,8326,-1,8380,8326,8360,-1,8381,8348,8361,-1,8382,8349,8328,-1,8382,8328,8362,-1,8383,8329,8363,-1,8383,8350,8329,-1,8384,8351,8364,-1,8384,8371,8351,-1,8385,8352,8365,-1,8386,8353,8332,-1,8386,8332,8366,-1,8386,8373,8353,-1,8387,8333,8367,-1,8387,8354,8333,-1,8388,8355,8334,-1,8388,8334,8368,-1,8389,8336,8369,-1,8389,8357,8336,-1,8390,8337,8370,-1,8390,8358,8337,-1,8391,8359,8339,-1,8391,8339,8372,-1,8392,8360,8340,-1,8392,8340,8373,-1,8392,8380,8360,-1,8393,8361,8341,-1,8393,8341,8374,-1,8394,8382,8362,-1,8394,8362,8342,-1,8394,8342,8375,-1,8395,4474,4473,-1,8395,8376,4474,-1,8395,8363,8376,-1,8396,8364,8344,-1,8396,8344,8377,-1,8397,8365,8378,-1,8397,8385,8365,-1,8398,8346,8379,-1,8398,8366,8346,-1,8399,8347,8380,-1,8399,8367,8347,-1,8400,8368,8348,-1,8400,8348,8381,-1,8401,8369,8349,-1,8401,8349,8382,-1,8402,8350,8383,-1,8402,8370,8350,-1,8403,8371,8384,-1,8403,4832,8371,-1,8404,8352,8385,-1,8404,8372,8352,-1,8405,8373,8386,-1,8406,8354,8387,-1,8406,8393,8374,-1,8406,8374,8354,-1,8407,8375,8355,-1,8407,8355,8388,-1,8408,8377,8357,-1,8408,8357,8389,-1,8409,8378,8358,-1,8409,8358,8390,-1,8410,8379,8359,-1,8410,8359,8391,-1,8411,8380,8392,-1,8412,8361,8393,-1,8412,8381,8361,-1,8413,8382,8394,-1,8414,4471,4468,-1,8414,4473,4471,-1,8414,8363,8395,-1,8414,8383,8363,-1,8414,8395,4473,-1,8415,8364,8396,-1,8415,8384,8364,-1,8416,8385,8397,-1,8417,8386,8366,-1,8417,8366,8398,-1,8418,8387,8367,-1,8418,8406,8387,-1,8418,8367,8399,-1,8419,8407,8388,-1,8419,8368,8400,-1,8419,8388,8368,-1,8420,8369,8401,-1,8420,8389,8369,-1,8421,8390,8370,-1,8421,8370,8402,-1,8422,8391,8372,-1,8422,8372,8404,-1,8423,8392,8373,-1,8423,8373,8405,-1,8424,8393,8406,-1,8425,8375,8407,-1,8425,8394,8375,-1,8426,8396,8377,-1,8426,8377,8408,-1,8427,8397,8378,-1,8427,8378,8409,-1,8428,8398,8379,-1,8428,8379,8410,-1,8429,8399,8380,-1,8429,8380,8411,-1,8430,8381,8412,-1,8430,8400,8381,-1,8431,8401,8382,-1,8431,8382,8413,-1,8432,8383,8414,-1,8432,8421,8402,-1,8432,8402,8383,-1,8432,8414,4468,-1,8433,8403,8384,-1,8433,4857,4832,-1,8433,8384,8415,-1,8433,4832,8403,-1,8434,8385,8416,-1,8434,8422,8404,-1,8434,8404,8385,-1,8435,8405,8386,-1,8435,8386,8417,-1,8436,8406,8418,-1,8436,8424,8406,-1,8437,8407,8419,-1,8438,8389,8420,-1,8438,8408,8389,-1,8439,8390,8421,-1,8439,8409,8390,-1,8440,8391,8422,-1,8440,8410,8391,-1,8441,8392,8423,-1,8441,8411,8392,-1,8442,8393,8424,-1,8442,8412,8393,-1,8443,8394,8425,-1,8443,8413,8394,-1,8444,8415,8396,-1,8444,8396,8426,-1,8445,8416,8397,-1,8445,8397,8427,-1,8446,8417,8398,-1,8446,8398,8428,-1,8447,8418,8399,-1,8447,8436,8418,-1,8447,8399,8429,-1,8448,8419,8400,-1,8448,8437,8419,-1,8448,8400,8430,-1,8449,8438,8420,-1,8449,8401,8431,-1,8449,8420,8401,-1,8450,4467,4465,-1,8450,4468,4467,-1,8450,8432,4468,-1,8450,8421,8432,-1,8451,8422,8434,-1,8452,8405,8435,-1,8452,8423,8405,-1,8453,8424,8436,-1,8454,8443,8425,-1,8454,8425,8407,-1,8454,8407,8437,-1,8455,8444,8426,-1,8455,8426,8408,-1,8455,8408,8438,-1,8456,8427,8409,-1,8456,8409,8439,-1,8457,8428,8410,-1,8457,8410,8440,-1,8458,8447,8429,-1,8458,8429,8411,-1,8458,8411,8441,-1,8459,8448,8430,-1,8459,8412,8442,-1,8459,8430,8412,-1,8460,8431,8413,-1,8460,8413,8443,-1,8461,8433,8415,-1,8461,4911,4884,-1,8461,4884,4857,-1,8461,4857,8433,-1,8461,8415,8444,-1,8462,8416,8445,-1,8462,8434,8416,-1,8463,8435,8417,-1,8463,8417,8446,-1,8464,8436,8447,-1,8464,8453,8436,-1,8465,8437,8448,-1,8466,8438,8449,-1,8467,8421,8450,-1,8467,4465,4462,-1,8467,8450,4465,-1,8467,8439,8421,-1,8468,8422,8451,-1,8468,8440,8422,-1,8468,8457,8440,-1,8469,8423,8452,-1,8469,8441,8423,-1,8470,8424,8453,-1,8470,8442,8424,-1,8471,8443,8454,-1,8472,8444,8455,-1,8473,8427,8456,-1,8473,8445,8427,-1,8474,8428,8457,-1,8474,8446,8428,-1,8475,8447,8458,-1,8476,8448,8459,-1,8477,8431,8460,-1,8477,8449,8431,-1,8478,8451,8434,-1,8478,8434,8462,-1,8479,8435,8463,-1,8479,8452,8435,-1,8480,8453,8464,-1,8481,8454,8437,-1,8481,8437,8465,-1,8482,8455,8438,-1,8482,8438,8466,-1,8483,8467,4462,-1,8483,8456,8439,-1,8483,8439,8467,-1,8483,8473,8456,-1,8484,8457,8468,-1,8485,8458,8441,-1,8485,8441,8469,-1,8486,8459,8442,-1,8486,8476,8459,-1,8486,8442,8470,-1,8487,8460,8443,-1,8487,8443,8471,-1,8488,4941,4911,-1,8488,8461,8444,-1,8488,4911,8461,-1,8488,8444,8472,-1,8489,8445,8473,-1,8489,8462,8445,-1,8490,8463,8446,-1,8490,8446,8474,-1,8491,8464,8447,-1,8491,8447,8475,-1,8492,8465,8448,-1,8492,8448,8476,-1,8493,8466,8449,-1,8493,8449,8477,-1,8494,8468,8451,-1,8494,8451,8478,-1,8494,8484,8468,-1,8495,8469,8452,-1,8495,8452,8479,-1,8496,8486,8470,-1,8496,8470,8453,-1,8496,8453,8480,-1,8497,8454,8481,-1,8497,8471,8454,-1,8498,8455,8482,-1,8498,8472,8455,-1,8499,8473,8483,-1,8499,4461,4459,-1,8499,4462,4461,-1,8499,8483,4462,-1,8500,8457,8484,-1,8500,8474,8457,-1,8500,8490,8474,-1,8501,8458,8485,-1,8501,8491,8475,-1,8501,8475,8458,-1,8502,8476,8486,-1,8503,8493,8477,-1,8503,8460,8487,-1,8503,8477,8460,-1,8504,8462,8489,-1,8504,8494,8478,-1,8504,8478,8462,-1,8505,8463,8490,-1,8505,8479,8463,-1,8506,8480,8464,-1,8506,8464,8491,-1,8507,8481,8465,-1,8507,8497,8481,-1,8507,8465,8492,-1,8508,8482,8466,-1,8508,8466,8493,-1,8509,8484,8494,-1,8510,8469,8495,-1,8510,8485,8469,-1,8511,8486,8496,-1,8512,8471,8497,-1,8512,8487,8471,-1,8513,8472,8498,-1,8513,4941,8488,-1,8513,8488,8472,-1,8514,8499,4459,-1,8514,8473,8499,-1,8514,8489,8473,-1,8515,8490,8500,-1,8516,8491,8501,-1,8517,8492,8476,-1,8517,8476,8502,-1,8518,8493,8503,-1,8519,8494,8504,-1,8520,8510,8495,-1,8520,8479,8505,-1,8520,8495,8479,-1,8521,8496,8480,-1,8521,8480,8506,-1,8522,8497,8507,-1,8523,8482,8508,-1,8523,8498,8482,-1,8524,8500,8484,-1,8524,8484,8509,-1,8525,8485,8510,-1,8525,8501,8485,-1,8526,8517,8502,-1,8526,8502,8486,-1,8526,8486,8511,-1,8527,8518,8503,-1,8527,8503,8487,-1,8527,8487,8512,-1,8528,8489,8514,-1,8528,4459,4456,-1,8528,8514,4459,-1,8528,8504,8489,-1,8529,8490,8515,-1,8529,8505,8490,-1,8530,8506,8491,-1,8530,8491,8516,-1,8531,8492,8517,-1,8531,8522,8507,-1,8531,8507,8492,-1,8532,8508,8493,-1,8532,8493,8518,-1,8532,8523,8508,-1,8533,8494,8519,-1,8533,8524,8509,-1,8533,8509,8494,-1,8534,8510,8520,-1,8535,8526,8511,-1,8535,8496,8521,-1,8535,8511,8496,-1,8536,8497,8522,-1,8536,8512,8497,-1,8537,8498,8523,-1,8537,4972,4971,-1,8537,8513,8498,-1,8537,4971,4941,-1,8537,4941,8513,-1,8538,8515,8500,-1,8538,8500,8524,-1,8539,8516,8501,-1,8539,8501,8525,-1,8539,8530,8516,-1,8540,8531,8517,-1,8540,8517,8526,-1,8541,8518,8527,-1,8542,4456,4455,-1,8542,8504,8528,-1,8542,8528,4456,-1,8542,8519,8504,-1,8543,8520,8505,-1,8543,8505,8529,-1,8544,8506,8530,-1,8544,8521,8506,-1,8545,8522,8531,-1,8546,8523,8532,-1,8546,8537,8523,-1,8547,8524,8533,-1,8548,8525,8510,-1,8548,8510,8534,-1,8549,8540,8526,-1,8549,8526,8535,-1,8550,8512,8536,-1,8550,8527,8512,-1,8551,8529,8515,-1,8551,8543,8529,-1,8551,8515,8538,-1,8552,8530,8539,-1,8553,8531,8540,-1,8554,8518,8541,-1,8554,8532,8518,-1,8555,4455,4452,-1,8555,8533,8519,-1,8555,8542,4455,-1,8555,8519,8542,-1,8556,8548,8534,-1,8556,8534,8520,-1,8556,8520,8543,-1,8557,8535,8521,-1,8557,8521,8544,-1,8558,8522,8545,-1,8558,8536,8522,-1,8559,4972,8537,-1,8559,8537,8546,-1,8560,8538,8524,-1,8560,8524,8547,-1,8561,8552,8539,-1,8561,8525,8548,-1,8561,8539,8525,-1,8562,8540,8549,-1,8563,8527,8550,-1,8563,8541,8527,-1,8564,8543,8551,-1,8564,8556,8543,-1,8565,8530,8552,-1,8565,8544,8530,-1,8566,8531,8553,-1,8566,8545,8531,-1,8567,8532,8554,-1,8567,8546,8532,-1,8568,4452,4451,-1,8568,8533,8555,-1,8568,8555,4452,-1,8568,8547,8533,-1,8569,8548,8556,-1,8570,8549,8535,-1,8570,8535,8557,-1,8571,8550,8536,-1,8571,8536,8558,-1,8572,8538,8560,-1,8572,8551,8538,-1,8573,8552,8561,-1,8574,8566,8553,-1,8574,8540,8562,-1,8574,8553,8540,-1,8575,8567,8554,-1,8575,8541,8563,-1,8575,8554,8541,-1,8576,8556,8564,-1,8577,8544,8565,-1,8577,8557,8544,-1,8578,8558,8545,-1,8578,8545,8566,-1,8579,4972,8559,-1,8579,5074,5039,-1,8579,5039,4972,-1,8579,8559,8546,-1,8579,8546,8567,-1,8580,4448,4447,-1,8580,4451,4448,-1,8580,8568,4451,-1,8580,8560,8547,-1,8580,8572,8560,-1,8580,8547,8568,-1,8581,8548,8569,-1,8581,8561,8548,-1,8582,8549,8570,-1,8582,8562,8549,-1,8583,8563,8550,-1,8583,8550,8571,-1,8584,8564,8551,-1,8584,8551,8572,-1,8585,8552,8573,-1,8585,8565,8552,-1,8586,8566,8574,-1,8587,8567,8575,-1,8588,8569,8556,-1,8588,8556,8576,-1,8589,8570,8557,-1,8589,8557,8577,-1,8590,8583,8571,-1,8590,8571,8558,-1,8590,8558,8578,-1,8591,8584,8572,-1,8591,4447,4445,-1,8591,8580,4447,-1,8591,8572,8580,-1,8592,8561,8581,-1,8592,8573,8561,-1,8593,8562,8582,-1,8593,8574,8562,-1,8594,8563,8583,-1,8594,8587,8575,-1,8594,8575,8563,-1,8595,8564,8584,-1,8595,8576,8564,-1,8596,8589,8577,-1,8596,8565,8585,-1,8596,8577,8565,-1,8597,8566,8586,-1,8597,8578,8566,-1,8598,8567,8587,-1,8598,5074,8579,-1,8598,8579,8567,-1,8599,8581,8569,-1,8599,8592,8581,-1,8599,8569,8588,-1,8600,8570,8589,-1,8600,8582,8570,-1,8601,8583,8590,-1,8601,8594,8583,-1,8602,8584,8591,-1,8602,8591,4445,-1,8603,8573,8592,-1,8603,8585,8573,-1,8604,8574,8593,-1,8604,8586,8574,-1,8605,8598,8587,-1,8605,8587,8594,-1,8606,8588,8576,-1,8606,8576,8595,-1,8606,8599,8588,-1,8607,8589,8596,-1,8607,8600,8589,-1,8608,8601,8590,-1,8608,8578,8597,-1,8608,8590,8578,-1,8609,8592,8599,-1,8610,8593,8582,-1,8610,8582,8600,-1,8611,8594,8601,-1,8612,4445,4443,-1,8612,8595,8584,-1,8612,8584,8602,-1,8612,8602,4445,-1,8613,8596,8585,-1,8613,8585,8603,-1,8614,8597,8586,-1,8614,8586,8604,-1,8615,5112,5074,-1,8615,5074,8598,-1,8615,8598,8605,-1,8616,8599,8606,-1,8617,8600,8607,-1,8618,8601,8608,-1,8619,8603,8592,-1,8619,8613,8603,-1,8619,8592,8609,-1,8620,8593,8610,-1,8620,8604,8593,-1,8621,8605,8594,-1,8621,8594,8611,-1,8622,4443,4440,-1,8622,8612,4443,-1,8622,8606,8595,-1,8622,8595,8612,-1,8623,8607,8596,-1,8623,8596,8613,-1,8624,8608,8597,-1,8624,8597,8614,-1,8625,8599,8616,-1,8625,8609,8599,-1,8626,8600,8617,-1,8626,8620,8610,-1,8626,8610,8600,-1,8627,8601,8618,-1,8627,8611,8601,-1,8628,8613,8619,-1,8629,8604,8620,-1,8629,8614,8604,-1,8630,8615,8605,-1,8630,5152,5112,-1,8630,5112,8615,-1,8630,8605,8621,-1,8631,8616,8606,-1,8631,4439,4437,-1,8631,4440,4439,-1,8631,8625,8616,-1,8631,8606,8622,-1,8631,8622,4440,-1,8632,8617,8607,-1,8632,8607,8623,-1,8633,8608,8624,-1,8633,8618,8608,-1,8634,8609,8625,-1,8634,8619,8609,-1,8635,8620,8626,-1,8636,8611,8627,-1,8636,8621,8611,-1,8637,8623,8613,-1,8637,8613,8628,-1,8637,8632,8623,-1,8638,8614,8629,-1,8638,8633,8624,-1,8638,8624,8614,-1,8639,8625,8631,-1,8639,8631,4437,-1,8640,8617,8632,-1,8640,8626,8617,-1,8641,8627,8618,-1,8641,8618,8633,-1,8642,8628,8619,-1,8642,8619,8634,-1,8643,8620,8635,-1,8643,8629,8620,-1,8643,8638,8629,-1,8644,5235,5153,-1,8644,5153,5152,-1,8644,8621,8636,-1,8644,8630,8621,-1,8644,5152,8630,-1,8645,8632,8637,-1,8646,8633,8638,-1,8647,4437,4435,-1,8647,8634,8625,-1,8647,8625,8639,-1,8647,8639,4437,-1,8648,8635,8626,-1,8648,8626,8640,-1,8649,8636,8627,-1,8649,8627,8641,-1,8649,8644,8636,-1,8650,8637,8628,-1,8650,8628,8642,-1,8651,8638,8643,-1,8651,8646,8638,-1,8652,8648,8640,-1,8652,8640,8632,-1,8652,8632,8645,-1,8653,8641,8633,-1,8653,8633,8646,-1,8654,8650,8642,-1,8654,4433,4431,-1,8654,4435,4433,-1,8654,8634,8647,-1,8654,8647,4435,-1,8654,8642,8634,-1,8655,8643,8635,-1,8655,8635,8648,-1,8656,8644,8649,-1,8656,5235,8644,-1,8657,8637,8650,-1,8657,8645,8637,-1,8658,8646,8651,-1,8659,8648,8652,-1,8660,8649,8641,-1,8660,8641,8653,-1,8660,8656,8649,-1,8661,4431,4429,-1,8661,8657,8650,-1,8661,8650,8654,-1,8661,8654,4431,-1,8662,8651,8643,-1,8662,8643,8655,-1,8663,8652,8645,-1,8663,8645,8657,-1,8664,8660,8653,-1,8664,8646,8658,-1,8664,8653,8646,-1,8665,8662,8655,-1,8665,8655,8648,-1,8665,8648,8659,-1,8666,5235,8656,-1,8666,5325,5280,-1,8666,5280,5235,-1,8666,8656,8660,-1,8667,8661,4429,-1,8667,8657,8661,-1,8668,8651,8662,-1,8668,8658,8651,-1,8669,8659,8652,-1,8669,8652,8663,-1,8670,8666,8660,-1,8670,8660,8664,-1,8671,8662,8665,-1,8671,8668,8662,-1,8672,8667,4429,-1,8672,4429,4427,-1,8672,8663,8657,-1,8672,8657,8667,-1,8673,8664,8658,-1,8673,8658,8668,-1,8674,8659,8669,-1,8674,8665,8659,-1,8675,8666,8670,-1,8675,5325,8666,-1,8676,8668,8671,-1,8677,4427,4425,-1,8677,8669,8663,-1,8677,8663,8672,-1,8677,8672,4427,-1,8678,8670,8664,-1,8678,8664,8673,-1,8679,8671,8665,-1,8679,8665,8674,-1,8680,8673,8668,-1,8680,8668,8676,-1,8681,4425,4423,-1,8681,8677,4425,-1,8681,8674,8669,-1,8681,8669,8677,-1,8682,8675,8670,-1,8682,5423,5373,-1,8682,5373,5325,-1,8682,8670,8678,-1,8682,5325,8675,-1,8683,8676,8671,-1,8683,8671,8679,-1,8684,8678,8673,-1,8684,8673,8680,-1,8685,4423,4421,-1,8685,8681,4423,-1,8685,8679,8674,-1,8685,8674,8681,-1,8686,8676,8683,-1,8686,8680,8676,-1,8687,8682,8678,-1,8687,5423,8682,-1,8687,8678,8684,-1,8688,4421,4419,-1,8688,8679,8685,-1,8688,8685,4421,-1,8688,8683,8679,-1,8689,8684,8680,-1,8689,8680,8686,-1,8690,4419,4417,-1,8690,8683,8688,-1,8690,8686,8683,-1,8690,8688,4419,-1,8691,8684,8689,-1,8691,8687,8684,-1,8691,5423,8687,-1,8691,4665,5424,-1,8691,5424,5423,-1,8692,4415,4413,-1,8692,4417,4415,-1,8692,8690,4417,-1,8692,8686,8690,-1,8692,8691,8689,-1,8692,8689,8686,-1,8693,8692,4413,-1,8693,4665,8691,-1,8693,8691,8692,-1,8693,4413,4665,-1,4663,8694,8695,-1,4664,8695,8696,-1,4664,4663,8695,-1,7850,8696,8697,-1,7850,4664,8696,-1,7851,8697,8698,-1,7851,7850,8697,-1,7787,8698,8699,-1,7787,7851,8698,-1,7754,8699,8700,-1,7754,7787,8699,-1,7755,8700,8701,-1,7755,7754,8700,-1,7690,8701,8702,-1,7690,7755,8701,-1,7691,8702,8703,-1,7691,7690,8702,-1,7626,8703,8704,-1,7626,7691,8703,-1,7627,8704,8705,-1,7627,7626,8704,-1,7562,7627,8705,-1,7562,8705,8706,-1,7563,7562,8706,-1,7563,8706,8707,-1,7498,7563,8707,-1,7498,8707,8708,-1,7499,7498,8708,-1,7499,8708,8709,-1,7466,7499,8709,-1,7466,8709,8710,-1,7434,7466,8710,-1,7434,8710,8711,-1,7370,7434,8711,-1,7370,8711,8712,-1,7371,7370,8712,-1,7371,8712,8713,-1,7338,8713,8714,-1,7338,7371,8713,-1,7306,7338,8714,-1,7306,8714,8715,-1,7274,8715,8716,-1,7274,7306,8715,-1,7210,8716,8717,-1,7210,7274,8716,-1,7211,8717,8718,-1,7211,7210,8717,-1,7178,8718,8719,-1,7178,7211,8718,-1,7114,8719,8720,-1,7114,7178,8719,-1,7115,8720,8721,-1,7115,7114,8720,-1,7082,8721,8722,-1,7082,7115,8721,-1,7018,8722,8723,-1,7018,7082,8722,-1,7019,8723,8724,-1,7019,7018,8723,-1,6986,8724,8725,-1,6986,7019,8724,-1,6922,8725,8726,-1,6922,6986,8725,-1,6923,8726,8727,-1,6923,6922,8726,-1,6890,8727,8728,-1,6890,6923,8727,-1,6858,8728,8729,-1,6858,6890,8728,-1,6826,8729,8730,-1,6826,6858,8729,-1,6794,6826,8730,-1,6794,8730,8731,-1,6762,6794,8731,-1,6762,8731,8732,-1,6730,6762,8732,-1,6730,8732,8733,-1,6698,8733,8734,-1,6698,6730,8733,-1,6666,8734,8735,-1,6666,6698,8734,-1,6634,8735,8736,-1,6634,6666,8735,-1,6602,8736,8737,-1,6602,6634,8736,-1,6570,8737,8738,-1,6570,6602,8737,-1,6538,8738,8739,-1,6538,6570,8738,-1,6474,8739,8740,-1,6474,6538,8739,-1,6475,8740,8741,-1,6475,6474,8740,-1,6442,6475,8741,-1,6410,8742,8743,-1,6410,8741,8742,-1,6410,6442,8741,-1,6346,8743,8744,-1,6346,6410,8743,-1,6347,8744,8745,-1,6347,6346,8744,-1,6314,8745,8746,-1,6314,6347,8745,-1,6250,6314,8746,-1,6250,8746,8747,-1,6251,6250,8747,-1,6251,8747,8748,-1,6218,6251,8748,-1,6218,8748,8749,-1,6186,6218,8749,-1,6122,6186,8749,-1,6122,8750,8751,-1,6122,8749,8750,-1,6123,6122,8751,-1,6123,8751,8752,-1,6090,6123,8752,-1,6090,8752,8753,-1,6058,8753,8754,-1,6058,6090,8753,-1,5995,8754,8755,-1,5995,6058,8754,-1,5962,8755,8756,-1,5962,5995,8755,-1,5963,8756,8757,-1,5963,5962,8756,-1,5930,5963,8757,-1,5930,8757,8758,-1,5898,5930,8758,-1,5898,8758,8759,-1,5866,5898,8759,-1,5866,8759,8760,-1,5834,5866,8760,-1,5834,8760,8761,-1,5802,5834,8761,-1,5770,5802,8761,-1,5770,8762,8763,-1,5770,8761,8762,-1,5706,5770,8763,-1,5707,5706,8763,-1,5707,8764,8765,-1,5707,8763,8764,-1,5674,5707,8765,-1,5674,8765,8766,-1,5642,5674,8766,-1,5610,5642,8766,-1,5610,8767,8768,-1,5610,8766,8767,-1,5546,5610,8768,-1,5546,8768,8769,-1,5547,5546,8769,-1,5547,8769,8770,-1,5514,5547,8770,-1,5452,5514,8770,-1,5452,8770,8771,-1,5453,5452,8771,-1,5453,8771,8772,-1,5420,5453,8772,-1,5420,8772,8773,-1,5391,8774,8775,-1,5391,8773,8774,-1,5391,5420,8773,-1,5361,5391,8775,-1,5333,8776,8777,-1,5333,8775,8776,-1,5333,5361,8775,-1,5304,5333,8777,-1,5276,8778,8779,-1,5276,8777,8778,-1,5276,5304,8777,-1,5250,8779,8780,-1,5250,5276,8779,-1,5223,8780,8781,-1,5223,5250,8780,-1,5173,5223,8781,-1,5174,5173,8781,-1,5174,8782,8783,-1,5174,8781,8782,-1,5147,5174,8783,-1,5124,8784,8785,-1,5124,8783,8784,-1,5124,5147,8783,-1,5100,5124,8785,-1,5100,8785,8786,-1,5078,5100,8786,-1,5078,8786,8787,-1,5055,5078,8787,-1,5033,5055,8787,-1,5033,8788,8789,-1,5033,8787,8788,-1,4993,5033,8789,-1,4993,8789,8790,-1,4994,4993,8790,-1,4994,8790,8791,-1,4974,4994,8791,-1,4953,4974,8791,-1,4953,8791,8792,-1,4934,4953,8792,-1,4934,8793,8794,-1,4934,8792,8793,-1,4917,4934,8794,-1,4899,8795,8796,-1,4899,8794,8795,-1,4899,4917,8794,-1,4882,4899,8796,-1,4867,8796,8797,-1,4867,4882,8796,-1,4851,8797,8798,-1,4851,4867,8797,-1,4837,8799,8800,-1,4837,8798,8799,-1,4837,4851,8798,-1,4822,4837,8800,-1,4808,8801,8802,-1,4808,8800,8801,-1,4808,4822,8800,-1,4796,4808,8802,-1,4783,8803,8804,-1,4783,8802,8803,-1,4783,4796,8802,-1,4772,8804,8805,-1,4772,4783,8804,-1,4760,4772,8805,-1,4749,8806,8807,-1,4749,8805,8806,-1,4749,4760,8805,-1,4740,4749,8807,-1,4740,8807,8808,-1,4730,4740,8808,-1,4730,8808,8809,-1,4722,4730,8809,-1,4722,8809,8810,-1,4713,4722,8810,-1,4713,8810,8811,-1,4705,4713,8811,-1,4705,8811,8812,-1,4699,4705,8812,-1,4692,4699,8812,-1,4692,8813,8814,-1,4692,8812,8813,-1,4687,4692,8814,-1,4681,8815,8816,-1,4681,8814,8815,-1,4681,4687,8814,-1,4676,4681,8816,-1,4673,8817,8818,-1,4673,8816,8817,-1,4673,4676,8816,-1,4669,8818,8819,-1,4669,4673,8818,-1,4667,4669,8819,-1,4663,8819,8694,-1,4663,4667,8819,-1,4520,4516,4518,-1,4492,4495,4491,-1,4516,4512,4514,-1,4516,4511,4512,-1,4498,4502,4496,-1,4500,4502,4498,-1,4511,4506,4508,-1,4612,4504,4610,-1,4614,4504,4612,-1,4410,4504,4411,-1,4616,4504,4614,-1,4414,4504,4410,-1,4619,4504,4616,-1,4416,4504,4414,-1,4620,4504,4619,-1,4418,4504,4416,-1,4622,4504,4620,-1,4420,4504,4418,-1,4624,4504,4622,-1,4422,4504,4420,-1,4495,4504,4491,-1,4627,4504,4624,-1,4424,4504,4422,-1,4628,4504,4627,-1,4426,4504,4424,-1,4630,4504,4628,-1,4428,4504,4426,-1,4633,4504,4630,-1,4634,4504,4633,-1,4434,4504,4428,-1,4637,4504,4634,-1,4638,4504,4637,-1,4436,4504,4434,-1,4516,4504,4511,-1,4640,4504,4638,-1,4642,4504,4640,-1,4644,4504,4642,-1,4442,4504,4441,-1,4647,4504,4644,-1,4444,4504,4442,-1,4649,4504,4647,-1,4446,4504,4444,-1,4650,4504,4649,-1,4449,4504,4446,-1,4652,4504,4650,-1,4450,4504,4449,-1,4654,4504,4652,-1,4453,4504,4450,-1,4511,4504,4506,-1,4656,4504,4654,-1,4454,4504,4453,-1,4658,4504,4656,-1,4660,4504,4658,-1,4411,4504,4660,-1,4460,4504,4458,-1,4463,4504,4460,-1,4464,4504,4463,-1,4466,4504,4464,-1,4469,4504,4466,-1,4470,4504,4469,-1,4472,4504,4470,-1,4475,4504,4472,-1,4476,4504,4475,-1,4479,4504,4476,-1,4480,4504,4479,-1,4488,4504,4487,-1,4491,4504,4488,-1,4487,4504,4480,-1,4496,4504,4495,-1,4529,4504,4520,-1,4579,4504,4570,-1,4570,4504,4560,-1,4502,4504,4496,-1,4530,4504,4529,-1,4532,4504,4530,-1,4534,4504,4532,-1,4550,4504,4545,-1,4552,4504,4550,-1,4430,4434,4428,-1,4432,4434,4430,-1,4560,4504,4552,-1,4458,4504,4454,-1,4441,4504,4436,-1,4580,4504,4579,-1,4520,4504,4516,-1,4582,4504,4580,-1,4585,4504,4582,-1,4586,4504,4585,-1,4588,4504,4586,-1,4590,4504,4588,-1,4592,4504,4590,-1,4594,4504,4592,-1,4596,4504,4594,-1,4540,4504,4534,-1,4598,4504,4596,-1,4601,4504,4598,-1,4603,4504,4601,-1,4604,4504,4603,-1,4545,4504,4540,-1,4606,4504,4604,-1,4608,4504,4606,-1,4610,4504,4608,-1,4574,4570,4572,-1,4576,4570,4574,-1,4579,4570,4576,-1,4438,4441,4436,-1,4566,4563,4564,-1,4566,4560,4563,-1,4569,4560,4566,-1,4570,4560,4569,-1,4556,4552,4554,-1,4558,4552,4556,-1,4560,4552,4558,-1,4457,4458,4454,-1,4550,4547,4549,-1,4550,4545,4547,-1,4545,4540,4542,-1,4538,4534,4536,-1,4540,4534,4538,-1,4529,4525,4526,-1,4482,4487,4480,-1,4485,4487,4482,-1,4529,4523,4525,-1,4529,4520,4523,-1,8820,8821,8822,-1,8820,8822,8823,-1,8824,8823,8825,-1,8824,8820,8823,-1,8826,8825,8827,-1,8826,8824,8825,-1,8828,8827,8829,-1,8828,8826,8827,-1,8830,8829,8831,-1,8830,8828,8829,-1,8832,8831,8833,-1,8832,8830,8831,-1,8834,8833,8835,-1,8834,8832,8833,-1,8836,8835,8837,-1,8836,8834,8835,-1,8838,8837,8839,-1,8838,8836,8837,-1,8840,8839,8841,-1,8840,8838,8839,-1,8842,8840,8841,-1,8842,8841,8843,-1,8844,8842,8843,-1,8844,8843,8845,-1,8846,8844,8845,-1,8846,8845,8847,-1,8848,8846,8847,-1,8848,8847,8849,-1,8848,8849,8850,-1,8851,8848,8850,-1,8852,8851,8850,-1,8852,8850,8853,-1,8854,8852,8853,-1,8854,8853,8855,-1,8856,8854,8855,-1,8856,8855,8857,-1,8856,8857,8858,-1,8859,8856,8858,-1,8860,8859,8858,-1,8860,8858,8861,-1,8860,8861,8862,-1,8863,8860,8862,-1,8864,8863,8862,-1,8864,8862,8865,-1,8864,8865,8866,-1,8867,8864,8866,-1,8868,8866,8869,-1,8868,8867,8866,-1,8870,8869,8871,-1,8870,8871,8872,-1,8870,8868,8869,-1,8873,8870,8872,-1,8874,8872,8875,-1,8874,8873,8872,-1,8876,8875,8877,-1,8876,8877,8878,-1,8876,8874,8875,-1,8879,8876,8878,-1,8880,8878,8881,-1,8880,8879,8878,-1,8882,8881,8883,-1,8882,8883,8884,-1,8882,8880,8881,-1,8885,8882,8884,-1,8886,8884,8887,-1,8886,8887,8888,-1,8886,8885,8884,-1,8889,8886,8888,-1,8890,8888,8891,-1,8890,8889,8888,-1,8892,8891,8893,-1,8892,8893,8894,-1,8892,8890,8891,-1,8895,8892,8894,-1,8895,8894,8896,-1,8897,8895,8896,-1,8898,8897,8896,-1,8898,8896,8899,-1,8898,8899,8900,-1,8901,8898,8900,-1,8902,8901,8900,-1,8902,8900,8903,-1,8902,8903,8904,-1,8905,8902,8904,-1,8906,8905,8904,-1,8906,8904,8907,-1,8908,8906,8907,-1,8908,8907,8909,-1,8910,8908,8909,-1,8910,8909,8911,-1,8912,8910,8911,-1,8912,8911,8913,-1,8914,8912,8913,-1,8914,8913,8915,-1,8916,8914,8915,-1,8916,8915,8917,-1,8918,8916,8917,-1,8918,8917,8919,-1,8918,8919,8920,-1,8921,8918,8920,-1,8922,8921,8920,-1,8922,8920,8923,-1,8924,8922,8923,-1,8924,8923,8925,-1,8926,8924,8925,-1,8926,8925,8927,-1,8928,8926,8927,-1,8928,8927,8929,-1,8930,8928,8929,-1,8930,8929,8931,-1,8930,8931,8932,-1,8933,8930,8932,-1,8933,8932,8934,-1,8935,8933,8934,-1,8936,8934,8937,-1,8936,8937,8938,-1,8936,8935,8934,-1,8939,8936,8938,-1,8940,8938,8941,-1,8940,8939,8938,-1,8942,8941,8943,-1,8942,8940,8941,-1,8944,8942,8943,-1,8944,8943,8945,-1,8946,8944,8945,-1,8946,8945,8947,-1,8948,8946,8947,-1,8948,8947,8949,-1,8950,8948,8949,-1,8950,8949,8951,-1,8952,8950,8951,-1,8952,8951,8953,-1,8952,8953,8954,-1,8955,8952,8954,-1,8955,8954,8956,-1,8957,8955,8956,-1,8957,8956,8958,-1,8959,8957,8958,-1,8960,8959,8958,-1,8960,8958,8961,-1,8962,8960,8961,-1,8962,8961,8963,-1,8964,8962,8963,-1,8964,8963,8965,-1,8966,8964,8965,-1,8966,8965,8967,-1,8968,8966,8967,-1,8968,8967,8969,-1,8970,8969,8971,-1,8970,8971,8972,-1,8970,8968,8969,-1,8973,8970,8972,-1,8974,8972,8975,-1,8974,8973,8972,-1,8976,8975,8977,-1,8976,8977,8978,-1,8976,8974,8975,-1,8979,8976,8978,-1,8980,8978,8981,-1,8980,8979,8978,-1,8982,8981,8983,-1,8982,8980,8981,-1,8984,8983,8985,-1,8984,8982,8983,-1,8986,8985,8987,-1,8986,8987,8988,-1,8986,8984,8985,-1,8989,8986,8988,-1,8990,8988,8991,-1,8990,8989,8988,-1,8992,8991,8993,-1,8992,8993,8994,-1,8992,8990,8991,-1,8995,8992,8994,-1,8996,8995,8994,-1,8996,8994,8997,-1,8998,8996,8997,-1,8998,8997,8999,-1,9000,8998,8999,-1,9000,8999,9001,-1,9002,9000,9001,-1,9002,9001,9003,-1,9004,9003,9005,-1,9004,9002,9003,-1,9006,9005,9007,-1,9006,9004,9005,-1,9008,9007,9009,-1,9008,9009,9010,-1,9008,9006,9007,-1,9011,9010,9012,-1,9011,9008,9010,-1,9013,9011,9012,-1,9014,9012,9015,-1,9014,9013,9012,-1,9016,9015,9017,-1,9016,9014,9015,-1,9018,9017,9019,-1,9018,9016,9017,-1,9020,9019,9021,-1,9020,9018,9019,-1,9022,9021,9023,-1,9022,9020,9021,-1,9024,9023,9025,-1,9024,9022,9023,-1,9026,9025,9027,-1,9026,9027,9028,-1,9026,9024,9025,-1,9029,9026,9028,-1,9030,9028,9031,-1,9030,9029,9028,-1,9032,9031,9033,-1,9032,9030,9031,-1,9034,9033,9035,-1,9034,9035,9036,-1,9034,9032,9033,-1,9037,9034,9036,-1,9038,9036,9039,-1,9038,9037,9036,-1,9040,9039,9041,-1,9040,9041,9042,-1,9040,9038,9039,-1,9043,9040,9042,-1,9044,9043,9042,-1,9044,9042,9045,-1,9044,9045,9046,-1,9047,9044,9046,-1,9048,9047,9046,-1,9048,9046,9049,-1,9050,9048,9049,-1,9050,9049,9051,-1,9052,9050,9051,-1,9052,9051,9053,-1,9054,9052,9053,-1,9054,9053,9055,-1,9054,9055,9056,-1,9057,9054,9056,-1,9057,9056,9058,-1,9059,9057,9058,-1,9060,9059,9058,-1,9060,9058,9061,-1,9062,9060,9061,-1,9062,9061,9063,-1,9064,9062,9063,-1,9064,9063,9065,-1,9066,9064,9065,-1,9066,9065,9067,-1,9068,9067,9069,-1,9068,9066,9067,-1,9070,9068,9069,-1,9070,9069,9071,-1,8821,9071,8822,-1,8821,9070,9071,-1,9071,9072,8822,-1,9073,9074,9075,-1,9073,9076,9074,-1,9077,9076,9073,-1,9077,9078,9076,-1,9079,9075,9080,-1,9079,9073,9075,-1,9081,9078,9077,-1,9081,9082,9078,-1,9083,9073,9079,-1,9083,9077,9073,-1,9084,9085,9082,-1,9084,9082,9081,-1,9086,9080,9087,-1,9086,9079,9080,-1,9088,9081,9077,-1,9088,9077,9083,-1,9089,9085,9084,-1,9089,9090,9085,-1,9091,9079,9086,-1,9091,9083,9079,-1,9092,9084,9081,-1,9092,9081,9088,-1,9093,9087,9094,-1,9093,9086,9087,-1,9095,9090,9089,-1,9095,9096,9090,-1,9097,9083,9091,-1,9097,9088,9083,-1,9098,9089,9084,-1,9098,9084,9092,-1,9099,9086,9093,-1,9099,9091,9086,-1,9100,9096,9095,-1,9100,9101,9096,-1,9102,9092,9088,-1,9102,9088,9097,-1,9103,9094,9104,-1,9103,9093,9094,-1,9105,9089,9098,-1,9105,9095,9089,-1,9106,9091,9099,-1,9106,9097,9091,-1,9107,9101,9100,-1,9107,9108,9101,-1,9109,9098,9092,-1,9109,9092,9102,-1,9110,9093,9103,-1,9110,9099,9093,-1,9111,9100,9095,-1,9111,9095,9105,-1,9112,9097,9106,-1,9112,9102,9097,-1,9113,9114,9108,-1,9113,9108,9107,-1,9115,9104,9116,-1,9115,9103,9104,-1,9117,9105,9098,-1,9117,9098,9109,-1,9118,9099,9110,-1,9118,9106,9099,-1,9119,9100,9111,-1,9119,9107,9100,-1,9120,9102,9112,-1,9120,9109,9102,-1,9121,9114,9113,-1,9121,9122,9114,-1,9123,9103,9115,-1,9123,9110,9103,-1,9124,9105,9117,-1,9124,9111,9105,-1,9125,9106,9118,-1,9125,9112,9106,-1,9126,9113,9107,-1,9126,9107,9119,-1,9127,9116,9128,-1,9127,9115,9116,-1,9129,9117,9109,-1,9129,9109,9120,-1,9130,9122,9121,-1,9130,9131,9122,-1,9132,9118,9110,-1,9132,9110,9123,-1,9133,9119,9111,-1,9133,9111,9124,-1,9134,9120,9112,-1,9134,9112,9125,-1,9135,9121,9113,-1,9135,9113,9126,-1,9136,9123,9115,-1,9136,9115,9127,-1,9137,9117,9129,-1,9137,9124,9117,-1,9138,9139,9131,-1,9138,9131,9130,-1,9140,9125,9118,-1,9140,9118,9132,-1,9141,9119,9133,-1,9141,9126,9119,-1,9142,9128,9143,-1,9142,9127,9128,-1,9144,9129,9120,-1,9144,9120,9134,-1,9145,9121,9135,-1,9145,9130,9121,-1,9146,9132,9123,-1,9146,9123,9136,-1,9147,9133,9124,-1,9147,9124,9137,-1,9148,9139,9138,-1,9148,9149,9139,-1,9150,9134,9125,-1,9150,9125,9140,-1,9151,9126,9141,-1,9151,9135,9126,-1,9152,9136,9127,-1,9152,9127,9142,-1,9153,9129,9144,-1,9153,9137,9129,-1,9154,9130,9145,-1,9154,9138,9130,-1,9155,9132,9146,-1,9155,9140,9132,-1,9156,9141,9133,-1,9156,9133,9147,-1,9157,9149,9148,-1,9157,9158,9149,-1,9159,9143,9160,-1,9159,9142,9143,-1,9161,9144,9134,-1,9161,9134,9150,-1,9162,9145,9135,-1,9162,9135,9151,-1,9163,9136,9152,-1,9163,9146,9136,-1,9164,9137,9153,-1,9164,9147,9137,-1,9165,9138,9154,-1,9165,9148,9138,-1,9166,9150,9140,-1,9166,9140,9155,-1,9167,9151,9141,-1,9167,9141,9156,-1,9168,9158,9157,-1,9168,9169,9158,-1,9170,9142,9159,-1,9170,9152,9142,-1,9171,9153,9144,-1,9171,9144,9161,-1,9172,9154,9145,-1,9172,9145,9162,-1,9173,9146,9163,-1,9173,9155,9146,-1,9174,9147,9164,-1,9174,9156,9147,-1,9175,9148,9165,-1,9175,9157,9148,-1,9176,9160,9177,-1,9176,9159,9160,-1,9178,9161,9150,-1,9178,9150,9166,-1,9179,9151,9167,-1,9179,9162,9151,-1,9180,9169,9168,-1,9180,9181,9169,-1,9182,9152,9170,-1,9182,9163,9152,-1,9183,9164,9153,-1,9183,9153,9171,-1,9184,9154,9172,-1,9184,9165,9154,-1,9185,9155,9173,-1,9185,9166,9155,-1,9186,9156,9174,-1,9186,9167,9156,-1,9187,9157,9175,-1,9187,9168,9157,-1,9188,9170,9159,-1,9188,9159,9176,-1,9189,9171,9161,-1,9189,9161,9178,-1,9190,9172,9162,-1,9190,9162,9179,-1,9191,9192,9181,-1,9191,9181,9180,-1,9193,9163,9182,-1,9193,9173,9163,-1,9194,9174,9164,-1,9194,9164,9183,-1,9195,9165,9184,-1,9195,9175,9165,-1,9196,9177,9197,-1,9196,9176,9177,-1,9198,9166,9185,-1,9198,9178,9166,-1,9199,9179,9167,-1,9199,9167,9186,-1,9200,9168,9187,-1,9200,9180,9168,-1,9201,9182,9170,-1,9201,9170,9188,-1,9202,9171,9189,-1,9202,9183,9171,-1,9203,9184,9172,-1,9203,9172,9190,-1,9204,9205,9192,-1,9204,9192,9191,-1,9206,9173,9193,-1,9206,9185,9173,-1,9207,9186,9174,-1,9207,9174,9194,-1,9208,9187,9175,-1,9208,9175,9195,-1,9209,9188,9176,-1,9209,9176,9196,-1,9210,9178,9198,-1,9210,9189,9178,-1,9211,9179,9199,-1,9211,9190,9179,-1,9212,9180,9200,-1,9212,9191,9180,-1,9213,9182,9201,-1,9213,9193,9182,-1,9214,9183,9202,-1,9214,9194,9183,-1,9215,9184,9203,-1,9215,9195,9184,-1,9216,9217,9205,-1,9216,9205,9204,-1,9218,9197,9219,-1,9218,9196,9197,-1,9220,9198,9185,-1,9220,9185,9206,-1,9221,9186,9207,-1,9221,9199,9186,-1,9222,9200,9187,-1,9222,9187,9208,-1,9223,9201,9188,-1,9223,9188,9209,-1,9224,9189,9210,-1,9224,9202,9189,-1,9225,9190,9211,-1,9225,9203,9190,-1,9226,9204,9191,-1,9226,9191,9212,-1,9227,9193,9213,-1,9227,9206,9193,-1,9228,9207,9194,-1,9228,9194,9214,-1,9229,9208,9195,-1,9229,9195,9215,-1,9230,9217,9216,-1,9230,9231,9217,-1,9232,9209,9196,-1,9232,9196,9218,-1,9233,9210,9198,-1,9233,9198,9220,-1,9234,9211,9199,-1,9234,9199,9221,-1,9235,9200,9222,-1,9235,9212,9200,-1,9236,9213,9201,-1,9236,9201,9223,-1,9237,9202,9224,-1,9237,9214,9202,-1,9238,9215,9203,-1,9238,9203,9225,-1,9239,9216,9204,-1,9239,9204,9226,-1,9240,9219,9241,-1,9240,9218,9219,-1,9242,9220,9206,-1,9242,9206,9227,-1,9243,9221,9207,-1,9243,9207,9228,-1,9244,9208,9229,-1,9244,9222,9208,-1,9245,9246,9231,-1,9245,9231,9230,-1,9247,9209,9232,-1,9247,9223,9209,-1,9248,9224,9210,-1,9248,9210,9233,-1,9249,9225,9211,-1,9249,9211,9234,-1,9250,9212,9235,-1,9250,9226,9212,-1,9251,9213,9236,-1,9251,9227,9213,-1,9252,9214,9237,-1,9252,9228,9214,-1,9253,9215,9238,-1,9253,9229,9215,-1,9254,9216,9239,-1,9254,9230,9216,-1,9255,9218,9240,-1,9255,9232,9218,-1,9256,9233,9220,-1,9256,9220,9242,-1,9257,9221,9243,-1,9257,9234,9221,-1,9258,9222,9244,-1,9258,9235,9222,-1,9259,9246,9245,-1,9259,9260,9246,-1,9261,9236,9223,-1,9261,9223,9247,-1,9262,9237,9224,-1,9262,9224,9248,-1,9263,9238,9225,-1,9263,9225,9249,-1,9264,9226,9250,-1,9264,9239,9226,-1,9265,9241,9266,-1,9265,9240,9241,-1,9267,9227,9251,-1,9267,9242,9227,-1,9268,9243,9228,-1,9268,9228,9252,-1,9269,9244,9229,-1,9269,9229,9253,-1,9270,9230,9254,-1,9270,9245,9230,-1,9271,9232,9255,-1,9271,9247,9232,-1,9272,9233,9256,-1,9272,9248,9233,-1,9273,9234,9257,-1,9273,9249,9234,-1,9274,9250,9235,-1,9274,9235,9258,-1,9275,9276,9260,-1,9275,9260,9259,-1,9277,9236,9261,-1,9277,9251,9236,-1,9278,9252,9237,-1,9278,9237,9262,-1,9279,9253,9238,-1,9279,9238,9263,-1,9280,9254,9239,-1,9280,9239,9264,-1,9281,9255,9240,-1,9281,9240,9265,-1,9282,9256,9242,-1,9282,9242,9267,-1,9283,9257,9243,-1,9283,9243,9268,-1,9284,9258,9244,-1,9284,9244,9269,-1,9285,9245,9270,-1,9285,9259,9245,-1,9286,9261,9247,-1,9286,9247,9271,-1,9287,9262,9248,-1,9287,9248,9272,-1,9288,9249,9273,-1,9288,9263,9249,-1,9289,9250,9274,-1,9289,9264,9250,-1,9290,9276,9275,-1,9290,9291,9276,-1,9292,9265,9266,-1,9292,9266,9293,-1,9294,9251,9277,-1,9294,9267,9251,-1,9295,9252,9278,-1,9295,9268,9252,-1,9296,9269,9253,-1,9296,9253,9279,-1,9297,9270,9254,-1,9297,9254,9280,-1,9298,9255,9281,-1,9298,9271,9255,-1,9299,9256,9282,-1,9299,9272,9256,-1,9300,9273,9257,-1,9300,9257,9283,-1,9301,9258,9284,-1,9301,9274,9258,-1,9302,9275,9259,-1,9302,9259,9285,-1,9303,9261,9286,-1,9303,9277,9261,-1,9304,9278,9262,-1,9304,9262,9287,-1,9305,9263,9288,-1,9305,9279,9263,-1,9306,9264,9289,-1,9306,9280,9264,-1,9307,9291,9290,-1,9307,9308,9291,-1,9309,9265,9292,-1,9309,9281,9265,-1,9310,9282,9267,-1,9310,9267,9294,-1,9311,9283,9268,-1,9311,9268,9295,-1,9312,9269,9296,-1,9312,9284,9269,-1,9313,9270,9297,-1,9313,9285,9270,-1,9314,9286,9271,-1,9314,9271,9298,-1,9315,9287,9272,-1,9315,9272,9299,-1,9316,9288,9273,-1,9316,9273,9300,-1,9317,9274,9301,-1,9317,9289,9274,-1,9318,9290,9275,-1,9318,9275,9302,-1,9319,9292,9293,-1,9319,9293,9320,-1,9321,9294,9277,-1,9321,9277,9303,-1,9322,9295,9278,-1,9322,9278,9304,-1,9323,9296,9279,-1,9323,9279,9305,-1,9324,9280,9306,-1,9324,9297,9280,-1,9325,9308,9307,-1,9325,9326,9308,-1,9327,9281,9309,-1,9327,9298,9281,-1,9328,9282,9310,-1,9328,9299,9282,-1,9329,9300,9283,-1,9329,9283,9311,-1,9330,9284,9312,-1,9330,9301,9284,-1,9331,9285,9313,-1,9331,9302,9285,-1,9332,9286,9314,-1,9332,9303,9286,-1,9333,9287,9315,-1,9333,9304,9287,-1,9334,9288,9316,-1,9334,9305,9288,-1,9335,9306,9289,-1,9335,9289,9317,-1,9336,9307,9290,-1,9336,9290,9318,-1,9337,9309,9292,-1,9337,9327,9309,-1,9337,9292,9319,-1,9338,9294,9321,-1,9338,9310,9294,-1,9339,9295,9322,-1,9339,9311,9295,-1,9340,9296,9323,-1,9340,9312,9296,-1,9341,9297,9324,-1,9341,9313,9297,-1,9342,9326,9325,-1,9342,9343,9326,-1,9344,9314,9298,-1,9344,9298,9327,-1,9345,9315,9299,-1,9345,9299,9328,-1,9346,9300,9329,-1,9346,9316,9300,-1,9347,9301,9330,-1,9347,9317,9301,-1,9348,9318,9302,-1,9348,9302,9331,-1,9349,9319,9320,-1,9349,9320,9350,-1,9351,9321,9303,-1,9351,9303,9332,-1,9352,9322,9304,-1,9352,9304,9333,-1,9353,9323,9305,-1,9353,9305,9334,-1,9354,9324,9306,-1,9354,9306,9335,-1,9355,9325,9307,-1,9355,9307,9336,-1,9356,9327,9337,-1,9357,9328,9310,-1,9357,9310,9338,-1,9358,9329,9311,-1,9358,9311,9339,-1,9359,9330,9312,-1,9359,9312,9340,-1,9360,9331,9313,-1,9360,9313,9341,-1,9361,9362,9343,-1,9361,9343,9342,-1,9363,9332,9314,-1,9363,9314,9344,-1,9364,9315,9345,-1,9364,9333,9315,-1,9365,9316,9346,-1,9365,9334,9316,-1,9366,9317,9347,-1,9366,9335,9317,-1,9367,9336,9318,-1,9367,9318,9348,-1,9368,9319,9349,-1,9368,9337,9319,-1,9369,9321,9351,-1,9369,9338,9321,-1,9370,9322,9352,-1,9370,9339,9322,-1,9371,9323,9353,-1,9371,9340,9323,-1,9372,9341,9324,-1,9372,9324,9354,-1,9373,9325,9355,-1,9373,9342,9325,-1,9374,9344,9327,-1,9374,9327,9356,-1,9375,9328,9357,-1,9375,9345,9328,-1,9376,9329,9358,-1,9376,9346,9329,-1,9377,9330,9359,-1,9377,9347,9330,-1,9378,9331,9360,-1,9378,9348,9331,-1,9379,9349,9350,-1,9379,9380,9381,-1,9379,9350,9380,-1,9382,9362,9361,-1,9382,9383,9362,-1,9384,9332,9363,-1,9384,9351,9332,-1,9385,9333,9364,-1,9385,9352,9333,-1,9386,9353,9334,-1,9386,9334,9365,-1,9387,9335,9366,-1,9387,9354,9335,-1,9388,9355,9336,-1,9388,9336,9367,-1,9389,9337,9368,-1,9389,9356,9337,-1,9390,9357,9338,-1,9390,9338,9369,-1,9391,9358,9339,-1,9391,9339,9370,-1,9392,9359,9340,-1,9392,9340,9371,-1,9393,9360,9341,-1,9393,9341,9372,-1,9394,9361,9342,-1,9394,9342,9373,-1,9395,9344,9374,-1,9395,9363,9344,-1,9396,9364,9345,-1,9396,9345,9375,-1,9397,9365,9346,-1,9397,9346,9376,-1,9398,9366,9347,-1,9398,9347,9377,-1,9399,9367,9348,-1,9399,9348,9378,-1,9400,9368,9349,-1,9400,9349,9379,-1,9401,9383,9382,-1,9401,9402,9383,-1,9403,9351,9384,-1,9403,9369,9351,-1,9404,9352,9385,-1,9404,9370,9352,-1,9405,9371,9353,-1,9405,9353,9386,-1,9406,9372,9354,-1,9406,9354,9387,-1,9407,9355,9388,-1,9407,9373,9355,-1,9408,9356,9389,-1,9408,9374,9356,-1,9409,9357,9390,-1,9409,9375,9357,-1,9410,9358,9391,-1,9410,9376,9358,-1,9411,9359,9392,-1,9411,9377,9359,-1,9412,9360,9393,-1,9412,9378,9360,-1,9413,9379,9381,-1,9414,9361,9394,-1,9414,9382,9361,-1,9415,9363,9395,-1,9415,9384,9363,-1,9416,9364,9396,-1,9416,9385,9364,-1,9417,9365,9397,-1,9417,9386,9365,-1,9418,9366,9398,-1,9418,9387,9366,-1,9419,9388,9367,-1,9419,9367,9399,-1,9420,9368,9400,-1,9420,9389,9368,-1,9421,9422,9402,-1,9421,9402,9401,-1,9423,9369,9403,-1,9423,9390,9369,-1,9424,9391,9370,-1,9424,9370,9404,-1,9425,9392,9371,-1,9425,9371,9405,-1,9426,9372,9406,-1,9426,9393,9372,-1,9427,9373,9407,-1,9427,9394,9373,-1,9428,9395,9374,-1,9428,9374,9408,-1,9429,9396,9375,-1,9429,9375,9409,-1,9430,9397,9376,-1,9430,9417,9397,-1,9430,9376,9410,-1,9431,9377,9411,-1,9431,9398,9377,-1,9432,9378,9412,-1,9432,9399,9378,-1,9433,9400,9379,-1,9433,9379,9413,-1,9433,9420,9400,-1,9434,9401,9382,-1,9434,9382,9414,-1,9435,9403,9384,-1,9435,9384,9415,-1,9436,9404,9385,-1,9436,9385,9416,-1,9437,9405,9386,-1,9437,9386,9417,-1,9438,9387,9418,-1,9438,9406,9387,-1,9439,9407,9388,-1,9439,9388,9419,-1,9440,9408,9389,-1,9440,9389,9420,-1,9441,9422,9421,-1,9441,9442,9422,-1,9443,9390,9423,-1,9443,9409,9390,-1,9444,9410,9391,-1,9444,9391,9424,-1,9445,9392,9425,-1,9445,9411,9392,-1,9446,9393,9426,-1,9446,9412,9393,-1,9447,9413,9381,-1,9447,9381,9448,-1,9449,9394,9427,-1,9449,9414,9394,-1,9450,9415,9395,-1,9450,9395,9428,-1,9451,9396,9429,-1,9451,9416,9396,-1,9452,9417,9430,-1,9453,9438,9418,-1,9453,9398,9431,-1,9453,9418,9398,-1,9454,9419,9399,-1,9454,9399,9432,-1,9455,9420,9433,-1,9456,9421,9401,-1,9456,9401,9434,-1,9457,9423,9403,-1,9457,9403,9435,-1,9458,9404,9436,-1,9458,9424,9404,-1,9459,9405,9437,-1,9459,9425,9405,-1,9459,9445,9425,-1,9460,9406,9438,-1,9460,9426,9406,-1,9461,9407,9439,-1,9461,9427,9407,-1,9462,9408,9440,-1,9462,9428,9408,-1,9463,9464,9442,-1,9463,9442,9441,-1,9465,9429,9409,-1,9465,9409,9443,-1,9466,9430,9410,-1,9466,9410,9444,-1,9467,9431,9411,-1,9467,9411,9445,-1,9468,9432,9412,-1,9468,9412,9446,-1,9469,9413,9447,-1,9469,9433,9413,-1,9470,9434,9414,-1,9470,9414,9449,-1,9471,9415,9450,-1,9471,9435,9415,-1,9472,9436,9416,-1,9472,9416,9451,-1,9473,9437,9417,-1,9473,9417,9452,-1,9474,9438,9453,-1,9475,9419,9454,-1,9475,9439,9419,-1,9476,9420,9455,-1,9476,9440,9420,-1,9477,9421,9456,-1,9477,9441,9421,-1,9478,9423,9457,-1,9478,9443,9423,-1,9479,9424,9458,-1,9479,9444,9424,-1,9480,9445,9459,-1,9481,9446,9426,-1,9481,9426,9460,-1,9482,9447,9448,-1,9482,9448,9483,-1,9484,9449,9427,-1,9484,9427,9461,-1,9485,9428,9462,-1,9485,9450,9428,-1,9486,9464,9463,-1,9486,9487,9464,-1,9488,9429,9465,-1,9488,9451,9429,-1,9489,9430,9466,-1,9489,9452,9430,-1,9490,9453,9431,-1,9490,9431,9467,-1,9491,9454,9432,-1,9491,9432,9468,-1,9492,9433,9469,-1,9492,9455,9433,-1,9493,9456,9434,-1,9493,9434,9470,-1,9494,9457,9435,-1,9494,9435,9471,-1,9495,9436,9472,-1,9495,9458,9436,-1,9496,9437,9473,-1,9496,9459,9437,-1,9497,9460,9438,-1,9497,9438,9474,-1,9498,9461,9439,-1,9498,9439,9475,-1,9499,9440,9476,-1,9499,9462,9440,-1,9500,9463,9441,-1,9500,9441,9477,-1,9501,9465,9443,-1,9501,9443,9478,-1,9502,9466,9444,-1,9502,9444,9479,-1,9503,9467,9445,-1,9503,9445,9480,-1,9504,9446,9481,-1,9504,9468,9446,-1,9505,9447,9482,-1,9505,9469,9447,-1,9506,9449,9484,-1,9506,9470,9449,-1,9507,9471,9450,-1,9507,9450,9485,-1,9508,9509,9487,-1,9508,9487,9486,-1,9510,9472,9451,-1,9510,9451,9488,-1,9511,9473,9452,-1,9511,9452,9489,-1,9512,9453,9490,-1,9512,9474,9453,-1,9513,9454,9491,-1,9513,9475,9454,-1,9514,9455,9492,-1,9514,9476,9455,-1,9515,9477,9456,-1,9515,9456,9493,-1,9516,9457,9494,-1,9516,9478,9457,-1,9517,9458,9495,-1,9517,9479,9458,-1,9518,9480,9459,-1,9518,9459,9496,-1,9519,9481,9460,-1,9519,9460,9497,-1,9520,9482,9483,-1,9520,9521,9522,-1,9520,9483,9521,-1,9523,9484,9461,-1,9523,9461,9498,-1,9524,9462,9499,-1,9524,9485,9462,-1,9525,9463,9500,-1,9525,9486,9463,-1,9526,9465,9501,-1,9526,9488,9465,-1,9527,9489,9466,-1,9527,9466,9502,-1,9528,9490,9467,-1,9528,9467,9503,-1,9529,9468,9504,-1,9529,9491,9468,-1,9530,9469,9505,-1,9530,9492,9469,-1,9531,9493,9470,-1,9531,9470,9506,-1,9532,9494,9471,-1,9532,9471,9507,-1,9533,9534,9509,-1,9533,9509,9508,-1,9535,9495,9472,-1,9535,9472,9510,-1,9536,9473,9511,-1,9536,9496,9473,-1,9537,9474,9512,-1,9537,9497,9474,-1,9538,9475,9513,-1,9538,9498,9475,-1,9539,9499,9476,-1,9539,9476,9514,-1,9540,9477,9515,-1,9540,9500,9477,-1,9541,9478,9516,-1,9541,9501,9478,-1,9542,9479,9517,-1,9542,9502,9479,-1,9543,9480,9518,-1,9543,9503,9480,-1,9544,9504,9481,-1,9544,9481,9519,-1,9545,9505,9482,-1,9545,9482,9520,-1,9546,9506,9484,-1,9546,9484,9523,-1,9547,9507,9485,-1,9547,9485,9524,-1,9548,9508,9486,-1,9548,9486,9525,-1,9549,9488,9526,-1,9549,9510,9488,-1,9550,9511,9489,-1,9550,9489,9527,-1,9551,9490,9528,-1,9551,9512,9490,-1,9552,9513,9491,-1,9552,9491,9529,-1,9553,9492,9530,-1,9553,9514,9492,-1,9554,9493,9531,-1,9554,9515,9493,-1,9555,9516,9494,-1,9555,9494,9532,-1,9556,9534,9533,-1,9556,9557,9534,-1,9558,9495,9535,-1,9558,9517,9495,-1,9559,9496,9536,-1,9559,9518,9496,-1,9560,9519,9497,-1,9560,9497,9537,-1,9561,9520,9522,-1,9562,9498,9538,-1,9562,9523,9498,-1,9563,9499,9539,-1,9563,9524,9499,-1,9564,9525,9500,-1,9564,9500,9540,-1,9565,9501,9541,-1,9565,9526,9501,-1,9566,9527,9502,-1,9566,9502,9542,-1,9567,9528,9503,-1,9567,9503,9543,-1,9568,9504,9544,-1,9568,9529,9504,-1,9569,9530,9505,-1,9569,9505,9545,-1,9570,9506,9546,-1,9570,9531,9506,-1,9571,9532,9507,-1,9571,9507,9547,-1,9572,9508,9548,-1,9572,9533,9508,-1,9573,9510,9549,-1,9573,9535,9510,-1,9574,9536,9511,-1,9574,9511,9550,-1,9575,9512,9551,-1,9575,9537,9512,-1,9576,9513,9552,-1,9576,9538,9513,-1,9577,9539,9514,-1,9577,9514,9553,-1,9577,9563,9539,-1,9578,9540,9515,-1,9578,9515,9554,-1,9579,9516,9555,-1,9579,9541,9516,-1,9580,9581,9557,-1,9580,9557,9556,-1,9582,9517,9558,-1,9582,9542,9517,-1,9583,9518,9559,-1,9583,9543,9518,-1,9584,9544,9519,-1,9584,9519,9560,-1,9585,9520,9561,-1,9585,9569,9545,-1,9585,9545,9520,-1,9586,9546,9523,-1,9586,9523,9562,-1,9587,9571,9547,-1,9587,9547,9524,-1,9587,9524,9563,-1,9588,9525,9564,-1,9588,9548,9525,-1,9589,9526,9565,-1,9589,9549,9526,-1,9590,9550,9527,-1,9590,9527,9566,-1,9591,9551,9528,-1,9591,9528,9567,-1,9592,9552,9529,-1,9592,9529,9568,-1,9593,9553,9530,-1,9593,9530,9569,-1,9594,9554,9531,-1,9594,9531,9570,-1,9595,9532,9571,-1,9595,9555,9532,-1,9596,9533,9572,-1,9596,9556,9533,-1,9597,9582,9558,-1,9597,9535,9573,-1,9597,9558,9535,-1,9598,9559,9536,-1,9598,9536,9574,-1,9599,9537,9575,-1,9599,9560,9537,-1,9600,9522,9601,-1,9600,9561,9522,-1,9602,9538,9576,-1,9602,9562,9538,-1,9603,9563,9577,-1,9604,9540,9578,-1,9604,9564,9540,-1,9605,9565,9541,-1,9605,9541,9579,-1,9606,9607,9581,-1,9606,9581,9580,-1,9608,9542,9582,-1,9608,9566,9542,-1,9609,9543,9583,-1,9609,9567,9543,-1,9610,9544,9584,-1,9610,9568,9544,-1,9611,9569,9585,-1,9612,9546,9586,-1,9612,9570,9546,-1,9613,9595,9571,-1,9613,9571,9587,-1,9614,9572,9548,-1,9614,9548,9588,-1,9615,9573,9549,-1,9615,9549,9589,-1,9616,9550,9590,-1,9616,9598,9574,-1,9616,9574,9550,-1,9617,9551,9591,-1,9617,9575,9551,-1,9618,9576,9552,-1,9618,9552,9592,-1,9619,9577,9553,-1,9619,9553,9593,-1,9620,9554,9594,-1,9620,9578,9554,-1,9621,9579,9555,-1,9621,9555,9595,-1,9622,9556,9596,-1,9622,9580,9556,-1,9623,9582,9597,-1,9624,9583,9559,-1,9624,9559,9598,-1,9625,9584,9560,-1,9625,9560,9599,-1,9626,9561,9600,-1,9626,9585,9561,-1,9627,9562,9602,-1,9627,9586,9562,-1,9628,9563,9603,-1,9628,9587,9563,-1,9629,9588,9564,-1,9629,9564,9604,-1,9630,9589,9565,-1,9630,9565,9605,-1,9631,9607,9606,-1,9631,9632,9607,-1,9633,9590,9566,-1,9633,9566,9608,-1,9634,9591,9567,-1,9634,9567,9609,-1,9635,9568,9610,-1,9635,9592,9568,-1,9636,9569,9611,-1,9636,9593,9569,-1,9637,9594,9570,-1,9637,9570,9612,-1,9638,9595,9613,-1,9639,9596,9572,-1,9639,9572,9614,-1,9640,9573,9615,-1,9640,9597,9573,-1,9641,9598,9616,-1,9642,9575,9617,-1,9642,9599,9575,-1,9643,9600,9601,-1,9643,9601,9644,-1,9645,9576,9618,-1,9645,9627,9602,-1,9645,9602,9576,-1,9646,9603,9577,-1,9646,9577,9619,-1,9647,9578,9620,-1,9647,9604,9578,-1,9648,9605,9579,-1,9648,9579,9621,-1,9648,9630,9605,-1,9649,9606,9580,-1,9649,9580,9622,-1,9649,9631,9606,-1,9650,9582,9623,-1,9650,9608,9582,-1,9651,9583,9624,-1,9651,9609,9583,-1,9652,9584,9625,-1,9652,9610,9584,-1,9653,9585,9626,-1,9653,9611,9585,-1,9654,9612,9586,-1,9654,9586,9627,-1,9655,9613,9587,-1,9655,9587,9628,-1,9656,9588,9629,-1,9656,9614,9588,-1,9657,9615,9589,-1,9657,9589,9630,-1,9658,9659,9632,-1,9658,9632,9631,-1,9660,9590,9633,-1,9660,9616,9590,-1,9661,9617,9591,-1,9661,9591,9634,-1,9662,9618,9592,-1,9662,9592,9635,-1,9663,9593,9636,-1,9663,9619,9593,-1,9664,9647,9620,-1,9664,9620,9594,-1,9664,9594,9637,-1,9665,9595,9638,-1,9665,9621,9595,-1,9666,9622,9596,-1,9666,9596,9639,-1,9667,9623,9597,-1,9667,9597,9640,-1,9668,9598,9641,-1,9668,9624,9598,-1,9669,9625,9599,-1,9669,9599,9642,-1,9670,9626,9600,-1,9670,9600,9643,-1,9671,9627,9645,-1,9672,9603,9646,-1,9672,9628,9603,-1,9672,9655,9628,-1,9673,9604,9647,-1,9673,9629,9604,-1,9674,9630,9648,-1,9675,9631,9649,-1,9676,9608,9650,-1,9676,9633,9608,-1,9677,9609,9651,-1,9677,9634,9609,-1,9678,9610,9652,-1,9678,9662,9635,-1,9678,9635,9610,-1,9679,9636,9611,-1,9679,9611,9653,-1,9680,9612,9654,-1,9680,9637,9612,-1,9681,9638,9613,-1,9681,9613,9655,-1,9682,9639,9614,-1,9682,9614,9656,-1,9683,9640,9615,-1,9683,9615,9657,-1,9684,9685,9659,-1,9684,9659,9658,-1,9686,9616,9660,-1,9686,9641,9616,-1,9687,9642,9617,-1,9687,9617,9661,-1,9688,9643,9644,-1,9688,9670,9643,-1,9688,9644,9689,-1,9690,9645,9618,-1,9690,9618,9662,-1,9691,9646,9619,-1,9691,9619,9663,-1,9692,9647,9664,-1,9693,9674,9648,-1,9693,9648,9621,-1,9693,9621,9665,-1,9694,9649,9622,-1,9694,9622,9666,-1,9695,9623,9667,-1,9695,9650,9623,-1,9696,9651,9624,-1,9696,9624,9668,-1,9697,9625,9669,-1,9697,9652,9625,-1,9698,9653,9626,-1,9698,9626,9670,-1,9699,9654,9627,-1,9699,9627,9671,-1,9700,9655,9672,-1,9701,9656,9629,-1,9701,9629,9673,-1,9702,9630,9674,-1,9702,9683,9657,-1,9702,9657,9630,-1,9703,9631,9675,-1,9703,9658,9631,-1,9704,9633,9676,-1,9704,9660,9633,-1,9705,9687,9661,-1,9705,9661,9634,-1,9705,9634,9677,-1,9706,9662,9678,-1,9707,9663,9636,-1,9707,9636,9679,-1,9708,9637,9680,-1,9708,9664,9637,-1,9709,9665,9638,-1,9709,9638,9681,-1,9710,9639,9682,-1,9710,9666,9639,-1,9711,9695,9667,-1,9711,9667,9640,-1,9711,9640,9683,-1,9712,9713,9685,-1,9712,9685,9684,-1,9714,9641,9686,-1,9714,9668,9641,-1,9715,9669,9642,-1,9715,9642,9687,-1,9716,9670,9688,-1,9717,9645,9690,-1,9717,9671,9645,-1,9718,9672,9646,-1,9718,9646,9691,-1,9719,9673,9647,-1,9719,9647,9692,-1,9720,9674,9693,-1,9721,9675,9649,-1,9721,9649,9694,-1,9721,9703,9675,-1,9722,9650,9695,-1,9722,9676,9650,-1,9723,9677,9651,-1,9723,9651,9696,-1,9724,9652,9697,-1,9724,9678,9652,-1,9725,9653,9698,-1,9725,9679,9653,-1,9726,9680,9654,-1,9726,9654,9699,-1,9727,9681,9655,-1,9727,9655,9700,-1,9728,9656,9701,-1,9728,9682,9656,-1,9729,9683,9702,-1,9730,9684,9658,-1,9730,9658,9703,-1,9731,9660,9704,-1,9731,9686,9660,-1,9732,9687,9705,-1,9733,9688,9689,-1,9733,9689,9734,-1,9735,9717,9690,-1,9735,9690,9662,-1,9735,9662,9706,-1,9736,9691,9663,-1,9736,9663,9707,-1,9737,9664,9708,-1,9737,9692,9664,-1,9738,9693,9665,-1,9738,9665,9709,-1,9739,9694,9666,-1,9739,9721,9694,-1,9739,9666,9710,-1,9740,9695,9711,-1,9741,9742,9743,-1,9741,9743,9713,-1,9741,9713,9712,-1,9744,9668,9714,-1,9744,9696,9668,-1,9744,9723,9696,-1,9745,9697,9669,-1,9745,9669,9715,-1,9746,9670,9716,-1,9746,9698,9670,-1,9747,9699,9671,-1,9747,9671,9717,-1,9748,9700,9672,-1,9748,9672,9718,-1,9749,9701,9673,-1,9749,9673,9719,-1,9750,9702,9674,-1,9750,9674,9720,-1,9750,9729,9702,-1,9751,9703,9721,-1,9752,9704,9676,-1,9752,9676,9722,-1,9753,9677,9723,-1,9753,9705,9677,-1,9754,9706,9678,-1,9754,9678,9724,-1,9755,9707,9679,-1,9755,9679,9725,-1,9756,9737,9708,-1,9756,9680,9726,-1,9756,9708,9680,-1,9757,9709,9681,-1,9757,9681,9727,-1,9758,9682,9728,-1,9758,9710,9682,-1,9759,9711,9683,-1,9759,9683,9729,-1,9760,9712,9684,-1,9760,9684,9730,-1,9761,9744,9714,-1,9761,9714,9686,-1,9761,9686,9731,-1,9762,9715,9687,-1,9762,9687,9732,-1,9763,9688,9733,-1,9763,9716,9688,-1,9764,9717,9735,-1,9765,9691,9736,-1,9765,9718,9691,-1,9766,9692,9737,-1,9766,9719,9692,-1,9767,9720,9693,-1,9767,9693,9738,-1,9768,9721,9739,-1,9769,9722,9695,-1,9769,9695,9740,-1,9770,9742,9741,-1,9771,9723,9744,-1,9772,9724,9697,-1,9772,9697,9745,-1,9773,9698,9746,-1,9773,9725,9698,-1,9773,9755,9725,-1,9774,9699,9747,-1,9774,9726,9699,-1,9775,9700,9748,-1,9775,9727,9700,-1,9776,9728,9701,-1,9776,9701,9749,-1,9777,9729,9750,-1,9778,9703,9751,-1,9778,9730,9703,-1,9779,9704,9752,-1,9779,9731,9704,-1,9780,9732,9705,-1,9780,9705,9753,-1,9781,9763,9733,-1,9781,9733,9734,-1,9781,9734,9782,-1,9783,9735,9706,-1,9783,9706,9754,-1,9784,9707,9755,-1,9784,9736,9707,-1,9785,9737,9756,-1,9786,9738,9709,-1,9786,9709,9757,-1,9787,9710,9758,-1,9787,9739,9710,-1,9788,9740,9711,-1,9788,9711,9759,-1,9789,9712,9760,-1,9789,9741,9712,-1,9790,9744,9761,-1,9791,9715,9762,-1,9791,9745,9715,-1,9792,9746,9716,-1,9792,9716,9763,-1,9793,9747,9717,-1,9793,9717,9764,-1,9794,9718,9765,-1,9794,9748,9718,-1,9795,9749,9719,-1,9795,9719,9766,-1,9796,9750,9720,-1,9796,9720,9767,-1,9797,9751,9721,-1,9797,9721,9768,-1,9798,9779,9752,-1,9798,9752,9722,-1,9798,9722,9769,-1,9799,9800,9742,-1,9799,9742,9770,-1,9801,9753,9723,-1,9801,9780,9753,-1,9801,9723,9771,-1,9802,9724,9772,-1,9802,9754,9724,-1,9803,9755,9773,-1,9804,9756,9726,-1,9804,9726,9774,-1,9805,9757,9727,-1,9805,9727,9775,-1,9806,9758,9728,-1,9806,9728,9776,-1,9807,9759,9729,-1,9807,9729,9777,-1,9808,9730,9778,-1,9808,9760,9730,-1,9809,9761,9731,-1,9809,9731,9779,-1,9810,9762,9732,-1,9810,9732,9780,-1,9811,9763,9781,-1,9812,9764,9735,-1,9812,9735,9783,-1,9813,9736,9784,-1,9813,9765,9736,-1,9814,9766,9737,-1,9814,9737,9785,-1,9815,9738,9786,-1,9815,9767,9738,-1,9816,9739,9787,-1,9816,9768,9739,-1,9817,9769,9740,-1,9817,9740,9788,-1,9818,9741,9789,-1,9818,9770,9741,-1,9819,9771,9744,-1,9819,9744,9790,-1,9820,9745,9791,-1,9820,9772,9745,-1,9821,9746,9792,-1,9821,9773,9746,-1,9822,9774,9747,-1,9822,9747,9793,-1,9823,9748,9794,-1,9823,9775,9748,-1,9824,9776,9749,-1,9824,9749,9795,-1,9825,9777,9750,-1,9825,9750,9796,-1,9825,9807,9777,-1,9826,9778,9751,-1,9826,9751,9797,-1,9827,9779,9798,-1,9828,9829,9800,-1,9828,9800,9799,-1,9830,9780,9801,-1,9831,9781,9782,-1,9831,9832,9833,-1,9831,9782,9832,-1,9834,9754,9802,-1,9834,9812,9783,-1,9834,9783,9754,-1,9835,9784,9755,-1,9835,9755,9803,-1,9835,9813,9784,-1,9836,9756,9804,-1,9836,9785,9756,-1,9837,9786,9757,-1,9837,9757,9805,-1,9838,9758,9806,-1,9838,9787,9758,-1,9839,9788,9759,-1,9839,9759,9807,-1,9840,9789,9760,-1,9840,9760,9808,-1,9841,9761,9809,-1,9841,9790,9761,-1,9842,9791,9762,-1,9842,9762,9810,-1,9843,9792,9763,-1,9843,9763,9811,-1,9844,9764,9812,-1,9844,9793,9764,-1,9845,9765,9813,-1,9845,9794,9765,-1,9846,9795,9766,-1,9846,9766,9814,-1,9847,9767,9815,-1,9847,9796,9767,-1,9848,9768,9816,-1,9848,9826,9797,-1,9848,9797,9768,-1,9849,9769,9817,-1,9849,9798,9769,-1,9850,9770,9818,-1,9850,9799,9770,-1,9851,9801,9771,-1,9851,9771,9819,-1,9852,9772,9820,-1,9852,9802,9772,-1,9853,9803,9773,-1,9853,9773,9821,-1,9854,9836,9804,-1,9854,9804,9774,-1,9854,9774,9822,-1,9855,9775,9823,-1,9855,9837,9805,-1,9855,9805,9775,-1,9856,9776,9824,-1,9856,9806,9776,-1,9857,9807,9825,-1,9858,9808,9778,-1,9858,9778,9826,-1,9859,9809,9779,-1,9859,9779,9827,-1,9860,9861,9829,-1,9860,9829,9828,-1,9862,9842,9810,-1,9862,9810,9780,-1,9862,9780,9830,-1,9863,9811,9781,-1,9863,9781,9831,-1,9864,9812,9834,-1,9865,9813,9835,-1,9866,9785,9836,-1,9866,9814,9785,-1,9867,9786,9837,-1,9867,9815,9786,-1,9868,9816,9787,-1,9868,9848,9816,-1,9868,9787,9838,-1,9869,9788,9839,-1,9869,9849,9817,-1,9869,9817,9788,-1,9870,9789,9840,-1,9870,9818,9789,-1,9871,9790,9841,-1,9871,9819,9790,-1,9872,9791,9842,-1,9872,9852,9820,-1,9872,9820,9791,-1,9873,9792,9843,-1,9873,9821,9792,-1,9873,9853,9821,-1,9874,9793,9844,-1,9874,9822,9793,-1,9875,9823,9794,-1,9875,9794,9845,-1,9876,9824,9795,-1,9876,9795,9846,-1,9877,9825,9796,-1,9877,9796,9847,-1,9878,9826,9848,-1,9879,9798,9849,-1,9879,9827,9798,-1,9880,9799,9850,-1,9880,9860,9828,-1,9880,9828,9799,-1,9881,9801,9851,-1,9881,9830,9801,-1,9882,9831,9833,-1,9883,9834,9802,-1,9883,9802,9852,-1,9884,9803,9853,-1,9884,9835,9803,-1,9885,9836,9854,-1,9886,9837,9855,-1,9887,9806,9856,-1,9887,9838,9806,-1,9888,9839,9807,-1,9888,9807,9857,-1,9889,9808,9858,-1,9889,9840,9808,-1,9889,9870,9840,-1,9890,9871,9841,-1,9890,9809,9859,-1,9890,9841,9809,-1,9891,9861,9860,-1,9891,9892,9861,-1,9893,9842,9862,-1,9894,9811,9863,-1,9894,9843,9811,-1,9895,9812,9864,-1,9895,9844,9812,-1,9896,9875,9845,-1,9896,9813,9865,-1,9896,9845,9813,-1,9897,9846,9814,-1,9897,9814,9866,-1,9898,9847,9815,-1,9898,9815,9867,-1,9899,9848,9868,-1,9900,9849,9869,-1,9901,9818,9870,-1,9901,9850,9818,-1,9902,9819,9871,-1,9902,9851,9819,-1,9903,9852,9872,-1,9904,9853,9873,-1,9905,9822,9874,-1,9905,9854,9822,-1,9906,9855,9823,-1,9906,9823,9875,-1,9907,9887,9856,-1,9907,9824,9876,-1,9907,9856,9824,-1,9908,9857,9825,-1,9908,9825,9877,-1,9909,9826,9878,-1,9909,9858,9826,-1,9910,9827,9879,-1,9910,9859,9827,-1,9911,9860,9880,-1,9912,9862,9830,-1,9912,9830,9881,-1,9913,9863,9831,-1,9913,9831,9882,-1,9914,9834,9883,-1,9914,9864,9834,-1,9915,9835,9884,-1,9915,9865,9835,-1,9916,9836,9885,-1,9916,9866,9836,-1,9917,9867,9837,-1,9917,9837,9886,-1,9918,9838,9887,-1,9918,9868,9838,-1,9919,9839,9888,-1,9919,9869,9839,-1,9920,9870,9889,-1,9921,9871,9890,-1,9922,9892,9891,-1,9922,9923,9892,-1,9924,9872,9842,-1,9924,9842,9893,-1,9925,9873,9843,-1,9925,9843,9894,-1,9926,9874,9844,-1,9926,9844,9895,-1,9927,9875,9896,-1,9927,9906,9875,-1,9928,9846,9897,-1,9928,9876,9846,-1,9929,9847,9898,-1,9929,9908,9877,-1,9929,9877,9847,-1,9930,9878,9848,-1,9930,9848,9899,-1,9931,9879,9849,-1,9931,9849,9900,-1,9932,9850,9901,-1,9932,9880,9850,-1,9933,9851,9902,-1,9933,9881,9851,-1,9934,9072,9071,-1,9934,9833,9072,-1,9934,9882,9833,-1,9935,9883,9852,-1,9935,9852,9903,-1,9936,9915,9884,-1,9936,9884,9853,-1,9936,9853,9904,-1,9937,9854,9905,-1,9937,9885,9854,-1,9938,9886,9855,-1,9938,9855,9906,-1,9939,9887,9907,-1,9940,9888,9857,-1,9940,9857,9908,-1,9941,9858,9909,-1,9941,9889,9858,-1,9942,9859,9910,-1,9942,9890,9859,-1,9943,9891,9860,-1,9943,9860,9911,-1,9944,9893,9862,-1,9944,9924,9893,-1,9944,9862,9912,-1,9945,9863,9913,-1,9945,9894,9863,-1,9946,9895,9864,-1,9946,9864,9914,-1,9947,9896,9865,-1,9947,9865,9915,-1,9948,9866,9916,-1,9948,9897,9866,-1,9949,9898,9867,-1,9949,9867,9917,-1,9950,9868,9918,-1,9950,9930,9899,-1,9950,9899,9868,-1,9951,9869,9919,-1,9951,9931,9900,-1,9951,9900,9869,-1,9952,9901,9870,-1,9952,9870,9920,-1,9953,9871,9921,-1,9953,9933,9902,-1,9953,9902,9871,-1,9954,9923,9922,-1,9954,9955,9923,-1,9956,9903,9872,-1,9956,9872,9924,-1,9956,9935,9903,-1,9957,9904,9873,-1,9957,9873,9925,-1,9958,9905,9874,-1,9958,9874,9926,-1,9959,9906,9927,-1,9960,9907,9876,-1,9960,9876,9928,-1,9961,9940,9908,-1,9961,9908,9929,-1,9962,9878,9930,-1,9962,9909,9878,-1,9963,9910,9879,-1,9963,9879,9931,-1,9964,9880,9932,-1,9964,9911,9880,-1,9965,9881,9933,-1,9965,9912,9881,-1,9966,9071,9069,-1,9966,9882,9934,-1,9966,9913,9882,-1,9966,9934,9071,-1,9967,9883,9935,-1,9967,9914,9883,-1,9968,9915,9936,-1,9969,9885,9937,-1,9969,9916,9885,-1,9970,9886,9938,-1,9970,9917,9886,-1,9971,9887,9939,-1,9971,9950,9918,-1,9971,9918,9887,-1,9972,9919,9888,-1,9972,9888,9940,-1,9973,9889,9941,-1,9973,9920,9889,-1,9973,9952,9920,-1,9974,9890,9942,-1,9974,9921,9890,-1,9975,9891,9943,-1,9975,9922,9891,-1,9976,9924,9944,-1,9977,9925,9894,-1,9977,9894,9945,-1,9978,9926,9895,-1,9978,9895,9946,-1,9979,9896,9947,-1,9979,9927,9896,-1,9980,9897,9948,-1,9980,9928,9897,-1,9981,9929,9898,-1,9981,9898,9949,-1,9982,9930,9950,-1,9983,9931,9951,-1,9984,9964,9932,-1,9984,9932,9901,-1,9984,9901,9952,-1,9985,9933,9953,-1,9986,9955,9954,-1,9986,9987,9955,-1,9988,9935,9956,-1,9989,9904,9957,-1,9989,9936,9904,-1,9990,9905,9958,-1,9990,9937,9905,-1,9991,9906,9959,-1,9991,9970,9938,-1,9991,9938,9906,-1,9992,9907,9960,-1,9992,9939,9907,-1,9993,9940,9961,-1,9994,9909,9962,-1,9994,9941,9909,-1,9995,9910,9963,-1,9995,9942,9910,-1,9996,9911,9964,-1,9996,9943,9911,-1,9997,9944,9912,-1,9997,9912,9965,-1,9998,9069,9067,-1,9998,9913,9966,-1,9998,9966,9069,-1,9998,9945,9913,-1,9999,9946,9914,-1,9999,9914,9967,-1,10000,9915,9968,-1,10000,9979,9947,-1,10000,9947,9915,-1,10001,9916,9969,-1,10001,9948,9916,-1,10002,9917,9970,-1,10002,9949,9917,-1,10003,9950,9971,-1,10004,9919,9972,-1,10004,9951,9919,-1,10005,9952,9973,-1,10006,9953,9921,-1,10006,9985,9953,-1,10006,9921,9974,-1,10007,9954,9922,-1,10007,9922,9975,-1,10008,9924,9976,-1,10008,9956,9924,-1,10009,9957,9925,-1,10009,9925,9977,-1,10010,9958,9926,-1,10010,9926,9978,-1,10011,9959,9927,-1,10011,9927,9979,-1,10012,9928,9980,-1,10012,9960,9928,-1,10013,9961,9929,-1,10013,9929,9981,-1,10014,9962,9930,-1,10014,9930,9982,-1,10015,9931,9983,-1,10015,9995,9963,-1,10015,9963,9931,-1,10016,9964,9984,-1,10017,9965,9933,-1,10017,9933,9985,-1,10018,10019,9987,-1,10018,9987,9986,-1,10020,9967,9935,-1,10020,9935,9988,-1,10021,9968,9936,-1,10021,9936,9989,-1,10022,9937,9990,-1,10022,10001,9969,-1,10022,9969,9937,-1,10023,9970,9991,-1,10023,10002,9970,-1,10024,9939,9992,-1,10024,9971,9939,-1,10025,9972,9940,-1,10025,9940,9993,-1,10026,9941,9994,-1,10026,9973,9941,-1,10027,9942,9995,-1,10027,9974,9942,-1,10028,9943,9996,-1,10028,10007,9975,-1,10028,9975,9943,-1,10029,9976,9944,-1,10029,9944,9997,-1,10030,9067,9065,-1,10030,9998,9067,-1,10030,9945,9998,-1,10030,9977,9945,-1,10031,9978,9946,-1,10031,9946,9999,-1,10032,9979,10000,-1,10033,9948,10001,-1,10033,9980,9948,-1,10034,9949,10002,-1,10034,9981,9949,-1,10035,9950,10003,-1,10035,9982,9950,-1,10036,9983,9951,-1,10036,9951,10004,-1,10037,9952,10005,-1,10037,9984,9952,-1,10038,9985,10006,-1,10039,9954,10007,-1,10039,9986,9954,-1,10040,9956,10008,-1,10040,9988,9956,-1,10041,9989,9957,-1,10041,9957,10009,-1,10042,9958,10010,-1,10042,9990,9958,-1,10043,9991,9959,-1,10043,9959,10011,-1,10044,9992,9960,-1,10044,9960,10012,-1,10045,9993,9961,-1,10045,9961,10013,-1,10046,9994,9962,-1,10046,10026,9994,-1,10046,9962,10014,-1,10047,9995,10015,-1,10048,9996,9964,-1,10048,9964,10016,-1,10049,9965,10017,-1,10049,9997,9965,-1,10050,10051,10052,-1,10050,10052,10019,-1,10050,10019,10018,-1,10053,9967,10020,-1,10053,9999,9967,-1,10054,10000,9968,-1,10054,9968,10021,-1,10055,10001,10022,-1,10056,10002,10023,-1,10057,9971,10024,-1,10057,10003,9971,-1,10058,9972,10025,-1,10058,10004,9972,-1,10059,9973,10026,-1,10059,10005,9973,-1,10060,10006,9974,-1,10060,9974,10027,-1,10061,10007,10028,-1,10062,10008,9976,-1,10062,9976,10029,-1,10063,9977,10030,-1,10063,9065,9063,-1,10063,10009,9977,-1,10063,10030,9065,-1,10064,10010,9978,-1,10064,9978,10031,-1,10065,9979,10032,-1,10065,10011,9979,-1,10066,9980,10033,-1,10066,10012,9980,-1,10067,9981,10034,-1,10067,10013,9981,-1,10068,9982,10035,-1,10068,10014,9982,-1,10069,9983,10036,-1,10069,10015,9983,-1,10070,10016,9984,-1,10070,9984,10037,-1,10071,10017,9985,-1,10071,9985,10038,-1,10072,9986,10039,-1,10072,10018,9986,-1,10073,9988,10040,-1,10073,10020,9988,-1,10074,9989,10041,-1,10074,10021,9989,-1,10075,10022,9990,-1,10075,9990,10042,-1,10076,10023,9991,-1,10076,9991,10043,-1,10077,9992,10044,-1,10077,10024,9992,-1,10078,10025,9993,-1,10078,9993,10045,-1,10079,10059,10026,-1,10079,10026,10046,-1,10080,9995,10047,-1,10080,10027,9995,-1,10081,10028,9996,-1,10081,9996,10048,-1,10081,10061,10028,-1,10082,9997,10049,-1,10082,10029,9997,-1,10082,10062,10029,-1,10083,10051,10050,-1,10084,9999,10053,-1,10084,10064,10031,-1,10084,10031,9999,-1,10085,10032,10000,-1,10085,10000,10054,-1,10086,10033,10001,-1,10086,10001,10055,-1,10086,10066,10033,-1,10087,10034,10002,-1,10087,10002,10056,-1,10087,10067,10034,-1,10088,10035,10003,-1,10088,10003,10057,-1,10089,10036,10004,-1,10089,10004,10058,-1,10090,10037,10005,-1,10090,10005,10059,-1,10091,10006,10060,-1,10091,10038,10006,-1,10092,10039,10007,-1,10092,10007,10061,-1,10092,10072,10039,-1,10093,10040,10008,-1,10093,10008,10062,-1,10094,10009,10063,-1,10094,9063,9061,-1,10094,10041,10009,-1,10094,10063,9063,-1,10095,10042,10010,-1,10095,10010,10064,-1,10096,10011,10065,-1,10096,10076,10043,-1,10096,10043,10011,-1,10097,10012,10066,-1,10097,10044,10012,-1,10097,10077,10044,-1,10098,10013,10067,-1,10098,10045,10013,-1,10099,10046,10014,-1,10099,10014,10068,-1,10100,10015,10069,-1,10100,10047,10015,-1,10101,10048,10016,-1,10101,10016,10070,-1,10102,10049,10017,-1,10102,10017,10071,-1,10103,10018,10072,-1,10103,10050,10018,-1,10104,10053,10020,-1,10104,10020,10073,-1,10105,10021,10074,-1,10105,10054,10021,-1,10106,10055,10022,-1,10106,10022,10075,-1,10107,10023,10076,-1,10107,10056,10023,-1,10108,10024,10077,-1,10108,10057,10024,-1,10109,10058,10025,-1,10109,10025,10078,-1,10110,10059,10079,-1,10111,10027,10080,-1,10111,10060,10027,-1,10112,10061,10081,-1,10113,10093,10062,-1,10113,10062,10082,-1,10114,10115,10051,-1,10114,10051,10083,-1,10116,10064,10084,-1,10117,10032,10085,-1,10117,10065,10032,-1,10118,10066,10086,-1,10118,10097,10066,-1,10119,10067,10087,-1,10120,10068,10035,-1,10120,10035,10088,-1,10121,10036,10089,-1,10121,10069,10036,-1,10121,10100,10069,-1,10122,10070,10037,-1,10122,10037,10090,-1,10123,10038,10091,-1,10123,10071,10038,-1,10124,10072,10092,-1,10125,10073,10040,-1,10125,10040,10093,-1,10126,10041,10094,-1,10126,10094,9061,-1,10126,9061,9058,-1,10126,10074,10041,-1,10127,10042,10095,-1,10127,10075,10042,-1,10128,10076,10096,-1,10128,10107,10076,-1,10129,10108,10077,-1,10129,10077,10097,-1,10130,10045,10098,-1,10130,10078,10045,-1,10131,10079,10046,-1,10131,10046,10099,-1,10132,10047,10100,-1,10132,10080,10047,-1,10133,10081,10048,-1,10133,10048,10101,-1,10134,10049,10102,-1,10134,10082,10049,-1,10135,10050,10103,-1,10135,10083,10050,-1,10136,10084,10053,-1,10136,10053,10104,-1,10137,10054,10105,-1,10137,10085,10054,-1,10138,10086,10055,-1,10138,10055,10106,-1,10138,10118,10086,-1,10139,10087,10056,-1,10139,10056,10107,-1,10140,10088,10057,-1,10140,10057,10108,-1,10141,10089,10058,-1,10141,10058,10109,-1,10142,10059,10110,-1,10142,10090,10059,-1,10143,10091,10060,-1,10143,10060,10111,-1,10144,10092,10061,-1,10144,10061,10112,-1,10145,10093,10113,-1,10146,10147,10115,-1,10146,10115,10114,-1,10148,10095,10064,-1,10148,10064,10116,-1,10149,10096,10065,-1,10149,10065,10117,-1,10150,10097,10118,-1,10151,10098,10067,-1,10151,10067,10119,-1,10151,10130,10098,-1,10152,10131,10099,-1,10152,10068,10120,-1,10152,10099,10068,-1,10153,10100,10121,-1,10154,10070,10122,-1,10154,10101,10070,-1,10155,10071,10123,-1,10155,10102,10071,-1,10156,10103,10072,-1,10156,10072,10124,-1,10157,10104,10073,-1,10157,10073,10125,-1,10158,9056,9055,-1,10158,9058,9056,-1,10158,10105,10074,-1,10158,10126,9058,-1,10158,10074,10126,-1,10159,10075,10127,-1,10159,10138,10106,-1,10159,10106,10075,-1,10160,10107,10128,-1,10161,10108,10129,-1,10162,10078,10130,-1,10162,10109,10078,-1,10163,10079,10131,-1,10163,10110,10079,-1,10164,10111,10080,-1,10164,10080,10132,-1,10165,10112,10081,-1,10165,10144,10112,-1,10165,10081,10133,-1,10166,10082,10134,-1,10166,10113,10082,-1,10167,10083,10135,-1,10167,10114,10083,-1,10168,10116,10084,-1,10168,10084,10136,-1,10169,10085,10137,-1,10169,10117,10085,-1,10170,10118,10138,-1,10171,10087,10139,-1,10171,10119,10087,-1,10172,10088,10140,-1,10172,10120,10088,-1,10173,10121,10089,-1,10173,10089,10141,-1,10174,10122,10090,-1,10174,10090,10142,-1,10175,10091,10143,-1,10175,10123,10091,-1,10176,10092,10144,-1,10176,10124,10092,-1,10177,10157,10125,-1,10177,10093,10145,-1,10177,10125,10093,-1,10178,10179,10180,-1,10178,10180,10147,-1,10178,10147,10146,-1,10181,10095,10148,-1,10181,10127,10095,-1,10182,10096,10149,-1,10182,10128,10096,-1,10183,10129,10097,-1,10183,10097,10150,-1,10184,10162,10130,-1,10184,10130,10151,-1,10185,10131,10152,-1,10186,10100,10153,-1,10186,10132,10100,-1,10187,10133,10101,-1,10187,10101,10154,-1,10188,10102,10155,-1,10188,10134,10102,-1,10189,10103,10156,-1,10189,10135,10103,-1,10190,10104,10157,-1,10190,10136,10104,-1,10190,10168,10136,-1,10191,10137,10105,-1,10191,10158,9055,-1,10191,10169,10137,-1,10191,10105,10158,-1,10192,10138,10159,-1,10193,10107,10160,-1,10193,10139,10107,-1,10194,10108,10161,-1,10194,10140,10108,-1,10195,10141,10109,-1,10195,10109,10162,-1,10196,10142,10110,-1,10196,10110,10163,-1,10197,10111,10164,-1,10197,10143,10111,-1,10198,10176,10144,-1,10198,10144,10165,-1,10199,10113,10166,-1,10199,10145,10113,-1,10200,10114,10167,-1,10200,10146,10114,-1,10201,10116,10168,-1,10201,10148,10116,-1,10202,10117,10169,-1,10202,10149,10117,-1,10202,10182,10149,-1,10203,10150,10118,-1,10203,10118,10170,-1,10204,10119,10171,-1,10204,10151,10119,-1,10205,10120,10172,-1,10205,10152,10120,-1,10206,10121,10173,-1,10206,10153,10121,-1,10207,10154,10122,-1,10207,10122,10174,-1,10208,10155,10123,-1,10208,10123,10175,-1,10209,10124,10176,-1,10209,10156,10124,-1,10210,10157,10177,-1,10211,10179,10178,-1,10212,10127,10181,-1,10212,10159,10127,-1,10213,10160,10128,-1,10213,10128,10182,-1,10214,10129,10183,-1,10214,10161,10129,-1,10215,10162,10184,-1,10216,10131,10185,-1,10216,10163,10131,-1,10217,10164,10132,-1,10217,10132,10186,-1,10218,10165,10133,-1,10218,10133,10187,-1,10219,10134,10188,-1,10219,10166,10134,-1,10220,10167,10135,-1,10220,10135,10189,-1,10221,10168,10190,-1,10222,10191,9055,-1,10222,9055,9053,-1,10222,10169,10191,-1,10223,10170,10138,-1,10223,10138,10192,-1,10224,10171,10139,-1,10224,10139,10193,-1,10225,10140,10194,-1,10225,10172,10140,-1,10226,10173,10141,-1,10226,10141,10195,-1,10227,10174,10142,-1,10227,10142,10196,-1,10228,10143,10197,-1,10228,10175,10143,-1,10229,10176,10198,-1,10230,10177,10145,-1,10230,10145,10199,-1,10231,10146,10200,-1,10231,10178,10146,-1,10232,10148,10201,-1,10232,10181,10148,-1,10233,10182,10202,-1,10233,10213,10182,-1,10234,10150,10203,-1,10234,10183,10150,-1,10235,10151,10204,-1,10235,10184,10151,-1,10236,10152,10205,-1,10236,10185,10152,-1,10237,10186,10153,-1,10237,10153,10206,-1,10238,10154,10207,-1,10238,10187,10154,-1,10239,10219,10188,-1,10239,10188,10155,-1,10239,10155,10208,-1,10240,10156,10209,-1,10240,10189,10156,-1,10241,10157,10210,-1,10241,10190,10157,-1,10242,10243,10179,-1,10242,10179,10211,-1,10244,10192,10159,-1,10244,10159,10212,-1,10245,10160,10213,-1,10245,10193,10160,-1,10246,10161,10214,-1,10246,10194,10161,-1,10247,10162,10215,-1,10247,10195,10162,-1,10248,10163,10216,-1,10248,10196,10163,-1,10249,10197,10164,-1,10249,10164,10217,-1,10250,10198,10165,-1,10250,10165,10218,-1,10251,10166,10219,-1,10251,10199,10166,-1,10252,10200,10167,-1,10252,10167,10220,-1,10253,10168,10221,-1,10253,10201,10168,-1,10254,9051,9049,-1,10254,9053,9051,-1,10254,10233,10202,-1,10254,10202,10169,-1,10254,10222,9053,-1,10254,10169,10222,-1,10255,10170,10223,-1,10255,10203,10170,-1,10256,10204,10171,-1,10256,10171,10224,-1,10257,10205,10172,-1,10257,10172,10225,-1,10258,10173,10226,-1,10258,10206,10173,-1,10259,10207,10174,-1,10259,10174,10227,-1,10260,10208,10175,-1,10260,10239,10208,-1,10260,10175,10228,-1,10261,10209,10176,-1,10261,10176,10229,-1,10262,10177,10230,-1,10262,10210,10177,-1,10263,10211,10178,-1,10263,10178,10231,-1,10264,10181,10232,-1,10264,10244,10212,-1,10264,10212,10181,-1,10265,10213,10233,-1,10266,10183,10234,-1,10266,10214,10183,-1,10267,10184,10235,-1,10267,10215,10184,-1,10268,10185,10236,-1,10268,10216,10185,-1,10269,10249,10217,-1,10269,10217,10186,-1,10269,10186,10237,-1,10270,10218,10187,-1,10270,10187,10238,-1,10271,10219,10239,-1,10272,10189,10240,-1,10272,10220,10189,-1,10273,10190,10241,-1,10273,10221,10190,-1,10274,10275,10243,-1,10274,10243,10242,-1,10276,10192,10244,-1,10276,10223,10192,-1,10277,10193,10245,-1,10277,10224,10193,-1,10278,10225,10194,-1,10278,10194,10246,-1,10279,10195,10247,-1,10279,10226,10195,-1,10280,10196,10248,-1,10280,10227,10196,-1,10281,10228,10197,-1,10281,10197,10249,-1,10282,10229,10198,-1,10282,10198,10250,-1,10283,10230,10199,-1,10283,10199,10251,-1,10284,10231,10200,-1,10284,10263,10231,-1,10284,10200,10252,-1,10285,10232,10201,-1,10285,10201,10253,-1,10286,10265,10233,-1,10286,9049,9046,-1,10286,10254,9049,-1,10286,10233,10254,-1,10287,10234,10203,-1,10287,10203,10255,-1,10287,10266,10234,-1,10288,10204,10256,-1,10288,10235,10204,-1,10289,10236,10205,-1,10289,10205,10257,-1,10290,10206,10258,-1,10290,10237,10206,-1,10291,10238,10207,-1,10291,10207,10259,-1,10292,10239,10260,-1,10293,10240,10209,-1,10293,10209,10261,-1,10294,10210,10262,-1,10294,10241,10210,-1,10295,10211,10263,-1,10295,10242,10211,-1,10296,10244,10264,-1,10296,10276,10244,-1,10297,10213,10265,-1,10297,10245,10213,-1,10298,10278,10246,-1,10298,10214,10266,-1,10298,10246,10214,-1,10299,10215,10267,-1,10299,10247,10215,-1,10300,10280,10248,-1,10300,10248,10216,-1,10300,10216,10268,-1,10301,10249,10269,-1,10302,10282,10250,-1,10302,10218,10270,-1,10302,10250,10218,-1,10303,10251,10219,-1,10303,10283,10251,-1,10303,10219,10271,-1,10304,10252,10220,-1,10304,10220,10272,-1,10305,10285,10253,-1,10305,10221,10273,-1,10305,10253,10221,-1,10306,10307,10275,-1,10306,10275,10274,-1,10308,10223,10276,-1,10308,10255,10223,-1,10309,10224,10277,-1,10309,10256,10224,-1,10310,10225,10278,-1,10310,10257,10225,-1,10310,10289,10257,-1,10311,10226,10279,-1,10311,10258,10226,-1,10312,10227,10280,-1,10312,10259,10227,-1,10313,10260,10228,-1,10313,10228,10281,-1,10314,10229,10282,-1,10314,10261,10229,-1,10315,10262,10230,-1,10315,10230,10283,-1,10316,10263,10284,-1,10317,10264,10232,-1,10317,10232,10285,-1,10318,10286,9046,-1,10318,10265,10286,-1,10319,10266,10287,-1,10320,10267,10235,-1,10320,10235,10288,-1,10321,10236,10289,-1,10321,10268,10236,-1,10321,10300,10268,-1,10322,10237,10290,-1,10322,10269,10237,-1,10323,10270,10238,-1,10323,10238,10291,-1,10324,10239,10292,-1,10324,10271,10239,-1,10325,10304,10272,-1,10325,10240,10293,-1,10325,10272,10240,-1,10326,10241,10294,-1,10326,10273,10241,-1,10327,10274,10242,-1,10327,10242,10295,-1,10328,10276,10296,-1,10329,10277,10245,-1,10329,10245,10297,-1,10330,10278,10298,-1,10331,10279,10247,-1,10331,10247,10299,-1,10332,10280,10300,-1,10333,10281,10249,-1,10333,10249,10301,-1,10334,10282,10302,-1,10335,10283,10303,-1,10336,10284,10252,-1,10336,10252,10304,-1,10337,10285,10305,-1,10338,10339,10307,-1,10338,10307,10306,-1,10340,10255,10308,-1,10340,10287,10255,-1,10341,10256,10309,-1,10341,10288,10256,-1,10342,10289,10310,-1,10343,10290,10258,-1,10343,10258,10311,-1,10344,10291,10259,-1,10344,10323,10291,-1,10344,10259,10312,-1,10345,10260,10313,-1,10345,10324,10292,-1,10345,10292,10260,-1,10346,10261,10314,-1,10346,10325,10293,-1,10346,10293,10261,-1,10347,10294,10262,-1,10347,10262,10315,-1,10348,10263,10316,-1,10348,10327,10295,-1,10348,10295,10263,-1,10349,10296,10264,-1,10349,10264,10317,-1,10350,9046,9045,-1,10350,10265,10318,-1,10350,10318,9046,-1,10350,10297,10265,-1,10351,10266,10319,-1,10351,10298,10266,-1,10352,10299,10267,-1,10352,10267,10320,-1,10353,10300,10321,-1,10354,10301,10269,-1,10354,10269,10322,-1,10355,10302,10270,-1,10355,10270,10323,-1,10356,10271,10324,-1,10356,10303,10271,-1,10357,10304,10325,-1,10358,10337,10305,-1,10358,10305,10273,-1,10358,10273,10326,-1,10359,10306,10274,-1,10359,10274,10327,-1,10360,10276,10328,-1,10360,10308,10276,-1,10361,10309,10277,-1,10361,10277,10329,-1,10362,10310,10278,-1,10362,10278,10330,-1,10363,10279,10331,-1,10363,10311,10279,-1,10364,10312,10280,-1,10364,10280,10332,-1,10365,10281,10333,-1,10365,10345,10313,-1,10365,10313,10281,-1,10366,10314,10282,-1,10366,10346,10314,-1,10366,10282,10334,-1,10367,10315,10283,-1,10367,10283,10335,-1,10368,10284,10336,-1,10368,10316,10284,-1,10369,10285,10337,-1,10369,10317,10285,-1,10369,10349,10317,-1,10370,10371,10372,-1,10370,10372,10339,-1,10370,10339,10338,-1,10373,10287,10340,-1,10373,10319,10287,-1,10374,10288,10341,-1,10374,10320,10288,-1,10375,10321,10289,-1,10375,10289,10342,-1,10376,10290,10343,-1,10376,10322,10290,-1,10377,10323,10344,-1,10378,10324,10345,-1,10379,10325,10346,-1,10380,10294,10347,-1,10380,10326,10294,-1,10381,10327,10348,-1,10382,10296,10349,-1,10382,10328,10296,-1,10383,9045,9042,-1,10383,10297,10350,-1,10383,10350,9045,-1,10383,10361,10329,-1,10383,10329,10297,-1,10384,10330,10298,-1,10384,10298,10351,-1,10385,10299,10352,-1,10385,10331,10299,-1,10386,10332,10300,-1,10386,10300,10353,-1,10386,10364,10332,-1,10387,10333,10301,-1,10387,10301,10354,-1,10388,10302,10355,-1,10388,10334,10302,-1,10389,10335,10303,-1,10389,10303,10356,-1,10390,10304,10357,-1,10390,10336,10304,-1,10391,10337,10358,-1,10392,10338,10306,-1,10392,10306,10359,-1,10393,10340,10308,-1,10393,10308,10360,-1,10393,10373,10340,-1,10394,10341,10309,-1,10394,10309,10361,-1,10395,10375,10342,-1,10395,10342,10310,-1,10395,10310,10362,-1,10396,10343,10311,-1,10396,10311,10363,-1,10397,10312,10364,-1,10397,10344,10312,-1,10398,10345,10365,-1,10399,10346,10366,-1,10400,10315,10367,-1,10400,10347,10315,-1,10401,10316,10368,-1,10401,10348,10316,-1,10402,10349,10369,-1,10403,10404,10371,-1,10403,10371,10370,-1,10405,10351,10319,-1,10405,10319,10373,-1,10405,10384,10351,-1,10406,10320,10374,-1,10406,10352,10320,-1,10407,10321,10375,-1,10407,10353,10321,-1,10407,10386,10353,-1,10408,10322,10376,-1,10408,10354,10322,-1,10409,10323,10377,-1,10409,10355,10323,-1,10409,10388,10355,-1,10410,10324,10378,-1,10410,10356,10324,-1,10410,10389,10356,-1,10411,10357,10325,-1,10411,10325,10379,-1,10412,10326,10380,-1,10412,10358,10326,-1,10413,10327,10381,-1,10413,10392,10359,-1,10413,10359,10327,-1,10414,10360,10328,-1,10414,10328,10382,-1,10415,9042,9041,-1,10415,10361,10383,-1,10415,10383,9042,-1,10416,10362,10330,-1,10416,10330,10384,-1,10417,10331,10385,-1,10417,10363,10331,-1,10418,10364,10386,-1,10419,10333,10387,-1,10419,10365,10333,-1,10420,10334,10388,-1,10420,10366,10334,-1,10421,10367,10335,-1,10421,10335,10389,-1,10422,10336,10390,-1,10422,10368,10336,-1,10423,10369,10337,-1,10423,10337,10391,-1,10423,10402,10369,-1,10424,10338,10392,-1,10424,10370,10338,-1,10425,10373,10393,-1,10426,10341,10394,-1,10426,10374,10341,-1,10426,10406,10374,-1,10427,10375,10395,-1,10428,10343,10396,-1,10428,10376,10343,-1,10429,10377,10344,-1,10429,10344,10397,-1,10430,10378,10345,-1,10430,10345,10398,-1,10431,10379,10346,-1,10431,10346,10399,-1,10432,10347,10400,-1,10432,10412,10380,-1,10432,10380,10347,-1,10433,10381,10348,-1,10433,10348,10401,-1,10434,10349,10402,-1,10434,10382,10349,-1,10434,10414,10382,-1,10435,10404,10403,-1,10436,10384,10405,-1,10437,10352,10406,-1,10437,10385,10352,-1,10438,10386,10407,-1,10439,10354,10408,-1,10439,10387,10354,-1,10440,10388,10409,-1,10441,10389,10410,-1,10442,10422,10390,-1,10442,10357,10411,-1,10442,10390,10357,-1,10443,10358,10412,-1,10443,10391,10358,-1,10444,10392,10413,-1,10445,10393,10360,-1,10445,10360,10414,-1,10446,9041,9039,-1,10446,10361,10415,-1,10446,10394,10361,-1,10446,10415,9041,-1,10447,10362,10416,-1,10447,10395,10362,-1,10448,10363,10417,-1,10448,10396,10363,-1,10449,10397,10364,-1,10449,10364,10418,-1,10450,10398,10365,-1,10450,10365,10419,-1,10451,10399,10366,-1,10451,10431,10399,-1,10451,10366,10420,-1,10452,10400,10367,-1,10452,10367,10421,-1,10453,10368,10422,-1,10453,10401,10368,-1,10454,10402,10423,-1,10455,10370,10424,-1,10455,10403,10370,-1,10456,10405,10373,-1,10456,10373,10425,-1,10457,10406,10426,-1,10458,10375,10427,-1,10458,10407,10375,-1,10459,10408,10376,-1,10459,10376,10428,-1,10460,10409,10377,-1,10460,10377,10429,-1,10461,10378,10430,-1,10461,10410,10378,-1,10462,10411,10379,-1,10462,10379,10431,-1,10463,10412,10432,-1,10464,10413,10381,-1,10464,10381,10433,-1,10465,10414,10434,-1,10466,10467,10404,-1,10466,10404,10435,-1,10468,10416,10384,-1,10468,10384,10436,-1,10469,10417,10385,-1,10469,10385,10437,-1,10470,10418,10386,-1,10470,10386,10438,-1,10471,10387,10439,-1,10471,10419,10387,-1,10472,10388,10440,-1,10472,10420,10388,-1,10473,10389,10441,-1,10473,10421,10389,-1,10474,10453,10422,-1,10474,10422,10442,-1,10475,10423,10391,-1,10475,10454,10423,-1,10475,10391,10443,-1,10476,10392,10444,-1,10476,10424,10392,-1,10477,10425,10393,-1,10477,10393,10445,-1,10478,9036,9035,-1,10478,9039,9036,-1,10478,10394,10446,-1,10478,10446,9039,-1,10478,10457,10426,-1,10478,10426,10394,-1,10479,10395,10447,-1,10479,10427,10395,-1,10480,10396,10448,-1,10480,10428,10396,-1,10481,10429,10397,-1,10481,10397,10449,-1,10482,10398,10450,-1,10482,10430,10398,-1,10483,10431,10451,-1,10484,10400,10452,-1,10484,10432,10400,-1,10485,10401,10453,-1,10485,10433,10401,-1,10486,10434,10402,-1,10486,10402,10454,-1,10487,10403,10455,-1,10487,10435,10403,-1,10488,10436,10405,-1,10488,10405,10456,-1,10489,10406,10457,-1,10489,10437,10406,-1,10490,10438,10407,-1,10490,10470,10438,-1,10490,10407,10458,-1,10491,10439,10408,-1,10491,10408,10459,-1,10492,10440,10409,-1,10492,10409,10460,-1,10493,10441,10410,-1,10493,10410,10461,-1,10494,10411,10462,-1,10494,10442,10411,-1,10495,10412,10463,-1,10495,10443,10412,-1,10495,10475,10443,-1,10496,10444,10413,-1,10496,10413,10464,-1,10497,10477,10445,-1,10497,10414,10465,-1,10497,10445,10414,-1,10498,10499,10467,-1,10498,10467,10466,-1,10500,10416,10468,-1,10500,10447,10416,-1,10501,10417,10469,-1,10501,10448,10417,-1,10502,10481,10449,-1,10502,10449,10418,-1,10502,10418,10470,-1,10503,10450,10419,-1,10503,10419,10471,-1,10503,10482,10450,-1,10504,10451,10420,-1,10504,10420,10472,-1,10505,10421,10473,-1,10505,10452,10421,-1,10506,10453,10474,-1,10507,10454,10475,-1,10508,10424,10476,-1,10508,10455,10424,-1,10508,10487,10455,-1,10509,10488,10456,-1,10509,10425,10477,-1,10509,10456,10425,-1,10510,10457,10478,-1,10510,10478,9035,-1,10511,10427,10479,-1,10511,10458,10427,-1,10512,10428,10480,-1,10512,10459,10428,-1,10513,10460,10429,-1,10513,10429,10481,-1,10514,10430,10482,-1,10514,10461,10430,-1,10515,10462,10431,-1,10515,10431,10483,-1,10516,10463,10432,-1,10516,10432,10484,-1,10517,10433,10485,-1,10517,10464,10433,-1,10518,10434,10486,-1,10518,10465,10434,-1,10519,10435,10487,-1,10519,10466,10435,-1,10520,10468,10436,-1,10520,10436,10488,-1,10521,10437,10489,-1,10521,10469,10437,-1,10521,10501,10469,-1,10522,10470,10490,-1,10523,10439,10491,-1,10523,10471,10439,-1,10524,10440,10492,-1,10524,10472,10440,-1,10525,10473,10441,-1,10525,10441,10493,-1,10526,10474,10442,-1,10526,10442,10494,-1,10527,10475,10495,-1,10528,10444,10496,-1,10528,10476,10444,-1,10529,10477,10497,-1,10530,10531,10499,-1,10530,10499,10498,-1,10532,10447,10500,-1,10532,10479,10447,-1,10533,10480,10448,-1,10533,10448,10501,-1,10534,10481,10502,-1,10535,10482,10503,-1,10536,10483,10451,-1,10536,10451,10504,-1,10537,10516,10484,-1,10537,10452,10505,-1,10537,10484,10452,-1,10538,10517,10485,-1,10538,10453,10506,-1,10538,10485,10453,-1,10539,10454,10507,-1,10539,10486,10454,-1,10540,10487,10508,-1,10541,10488,10509,-1,10542,9033,9031,-1,10542,9035,9033,-1,10542,10510,9035,-1,10542,10521,10489,-1,10542,10489,10457,-1,10542,10457,10510,-1,10543,10490,10458,-1,10543,10458,10511,-1,10544,10459,10512,-1,10544,10523,10491,-1,10544,10491,10459,-1,10545,10492,10460,-1,10545,10460,10513,-1,10546,10493,10461,-1,10546,10461,10514,-1,10547,10526,10494,-1,10547,10494,10462,-1,10547,10462,10515,-1,10548,10463,10516,-1,10548,10495,10463,-1,10549,10464,10517,-1,10549,10496,10464,-1,10550,10497,10465,-1,10550,10529,10497,-1,10550,10465,10518,-1,10551,10466,10519,-1,10551,10498,10466,-1,10552,10532,10500,-1,10552,10500,10468,-1,10552,10468,10520,-1,10553,10501,10521,-1,10554,10502,10470,-1,10554,10470,10522,-1,10555,10503,10471,-1,10555,10471,10523,-1,10556,10472,10524,-1,10556,10504,10472,-1,10557,10473,10525,-1,10557,10505,10473,-1,10558,10474,10526,-1,10558,10506,10474,-1,10559,10507,10475,-1,10559,10539,10507,-1,10559,10475,10527,-1,10560,10508,10476,-1,10560,10476,10528,-1,10561,10477,10529,-1,10561,10509,10477,-1,10562,10563,10531,-1,10562,10531,10530,-1,10564,10479,10532,-1,10564,10511,10479,-1,10565,10480,10533,-1,10565,10512,10480,-1,10566,10513,10481,-1,10566,10545,10513,-1,10566,10481,10534,-1,10567,10482,10535,-1,10567,10546,10514,-1,10567,10514,10482,-1,10568,10515,10483,-1,10568,10483,10536,-1,10569,10516,10537,-1,10570,10517,10538,-1,10571,10486,10539,-1,10571,10550,10518,-1,10571,10518,10486,-1,10572,10519,10487,-1,10572,10487,10540,-1,10573,10520,10488,-1,10573,10488,10541,-1,10574,10542,9031,-1,10574,10521,10542,-1,10575,10490,10543,-1,10575,10522,10490,-1,10576,10523,10544,-1,10577,10492,10545,-1,10577,10524,10492,-1,10578,10493,10546,-1,10578,10525,10493,-1,10579,10526,10547,-1,10580,10495,10548,-1,10580,10527,10495,-1,10581,10496,10549,-1,10581,10528,10496,-1,10582,10529,10550,-1,10583,10498,10551,-1,10583,10530,10498,-1,10584,10564,10532,-1,10584,10532,10552,-1,10585,10501,10553,-1,10585,10533,10501,-1,10585,10565,10533,-1,10586,10534,10502,-1,10586,10502,10554,-1,10586,10566,10534,-1,10587,10535,10503,-1,10587,10503,10555,-1,10588,10504,10556,-1,10588,10568,10536,-1,10588,10536,10504,-1,10589,10537,10505,-1,10589,10505,10557,-1,10590,10506,10558,-1,10590,10538,10506,-1,10591,10539,10559,-1,10592,10508,10560,-1,10592,10540,10508,-1,10593,10509,10561,-1,10593,10541,10509,-1,10594,10595,10596,-1,10594,10596,10563,-1,10594,10563,10562,-1,10597,10543,10511,-1,10597,10511,10564,-1,10598,10544,10512,-1,10598,10512,10565,-1,10599,10545,10566,-1,10600,10546,10567,-1,10601,10547,10515,-1,10601,10515,10568,-1,10602,10516,10569,-1,10602,10580,10548,-1,10602,10548,10516,-1,10603,10549,10517,-1,10603,10517,10570,-1,10604,10550,10571,-1,10605,10551,10519,-1,10605,10519,10572,-1,10606,10520,10573,-1,10606,10552,10520,-1,10607,9031,9028,-1,10607,10574,9031,-1,10607,10553,10521,-1,10607,10585,10553,-1,10607,10521,10574,-1,10608,10522,10575,-1,10608,10554,10522,-1,10609,10523,10576,-1,10609,10555,10523,-1,10610,10556,10524,-1,10610,10524,10577,-1,10611,10525,10578,-1,10611,10557,10525,-1,10612,10526,10579,-1,10612,10558,10526,-1,10613,10559,10527,-1,10613,10527,10580,-1,10614,10528,10581,-1,10614,10560,10528,-1,10615,10529,10582,-1,10615,10561,10529,-1,10615,10593,10561,-1,10616,10530,10583,-1,10616,10562,10530,-1,10617,10564,10584,-1,10618,10565,10585,-1,10619,10566,10586,-1,10620,10567,10535,-1,10620,10535,10587,-1,10621,10568,10588,-1,10622,10569,10537,-1,10622,10537,10589,-1,10623,10538,10590,-1,10623,10570,10538,-1,10624,10571,10539,-1,10624,10539,10591,-1,10625,10540,10592,-1,10625,10572,10540,-1,10626,10541,10593,-1,10626,10573,10541,-1,10626,10606,10573,-1,10627,10595,10594,-1,10628,10575,10543,-1,10628,10543,10597,-1,10629,10576,10544,-1,10629,10544,10598,-1,10630,10577,10545,-1,10630,10545,10599,-1,10631,10546,10600,-1,10631,10578,10546,-1,10632,10547,10601,-1,10632,10579,10547,-1,10633,10580,10602,-1,10634,10549,10603,-1,10634,10581,10549,-1,10635,10550,10604,-1,10635,10582,10550,-1,10636,10616,10583,-1,10636,10583,10551,-1,10636,10551,10605,-1,10637,10584,10552,-1,10637,10552,10606,-1,10638,9027,9025,-1,10638,9028,9027,-1,10638,10585,10607,-1,10638,10607,9028,-1,10639,10554,10608,-1,10639,10586,10554,-1,10640,10555,10609,-1,10640,10587,10555,-1,10641,10588,10556,-1,10641,10556,10610,-1,10641,10621,10588,-1,10642,10557,10611,-1,10642,10589,10557,-1,10643,10590,10558,-1,10643,10558,10612,-1,10644,10591,10559,-1,10644,10559,10613,-1,10645,10560,10614,-1,10645,10592,10560,-1,10646,10593,10615,-1,10647,10562,10616,-1,10647,10594,10562,-1,10648,10628,10597,-1,10648,10564,10617,-1,10648,10597,10564,-1,10649,10565,10618,-1,10649,10598,10565,-1,10650,10630,10599,-1,10650,10566,10619,-1,10650,10599,10566,-1,10651,10567,10620,-1,10651,10600,10567,-1,10651,10631,10600,-1,10652,10632,10601,-1,10652,10568,10621,-1,10652,10601,10568,-1,10653,10569,10622,-1,10653,10602,10569,-1,10654,10603,10570,-1,10654,10570,10623,-1,10655,10571,10624,-1,10655,10604,10571,-1,10656,10572,10625,-1,10656,10605,10572,-1,10657,10606,10626,-1,10658,10659,10595,-1,10658,10595,10627,-1,10660,10608,10575,-1,10660,10575,10628,-1,10661,10576,10629,-1,10661,10609,10576,-1,10662,10641,10610,-1,10662,10577,10630,-1,10662,10610,10577,-1,10663,10578,10631,-1,10663,10611,10578,-1,10664,10612,10579,-1,10664,10579,10632,-1,10664,10643,10612,-1,10665,10613,10580,-1,10665,10644,10613,-1,10665,10580,10633,-1,10666,10645,10614,-1,10666,10614,10581,-1,10666,10581,10634,-1,10667,10582,10635,-1,10667,10615,10582,-1,10667,10646,10615,-1,10668,10616,10636,-1,10669,10617,10584,-1,10669,10584,10637,-1,10669,10648,10617,-1,10670,10638,9025,-1,10670,10585,10638,-1,10670,10618,10585,-1,10671,10619,10586,-1,10671,10586,10639,-1,10672,10620,10587,-1,10672,10651,10620,-1,10672,10587,10640,-1,10673,10621,10641,-1,10674,10653,10622,-1,10674,10622,10589,-1,10674,10589,10642,-1,10675,10590,10643,-1,10675,10623,10590,-1,10676,10624,10591,-1,10676,10591,10644,-1,10677,10592,10645,-1,10677,10625,10592,-1,10678,10626,10593,-1,10678,10593,10646,-1,10679,10627,10594,-1,10679,10594,10647,-1,10680,10628,10648,-1,10681,10661,10629,-1,10681,10629,10598,-1,10681,10598,10649,-1,10682,10630,10650,-1,10683,10631,10651,-1,10684,10632,10652,-1,10685,10633,10602,-1,10685,10602,10653,-1,10686,10634,10603,-1,10686,10603,10654,-1,10687,10635,10604,-1,10687,10604,10655,-1,10688,10605,10656,-1,10688,10636,10605,-1,10689,10637,10606,-1,10689,10606,10657,-1,10690,10691,10692,-1,10690,10692,10659,-1,10690,10659,10658,-1,10693,10639,10608,-1,10693,10608,10660,-1,10693,10671,10639,-1,10694,10640,10609,-1,10694,10609,10661,-1,10695,10641,10662,-1,10696,10642,10611,-1,10696,10674,10642,-1,10696,10611,10663,-1,10697,10643,10664,-1,10698,10644,10665,-1,10699,10645,10666,-1,10700,10646,10667,-1,10701,10647,10616,-1,10701,10616,10668,-1,10701,10679,10647,-1,10702,10648,10669,-1,10703,9025,9023,-1,10703,10649,10618,-1,10703,10618,10670,-1,10703,10670,9025,-1,10703,10681,10649,-1,10704,10619,10671,-1,10704,10650,10619,-1,10705,10651,10672,-1,10706,10621,10673,-1,10706,10684,10652,-1,10706,10652,10621,-1,10707,10653,10674,-1,10708,10654,10623,-1,10708,10623,10675,-1,10709,10624,10676,-1,10709,10655,10624,-1,10710,10656,10625,-1,10710,10625,10677,-1,10711,10626,10678,-1,10711,10657,10626,-1,10712,10658,10627,-1,10712,10627,10679,-1,10713,10660,10628,-1,10713,10628,10680,-1,10714,10661,10681,-1,10714,10694,10661,-1,10715,10662,10630,-1,10715,10630,10682,-1,10715,10695,10662,-1,10716,10663,10631,-1,10716,10631,10683,-1,10717,10664,10632,-1,10717,10632,10684,-1,10718,10633,10685,-1,10718,10665,10633,-1,10718,10698,10665,-1,10719,10666,10634,-1,10719,10634,10686,-1,10720,10635,10687,-1,10720,10667,10635,-1,10721,10636,10688,-1,10721,10668,10636,-1,10722,10637,10689,-1,10722,10669,10637,-1,10723,10691,10690,-1,10724,10704,10671,-1,10724,10671,10693,-1,10725,10640,10694,-1,10725,10672,10640,-1,10726,10641,10695,-1,10726,10673,10641,-1,10727,10674,10696,-1,10728,10643,10697,-1,10728,10675,10643,-1,10729,10676,10644,-1,10729,10644,10698,-1,10730,10645,10699,-1,10730,10677,10645,-1,10731,10646,10700,-1,10731,10678,10646,-1,10732,10679,10701,-1,10732,10712,10679,-1,10733,10680,10648,-1,10733,10648,10702,-1,10734,9023,9021,-1,10734,10703,9023,-1,10734,10681,10703,-1,10734,9021,9019,-1,10735,10650,10704,-1,10735,10682,10650,-1,10736,10683,10651,-1,10736,10651,10705,-1,10737,10684,10706,-1,10738,10653,10707,-1,10738,10718,10685,-1,10738,10685,10653,-1,10739,10686,10654,-1,10739,10654,10708,-1,10739,10719,10686,-1,10740,10720,10687,-1,10740,10687,10655,-1,10740,10655,10709,-1,10741,10656,10710,-1,10741,10721,10688,-1,10741,10688,10656,-1,10742,10657,10711,-1,10742,10689,10657,-1,10743,10658,10712,-1,10743,10690,10658,-1,10744,10693,10660,-1,10744,10660,10713,-1,10745,10694,10714,-1,10746,10726,10695,-1,10746,10695,10715,-1,10747,10696,10663,-1,10747,10663,10716,-1,10748,10728,10697,-1,10748,10697,10664,-1,10748,10664,10717,-1,10749,10698,10718,-1,10750,10666,10719,-1,10750,10699,10666,-1,10751,10667,10720,-1,10751,10700,10667,-1,10752,10701,10668,-1,10752,10668,10721,-1,10753,10733,10702,-1,10753,10669,10722,-1,10753,10702,10669,-1,10754,10755,10691,-1,10754,10691,10723,-1,10756,10704,10724,-1,10756,10735,10704,-1,10757,10705,10672,-1,10757,10672,10725,-1,10758,10706,10673,-1,10758,10673,10726,-1,10759,10674,10727,-1,10759,10707,10674,-1,10759,10738,10707,-1,10760,10675,10728,-1,10760,10708,10675,-1,10761,10676,10729,-1,10761,10709,10676,-1,10762,10710,10677,-1,10762,10677,10730,-1,10763,10678,10731,-1,10763,10711,10678,-1,10764,10712,10732,-1,10765,10744,10713,-1,10765,10680,10733,-1,10765,10713,10680,-1,10766,10681,10734,-1,10766,10734,9019,-1,10766,10745,10714,-1,10766,10714,10681,-1,10767,10682,10735,-1,10767,10715,10682,-1,10768,10716,10683,-1,10768,10683,10736,-1,10769,10717,10684,-1,10769,10748,10717,-1,10769,10684,10737,-1,10770,10718,10738,-1,10771,10750,10719,-1,10771,10719,10739,-1,10772,10720,10740,-1,10773,10721,10741,-1,10774,10722,10689,-1,10774,10689,10742,-1,10775,10723,10690,-1,10775,10690,10743,-1,10776,10724,10693,-1,10776,10693,10744,-1,10777,10694,10745,-1,10777,10725,10694,-1,10777,10757,10725,-1,10778,10726,10746,-1,10779,10696,10747,-1,10779,10727,10696,-1,10779,10759,10727,-1,10780,10728,10748,-1,10781,10729,10698,-1,10781,10698,10749,-1,10782,10730,10699,-1,10782,10699,10750,-1,10783,10763,10731,-1,10783,10700,10751,-1,10783,10731,10700,-1,10784,10701,10752,-1,10784,10732,10701,-1,10785,10733,10753,-1,10786,10787,10755,-1,10786,10755,10754,-1,10788,10767,10735,-1,10788,10735,10756,-1,10789,10705,10757,-1,10789,10736,10705,-1,10790,10737,10706,-1,10790,10706,10758,-1,10791,10738,10759,-1,10792,10739,10708,-1,10792,10708,10760,-1,10793,10709,10761,-1,10793,10740,10709,-1,10794,10741,10710,-1,10794,10710,10762,-1,10795,10742,10711,-1,10795,10711,10763,-1,10796,10743,10712,-1,10796,10712,10764,-1,10797,10744,10765,-1,10798,10745,10766,-1,10798,10766,9019,-1,10798,9019,9017,-1,10799,10746,10715,-1,10799,10715,10767,-1,10800,10779,10747,-1,10800,10747,10716,-1,10800,10716,10768,-1,10801,10748,10769,-1,10802,10749,10718,-1,10802,10781,10749,-1,10802,10718,10770,-1,10803,10750,10771,-1,10804,10720,10772,-1,10804,10751,10720,-1,10805,10721,10773,-1,10805,10752,10721,-1,10806,10722,10774,-1,10806,10753,10722,-1,10807,10723,10775,-1,10807,10754,10723,-1,10808,10724,10776,-1,10808,10756,10724,-1,10809,10757,10777,-1,10810,10726,10778,-1,10810,10790,10758,-1,10810,10758,10726,-1,10811,10759,10779,-1,10812,10760,10728,-1,10812,10728,10780,-1,10813,10761,10729,-1,10813,10729,10781,-1,10814,10794,10762,-1,10814,10730,10782,-1,10814,10762,10730,-1,10815,10763,10783,-1,10816,10764,10732,-1,10816,10732,10784,-1,10817,10765,10733,-1,10817,10733,10785,-1,10818,10819,10787,-1,10818,10787,10786,-1,10820,10767,10788,-1,10820,10799,10767,-1,10821,10736,10789,-1,10821,10768,10736,-1,10822,10801,10769,-1,10822,10769,10737,-1,10822,10737,10790,-1,10823,10738,10791,-1,10823,10802,10770,-1,10823,10770,10738,-1,10824,10739,10792,-1,10824,10771,10739,-1,10824,10803,10771,-1,10825,10740,10793,-1,10825,10772,10740,-1,10826,10773,10741,-1,10826,10741,10794,-1,10827,10774,10742,-1,10827,10806,10774,-1,10827,10742,10795,-1,10828,10775,10743,-1,10828,10743,10796,-1,10829,10744,10797,-1,10829,10776,10744,-1,10830,10777,10745,-1,10830,10798,9017,-1,10830,10745,10798,-1,10830,9015,9012,-1,10830,9017,9015,-1,10831,10746,10799,-1,10831,10778,10746,-1,10832,10779,10800,-1,10833,10780,10748,-1,10833,10748,10801,-1,10833,10812,10780,-1,10834,10781,10802,-1,10835,10750,10803,-1,10835,10782,10750,-1,10836,10783,10751,-1,10836,10751,10804,-1,10836,10815,10783,-1,10837,10816,10784,-1,10837,10752,10805,-1,10837,10784,10752,-1,10838,10785,10753,-1,10838,10753,10806,-1,10839,10786,10754,-1,10839,10754,10807,-1,10840,10756,10808,-1,10840,10788,10756,-1,10841,10789,10757,-1,10841,10757,10809,-1,10841,10821,10789,-1,10842,10790,10810,-1,10843,10759,10811,-1,10843,10823,10791,-1,10843,10791,10759,-1,10844,10824,10792,-1,10844,10792,10760,-1,10844,10760,10812,-1,10845,10793,10761,-1,10845,10761,10813,-1,10846,10794,10814,-1,10847,10795,10763,-1,10847,10763,10815,-1,10848,10796,10764,-1,10848,10764,10816,-1,10849,10765,10817,-1,10849,10797,10765,-1,10850,10851,10852,-1,10850,10852,10819,-1,10850,10819,10818,-1,10853,10799,10820,-1,10854,10768,10821,-1,10854,10800,10768,-1,10855,10801,10822,-1,10856,10802,10823,-1,10857,10803,10824,-1,10858,10772,10825,-1,10858,10804,10772,-1,10859,10837,10805,-1,10859,10805,10773,-1,10859,10773,10826,-1,10860,10806,10827,-1,10861,10839,10807,-1,10861,10807,10775,-1,10861,10775,10828,-1,10862,10808,10776,-1,10862,10776,10829,-1,10863,10830,9012,-1,10863,10841,10809,-1,10863,10809,10777,-1,10863,10777,10830,-1,10864,10778,10831,-1,10864,10810,10778,-1,10865,10779,10832,-1,10865,10843,10811,-1,10865,10811,10779,-1,10866,10812,10833,-1,10867,10813,10781,-1,10867,10781,10834,-1,10868,10782,10835,-1,10868,10814,10782,-1,10869,10815,10836,-1,10870,10816,10837,-1,10871,10785,10838,-1,10871,10817,10785,-1,10872,10818,10786,-1,10872,10786,10839,-1,10873,10788,10840,-1,10873,10820,10788,-1,10874,10821,10841,-1,10875,10790,10842,-1,10875,10822,10790,-1,10876,10823,10843,-1,10877,10824,10844,-1,10878,10793,10845,-1,10878,10825,10793,-1,10879,10826,10794,-1,10879,10794,10846,-1,10880,10827,10795,-1,10880,10795,10847,-1,10881,10828,10796,-1,10881,10796,10848,-1,10882,10829,10797,-1,10882,10797,10849,-1,10882,10862,10829,-1,10883,10851,10850,-1,10884,10799,10853,-1,10884,10831,10799,-1,10885,10832,10800,-1,10885,10800,10854,-1,10886,10833,10801,-1,10886,10801,10855,-1,10887,10802,10856,-1,10887,10834,10802,-1,10888,10835,10803,-1,10888,10803,10857,-1,10889,10836,10804,-1,10889,10804,10858,-1,10890,10837,10859,-1,10891,10806,10860,-1,10891,10838,10806,-1,10892,10839,10861,-1,10893,10808,10862,-1,10893,10873,10840,-1,10893,10840,10808,-1,10894,10841,10863,-1,10894,10863,9012,-1,10894,9012,9010,-1,10895,10810,10864,-1,10895,10842,10810,-1,10896,10843,10865,-1,10897,10812,10866,-1,10897,10844,10812,-1,10898,10845,10813,-1,10898,10813,10867,-1,10899,10846,10814,-1,10899,10814,10868,-1,10900,10880,10847,-1,10900,10847,10815,-1,10900,10815,10869,-1,10901,10881,10848,-1,10901,10848,10816,-1,10901,10816,10870,-1,10902,10849,10817,-1,10902,10817,10871,-1,10902,10882,10849,-1,10903,10818,10872,-1,10903,10850,10818,-1,10904,10820,10873,-1,10904,10884,10853,-1,10904,10853,10820,-1,10905,10821,10874,-1,10905,10854,10821,-1,10905,10885,10854,-1,10906,10855,10822,-1,10906,10886,10855,-1,10906,10822,10875,-1,10907,10887,10856,-1,10907,10856,10823,-1,10907,10823,10876,-1,10908,10824,10877,-1,10908,10888,10857,-1,10908,10857,10824,-1,10909,10858,10825,-1,10909,10825,10878,-1,10910,10859,10826,-1,10910,10826,10879,-1,10911,10827,10880,-1,10911,10860,10827,-1,10912,10828,10881,-1,10912,10861,10828,-1,10913,10862,10882,-1,10914,10915,10851,-1,10914,10851,10883,-1,10916,10864,10831,-1,10916,10831,10884,-1,10917,10865,10832,-1,10917,10832,10885,-1,10918,10866,10833,-1,10918,10833,10886,-1,10919,10834,10887,-1,10919,10867,10834,-1,10920,10835,10888,-1,10920,10868,10835,-1,10921,10869,10836,-1,10921,10836,10889,-1,10922,10870,10837,-1,10922,10837,10890,-1,10923,10871,10838,-1,10923,10838,10891,-1,10924,10872,10839,-1,10924,10839,10892,-1,10925,10873,10893,-1,10926,10894,9010,-1,10926,10841,10894,-1,10926,10905,10874,-1,10926,10874,10841,-1,10926,9010,9009,-1,10927,10875,10842,-1,10927,10842,10895,-1,10927,10906,10875,-1,10928,10843,10896,-1,10928,10876,10843,-1,10929,10844,10897,-1,10929,10877,10844,-1,10929,10908,10877,-1,10930,10878,10845,-1,10930,10845,10898,-1,10931,10879,10846,-1,10931,10846,10899,-1,10932,10880,10900,-1,10933,10881,10901,-1,10934,10913,10882,-1,10934,10882,10902,-1,10935,10850,10903,-1,10935,10883,10850,-1,10936,10884,10904,-1,10937,10885,10905,-1,10938,10886,10906,-1,10938,10918,10886,-1,10939,10887,10907,-1,10940,10888,10908,-1,10941,10921,10889,-1,10941,10889,10858,-1,10941,10858,10909,-1,10942,10890,10859,-1,10942,10859,10910,-1,10942,10922,10890,-1,10943,10860,10911,-1,10943,10891,10860,-1,10944,10892,10861,-1,10944,10861,10912,-1,10945,10893,10862,-1,10945,10862,10913,-1,10946,10947,10915,-1,10946,10915,10914,-1,10948,10864,10916,-1,10948,10895,10864,-1,10949,10896,10865,-1,10949,10865,10917,-1,10950,10866,10918,-1,10950,10897,10866,-1,10951,10867,10919,-1,10951,10898,10867,-1,10951,10930,10898,-1,10952,10899,10868,-1,10952,10931,10899,-1,10952,10868,10920,-1,10953,10869,10921,-1,10953,10900,10869,-1,10954,10870,10922,-1,10954,10901,10870,-1,10955,10934,10902,-1,10955,10902,10871,-1,10955,10871,10923,-1,10956,10872,10924,-1,10956,10935,10903,-1,10956,10903,10872,-1,10957,10904,10873,-1,10957,10873,10925,-1,10958,10905,10926,-1,10958,9007,9005,-1,10958,9009,9007,-1,10958,10926,9009,-1,10959,10906,10927,-1,10960,10876,10928,-1,10960,10907,10876,-1,10961,10908,10929,-1,10962,10878,10930,-1,10962,10909,10878,-1,10963,10879,10931,-1,10963,10942,10910,-1,10963,10910,10879,-1,10964,10880,10932,-1,10964,10911,10880,-1,10965,10912,10881,-1,10965,10881,10933,-1,10966,10913,10934,-1,10966,10945,10913,-1,10967,10914,10883,-1,10967,10946,10914,-1,10967,10883,10935,-1,10968,10884,10936,-1,10968,10916,10884,-1,10968,10948,10916,-1,10969,10949,10917,-1,10969,10917,10885,-1,10969,10885,10937,-1,10970,10918,10938,-1,10971,10919,10887,-1,10971,10887,10939,-1,10971,10951,10919,-1,10972,10888,10940,-1,10972,10920,10888,-1,10972,10952,10920,-1,10973,10921,10941,-1,10974,10922,10942,-1,10975,10891,10943,-1,10975,10923,10891,-1,10976,10924,10892,-1,10976,10892,10944,-1,10977,10893,10945,-1,10977,10925,10893,-1,10977,10957,10925,-1,10978,10979,10947,-1,10978,10947,10946,-1,10980,10927,10895,-1,10980,10895,10948,-1,10981,10928,10896,-1,10981,10896,10949,-1,10982,10897,10950,-1,10982,10929,10897,-1,10983,10930,10951,-1,10984,10931,10952,-1,10985,10932,10900,-1,10985,10900,10953,-1,10986,10901,10954,-1,10986,10933,10901,-1,10987,10934,10955,-1,10988,10935,10956,-1,10989,10936,10904,-1,10989,10904,10957,-1,10990,10969,10937,-1,10990,10937,10905,-1,10990,10958,9005,-1,10990,10905,10958,-1,10991,10938,10906,-1,10991,10906,10959,-1,10992,10907,10960,-1,10992,10939,10907,-1,10993,10940,10908,-1,10993,10908,10961,-1,10994,10909,10962,-1,10994,10941,10909,-1,10995,10942,10963,-1,10996,10911,10964,-1,10996,10943,10911,-1,10997,10912,10965,-1,10997,10944,10912,-1,10998,10945,10966,-1,10999,10978,10946,-1,10999,10946,10967,-1,11000,10948,10968,-1,11001,10949,10969,-1,11002,10950,10918,-1,11002,10918,10970,-1,11002,10982,10950,-1,11003,10951,10971,-1,11004,10952,10972,-1,11005,10921,10973,-1,11005,10953,10921,-1,11006,10954,10922,-1,11006,10922,10974,-1,11007,10923,10975,-1,11007,10955,10923,-1,11008,10924,10976,-1,11008,10956,10924,-1,11009,10957,10977,-1,11010,10979,10978,-1,11010,11011,10979,-1,11012,10927,10980,-1,11012,10959,10927,-1,11013,10928,10981,-1,11013,10960,10928,-1,11014,10961,10929,-1,11014,10929,10982,-1,11015,10962,10930,-1,11015,10930,10983,-1,11016,10963,10931,-1,11016,10995,10963,-1,11016,10931,10984,-1,11017,10932,10985,-1,11017,10964,10932,-1,11018,10965,10933,-1,11018,10933,10986,-1,11019,10934,10987,-1,11019,10966,10934,-1,11019,10998,10966,-1,11020,10967,10935,-1,11020,10935,10988,-1,11021,10968,10936,-1,11021,10936,10989,-1,11022,10969,10990,-1,11022,10990,9005,-1,11022,9003,9001,-1,11022,9005,9003,-1,11023,10938,10991,-1,11023,10970,10938,-1,11024,10971,10939,-1,11024,10939,10992,-1,11025,10940,10993,-1,11025,11004,10972,-1,11025,10972,10940,-1,11026,10973,10941,-1,11026,10941,10994,-1,11027,10942,10995,-1,11027,10974,10942,-1,11028,11007,10975,-1,11028,10975,10943,-1,11028,10943,10996,-1,11029,10976,10944,-1,11029,10944,10997,-1,11030,11009,10977,-1,11030,10945,10998,-1,11030,10977,10945,-1,11031,10978,10999,-1,11032,11012,10980,-1,11032,10980,10948,-1,11032,10948,11000,-1,11033,10949,11001,-1,11033,10981,10949,-1,11033,11013,10981,-1,11034,10982,11002,-1,11034,11014,10982,-1,11035,10951,11003,-1,11035,10983,10951,-1,11036,11016,10984,-1,11036,10984,10952,-1,11036,10952,11004,-1,11037,10985,10953,-1,11037,11017,10985,-1,11037,10953,11005,-1,11038,10986,10954,-1,11038,10954,11006,-1,11039,11019,10987,-1,11039,10987,10955,-1,11039,10955,11007,-1,11040,10988,10956,-1,11040,10956,11008,-1,11041,11021,10989,-1,11041,10957,11009,-1,11041,10989,10957,-1,11042,11011,11010,-1,11042,11043,11011,-1,11044,10959,11012,-1,11044,10991,10959,-1,11045,10992,10960,-1,11045,10960,11013,-1,11046,10961,11014,-1,11046,10993,10961,-1,11047,11026,10994,-1,11047,10962,11015,-1,11047,10994,10962,-1,11048,11027,10995,-1,11048,10995,11016,-1,11049,10964,11017,-1,11049,10996,10964,-1,11050,10997,10965,-1,11050,10965,11018,-1,11051,10998,11019,-1,11052,10967,11020,-1,11052,10999,10967,-1,11053,11000,10968,-1,11053,10968,11021,-1,11054,11001,10969,-1,11054,11033,11001,-1,11054,10969,11022,-1,11054,11022,9001,-1,11055,11002,10970,-1,11055,10970,11023,-1,11056,10971,11024,-1,11056,11003,10971,-1,11057,11004,11025,-1,11057,11036,11004,-1,11058,11005,10973,-1,11058,10973,11026,-1,11059,11006,10974,-1,11059,10974,11027,-1,11060,11007,11028,-1,11061,11008,10976,-1,11061,10976,11029,-1,11062,11009,11030,-1,11063,11010,10978,-1,11063,11042,11010,-1,11063,10978,11031,-1,11064,11012,11032,-1,11065,11045,11013,-1,11065,11013,11033,-1,11066,11014,11034,-1,11067,11047,11015,-1,11067,10983,11035,-1,11067,11015,10983,-1,11068,11016,11036,-1,11069,11017,11037,-1,11069,11049,11017,-1,11070,10986,11038,-1,11070,11018,10986,-1,11071,11019,11039,-1,11072,11020,10988,-1,11072,11052,11020,-1,11072,10988,11040,-1,11073,11021,11041,-1,11073,11053,11021,-1,11074,11043,11042,-1,11074,11075,11043,-1,11076,10991,11044,-1,11076,11023,10991,-1,11077,10992,11045,-1,11077,11024,10992,-1,11078,10993,11046,-1,11078,11025,10993,-1,11079,11026,11047,-1,11080,11027,11048,-1,11081,11028,10996,-1,11081,11060,11028,-1,11081,10996,11049,-1,11082,10997,11050,-1,11082,11061,11029,-1,11082,11029,10997,-1,11083,11030,10998,-1,11083,10998,11051,-1,11083,11062,11030,-1,11084,10999,11052,-1,11084,11031,10999,-1,11085,11000,11053,-1,11085,11064,11032,-1,11085,11032,11000,-1,11086,11033,11054,-1,11086,11054,9001,-1,11086,8999,8997,-1,11086,9001,8999,-1,11087,11002,11055,-1,11087,11034,11002,-1,11087,11066,11034,-1,11088,11035,11003,-1,11088,11003,11056,-1,11089,11036,11057,-1,11090,11069,11037,-1,11090,11005,11058,-1,11090,11037,11005,-1,11091,11006,11059,-1,11091,11038,11006,-1,11092,11007,11060,-1,11092,11039,11007,-1,11092,11071,11039,-1,11093,11072,11040,-1,11093,11040,11008,-1,11093,11008,11061,-1,11094,11009,11062,-1,11094,11041,11009,-1,11095,11042,11063,-1,11096,11044,11012,-1,11096,11076,11044,-1,11096,11012,11064,-1,11097,11045,11065,-1,11098,11014,11066,-1,11098,11046,11014,-1,11099,11047,11067,-1,11100,11016,11068,-1,11100,11048,11016,-1,11101,11049,11069,-1,11102,11018,11070,-1,11102,11050,11018,-1,11103,11051,11019,-1,11103,11019,11071,-1,11104,11084,11052,-1,11104,11052,11072,-1,11105,11053,11073,-1,11106,11075,11074,-1,11106,11107,11075,-1,11108,11055,11023,-1,11108,11023,11076,-1,11109,11024,11077,-1,11109,11056,11024,-1,11110,11025,11078,-1,11110,11089,11057,-1,11110,11057,11025,-1,11111,11090,11058,-1,11111,11026,11079,-1,11111,11058,11026,-1,11112,11059,11027,-1,11112,11027,11080,-1,11113,11060,11081,-1,11114,11061,11082,-1,11115,11062,11083,-1,11116,11063,11031,-1,11116,11031,11084,-1,11117,11064,11085,-1,11118,11086,8997,-1,11118,11065,11033,-1,11118,11033,11086,-1,11119,11066,11087,-1,11120,11067,11035,-1,11120,11035,11088,-1,11121,11068,11036,-1,11121,11100,11068,-1,11121,11036,11089,-1,11122,11069,11090,-1,11123,11070,11038,-1,11123,11038,11091,-1,11123,11102,11070,-1,11124,11071,11092,-1,11125,11072,11093,-1,11126,11073,11041,-1,11126,11041,11094,-1,11127,11042,11095,-1,11127,11074,11042,-1,11128,11076,11096,-1,11129,11077,11045,-1,11129,11045,11097,-1,11130,11078,11046,-1,11130,11046,11098,-1,11131,11047,11099,-1,11131,11079,11047,-1,11132,11080,11048,-1,11132,11048,11100,-1,11133,11081,11049,-1,11133,11049,11101,-1,11134,11050,11102,-1,11134,11082,11050,-1,11135,11083,11051,-1,11135,11051,11103,-1,11136,11084,11104,-1,11137,11117,11085,-1,11137,11085,11053,-1,11137,11053,11105,-1,11138,11107,11106,-1,11138,11139,11107,-1,11140,11055,11108,-1,11140,11087,11055,-1,11141,11056,11109,-1,11141,11088,11056,-1,11142,11089,11110,-1,11143,11090,11111,-1,11144,11059,11112,-1,11144,11091,11059,-1,11145,11124,11092,-1,11145,11060,11113,-1,11145,11092,11060,-1,11146,11061,11114,-1,11146,11093,11061,-1,11147,11062,11115,-1,11147,11094,11062,-1,11148,11063,11116,-1,11148,11095,11063,-1,11149,11064,11117,-1,11149,11096,11064,-1,11150,11097,11065,-1,11150,11118,8997,-1,11150,8997,8994,-1,11150,11065,11118,-1,11151,11066,11119,-1,11151,11098,11066,-1,11151,11130,11098,-1,11152,11067,11120,-1,11152,11099,11067,-1,11152,11131,11099,-1,11153,11100,11121,-1,11154,11101,11069,-1,11154,11069,11122,-1,11155,11102,11123,-1,11156,11071,11124,-1,11156,11103,11071,-1,11157,11104,11072,-1,11157,11072,11125,-1,11158,11105,11073,-1,11158,11073,11126,-1,11159,11074,11127,-1,11159,11106,11074,-1,11160,11140,11108,-1,11160,11076,11128,-1,11160,11108,11076,-1,11161,11077,11129,-1,11161,11141,11109,-1,11161,11109,11077,-1,11162,11078,11130,-1,11162,11110,11078,-1,11163,11079,11131,-1,11163,11111,11079,-1,11164,11080,11132,-1,11164,11112,11080,-1,11165,11081,11133,-1,11165,11113,11081,-1,11165,11145,11113,-1,11166,11114,11082,-1,11166,11082,11134,-1,11167,11083,11135,-1,11167,11115,11083,-1,11168,11148,11116,-1,11168,11116,11084,-1,11168,11084,11136,-1,11169,11117,11137,-1,11170,11139,11138,-1,11170,11171,11139,-1,11172,11119,11087,-1,11172,11087,11140,-1,11173,11120,11088,-1,11173,11088,11141,-1,11174,11089,11142,-1,11174,11121,11089,-1,11175,11090,11143,-1,11175,11122,11090,-1,11176,11091,11144,-1,11176,11123,11091,-1,11176,11155,11123,-1,11177,11124,11145,-1,11178,11157,11125,-1,11178,11093,11146,-1,11178,11125,11093,-1,11179,11094,11147,-1,11179,11126,11094,-1,11180,11095,11148,-1,11180,11127,11095,-1,11181,11096,11149,-1,11181,11128,11096,-1,11182,11150,8994,-1,11182,11097,11150,-1,11182,11161,11129,-1,11182,8993,8991,-1,11182,8994,8993,-1,11182,11129,11097,-1,11183,11130,11151,-1,11184,11131,11152,-1,11185,11100,11153,-1,11185,11132,11100,-1,11186,11133,11101,-1,11186,11101,11154,-1,11187,11166,11134,-1,11187,11134,11102,-1,11187,11102,11155,-1,11188,11135,11103,-1,11188,11167,11135,-1,11188,11103,11156,-1,11189,11136,11104,-1,11189,11104,11157,-1,11190,11137,11105,-1,11190,11105,11158,-1,11191,11106,11159,-1,11191,11170,11138,-1,11191,11138,11106,-1,11192,11140,11160,-1,11192,11172,11140,-1,11193,11141,11161,-1,11194,11110,11162,-1,11194,11142,11110,-1,11195,11143,11111,-1,11195,11111,11163,-1,11196,11144,11112,-1,11196,11112,11164,-1,11197,11145,11165,-1,11198,11146,11114,-1,11198,11114,11166,-1,11199,11115,11167,-1,11199,11147,11115,-1,11200,11148,11168,-1,11201,11149,11117,-1,11201,11117,11169,-1,11202,11171,11170,-1,11202,11203,11171,-1,11204,11119,11172,-1,11204,11151,11119,-1,11204,11183,11151,-1,11205,11152,11120,-1,11205,11120,11173,-1,11206,11153,11121,-1,11206,11121,11174,-1,11207,11154,11122,-1,11207,11122,11175,-1,11208,11155,11176,-1,11209,11124,11177,-1,11209,11156,11124,-1,11210,11189,11157,-1,11210,11157,11178,-1,11211,11126,11179,-1,11211,11158,11126,-1,11212,11159,11127,-1,11212,11127,11180,-1,11213,11128,11181,-1,11213,11160,11128,-1,11214,11182,8991,-1,11214,11161,11182,-1,11215,11162,11130,-1,11215,11130,11183,-1,11215,11194,11162,-1,11216,11163,11131,-1,11216,11131,11184,-1,11217,11132,11185,-1,11217,11196,11164,-1,11217,11164,11132,-1,11218,11165,11133,-1,11218,11133,11186,-1,11219,11166,11187,-1,11219,11198,11166,-1,11220,11199,11167,-1,11220,11167,11188,-1,11221,11168,11136,-1,11221,11136,11189,-1,11222,11137,11190,-1,11222,11169,11137,-1,11223,11170,11191,-1,11224,11172,11192,-1,11225,11141,11193,-1,11225,11173,11141,-1,11226,11174,11142,-1,11226,11142,11194,-1,11227,11143,11195,-1,11227,11175,11143,-1,11228,11144,11196,-1,11228,11176,11144,-1,11229,11177,11145,-1,11229,11145,11197,-1,11230,11178,11146,-1,11230,11146,11198,-1,11231,11179,11147,-1,11231,11147,11199,-1,11232,11180,11148,-1,11232,11148,11200,-1,11233,11181,11149,-1,11233,11149,11201,-1,11234,11235,11203,-1,11234,11203,11202,-1,11236,11183,11204,-1,11237,11152,11205,-1,11237,11184,11152,-1,11238,11185,11153,-1,11238,11217,11185,-1,11238,11153,11206,-1,11239,11218,11186,-1,11239,11186,11154,-1,11239,11154,11207,-1,11240,11155,11208,-1,11240,11187,11155,-1,11241,11220,11188,-1,11241,11156,11209,-1,11241,11188,11156,-1,11242,11189,11210,-1,11243,11190,11158,-1,11243,11158,11211,-1,11244,11223,11191,-1,11244,11191,11159,-1,11244,11159,11212,-1,11245,11192,11160,-1,11245,11160,11213,-1,11246,11193,11161,-1,11246,11214,8991,-1,11246,8988,8987,-1,11246,8991,8988,-1,11246,11161,11214,-1,11247,11194,11215,-1,11248,11227,11195,-1,11248,11195,11163,-1,11248,11163,11216,-1,11249,11196,11217,-1,11250,11197,11165,-1,11250,11165,11218,-1,11251,11198,11219,-1,11252,11199,11220,-1,11253,11200,11168,-1,11253,11168,11221,-1,11254,11233,11201,-1,11254,11169,11222,-1,11254,11201,11169,-1,11255,11170,11223,-1,11255,11202,11170,-1,11256,11204,11172,-1,11256,11172,11224,-1,11256,11236,11204,-1,11257,11237,11205,-1,11257,11205,11173,-1,11257,11173,11225,-1,11258,11174,11226,-1,11258,11206,11174,-1,11259,11207,11175,-1,11259,11175,11227,-1,11260,11208,11176,-1,11260,11176,11228,-1,11261,11209,11177,-1,11261,11177,11229,-1,11261,11241,11209,-1,11262,11178,11230,-1,11262,11210,11178,-1,11263,11211,11179,-1,11263,11179,11231,-1,11264,11180,11232,-1,11264,11212,11180,-1,11265,11245,11213,-1,11265,11213,11181,-1,11265,11181,11233,-1,11266,11235,11234,-1,11266,11267,11235,-1,11268,11183,11236,-1,11268,11215,11183,-1,11268,11247,11215,-1,11269,11184,11237,-1,11269,11216,11184,-1,11270,11217,11238,-1,11271,11218,11239,-1,11272,11219,11187,-1,11272,11187,11240,-1,11273,11220,11241,-1,11274,11221,11189,-1,11274,11189,11242,-1,11274,11253,11221,-1,11275,11222,11190,-1,11275,11190,11243,-1,11276,11223,11244,-1,11277,11192,11245,-1,11277,11224,11192,-1,11278,11246,8987,-1,11278,11193,11246,-1,11278,11257,11225,-1,11278,11225,11193,-1,11279,11194,11247,-1,11279,11258,11226,-1,11279,11226,11194,-1,11280,11259,11227,-1,11280,11227,11248,-1,11281,11228,11196,-1,11281,11196,11249,-1,11282,11261,11229,-1,11282,11197,11250,-1,11282,11229,11197,-1,11283,11198,11251,-1,11283,11230,11198,-1,11284,11199,11252,-1,11284,11231,11199,-1,11285,11232,11200,-1,11285,11200,11253,-1,11286,11233,11254,-1,11287,11266,11234,-1,11287,11202,11255,-1,11287,11234,11202,-1,11288,11236,11256,-1,11289,11237,11257,-1,11290,11206,11258,-1,11290,11238,11206,-1,11291,11239,11207,-1,11291,11207,11259,-1,11292,11240,11208,-1,11292,11208,11260,-1,11292,11272,11240,-1,11293,11241,11261,-1,11294,11242,11210,-1,11294,11210,11262,-1,11295,11243,11211,-1,11295,11211,11263,-1,11296,11244,11212,-1,11296,11212,11264,-1,11297,11245,11265,-1,11297,11277,11245,-1,11298,11267,11266,-1,11298,11299,11300,-1,11298,11300,11267,-1,11301,11247,11268,-1,11302,11248,11216,-1,11302,11216,11269,-1,11303,11249,11217,-1,11303,11217,11270,-1,11304,11218,11271,-1,11304,11282,11250,-1,11304,11250,11218,-1,11305,11251,11219,-1,11305,11219,11272,-1,11306,11220,11273,-1,11306,11252,11220,-1,11307,11253,11274,-1,11308,11222,11275,-1,11308,11254,11222,-1,11309,11223,11276,-1,11309,11255,11223,-1,11310,11224,11277,-1,11310,11256,11224,-1,11311,11257,11278,-1,11311,11278,8987,-1,11311,8987,8985,-1,11312,11290,11258,-1,11312,11258,11279,-1,11313,11259,11280,-1,11314,11228,11281,-1,11314,11260,11228,-1,11315,11261,11282,-1,11316,11262,11230,-1,11316,11230,11283,-1,11316,11294,11262,-1,11317,11263,11231,-1,11317,11231,11284,-1,11318,11264,11232,-1,11318,11232,11285,-1,11319,11297,11265,-1,11319,11233,11286,-1,11319,11265,11233,-1,11320,11266,11287,-1,11321,11268,11236,-1,11321,11301,11268,-1,11321,11236,11288,-1,11322,11302,11269,-1,11322,11237,11289,-1,11322,11269,11237,-1,11323,11238,11290,-1,11323,11303,11270,-1,11323,11270,11238,-1,11324,11239,11291,-1,11324,11271,11239,-1,11325,11272,11292,-1,11326,11241,11293,-1,11326,11306,11273,-1,11326,11273,11241,-1,11327,11242,11294,-1,11327,11274,11242,-1,11328,11243,11295,-1,11328,11275,11243,-1,11329,11244,11296,-1,11329,11276,11244,-1,11330,11277,11297,-1,11331,11299,11298,-1,11332,11279,11247,-1,11332,11247,11301,-1,11333,11248,11302,-1,11333,11280,11248,-1,11334,11249,11303,-1,11334,11314,11281,-1,11334,11281,11249,-1,11335,11282,11304,-1,11336,11283,11251,-1,11336,11251,11305,-1,11337,11284,11252,-1,11337,11252,11306,-1,11338,11285,11253,-1,11338,11253,11307,-1,11339,11286,11254,-1,11339,11254,11308,-1,11340,11255,11309,-1,11340,11287,11255,-1,11341,11256,11310,-1,11341,11288,11256,-1,11342,11311,8985,-1,11342,11257,11311,-1,11342,8983,8981,-1,11342,8985,8983,-1,11342,11289,11257,-1,11343,11290,11312,-1,11344,11291,11259,-1,11344,11259,11313,-1,11345,11260,11314,-1,11345,11292,11260,-1,11345,11325,11292,-1,11346,11261,11315,-1,11346,11293,11261,-1,11347,11294,11316,-1,11348,11295,11263,-1,11348,11263,11317,-1,11348,11328,11295,-1,11349,11296,11264,-1,11349,11264,11318,-1,11350,11297,11319,-1,11351,11298,11266,-1,11351,11266,11320,-1,11352,11301,11321,-1,11353,11302,11322,-1,11354,11334,11303,-1,11354,11303,11323,-1,11355,11271,11324,-1,11355,11304,11271,-1,11356,11272,11325,-1,11356,11305,11272,-1,11357,11306,11326,-1,11358,11274,11327,-1,11358,11307,11274,-1,11359,11308,11275,-1,11359,11275,11328,-1,11360,11276,11329,-1,11360,11309,11276,-1,11361,11310,11277,-1,11361,11277,11330,-1,11361,11341,11310,-1,11362,11299,11331,-1,11362,11363,11299,-1,11364,11279,11332,-1,11364,11312,11279,-1,11365,11313,11280,-1,11365,11280,11333,-1,11366,11314,11334,-1,11367,11282,11335,-1,11367,11315,11282,-1,11368,11316,11283,-1,11368,11283,11336,-1,11369,11317,11284,-1,11369,11284,11337,-1,11370,11349,11318,-1,11370,11318,11285,-1,11370,11285,11338,-1,11371,11319,11286,-1,11371,11286,11339,-1,11372,11287,11340,-1,11372,11320,11287,-1,11373,11288,11341,-1,11373,11321,11288,-1,11374,11322,11289,-1,11374,11289,11342,-1,11374,11342,8981,-1,11375,11290,11343,-1,11375,11323,11290,-1,11376,11291,11344,-1,11376,11355,11324,-1,11376,11324,11291,-1,11377,11325,11345,-1,11378,11326,11293,-1,11378,11293,11346,-1,11379,11327,11294,-1,11379,11358,11327,-1,11379,11294,11347,-1,11380,11328,11348,-1,11381,11296,11349,-1,11381,11329,11296,-1,11382,11297,11350,-1,11382,11330,11297,-1,11383,11331,11298,-1,11383,11298,11351,-1,11384,11332,11301,-1,11384,11301,11352,-1,11385,11302,11353,-1,11385,11333,11302,-1,11386,11334,11354,-1,11387,11304,11355,-1,11387,11335,11304,-1,11388,11305,11356,-1,11388,11368,11336,-1,11388,11336,11305,-1,11389,11306,11357,-1,11389,11369,11337,-1,11389,11337,11306,-1,11390,11307,11358,-1,11390,11370,11338,-1,11390,11338,11307,-1,11391,11339,11308,-1,11391,11308,11359,-1,11392,11372,11340,-1,11392,11340,11309,-1,11392,11309,11360,-1,11393,11341,11361,-1,11394,11363,11362,-1,11394,11395,11363,-1,11396,11312,11364,-1,11396,11343,11312,-1,11397,11344,11313,-1,11397,11313,11365,-1,11398,11314,11366,-1,11398,11345,11314,-1,11399,11315,11367,-1,11399,11346,11315,-1,11399,11378,11346,-1,11400,11316,11368,-1,11400,11347,11316,-1,11401,11317,11369,-1,11401,11380,11348,-1,11401,11348,11317,-1,11402,11349,11370,-1,11403,11319,11371,-1,11403,11350,11319,-1,11404,11320,11372,-1,11404,11351,11320,-1,11405,11321,11373,-1,11405,11352,11321,-1,11406,11322,11374,-1,11406,11353,11322,-1,11406,8981,8978,-1,11406,11374,8981,-1,11407,11354,11323,-1,11407,11323,11375,-1,11408,11355,11376,-1,11409,11356,11325,-1,11409,11325,11377,-1,11410,11357,11326,-1,11410,11326,11378,-1,11411,11358,11379,-1,11412,11328,11380,-1,11412,11359,11328,-1,11413,11360,11329,-1,11413,11329,11381,-1,11414,11361,11330,-1,11414,11393,11361,-1,11414,11330,11382,-1,11415,11394,11362,-1,11415,11331,11383,-1,11415,11362,11331,-1,11416,11364,11332,-1,11416,11396,11364,-1,11416,11332,11384,-1,11417,11333,11385,-1,11417,11365,11333,-1,11417,11397,11365,-1,11418,11366,11334,-1,11418,11334,11386,-1,11418,11398,11366,-1,11419,11367,11335,-1,11419,11335,11387,-1,11420,11400,11368,-1,11420,11368,11388,-1,11421,11369,11389,-1,11422,11370,11390,-1,11423,11339,11391,-1,11423,11371,11339,-1,11424,11372,11392,-1,11425,11405,11373,-1,11425,11373,11341,-1,11425,11341,11393,-1,11426,11395,11394,-1,11426,11427,11395,-1,11428,11375,11343,-1,11428,11343,11396,-1,11428,11407,11375,-1,11429,11376,11344,-1,11429,11344,11397,-1,11430,11377,11345,-1,11430,11345,11398,-1,11430,11409,11377,-1,11431,11378,11399,-1,11432,11379,11347,-1,11432,11347,11400,-1,11433,11380,11401,-1,11434,11381,11349,-1,11434,11349,11402,-1,11434,11413,11381,-1,11435,11350,11403,-1,11435,11382,11350,-1,11436,11351,11404,-1,11436,11383,11351,-1,11437,11384,11352,-1,11437,11352,11405,-1,11438,11353,11406,-1,11438,11385,11353,-1,11438,11406,8978,-1,11438,8977,8975,-1,11438,8978,8977,-1,11439,11386,11354,-1,11439,11418,11386,-1,11439,11354,11407,-1,11440,11387,11355,-1,11440,11355,11408,-1,11441,11356,11409,-1,11441,11388,11356,-1,11442,11357,11410,-1,11442,11389,11357,-1,11443,11390,11358,-1,11443,11358,11411,-1,11444,11391,11359,-1,11444,11359,11412,-1,11445,11360,11413,-1,11445,11392,11360,-1,11446,11393,11414,-1,11447,11426,11394,-1,11447,11394,11415,-1,11448,11396,11416,-1,11449,11397,11417,-1,11449,11429,11397,-1,11450,11430,11398,-1,11450,11398,11418,-1,11451,11399,11367,-1,11451,11367,11419,-1,11452,11400,11420,-1,11453,11401,11369,-1,11453,11369,11421,-1,11454,11370,11422,-1,11454,11402,11370,-1,11455,11403,11371,-1,11455,11371,11423,-1,11456,11436,11404,-1,11456,11372,11424,-1,11456,11404,11372,-1,11457,11405,11425,-1,11458,11427,11426,-1,11458,11459,11427,-1,11460,11407,11428,-1,11461,11408,11376,-1,11461,11376,11429,-1,11462,11409,11430,-1,11463,11410,11378,-1,11463,11378,11431,-1,11464,11411,11379,-1,11464,11379,11432,-1,11465,11380,11433,-1,11465,11412,11380,-1,11466,11413,11434,-1,11467,11382,11435,-1,11467,11414,11382,-1,11468,11383,11436,-1,11468,11415,11383,-1,11469,11384,11437,-1,11469,11416,11384,-1,11470,11417,11385,-1,11470,11385,11438,-1,11470,11438,8975,-1,11471,11418,11439,-1,11472,11451,11419,-1,11472,11419,11387,-1,11472,11387,11440,-1,11473,11420,11388,-1,11473,11388,11441,-1,11474,11421,11389,-1,11474,11389,11442,-1,11475,11390,11443,-1,11475,11422,11390,-1,11476,11455,11423,-1,11476,11423,11391,-1,11476,11391,11444,-1,11477,11424,11392,-1,11477,11392,11445,-1,11478,11457,11425,-1,11478,11393,11446,-1,11478,11425,11393,-1,11479,11426,11447,-1,11480,11460,11428,-1,11480,11428,11396,-1,11480,11396,11448,-1,11481,11429,11449,-1,11482,11430,11450,-1,11483,11431,11399,-1,11483,11399,11451,-1,11484,11400,11452,-1,11484,11432,11400,-1,11485,11401,11453,-1,11485,11433,11401,-1,11486,11434,11402,-1,11486,11402,11454,-1,11487,11435,11403,-1,11487,11403,11455,-1,11488,11436,11456,-1,11489,11405,11457,-1,11489,11437,11405,-1,11489,11469,11437,-1,11490,11459,11458,-1,11490,11491,11492,-1,11490,11492,11459,-1,11493,11407,11460,-1,11493,11439,11407,-1,11494,11408,11461,-1,11494,11440,11408,-1,11495,11441,11409,-1,11495,11409,11462,-1,11496,11474,11442,-1,11496,11442,11410,-1,11496,11410,11463,-1,11497,11411,11464,-1,11497,11443,11411,-1,11498,11444,11412,-1,11498,11412,11465,-1,11499,11477,11445,-1,11499,11413,11466,-1,11499,11445,11413,-1,11500,11446,11414,-1,11500,11414,11467,-1,11501,11415,11468,-1,11501,11447,11415,-1,11502,11448,11416,-1,11502,11416,11469,-1,11503,11417,11470,-1,11503,11449,11417,-1,11503,11470,8975,-1,11503,8975,8972,-1,11504,11450,11418,-1,11504,11418,11471,-1,11505,11451,11472,-1,11506,11452,11420,-1,11506,11420,11473,-1,11507,11421,11474,-1,11507,11453,11421,-1,11508,11422,11475,-1,11508,11454,11422,-1,11509,11487,11455,-1,11509,11455,11476,-1,11510,11488,11456,-1,11510,11456,11424,-1,11510,11424,11477,-1,11511,11457,11478,-1,11512,11490,11458,-1,11512,11426,11479,-1,11512,11458,11426,-1,11513,11460,11480,-1,11514,11461,11429,-1,11514,11429,11481,-1,11514,11494,11461,-1,11515,11462,11430,-1,11515,11430,11482,-1,11516,11463,11431,-1,11516,11431,11483,-1,11517,11432,11484,-1,11517,11464,11432,-1,11518,11433,11485,-1,11518,11498,11465,-1,11518,11465,11433,-1,11519,11466,11434,-1,11519,11434,11486,-1,11520,11467,11435,-1,11520,11500,11467,-1,11520,11435,11487,-1,11521,11436,11488,-1,11521,11468,11436,-1,11522,11469,11489,-1,11522,11502,11469,-1,11523,11491,11490,-1,11524,11439,11493,-1,11524,11471,11439,-1,11525,11440,11494,-1,11525,11472,11440,-1,11526,11441,11495,-1,11526,11473,11441,-1,11527,11474,11496,-1,11528,11443,11497,-1,11528,11475,11443,-1,11529,11476,11444,-1,11529,11444,11498,-1,11530,11477,11499,-1,11531,11446,11500,-1,11531,11478,11446,-1,11532,11479,11447,-1,11532,11447,11501,-1,11533,11448,11502,-1,11533,11480,11448,-1,11534,11449,11503,-1,11534,11481,11449,-1,11534,11503,8972,-1,11534,8971,8969,-1,11534,8972,8971,-1,11535,11450,11504,-1,11535,11482,11450,-1,11536,11451,11505,-1,11536,11483,11451,-1,11537,11452,11506,-1,11537,11484,11452,-1,11538,11485,11453,-1,11538,11453,11507,-1,11539,11486,11454,-1,11539,11454,11508,-1,11540,11487,11509,-1,11541,11488,11510,-1,11542,11489,11457,-1,11542,11522,11489,-1,11542,11457,11511,-1,11543,11490,11512,-1,11544,11493,11460,-1,11544,11460,11513,-1,11544,11524,11493,-1,11545,11494,11514,-1,11546,11526,11495,-1,11546,11495,11462,-1,11546,11462,11515,-1,11547,11496,11463,-1,11547,11463,11516,-1,11548,11497,11464,-1,11548,11464,11517,-1,11549,11498,11518,-1,11550,11466,11519,-1,11550,11499,11466,-1,11551,11500,11520,-1,11552,11468,11521,-1,11552,11532,11501,-1,11552,11501,11468,-1,11553,11502,11522,-1,11554,11491,11523,-1,11554,11555,11491,-1,11556,11535,11504,-1,11556,11471,11524,-1,11556,11504,11471,-1,11557,11505,11472,-1,11557,11472,11525,-1,11558,11473,11526,-1,11558,11506,11473,-1,11559,11507,11474,-1,11559,11474,11527,-1,11560,11475,11528,-1,11560,11508,11475,-1,11561,11476,11529,-1,11561,11509,11476,-1,11562,11477,11530,-1,11562,11510,11477,-1,11563,11478,11531,-1,11563,11511,11478,-1,11564,11479,11532,-1,11564,11512,11479,-1,11565,11480,11533,-1,11565,11513,11480,-1,11566,11514,11481,-1,11566,11534,8969,-1,11566,11481,11534,-1,11566,11545,11514,-1,11567,11482,11535,-1,11567,11515,11482,-1,11568,11483,11536,-1,11568,11516,11483,-1,11569,11484,11537,-1,11569,11517,11484,-1,11570,11518,11485,-1,11570,11485,11538,-1,11571,11519,11486,-1,11571,11486,11539,-1,11572,11487,11540,-1,11572,11551,11520,-1,11572,11520,11487,-1,11573,11488,11541,-1,11573,11521,11488,-1,11574,11522,11542,-1,11575,11490,11543,-1,11575,11523,11490,-1,11576,11524,11544,-1,11577,11494,11545,-1,11577,11525,11494,-1,11578,11558,11526,-1,11578,11526,11546,-1,11579,11496,11547,-1,11579,11527,11496,-1,11580,11560,11528,-1,11580,11497,11548,-1,11580,11528,11497,-1,11581,11561,11529,-1,11581,11529,11498,-1,11581,11498,11549,-1,11582,11530,11499,-1,11582,11499,11550,-1,11583,11531,11500,-1,11583,11500,11551,-1,11584,11532,11552,-1,11585,11533,11502,-1,11585,11502,11553,-1,11586,11555,11554,-1,11586,11587,11555,-1,11588,11567,11535,-1,11588,11535,11556,-1,11589,11505,11557,-1,11589,11536,11505,-1,11590,11506,11558,-1,11590,11537,11506,-1,11591,11538,11507,-1,11591,11507,11559,-1,11592,11539,11508,-1,11592,11508,11560,-1,11593,11540,11509,-1,11593,11509,11561,-1,11594,11541,11510,-1,11594,11510,11562,-1,11595,11511,11563,-1,11595,11542,11511,-1,11596,11543,11512,-1,11596,11512,11564,-1,11596,11575,11543,-1,11597,11513,11565,-1,11597,11544,11513,-1,11598,11545,11566,-1,11598,11566,8969,-1,11598,8969,8967,-1,11599,11515,11567,-1,11599,11546,11515,-1,11600,11547,11516,-1,11600,11516,11568,-1,11601,11517,11569,-1,11601,11548,11517,-1,11602,11518,11570,-1,11602,11549,11518,-1,11603,11519,11571,-1,11603,11550,11519,-1,11603,11582,11550,-1,11604,11551,11572,-1,11605,11521,11573,-1,11605,11552,11521,-1,11605,11584,11552,-1,11606,11553,11522,-1,11606,11522,11574,-1,11607,11523,11575,-1,11607,11554,11523,-1,11608,11524,11576,-1,11608,11556,11524,-1,11609,11589,11557,-1,11609,11557,11525,-1,11609,11525,11577,-1,11610,11558,11578,-1,11611,11527,11579,-1,11611,11559,11527,-1,11612,11560,11580,-1,11613,11561,11581,-1,11614,11530,11582,-1,11614,11562,11530,-1,11614,11594,11562,-1,11615,11531,11583,-1,11615,11563,11531,-1,11616,11596,11564,-1,11616,11564,11532,-1,11616,11532,11584,-1,11617,11565,11533,-1,11617,11533,11585,-1,11618,11619,11620,-1,11618,11620,11587,-1,11618,11587,11586,-1,11621,11567,11588,-1,11622,11536,11589,-1,11622,11568,11536,-1,11623,11537,11590,-1,11623,11569,11537,-1,11624,11602,11570,-1,11624,11570,11538,-1,11624,11538,11591,-1,11625,11539,11592,-1,11625,11571,11539,-1,11626,11540,11593,-1,11626,11572,11540,-1,11627,11573,11541,-1,11627,11541,11594,-1,11628,11574,11542,-1,11628,11542,11595,-1,11629,11607,11575,-1,11629,11575,11596,-1,11630,11544,11597,-1,11630,11576,11544,-1,11631,11598,8967,-1,11631,11545,11598,-1,11631,8967,8965,-1,11631,11577,11545,-1,11632,11578,11546,-1,11632,11546,11599,-1,11633,11547,11600,-1,11633,11579,11547,-1,11634,11548,11601,-1,11634,11580,11548,-1,11635,11581,11549,-1,11635,11549,11602,-1,11636,11582,11603,-1,11637,11615,11583,-1,11637,11551,11604,-1,11637,11583,11551,-1,11638,11584,11605,-1,11639,11553,11606,-1,11639,11585,11553,-1,11640,11554,11607,-1,11640,11586,11554,-1,11640,11618,11586,-1,11641,11556,11608,-1,11641,11588,11556,-1,11642,11589,11609,-1,11642,11622,11589,-1,11643,11590,11558,-1,11643,11558,11610,-1,11643,11623,11590,-1,11644,11591,11559,-1,11644,11559,11611,-1,11645,11592,11560,-1,11645,11560,11612,-1,11646,11593,11561,-1,11646,11561,11613,-1,11647,11594,11614,-1,11648,11563,11615,-1,11648,11595,11563,-1,11649,11596,11616,-1,11650,11565,11617,-1,11650,11597,11565,-1,11650,11630,11597,-1,11651,11619,11618,-1,11652,11632,11599,-1,11652,11567,11621,-1,11652,11599,11567,-1,11653,11568,11622,-1,11653,11600,11568,-1,11654,11601,11569,-1,11654,11569,11623,-1,11655,11602,11624,-1,11656,11603,11571,-1,11656,11571,11625,-1,11657,11604,11572,-1,11657,11572,11626,-1,11658,11573,11627,-1,11658,11605,11573,-1,11659,11606,11574,-1,11659,11574,11628,-1,11660,11607,11629,-1,11661,11576,11630,-1,11661,11608,11576,-1,11662,11631,8965,-1,11662,11577,11631,-1,11662,11609,11577,-1,11662,8965,8963,-1,11662,11642,11609,-1,11663,11610,11578,-1,11663,11578,11632,-1,11664,11611,11579,-1,11664,11579,11633,-1,11665,11580,11634,-1,11665,11612,11580,-1,11666,11646,11613,-1,11666,11581,11635,-1,11666,11613,11581,-1,11667,11582,11636,-1,11667,11614,11582,-1,11668,11615,11637,-1,11669,11616,11584,-1,11669,11584,11638,-1,11670,11650,11617,-1,11670,11585,11639,-1,11670,11617,11585,-1,11671,11618,11640,-1,11672,11621,11588,-1,11672,11588,11641,-1,11673,11622,11642,-1,11674,11623,11643,-1,11675,11591,11644,-1,11675,11624,11591,-1,11676,11625,11592,-1,11676,11592,11645,-1,11677,11593,11646,-1,11677,11626,11593,-1,11678,11627,11594,-1,11678,11594,11647,-1,11679,11628,11595,-1,11679,11595,11648,-1,11680,11629,11596,-1,11680,11596,11649,-1,11680,11660,11629,-1,11681,11630,11650,-1,11682,11683,11619,-1,11682,11619,11651,-1,11684,11663,11632,-1,11684,11632,11652,-1,11685,11633,11600,-1,11685,11600,11653,-1,11686,11634,11601,-1,11686,11601,11654,-1,11687,11602,11655,-1,11687,11635,11602,-1,11688,11603,11656,-1,11688,11636,11603,-1,11689,11637,11604,-1,11689,11604,11657,-1,11690,11605,11658,-1,11690,11638,11605,-1,11691,11606,11659,-1,11691,11639,11606,-1,11692,11640,11607,-1,11692,11607,11660,-1,11693,11672,11641,-1,11693,11641,11608,-1,11693,11608,11661,-1,11694,11642,11662,-1,11694,11662,8963,-1,11694,8961,8958,-1,11694,8963,8961,-1,11695,11643,11610,-1,11695,11610,11663,-1,11696,11644,11611,-1,11696,11611,11664,-1,11697,11645,11612,-1,11697,11612,11665,-1,11698,11646,11666,-1,11699,11614,11667,-1,11699,11647,11614,-1,11700,11648,11615,-1,11700,11679,11648,-1,11700,11615,11668,-1,11701,11680,11649,-1,11701,11616,11669,-1,11701,11649,11616,-1,11702,11650,11670,-1,11703,11618,11671,-1,11703,11651,11618,-1,11703,11682,11651,-1,11704,11621,11672,-1,11704,11652,11621,-1,11705,11653,11622,-1,11705,11622,11673,-1,11706,11623,11674,-1,11706,11686,11654,-1,11706,11654,11623,-1,11707,11655,11624,-1,11707,11624,11675,-1,11708,11625,11676,-1,11708,11688,11656,-1,11708,11656,11625,-1,11709,11626,11677,-1,11709,11689,11657,-1,11709,11657,11626,-1,11710,11627,11678,-1,11710,11658,11627,-1,11711,11659,11628,-1,11711,11628,11679,-1,11712,11660,11680,-1,11713,11661,11630,-1,11713,11630,11681,-1,11714,11683,11682,-1,11714,11715,11683,-1,11716,11663,11684,-1,11717,11633,11685,-1,11717,11664,11633,-1,11717,11696,11664,-1,11718,11697,11665,-1,11718,11634,11686,-1,11718,11665,11634,-1,11719,11635,11687,-1,11719,11666,11635,-1,11720,11636,11688,-1,11720,11699,11667,-1,11720,11667,11636,-1,11721,11637,11689,-1,11721,11668,11637,-1,11722,11669,11638,-1,11722,11638,11690,-1,11723,11670,11639,-1,11723,11639,11691,-1,11724,11671,11640,-1,11724,11640,11692,-1,11725,11672,11693,-1,11726,11694,8958,-1,11726,11673,11642,-1,11726,11642,11694,-1,11726,11705,11673,-1,11727,11643,11695,-1,11727,11674,11643,-1,11728,11707,11675,-1,11728,11644,11696,-1,11728,11675,11644,-1,11729,11645,11697,-1,11729,11676,11645,-1,11730,11677,11646,-1,11730,11646,11698,-1,11730,11709,11677,-1,11731,11647,11699,-1,11731,11678,11647,-1,11732,11679,11700,-1,11733,11680,11701,-1,11734,11681,11650,-1,11734,11650,11702,-1,11735,11682,11703,-1,11736,11652,11704,-1,11736,11684,11652,-1,11736,11716,11684,-1,11737,11653,11705,-1,11737,11685,11653,-1,11737,11717,11685,-1,11738,11718,11686,-1,11738,11686,11706,-1,11739,11687,11655,-1,11739,11655,11707,-1,11740,11688,11708,-1,11741,11689,11709,-1,11741,11721,11689,-1,11742,11690,11658,-1,11742,11658,11710,-1,11743,11691,11659,-1,11743,11659,11711,-1,11744,11692,11660,-1,11744,11660,11712,-1,11744,11724,11692,-1,11745,11661,11713,-1,11745,11693,11661,-1,11746,11715,11714,-1,11746,11747,11715,-1,11748,11663,11716,-1,11748,11695,11663,-1,11748,11727,11695,-1,11749,11696,11717,-1,11750,11697,11718,-1,11751,11698,11666,-1,11751,11666,11719,-1,11752,11699,11720,-1,11753,11700,11668,-1,11753,11668,11721,-1,11754,11669,11722,-1,11754,11701,11669,-1,11755,11734,11702,-1,11755,11702,11670,-1,11755,11670,11723,-1,11756,11671,11724,-1,11756,11703,11671,-1,11757,11704,11672,-1,11757,11672,11725,-1,11758,11705,11726,-1,11758,8956,8954,-1,11758,8958,8956,-1,11758,11726,8958,-1,11759,11706,11674,-1,11759,11674,11727,-1,11760,11707,11728,-1,11761,11676,11729,-1,11761,11708,11676,-1,11762,11709,11730,-1,11763,11678,11731,-1,11763,11742,11710,-1,11763,11710,11678,-1,11764,11711,11679,-1,11764,11679,11732,-1,11764,11743,11711,-1,11765,11712,11680,-1,11765,11680,11733,-1,11766,11681,11734,-1,11766,11745,11713,-1,11766,11713,11681,-1,11767,11714,11682,-1,11767,11682,11735,-1,11768,11716,11736,-1,11769,11717,11737,-1,11770,11718,11738,-1,11770,11750,11718,-1,11771,11751,11719,-1,11771,11719,11687,-1,11771,11687,11739,-1,11772,11688,11740,-1,11772,11720,11688,-1,11773,11721,11741,-1,11774,11690,11742,-1,11774,11722,11690,-1,11775,11691,11743,-1,11775,11723,11691,-1,11776,11724,11744,-1,11777,11693,11745,-1,11777,11725,11693,-1,11778,11747,11746,-1,11778,11779,11747,-1,11780,11727,11748,-1,11781,11728,11696,-1,11781,11696,11749,-1,11782,11729,11697,-1,11782,11697,11750,-1,11783,11698,11751,-1,11783,11730,11698,-1,11784,11699,11752,-1,11784,11731,11699,-1,11785,11700,11753,-1,11785,11732,11700,-1,11786,11765,11733,-1,11786,11733,11701,-1,11786,11701,11754,-1,11787,11734,11755,-1,11788,11703,11756,-1,11788,11735,11703,-1,11789,11704,11757,-1,11789,11736,11704,-1,11790,11737,11705,-1,11790,11705,11758,-1,11790,11758,8954,-1,11791,11706,11759,-1,11791,11738,11706,-1,11792,11707,11760,-1,11792,11771,11739,-1,11792,11739,11707,-1,11793,11740,11708,-1,11793,11708,11761,-1,11794,11709,11762,-1,11794,11741,11709,-1,11795,11742,11763,-1,11796,11743,11764,-1,11797,11712,11765,-1,11797,11744,11712,-1,11798,11777,11745,-1,11798,11745,11766,-1,11799,11746,11714,-1,11799,11714,11767,-1,11800,11748,11716,-1,11800,11780,11748,-1,11800,11716,11768,-1,11801,11781,11749,-1,11801,11749,11717,-1,11801,11717,11769,-1,11802,11750,11770,-1,11803,11751,11771,-1,11804,11720,11772,-1,11804,11752,11720,-1,11805,11753,11721,-1,11805,11721,11773,-1,11806,11722,11774,-1,11806,11754,11722,-1,11807,11723,11775,-1,11807,11755,11723,-1,11808,11756,11724,-1,11808,11724,11776,-1,11808,11788,11756,-1,11809,11725,11777,-1,11809,11757,11725,-1,11810,11779,11778,-1,11810,11811,11779,-1,11812,11727,11780,-1,11812,11759,11727,-1,11813,11760,11728,-1,11813,11728,11781,-1,11814,11729,11782,-1,11814,11761,11729,-1,11814,11793,11761,-1,11815,11762,11730,-1,11815,11730,11783,-1,11816,11763,11731,-1,11816,11731,11784,-1,11816,11795,11763,-1,11817,11764,11732,-1,11817,11732,11785,-1,11818,11765,11786,-1,11819,11734,11787,-1,11819,11766,11734,-1,11820,11799,11767,-1,11820,11767,11735,-1,11820,11735,11788,-1,11821,11736,11789,-1,11821,11768,11736,-1,11822,11737,11790,-1,11822,11769,11737,-1,11822,8954,8953,-1,11822,11790,8954,-1,11823,11770,11738,-1,11823,11738,11791,-1,11824,11771,11792,-1,11825,11772,11740,-1,11825,11740,11793,-1,11826,11741,11794,-1,11826,11773,11741,-1,11827,11742,11795,-1,11827,11774,11742,-1,11828,11743,11796,-1,11828,11775,11743,-1,11829,11744,11797,-1,11829,11776,11744,-1,11830,11777,11798,-1,11831,11746,11799,-1,11831,11778,11746,-1,11832,11780,11800,-1,11833,11813,11781,-1,11833,11781,11801,-1,11834,11750,11802,-1,11834,11814,11782,-1,11834,11782,11750,-1,11835,11751,11803,-1,11835,11783,11751,-1,11836,11752,11804,-1,11836,11784,11752,-1,11837,11753,11805,-1,11837,11785,11753,-1,11838,11754,11806,-1,11838,11818,11786,-1,11838,11786,11754,-1,11839,11787,11755,-1,11839,11755,11807,-1,11840,11788,11808,-1,11841,11757,11809,-1,11841,11789,11757,-1,11842,11811,11810,-1,11842,11843,11811,-1,11844,11759,11812,-1,11844,11791,11759,-1,11844,11823,11791,-1,11845,11792,11760,-1,11845,11760,11813,-1,11846,11793,11814,-1,11847,11762,11815,-1,11847,11794,11762,-1,11848,11795,11816,-1,11849,11764,11817,-1,11849,11796,11764,-1,11850,11765,11818,-1,11850,11829,11797,-1,11850,11797,11765,-1,11851,11766,11819,-1,11851,11798,11766,-1,11852,11799,11820,-1,11853,11768,11821,-1,11853,11800,11768,-1,11854,11769,11822,-1,11854,11801,11769,-1,11854,8953,8951,-1,11854,11822,8953,-1,11855,11802,11770,-1,11855,11770,11823,-1,11856,11771,11824,-1,11856,11803,11771,-1,11857,11804,11772,-1,11857,11772,11825,-1,11858,11805,11773,-1,11858,11773,11826,-1,11859,11806,11774,-1,11859,11774,11827,-1,11860,11839,11807,-1,11860,11807,11775,-1,11860,11775,11828,-1,11861,11808,11776,-1,11861,11776,11829,-1,11862,11841,11809,-1,11862,11809,11777,-1,11862,11777,11830,-1,11863,11842,11810,-1,11863,11778,11831,-1,11863,11810,11778,-1,11864,11780,11832,-1,11864,11812,11780,-1,11865,11813,11833,-1,11866,11814,11834,-1,11866,11846,11814,-1,11867,11783,11835,-1,11867,11815,11783,-1,11868,11784,11836,-1,11868,11816,11784,-1,11869,11785,11837,-1,11869,11849,11817,-1,11869,11817,11785,-1,11870,11818,11838,-1,11871,11819,11787,-1,11871,11787,11839,-1,11872,11852,11820,-1,11872,11788,11840,-1,11872,11820,11788,-1,11873,11789,11841,-1,11873,11821,11789,-1,11874,11843,11842,-1,11874,11875,11843,-1,11876,11823,11844,-1,11876,11855,11823,-1,11877,11824,11792,-1,11877,11792,11845,-1,11878,11793,11846,-1,11878,11857,11825,-1,11878,11825,11793,-1,11879,11794,11847,-1,11879,11826,11794,-1,11880,11795,11848,-1,11880,11827,11795,-1,11881,11796,11849,-1,11881,11828,11796,-1,11882,11829,11850,-1,11883,11798,11851,-1,11883,11830,11798,-1,11884,11799,11852,-1,11884,11831,11799,-1,11885,11800,11853,-1,11885,11832,11800,-1,11886,11833,11801,-1,11886,11801,11854,-1,11886,8949,8947,-1,11886,8951,8949,-1,11886,11854,8951,-1,11887,11834,11802,-1,11887,11802,11855,-1,11888,11803,11856,-1,11888,11835,11803,-1,11889,11836,11804,-1,11889,11804,11857,-1,11890,11869,11837,-1,11890,11837,11805,-1,11890,11805,11858,-1,11891,11838,11806,-1,11891,11806,11859,-1,11892,11839,11860,-1,11893,11808,11861,-1,11893,11840,11808,-1,11894,11841,11862,-1,11894,11873,11841,-1,11895,11842,11863,-1,11896,11844,11812,-1,11896,11876,11844,-1,11896,11812,11864,-1,11897,11845,11813,-1,11897,11813,11865,-1,11898,11846,11866,-1,11899,11815,11867,-1,11899,11847,11815,-1,11899,11879,11847,-1,11900,11816,11868,-1,11900,11848,11816,-1,11901,11849,11869,-1,11902,11818,11870,-1,11902,11850,11818,-1,11903,11819,11871,-1,11903,11851,11819,-1,11904,11852,11872,-1,11904,11884,11852,-1,11905,11821,11873,-1,11905,11853,11821,-1,11906,11875,11874,-1,11906,11907,11875,-1,11908,11855,11876,-1,11908,11887,11855,-1,11909,11856,11824,-1,11909,11824,11877,-1,11910,11857,11878,-1,11911,11890,11858,-1,11911,11826,11879,-1,11911,11858,11826,-1,11912,11827,11880,-1,11912,11859,11827,-1,11913,11828,11881,-1,11913,11860,11828,-1,11914,11893,11861,-1,11914,11829,11882,-1,11914,11861,11829,-1,11915,11830,11883,-1,11915,11894,11862,-1,11915,11862,11830,-1,11916,11831,11884,-1,11916,11863,11831,-1,11917,11864,11832,-1,11917,11832,11885,-1,11918,11833,11886,-1,11918,11886,8947,-1,11918,8947,8945,-1,11918,11865,11833,-1,11919,11866,11834,-1,11919,11834,11887,-1,11920,11835,11888,-1,11920,11867,11835,-1,11921,11836,11889,-1,11921,11868,11836,-1,11922,11869,11890,-1,11923,11838,11891,-1,11923,11870,11838,-1,11923,11902,11870,-1,11924,11871,11839,-1,11924,11903,11871,-1,11924,11839,11892,-1,11925,11872,11840,-1,11925,11840,11893,-1,11926,11873,11894,-1,11927,11874,11842,-1,11927,11842,11895,-1,11927,11906,11874,-1,11928,11908,11876,-1,11928,11876,11896,-1,11929,11845,11897,-1,11929,11877,11845,-1,11929,11909,11877,-1,11930,11910,11878,-1,11930,11878,11846,-1,11930,11846,11898,-1,11931,11879,11899,-1,11932,11880,11848,-1,11932,11848,11900,-1,11933,11849,11901,-1,11933,11913,11881,-1,11933,11881,11849,-1,11934,11882,11850,-1,11934,11850,11902,-1,11935,11883,11851,-1,11935,11851,11903,-1,11936,11884,11904,-1,11937,11885,11853,-1,11937,11853,11905,-1,11938,11907,11906,-1,11938,11939,11907,-1,11940,11887,11908,-1,11940,11919,11887,-1,11941,11888,11856,-1,11941,11856,11909,-1,11942,11857,11910,-1,11942,11889,11857,-1,11943,11890,11911,-1,11944,11859,11912,-1,11944,11891,11859,-1,11945,11860,11913,-1,11945,11924,11892,-1,11945,11892,11860,-1,11946,11893,11914,-1,11946,11925,11893,-1,11947,11894,11915,-1,11948,11895,11863,-1,11948,11863,11916,-1,11949,11864,11917,-1,11949,11896,11864,-1,11950,11897,11865,-1,11950,11918,8945,-1,11950,11865,11918,-1,11951,11898,11866,-1,11951,11866,11919,-1,11952,11867,11920,-1,11952,11899,11867,-1,11953,11868,11921,-1,11953,11900,11868,-1,11954,11901,11869,-1,11954,11869,11922,-1,11955,11902,11923,-1,11955,11934,11902,-1,11956,11935,11903,-1,11956,11903,11924,-1,11957,11872,11925,-1,11957,11904,11872,-1,11958,11873,11926,-1,11958,11905,11873,-1,11958,11937,11905,-1,11959,11938,11906,-1,11959,11906,11927,-1,11960,11908,11928,-1,11961,11909,11929,-1,11962,11910,11930,-1,11963,11943,11911,-1,11963,11911,11879,-1,11963,11879,11931,-1,11964,11880,11932,-1,11964,11912,11880,-1,11965,11913,11933,-1,11966,11882,11934,-1,11966,11914,11882,-1,11967,11915,11883,-1,11967,11883,11935,-1,11968,11948,11916,-1,11968,11916,11884,-1,11968,11884,11936,-1,11969,11917,11885,-1,11969,11885,11937,-1,11970,11939,11938,-1,11970,11971,11972,-1,11970,11972,11939,-1,11973,11919,11940,-1,11973,11951,11919,-1,11974,11920,11888,-1,11974,11888,11941,-1,11975,11889,11942,-1,11975,11921,11889,-1,11975,11953,11921,-1,11976,11954,11922,-1,11976,11922,11890,-1,11976,11890,11943,-1,11977,11923,11891,-1,11977,11955,11923,-1,11977,11891,11944,-1,11978,11924,11945,-1,11979,11925,11946,-1,11980,11926,11894,-1,11980,11894,11947,-1,11981,11895,11948,-1,11981,11927,11895,-1,11982,11896,11949,-1,11982,11928,11896,-1,11983,11929,11897,-1,11983,11950,8945,-1,11983,8945,8943,-1,11983,11897,11950,-1,11984,11898,11951,-1,11984,11930,11898,-1,11985,11931,11899,-1,11985,11899,11952,-1,11986,11900,11953,-1,11986,11932,11900,-1,11987,11901,11954,-1,11987,11933,11901,-1,11988,11934,11955,-1,11989,11935,11956,-1,11990,11936,11904,-1,11990,11904,11957,-1,11991,11937,11958,-1,11992,11938,11959,-1,11993,11908,11960,-1,11993,11940,11908,-1,11993,11973,11940,-1,11994,11941,11909,-1,11994,11909,11961,-1,11995,11942,11910,-1,11995,11910,11962,-1,11995,11975,11942,-1,11996,11943,11963,-1,11996,11976,11943,-1,11997,11977,11944,-1,11997,11944,11912,-1,11997,11912,11964,-1,11998,11945,11913,-1,11998,11913,11965,-1,11999,11914,11966,-1,11999,11946,11914,-1,12000,11947,11915,-1,12000,11915,11967,-1,12001,11948,11968,-1,12002,11917,11969,-1,12002,11949,11917,-1,12003,11971,11970,-1,12004,11951,11973,-1,12005,11920,11974,-1,12005,11952,11920,-1,12006,11953,11975,-1,12007,11954,11976,-1,12008,11955,11977,-1,12009,11924,11978,-1,12009,11956,11924,-1,12010,11990,11957,-1,12010,11925,11979,-1,12010,11957,11925,-1,12011,11926,11980,-1,12011,11958,11926,-1,12012,11927,11981,-1,12012,11959,11927,-1,12013,11928,11982,-1,12013,11960,11928,-1,12014,11983,8943,-1,12014,8943,8941,-1,12014,11929,11983,-1,12014,11961,11929,-1,12015,11930,11984,-1,12015,11962,11930,-1,12016,11931,11985,-1,12016,11963,11931,-1,12017,11932,11986,-1,12017,11964,11932,-1,12017,11997,11964,-1,12018,11933,11987,-1,12018,11965,11933,-1,12019,11966,11934,-1,12019,11999,11966,-1,12019,11934,11988,-1,12020,11935,11989,-1,12020,11967,11935,-1,12021,11936,11990,-1,12021,11968,11936,-1,12022,11937,11991,-1,12022,11969,11937,-1,12023,11938,11992,-1,12023,11970,11938,-1,12024,11973,11993,-1,12025,12005,11974,-1,12025,11974,11941,-1,12025,11941,11994,-1,12026,12006,11975,-1,12026,11975,11995,-1,12027,11976,11996,-1,12028,11977,11997,-1,12029,12009,11978,-1,12029,11945,11998,-1,12029,11978,11945,-1,12030,11946,11999,-1,12030,11979,11946,-1,12031,11980,11947,-1,12031,11947,12000,-1,12032,11981,11948,-1,12032,11948,12001,-1,12033,11982,11949,-1,12033,11949,12002,-1,12034,11971,12003,-1,12034,12035,11971,-1,12036,11951,12004,-1,12036,11984,11951,-1,12036,12015,11984,-1,12037,11952,12005,-1,12037,11985,11952,-1,12038,11953,12006,-1,12038,12017,11986,-1,12038,11986,11953,-1,12039,11954,12007,-1,12039,11987,11954,-1,12040,11955,12008,-1,12040,11988,11955,-1,12041,11989,11956,-1,12041,11956,12009,-1,12042,11990,12010,-1,12043,11958,12011,-1,12043,11991,11958,-1,12044,11992,11959,-1,12044,11959,12012,-1,12045,11960,12013,-1,12045,11993,11960,-1,12046,11961,12014,-1,12046,12025,11994,-1,12046,12014,8941,-1,12046,8941,8938,-1,12046,11994,11961,-1,12047,11962,12015,-1,12047,11995,11962,-1,12048,11996,11963,-1,12048,11963,12016,-1,12049,11997,12017,-1,12050,11965,12018,-1,12050,11998,11965,-1,12051,11999,12019,-1,12052,11967,12020,-1,12052,12000,11967,-1,12053,11968,12021,-1,12053,12001,11968,-1,12054,12002,11969,-1,12054,11969,12022,-1,12054,12033,12002,-1,12055,11970,12023,-1,12055,12003,11970,-1,12056,11973,12024,-1,12056,12004,11973,-1,12057,12037,12005,-1,12057,12005,12025,-1,12058,12006,12026,-1,12058,12038,12006,-1,12059,12007,11976,-1,12059,11976,12027,-1,12060,12040,12008,-1,12060,11977,12028,-1,12060,12008,11977,-1,12061,12009,12029,-1,12062,12010,11979,-1,12062,11979,12030,-1,12062,12042,12010,-1,12063,11980,12031,-1,12063,12011,11980,-1,12064,12044,12012,-1,12064,11981,12032,-1,12064,12012,11981,-1,12065,11982,12033,-1,12065,12013,11982,-1,12066,12067,12035,-1,12066,12035,12034,-1,12068,12015,12036,-1,12069,11985,12037,-1,12069,12016,11985,-1,12070,12017,12038,-1,12071,11987,12039,-1,12071,12018,11987,-1,12071,12050,12018,-1,12072,12019,11988,-1,12072,11988,12040,-1,12073,11989,12041,-1,12073,12020,11989,-1,12074,12053,12021,-1,12074,11990,12042,-1,12074,12021,11990,-1,12075,11991,12043,-1,12075,12022,11991,-1,12076,11992,12044,-1,12076,12055,12023,-1,12076,12023,11992,-1,12077,12024,11993,-1,12077,11993,12045,-1,12078,12046,8938,-1,12078,12025,12046,-1,12078,8937,8934,-1,12078,8938,8937,-1,12079,11995,12047,-1,12079,12026,11995,-1,12080,12027,11996,-1,12080,11996,12048,-1,12080,12059,12027,-1,12081,11997,12049,-1,12081,12028,11997,-1,12082,11998,12050,-1,12082,12029,11998,-1,12083,12062,12030,-1,12083,11999,12051,-1,12083,12030,11999,-1,12084,12000,12052,-1,12084,12031,12000,-1,12085,12001,12053,-1,12085,12032,12001,-1,12086,12033,12054,-1,12086,12065,12033,-1,12087,12003,12055,-1,12087,12034,12003,-1,12088,12068,12036,-1,12088,12036,12004,-1,12088,12004,12056,-1,12089,12037,12057,-1,12090,12038,12058,-1,12091,12007,12059,-1,12091,12039,12007,-1,12092,12040,12060,-1,12093,12041,12009,-1,12093,12009,12061,-1,12094,12042,12062,-1,12095,12043,12011,-1,12095,12011,12063,-1,12096,12044,12064,-1,12097,12045,12013,-1,12097,12013,12065,-1,12098,12099,12100,-1,12098,12100,12067,-1,12098,12067,12066,-1,12101,12047,12015,-1,12101,12079,12047,-1,12101,12015,12068,-1,12102,12016,12069,-1,12102,12080,12048,-1,12102,12048,12016,-1,12103,12049,12017,-1,12103,12017,12070,-1,12104,12050,12071,-1,12105,12051,12019,-1,12105,12019,12072,-1,12106,12084,12052,-1,12106,12052,12020,-1,12106,12020,12073,-1,12107,12053,12074,-1,12108,12022,12075,-1,12108,12054,12022,-1,12108,12086,12054,-1,12109,12055,12076,-1,12110,12024,12077,-1,12110,12056,12024,-1,12111,12078,8934,-1,12111,12025,12078,-1,12111,12057,12025,-1,12111,12089,12057,-1,12112,12026,12079,-1,12112,12058,12026,-1,12113,12059,12080,-1,12114,12060,12028,-1,12114,12028,12081,-1,12115,12029,12082,-1,12115,12061,12029,-1,12116,12062,12083,-1,12117,12063,12031,-1,12117,12031,12084,-1,12117,12095,12063,-1,12118,12032,12085,-1,12118,12064,12032,-1,12119,12097,12065,-1,12119,12065,12086,-1,12120,12034,12087,-1,12120,12066,12034,-1,12121,12068,12088,-1,12122,12102,12069,-1,12122,12069,12037,-1,12122,12037,12089,-1,12123,12103,12070,-1,12123,12038,12090,-1,12123,12070,12038,-1,12124,12039,12091,-1,12124,12071,12039,-1,12125,12072,12040,-1,12125,12105,12072,-1,12125,12040,12092,-1,12126,12041,12093,-1,12126,12106,12073,-1,12126,12073,12041,-1,12127,12042,12094,-1,12127,12074,12042,-1,12128,12043,12095,-1,12128,12075,12043,-1,12129,12044,12096,-1,12129,12076,12044,-1,12130,12045,12097,-1,12130,12077,12045,-1,12131,12132,12099,-1,12131,12099,12098,-1,12133,12112,12079,-1,12133,12079,12101,-1,12134,12080,12102,-1,12135,12049,12103,-1,12135,12081,12049,-1,12136,12082,12050,-1,12136,12050,12104,-1,12137,12051,12105,-1,12137,12083,12051,-1,12138,12084,12106,-1,12139,12085,12053,-1,12139,12053,12107,-1,12140,12086,12108,-1,12141,12120,12087,-1,12141,12087,12055,-1,12141,12055,12109,-1,12142,12088,12056,-1,12142,12056,12110,-1,12143,12089,12111,-1,12143,12111,8934,-1,12143,8932,8931,-1,12143,8934,8932,-1,12144,12058,12112,-1,12144,12090,12058,-1,12145,12059,12113,-1,12145,12091,12059,-1,12145,12124,12091,-1,12146,12060,12114,-1,12146,12092,12060,-1,12147,12061,12115,-1,12147,12093,12061,-1,12148,12094,12062,-1,12148,12062,12116,-1,12148,12127,12094,-1,12149,12095,12117,-1,12150,12064,12118,-1,12150,12096,12064,-1,12151,12130,12097,-1,12151,12097,12119,-1,12152,12066,12120,-1,12152,12098,12066,-1,12153,12068,12121,-1,12153,12101,12068,-1,12154,12102,12122,-1,12155,12103,12123,-1,12156,12071,12124,-1,12156,12104,12071,-1,12157,12105,12125,-1,12158,12106,12126,-1,12159,12074,12127,-1,12159,12107,12074,-1,12160,12108,12075,-1,12160,12075,12128,-1,12161,12076,12129,-1,12161,12109,12076,-1,12162,12077,12130,-1,12162,12110,12077,-1,12163,12132,12131,-1,12164,12112,12133,-1,12165,12080,12134,-1,12165,12113,12080,-1,12166,12081,12135,-1,12166,12114,12081,-1,12166,12146,12114,-1,12167,12082,12136,-1,12167,12115,12082,-1,12167,12147,12115,-1,12168,12116,12083,-1,12168,12083,12137,-1,12169,12084,12138,-1,12169,12117,12084,-1,12169,12149,12117,-1,12170,12085,12139,-1,12170,12150,12118,-1,12170,12118,12085,-1,12171,12086,12140,-1,12171,12119,12086,-1,12172,12152,12120,-1,12172,12120,12141,-1,12173,12121,12088,-1,12173,12088,12142,-1,12174,12089,12143,-1,12174,12122,12089,-1,12174,12143,8931,-1,12175,12090,12144,-1,12175,12123,12090,-1,12176,12124,12145,-1,12177,12092,12146,-1,12177,12125,12092,-1,12178,12093,12147,-1,12178,12126,12093,-1,12179,12159,12127,-1,12179,12127,12148,-1,12180,12095,12149,-1,12180,12128,12095,-1,12181,12096,12150,-1,12181,12161,12129,-1,12181,12129,12096,-1,12182,12130,12151,-1,12183,12098,12152,-1,12183,12131,12098,-1,12184,12101,12153,-1,12184,12164,12133,-1,12184,12133,12101,-1,12185,12134,12102,-1,12185,12102,12154,-1,12185,12165,12134,-1,12186,12166,12135,-1,12186,12135,12103,-1,12186,12103,12155,-1,12187,12136,12104,-1,12187,12104,12156,-1,12188,12137,12105,-1,12188,12105,12157,-1,12189,12138,12106,-1,12189,12106,12158,-1,12190,12139,12107,-1,12190,12107,12159,-1,12191,12140,12108,-1,12191,12108,12160,-1,12192,12109,12161,-1,12192,12141,12109,-1,12193,12110,12162,-1,12193,12142,12110,-1,12194,12132,12163,-1,12194,12195,12132,-1,12196,12175,12144,-1,12196,12112,12164,-1,12196,12144,12112,-1,12197,12113,12165,-1,12197,12145,12113,-1,12198,12146,12166,-1,12199,12147,12167,-1,12200,12116,12168,-1,12200,12148,12116,-1,12201,12149,12169,-1,12202,12150,12170,-1,12202,12181,12150,-1,12203,12182,12151,-1,12203,12151,12119,-1,12203,12119,12171,-1,12204,12152,12172,-1,12205,12121,12173,-1,12205,12153,12121,-1,12206,8929,8927,-1,12206,8931,8929,-1,12206,12185,12154,-1,12206,12154,12122,-1,12206,12174,8931,-1,12206,12122,12174,-1,12207,12155,12123,-1,12207,12123,12175,-1,12208,12124,12176,-1,12208,12156,12124,-1,12209,12157,12125,-1,12209,12125,12177,-1,12210,12126,12178,-1,12210,12158,12126,-1,12211,12159,12179,-1,12212,12128,12180,-1,12212,12160,12128,-1,12213,12161,12181,-1,12214,12130,12182,-1,12214,12162,12130,-1,12215,12131,12183,-1,12215,12163,12131,-1,12216,12164,12184,-1,12217,12197,12165,-1,12217,12165,12185,-1,12218,12166,12186,-1,12219,12136,12187,-1,12219,12167,12136,-1,12220,12168,12137,-1,12220,12200,12168,-1,12220,12137,12188,-1,12221,12138,12189,-1,12221,12169,12138,-1,12222,12170,12139,-1,12222,12139,12190,-1,12223,12171,12140,-1,12223,12140,12191,-1,12224,12141,12192,-1,12224,12172,12141,-1,12225,12142,12193,-1,12225,12173,12142,-1,12226,12195,12194,-1,12226,12227,12228,-1,12226,12228,12195,-1,12229,12207,12175,-1,12229,12175,12196,-1,12230,12176,12145,-1,12230,12145,12197,-1,12231,12146,12198,-1,12231,12177,12146,-1,12231,12209,12177,-1,12232,12178,12147,-1,12232,12147,12199,-1,12232,12210,12178,-1,12233,12179,12148,-1,12233,12148,12200,-1,12234,12149,12201,-1,12234,12180,12149,-1,12234,12212,12180,-1,12235,12181,12202,-1,12236,12182,12203,-1,12237,12183,12152,-1,12237,12152,12204,-1,12237,12215,12183,-1,12238,12184,12153,-1,12238,12153,12205,-1,12239,12185,12206,-1,12239,12206,8927,-1,12240,12186,12155,-1,12240,12155,12207,-1,12241,12187,12156,-1,12241,12156,12208,-1,12242,12188,12157,-1,12242,12220,12188,-1,12242,12157,12209,-1,12243,12158,12210,-1,12243,12189,12158,-1,12244,12190,12159,-1,12244,12159,12211,-1,12245,12223,12191,-1,12245,12191,12160,-1,12245,12160,12212,-1,12246,12192,12161,-1,12246,12161,12213,-1,12247,12225,12193,-1,12247,12193,12162,-1,12247,12162,12214,-1,12248,12163,12215,-1,12248,12194,12163,-1,12249,12196,12164,-1,12249,12164,12216,-1,12250,12197,12217,-1,12251,12166,12218,-1,12251,12198,12166,-1,12251,12231,12198,-1,12252,12199,12167,-1,12252,12167,12219,-1,12253,12200,12220,-1,12254,12169,12221,-1,12254,12201,12169,-1,12254,12234,12201,-1,12255,12202,12170,-1,12255,12170,12222,-1,12256,12203,12171,-1,12256,12171,12223,-1,12257,12172,12224,-1,12257,12204,12172,-1,12258,12173,12225,-1,12258,12205,12173,-1,12259,12227,12226,-1,12260,12207,12229,-1,12260,12240,12207,-1,12261,12176,12230,-1,12261,12208,12176,-1,12262,12209,12231,-1,12263,12210,12232,-1,12263,12243,12210,-1,12264,12211,12179,-1,12264,12179,12233,-1,12265,12212,12234,-1,12266,12213,12181,-1,12266,12181,12235,-1,12267,12214,12182,-1,12267,12182,12236,-1,12268,12215,12237,-1,12269,12184,12238,-1,12269,12216,12184,-1,12270,12250,12217,-1,12270,12185,12239,-1,12270,8925,8923,-1,12270,8927,8925,-1,12270,12217,12185,-1,12270,12239,8927,-1,12271,12186,12240,-1,12271,12218,12186,-1,12272,12219,12187,-1,12272,12252,12219,-1,12272,12187,12241,-1,12273,12220,12242,-1,12274,12221,12189,-1,12274,12189,12243,-1,12275,12255,12222,-1,12275,12222,12190,-1,12275,12190,12244,-1,12276,12223,12245,-1,12277,12192,12246,-1,12277,12257,12224,-1,12277,12224,12192,-1,12278,12225,12247,-1,12279,12226,12194,-1,12279,12194,12248,-1,12280,12196,12249,-1,12280,12260,12229,-1,12280,12229,12196,-1,12281,12197,12250,-1,12281,12261,12230,-1,12281,12230,12197,-1,12282,12231,12251,-1,12283,12199,12252,-1,12283,12232,12199,-1,12284,12264,12233,-1,12284,12233,12200,-1,12284,12200,12253,-1,12285,12234,12254,-1,12286,12235,12202,-1,12286,12202,12255,-1,12287,12203,12256,-1,12287,12236,12203,-1,12288,12204,12257,-1,12288,12237,12204,-1,12289,12205,12258,-1,12289,12238,12205,-1,12290,12227,12259,-1,12290,12291,12227,-1,12292,12240,12260,-1,12293,12241,12208,-1,12293,12208,12261,-1,12294,12209,12262,-1,12294,12242,12209,-1,12295,12243,12263,-1,12296,12211,12264,-1,12296,12244,12211,-1,12297,12212,12265,-1,12297,12245,12212,-1,12298,12213,12266,-1,12298,12246,12213,-1,12299,12278,12247,-1,12299,12214,12267,-1,12299,12247,12214,-1,12300,12248,12215,-1,12300,12215,12268,-1,12301,12249,12216,-1,12301,12216,12269,-1,12302,12250,12270,-1,12302,12270,8923,-1,12303,12251,12218,-1,12303,12218,12271,-1,12304,12252,12272,-1,12305,12220,12273,-1,12305,12253,12220,-1,12306,12254,12221,-1,12306,12221,12274,-1,12307,12255,12275,-1,12308,12223,12276,-1,12308,12256,12223,-1,12309,12257,12277,-1,12310,12289,12258,-1,12310,12258,12225,-1,12310,12225,12278,-1,12311,12226,12279,-1,12311,12259,12226,-1,12312,12260,12280,-1,12313,12261,12281,-1,12314,12262,12231,-1,12314,12231,12282,-1,12315,12232,12283,-1,12315,12263,12232,-1,12316,12264,12284,-1,12317,12265,12234,-1,12317,12234,12285,-1,12318,12266,12235,-1,12318,12235,12286,-1,12319,12236,12287,-1,12319,12267,12236,-1,12320,12237,12288,-1,12320,12268,12237,-1,12321,12238,12289,-1,12321,12269,12238,-1,12322,12291,12290,-1,12322,9075,9074,-1,12322,9074,12323,-1,12322,12323,12291,-1,12324,12271,12240,-1,12324,12303,12271,-1,12324,12240,12292,-1,12325,12272,12241,-1,12325,12241,12293,-1,12326,12305,12273,-1,12326,12273,12242,-1,12326,12242,12294,-1,12327,12243,12295,-1,12327,12306,12274,-1,12327,12274,12243,-1,12328,12244,12296,-1,12328,12275,12244,-1,12329,12245,12297,-1,12329,12276,12245,-1,12330,12246,12298,-1,12330,12277,12246,-1,12331,12278,12299,-1,12332,12311,12279,-1,12332,12248,12300,-1,12332,12279,12248,-1,12333,12280,12249,-1,12333,12249,12301,-1,12334,12313,12281,-1,12334,12281,12250,-1,12334,8923,8920,-1,12334,12302,8923,-1,12334,12250,12302,-1,12335,12251,12303,-1,12335,12282,12251,-1,12336,12252,12304,-1,12336,12283,12252,-1,12337,12284,12253,-1,12337,12253,12305,-1,12338,12254,12306,-1,12338,12285,12254,-1,12339,12286,12255,-1,12339,12255,12307,-1,12340,12287,12256,-1,12340,12256,12308,-1,12341,12257,12309,-1,12341,12288,12257,-1,12341,12320,12288,-1,12342,12289,12310,-1,12343,12290,12259,-1,12343,12259,12311,-1,12344,12292,12260,-1,12344,12260,12312,-1,12345,12293,12261,-1,12345,12261,12313,-1,12346,12326,12294,-1,12346,12294,12262,-1,12346,12262,12314,-1,12347,12295,12263,-1,12347,12263,12315,-1,12348,12264,12316,-1,12348,12296,12264,-1,12349,12329,12297,-1,12349,12265,12317,-1,12349,12297,12265,-1,12350,12266,12318,-1,12350,12298,12266,-1,12351,12267,12319,-1,12351,12299,12267,-1,12352,12268,12320,-1,12352,12300,12268,-1,12353,12269,12321,-1,12353,12301,12269,-1,12354,12303,12324,-1,12355,12272,12325,-1,12355,12304,12272,-1,12356,12305,12326,-1,12357,12306,12327,-1,12358,12275,12328,-1,12358,12307,12275,-1,12359,12276,12329,-1,12359,12308,12276,-1,12360,12309,12277,-1,12360,12277,12330,-1,12361,12278,12331,-1,12361,12310,12278,-1,12361,12342,12310,-1,12362,12311,12332,-1,12363,12280,12333,-1,12363,12312,12280,-1,12364,12334,8920,-1,12364,8919,8917,-1,12364,8920,8919,-1,12364,12313,12334,-1,12365,12282,12335,-1,12365,12314,12282,-1,12366,12315,12283,-1,12366,12283,12336,-1,12367,12316,12284,-1,12367,12284,12337,-1,12368,12317,12285,-1,12368,12285,12338,-1,12369,12318,12286,-1,12369,12286,12339,-1,12370,12319,12287,-1,12370,12287,12340,-1,12371,12320,12341,-1,12372,12321,12289,-1,12372,12289,12342,-1,12373,9075,12322,-1,12373,9087,9080,-1,12373,9080,9075,-1,12373,12322,12290,-1,12373,12290,12343,-1,12374,12324,12292,-1,12374,12292,12344,-1,12375,12355,12325,-1,12375,12325,12293,-1,12375,12293,12345,-1,12376,12326,12346,-1,12377,12327,12295,-1,12377,12295,12347,-1,12378,12358,12328,-1,12378,12296,12348,-1,12378,12328,12296,-1,12379,12329,12349,-1,12380,12330,12298,-1,12380,12298,12350,-1,12381,12331,12299,-1,12381,12299,12351,-1,12382,12300,12352,-1,12382,12332,12300,-1,12383,12301,12353,-1,12383,12333,12301,-1,12384,12335,12303,-1,12384,12365,12335,-1,12384,12303,12354,-1,12385,12336,12304,-1,12385,12366,12336,-1,12385,12304,12355,-1,12386,12305,12356,-1,12386,12337,12305,-1,12386,12367,12337,-1,12387,12338,12306,-1,12387,12306,12357,-1,12388,12307,12358,-1,12388,12339,12307,-1,12388,12369,12339,-1,12389,12370,12340,-1,12389,12308,12359,-1,12389,12340,12308,-1,12390,12309,12360,-1,12390,12341,12309,-1,12391,12342,12361,-1,12392,12311,12362,-1,12392,12373,12343,-1,12392,12343,12311,-1,12393,12312,12363,-1,12393,12344,12312,-1,12394,12364,8917,-1,12394,12313,12364,-1,12394,8917,8915,-1,12394,12375,12345,-1,12394,12345,12313,-1,12395,12314,12365,-1,12395,12346,12314,-1,12396,12347,12315,-1,12396,12315,12366,-1,12397,12348,12316,-1,12397,12316,12367,-1,12398,12349,12317,-1,12398,12317,12368,-1,12399,12350,12318,-1,12399,12318,12369,-1,12399,12380,12350,-1,12400,12351,12319,-1,12400,12319,12370,-1,12401,12352,12320,-1,12401,12320,12371,-1,12402,12383,12353,-1,12402,12353,12321,-1,12402,12321,12372,-1,12403,12324,12374,-1,12403,12354,12324,-1,12403,12384,12354,-1,12404,12355,12375,-1,12405,12386,12356,-1,12405,12356,12326,-1,12405,12326,12376,-1,12406,12357,12327,-1,12406,12327,12377,-1,12407,12358,12378,-1,12408,12389,12359,-1,12408,12329,12379,-1,12408,12359,12329,-1,12409,12360,12330,-1,12409,12330,12380,-1,12410,12361,12331,-1,12410,12331,12381,-1,12411,12362,12332,-1,12411,12332,12382,-1,12412,12363,12333,-1,12412,12333,12383,-1,12413,12365,12384,-1,12414,12366,12385,-1,12415,12367,12386,-1,12416,12338,12387,-1,12416,12368,12338,-1,12417,12369,12388,-1,12418,12370,12389,-1,12419,12341,12390,-1,12419,12371,12341,-1,12420,12342,12391,-1,12420,12372,12342,-1,12421,9087,12373,-1,12421,12373,12392,-1,12422,12344,12393,-1,12422,12374,12344,-1,12423,12375,12394,-1,12423,12394,8915,-1,12424,12346,12395,-1,12424,12405,12376,-1,12424,12376,12346,-1,12425,12377,12347,-1,12425,12347,12396,-1,12426,12348,12397,-1,12426,12378,12348,-1,12427,12349,12398,-1,12427,12379,12349,-1,12428,12380,12399,-1,12428,12409,12380,-1,12429,12351,12400,-1,12429,12381,12351,-1,12430,12382,12352,-1,12430,12352,12401,-1,12430,12411,12382,-1,12431,12383,12402,-1,12431,12412,12383,-1,12432,12384,12403,-1,12432,12413,12384,-1,12433,12355,12404,-1,12433,12385,12355,-1,12433,12414,12385,-1,12434,12386,12405,-1,12434,12415,12386,-1,12435,12387,12357,-1,12435,12357,12406,-1,12436,12358,12407,-1,12436,12388,12358,-1,12437,12389,12408,-1,12437,12418,12389,-1,12438,12390,12360,-1,12438,12360,12409,-1,12439,12391,12361,-1,12439,12361,12410,-1,12440,12362,12411,-1,12440,12392,12362,-1,12441,12363,12412,-1,12441,12393,12363,-1,12442,12365,12413,-1,12442,12395,12365,-1,12442,12424,12395,-1,12443,12366,12414,-1,12443,12396,12366,-1,12444,12397,12367,-1,12444,12367,12415,-1,12445,12398,12368,-1,12445,12427,12398,-1,12445,12368,12416,-1,12446,12399,12369,-1,12446,12369,12417,-1,12447,12429,12400,-1,12447,12400,12370,-1,12447,12370,12418,-1,12448,12371,12419,-1,12448,12401,12371,-1,12449,12431,12402,-1,12449,12372,12420,-1,12449,12402,12372,-1,12450,12403,12374,-1,12450,12374,12422,-1,12451,12423,8915,-1,12451,8915,8913,-1,12451,12375,12423,-1,12451,12404,12375,-1,12452,12405,12424,-1,12453,12377,12425,-1,12453,12406,12377,-1,12454,12378,12426,-1,12454,12407,12378,-1,12455,12379,12427,-1,12455,12408,12379,-1,12456,12409,12428,-1,12457,12381,12429,-1,12457,12410,12381,-1,12458,12411,12430,-1,12458,12440,12411,-1,12459,12412,12431,-1,12460,12413,12432,-1,12461,12414,12433,-1,12462,12415,12434,-1,12463,12416,12387,-1,12463,12387,12435,-1,12464,12417,12388,-1,12464,12388,12436,-1,12465,12418,12437,-1,12466,12390,12438,-1,12466,12419,12390,-1,12467,12420,12391,-1,12467,12391,12439,-1,12468,12421,12392,-1,12468,9087,12421,-1,12468,12392,12440,-1,12468,9094,9087,-1,12469,12393,12441,-1,12469,12422,12393,-1,12470,12424,12442,-1,12470,12452,12424,-1,12471,12396,12443,-1,12471,12425,12396,-1,12472,12454,12426,-1,12472,12426,12397,-1,12472,12397,12444,-1,12473,12427,12445,-1,12474,12456,12428,-1,12474,12428,12399,-1,12474,12399,12446,-1,12475,12429,12447,-1,12476,12430,12401,-1,12476,12401,12448,-1,12477,12431,12449,-1,12478,12432,12403,-1,12478,12403,12450,-1,12479,8913,8911,-1,12479,12433,12404,-1,12479,12451,8913,-1,12479,12404,12451,-1,12480,12434,12405,-1,12480,12405,12452,-1,12481,12435,12406,-1,12481,12406,12453,-1,12481,12463,12435,-1,12482,12407,12454,-1,12482,12436,12407,-1,12483,12408,12455,-1,12483,12437,12408,-1,12484,12409,12456,-1,12484,12438,12409,-1,12484,12466,12438,-1,12485,12410,12457,-1,12485,12439,12410,-1,12486,12440,12458,-1,12487,12412,12459,-1,12487,12441,12412,-1,12488,12442,12413,-1,12488,12413,12460,-1,12489,12414,12461,-1,12489,12443,12414,-1,12490,12415,12462,-1,12490,12472,12444,-1,12490,12444,12415,-1,12491,12416,12463,-1,12491,12445,12416,-1,12492,12417,12464,-1,12492,12446,12417,-1,12493,12418,12465,-1,12493,12475,12447,-1,12493,12447,12418,-1,12494,12419,12466,-1,12494,12448,12419,-1,12495,12449,12420,-1,12495,12420,12467,-1,12496,12422,12469,-1,12496,12450,12422,-1,12497,12452,12470,-1,12498,12425,12471,-1,12498,12453,12425,-1,12499,12454,12472,-1,12500,12483,12455,-1,12500,12455,12427,-1,12500,12427,12473,-1,12501,12456,12474,-1,12502,12429,12475,-1,12502,12457,12429,-1,12502,12485,12457,-1,12503,12458,12430,-1,12503,12430,12476,-1,12504,12431,12477,-1,12504,12459,12431,-1,12504,12487,12459,-1,12505,12432,12478,-1,12505,12460,12432,-1,12506,12479,8911,-1,12506,12489,12461,-1,12506,8909,8907,-1,12506,8911,8909,-1,12506,12461,12433,-1,12506,12433,12479,-1,12507,12462,12434,-1,12507,12434,12480,-1,12508,12463,12481,-1,12509,12464,12436,-1,12509,12492,12464,-1,12509,12436,12482,-1,12510,12465,12437,-1,12510,12437,12483,-1,12511,12466,12484,-1,12512,12467,12439,-1,12512,12439,12485,-1,12513,12468,12440,-1,12513,9094,12468,-1,12513,9104,9094,-1,12513,12440,12486,-1,12514,12441,12487,-1,12514,12469,12441,-1,12514,12496,12469,-1,12515,12470,12442,-1,12515,12442,12488,-1,12516,12471,12443,-1,12516,12443,12489,-1,12517,12472,12490,-1,12518,12445,12491,-1,12518,12473,12445,-1,12519,12446,12492,-1,12519,12474,12446,-1,12520,12475,12493,-1,12521,12503,12476,-1,12521,12448,12494,-1,12521,12476,12448,-1,12522,12449,12495,-1,12522,12477,12449,-1,12523,12450,12496,-1,12523,12478,12450,-1,12524,12507,12480,-1,12524,12452,12497,-1,12524,12480,12452,-1,12525,12481,12453,-1,12525,12453,12498,-1,12526,12454,12499,-1,12526,12482,12454,-1,12527,12483,12500,-1,12528,12484,12456,-1,12528,12456,12501,-1,12528,12511,12484,-1,12529,12485,12502,-1,12530,12458,12503,-1,12530,12486,12458,-1,12531,12487,12504,-1,12532,12460,12505,-1,12532,12488,12460,-1,12533,12489,12506,-1,12533,12506,8907,-1,12534,12462,12507,-1,12534,12490,12462,-1,12535,12463,12508,-1,12535,12518,12491,-1,12535,12491,12463,-1,12536,12492,12509,-1,12537,12465,12510,-1,12537,12493,12465,-1,12538,12466,12511,-1,12538,12494,12466,-1,12539,12495,12467,-1,12539,12467,12512,-1,12540,12496,12514,-1,12541,12497,12470,-1,12541,12470,12515,-1,12542,12471,12516,-1,12542,12498,12471,-1,12543,12526,12499,-1,12543,12472,12517,-1,12543,12499,12472,-1,12544,12500,12473,-1,12544,12473,12518,-1,12545,12474,12519,-1,12545,12501,12474,-1,12546,12475,12520,-1,12546,12529,12502,-1,12546,12502,12475,-1,12547,12503,12521,-1,12548,12477,12522,-1,12548,12504,12477,-1,12549,12478,12523,-1,12549,12505,12478,-1,12550,12507,12524,-1,12550,12534,12507,-1,12551,12508,12481,-1,12551,12481,12525,-1,12552,12482,12526,-1,12552,12509,12482,-1,12553,12483,12527,-1,12553,12510,12483,-1,12554,12511,12528,-1,12555,12485,12529,-1,12555,12512,12485,-1,12556,12486,12530,-1,12556,9116,9104,-1,12556,12513,12486,-1,12556,9104,12513,-1,12557,12540,12514,-1,12557,12487,12531,-1,12557,12514,12487,-1,12558,12488,12532,-1,12558,12515,12488,-1,12559,12489,12533,-1,12559,12542,12516,-1,12559,12516,12489,-1,12559,12533,8907,-1,12559,8904,8903,-1,12559,8907,8904,-1,12560,12517,12490,-1,12560,12490,12534,-1,12561,12518,12535,-1,12562,12492,12536,-1,12562,12519,12492,-1,12562,12545,12519,-1,12563,12493,12537,-1,12563,12520,12493,-1,12564,12494,12538,-1,12564,12521,12494,-1,12565,12495,12539,-1,12565,12548,12522,-1,12565,12522,12495,-1,12566,12549,12523,-1,12566,12496,12540,-1,12566,12523,12496,-1,12567,12524,12497,-1,12567,12497,12541,-1,12567,12550,12524,-1,12568,12525,12498,-1,12568,12498,12542,-1,12569,12526,12543,-1,12570,12500,12544,-1,12570,12527,12500,-1,12571,12501,12545,-1,12571,12528,12501,-1,12572,12529,12546,-1,12573,12530,12503,-1,12573,12503,12547,-1,12574,12531,12504,-1,12574,12504,12548,-1,12575,12532,12505,-1,12575,12505,12549,-1,12576,12534,12550,-1,12577,12535,12508,-1,12577,12508,12551,-1,12578,12509,12552,-1,12578,12536,12509,-1,12579,12537,12510,-1,12579,12510,12553,-1,12580,12511,12554,-1,12580,12538,12511,-1,12581,12512,12555,-1,12581,12539,12512,-1,12582,12540,12557,-1,12583,12515,12558,-1,12583,12541,12515,-1,12584,12559,8903,-1,12584,12542,12559,-1,12584,12568,12542,-1,12585,12543,12517,-1,12585,12517,12560,-1,12586,12570,12544,-1,12586,12518,12561,-1,12586,12544,12518,-1,12587,12545,12562,-1,12588,12520,12563,-1,12588,12546,12520,-1,12589,12521,12564,-1,12589,12547,12521,-1,12590,12548,12565,-1,12591,12549,12566,-1,12592,12550,12567,-1,12593,12525,12568,-1,12593,12551,12525,-1,12594,12526,12569,-1,12594,12552,12526,-1,12594,12578,12552,-1,12595,12527,12570,-1,12595,12553,12527,-1,12596,12554,12528,-1,12596,12528,12571,-1,12597,12555,12529,-1,12597,12529,12572,-1,12598,9143,9128,-1,12598,12556,12530,-1,12598,9128,9116,-1,12598,9116,12556,-1,12598,12530,12573,-1,12599,12557,12531,-1,12599,12531,12574,-1,12600,12532,12575,-1,12600,12558,12532,-1,12601,12560,12534,-1,12601,12534,12576,-1,12602,12561,12535,-1,12602,12535,12577,-1,12603,12536,12578,-1,12603,12562,12536,-1,12604,12563,12537,-1,12604,12537,12579,-1,12605,12564,12538,-1,12605,12538,12580,-1,12606,12590,12565,-1,12606,12565,12539,-1,12606,12539,12581,-1,12607,12566,12540,-1,12607,12540,12582,-1,12608,12567,12541,-1,12608,12541,12583,-1,12609,8903,8900,-1,12609,12584,8903,-1,12609,12568,12584,-1,12610,12569,12543,-1,12610,12543,12585,-1,12611,12570,12586,-1,12612,12545,12587,-1,12612,12571,12545,-1,12612,12596,12571,-1,12613,12546,12588,-1,12613,12572,12546,-1,12614,12547,12589,-1,12614,12573,12547,-1,12614,12598,12573,-1,12615,12548,12590,-1,12615,12574,12548,-1,12616,12549,12591,-1,12616,12600,12575,-1,12616,12575,12549,-1,12617,12550,12592,-1,12617,12576,12550,-1,12618,12551,12593,-1,12618,12602,12577,-1,12618,12577,12551,-1,12619,12578,12594,-1,12620,12604,12579,-1,12620,12553,12595,-1,12620,12579,12553,-1,12621,12580,12554,-1,12621,12554,12596,-1,12622,12555,12597,-1,12622,12581,12555,-1,12622,12606,12581,-1,12623,12557,12599,-1,12623,12582,12557,-1,12624,12558,12600,-1,12624,12583,12558,-1,12625,12560,12601,-1,12625,12585,12560,-1,12626,12586,12561,-1,12626,12561,12602,-1,12627,12562,12603,-1,12627,12587,12562,-1,12628,12588,12563,-1,12628,12563,12604,-1,12629,12589,12564,-1,12629,12614,12589,-1,12629,12564,12605,-1,12630,12590,12606,-1,12630,12615,12590,-1,12631,12591,12566,-1,12631,12566,12607,-1,12632,12592,12567,-1,12632,12567,12608,-1,12633,12593,12568,-1,12633,8899,8896,-1,12633,8900,8899,-1,12633,12568,12609,-1,12633,12618,12593,-1,12633,12609,8900,-1,12634,12594,12569,-1,12634,12569,12610,-1,12635,12595,12570,-1,12635,12570,12611,-1,12636,12596,12612,-1,12637,12597,12572,-1,12637,12572,12613,-1,12638,9143,12598,-1,12638,12598,12614,-1,12639,12599,12574,-1,12639,12574,12615,-1,12640,12600,12616,-1,12641,12625,12601,-1,12641,12601,12576,-1,12641,12576,12617,-1,12642,12602,12618,-1,12643,12627,12603,-1,12643,12603,12578,-1,12643,12578,12619,-1,12644,12604,12620,-1,12645,12580,12621,-1,12645,12605,12580,-1,12646,12606,12622,-1,12647,12631,12607,-1,12647,12582,12623,-1,12647,12607,12582,-1,12648,12583,12624,-1,12648,12608,12583,-1,12649,12585,12625,-1,12649,12610,12585,-1,12650,12586,12626,-1,12650,12611,12586,-1,12651,12612,12587,-1,12651,12587,12627,-1,12652,12588,12628,-1,12652,12613,12588,-1,12653,12614,12629,-1,12654,12615,12630,-1,12655,12591,12631,-1,12655,12616,12591,-1,12656,12592,12632,-1,12656,12617,12592,-1,12657,12618,12633,-1,12657,12633,8896,-1,12658,12594,12634,-1,12658,12619,12594,-1,12659,12644,12620,-1,12659,12620,12595,-1,12659,12595,12635,-1,12660,12621,12596,-1,12660,12596,12636,-1,12661,12622,12597,-1,12661,12597,12637,-1,12662,12623,12599,-1,12662,12647,12623,-1,12662,12599,12639,-1,12663,12600,12640,-1,12663,12624,12600,-1,12664,12625,12641,-1,12665,12626,12602,-1,12665,12602,12642,-1,12666,12627,12643,-1,12667,12628,12604,-1,12667,12604,12644,-1,12668,12605,12645,-1,12668,12629,12605,-1,12669,12606,12646,-1,12669,12630,12606,-1,12670,12631,12647,-1,12671,12632,12608,-1,12671,12608,12648,-1,12672,12634,12610,-1,12672,12610,12649,-1,12673,12635,12611,-1,12673,12611,12650,-1,12674,12612,12651,-1,12674,12636,12612,-1,12675,12637,12613,-1,12675,12613,12652,-1,12676,9160,9143,-1,12676,9143,12638,-1,12676,12638,12614,-1,12676,12614,12653,-1,12677,12639,12615,-1,12677,12662,12639,-1,12677,12615,12654,-1,12678,12616,12655,-1,12678,12640,12616,-1,12679,12617,12656,-1,12679,12641,12617,-1,12680,12657,8896,-1,12680,12665,12642,-1,12680,8896,8894,-1,12680,12642,12618,-1,12680,12618,12657,-1,12681,12619,12658,-1,12681,12643,12619,-1,12682,12644,12659,-1,12683,12668,12645,-1,12683,12645,12621,-1,12683,12621,12660,-1,12684,12622,12661,-1,12684,12646,12622,-1,12685,12647,12662,-1,12686,12624,12663,-1,12686,12648,12624,-1,12686,12671,12648,-1,12687,12625,12664,-1,12687,12672,12649,-1,12687,12649,12625,-1,12688,12673,12650,-1,12688,12650,12626,-1,12688,12626,12665,-1,12689,12627,12666,-1,12689,12674,12651,-1,12689,12651,12627,-1,12690,12628,12667,-1,12690,12652,12628,-1,12691,12629,12668,-1,12691,12653,12629,-1,12692,12630,12669,-1,12692,12677,12654,-1,12692,12654,12630,-1,12693,12631,12670,-1,12693,12655,12631,-1,12694,12656,12632,-1,12694,12632,12671,-1,12695,12658,12634,-1,12695,12634,12672,-1,12696,12659,12635,-1,12696,12635,12673,-1,12697,12660,12636,-1,12697,12636,12674,-1,12698,12661,12637,-1,12698,12637,12675,-1,12699,12662,12677,-1,12700,12663,12640,-1,12700,12640,12678,-1,12701,12641,12679,-1,12701,12664,12641,-1,12702,12665,12680,-1,12702,8894,8893,-1,12702,12680,8894,-1,12703,12666,12643,-1,12703,12643,12681,-1,12704,12667,12644,-1,12704,12644,12682,-1,12705,12691,12668,-1,12705,12668,12683,-1,12706,12646,12684,-1,12706,12669,12646,-1,12707,12670,12647,-1,12707,12647,12685,-1,12708,12671,12686,-1,12709,12672,12687,-1,12710,12673,12688,-1,12711,12674,12689,-1,12712,12652,12690,-1,12712,12675,12652,-1,12713,12653,12691,-1,12713,9177,9160,-1,12713,9160,12676,-1,12713,12676,12653,-1,12714,12677,12692,-1,12715,12655,12693,-1,12715,12678,12655,-1,12716,12679,12656,-1,12716,12656,12694,-1,12717,12658,12695,-1,12717,12681,12658,-1,12718,12682,12659,-1,12718,12659,12696,-1,12719,12683,12660,-1,12719,12660,12697,-1,12720,12684,12661,-1,12720,12706,12684,-1,12720,12661,12698,-1,12721,12662,12699,-1,12721,12685,12662,-1,12722,12686,12663,-1,12722,12663,12700,-1,12723,12687,12664,-1,12723,12664,12701,-1,12724,8891,8888,-1,12724,8893,8891,-1,12724,12702,8893,-1,12724,12710,12688,-1,12724,12688,12665,-1,12724,12665,12702,-1,12725,12689,12666,-1,12725,12666,12703,-1,12726,12667,12704,-1,12726,12690,12667,-1,12727,12691,12705,-1,12728,12669,12706,-1,12728,12692,12669,-1,12729,12693,12670,-1,12729,12670,12707,-1,12730,12671,12708,-1,12730,12694,12671,-1,12731,12695,12672,-1,12731,12672,12709,-1,12732,12696,12673,-1,12732,12673,12710,-1,12733,12697,12674,-1,12733,12674,12711,-1,12734,12675,12712,-1,12734,12698,12675,-1,12735,12699,12677,-1,12735,12677,12714,-1,12736,12700,12678,-1,12736,12678,12715,-1,12737,12679,12716,-1,12737,12701,12679,-1,12738,12703,12681,-1,12738,12681,12717,-1,12739,12682,12718,-1,12739,12704,12682,-1,12740,12705,12683,-1,12740,12683,12719,-1,12741,12706,12720,-1,12742,12707,12685,-1,12742,12685,12721,-1,12743,12708,12686,-1,12743,12686,12722,-1,12744,12687,12723,-1,12744,12709,12687,-1,12745,12724,8888,-1,12745,12710,12724,-1,12746,12689,12725,-1,12746,12711,12689,-1,12747,12712,12690,-1,12747,12690,12726,-1,12748,12691,12727,-1,12748,9219,9197,-1,12748,9197,9177,-1,12748,9177,12713,-1,12748,12713,12691,-1,12749,12692,12728,-1,12749,12714,12692,-1,12750,12715,12693,-1,12750,12693,12729,-1,12751,12694,12730,-1,12751,12716,12694,-1,12751,12737,12716,-1,12752,12695,12731,-1,12752,12717,12695,-1,12753,12696,12732,-1,12753,12718,12696,-1,12754,12719,12697,-1,12754,12740,12719,-1,12754,12697,12733,-1,12755,12698,12734,-1,12755,12720,12698,-1,12756,12699,12735,-1,12756,12742,12721,-1,12756,12721,12699,-1,12757,12722,12700,-1,12757,12700,12736,-1,12758,12723,12701,-1,12758,12701,12737,-1,12758,12744,12723,-1,12759,12725,12703,-1,12759,12703,12738,-1,12760,12726,12704,-1,12760,12704,12739,-1,12761,12705,12740,-1,12761,12727,12705,-1,12762,12728,12706,-1,12762,12706,12741,-1,12763,12729,12707,-1,12763,12707,12742,-1,12764,12730,12708,-1,12764,12708,12743,-1,12764,12751,12730,-1,12765,12731,12709,-1,12765,12709,12744,-1,12766,12753,12732,-1,12766,12710,12745,-1,12766,12732,12710,-1,12766,8887,8884,-1,12766,8888,8887,-1,12766,12745,8888,-1,12767,12733,12711,-1,12767,12711,12746,-1,12768,12712,12747,-1,12768,12734,12712,-1,12768,12755,12734,-1,12769,12735,12714,-1,12769,12714,12749,-1,12770,12736,12715,-1,12770,12715,12750,-1,12771,12737,12751,-1,12772,12759,12738,-1,12772,12738,12717,-1,12772,12717,12752,-1,12773,12739,12718,-1,12773,12718,12753,-1,12774,12740,12754,-1,12775,12741,12720,-1,12775,12720,12755,-1,12776,12742,12756,-1,12777,12722,12757,-1,12777,12743,12722,-1,12778,12744,12758,-1,12779,12725,12759,-1,12779,12746,12725,-1,12780,12747,12726,-1,12780,12726,12760,-1,12781,12748,12727,-1,12781,9219,12748,-1,12781,12727,12761,-1,12782,12749,12728,-1,12782,12728,12762,-1,12783,12770,12750,-1,12783,12750,12729,-1,12783,12729,12763,-1,12784,12751,12764,-1,12785,12752,12731,-1,12785,12731,12765,-1,12786,12766,8884,-1,12786,12753,12766,-1,12787,12733,12767,-1,12787,12754,12733,-1,12788,12755,12768,-1,12789,12735,12769,-1,12789,12756,12735,-1,12790,12757,12736,-1,12790,12777,12757,-1,12790,12736,12770,-1,12791,12758,12737,-1,12791,12737,12771,-1,12792,12759,12772,-1,12792,12779,12759,-1,12793,12760,12739,-1,12793,12739,12773,-1,12794,12761,12740,-1,12794,12740,12774,-1,12794,12781,12761,-1,12795,12762,12741,-1,12795,12741,12775,-1,12796,12742,12776,-1,12796,12763,12742,-1,12796,12783,12763,-1,12797,12764,12743,-1,12797,12743,12777,-1,12798,12765,12744,-1,12798,12744,12778,-1,12799,12746,12779,-1,12799,12767,12746,-1,12800,12747,12780,-1,12800,12768,12747,-1,12801,12749,12782,-1,12801,12769,12749,-1,12802,12770,12783,-1,12803,12771,12751,-1,12803,12751,12784,-1,12804,12772,12752,-1,12804,12752,12785,-1,12805,8883,8881,-1,12805,8884,8883,-1,12805,12786,8884,-1,12805,12773,12753,-1,12805,12753,12786,-1,12806,12774,12754,-1,12806,12754,12787,-1,12807,12775,12755,-1,12807,12755,12788,-1,12808,12776,12756,-1,12808,12756,12789,-1,12809,12777,12790,-1,12810,12778,12758,-1,12810,12758,12791,-1,12811,12779,12792,-1,12812,12780,12760,-1,12812,12760,12793,-1,12813,12781,12794,-1,12813,9241,9219,-1,12813,9219,12781,-1,12814,12762,12795,-1,12814,12782,12762,-1,12815,12783,12796,-1,12816,12784,12764,-1,12816,12803,12784,-1,12816,12764,12797,-1,12817,12785,12765,-1,12817,12765,12798,-1,12818,12767,12799,-1,12818,12787,12767,-1,12819,12768,12800,-1,12819,12788,12768,-1,12820,12769,12801,-1,12820,12789,12769,-1,12821,12770,12802,-1,12821,12790,12770,-1,12822,12791,12771,-1,12822,12810,12791,-1,12822,12771,12803,-1,12823,12772,12804,-1,12823,12792,12772,-1,12824,12773,12805,-1,12824,12793,12773,-1,12824,12812,12793,-1,12824,12805,8881,-1,12825,12794,12774,-1,12825,12774,12806,-1,12826,12775,12807,-1,12826,12795,12775,-1,12827,12796,12776,-1,12827,12776,12808,-1,12828,12797,12777,-1,12828,12777,12809,-1,12828,12816,12797,-1,12829,12778,12810,-1,12829,12798,12778,-1,12830,12799,12779,-1,12830,12779,12811,-1,12831,12780,12812,-1,12831,12800,12780,-1,12832,12801,12782,-1,12832,12782,12814,-1,12833,12802,12783,-1,12833,12783,12815,-1,12834,12803,12816,-1,12834,12822,12803,-1,12835,12785,12817,-1,12835,12804,12785,-1,12836,12825,12806,-1,12836,12806,12787,-1,12836,12787,12818,-1,12837,12807,12788,-1,12837,12788,12819,-1,12838,12808,12789,-1,12838,12789,12820,-1,12839,12790,12821,-1,12839,12809,12790,-1,12840,12810,12822,-1,12841,12830,12811,-1,12841,12792,12823,-1,12841,12811,12792,-1,12842,12824,8881,-1,12842,12812,12824,-1,12842,8878,8877,-1,12842,8881,8878,-1,12843,12813,12794,-1,12843,9266,9241,-1,12843,12794,12825,-1,12843,9241,12813,-1,12844,12814,12795,-1,12844,12832,12814,-1,12844,12795,12826,-1,12845,12796,12827,-1,12845,12815,12796,-1,12846,12834,12816,-1,12846,12816,12828,-1,12847,12798,12829,-1,12847,12835,12817,-1,12847,12817,12798,-1,12848,12818,12799,-1,12848,12836,12818,-1,12848,12799,12830,-1,12849,12819,12800,-1,12849,12800,12831,-1,12850,12801,12832,-1,12850,12820,12801,-1,12851,12802,12833,-1,12851,12839,12821,-1,12851,12821,12802,-1,12852,12822,12834,-1,12853,12804,12835,-1,12853,12823,12804,-1,12854,12825,12836,-1,12855,12807,12837,-1,12855,12826,12807,-1,12856,12827,12808,-1,12856,12808,12838,-1,12857,12828,12809,-1,12857,12809,12839,-1,12858,12810,12840,-1,12858,12829,12810,-1,12859,12830,12841,-1,12860,12812,12842,-1,12860,12831,12812,-1,12860,12842,8877,-1,12860,12849,12831,-1,12861,12832,12844,-1,12862,12833,12815,-1,12862,12815,12845,-1,12863,12834,12846,-1,12864,12835,12847,-1,12865,12836,12848,-1,12866,12837,12819,-1,12866,12819,12849,-1,12867,12820,12850,-1,12867,12838,12820,-1,12868,12839,12851,-1,12869,12840,12822,-1,12869,12822,12852,-1,12870,12841,12823,-1,12870,12823,12853,-1,12871,12843,12825,-1,12871,12825,12854,-1,12871,9293,9266,-1,12871,9266,12843,-1,12872,12844,12826,-1,12872,12826,12855,-1,12873,12862,12845,-1,12873,12845,12827,-1,12873,12827,12856,-1,12874,12846,12828,-1,12874,12828,12857,-1,12875,12829,12858,-1,12875,12847,12829,-1,12876,12848,12830,-1,12876,12830,12859,-1,12877,12860,8877,-1,12877,12849,12860,-1,12877,8877,8875,-1,12878,12832,12861,-1,12878,12850,12832,-1,12878,12867,12850,-1,12879,12833,12862,-1,12879,12851,12833,-1,12879,12868,12851,-1,12880,12834,12863,-1,12880,12852,12834,-1,12881,12835,12864,-1,12881,12853,12835,-1,12881,12870,12853,-1,12882,12836,12865,-1,12882,12854,12836,-1,12883,12837,12866,-1,12883,12855,12837,-1,12884,12856,12838,-1,12884,12873,12856,-1,12884,12838,12867,-1,12885,12857,12839,-1,12885,12839,12868,-1,12885,12874,12857,-1,12886,12858,12840,-1,12886,12840,12869,-1,12887,12841,12870,-1,12887,12859,12841,-1,12888,12861,12844,-1,12888,12844,12872,-1,12889,12862,12873,-1,12890,12863,12846,-1,12890,12846,12874,-1,12891,12847,12875,-1,12891,12864,12847,-1,12892,12848,12876,-1,12892,12865,12848,-1,12893,12849,12877,-1,12893,12866,12849,-1,12893,8872,8871,-1,12893,8875,8872,-1,12893,12877,8875,-1,12894,12867,12878,-1,12895,12868,12879,-1,12896,12869,12852,-1,12896,12852,12880,-1,12896,12886,12869,-1,12897,12870,12881,-1,12897,12887,12870,-1,12898,9320,9293,-1,12898,9293,12871,-1,12898,12854,12882,-1,12898,12871,12854,-1,12899,12872,12855,-1,12899,12855,12883,-1,12900,12873,12884,-1,12901,12890,12874,-1,12901,12874,12885,-1,12902,12858,12886,-1,12902,12875,12858,-1,12903,12876,12859,-1,12903,12859,12887,-1,12903,12892,12876,-1,12904,12894,12878,-1,12904,12878,12861,-1,12904,12861,12888,-1,12905,12879,12862,-1,12905,12862,12889,-1,12906,12896,12880,-1,12906,12863,12890,-1,12906,12880,12863,-1,12907,12864,12891,-1,12907,12881,12864,-1,12908,12882,12865,-1,12908,12865,12892,-1,12909,12893,8871,-1,12909,12866,12893,-1,12909,12883,12866,-1,12909,12899,12883,-1,12910,12867,12894,-1,12910,12900,12884,-1,12910,12884,12867,-1,12911,12885,12868,-1,12911,12901,12885,-1,12911,12868,12895,-1,12912,12886,12896,-1,12913,12887,12897,-1,12914,12872,12899,-1,12914,12888,12872,-1,12915,12873,12900,-1,12915,12889,12873,-1,12916,12890,12901,-1,12917,12875,12902,-1,12917,12891,12875,-1,12918,12908,12892,-1,12918,12892,12903,-1,12919,12894,12904,-1,12920,12895,12879,-1,12920,12911,12895,-1,12920,12879,12905,-1,12921,12896,12906,-1,12922,12897,12881,-1,12922,12881,12907,-1,12922,12913,12897,-1,12923,12898,12882,-1,12923,9320,12898,-1,12923,9350,9320,-1,12923,12882,12908,-1,12924,8871,8869,-1,12924,12909,8871,-1,12924,12899,12909,-1,12925,12900,12910,-1,12926,12901,12911,-1,12927,12886,12912,-1,12927,12917,12902,-1,12927,12902,12886,-1,12928,12887,12913,-1,12928,12903,12887,-1,12929,12904,12888,-1,12929,12888,12914,-1,12930,12889,12915,-1,12930,12920,12905,-1,12930,12905,12889,-1,12931,12906,12890,-1,12931,12890,12916,-1,12932,12907,12891,-1,12932,12891,12917,-1,12932,12922,12907,-1,12933,12908,12918,-1,12934,12894,12919,-1,12934,12910,12894,-1,12935,12911,12920,-1,12936,12912,12896,-1,12936,12896,12921,-1,12936,12927,12912,-1,12937,12913,12922,-1,12938,12899,12924,-1,12938,12929,12914,-1,12938,8866,8865,-1,12938,8869,8866,-1,12938,12924,8869,-1,12938,12914,12899,-1,12939,12900,12925,-1,12939,12915,12900,-1,12940,12901,12926,-1,12940,12916,12901,-1,12941,12917,12927,-1,12942,12918,12903,-1,12942,12903,12928,-1,12942,12933,12918,-1,12943,12904,12929,-1,12943,12934,12919,-1,12943,12919,12904,-1,12944,12920,12930,-1,12944,12935,12920,-1,12945,12906,12931,-1,12945,12921,12906,-1,12946,12922,12932,-1,12947,9380,9350,-1,12947,12923,12908,-1,12947,12908,12933,-1,12947,9350,12923,-1,12948,12925,12910,-1,12948,12910,12934,-1,12948,12939,12925,-1,12949,12926,12911,-1,12949,12911,12935,-1,12950,12927,12936,-1,12951,12913,12937,-1,12951,12928,12913,-1,12952,12938,8865,-1,12952,12929,12938,-1,12953,12930,12915,-1,12953,12915,12939,-1,12953,12944,12930,-1,12954,12931,12916,-1,12954,12916,12940,-1,12955,12917,12941,-1,12955,12946,12932,-1,12955,12932,12917,-1,12956,12933,12942,-1,12957,12934,12943,-1,12958,12949,12935,-1,12958,12935,12944,-1,12959,12936,12921,-1,12959,12950,12936,-1,12959,12921,12945,-1,12960,12937,12922,-1,12960,12922,12946,-1,12961,12939,12948,-1,12962,12926,12949,-1,12962,12940,12926,-1,12963,12941,12927,-1,12963,12927,12950,-1,12964,12942,12928,-1,12964,12928,12951,-1,12965,8865,8862,-1,12965,12943,12929,-1,12965,12952,8865,-1,12965,12929,12952,-1,12966,12944,12953,-1,12967,12945,12931,-1,12967,12931,12954,-1,12968,12946,12955,-1,12969,12947,12933,-1,12969,9381,9380,-1,12969,12933,12956,-1,12969,9380,12947,-1,12970,12948,12934,-1,12970,12934,12957,-1,12971,12962,12949,-1,12971,12949,12958,-1,12972,12950,12959,-1,12972,12963,12950,-1,12973,12937,12960,-1,12973,12964,12951,-1,12973,12951,12937,-1,12974,12939,12961,-1,12974,12953,12939,-1,12975,12954,12940,-1,12975,12967,12954,-1,12975,12940,12962,-1,12976,12941,12963,-1,12976,12955,12941,-1,12977,12942,12964,-1,12977,12956,12942,-1,12978,8862,8861,-1,12978,12943,12965,-1,12978,12965,8862,-1,12978,12957,12943,-1,12979,12958,12944,-1,12979,12971,12958,-1,12979,12944,12966,-1,12980,12959,12945,-1,12980,12945,12967,-1,12981,12960,12946,-1,12981,12946,12968,-1,12982,12961,12948,-1,12982,12948,12970,-1,12983,12962,12971,-1,12984,12963,12972,-1,12985,12964,12973,-1,12986,12966,12953,-1,12986,12953,12974,-1,12987,12967,12975,-1,12988,12955,12976,-1,12988,12968,12955,-1,12989,9381,12969,-1,12989,9448,9381,-1,12989,12956,12977,-1,12989,12969,12956,-1,12990,8858,8857,-1,12990,8861,8858,-1,12990,12978,8861,-1,12990,12970,12957,-1,12990,12957,12978,-1,12990,12982,12970,-1,12991,12971,12979,-1,12992,12959,12980,-1,12992,12972,12959,-1,12993,12960,12981,-1,12993,12973,12960,-1,12993,12985,12973,-1,12994,12974,12961,-1,12994,12961,12982,-1,12994,12986,12974,-1,12995,12975,12962,-1,12995,12962,12983,-1,12996,12976,12963,-1,12996,12988,12976,-1,12996,12963,12984,-1,12997,12977,12964,-1,12997,12964,12985,-1,12998,12979,12966,-1,12998,12966,12986,-1,12999,12980,12967,-1,12999,12967,12987,-1,13000,12993,12981,-1,13000,12981,12968,-1,13000,12968,12988,-1,13001,12990,8857,-1,13001,12982,12990,-1,13002,12983,12971,-1,13002,12971,12991,-1,13003,12972,12992,-1,13003,12984,12972,-1,13004,12985,12993,-1,13004,12997,12985,-1,13005,12986,12994,-1,13006,12987,12975,-1,13006,12999,12987,-1,13006,12975,12995,-1,13007,12988,12996,-1,13008,9448,12989,-1,13008,9483,9448,-1,13008,12977,12997,-1,13008,12989,12977,-1,13009,12991,12979,-1,13009,12979,12998,-1,13009,13002,12991,-1,13010,12992,12980,-1,13010,12980,12999,-1,13011,13004,12993,-1,13011,12993,13000,-1,13012,12994,12982,-1,13012,8857,8855,-1,13012,13001,8857,-1,13012,12982,13001,-1,13013,12995,12983,-1,13013,12983,13002,-1,13014,12996,12984,-1,13014,12984,13003,-1,13015,12997,13004,-1,13016,12998,12986,-1,13016,13009,12998,-1,13016,12986,13005,-1,13017,12999,13006,-1,13018,12988,13007,-1,13018,13000,12988,-1,13019,13002,13009,-1,13019,13013,13002,-1,13020,13003,12992,-1,13020,12992,13010,-1,13021,13004,13011,-1,13022,13012,8855,-1,13022,8855,8853,-1,13022,13005,12994,-1,13022,12994,13012,-1,13023,13006,12995,-1,13023,12995,13013,-1,13024,13018,13007,-1,13024,12996,13014,-1,13024,13007,12996,-1,13025,9522,9521,-1,13025,9521,9483,-1,13025,9483,13008,-1,13025,13008,12997,-1,13025,12997,13015,-1,13026,13009,13016,-1,13027,13010,12999,-1,13027,12999,13017,-1,13028,13000,13018,-1,13028,13011,13000,-1,13028,13021,13011,-1,13029,13013,13019,-1,13030,13003,13020,-1,13030,13014,13003,-1,13031,13015,13004,-1,13031,13004,13021,-1,13032,8853,8850,-1,13032,13022,8853,-1,13032,13016,13005,-1,13032,13005,13022,-1,13033,13006,13023,-1,13033,13017,13006,-1,13034,13018,13024,-1,13035,13009,13026,-1,13035,13019,13009,-1,13036,13010,13027,-1,13036,13030,13020,-1,13036,13020,13010,-1,13037,13021,13028,-1,13038,13013,13029,-1,13038,13033,13023,-1,13038,13023,13013,-1,13039,13014,13030,-1,13039,13024,13014,-1,13040,13015,13031,-1,13040,9522,13025,-1,13040,13025,13015,-1,13041,13026,13016,-1,13041,8849,8847,-1,13041,8850,8849,-1,13041,13035,13026,-1,13041,13016,13032,-1,13041,13032,8850,-1,13042,13027,13017,-1,13042,13017,13033,-1,13043,13028,13018,-1,13043,13018,13034,-1,13044,13019,13035,-1,13044,13029,13019,-1,13045,13030,13036,-1,13045,13039,13030,-1,13046,13021,13037,-1,13046,13031,13021,-1,13047,13033,13038,-1,13048,13024,13039,-1,13048,13034,13024,-1,13048,13043,13034,-1,13049,13035,13041,-1,13049,13041,8847,-1,13050,13036,13027,-1,13050,13027,13042,-1,13051,13037,13028,-1,13051,13028,13043,-1,13052,13038,13029,-1,13052,13029,13044,-1,13053,13039,13045,-1,13054,9601,9522,-1,13054,13040,13031,-1,13054,13031,13046,-1,13054,9522,13040,-1,13055,13042,13033,-1,13055,13033,13047,-1,13056,13043,13048,-1,13057,8845,8843,-1,13057,8847,8845,-1,13057,13044,13035,-1,13057,13035,13049,-1,13057,13052,13044,-1,13057,13049,8847,-1,13058,13045,13036,-1,13058,13036,13050,-1,13059,13046,13037,-1,13059,13037,13051,-1,13060,13038,13052,-1,13060,13047,13038,-1,13061,13039,13053,-1,13061,13048,13039,-1,13062,13050,13042,-1,13062,13042,13055,-1,13063,13051,13043,-1,13063,13043,13056,-1,13063,13059,13051,-1,13064,13060,13052,-1,13064,13052,13057,-1,13064,13057,8843,-1,13065,13045,13058,-1,13065,13053,13045,-1,13066,13046,13059,-1,13066,9601,13054,-1,13066,9644,9601,-1,13066,13054,13046,-1,13067,13047,13060,-1,13067,13055,13047,-1,13068,13048,13061,-1,13068,13063,13056,-1,13068,13056,13048,-1,13069,13050,13062,-1,13069,13058,13050,-1,13070,13059,13063,-1,13071,8841,8839,-1,13071,8843,8841,-1,13071,13060,13064,-1,13071,13064,8843,-1,13072,13053,13065,-1,13072,13061,13053,-1,13073,13055,13067,-1,13073,13062,13055,-1,13074,13063,13068,-1,13074,13070,13063,-1,13075,13058,13069,-1,13075,13065,13058,-1,13076,9644,13066,-1,13076,9689,9644,-1,13076,13059,13070,-1,13076,13066,13059,-1,13077,13071,8839,-1,13077,13060,13071,-1,13077,13073,13067,-1,13077,13067,13060,-1,13078,13061,13072,-1,13078,13068,13061,-1,13079,13062,13073,-1,13079,13069,13062,-1,13080,13070,13074,-1,13081,13072,13065,-1,13081,13065,13075,-1,13082,8837,8835,-1,13082,8839,8837,-1,13082,13077,8839,-1,13082,13073,13077,-1,13083,13074,13068,-1,13083,13068,13078,-1,13084,13075,13069,-1,13084,13069,13079,-1,13085,9734,9689,-1,13085,13076,13070,-1,13085,9689,13076,-1,13085,13070,13080,-1,13086,13078,13072,-1,13086,13072,13081,-1,13087,8835,8833,-1,13087,13079,13073,-1,13087,13073,13082,-1,13087,13084,13079,-1,13087,13082,8835,-1,13088,13074,13083,-1,13088,13080,13074,-1,13089,13081,13075,-1,13089,13075,13084,-1,13090,13083,13078,-1,13090,13078,13086,-1,13090,13088,13083,-1,13091,13084,13087,-1,13091,13087,8833,-1,13091,13089,13084,-1,13092,9832,9782,-1,13092,9782,9734,-1,13092,9734,13085,-1,13092,13085,13080,-1,13092,13080,13088,-1,13093,13081,13089,-1,13093,13086,13081,-1,13094,13088,13090,-1,13095,13091,8833,-1,13095,8833,8831,-1,13095,13089,13091,-1,13096,13086,13093,-1,13096,13090,13086,-1,13097,13088,13094,-1,13097,9832,13092,-1,13097,13092,13088,-1,13098,13093,13089,-1,13098,8829,8827,-1,13098,8831,8829,-1,13098,13095,8831,-1,13098,13096,13093,-1,13098,13089,13095,-1,13099,13094,13090,-1,13099,13090,13096,-1,13100,13096,13098,-1,13100,13099,13096,-1,13100,13098,8827,-1,13101,9832,13097,-1,13101,9833,9832,-1,13101,13097,13094,-1,13101,13094,13099,-1,13102,8827,8825,-1,13102,13100,8827,-1,13102,13099,13100,-1,13103,8823,8822,-1,13103,8825,8823,-1,13103,13101,13099,-1,13103,8822,9072,-1,13103,9833,13101,-1,13103,9072,9833,-1,13103,13099,13102,-1,13103,13102,8825,-1,9074,13104,13105,-1,12323,13105,13106,-1,12323,9074,13105,-1,12291,13106,13107,-1,12291,12323,13106,-1,12227,13107,13108,-1,12227,12291,13107,-1,12228,13108,13109,-1,12228,12227,13108,-1,12195,13109,13110,-1,12195,12228,13109,-1,12132,13110,13111,-1,12132,12195,13110,-1,12099,13111,13112,-1,12099,12132,13111,-1,12100,13112,13113,-1,12100,12099,13112,-1,12067,13113,13114,-1,12067,12100,13113,-1,12035,13114,13115,-1,12035,12067,13114,-1,11971,12035,13115,-1,11971,13115,13116,-1,11972,11971,13116,-1,11972,13116,13117,-1,11939,11972,13117,-1,11939,13117,13118,-1,11907,11939,13118,-1,11907,13118,13119,-1,11875,11907,13119,-1,11875,13119,13120,-1,11843,11875,13120,-1,11843,13120,13121,-1,11811,11843,13121,-1,11811,13121,13122,-1,11779,11811,13122,-1,11779,13122,13123,-1,11747,13123,13124,-1,11747,11779,13123,-1,11715,11747,13124,-1,11715,13124,13125,-1,11683,13125,13126,-1,11683,11715,13125,-1,11619,13126,13127,-1,11619,11683,13126,-1,11620,13127,13128,-1,11620,11619,13127,-1,11587,13128,13129,-1,11587,11620,13128,-1,11555,13129,13130,-1,11555,11587,13129,-1,11491,13130,13131,-1,11491,11555,13130,-1,11492,13131,13132,-1,11492,11491,13131,-1,11459,13132,13133,-1,11459,11492,13132,-1,11427,13133,13134,-1,11427,11459,13133,-1,11395,13134,13135,-1,11395,11427,13134,-1,11363,13135,13136,-1,11363,11395,13135,-1,11299,13136,13137,-1,11299,11363,13136,-1,11300,13137,13138,-1,11300,11299,13137,-1,11267,13138,13139,-1,11267,11300,13138,-1,11235,13139,13140,-1,11235,11267,13139,-1,11203,11235,13140,-1,11203,13140,13141,-1,11171,11203,13141,-1,11171,13141,13142,-1,11139,11171,13142,-1,11139,13142,13143,-1,11107,13143,13144,-1,11107,11139,13143,-1,11075,13144,13145,-1,11075,11107,13144,-1,11043,13145,13146,-1,11043,11075,13145,-1,11011,13146,13147,-1,11011,11043,13146,-1,10979,13147,13148,-1,10979,11011,13147,-1,10947,13148,13149,-1,10947,10979,13148,-1,10915,13149,13150,-1,10915,10947,13149,-1,10851,13150,13151,-1,10851,10915,13150,-1,10852,10851,13151,-1,10819,13152,13153,-1,10819,13151,13152,-1,10819,10852,13151,-1,10787,13153,13154,-1,10787,10819,13153,-1,10755,13154,13155,-1,10755,10787,13154,-1,10691,13155,13156,-1,10691,10755,13155,-1,10692,10691,13156,-1,10692,13156,13157,-1,10659,10692,13157,-1,10659,13157,13158,-1,10595,10659,13158,-1,10595,13158,13159,-1,10596,10595,13159,-1,10563,10596,13159,-1,10563,13160,13161,-1,10563,13159,13160,-1,10531,10563,13161,-1,10531,13161,13162,-1,10499,10531,13162,-1,10499,13162,13163,-1,10467,13163,13164,-1,10467,10499,13163,-1,10404,13164,13165,-1,10404,10467,13164,-1,10371,13165,13166,-1,10371,10404,13165,-1,10372,13166,13167,-1,10372,10371,13166,-1,10339,10372,13167,-1,10339,13167,13168,-1,10307,10339,13168,-1,10307,13168,13169,-1,10275,10307,13169,-1,10275,13169,13170,-1,10243,10275,13170,-1,10243,13170,13171,-1,10179,10243,13171,-1,10180,10179,13171,-1,10180,13172,13173,-1,10180,13171,13172,-1,10147,10180,13173,-1,10115,10147,13173,-1,10115,13174,13175,-1,10115,13173,13174,-1,10051,10115,13175,-1,10051,13175,13176,-1,10052,10051,13176,-1,10019,10052,13176,-1,10019,13177,13178,-1,10019,13176,13177,-1,9987,10019,13178,-1,9987,13178,13179,-1,9955,9987,13179,-1,9955,13179,13180,-1,9923,9955,13180,-1,9892,9923,13180,-1,9892,13180,13181,-1,9861,9892,13181,-1,9861,13181,13182,-1,9829,9861,13182,-1,9829,13182,13183,-1,9800,13184,13185,-1,9800,13183,13184,-1,9800,9829,13183,-1,9742,9800,13185,-1,9743,13186,13187,-1,9743,13185,13186,-1,9743,9742,13185,-1,9713,9743,13187,-1,9685,13188,13189,-1,9685,13187,13188,-1,9685,9713,13187,-1,9659,13189,13190,-1,9659,9685,13189,-1,9632,13190,13191,-1,9632,9659,13190,-1,9607,9632,13191,-1,9581,9607,13191,-1,9581,13192,13193,-1,9581,13191,13192,-1,9557,9581,13193,-1,9534,13194,13195,-1,9534,13193,13194,-1,9534,9557,13193,-1,9509,9534,13195,-1,9509,13195,13196,-1,9487,9509,13196,-1,9487,13196,13197,-1,9464,9487,13197,-1,9442,9464,13197,-1,9442,13198,13199,-1,9442,13197,13198,-1,9422,9442,13199,-1,9422,13199,13200,-1,9402,9422,13200,-1,9402,13200,13201,-1,9383,9402,13201,-1,9362,9383,13201,-1,9362,13201,13202,-1,9343,9362,13202,-1,9343,13203,13204,-1,9343,13202,13203,-1,9326,9343,13204,-1,9308,13205,13206,-1,9308,13204,13205,-1,9308,9326,13204,-1,9291,9308,13206,-1,9276,13206,13207,-1,9276,9291,13206,-1,9260,13207,13208,-1,9260,9276,13207,-1,9246,13209,13210,-1,9246,13208,13209,-1,9246,9260,13208,-1,9231,9246,13210,-1,9217,13211,13212,-1,9217,13210,13211,-1,9217,9231,13210,-1,9205,9217,13212,-1,9192,13213,13214,-1,9192,13212,13213,-1,9192,9205,13212,-1,9181,13214,13215,-1,9181,9192,13214,-1,9169,9181,13215,-1,9158,13216,13217,-1,9158,13215,13216,-1,9158,9169,13215,-1,9149,9158,13217,-1,9149,13217,13218,-1,9139,9149,13218,-1,9139,13218,13219,-1,9131,9139,13219,-1,9131,13219,13220,-1,9122,9131,13220,-1,9122,13220,13221,-1,9114,9122,13221,-1,9114,13221,13222,-1,9108,9114,13222,-1,9101,9108,13222,-1,9101,13223,13224,-1,9101,13222,13223,-1,9096,9101,13224,-1,9090,13225,13226,-1,9090,13224,13225,-1,9090,9096,13224,-1,9085,9090,13226,-1,9082,13227,13228,-1,9082,13226,13227,-1,9082,9085,13226,-1,9078,13228,13229,-1,9078,9082,13228,-1,9076,9078,13229,-1,9074,13229,13104,-1,9074,9076,13229,-1,8902,8906,8901,-1,8905,8906,8902,-1,8924,8921,8922,-1,8908,8910,8906,-1,8924,8918,8921,-1,8910,8912,8906,-1,8996,8992,8995,-1,9022,8914,9020,-1,9024,8914,9022,-1,8820,8914,8821,-1,9026,8914,9024,-1,8824,8914,8820,-1,9029,8914,9026,-1,8826,8914,8824,-1,9030,8914,9029,-1,8828,8914,8826,-1,9032,8914,9030,-1,8830,8914,8828,-1,9034,8914,9032,-1,8832,8914,8830,-1,9037,8914,9034,-1,8834,8914,8832,-1,9038,8914,9037,-1,8836,8914,8834,-1,8944,8914,8940,-1,9040,8914,9038,-1,8838,8914,8836,-1,9043,8914,9040,-1,8840,8914,8838,-1,9044,8914,9043,-1,8842,8914,8840,-1,9047,8914,9044,-1,8844,8914,8842,-1,8990,8914,8984,-1,9048,8914,9047,-1,8846,8914,8844,-1,9050,8914,9048,-1,8950,8914,8944,-1,9052,8914,9050,-1,9054,8914,9052,-1,9057,8914,9054,-1,8854,8914,8852,-1,9059,8914,9057,-1,9060,8914,9059,-1,9062,8914,9060,-1,8860,8914,8859,-1,8996,8914,8992,-1,9064,8914,9062,-1,8863,8914,8860,-1,9066,8914,9064,-1,8864,8914,8863,-1,9068,8914,9066,-1,8867,8914,8864,-1,9070,8914,9068,-1,8868,8914,8867,-1,8821,8914,9070,-1,8870,8914,8868,-1,8873,8914,8870,-1,8874,8914,8873,-1,8876,8914,8874,-1,8879,8914,8876,-1,8936,8914,8928,-1,8880,8914,8879,-1,8882,8914,8880,-1,8885,8914,8882,-1,8886,8914,8885,-1,8889,8914,8886,-1,8890,8914,8889,-1,8859,8914,8854,-1,8852,8914,8846,-1,8897,8914,8890,-1,8918,8914,8916,-1,8901,8914,8897,-1,8926,8914,8924,-1,8928,8914,8926,-1,8970,8914,8966,-1,8939,8914,8936,-1,8940,8914,8939,-1,8906,8914,8901,-1,8984,8914,8980,-1,8912,8914,8906,-1,8924,8914,8918,-1,8973,8914,8970,-1,8966,8914,8960,-1,8979,8914,8976,-1,8980,8914,8979,-1,8992,8914,8990,-1,8998,8914,8996,-1,8960,8914,8955,-1,9000,8914,8998,-1,9002,8914,9000,-1,9004,8914,9002,-1,9006,8914,9004,-1,9008,8914,9006,-1,9011,8914,9008,-1,9013,8914,9011,-1,8955,8914,8950,-1,9014,8914,9013,-1,8976,8914,8973,-1,9016,8914,9014,-1,9018,8914,9016,-1,9020,8914,9018,-1,8990,8986,8989,-1,8990,8984,8986,-1,8984,8980,8982,-1,8848,8852,8846,-1,8851,8852,8848,-1,8976,8973,8974,-1,8856,8859,8854,-1,8970,8966,8968,-1,8964,8960,8962,-1,8966,8960,8964,-1,8960,8957,8959,-1,8960,8955,8957,-1,8955,8950,8952,-1,8948,8944,8946,-1,8950,8944,8948,-1,8944,8940,8942,-1,8892,8897,8890,-1,8895,8897,8892,-1,8936,8933,8935,-1,8936,8930,8933,-1,8898,8901,8897,-1,8936,8928,8930            ]
            ccw TRUE
          }
        }
        Shape {
          appearance DEF M1 Appearance {
            material Material {
              diffuseColor 0.73333 0.67843 0.27843
              specularColor 0.05 0.05 0.05
              shininess 0.5
            }
          }
          geometry IndexedFaceSet {
            coord Coordinate {
              point [
-11.30000019 2.55020404 -1.13999999,-11.30000019 4.50979567 -1.13999999,-11.89999962 2.55020404 -1.13999999,-11.89999962 4.50979567 -1.13999999,-11.30000019 4.50979567 -0.74000001,-11.30000019 2.55020404 -0.74000001,-11.89999962 4.50979567 -0.74000001,-11.89999962 2.55020404 -0.74000001,-11.30000019 4.52374935 -1.0516324,-11.30000019 4.51776123 -1.0959723,-11.30000019 4.52774811 -1.00706887,-11.30000019 4.52974987 -0.96237123,-11.30000019 4.52974987 -0.91762877,-11.30000019 4.52774811 -0.87293106,-11.30000019 4.52374935 -0.82836765,-11.30000019 4.51776123 -0.7840277,-11.30000019 2.53081083 -0.98026067,-11.30000019 2.52999997 -0.94,-11.30000019 2.53324175 -1.02045608,-11.30000019 2.53728914 -1.06052101,-11.30000019 2.54294634 -1.10039055,-11.30000019 2.54294634 -0.77960944,-11.30000019 2.53728914 -0.81947893,-11.30000019 2.53324175 -0.85954386,-11.30000019 2.53081083 -0.89973933,-11.89999962 2.57494569 -1.23643088,-11.89999962 2.56137419 -1.18852353,-11.89999962 2.59088516 -1.28360331,-11.89999962 2.60915303 -1.32992387,-11.89999962 2.62970376 -1.37527776,-11.89999962 2.6524868 -1.41955233,-11.89999962 2.67744517 -1.46263802,-11.89999962 2.7045176 -1.50442791,-11.89999962 2.73363662 -1.5448184,-11.89999962 2.76472998 -1.58370936,-11.89999962 2.79772067 -1.62100434,-11.89999962 2.83252692 -1.65661097,-11.89999962 2.86906242 -1.69044077,-11.89999962 2.90723658 -1.7224102,-11.89999962 2.94695473 -1.75243962,-11.89999962 2.98811841 -1.78045487,-11.89999962 3.03062558 -1.80638635,-11.89999962 3.07437086 -1.8301698,-11.89999962 3.11924601 -1.8517462,-11.89999962 3.1651392 -1.87106216,-11.89999962 3.21193719 -1.88806963,-11.89999962 3.25952387 -1.90272665,-11.89999962 3.30778098 -1.91499674,-11.89999962 3.35658884 -1.92484951,-11.89999962 3.40582705 -1.93226063,-11.89999962 3.45537281 -1.93721151,-11.89999962 3.50510359 -1.93968999,-11.89999962 3.55489635 -1.93968999,-11.89999962 3.7034111 -1.92484951,-11.89999962 3.65417314 -1.93226063,-11.89999962 3.60462713 -1.93721151,-11.89999962 3.7522192 -1.91499674,-11.89999962 3.80047631 -1.90272665,-11.89999962 4.48505449 -1.23643088,-11.89999962 4.49862576 -1.18852353,-11.89999962 3.84806275 -1.88806963,-11.89999962 4.46911478 -1.28360331,-11.89999962 3.89486074 -1.87106216,-11.89999962 4.45084715 -1.32992387,-11.89999962 3.94075418 -1.8517462,-11.89999962 4.43029642 -1.37527776,-11.89999962 3.98562908 -1.8301698,-11.89999962 4.40751314 -1.41955233,-11.89999962 4.02937412 -1.80638635,-11.89999962 4.38255453 -1.46263802,-11.89999962 4.07188177 -1.78045487,-11.89999962 4.35548258 -1.50442791,-11.89999962 4.11304522 -1.75243962,-11.89999962 4.32636356 -1.5448184,-11.89999962 4.15276337 -1.7224102,-11.89999962 4.29526997 -1.58370936,-11.89999962 4.19093752 -1.69044077,-11.89999962 4.26227951 -1.62100434,-11.89999962 4.22747326 -1.65661097,-11.89999962 2.56137419 -0.69147646,-11.89999962 2.57494569 -0.64356905,-11.89999962 2.59088516 -0.59639663,-11.89999962 2.60915303 -0.55007607,-11.89999962 2.62970376 -0.5047223,-11.89999962 2.6524868 -0.46044767,-11.89999962 2.67744517 -0.417362,-11.89999962 2.7045176 -0.37557214,-11.89999962 2.73363662 -0.33518162,-11.89999962 2.76472998 -0.29629067,-11.89999962 2.79772067 -0.25899565,-11.89999962 2.83252692 -0.22338907,-11.89999962 2.86906242 -0.18955918,-11.89999962 2.90723658 -0.15758984,-11.89999962 2.94695473 -0.12756035,-11.89999962 2.98811841 -0.09954514,-11.89999962 3.03062558 -0.07361367,-11.89999962 3.07437086 -0.04983025,-11.89999962 3.11924601 -0.02825382,-11.89999962 3.1651392 -0.00893789,-11.89999962 3.21193719 0.00806966,-11.89999962 3.25952387 0.02272665,-11.89999962 3.30778098 0.03499675,-11.89999962 3.35658884 0.04484953,-11.89999962 3.40582705 0.05226058,-11.89999962 3.45537281 0.0572115,-11.89999962 3.50510359 0.05969004,-11.89999962 3.55489635 0.05969004,-11.89999962 3.60462713 0.0572115,-11.89999962 3.65417314 0.05226058,-11.89999962 3.7034111 0.04484953,-11.89999962 3.7522192 0.03499675,-11.89999962 3.80047631 0.02272665,-11.89999962 3.84806275 0.00806966,-11.89999962 3.89486074 -0.00893789,-11.89999962 3.94075418 -0.02825382,-11.89999962 3.98562908 -0.04983025,-11.89999962 4.02937412 -0.07361367,-11.89999962 4.07188177 -0.09954514,-11.89999962 4.11304522 -0.12756035,-11.89999962 4.15276337 -0.15758984,-11.89999962 4.19093752 -0.18955918,-11.89999962 4.22747326 -0.22338907,-11.89999962 4.26227951 -0.25899565,-11.89999962 4.29526997 -0.29629067,-11.89999962 4.32636356 -0.33518162,-11.89999962 4.35548258 -0.37557214,-11.89999962 4.38255453 -0.417362,-11.89999962 4.40751314 -0.46044767,-11.89999962 4.43029642 -0.5047223,-11.89999962 4.45084715 -0.55007607,-11.89999962 4.46911478 -0.59639663,-11.89999962 4.48505449 -0.64356905,-11.89999962 4.49862576 -0.69147646,-10.39999962 2.52999997 -0.94,-10.39999962 2.53124309 -0.89015412,-10.39999962 2.53496933 -0.84043217,-10.39999962 2.54116917 -0.79095775,-10.39999962 2.54982758 -0.74185383,-10.39999962 2.56092262 -0.69324261,-10.39999962 2.57442713 -0.64524484,-10.39999962 2.59030747 -0.59797984,-10.39999962 2.60852385 -0.55156523,-10.39999962 2.62903118 -0.50611627,-10.39999962 2.65177846 -0.46174601,-10.39999962 2.67670918 -0.4185648,-10.39999962 2.70376134 -0.37667993,-10.39999962 2.73286748 -0.33619559,-10.39999962 2.76395559 -0.29721239,-10.39999962 2.79694819 -0.25982726,-10.39999962 2.83176327 -0.22413315,-10.39999962 2.86831427 -0.19021879,-10.39999962 2.90651011 -0.15816852,-10.39999962 2.9462564 -0.12806199,-10.39999962 2.9874537 -0.09997407,-10.39999962 3.02999997 -0.07397459,-10.39999962 3.07378936 -0.05012819,-10.39999962 3.1187129 -0.02849415,-10.39999962 3.16465902 -0.00912625,-10.39999962 3.21151328 0.00792735,-10.39999962 3.25915956 0.02262425,-10.39999962 3.30747914 0.03492791,-10.39999962 3.35635185 0.04480775,-10.39999962 3.40565634 0.05223921,-10.39999962 3.45526981 0.0572038,-10.39999962 3.50506926 0.05968918,-10.39999962 3.55493069 0.05968918,-10.39999962 3.60473013 0.0572038,-10.39999962 3.65434361 0.05223921,-10.39999962 3.70364809 0.04480775,-10.39999962 3.75252104 0.03492791,-10.39999962 3.80084038 0.02262425,-10.39999962 3.84848666 0.00792735,-10.39999962 3.89534092 -0.00912625,-10.39999962 3.94128704 -0.02849415,-10.39999962 3.98621058 -0.05012819,-10.39999962 4.03000021 -0.07397459,-10.39999962 4.07254648 -0.09997407,-10.39999962 4.11374378 -0.12806199,-10.39999962 4.15348959 -0.15816852,-10.39999962 4.19168568 -0.19021879,-10.39999962 4.22823668 -0.22413315,-10.39999962 4.26305199 -0.25982726,-10.39999962 4.29604435 -0.29721239,-10.39999962 4.3271327 -0.33619559,-10.39999962 4.35623884 -0.37667993,-10.39999962 4.38329077 -0.4185648,-10.39999962 4.40822172 -0.46174601,-10.39999962 4.43096876 -0.50611627,-10.39999962 4.4514761 -0.55156523,-10.39999962 4.46969271 -0.59797984,-10.39999962 4.48557281 -0.64524484,-10.39999962 4.49907732 -0.69324261,-10.39999962 4.51017237 -0.74185383,-10.39999962 4.51883078 -0.79095775,-10.39999962 4.52503061 -0.84043217,-10.39999962 4.5287571 -0.89015412,-10.39999962 4.53000021 -0.94,-10.39999962 4.5287571 -0.98984587,-10.39999962 4.52503061 -1.03956783,-10.39999962 4.51883078 -1.08904231,-10.39999962 4.51017237 -1.13814616,-10.39999962 4.49907732 -1.18675745,-10.39999962 4.48557281 -1.23475516,-10.39999962 4.46969271 -1.28202009,-10.39999962 4.4514761 -1.32843482,-10.39999962 4.43096876 -1.37388372,-10.39999962 4.40822172 -1.41825402,-10.39999962 4.38329077 -1.4614352,-10.39999962 4.35623884 -1.5033201,-10.39999962 4.3271327 -1.54380441,-10.39999962 4.29604435 -1.58278763,-10.39999962 4.26305199 -1.62017274,-10.39999962 4.22823668 -1.65586686,-10.39999962 4.19168568 -1.68978119,-10.39999962 4.15348959 -1.72183144,-10.39999962 4.11374378 -1.75193799,-10.39999962 4.07254648 -1.78002596,-10.39999962 4.03000021 -1.80602539,-10.39999962 3.98621058 -1.82987177,-10.39999962 3.94128704 -1.85150588,-10.39999962 3.89534092 -1.87087369,-10.39999962 3.84848666 -1.88792729,-10.39999962 3.80084038 -1.90262425,-10.39999962 3.75252104 -1.91492796,-10.39999962 3.70364809 -1.92480779,-10.39999962 3.65434361 -1.93223917,-10.39999962 3.60473013 -1.93720376,-10.39999962 3.55493069 -1.93968916,-10.39999962 3.50506926 -1.93968916,-10.39999962 3.45526981 -1.93720376,-10.39999962 3.40565634 -1.93223917,-10.39999962 3.35635185 -1.92480779,-10.39999962 3.30747914 -1.91492796,-10.39999962 3.25915956 -1.90262425,-10.39999962 3.21151328 -1.88792729,-10.39999962 3.16465902 -1.87087369,-10.39999962 3.1187129 -1.85150588,-10.39999962 3.07378936 -1.82987177,-10.39999962 3.02999997 -1.80602539,-10.39999962 2.9874537 -1.78002596,-10.39999962 2.9462564 -1.75193799,-10.39999962 2.90651011 -1.72183144,-10.39999962 2.86831427 -1.68978119,-10.39999962 2.83176327 -1.65586686,-10.39999962 2.79694819 -1.62017274,-10.39999962 2.76395559 -1.58278763,-10.39999962 2.73286748 -1.54380441,-10.39999962 2.70376134 -1.5033201,-10.39999962 2.67670918 -1.4614352,-10.39999962 2.65177846 -1.41825402,-10.39999962 2.62903118 -1.37388372,-10.39999962 2.60852385 -1.32843482,-10.39999962 2.59030747 -1.28202009,-10.39999962 2.57442713 -1.23475516,-10.39999962 2.56092262 -1.18675745,-10.39999962 2.54982758 -1.13814616,-10.39999962 2.54116917 -1.08904231,-10.39999962 2.53496933 -1.03956783,-10.39999962 2.53124309 -0.98984587              ]
            }
            coordIndex [
0,1,2,-1,2,1,3,-1,4,5,6,-1,6,5,7,-1,1,5,4,-1,1,8,9,-1,1,10,8,-1,1,11,10,-1,1,12,11,-1,1,13,12,-1,1,14,13,-1,1,15,14,-1,1,4,15,-1,1,16,17,-1,1,18,16,-1,1,19,18,-1,1,20,19,-1,1,0,20,-1,1,21,5,-1,1,22,21,-1,1,23,22,-1,1,24,23,-1,1,17,24,-1,25,26,2,-1,27,25,2,-1,28,27,2,-1,29,28,2,-1,30,29,2,-1,31,30,2,-1,32,31,2,-1,33,32,2,-1,34,33,2,-1,35,34,2,-1,36,35,2,-1,37,36,2,-1,38,37,2,-1,39,38,2,-1,40,39,2,-1,41,40,2,-1,42,41,2,-1,43,42,2,-1,44,43,2,-1,45,44,2,-1,46,45,2,-1,47,46,2,-1,48,47,2,-1,49,48,2,-1,50,49,2,-1,51,50,2,-1,52,51,2,-1,3,52,2,-1,3,53,54,-1,3,54,55,-1,3,55,52,-1,56,53,3,-1,57,56,3,-1,58,3,59,-1,60,57,3,-1,61,3,58,-1,62,60,3,-1,63,3,61,-1,64,62,3,-1,65,3,63,-1,66,64,3,-1,67,3,65,-1,68,66,3,-1,69,3,67,-1,70,68,3,-1,71,3,69,-1,72,70,3,-1,73,3,71,-1,74,72,3,-1,75,3,73,-1,76,74,3,-1,77,3,75,-1,78,76,3,-1,78,3,77,-1,7,79,80,-1,7,80,81,-1,7,81,82,-1,7,82,83,-1,7,83,84,-1,7,84,85,-1,7,85,86,-1,7,86,87,-1,7,87,88,-1,7,88,89,-1,7,89,90,-1,7,90,91,-1,7,91,92,-1,7,92,93,-1,7,93,94,-1,7,94,95,-1,7,95,96,-1,7,96,97,-1,7,97,98,-1,7,98,99,-1,7,99,100,-1,7,100,101,-1,102,7,101,-1,103,7,102,-1,104,7,103,-1,105,7,104,-1,6,7,105,-1,6,105,106,-1,6,106,107,-1,6,107,108,-1,6,108,109,-1,6,109,110,-1,6,110,111,-1,6,111,112,-1,6,112,113,-1,6,113,114,-1,6,114,115,-1,6,115,116,-1,6,116,117,-1,6,117,118,-1,6,118,119,-1,6,119,120,-1,6,120,121,-1,6,121,122,-1,6,122,123,-1,6,123,124,-1,6,124,125,-1,6,125,126,-1,6,126,127,-1,6,127,128,-1,6,128,129,-1,6,129,130,-1,6,130,131,-1,6,131,132,-1,24,17,133,-1,24,133,134,-1,23,24,134,-1,23,134,135,-1,22,23,135,-1,22,135,136,-1,21,22,136,-1,21,136,137,-1,5,21,137,-1,5,137,138,-1,79,7,5,-1,79,138,139,-1,79,5,138,-1,80,139,140,-1,80,79,139,-1,81,140,141,-1,81,80,140,-1,82,81,141,-1,82,141,142,-1,83,82,142,-1,83,142,143,-1,84,83,143,-1,84,143,144,-1,85,84,144,-1,85,144,145,-1,86,85,145,-1,86,145,146,-1,87,86,146,-1,87,146,147,-1,88,87,147,-1,88,147,148,-1,89,88,148,-1,89,148,149,-1,90,89,149,-1,90,149,150,-1,91,90,150,-1,91,150,151,-1,92,91,151,-1,92,151,152,-1,93,92,152,-1,93,152,153,-1,94,93,153,-1,94,153,154,-1,95,94,154,-1,95,154,155,-1,96,95,155,-1,96,155,156,-1,97,96,156,-1,97,156,157,-1,98,157,158,-1,98,97,157,-1,99,98,158,-1,99,158,159,-1,100,159,160,-1,100,99,159,-1,101,160,161,-1,101,100,160,-1,102,161,162,-1,102,101,161,-1,103,162,163,-1,103,102,162,-1,104,163,164,-1,104,103,163,-1,105,164,165,-1,105,104,164,-1,106,105,165,-1,107,106,165,-1,107,165,166,-1,108,107,166,-1,108,166,167,-1,109,108,167,-1,109,167,168,-1,110,109,168,-1,110,168,169,-1,111,110,169,-1,111,169,170,-1,112,111,170,-1,112,170,171,-1,113,112,171,-1,113,171,172,-1,114,113,172,-1,114,172,173,-1,115,114,173,-1,115,173,174,-1,116,115,174,-1,116,174,175,-1,117,116,175,-1,117,175,176,-1,118,117,176,-1,118,176,177,-1,119,177,178,-1,119,118,177,-1,120,119,178,-1,120,178,179,-1,121,179,180,-1,121,120,179,-1,122,180,181,-1,122,121,180,-1,123,181,182,-1,123,122,181,-1,124,182,183,-1,124,123,182,-1,125,183,184,-1,125,124,183,-1,126,184,185,-1,126,125,184,-1,127,185,186,-1,127,126,185,-1,128,186,187,-1,128,127,186,-1,129,187,188,-1,129,128,187,-1,130,188,189,-1,130,129,188,-1,131,189,190,-1,131,130,189,-1,132,190,191,-1,132,131,190,-1,4,132,191,-1,4,191,192,-1,6,132,4,-1,15,4,192,-1,15,192,193,-1,14,15,193,-1,14,193,194,-1,13,14,194,-1,13,194,195,-1,12,13,195,-1,12,195,196,-1,11,12,196,-1,11,196,197,-1,10,197,198,-1,10,11,197,-1,8,198,199,-1,8,10,198,-1,9,199,200,-1,9,8,199,-1,1,200,201,-1,1,9,200,-1,59,201,202,-1,59,1,201,-1,59,3,1,-1,58,202,203,-1,58,59,202,-1,61,203,204,-1,61,58,203,-1,63,204,205,-1,63,61,204,-1,65,205,206,-1,65,63,205,-1,67,206,207,-1,67,65,206,-1,69,207,208,-1,69,67,207,-1,71,208,209,-1,71,69,208,-1,73,209,210,-1,73,71,209,-1,75,210,211,-1,75,73,210,-1,77,211,212,-1,77,75,211,-1,78,212,213,-1,78,77,212,-1,76,213,214,-1,76,78,213,-1,74,214,215,-1,74,76,214,-1,72,215,216,-1,72,74,215,-1,70,216,217,-1,70,72,216,-1,68,217,218,-1,68,70,217,-1,66,218,219,-1,66,68,218,-1,64,219,220,-1,64,66,219,-1,62,220,221,-1,62,64,220,-1,60,221,222,-1,60,62,221,-1,57,60,222,-1,57,222,223,-1,56,57,223,-1,56,223,224,-1,53,56,224,-1,53,224,225,-1,54,53,225,-1,54,225,226,-1,55,54,226,-1,55,226,227,-1,52,55,227,-1,51,52,227,-1,51,227,228,-1,50,51,228,-1,50,228,229,-1,49,50,229,-1,49,229,230,-1,48,49,230,-1,48,230,231,-1,47,48,231,-1,47,231,232,-1,46,47,232,-1,46,232,233,-1,45,46,233,-1,45,233,234,-1,44,45,234,-1,44,234,235,-1,43,44,235,-1,43,235,236,-1,42,236,237,-1,42,43,236,-1,41,237,238,-1,41,42,237,-1,40,238,239,-1,40,41,238,-1,39,239,240,-1,39,40,239,-1,38,240,241,-1,38,39,240,-1,37,38,241,-1,37,241,242,-1,36,37,242,-1,36,242,243,-1,35,36,243,-1,35,243,244,-1,34,35,244,-1,34,244,245,-1,33,34,245,-1,33,245,246,-1,32,33,246,-1,32,246,247,-1,31,32,247,-1,31,247,248,-1,30,31,248,-1,30,248,249,-1,29,30,249,-1,29,249,250,-1,28,29,250,-1,28,250,251,-1,27,28,251,-1,27,251,252,-1,25,27,252,-1,25,252,253,-1,26,25,253,-1,26,253,254,-1,0,26,254,-1,0,254,255,-1,2,26,0,-1,20,0,255,-1,20,255,256,-1,19,20,256,-1,19,256,257,-1,18,257,258,-1,18,19,257,-1,16,258,133,-1,16,18,258,-1,17,16,133            ]
            ccw TRUE
          }
        }
      ]
    }
  ]
}
