#VRML V2.0 utf8
# File generated by ImageToStl.com - Free Image and 3D model conversion tools

Group {
  children [
    Group {
      children [
        Shape {
          appearance DEF M1 Appearance {
            material Material {
              diffuseColor 0.09412 0.09412 0.09412
              specularColor 0.05 0.05 0.05
              shininess 0.5
            }
          }
          geometry IndexedFaceSet {
            coord Coordinate {
              point [
1.05009997 0.16118689 -0.42864931,1.04999995 0.43171892 -0.42864931,1.04999995 0.16118689 -0.42864931,1.05009997 0.43171892 -0.42864931,1.04999995 0.16118689 -0.24079125,1.05009997 0.16118689 -0.24079125,1.05009997 -0.05000005 -0.42864931,1.04999995 0.09365617 -0.42864931,1.04999995 -0.05000005 -0.42864931,1.05009997 0.09365617 -0.42864931,1.04999995 0.09365617 -0.16834925,1.05009997 0.09365617 -0.16834925,1.04999995 0.16118689 -0.16834925,1.05009997 0.16118689 -0.16834925,1.04999995 0.54999995 -0.44215557,1.05009997 0.54999995 -0.44215557,1.04999995 0.54999995 -0.50231928,1.05009997 0.54999995 -0.50231928,1.04999995 0.16118689 -0.50231928,1.05009997 0.16118689 -0.50231928,1.04999995 0.16118689 -0.58335614,1.05009997 0.16118689 -0.58335614,1.04999995 0.09365617 -0.58335614,1.05009997 0.09365617 -0.58335614,1.04999995 0.09365617 -0.50231928,1.05009997 0.09365617 -0.50231928,1.04999995 -0.05000005 -0.50231928,1.05009997 -0.05000005 -0.50231928,1.04999995 0.07020449 0.17187536,1.05009997 0.04924962 0.16336967,1.04999995 0.04924962 0.16336967,1.04999995 0.09127671 0.17981505,1.05009997 0.08061998 0.17591405,1.04999995 0.10348882 0.1839031,1.05009997 0.09642778 0.18159485,1.04999995 0.11580078 0.18750954,1.05009997 0.10837752 0.18540268,1.04999995 0.12788449 0.19045326,1.05009997 0.12156373 0.18899183,1.04999995 0.13904111 0.19263341,1.05009997 0.13390283 0.19168976,1.04999995 0.15254983 0.19466712,1.05009997 0.1451105 0.19362374,1.04999995 0.16891137 0.19637899,1.05009997 0.16777633 0.19628358,1.05009997 0.15640497 0.19513908,1.05009997 0.18304062 0.19731532,1.04999995 0.19093451 0.19765943,1.04999995 0.24590722 0.19795363,1.05009997 0.21437494 0.19811183,1.05009997 0.24590722 0.19795363,1.04999995 0.00222662 0.09036501,1.05009997 0.00034099 0.07803548,1.04999995 0.00034099 0.07803548,1.04999995 0.00338352 0.09679671,1.05009997 0.00309059 0.0952639,1.05009997 0.00467203 0.10282519,1.04999995 0.00458081 0.1024338,1.04999995 0.00634775 0.1092189,1.05009997 0.00641621 0.10945178,1.04999995 0.00825777 0.11506122,1.05009997 0.00821097 0.11493252,1.05009997 0.01015275 0.11979151,1.04999995 0.01106569 0.1217849,1.05009997 0.01221801 0.1240868,1.04999995 0.01287168 0.12529968,1.05009997 0.01437432 0.12787771,1.04999995 0.01507854 0.12900226,1.05009997 0.0165645 0.13123387,1.04999995 0.0177478 0.13289575,1.05009997 0.02105275 0.13712366,1.04999995 0.0209397 0.1369874,1.04999995 0.024714 0.14128841,1.05009997 0.0251971 0.14180692,1.04999995 0.02952663 0.14620745,1.05009997 0.03021841 0.14687584,1.05009997 0.03452549 0.15087458,1.04999995 0.03585707 0.15206391,1.05009997 0.03951379 0.1552453,1.04999995 0.03968579 0.00081327,1.05009997 0.04945425 -0.00729878,1.04999995 0.04945425 -0.00729878,1.04999995 0.03467095 0.00518649,1.05009997 0.03601665 0.0039902,1.05009997 0.02966424 0.00983933,1.04999995 0.03035846 0.0091717,1.04999995 0.02531917 0.01423531,1.05009997 0.0248343 0.01475334,1.04999995 0.02115935 0.01891476,1.05009997 0.02104586 0.01905092,1.05009997 0.0178414 0.02314022,1.04999995 0.01665326 0.0248014,1.05009997 0.01516103 0.0270323,1.04999995 0.01445376 0.02815658,1.05009997 0.01294436 0.03073428,1.04999995 0.01228764 0.03194712,1.05009997 0.01112983 0.03424919,1.04999995 0.01021244 0.03624301,1.04999995 0.00826085 0.04110384,1.05009997 0.00830788 0.04097509,1.04999995 0.00645643 0.04658786,1.05009997 0.00638759 0.04682091,1.04999995 0.00470211 0.05321968,1.05009997 0.00461033 0.05361141,1.05009997 0.00340277 0.05926739,1.04999995 0.00311056 0.06078815,1.05009997 0.00224061 0.06569216,1.04999995 0.21440896 -0.04203029,1.05009997 0.24590722 -0.04188266,1.04999995 0.24590722 -0.04188266,1.04999995 0.18310839 -0.04122446,1.05009997 0.19099379 -0.04157075,1.04999995 0.16786046 -0.040189,1.05009997 0.16899428 -0.04028466,1.04999995 0.15650126 -0.03904219,1.04999995 0.14521885 -0.03752503,1.05009997 0.15265024 -0.03856954,1.04999995 0.1340231 -0.0355898,1.05009997 0.13915591 -0.03653396,1.04999995 0.12169705 -0.0328912,1.05009997 0.12801114 -0.03435288,1.04999995 0.10852452 -0.02930335,1.05009997 0.11594014 -0.03140916,1.04999995 0.09658683 -0.02549882,1.05009997 0.10364078 -0.02780489,1.04999995 0.08079457 -0.01982482,1.05009997 0.09144086 -0.02372096,1.05009997 0.07038912 -0.01579174,1.04999995 0.42179453 -0.01581717,1.05009997 0.44276941 -0.00729878,1.04999995 0.44276941 -0.00729878,1.04999995 0.40070182 -0.02376729,1.05009997 0.411369 -0.01986145,1.04999995 0.38847753 -0.02785942,1.05009997 0.39554566 -0.02554903,1.04999995 0.37615296 -0.03146801,1.05009997 0.38358387 -0.02936011,1.04999995 0.36405653 -0.03441172,1.05009997 0.37038398 -0.03295052,1.04999995 0.35288808 -0.03659093,1.05009997 0.35803181 -0.03564778,1.04999995 0.33936498 -0.03862273,1.05009997 0.34681222 -0.03758049,1.04999995 0.32298595 -0.04033137,1.05009997 0.32412219 -0.04023622,1.05009997 0.33550572 -0.03909402,1.05009997 0.30884153 -0.04126422,1.04999995 0.30093917 -0.04160618,1.05009997 0.27747351 -0.04205143,1.04999995 0.48963496 0.06643746,1.05009997 0.49147335 0.078854,1.04999995 0.49147335 0.078854,1.04999995 0.48850274 0.05995898,1.05009997 0.48878977 0.06150308,1.05009997 0.48723745 0.05388498,1.04999995 0.48732716 0.05427938,1.04999995 0.48558649 0.04744049,1.05009997 0.48551893 0.0472057,1.04999995 0.48369923 0.04154869,1.05009997 0.48374552 0.04167851,1.05009997 0.48182282 0.03677551,1.04999995 0.48091772 0.03476311,1.05009997 0.4797745 0.03243847,1.04999995 0.47912565 0.03121325,1.05009997 0.4776324 0.02860851,1.04999995 0.4769319 0.02747216,1.05009997 0.47545254 0.0252168,1.04999995 0.47427353 0.02353698,1.05009997 0.47097707 0.01926246,1.04999995 0.4710899 0.01940024,1.04999995 0.4673208 0.01505043,1.05009997 0.46683809 0.01452594,1.04999995 0.46251005 0.0100739,1.05009997 0.46181822 0.00939756,1.05009997 0.4575094 0.00535076,1.04999995 0.45617688 0.00414696,1.05009997 0.45251688 0.00092655,1.04999995 0.45795599 0.1515763,1.05009997 0.44849926 0.15989085,1.04999995 0.44849926 0.15989085,1.04999995 0.46277213 0.14708976,1.05009997 0.46071005 0.14904432,1.04999995 0.46688569 0.14298409,1.05009997 0.46645397 0.14343065,1.05009997 0.47125676 0.13818513,1.04999995 0.47162077 0.13775806,1.05009997 0.47456491 0.13409612,1.04999995 0.47544798 0.13291159,1.05009997 0.47733369 0.13020895,1.04999995 0.47946036 0.12679011,1.05009997 0.47962004 0.12651311,1.04999995 0.48134056 0.12328865,1.05009997 0.48148158 0.12300185,1.04999995 0.48313227 0.11933225,1.04999995 0.48480648 0.11486843,1.05009997 0.48431903 0.11626139,1.05009997 0.48618975 0.11038418,1.04999995 0.48633915 0.10984407,1.05009997 0.48785573 0.10354127,1.04999995 0.48798242 0.10293403,1.05009997 0.48893827 0.09783204,1.04999995 0.48939213 0.095037,1.05009997 0.48993364 0.09133941,1.04999995 0.27274817 0.19796467,1.04999995 0.29946494 0.19740282,1.05009997 0.27881953 0.19790806,1.04999995 0.31594992 0.19651288,1.05009997 0.30268574 0.19726841,1.04999995 0.33049864 0.19523923,1.05009997 0.32541081 0.19574395,1.05009997 0.34227973 0.19379365,1.04999995 0.34133244 0.19392522,1.04999995 0.35208979 0.19225843,1.04999995 0.36276183 0.19019811,1.05009997 0.3561959 0.1915165,1.04999995 0.37418187 0.18748476,1.05009997 0.36767974 0.18909769,1.04999995 0.38774157 0.18356282,1.05009997 0.38010868 0.18585916,1.04999995 0.40002558 0.17943969,1.05009997 0.39276746 0.18193568,1.04999995 0.4162707 0.17332588,1.05009997 0.40531969 0.17752056,1.05009997 0.42697209 0.16899461,1.04999995 0.39055175 0.25844246,1.05009997 0.41718957 0.25177348,1.04999995 0.41718957 0.25177348,1.05009997 0.36655608 0.26383603,1.05009997 0.38796908 0.25906137,1.04999995 0.36381528 0.26439002,1.04999995 0.34287742 0.26805705,1.05009997 0.3461397 0.26755843,1.04999995 0.32702354 0.27007037,1.05009997 0.32764125 0.27000386,1.05009997 0.30408829 0.27196705,1.04999995 0.3037692 0.27198645,1.05009997 0.27504483 0.27316263,1.04999995 0.24590722 0.27366984,1.05009997 0.24590722 0.27366984,1.04999995 0.50744581 0.19656304,1.05009997 0.51725781 0.18669848,1.04999995 0.51725781 0.18669848,1.04999995 0.49745619 0.20615895,1.05009997 0.49799621 0.20565851,1.05009997 0.48897922 0.21366249,1.04999995 0.48858008 0.21399795,1.05009997 0.48235875 0.21899638,1.04999995 0.48176873 0.21944712,1.05009997 0.47650093 0.2232843,1.04999995 0.47573677 0.22381252,1.05009997 0.4703761 0.22731738,1.04999995 0.46947783 0.22787267,1.05009997 0.46363857 0.23128815,1.04999995 0.46249545 0.23192084,1.05009997 0.4549498 0.23584822,1.04999995 0.45450494 0.23606765,1.05009997 0.44284731 0.24144086,1.04999995 0.44231135 0.24167313,1.05009997 0.43009678 0.24672562,1.04999995 0.55134726 0.0951769,1.05009997 0.5524556 0.07803548,1.04999995 0.5524556 0.07803548,1.05009997 0.55053198 0.10414425,1.04999995 0.5505318 0.10414628,1.04999995 0.54956007 0.11209256,1.04999995 0.54817528 0.12052427,1.05009997 0.54920101 0.11453474,1.05009997 0.54784554 0.12220883,1.04999995 0.54661357 0.12775414,1.05009997 0.54630131 0.12900767,1.04999995 0.5448274 0.13430512,1.05009997 0.54432249 0.1359264,1.04999995 0.54256034 0.14100555,1.05009997 0.5427863 0.14039657,1.05009997 0.54016447 0.14692153,1.04999995 0.53987694 0.14757788,1.05009997 0.53702408 0.15365109,1.04999995 0.53680962 0.15408084,1.05009997 0.53301978 0.1612341,1.04999995 0.5327304 0.1617519,1.05009997 0.52950984 0.16731761,1.04999995 0.52780515 0.17014468,1.05009997 0.52538866 0.17404938,1.04999995 0.53873044 0.0066096,1.05009997 0.53301495 -0.00668485,1.04999995 0.53301495 -0.00668485,1.04999995 0.5415495 0.01367181,1.05009997 0.54065299 0.01136275,1.05009997 0.54402 0.02049268,1.04999995 0.54386538 0.02004039,1.04999995 0.54606503 0.02695688,1.05009997 0.54614311 0.02722624,1.04999995 0.54786932 0.03387443,1.05009997 0.54787058 0.03387994,1.04999995 0.54928762 0.04098183,1.05009997 0.54930478 0.04108185,1.05009997 0.55038488 0.04846116,1.04999995 0.55042058 0.0487515,1.05009997 0.55111957 0.05538697,1.04999995 0.55137652 0.05844763,1.05009997 0.55170989 0.06318031,1.04999995 0.48790181 -0.05874369,1.05009997 0.47694403 -0.06684858,1.04999995 0.47694403 -0.06684858,1.04999995 0.49354953 -0.05434112,1.05009997 0.49181634 -0.05571841,1.05009997 0.49893698 -0.04986037,1.04999995 0.49846202 -0.05026968,1.04999995 0.5035454 -0.0457068,1.05009997 0.50443298 -0.04486311,1.04999995 0.50831389 -0.04096611,1.04999995 0.51304412 -0.03565062,1.05009997 0.50941879 -0.03978489,1.05009997 0.51382494 -0.03470779,1.04999995 0.51764828 -0.02982529,1.05009997 0.51802325 -0.02932315,1.05009997 0.52173698 -0.02413869,1.04999995 0.52298707 -0.02231289,1.05009997 0.52572376 -0.01819402,1.04999995 0.40391091 -0.09941094,1.05009997 0.38772163 -0.10409277,1.04999995 0.38772163 -0.10409277,1.04999995 0.41992065 -0.09430444,1.05009997 0.41567731 -0.09573226,1.04999995 0.43109152 -0.09018368,1.05009997 0.42868462 -0.09112259,1.04999995 0.4402847 -0.08628362,1.05009997 0.43656498 -0.087925,1.04999995 0.45139861 -0.08091111,1.05009997 0.446298 -0.08345741,1.05009997 0.46173272 -0.07541727,1.04999995 0.27140069 -0.11729611,1.05009997 0.24590722 -0.11759888,1.04999995 0.24590722 -0.11759888,1.04999995 0.29684106 -0.11647634,1.05009997 0.29354167 -0.11663024,1.04999995 0.32015964 -0.11482052,1.05009997 0.31750453 -0.11506654,1.04999995 0.34083292 -0.11232051,1.05009997 0.33682021 -0.11288285,1.05009997 0.36230648 -0.10883376,1.04999995 0.10198883 -0.10250933,1.05009997 0.07544333 -0.09590726,1.04999995 0.07544333 -0.09590726,1.04999995 0.12863132 -0.10839798,1.05009997 0.12584518 -0.10783819,1.04999995 0.14947106 -0.11202645,1.05009997 0.14620429 -0.11152976,1.04999995 0.16522534 -0.11401773,1.05009997 0.16464934 -0.11395597,1.05009997 0.18808821 -0.11590148,1.04999995 0.18833169 -0.11591626,1.05009997 0.21695161 -0.1170893,1.04999995 -0.01498891 -0.04088324,1.05009997 -0.02482953 -0.03103685,1.04999995 -0.02482953 -0.03103685,1.04999995 -0.0049713 -0.0504606,1.05009997 -0.00551277 -0.04996115,1.05009997 0.00352765 -0.05794828,1.04999995 0.00392777 -0.05828299,1.05009997 0.01017 -0.06327438,1.04999995 0.01075522 -0.06371932,1.05009997 0.01604076 -0.06755091,1.04999995 0.01680019 -0.06807327,1.05009997 0.02217726 -0.07157138,1.04999995 0.02307144 -0.0721213,1.05009997 0.02892668 -0.07552784,1.04999995 0.03006666 -0.0761553,1.05009997 0.03762959 -0.08006886,1.04999995 0.03807089 -0.08028522,1.05009997 0.04975025 -0.08563418,1.04999995 0.05028404 -0.08586396,1.05009997 0.06251865 -0.09088951,1.04999995 -0.05912429 0.0608207,1.05009997 -0.060232 0.07803548,1.04999995 -0.060232 0.07803548,1.05009997 -0.05830777 0.05181539,1.04999995 -0.05830755 0.05181335,1.04999995 -0.05733305 0.04383386,1.04999995 -0.05594293 0.03536753,1.05009997 -0.05697269 0.04138158,1.05009997 -0.05561173 0.03367616,1.04999995 -0.05437414 0.02810864,1.05009997 -0.05406037 0.02685016,1.04999995 -0.05257904 0.021532,1.05009997 -0.05207151 0.01990449,1.04999995 -0.05029979 0.01480615,1.05009997 -0.05052703 0.01541739,1.05009997 -0.04788988 0.00886862,1.04999995 -0.0476006 0.00820992,1.05009997 -0.04472988 0.00211555,1.04999995 -0.04451405 0.00168432,1.05009997 -0.04069941 -0.00549284,1.04999995 -0.04040815 -0.00601234,1.05009997 -0.03716591 -0.011596,1.04999995 -0.03544967 -0.01443201,1.05009997 -0.03301662 -0.01834893,1.04999995 -0.00798391 0.20414352,1.05009997 0.00197811 0.2143247,1.04999995 0.00197811 0.2143247,1.04999995 -0.01765597 0.19382784,1.05009997 -0.01632521 0.19529057,1.04999995 -0.02552714 0.18473868,1.05009997 -0.02489427 0.18550324,1.05009997 -0.030875 0.17795584,1.04999995 -0.03097175 0.17782697,1.05009997 -0.03536361 0.17167741,1.04999995 -0.03530935 0.17175744,1.04999995 -0.03906488 0.16591117,1.05009997 -0.03918673 0.16570958,1.04999995 -0.04247762 0.15989532,1.05009997 -0.0428062 0.15926884,1.04999995 -0.04521291 0.15434133,1.05009997 -0.0457332 0.15318352,1.04999995 -0.04782716 0.14811094,1.05009997 -0.0480795 0.14744909,1.04999995 -0.05027314 0.14112586,1.05009997 -0.05034443 0.14090082,1.04999995 -0.05225122 0.13430218,1.05009997 -0.05227591 0.13420843,1.04999995 -0.0540457 0.12677406,1.05009997 -0.05418601 0.12611493,1.04999995 -0.05584364 0.11728641,1.05009997 -0.05609054 0.11577397,1.05009997 -0.05734957 0.106993,1.04999995 -0.05767559 0.10437401,1.05009997 -0.05849258 0.09705841,1.04999995 0.21355489 0.27315024,1.04999995 0.18141936 0.27182591,1.05009997 0.18853565 0.27223122,1.04999995 0.15071915 0.26901865,1.05009997 0.16304289 0.27037945,1.04999995 0.1651032 0.27057397,1.04999995 0.14001766 0.26753095,1.05009997 0.14415188 0.26814213,1.05009997 0.1285968 0.26558203,1.04999995 0.12939991 0.26573229,1.04999995 0.1188746 0.26359057,1.05009997 0.11705978 0.26318198,1.04999995 0.10845035 0.26107368,1.04999995 0.09699678 0.25779852,1.05009997 0.10458583 0.26003122,1.04999995 0.0847808 0.25369021,1.05009997 0.09317937 0.25658119,1.05009997 0.08302801 0.25305131,1.04999995 0.07373402 0.24947032,1.05009997 0.07297312 0.24916331,1.05009997 0.06300301 0.24496064,1.04999995 0.05916277 0.2432581,1.04999995 0.03995632 0.23415151,1.05009997 0.04982115 0.23894271,1.05009997 0.02581318 0.22695459,1.05009997 -0.05000005 0.46234652,1.04999995 -0.05000005 0.53601635,1.04999995 -0.05000005 0.46234652,1.05009997 -0.05000005 0.53601635,1.04999995 0.41944063 0.53601635,1.05009997 0.41944063 0.53601635,1.04999995 0.37615877 0.59358454,1.05009997 0.36869028 0.60579813,1.04999995 0.36869028 0.60579813,1.05009997 0.38395318 0.5813235,1.04999995 0.38382623 0.58151698,1.04999995 0.39274752 0.56855851,1.05009997 0.39274752 0.56855851,1.04999995 0.40081352 0.55802155,1.05009997 0.41022846 0.54667312,1.05009997 0.40123796 0.55749249,1.04999995 0.33684734 0.66832447,1.05009997 0.3306275 0.68335611,1.04999995 0.3306275 0.68335611,1.04999995 0.34336087 0.65343577,1.05009997 0.34184468 0.65678799,1.04999995 0.35012022 0.6394639,1.05009997 0.34746861 0.64475912,1.05009997 0.35776022 0.62512332,1.04999995 0.35776001 0.62512368,1.04999995 0.40184173 0.68335611,1.05009997 0.40184173 0.68335611,1.04999995 0.46139339 0.58859134,1.05009997 0.47223735 0.57530695,1.04999995 0.47223735 0.57530695,1.04999995 0.45077309 0.60202199,1.05009997 0.45650718 0.59469151,1.04999995 0.43914121 0.61781681,1.05009997 0.44540611 0.6091218,1.04999995 0.43113586 0.62984204,1.05009997 0.4355928 0.622998,1.04999995 0.42197642 0.64516139,1.05009997 0.42739382 0.63590062,1.05009997 0.41420212 0.65935647,1.05009997 0.42100745 0.64687586,1.04999995 0.53942764 0.51770347,1.05009997 0.5524556 0.50982261,1.04999995 0.5524556 0.50982261,1.04999995 0.52664942 0.52589577,1.05009997 0.52851117 0.52465421,1.04999995 0.51699913 0.53271544,1.05009997 0.51908278 0.53118014,1.04999995 0.51011664 0.53809839,1.05009997 0.51282603 0.53591776,1.04999995 0.5029704 0.54423332,1.05009997 0.50567675 0.54184622,1.04999995 0.49393848 0.55271417,1.05009997 0.49694389 0.54980963,1.05009997 0.48442519 0.56235206,1.04999995 0.5524556 0.46234652,1.05009997 0.5524556 0.46234652              ]
            }
            coordIndex [
0,1,2,-1,0,3,1,-1,3,4,1,-1,3,5,4,-1,5,2,4,-1,5,0,2,-1,6,7,8,-1,6,9,7,-1,9,10,7,-1,9,11,10,-1,11,12,10,-1,11,13,12,-1,13,14,12,-1,13,15,14,-1,15,16,14,-1,15,17,16,-1,17,18,16,-1,17,19,18,-1,19,20,18,-1,19,21,20,-1,21,22,20,-1,21,23,22,-1,23,24,22,-1,23,25,24,-1,25,26,24,-1,25,27,26,-1,27,8,26,-1,27,6,8,-1,3,17,15,-1,13,3,15,-1,5,13,11,-1,5,3,13,-1,9,0,5,-1,9,5,11,-1,19,3,0,-1,25,19,0,-1,25,0,9,-1,23,21,19,-1,23,19,25,-1,27,9,6,-1,27,25,9,-1,19,17,3,-1,12,4,10,-1,4,7,10,-1,4,2,7,-1,7,24,8,-1,8,24,26,-1,7,18,24,-1,2,18,7,-1,24,20,22,-1,18,20,24,-1,12,1,4,-1,2,1,18,-1,12,14,1,-1,14,16,1,-1,16,18,1,-1,28,29,30,-1,31,32,28,-1,33,34,31,-1,35,36,33,-1,37,38,35,-1,39,40,37,-1,41,42,39,-1,43,44,45,-1,43,45,41,-1,46,44,43,-1,47,46,43,-1,48,49,47,-1,50,49,48,-1,32,29,28,-1,34,32,31,-1,36,34,33,-1,38,36,35,-1,40,38,37,-1,42,40,39,-1,45,42,41,-1,49,46,47,-1,51,52,53,-1,54,55,51,-1,56,54,57,-1,56,55,54,-1,58,56,57,-1,59,56,58,-1,60,61,59,-1,60,59,58,-1,62,61,60,-1,63,62,60,-1,64,62,63,-1,65,64,63,-1,66,64,65,-1,67,66,65,-1,68,66,67,-1,69,68,67,-1,70,69,71,-1,72,70,71,-1,73,70,72,-1,74,73,72,-1,75,73,74,-1,76,75,74,-1,77,76,74,-1,78,76,77,-1,30,78,77,-1,29,78,30,-1,55,52,51,-1,70,68,69,-1,79,80,81,-1,82,83,79,-1,84,82,85,-1,86,84,85,-1,87,84,86,-1,88,87,86,-1,89,87,88,-1,90,89,88,-1,91,90,88,-1,92,90,91,-1,93,92,91,-1,94,92,93,-1,95,94,93,-1,96,94,95,-1,97,96,95,-1,98,99,97,-1,100,99,98,-1,101,99,100,-1,102,101,100,-1,103,101,102,-1,104,103,102,-1,105,104,102,-1,106,104,105,-1,53,106,105,-1,52,106,53,-1,83,80,79,-1,84,83,82,-1,99,96,97,-1,107,108,109,-1,110,111,107,-1,112,113,110,-1,114,113,112,-1,115,116,114,-1,117,118,115,-1,119,120,117,-1,121,122,119,-1,123,124,121,-1,125,126,123,-1,81,127,125,-1,80,127,81,-1,111,108,107,-1,113,111,110,-1,116,113,114,-1,118,116,115,-1,120,118,117,-1,122,120,119,-1,124,122,121,-1,126,124,123,-1,127,126,125,-1,128,129,130,-1,131,132,128,-1,133,134,131,-1,135,136,133,-1,137,138,135,-1,139,140,137,-1,141,142,139,-1,143,144,145,-1,143,145,141,-1,146,144,143,-1,147,146,143,-1,109,148,147,-1,108,148,109,-1,132,129,128,-1,134,132,131,-1,136,134,133,-1,138,136,135,-1,140,138,137,-1,142,140,139,-1,145,142,141,-1,148,146,147,-1,149,150,151,-1,152,153,149,-1,154,152,155,-1,154,153,152,-1,156,154,155,-1,157,154,156,-1,158,159,157,-1,158,157,156,-1,160,159,158,-1,161,160,158,-1,162,160,161,-1,163,162,161,-1,164,162,163,-1,165,164,163,-1,166,164,165,-1,167,166,165,-1,168,167,169,-1,170,168,169,-1,171,168,170,-1,172,171,170,-1,173,171,172,-1,174,173,172,-1,175,174,172,-1,176,174,175,-1,130,176,175,-1,129,176,130,-1,153,150,149,-1,168,166,167,-1,177,178,179,-1,180,181,177,-1,182,183,180,-1,184,183,182,-1,185,184,182,-1,186,184,185,-1,187,186,185,-1,188,186,187,-1,189,188,187,-1,190,188,189,-1,191,190,189,-1,192,190,191,-1,193,192,191,-1,194,195,193,-1,196,195,194,-1,197,196,194,-1,198,196,197,-1,199,198,197,-1,200,198,199,-1,201,200,199,-1,202,200,201,-1,151,202,201,-1,150,202,151,-1,181,178,177,-1,183,181,180,-1,195,192,193,-1,203,50,48,-1,204,205,203,-1,206,207,204,-1,208,209,206,-1,210,208,211,-1,212,210,211,-1,213,214,212,-1,215,216,213,-1,217,218,215,-1,219,220,217,-1,221,222,219,-1,179,223,221,-1,178,223,179,-1,205,50,203,-1,207,205,204,-1,209,207,206,-1,210,209,208,-1,214,210,212,-1,216,214,213,-1,218,216,215,-1,220,218,217,-1,222,220,219,-1,223,222,221,-1,224,225,226,-1,227,228,224,-1,229,227,224,-1,230,231,229,-1,232,233,230,-1,234,233,232,-1,235,234,232,-1,236,234,235,-1,237,236,235,-1,238,236,237,-1,228,225,224,-1,231,227,229,-1,233,231,230,-1,239,240,241,-1,242,243,239,-1,244,243,242,-1,245,244,242,-1,246,244,245,-1,247,246,245,-1,248,246,247,-1,249,248,247,-1,250,248,249,-1,251,250,249,-1,252,250,251,-1,253,252,251,-1,254,252,253,-1,255,254,253,-1,256,254,255,-1,257,256,255,-1,258,256,257,-1,226,258,257,-1,225,258,226,-1,243,240,239,-1,259,260,261,-1,262,259,263,-1,264,262,263,-1,265,266,264,-1,267,266,265,-1,268,267,265,-1,269,267,268,-1,270,269,268,-1,271,269,270,-1,272,273,271,-1,272,271,270,-1,274,273,272,-1,275,274,272,-1,276,274,275,-1,277,276,275,-1,278,276,277,-1,279,278,277,-1,280,278,279,-1,281,280,279,-1,241,282,281,-1,240,282,241,-1,262,260,259,-1,266,262,264,-1,282,280,281,-1,283,284,285,-1,286,287,283,-1,288,286,289,-1,290,288,289,-1,291,288,290,-1,292,291,290,-1,293,291,292,-1,294,293,292,-1,295,293,294,-1,296,295,294,-1,297,296,294,-1,298,296,297,-1,299,298,297,-1,261,300,299,-1,260,300,261,-1,287,284,283,-1,288,287,286,-1,300,298,299,-1,301,302,303,-1,304,305,301,-1,306,304,307,-1,308,306,307,-1,309,306,308,-1,310,309,308,-1,311,312,310,-1,313,312,311,-1,314,313,311,-1,315,313,314,-1,316,315,314,-1,317,316,314,-1,285,318,317,-1,284,318,285,-1,305,302,301,-1,306,305,304,-1,312,309,310,-1,318,316,317,-1,319,320,321,-1,322,323,319,-1,324,325,322,-1,326,327,324,-1,328,329,326,-1,303,330,328,-1,302,330,303,-1,323,320,319,-1,325,323,322,-1,327,325,324,-1,329,327,326,-1,330,329,328,-1,331,332,333,-1,334,335,331,-1,336,337,334,-1,338,339,336,-1,321,340,338,-1,320,340,321,-1,335,332,331,-1,337,335,334,-1,339,337,336,-1,340,339,338,-1,341,342,343,-1,344,345,341,-1,346,347,344,-1,348,349,346,-1,350,349,348,-1,351,350,348,-1,352,350,351,-1,333,352,351,-1,332,352,333,-1,345,342,341,-1,347,345,344,-1,349,347,346,-1,353,354,355,-1,356,357,353,-1,358,357,356,-1,359,358,356,-1,360,358,359,-1,361,360,359,-1,362,360,361,-1,363,362,361,-1,364,362,363,-1,365,364,363,-1,366,364,365,-1,367,366,365,-1,368,366,367,-1,369,368,367,-1,370,368,369,-1,371,370,369,-1,372,370,371,-1,343,372,371,-1,342,372,343,-1,357,354,353,-1,373,374,375,-1,376,373,377,-1,378,376,377,-1,379,380,378,-1,381,380,379,-1,382,381,379,-1,383,381,382,-1,384,383,382,-1,385,383,384,-1,386,387,385,-1,386,385,384,-1,388,387,386,-1,389,388,386,-1,390,388,389,-1,391,390,389,-1,392,390,391,-1,393,392,391,-1,394,392,393,-1,395,394,393,-1,355,396,395,-1,354,396,355,-1,376,374,373,-1,380,376,378,-1,396,394,395,-1,397,398,399,-1,400,401,397,-1,402,403,400,-1,404,403,402,-1,405,404,402,-1,406,405,407,-1,406,404,405,-1,408,406,407,-1,409,406,408,-1,410,409,408,-1,411,409,410,-1,412,411,410,-1,413,411,412,-1,414,413,412,-1,415,413,414,-1,416,415,414,-1,417,415,416,-1,418,417,416,-1,419,417,418,-1,420,419,418,-1,421,419,420,-1,422,421,420,-1,423,421,422,-1,424,423,422,-1,425,424,422,-1,375,426,425,-1,374,426,375,-1,401,398,397,-1,403,401,400,-1,426,424,425,-1,427,238,237,-1,428,429,427,-1,430,431,432,-1,433,434,430,-1,435,433,436,-1,437,435,436,-1,438,435,437,-1,439,438,437,-1,440,441,439,-1,442,443,440,-1,444,443,442,-1,445,444,442,-1,446,444,445,-1,447,446,445,-1,448,447,445,-1,449,450,448,-1,399,451,449,-1,398,451,399,-1,429,238,427,-1,431,429,428,-1,431,428,432,-1,434,431,430,-1,435,434,433,-1,441,438,439,-1,443,441,440,-1,450,447,448,-1,451,450,449,-1,75,401,403,-1,73,75,403,-1,76,401,75,-1,70,403,404,-1,70,404,406,-1,70,73,403,-1,78,398,401,-1,78,401,76,-1,68,406,409,-1,68,70,406,-1,29,451,398,-1,29,398,78,-1,66,409,411,-1,66,411,413,-1,66,68,409,-1,64,413,415,-1,64,66,413,-1,62,415,417,-1,62,64,415,-1,61,417,419,-1,61,419,421,-1,61,62,417,-1,59,421,423,-1,59,61,421,-1,56,423,424,-1,56,59,423,-1,32,447,450,-1,32,450,451,-1,32,451,29,-1,55,424,426,-1,55,56,424,-1,34,444,446,-1,34,446,447,-1,34,447,32,-1,52,426,374,-1,52,374,376,-1,52,55,426,-1,36,443,444,-1,36,444,34,-1,38,438,441,-1,38,441,443,-1,38,443,36,-1,106,52,376,-1,40,435,438,-1,40,438,38,-1,104,376,380,-1,104,106,376,-1,103,104,380,-1,103,380,381,-1,42,434,435,-1,42,435,40,-1,101,103,381,-1,101,381,383,-1,45,431,434,-1,45,434,42,-1,99,101,383,-1,99,383,385,-1,99,385,387,-1,44,431,45,-1,96,387,388,-1,96,388,390,-1,96,99,387,-1,94,390,392,-1,94,96,390,-1,46,429,431,-1,46,431,44,-1,92,392,394,-1,92,94,392,-1,90,92,394,-1,90,394,396,-1,89,90,396,-1,87,396,354,-1,87,89,396,-1,49,238,429,-1,49,429,46,-1,84,87,354,-1,357,84,354,-1,357,83,84,-1,50,236,238,-1,50,238,49,-1,80,83,357,-1,358,80,357,-1,360,80,358,-1,205,234,236,-1,205,236,50,-1,362,80,360,-1,364,80,362,-1,366,127,80,-1,366,80,364,-1,207,233,234,-1,207,234,205,-1,368,127,366,-1,209,231,233,-1,209,233,207,-1,370,126,127,-1,370,127,368,-1,210,227,231,-1,210,231,209,-1,372,126,370,-1,214,228,227,-1,214,227,210,-1,342,126,372,-1,342,122,124,-1,342,124,126,-1,216,228,214,-1,218,225,228,-1,218,228,216,-1,220,258,225,-1,220,225,218,-1,222,256,258,-1,222,258,220,-1,345,122,342,-1,345,116,118,-1,345,118,120,-1,345,120,122,-1,347,116,345,-1,347,113,116,-1,223,250,252,-1,223,252,254,-1,223,254,256,-1,223,256,222,-1,349,113,347,-1,349,111,113,-1,178,246,248,-1,178,248,250,-1,178,250,223,-1,178,244,246,-1,243,244,178,-1,350,111,349,-1,181,243,178,-1,240,181,183,-1,240,243,181,-1,184,240,183,-1,352,108,111,-1,352,111,350,-1,282,184,186,-1,282,240,184,-1,280,186,188,-1,280,282,186,-1,332,148,108,-1,332,108,352,-1,278,188,190,-1,278,280,188,-1,276,190,192,-1,276,278,190,-1,274,276,192,-1,274,192,195,-1,273,274,195,-1,271,273,195,-1,335,148,332,-1,335,146,148,-1,269,271,195,-1,269,195,196,-1,267,196,198,-1,267,269,196,-1,337,146,335,-1,337,144,146,-1,266,267,198,-1,266,198,200,-1,262,200,202,-1,262,202,150,-1,262,266,200,-1,339,144,337,-1,339,145,144,-1,340,140,142,-1,340,142,145,-1,340,145,339,-1,260,262,150,-1,300,150,153,-1,300,260,150,-1,320,140,340,-1,320,136,138,-1,320,138,140,-1,298,300,153,-1,296,153,154,-1,296,298,153,-1,295,296,154,-1,323,136,320,-1,323,134,136,-1,293,154,157,-1,293,295,154,-1,291,157,159,-1,291,293,157,-1,325,132,134,-1,325,134,323,-1,288,159,160,-1,288,291,159,-1,327,132,325,-1,287,288,160,-1,287,160,162,-1,329,132,327,-1,330,129,132,-1,330,132,329,-1,284,162,164,-1,284,164,166,-1,284,287,162,-1,302,129,330,-1,318,166,168,-1,318,284,166,-1,316,168,171,-1,316,318,168,-1,315,316,171,-1,305,129,302,-1,305,176,129,-1,313,315,171,-1,313,171,173,-1,306,176,305,-1,306,174,176,-1,312,313,173,-1,312,173,174,-1,309,174,306,-1,309,312,174,-1,400,74,402,-1,74,72,402,-1,397,77,400,-1,400,77,74,-1,405,71,407,-1,402,71,405,-1,72,71,402,-1,407,69,408,-1,71,69,407,-1,449,30,399,-1,399,30,397,-1,397,30,77,-1,408,67,410,-1,69,67,408,-1,412,65,414,-1,410,65,412,-1,67,65,410,-1,414,63,416,-1,65,63,414,-1,418,60,420,-1,416,60,418,-1,63,60,416,-1,420,58,422,-1,60,58,420,-1,448,28,449,-1,449,28,30,-1,422,57,425,-1,58,57,422,-1,57,54,425,-1,445,31,448,-1,448,31,28,-1,54,51,425,-1,442,33,445,-1,445,33,31,-1,425,53,375,-1,375,53,373,-1,51,53,425,-1,440,35,442,-1,439,35,440,-1,442,35,33,-1,437,37,439,-1,439,37,35,-1,53,105,373,-1,377,105,378,-1,373,105,377,-1,436,39,437,-1,437,39,37,-1,378,102,379,-1,105,102,378,-1,433,41,436,-1,430,41,433,-1,436,41,39,-1,102,100,379,-1,379,100,382,-1,100,98,382,-1,384,98,386,-1,382,98,384,-1,432,43,430,-1,428,43,432,-1,430,43,41,-1,386,97,389,-1,98,97,386,-1,389,95,391,-1,97,95,389,-1,391,93,393,-1,95,93,391,-1,393,91,395,-1,93,91,393,-1,427,47,428,-1,428,47,43,-1,91,88,395,-1,88,355,395,-1,88,86,355,-1,86,85,355,-1,85,353,355,-1,85,82,353,-1,82,356,353,-1,79,356,82,-1,237,48,427,-1,427,48,47,-1,81,359,79,-1,79,359,356,-1,81,361,359,-1,237,203,48,-1,235,203,237,-1,81,363,361,-1,81,365,363,-1,235,204,203,-1,81,367,365,-1,81,369,367,-1,125,369,81,-1,235,206,204,-1,232,206,235,-1,232,208,206,-1,230,208,232,-1,125,371,369,-1,123,371,125,-1,230,211,208,-1,229,211,230,-1,229,212,211,-1,123,343,371,-1,121,343,123,-1,229,213,212,-1,224,213,229,-1,224,215,213,-1,224,217,215,-1,226,217,224,-1,119,341,121,-1,117,341,119,-1,121,341,343,-1,226,219,217,-1,257,219,226,-1,117,344,341,-1,115,344,117,-1,257,221,219,-1,255,221,257,-1,253,221,255,-1,115,346,344,-1,114,346,115,-1,112,346,114,-1,112,348,346,-1,110,348,112,-1,253,179,221,-1,251,179,253,-1,249,179,251,-1,247,179,249,-1,245,179,247,-1,245,242,179,-1,107,351,110,-1,110,351,348,-1,242,177,179,-1,242,239,177,-1,239,180,177,-1,239,182,180,-1,239,241,182,-1,241,185,182,-1,185,281,187,-1,241,281,185,-1,109,333,107,-1,107,333,351,-1,187,279,189,-1,281,279,187,-1,279,277,189,-1,189,277,191,-1,147,331,109,-1,109,331,333,-1,277,275,191,-1,191,275,193,-1,193,272,194,-1,275,272,193,-1,272,270,194,-1,147,334,331,-1,194,268,197,-1,270,268,194,-1,197,265,199,-1,268,265,197,-1,147,336,334,-1,143,336,147,-1,199,264,201,-1,265,264,199,-1,264,263,201,-1,143,338,336,-1,141,338,143,-1,139,338,141,-1,201,259,151,-1,263,259,201,-1,259,261,151,-1,137,321,139,-1,135,321,137,-1,139,321,338,-1,149,299,152,-1,151,299,149,-1,261,299,151,-1,152,297,155,-1,299,297,152,-1,133,319,135,-1,135,319,321,-1,297,294,155,-1,155,292,156,-1,294,292,155,-1,131,322,133,-1,133,322,319,-1,156,290,158,-1,292,290,156,-1,131,324,322,-1,290,289,158,-1,131,326,324,-1,128,326,131,-1,289,286,158,-1,158,286,161,-1,286,283,161,-1,163,283,165,-1,161,283,163,-1,128,328,326,-1,130,328,128,-1,283,285,165,-1,165,285,167,-1,130,303,328,-1,285,317,167,-1,169,317,170,-1,167,317,169,-1,130,301,303,-1,317,314,170,-1,170,314,172,-1,130,304,301,-1,175,304,130,-1,314,311,172,-1,175,307,304,-1,175,308,307,-1,311,310,172,-1,172,310,175,-1,175,310,308,-1,452,453,454,-1,452,455,453,-1,455,456,453,-1,455,457,456,-1,458,459,460,-1,461,458,462,-1,463,461,462,-1,464,461,463,-1,465,464,463,-1,466,467,465,-1,456,466,465,-1,457,466,456,-1,461,459,458,-1,467,464,465,-1,468,469,470,-1,471,472,468,-1,473,474,471,-1,475,473,476,-1,460,475,476,-1,459,475,460,-1,472,469,468,-1,474,472,471,-1,475,474,473,-1,469,477,470,-1,469,478,477,-1,479,480,481,-1,482,483,479,-1,484,485,482,-1,486,487,484,-1,488,489,486,-1,490,491,488,-1,477,490,488,-1,478,490,477,-1,483,480,479,-1,485,483,482,-1,487,485,484,-1,489,487,486,-1,491,489,488,-1,492,493,494,-1,495,496,492,-1,497,498,495,-1,499,500,497,-1,501,502,499,-1,503,504,501,-1,481,505,503,-1,480,505,481,-1,496,493,492,-1,498,496,495,-1,500,498,497,-1,502,500,499,-1,504,502,501,-1,505,504,503,-1,493,506,494,-1,493,507,506,-1,507,454,506,-1,507,452,454,-1,478,469,472,-1,478,472,474,-1,490,474,475,-1,490,478,474,-1,491,475,459,-1,491,490,475,-1,489,491,459,-1,487,459,461,-1,487,489,459,-1,485,461,464,-1,485,487,461,-1,467,485,464,-1,483,485,467,-1,466,483,467,-1,480,466,457,-1,480,483,466,-1,505,480,457,-1,504,505,457,-1,502,504,457,-1,500,502,457,-1,498,500,457,-1,507,493,496,-1,507,496,498,-1,507,457,452,-1,507,498,457,-1,457,455,452,-1,471,477,473,-1,468,477,471,-1,470,477,468,-1,476,488,460,-1,473,488,476,-1,477,488,473,-1,460,486,458,-1,488,486,460,-1,458,484,462,-1,486,484,458,-1,484,463,462,-1,463,482,465,-1,484,482,463,-1,482,479,465,-1,479,456,465,-1,479,481,456,-1,481,503,456,-1,503,501,456,-1,501,499,456,-1,499,497,456,-1,495,506,497,-1,492,506,495,-1,494,506,492,-1,456,506,454,-1,497,506,456,-1,453,456,454            ]
            ccw TRUE
          }
        }
        Shape {
          appearance DEF M0 Appearance {
            material Material {
              diffuseColor 0.51373 0.41176 0.29412
              specularColor 0.05 0.05 0.05
              shininess 0.5
            }
          }
          geometry IndexedFaceSet {
            coord Coordinate {
              point [
0.1899948 -2 1.44902825,0.1897586 -1.88607883 1.43955743,0.1897586 -2 1.43955743,0.19002177 -1.87829661 1.44955564,0.19070277 -2 1.45847535,0.19079714 -1.87033701 1.45939684,0.19188075 -2 1.46787548,0.19206358 -1.86222231 1.46906328,0.19352584 -2 1.47720528,0.19379994 -1.85397434 1.47853673,0.19563392 -2 1.48644137,0.19598863 -1.84560061 1.48781514,0.19819978 -2 1.495561,0.19861674 -1.83710349 1.49689984,0.20121701 -2 1.50454128,0.20167041 -1.82849598 1.50577903,0.20467813 -2 1.51336014,0.20513575 -1.81979108 1.51444089,0.20857452 -2 1.52199543,0.20899886 -1.81100178 1.52287376,0.21289651 -2 1.53042579,0.21324588 -1.80214095 1.53106582,0.21763334 -2 1.53863013,0.21786292 -1.79322171 1.53900528,0.22277324 -2 1.5465883,0.22283608 -1.78425694 1.54668045,0.22830343 -2 1.55428028,0.22815165 -1.77525938 1.55407965,0.23380691 -1.76622391 1.56120503,0.23421016 -2 1.56168711,0.2397974 -1.75715196 1.56805265,0.24047875 -2 1.56879032,0.24611284 -1.74805617 1.57460999,0.24709362 -2 1.57557213,0.25274292 -1.73894906 1.58086455,0.2540383 -2 1.58201587,0.25967738 -1.72984302 1.58680367,0.26129556 -2 1.58810544,0.26690593 -1.72075057 1.59241498,0.26884732 -2 1.5938257,0.27441826 -1.71168447 1.59768593,0.27667481 -2 1.59916246,0.28220412 -1.70265687 1.60260391,0.2847586 -2 1.60410237,0.29025316 -1.69368052 1.60715663,0.29307857 -2 1.60863316,0.29855514 -1.68476784 1.61133134,0.30161405 -2 1.61274362,0.30709976 -1.67593145 1.61511576,0.3103438 -2 1.61642349,0.31583944 -1.66722083 1.6184833,0.31924614 -2 1.61966372,0.32469875 -1.65871024 1.6214056,0.32829893 -2 1.62245607,0.3336606 -1.65041387 1.62388182,0.33747962 -2 1.62479377,0.34270871 -1.64234483 1.62591159,0.34676546 -2 1.62667096,0.35182688 -1.63451636 1.62749445,0.35613331 -2 1.62808299,0.36099881 -1.62694168 1.62863004,0.36555988 -2 1.62902617,0.37020832 -1.61963391 1.62931776,0.37502179 -2 1.62949848,0.37943912 -1.61260629 1.62955725,0.38449544 -2 1.62949848,0.38868636 -1.60586405 1.62934756,0.39395732 -2 1.62902617,0.39805752 -1.59933972 1.62867403,0.40338391 -2 1.62808299,0.40660638 -1.59366655 1.6276511,0.41275176 -2 1.62667096,0.41437665 -1.58874834 1.62637746,0.42203757 -2 1.62479377,0.42220449 -1.58403158 1.62475622,0.43007573 -1.57953918 1.62277424,0.4312183 -2 1.62245607,0.43797621 -1.57529366 1.62041867,0.44027108 -2 1.61966372,0.44509968 -1.57170296 1.61796868,0.44917339 -2 1.61642349,0.45150718 -1.56867599 1.6154896,0.45790315 -2 1.61274362,0.45789739 -1.56586075 1.61274612,0.46408096 -1.56334245 1.6098212,0.46643862 -2 1.60863316,0.46989131 -1.56117296 1.60681808,0.4747586 -2 1.60410237,0.47554916 -1.5592562 1.60364342,0.48166332 -1.55741835 1.59991789,0.48284239 -2 1.59916246,0.48759037 -1.55588639 1.59599376,0.49066991 -2 1.5938257,0.49329779 -1.55466473 1.59190214,0.49822167 -2 1.58810544,0.49881569 -1.553743 1.58763003,0.50414413 -1.55311942 1.58318317,0.50547892 -2 1.58201587,0.50928354 -1.55279255 1.57856596,0.51242357 -2 1.57557213,0.5142346 -1.55276191 1.57378209,0.51903844 -2 1.56879032,0.51899785 -1.55302715 1.56883407,0.52356583 -1.55358791 1.56373274,0.52530706 -2 1.56168711,0.52792317 -1.55444062 1.55850065,0.53121376 -2 1.55428028,0.53209203 -1.55558896 1.55311322,0.536744 -2 1.5465883,0.53607166 -1.55703592 1.54756987,0.53986019 -1.55878484 1.54187,0.54188389 -2 1.53863013,0.54345465 -1.56084001 1.53601384,0.54662073 -2 1.53042579,0.54685086 -1.56320596 1.53000224,0.5500434 -1.56588721 1.52383733,0.55094272 -2 1.52199543,0.55301768 -1.56887865 1.51754081,0.55483907 -2 1.51336014,0.5555284 -1.57186878 1.51170456,0.5583002 -2 1.50454128,0.55820757 -1.57566571 1.50479722,0.56057811 -1.57972097 1.49790561,0.56131744 -2 1.495561,0.56286263 -1.58450449 1.4902823,0.5638833 -2 1.48644137,0.56479293 -1.58955288 1.48271191,0.5659914 -2 1.47720528,0.5663839 -1.59483969 1.47520912,0.56763649 -2 1.46787548,0.56765801 -1.60037804 1.46773469,0.56878728 -1.60738432 1.45874977,0.56881446 -2 1.45847535,0.56944132 -1.61411142 1.45053899,0.56952244 -2 1.44902825,0.56975502 -1.62255013 1.44072402,0.56975859 -2 1.43955743,0.56960064 -1.63057852 1.43181396,0.56952244 -2 1.43008673,0.56904411 -1.63876891 1.42309535,0.56881446 -2 1.42063963,0.56810611 -1.64711392 1.41455042,0.56763649 -2 1.4112395,0.56679851 -1.65562963 1.40614426,0.5659914 -2 1.40190971,0.56513369 -1.66429341 1.39788544,0.5638833 -2 1.39267361,0.56312412 -1.67308295 1.38978291,0.56131744 -2 1.38355398,0.56078231 -1.68197548 1.38184536,0.5583002 -2 1.37457371,0.55812061 -1.69094872 1.37408173,0.55515158 -1.69998002 1.36650085,0.55483907 -2 1.36575484,0.55188757 -1.70904696 1.35911143,0.55094272 -2 1.35711956,0.54834116 -1.71812689 1.35192227,0.54662073 -2 1.3486892,0.5445081 -1.72723591 1.34491301,0.54188389 -2 1.34048486,0.54037559 -1.73640239 1.33805788,0.536744 -2 1.33252668,0.53594792 -1.74561024 1.33136785,0.53121376 -2 1.3248347,0.53122932 -1.75484335 1.32485402,0.52622414 -1.76408589 1.31852698,0.52530706 -2 1.31742787,0.52093655 -1.77332163 1.31239808,0.51903844 -2 1.31032467,0.51537097 -1.7825346 1.3064779,0.51242357 -2 1.30354273,0.50953162 -1.79170871 1.30077767,0.50547892 -2 1.29709911,0.5034228 -1.80082798 1.29530823,0.49822167 -2 1.29100955,0.49704877 -1.8098762 1.29008043,0.49066991 -2 1.28528929,0.49041387 -1.8188374 1.28510523,0.48351899 -1.8276999 1.28039145,0.48284239 -2 1.27995253,0.4763276 -1.83649659 1.27592731,0.4747586 -2 1.27501261,0.46883291 -1.84521842 1.27172756,0.46643862 -2 1.27048182,0.46104032 -1.85384023 1.26781571,0.45790315 -2 1.26637137,0.45295528 -1.86233711 1.26421559,0.44917339 -2 1.2626915,0.44458321 -1.87068379 1.2609508,0.44027108 -2 1.25945127,0.43592957 -1.87885535 1.25804484,0.4312183 -2 1.25665891,0.42699975 -1.88682652 1.25552154,0.42203757 -2 1.25432122,0.4177992 -1.89457226 1.25340438,0.41275176 -2 1.25244403,0.4083243 -1.90207398 1.25171673,0.40338391 -2 1.25103199,0.39954993 -1.90860569 1.25058937,0.39395732 -2 1.25008881,0.39146408 -1.91428101 1.24991548,0.38449544 -2 1.2496165,0.38321042 -1.91974068 1.24958539,0.37502179 -2 1.2496165,0.37479964 -1.92496252 1.24961925,0.36710438 -1.92944026 1.24997771,0.36555988 -2 1.25008881,0.3600837 -1.93327665 1.25057852,0.35613331 -2 1.25103199,0.35297999 -1.93691695 1.251454,0.34676546 -2 1.25244403,0.34581828 -1.94033968 1.25261307,0.33861557 -1.94352961 1.25406456,0.33747962 -2 1.25432122,0.33138299 -1.94647455 1.25581765,0.32829893 -2 1.25665891,0.32485732 -1.94890547 1.25766087,0.31924614 -2 1.25945127,0.31858215 -1.95103633 1.25967467,0.31239909 -1.9529326 1.26189804,0.3103438 -2 1.2626915,0.30630916 -1.95459723 1.2643286,0.30161405 -2 1.26637137,0.29967058 -1.95617473 1.26726151,0.29307857 -2 1.27048182,0.29317805 -1.95746815 1.2704308,0.28681859 -1.95848453 1.27384031,0.2847586 -2 1.27501261,0.28059724 -1.95922589 1.27748621,0.27667481 -2 1.27995253,0.27451867 -1.95969391 1.28136575,0.26884732 -2 1.28528929,0.26858726 -1.95988989 1.28547645,0.26280722 -1.95981491 1.2898165,0.26129556 -2 1.29100955,0.2572048 -1.95947123 1.29436612,0.2540383 -2 1.29709911,0.2517772 -1.95886099 1.29912722,0.24709362 -2 1.30354273,0.24651937 -1.95798326 1.30410588,0.24143691 -1.95683753 1.30930054,0.24047875 -2 1.31032467,0.23653641 -1.95542312 1.31470895,0.23421016 -2 1.31742787,0.2322858 -1.95391905 1.31975937,0.22830343 -2 1.3248347,0.22790833 -1.95206416 1.32535851,0.22353961 -1.94985712 1.33141124,0.22277324 -2 1.33252668,0.2194182 -1.94739342 1.33762145,0.21763334 -2 1.34048486,0.2153489 -1.94452596 1.34432387,0.21289651 -2 1.3486892,0.21159984 -1.9414171 1.35111225,0.20857452 -2 1.35711956,0.20816657 -1.93807971 1.35797298,0.20467813 -2 1.36575484,0.20471673 -1.93411946 1.36566448,0.20164512 -1.92991126 1.37340999,0.20121701 -2 1.37457371,0.19895056 -1.92548192 1.38117564,0.19819978 -2 1.38355398,0.19642095 -1.92039835 1.38968408,0.19563392 -2 1.39267361,0.19426225 -1.91492832 1.39843309,0.19352584 -2 1.40190971,0.19254081 -1.90923381 1.40716028,0.19188075 -2 1.4112395,0.19124368 -1.90333331 1.41584861,0.19070277 -2 1.42063963,0.19035789 -1.89724588 1.42448068,0.1899948 -2 1.43008673,0.18990694 -1.89172173 1.43205369,0.32728857 -2 -1.17783117,0.32525781 -1.99759769 -1.17842662,0.31827813 -2 -1.18066442,0.33222836 -1.99496591 -1.1764828,0.33642867 -2 -1.17544925,0.33918107 -1.99211466 -1.17482495,0.34567586 -2 -1.17352438,0.34610704 -1.98905337 -1.17344534,0.35299751 -1.98579204 -1.17233598,0.35500726 -2 -1.17206156,0.35984367 -1.98234022 -1.17148888,0.36439985 -2 -1.17106426,0.36663669 -1.97870767 -1.17089617,0.37383041 -2 -1.17053497,0.3733646 -1.97490621 -1.17054987,0.38001284 -1.97095001 -1.17044187,0.3832756 -2 -1.17047501,0.38657629 -1.96684849 -1.17056346,0.39271209 -2 -1.17088461,0.39305028 -1.96261048 -1.17090642,0.39943013 -1.95824528 -1.17146218,0.4021166 -2 -1.17176259,0.40571108 -1.95376158 -1.17222238,0.41146582 -2 -1.17310679,0.41188848 -1.94916868 -1.17317843,0.41795763 -1.94447541 -1.17432189,0.4207367 -2 -1.17491412,0.42391473 -1.93969023 -1.17564464,0.42990631 -2 -1.17717981,0.42978749 -1.93479466 -1.17714667,0.43558845 -1.92978024 -1.17882824,0.43895197 -2 -1.1798985,0.44320571 -1.92291713 -1.18134499,0.44785136 -2 -1.18306327,0.45160609 -1.91496599 -1.18454444,0.45658249 -2 -1.18666649,0.4598169 -1.90678537 -1.18812513,0.46512371 -2 -1.19069922,0.4678272 -1.89839005 -1.19207811,0.473454 -2 -1.19515133,0.47562602 -1.88979483 -1.19639444,0.48155272 -2 -1.20001197,0.48320243 -1.88101435 -1.20106518,0.48939991 -2 -1.2052691,0.49054545 -1.87206352 -1.20608151,0.49697611 -2 -1.21090972,0.49764413 -1.862957 -1.21143448,0.50426263 -2 -1.2169199,0.50448751 -1.8537097 -1.21711516,0.51124144 -2 -1.22328472,0.51105815 -1.84434593 -1.22310913,0.51733142 -1.83490574 -1.22939336,0.51789534 -2 -1.22998846,0.52329779 -1.82541037 -1.23595631,0.52420783 -2 -1.23701477,0.52894831 -1.8158803 -1.24278677,0.53016335 -2 -1.2443459,0.5342741 -1.80633581 -1.24987364,0.53574717 -2 -1.25196409,0.53926611 -1.79679763 -1.25720549,0.54094553 -2 -1.25985038,0.54391545 -1.78728604 -1.26477134,0.54574549 -2 -1.26798522,0.54821312 -1.77782154 -1.27255988,0.55013525 -2 -1.27634847,0.55215031 -1.76842451 -1.28056002,0.55410397 -2 -1.28491962,0.55571789 -1.7591157 -1.2887603,0.5576418 -2 -1.29367745,0.55891705 -1.74988461 -1.29717922,0.56073999 -2 -1.30260026,0.56174767 -1.7407099 -1.30585253,0.56339097 -2 -1.31166601,0.56418771 -1.73162544 -1.31476772,0.56558812 -2 -1.32085228,0.56621486 -1.72266614 -1.32391119,0.56732601 -2 -1.33013642,0.56780678 -1.71386683 -1.3332696,0.56860042 -2 -1.33949542,0.56894124 -1.7052623 -1.34282959,0.56940806 -2 -1.34890616,0.56959581 -1.69688749 -1.35257781,0.56974703 -2 -1.35834551,0.56974733 -1.68875968 -1.36252403,0.5696165 -2 -1.36778998,0.56942713 -1.68166268 -1.37167013,0.56901675 -2 -1.37721634,0.56874591 -1.67548835 -1.38004208,0.56794924 -2 -1.38660121,0.5676719 -1.66954875 -1.38853061,0.56641674 -2 -1.39592135,0.56618536 -1.66387534 -1.39712012,0.56442285 -2 -1.40515399,0.5644784 -1.6590234 -1.40492404,0.56263101 -1.65488303 -1.41199577,0.56197262 -2 -1.414276,0.56047833 -1.65097821 -1.41909921,0.55907214 -2 -1.42326498,0.55801022 -1.64732778 -1.42622054,0.55572844 -2 -1.43209875,0.55551076 -1.64427578 -1.43263388,0.5528214 -1.64153469 -1.43886173,0.55194992 -2 -1.44075537,0.55005682 -1.6391747 -1.44469595,0.54774576 -2 -1.44921362,0.54711074 -1.63706923 -1.45040512,0.54312652 -2 -1.45745242,0.54363978 -1.63502979 -1.45658326,0.53996205 -1.63329697 -1.46259487,0.53810358 -2 -1.46545148,0.53607661 -1.63186336 -1.46844745,0.53268927 -2 -1.47319102,0.53198683 -1.63072538 -1.47413957,0.52689701 -2 -1.48065186,0.5276953 -1.62987983 -1.47966957,0.52320355 -1.62932408 -1.48503685,0.52074111 -2 -1.48781574,0.51851231 -1.62905645 -1.4902401,0.51423681 -2 -1.49466479,0.51363486 -1.62907541 -1.49526525,0.50858402 -1.62937713 -1.50009942,0.50740016 -2 -1.50118208,0.50334072 -1.62996101 -1.50475979,0.50024807 -2 -1.50735164,0.49790466 -1.63082731 -1.50924277,0.49279824 -2 -1.51315808,0.49227592 -1.63197684 -1.51354325,0.48645511 -1.63341069 -1.51765513,0.48506901 -2 -1.51858711,0.48044357 -1.63512993 -1.5215714,0.47707954 -2 -1.52362537,0.4742448 -1.63713491 -1.52528286,0.46884957 -2 -1.52826023,0.46787316 -1.63942158 -1.5287751,0.46192575 -1.64174783 -1.53175676,0.46039942 -2 -1.53248048,0.45498624 -1.64468122 -1.53491521,0.45174995 -2 -1.53627551,0.44800949 -1.64785337 -1.53776038,0.44292259 -2 -1.53963602,0.44100836 -1.65124762 -1.54029858,0.43393913 -2 -1.54255366,0.43321648 -1.65525937 -1.54276645,0.42542827 -1.65950191 -1.54487181,0.42482176 -2 -1.5450213,0.41679814 -1.66446042 -1.54679716,0.41559303 -2 -1.54703271,0.40810984 -1.66971242 -1.54831564,0.40627575 -2 -1.54858303,0.39910528 -1.67542183 -1.54945588,0.39689294 -2 -1.54966831,0.38919994 -1.68200731 -1.5502094,0.38746777 -2 -1.55028605,0.3789655 -1.6891408 -1.55044281,0.37802356 -2 -1.55043459,0.3687081 -1.69662189 -1.55012286,0.36858362 -2 -1.55011356,0.3591713 -2 -1.54932392,0.35844946 -1.70443475 -1.54924512,0.34980989 -2 -1.54806733,0.3482112 -1.71256363 -1.54780567,0.34052247 -2 -1.54634714,0.33801508 -1.72099257 -1.54580021,0.331332 -2 -1.54416752,0.32792357 -1.72967136 -1.54323494,0.32226124 -2 -1.54153383,0.31799334 -1.73855448 -1.54012251,0.31333256 -2 -1.53845251,0.30824724 -1.74762499 -1.53647077,0.30456802 -2 -1.53493142,0.29870808 -1.75686562 -1.53228748,0.29598933 -2 -1.53097904,0.2893987 -1.76625919 -1.52758038,0.28761765 -2 -1.52660525,0.28034192 -1.77578866 -1.52235734,0.27947369 -2 -1.52182078,0.27156052 -1.78543687 -1.51662612,0.27157757 -2 -1.51663744,0.2639488 -2 -1.51106822,0.26307738 -1.79518676 -1.51039445,0.25660622 -2 -1.5051266,0.25491527 -1.80502105 -1.5036701,0.24956802 -2 -1.49882746,0.24710934 -1.81490827 -1.4964726,0.24285154 -2 -1.49218643,0.23970667 -1.82480121 -1.48883855,0.23647341 -2 -1.48521972,0.23272851 -1.83468187 -1.48078561,0.23044938 -2 -1.47794461,0.22619532 -1.84453309 -1.47233021,0.22479436 -2 -1.47037923,0.22012754 -1.85433757 -1.46348929,0.2195223 -2 -1.46254206,0.21454562 -1.86407804 -1.4542793,0.21464624 -2 -1.45445263,0.21017821 -2 -1.44613087,0.20947 -1.87373757 -1.44471729,0.2061293 -2 -1.43759727,0.20492113 -1.88329875 -1.4348197,0.20250946 -2 -1.42887306,0.20091902 -1.89274585 -1.42460167,0.19932768 -2 -1.41997969,0.19748209 -1.90207434 -1.41406488,0.19659179 -2 -1.41093922,0.194638 -1.91126156 -1.40322876,0.19430859 -2 -1.40177393,0.19241638 -1.92027962 -1.39211833,0.19248368 -2 -1.3925066,0.19112159 -2 -1.38315988,0.19097365 -1.92822826 -1.38190496,0.19022571 -2 -1.37375712,0.19014466 -1.93522882 -1.37255526,0.18979821 -2 -1.36432135,0.18977678 -1.94206882 -1.36306989,0.18984017 -2 -1.35487616,0.18988705 -1.94873631 -1.35345733,0.19035147 -2 -1.34544456,0.19049455 -1.95521224 -1.34373355,0.19133088 -2 -1.33605015,0.19161813 -1.9614718 -1.33392203,0.19277593 -2 -1.32671595,0.19308616 -1.96689987 -1.32503641,0.1946831 -2 -1.31746507,0.19478923 -1.97160316 -1.31700945,0.1968644 -1.97612047 -1.30896723,0.19704765 -2 -1.3083204,0.1993207 -1.98043597 -1.30092669,0.19986375 -2 -1.2993046,0.20216465 -1.98452938 -1.29291224,0.20312442 -2 -1.29043996,0.20506135 -1.98800886 -1.2857374,0.20682161 -2 -1.28174818,0.20794576 -1.99096394 -1.27932286,0.21094619 -2 -1.27325094,0.21109678 -1.99374199 -1.27295959,0.21451809 -1.99633372 -1.26665747,0.21548796 -2 -1.26496923,0.21739182 -1.99822927 -1.26176596,0.22043569 -2 -1.25692332,0.25486639 -2 -1.23256183,0.28685805 -2 -1.20758045,-0.25845957 0 -2.4136188,-0.2 0.11947979 -2.43206692,-0.2 0 -2.43499994,-0.25845957 -0.11967628 -2.41065001,-0.2 -0.12073644 -2.43200493,-0.31578225 -0.11847313 -2.38641477,-0.31578225 0 -2.38935375,-0.25845957 -0.23905815 -2.4017508,-0.2 -0.24117586 -2.4230268,-0.3718259 -0.11712999 -2.35935974,-0.3718259 0 -2.36226535,-0.31578225 -0.23665482 -2.3776052,-0.25845957 -0.35785192 -2.3869431,-0.2 -0.361022 -2.40808797,-0.42645156 -0.11565016 -2.32955146,-0.42645156 0 -2.33242059,-0.3718259 -0.23397182 -2.35064983,-0.31578225 -0.35425431 -2.36294651,-0.47952372 -0.11403734 -2.2970643,-0.47952372 0 -2.29989314,-0.25845957 -0.47576535 -2.36626339,-0.2 -0.47997996 -2.38722515,-0.42645156 -0.23101582 -2.3209517,-0.3718259 -0.35023808 -2.33615732,-0.53091079 -0.11229552 -2.26197863,-0.53091079 0 -2.26476431,-0.31578225 -0.47098234 -2.3424747,-0.47952372 -0.22779414 -2.28858447,-0.25845957 -0.59250838 -2.33976269,-0.2 -0.59775716 -2.36048961,-0.42645156 -0.34581316 -2.30664229,-0.5804854 -0.110429 -2.22438121,-0.5804854 0 -2.22712064,-0.3718259 -0.46564272 -2.31591773,-0.53091079 -0.22431478 -2.25362825,-0.31578225 -0.58655167 -2.31624031,-0.47952372 -0.34099054 -2.27447462,-0.62812454 -0.10844244 -2.18436575,-0.62812454 0 -2.18705583,-0.25845957 -0.70779377 -2.30750585,-0.2 -0.71406382 -2.32794714,-0.42645156 -0.4597598 -2.28665829,-0.5804854 -0.22058634 -2.21616983,-0.3718259 -0.57990187 -2.28998065,-0.53091079 -0.3357822 -2.2397337,-0.67371011 -0.10634075 -2.14203119,-0.67371011 0 -2.14466906,-0.31578225 -0.70067811 -2.28430772,-0.47952372 -0.4533481 -2.25476933,-0.62812454 -0.21661811 -2.17630196,-0.25845957 -0.821338 -2.2695725,-0.2 -0.82861388 -2.28967762,-0.42645156 -0.57257539 -2.26104903,-0.5804854 -0.33020103 -2.2025063,-0.71712905 -0.10412914 -2.09748244,-0.71712905 0 -2.10006571,-0.3718259 -0.69273442 -2.25841022,-0.53091079 -0.44642359 -2.22032952,-0.67371011 -0.2124199 -2.13412356,-0.31578225 -0.81308079 -2.24675584,-0.47952372 -0.56459039 -2.22951698,-0.62812454 -0.32426089 -2.16288424,-0.75827372 -0.1018131 -2.05083036,-0.75827372 0 -2.05335593,-0.25845957 -0.93286169 -2.22605586,-0.2 -0.94112545 -2.24577546,-0.42645156 -0.68398237 -2.22987747,-0.5804854 -0.43900341 -2.18342447,-0.71712905 -0.20800212 -2.08973932,-0.3718259 -0.80386275 -2.22128391,-0.53091079 -0.55596673 -2.19546318,-0.67371011 -0.31797647 -2.12096596,-0.79704201 -0.09939837 -2.00219011,-0.79704201 0 -2.00465584,-0.31578225 -0.92348325 -2.20367646,-0.47952372 -0.67444378 -2.1987803,-0.62812454 -0.43110594 -2.14414573,-0.75827372 -0.20337573 -2.04325938,-0.25845957 -1.04209042 -2.17706299,-0.2 -1.05132186 -2.19634867,-0.42645156 -0.79370677 -2.19322014,-0.5804854 -0.54672581 -2.15897131,-0.71712905 -0.3113634 -2.07685542,-0.8333379 -0.09689093 -1.95168269,-0.8333379 0 -1.9540863,-0.3718259 -0.91301358 -2.17869306,-0.53091079 -0.66414219 -2.1651957,-0.67371011 -0.4227508 -2.10259056,-0.79704201 -0.19855221 -1.99479878,-0.31578225 -1.03161395 -2.15517616,-0.47952372 -0.78263795 -2.16263413,-0.62812454 -0.53689045 -2.12013245,-0.75827372 -0.30443805 -2.03066206,-0.86707133 -0.09429702 -1.89943326,-0.86707133 0 -1.9017725,-0.25845957 -1.14875555 -2.12271428,-0.2 -1.15893185 -2.14151859,-0.42645156 -0.90147859 -2.15116739,-0.5804854 -0.65310323 -2.12920713,-0.71712905 -0.4139587 -2.05886221,-0.8333379 -0.19354351 -1.9444778,-0.3718259 -1.01991832 -2.13074255,-0.53091079 -0.77068383 -2.12960172,-0.67371011 -0.52648515 -2.07904291,-0.79704201 -0.29721761 -1.9825002,-0.89815861 -0.09162305 -1.84557128,-0.89815861 0 -1.84784424,-0.31578225 -1.13720679 -2.10137391,-0.47952372 -0.88890684 -2.1211679,-0.62812454 -0.6413542 -2.09090376,-0.75827372 -0.40475142 -2.01306915,-0.86707133 -0.18836206 -1.89242125,-0.25845957 -1.25259471 -2.06314373,-0.2 -1.26369095 -2.08142018,-0.42645156 -1.00703263 -2.10382271,-0.5804854 -0.75787395 -2.09420466,-0.71712905 -0.51553565 -2.03580427,-0.8333379 -0.28971997 -1.93248951,-0.92652267 -0.08887567 -1.79023051,-0.92652267 0 -1.79243517,-0.3718259 -1.12431407 -2.07755041,-0.53091079 -0.87532949 -2.08876896,-0.67371011 -0.62892431 -2.05038047,-0.79704201 -0.39515182 -1.96532452,-0.89815861 -0.18302071 -1.83875823,-0.31578225 -1.24000192 -2.04240227,-0.47952372 -0.99298888 -2.07448363,-0.62812454 -0.74424016 -2.05653095,-0.75827372 -0.50406909 -1.99052382,-0.86707133 -0.28196374 -1.88075387,-0.95209324 -0.08606167 -1.73354793,-0.95209324 0 -1.73568285,-0.25845957 -1.35335243 -1.99849772,-0.2 -1.36534119 -2.0162015,-0.42645156 -1.11010945 -2.05130267,-0.5804854 -0.8607803 -2.05405068,-0.71712905 -0.61584431 -2.00773787,-0.8333379 -0.38518369 -1.91574705,-0.92652267 -0.1775327 -1.78362167,-0.3718259 -1.2259438 -2.01924729,-0.53091079 -0.97782183 -2.04279757,-0.67371011 -0.72981626 -2.01667404,-0.79704201 -0.49211392 -1.94331396,-0.89815861 -0.27396813 -1.82742155,-0.97480685 -0.08318806 -1.67566431,-0.97480685 0 -1.67772794,-0.31578225 -1.33974671 -1.97840607,-0.47952372 -1.09462821 -2.02269578,-0.62812454 -0.84529525 -2.01709914,-0.75827372 -0.60214669 -1.96308172,-0.86707133 -0.37487173 -1.86445963,-0.95209324 -0.17191163 -1.72714841,-0.25845957 -1.45078075 -1.92893517,-0.2 -1.46363258 -1.94602275,-0.2 -1.55832338 -1.87105668,-0.42645156 -1.2104553 -1.99373603,-0.5804854 -0.96156907 -2.00884342,-0.71712905 -0.71463799 -1.9747324,-0.8333379 -0.47969982 -1.89429176,-0.92652267 -0.26575297 -1.77262497,-0.99460715 -0.08026193 -1.61672318,-0.99460715 0 -1.61871421,-0.3718259 -1.32455778 -1.95597661,-0.53091079 -1.07790864 -1.99180067,-0.67371011 -0.82891285 -1.97800636,-0.79704201 -0.58786541 -1.91652274,-0.89815861 -0.36424157 -1.81158948,-0.97480685 -0.16617146 -1.66947842,-0.31578225 -1.43619561 -1.90954292,-0.47952372 -1.19357455 -1.96593201,-0.62812454 -0.94427091 -1.97270525,-0.75827372 -0.69874299 -1.93081045,-0.86707133 -0.46685755 -1.8435787,-0.95209324 -0.25733867 -1.71649992,-1.01144505 -0.07729056 -1.55687058,-1.02527881 0 -1.49809766,-1.01144505 0 -1.55878794,-0.25845957 -1.54464006 -1.85462737,-0.42645156 -1.3078233 -1.93126476,-0.5804854 -1.05999231 -1.95869422,-0.71712905 -0.81167364 -1.93686903,-0.8333379 -0.5730359 -1.86817646,-0.92652267 -0.3533195 -1.75726759,-0.99460715 -0.16032641 -1.61075485,-0.3718259 -1.41991317 -1.88789415,-0.53091079 -1.17534375 -1.93590403,-0.67371011 -0.92597026 -1.9344728,-0.79704201 -0.68217075 -1.8850168,-0.89815861 -0.45361894 -1.79130065,-0.97480685 -0.24874607 -1.65918553,-1.02527881 -0.07428131 -1.49625504,-0.31578225 -1.52911127 -1.8359822,-0.47952372 -1.28958476 -1.90433192,-0.62812454 -1.0409236 -1.92345822,-0.75827372 -0.79362035 -1.89378917,-0.86707133 -0.55769485 -1.81816256,-0.95209324 -0.34213266 -1.70162868,-1.01144505 -0.15439098 -1.55112326,-0.25845957 -1.63469958 -1.77575707,-0.2 -1.64918065 -1.79148769,-0.42645156 -1.40197396 -1.8640424,-0.5804854 -1.15580785 -1.90372658,-0.71712905 -0.90671247 -1.89424074,-0.8333379 -0.66496223 -1.83746517,-0.92652267 -0.44001684 -1.73758721,-0.99460715 -0.23999648 -1.600824,-1.03607416 -0.07124164 -1.43502676,-1.03607416 0 -1.43679404,-0.3718259 -1.51177549 -1.81516731,-0.53091079 -1.26988745 -1.87524486,-0.67371011 -1.02074969 -1.88618016,-0.79704201 -0.77479786 -1.84887362,-0.89815861 -0.54188037 -1.76660514,-0.97480685 -0.33070874 -1.64481091,-1.02527881 -0.14837988 -1.49073136,-0.31578225 -1.61826527 -1.75790477,-0.47952372 -1.38242245 -1.83804703,-0.62812454 -1.13501549 -1.86947942,-0.75827372 -0.88654536 -1.85210907,-0.86707133 -0.64716017 -1.78827357,-0.95209324 -0.42608497 -1.68257141,-1.01144505 -0.23111159 -1.54156005,-1.04380441 -0.0681791 -1.37333763,-1.04380441 0 -1.37502897,-0.25845957 -1.72073746 -1.69251823,-0.2 -1.73598075 -1.70751154,-0.42645156 -1.49267578 -1.79223454,-0.5804854 -1.24878013 -1.84407556,-0.71712905 -0.99952078 -1.84695256,-0.8333379 -0.75525272 -1.80223382,-0.92652267 -0.52563167 -1.71363223,-0.99460715 -0.31907615 -1.58695495,-1.03607416 -0.14230803 -1.42972922,-0.3718259 -1.59991884 -1.73797512,-0.53091079 -1.36130714 -1.80997241,-0.67371011 -1.11301804 -1.83324754,-0.79704201 -0.86551893 -1.808182,-0.89815861 -0.6288088 -1.73756373,-0.97480685 -0.41185787 -1.62638998,-1.02527881 -0.22211343 -1.48154056,-1.04845011 -0.06510127 -1.31134069,-1.04999995 -0.06234365 -1.24917328,-1.04999995 0 -1.25072813,-1.04845011 0 -1.31295574,-0.31578225 -1.70343828 -1.67550278,-0.47952372 -1.47185934 -1.76724052,-0.62812454 -1.22631514 -1.81090152,-0.75827372 -0.97728944 -1.80587268,-0.86707133 -0.73503345 -1.75398529,-0.95209324 -0.5089891 -1.65937495,-1.01144505 -0.30726364 -1.52820444,-1.04380441 -0.13619047 -1.36826777,-0.25845957 -1.80254233 -1.60511577,-0.2 -1.81851029 -1.61933482,-0.42645156 -1.57970536 -1.71601748,-0.5804854 -1.33868027 -1.77988815,-0.71712905 -1.08987021 -1.79512084,-0.8333379 -0.84368527 -1.76256871,-0.92652267 -0.60995346 -1.68546164,-0.99460715 -0.39737085 -1.56918204,-1.03607416 -0.21302432 -1.42091441,-0.3718259 -1.68412614 -1.65650737,-0.53091079 -1.44937789 -1.74024737,-0.67371011 -1.20254827 -1.775805,-0.79704201 -0.95411074 -1.76304221,-0.89815861 -0.71419024 -1.70424783,-0.97480685 -0.49199378 -1.60396802,-1.02527881 -0.29530057 -1.46870494,-1.04845011 -0.13004239 -1.30649972,-1.04999995 -0.1245323 -1.24451292,-0.31578225 -1.78442073 -1.58897901,-0.47952372 -1.55767524 -1.69208646,-0.62812454 -1.31459808 -1.74786878,-0.75827372 -1.06562924 -1.75519371,-0.86707133 -0.82109857 -1.7153821,-0.95209324 -0.59064102 -1.63209629,-1.01144505 -0.38265982 -1.51108944,-1.04380441 -0.20386681 -1.35983193,-0.25845957 -1.87991285 -1.51376462,-0.2 -1.89656615 -1.52717447,-0.42645156 -1.66284895 -1.63557899,-0.5804854 -1.42528713 -1.71132207,-0.71712905 -1.17753839 -1.73887289,-0.8333379 -0.93004227 -1.71856761,-0.92652267 -0.69277471 -1.6531446,-0.99460715 -0.47468799 -1.54754877,-1.03607416 -0.28321657 -1.40860415,-0.3718259 -1.76419055 -1.57096446,-0.53091079 -1.53388309 -1.66624117,-0.67371011 -1.2891202 -1.71399379,-0.79704201 -1.04035544 -1.71356523,-0.89815861 -0.79781479 -1.66673923,-0.97480685 -0.57091939 -1.57760012,-1.02527881 -0.36776125 -1.45225632,-1.04845011 -0.1946636 -1.29844475,-1.04999995 -0.18641135 -1.23675847,-0.31578225 -1.86101341 -1.49854624,-0.47952372 -1.63965929 -1.61276972,-0.62812454 -1.399647 -1.68053615,-0.75827372 -1.15134764 -1.70019686,-0.86707133 -0.90514368 -1.67255902,-0.95209324 -0.67084002 -1.60080254,-1.01144505 -0.45711461 -1.49025702,-1.04380441 -0.27104163 -1.34805083,-0.25845957 -1.95265865 -1.41868949,-0.2 -1.9699564 -1.43125713,-0.42645156 -1.74190176 -1.55111694,-0.5804854 -1.5083878 -1.63854599,-0.71712905 -1.26230991 -1.67834723,-0.8333379 -1.01411128 -1.67033875,-0.92652267 -0.77389169 -1.61676085,-0.99460715 -0.5508374 -1.52210832,-1.03607416 -0.35271209 -1.39282858,-0.3718259 -1.8399148 -1.48155701,-0.53091079 -1.61461484 -1.58813596,-0.67371011 -1.3725208 -1.64796615,-0.79704201 -1.12404072 -1.65987277,-0.89815861 -0.87947661 -1.62513041,-0.97480685 -0.64844048 -1.54735136,-1.02527881 -0.4393172 -1.432235,-1.04845011 -0.25880593 -1.28719544,-1.04999995 -0.24782695 -1.22592926,-0.31578225 -1.93302786 -1.40442693,-0.47952372 -1.71760964 -1.52948546,-0.62812454 -1.48125267 -1.60906935,-0.75827372 -1.2342335 -1.64101744,-0.86707133 -0.98696202 -1.6256212,-0.95209324 -0.74938864 -1.56557071,-1.01144505 -0.53044486 -1.46575856,-1.04380441 -0.33754966 -1.33295345,-0.25845957 -2.0206008 -1.32012439,-0.2 -2.03850031 -1.33181882,-0.42645156 -1.81666934 -1.46283901,-0.5804854 -1.58777773 -1.56173897,-0.71712905 -1.3439759 -1.61369276,-0.8333379 -1.0956856 -1.61800075,-0.92652267 -0.85310489 -1.57639968,-0.99460715 -0.62563169 -1.4929235,-1.03607416 -0.4213399 -1.37362647,-0.3718259 -1.91111279 -1.38850474,-0.53091079 -1.69137454 -1.5061239,-0.67371011 -1.45254493 -1.57788432,-0.79704201 -1.20496082 -1.60209692,-0.89815861 -0.9589749 -1.5795238,-0.97480685 -0.72436637 -1.51329589,-1.02527881 -0.50979245 -1.40869033,-1.04845011 -0.32231158 -1.27277958,-1.04999995 -0.30862641 -1.21205211,-0.31578225 -2.00028706 -1.3068527,-0.47952372 -1.79133463 -1.4424386,-0.62812454 -1.55921435 -1.53364408,-0.75827372 -1.31408322 -1.57780099,-0.86707133 -1.06635249 -1.57468438,-0.95209324 -0.82609373 -1.52648759,-1.01144505 -0.60247022 -1.43765414,-1.04380441 -0.4032273 -1.31457686,-0.25845957 -2.08357215 -1.21831155,-0.2 -2.10202956 -1.22910404,-0.42645156 -1.88696778 -1.37096238,-0.5804854 -1.66326153 -1.48108995,-0.71712905 -1.42233574 -1.5450685,-0.8333379 -1.17456448 -1.56168234,-0.92652267 -0.93021935 -1.53216052,-0.99460715 -0.69888693 -1.46006608,-1.03607416 -0.48893121 -1.35104525,-0.3718259 -1.9776094 -1.29203665,-0.53091079 -1.76397347 -1.42040658,-0.67371011 -1.52899563 -1.50392091,-0.79704201 -1.28291667 -1.54037988,-0.89815861 -1.0361141 -1.53003132,-0.97480685 -0.79851025 -1.47551775,-1.02527881 -0.57901353 -1.38168013,-1.04845011 -0.38502431 -1.25523257,-1.04999995 -0.36865857 -1.1951617,-0.31578225 -2.06262517 -1.20606351,-0.47952372 -1.86065269 -1.35184336,-0.62812454 -1.63334024 -1.45444584,-0.75827372 -1.3907001 -1.51070309,-0.86707133 -1.14311957 -1.51987374,-0.95209324 -0.90076661 -1.48364913,-1.01144505 -0.67301345 -1.40601301,-1.04380441 -0.46791297 -1.29296637,-0.25845957 -2.14141774 -1.11350167,-0.2 -2.16038752 -1.12336576,-0.2 -2.21343088 -1.01486385,-0.42645156 -1.9526242 -1.27571309,-0.5804854 -1.73465371 -1.39679742,-0.71712905 -1.49719656 -1.47264326,-0.8333379 -1.25055373 -1.50152206,-0.92652267 -1.00504541 -1.4841522,-0.99460715 -0.77042282 -1.42361665,-1.03607416 -0.55531973 -1.32514048,-0.3718259 -2.03924084 -1.19239008,-0.53091079 -1.83223271 -1.331195,-0.67371011 -1.60168493 -1.42625773,-0.79704201 -1.35771656 -1.4748733,-0.89815861 -1.1107043 -1.47677493,-0.97480685 -0.87068981 -1.43410969,-1.02527881 -0.64681017 -1.35127103,-1.04845011 -0.44678986 -1.23459768,-1.04999995 -0.42777419 -1.17529988,-0.31578225 -2.11988926 -1.10230732,-0.47952372 -1.92539346 -1.25792241,-0.62812454 -1.70344818 -1.37166977,-0.75827372 -1.46389592 -1.43988872,-0.86707133 -1.21707451 -1.4613241,-0.95209324 -0.97322351 -1.43716073,-1.01144505 -0.74190104 -1.37091303,-1.04380441 -0.53144753 -1.26817513,-0.25845957 -2.19399524 -1.00595248,-0.42645156 -2.01347709 -1.17732549,-0.5804854 -1.80177844 -1.30906868,-0.71712905 -1.56837416 -1.39659524,-0.8333379 -1.32346666 -1.43766797,-0.92652267 -1.07739902 -1.43249273,-0.99460715 -0.84006345 -1.38366508,-1.03607416 -0.62034208 -1.29597557,-0.3718259 -2.09585571 -1.08981025,-0.53091079 -1.89598477 -1.23870862,-0.67371011 -1.67043412 -1.34508574,-0.79704201 -1.42917621 -1.40573847,-0.89815861 -1.18256211 -1.41988552,-0.97480685 -0.94072735 -1.38917363,-1.02527881 -0.71301568 -1.31753755,-1.04845011 -0.5074563 -1.21092558,-1.04999995 -0.48582631 -1.15251613,-0.31578225 -2.17193818 -0.99583936,-0.47952372 -1.9853977 -1.16090679,-0.62812454 -1.76936531 -1.28551924,-0.75827372 -1.5334903 -1.36553216,-0.86707133 -1.28803539 -1.39917946,-0.95209324 -1.04328632 -1.38713694,-1.01144505 -0.80896348 -1.3324405,-1.04380441 -0.59367472 -1.24026406,-0.25845957 -2.24117541 -0.89592868,-0.2 -2.26102901 -0.90386528,-0.42645156 -2.06937671 -1.07604158,-0.5804854 -1.86447084 -1.2181195,-0.71712905 -1.63569343 -1.31711149,-0.8333379 -1.39312375 -1.37027717,-0.92652267 -1.14710212 -1.3773092,-0.99460715 -0.90763742 -1.34030962,-1.03607416 -0.68383837 -1.26362264,-0.3718259 -2.14731455 -0.98454934,-0.53091079 -1.9550724 -1.14317501,-0.67371011 -1.7350738 -1.26060486,-0.79704201 -1.49712014 -1.33314538,-0.89815861 -1.25151086 -1.35950315,-0.97480685 -1.00845063 -1.34082007,-1.02527881 -0.77746713 -1.280563,-1.04845011 -0.56687433 -1.18427455,-1.04999995 -0.54267055 -1.12686706,-0.31578225 -2.21864414 -0.88692158,-0.47952372 -2.04051781 -1.06103539,-0.62812454 -1.83092988 -1.19620621,-0.75827372 -1.59931231 -1.28781629,-0.86707133 -1.35582769 -1.33359277,-0.95209324 -1.1107825 -1.33370066,-1.01144505 -0.87403584 -1.29069018,-1.04380441 -0.65444148 -1.20930195,-0.25845957 -2.28284216 -0.78370076,-0.2 -2.30306506 -0.79064322,-0.42645156 -2.12018538 -0.97211057,-0.5804854 -1.92257631 -1.12417376,-0.71712905 -1.6989888 -1.23438764,-0.8333379 -1.45935357 -1.29951537,-0.92652267 -1.2139833 -1.31873739,-0.99460715 -0.97297859 -1.29365695,-1.03607416 -0.74565238 -1.2281611,-0.3718259 -2.19349098 -0.8768664,-0.53091079 -2.00935054 -1.04482901,-0.67371011 -1.79544508 -1.17302287,-0.79704201 -1.56138098 -1.25727284,-0.89815861 -1.31738067 -1.29577637,-0.97480685 -1.07369316 -1.289168,-1.02527881 -0.84000593 -1.2404381,-1.04845011 -0.62489784 -1.15471005,-1.04999995 -0.59816569 -1.09841633,-0.31578225 -2.25989199 -0.77582192,-0.47952372 -2.0906179 -0.95855379,-0.62812454 -1.88799012 -1.10395038,-0.75827372 -1.66119981 -1.20693231,-0.86707133 -1.42028451 -1.26472545,-0.95209324 -1.17554605 -1.27698338,-1.01144505 -0.93695801 -1.24576461,-1.04380441 -0.71359819 -1.17536473,-0.25845957 -2.31889319 -0.66954488,-0.2 -2.3394351 -0.67547607,-0.42645156 -2.1657784 -0.86578804,-0.5804854 -1.97595227 -1.02746248,-0.71712905 -1.75810456 -1.14862704,-0.8333379 -1.5219934 -1.22555673,-0.92652267 -1.27787805 -1.25692153,-0.99460715 -1.03592622 -1.24382186,-1.03607416 -0.80563205 -1.18967819,-0.3718259 -2.23427129 -0.76702631,-0.53091079 -2.05868554 -0.94391268,-0.67371011 -1.85139954 -1.08255506,-0.79704201 -1.62180066 -1.17830718,-0.89815861 -1.38000977 -1.22886181,-0.97480685 -1.13629425 -1.2343446,-1.02527881 -0.9004783 -1.19726169,-1.04845011 -0.68138403 -1.12230492,-1.04999995 -0.65217364 -1.06723487,-0.31578225 -2.29558039 -0.66281372,-0.47952372 -2.13557506 -0.85371405,-0.62812454 -1.94040585 -1.00897884,-0.75827372 -1.71900082 -1.1230793,-0.86707133 -1.48124731 -1.19274676,-0.95209324 -1.2374177 -1.2171247,-1.01144505 -0.99757522 -1.19777441,-1.04380441 -0.77099943 -1.1385361,-0.25845957 -2.34923935 -0.55374187,-0.2 -2.37005019 -0.55864727,-0.42645156 -2.20604348 -0.75733566,-0.5804854 -2.02446723 -0.92822349,-0.71712905 -1.8128953 -1.06004071,-0.8333379 -1.58088899 -1.14858305,-0.92652267 -1.33862913 -1.1920135,-0.99460715 -1.09632528 -1.19092679,-1.03607416 -0.86362982 -1.14826858,-0.3718259 -2.26955509 -0.65529931,-0.53091079 -2.10295606 -0.84067428,-0.67371011 -1.90279937 -0.98942417,-0.79704201 -1.67823076 -1.09644282,-0.89815861 -1.43924391 -1.15892422,-0.97480685 -1.1961 -1.17648458,-1.02527881 -0.95873541 -1.15113997,-1.04845011 -0.73619401 -1.08713889,-1.04999995 -0.70456022 -1.03340006,-0.31578225 -2.3256216 -0.54817492,-0.47952372 -2.17527866 -0.74677414,-0.62812454 -1.98804808 -0.91152519,-0.75827372 -1.77257288 -1.03646326,-0.86707133 -1.53856623 -1.11783385,-0.95209324 -1.29624522 -1.15427172,-1.01144505 -1.05573833 -1.14683759,-1.04380441 -0.82650399 -1.09890664,-0.25845957 -2.37380624 -0.43657666,-0.2 -2.39483476 -0.44044411,-0.2 -2.413728 -0.32115743,-0.42645156 -2.24088144 -0.64702022,-0.5804854 -2.06800199 -0.82670105,-0.71712905 -1.86322618 -0.96884674,-0.8333379 -1.63589549 -1.06878388,-0.92652267 -1.39608705 -1.12417305,-0.99460715 -1.15402746 -1.13510191,-1.03607416 -0.91950297 -1.10403419,-0.3718259 -2.29925561 -0.54196018,-0.53091079 -2.14205313 -0.73536777,-0.67371011 -1.94951832 -0.89385921,-0.79704201 -1.73053217 -1.01188123,-0.89815861 -1.49493742 -1.08613563,-0.97480685 -1.2529633 -1.11573029,-1.02527881 -1.01463401 -1.10218632,-1.04845011 -0.78919291 -1.04929841,-1.04999995 -0.75519514 -0.99699599,-0.31578225 -2.34994173 -0.43218759,-0.47952372 -2.20963097 -0.63799709,-0.62812454 -2.03079963 -0.81182915,-0.75827372 -1.82178426 -0.94729763,-0.86707133 -1.59210014 -1.04017091,-0.95209324 -1.35188401 -1.0885793,-1.01144505 -1.11130428 -1.09307945,-1.04380441 -0.87997532 -1.05657375,-0.25845957 -2.39253354 -0.31833741,-0.42645156 -2.27020693 -0.53511304,-0.5804854 -2.10644913 -0.72314489,-0.71712905 -1.90897334 -0.87526929,-0.8333379 -1.68687761 -0.98635542,-0.92652267 -1.45011055 -1.05356693,-0.99460715 -1.20889056 -1.07648468,-1.03607416 -0.97311413 -1.05708373,-0.3718259 -2.32329988 -0.42728782,-0.53091079 -2.17588067 -0.62825221,-0.67371011 -1.99144125 -0.79609531,-0.79704201 -1.77857649 -0.92483026,-0.89815861 -1.5469532 -1.01067495,-0.97480685 -1.30674422 -1.05223131,-1.02527881 -1.06803644 -1.05052125,-1.04845011 -0.84025031 -1.00887656,-1.04999995 -0.80395252 -0.95811331,-0.31578225 -2.36848068 -0.31513706,-0.47952372 -2.23854733 -0.52765054,-0.62812454 -2.06855512 -0.71013588,-0.75827372 -1.86651397 -0.85580152,-0.86707133 -1.64171743 -0.9599492,-0.95209324 -1.40419698 -1.02020884,-1.01144505 -1.16413629 -1.0366323,-1.04380441 -0.93128181 -1.01164174,-0.25845957 -2.405375 -0.19931506,-0.2 -2.42668319 -0.20108071,-0.42645156 -2.29394746 -0.42188945,-0.5804854 -2.13971448 -0.61780977,-0.71712905 -1.95002449 -0.77953857,-0.8333379 -1.73370993 -0.90150046,-0.92652267 -1.50056672 -0.98036915,-0.99460715 -1.26077974 -1.01521933,-1.03607416 -1.02433133 -1.00753284,-0.3718259 -2.34162879 -0.3115643,-0.53091079 -2.20435524 -0.51959109,-0.67371011 -2.02846503 -0.69637293,-0.79704201 -1.82224536 -0.83550423,-0.89815861 -1.59516346 -0.93272805,-0.97480685 -1.35731041 -0.98614377,-1.02527881 -1.11881149 -0.99627179,-1.04845011 -0.88924068 -0.9659729,-1.04999995 -0.85071111 -0.91684854,-0.31578225 -2.38119292 -0.19731128,-0.47952372 -2.26195669 -0.41600591,-0.62812454 -2.10122204 -0.60669565,-0.75827372 -1.90665197 -0.76220006,-0.86707133 -1.68729591 -0.87736595,-0.95209324 -1.4530555 -0.94932854,-1.01144505 -1.21410453 -0.97763491,-1.04380441 -0.98029727 -0.96422088,-0.25845957 -2.41229916 -0.07980237,-0.2 -2.43366861 -0.08050931,-0.42645156 -2.31204462 -0.30762801,-0.5804854 -2.16771579 -0.51095474,-0.71712905 -1.9862783 -0.68189019,-0.8333379 -1.77627718 -0.81442773,-0.92652267 -1.54733133 -0.90475953,-0.99460715 -1.30956733 -0.95145637,-1.03607416 -1.07302868 -0.95550334,-0.3718259 -2.35419703 -0.19507432,-0.53091079 -2.22740722 -0.40965176,-0.67371011 -2.06049871 -0.59493744,-0.79704201 -1.86143136 -0.74412274,-0.89815861 -1.6394496 -0.85248661,-0.97480685 -1.40453768 -0.91763026,-1.02527881 -1.16683424 -0.93957144,-1.04845011 -0.93604344 -0.9206928,-1.04999995 -0.89535475 -0.87330437,-0.31578225 -2.38804746 -0.07900009,-0.47952372 -2.27980161 -0.3033379,-0.62812454 -2.12871957 -0.50176293,-0.75827372 -1.94209945 -0.66672361,-0.86707133 -1.72872365 -0.79262429,-0.95209324 -1.49833953 -0.87611294,-1.01144505 -1.26108587 -0.91623253,-1.04380441 -1.02690113 -0.91442806,-0.25845957 -2.41328883 0.03990664,-0.2 -2.43466711 0.04026015,-0.2 -2.42967629 0.16093057,-0.42645156 -2.32445407 -0.19260976,-0.5804854 -2.19038439 -0.40284279,-0.71712905 -2.01764584 -0.58256429,-0.8333379 -1.8144747 -0.72535145,-0.92652267 -1.59028947 -0.82692415,-0.99460715 -1.3551333 -0.88535279,-1.03607416 -1.11908627 -0.90112323,-0.3718259 -2.36097383 -0.07810445,-0.53091079 -2.24497938 -0.29870468,-0.67371011 -2.08746362 -0.4920384,-0.79704201 -1.89603817 -0.65091074,-0.89815861 -1.6797024 -0.77014792,-0.97480685 -1.44830954 -0.84685928,-1.02527881 -1.21198654 -0.88055974,-1.04845011 -0.98054349 -0.87314779,-1.04999995 -0.93777239 -0.82758904,-0.31578225 -2.38902712 0.03950544,-0.47952372 -2.29203796 -0.18992367,-0.62812454 -2.15098047 -0.39559585,-0.75827372 -1.97276926 -0.5696069,-0.86707133 -1.76589847 -0.70593274,-0.95209324 -1.5399375 -0.80074197,-1.01144505 -1.30496502 -0.8525762,-1.04380441 -1.07097888 -0.86238569,-0.25845957 -2.40834165 0.15951748,-0.2 -2.41870809 0.28120509,-0.42645156 -2.33114529 -0.07711768,-0.5804854 -2.20766473 -0.2937398,-0.71712905 -2.04404974 -0.48180529,-0.8333379 -1.84820855 -0.63449079,-0.92652267 -1.62933528 -0.74705446,-0.99460715 -1.39736557 -0.81707114,-1.03607416 -1.16239083 -0.84452635,-0.3718259 -2.36194253 0.03905756,-0.53091079 -2.25702882 -0.18702275,-0.67371011 -2.10929298 -0.3879289,-0.79704201 -1.92598057 -0.55609739,-0.89815861 -1.71582317 -0.6859147,-0.97480685 -1.4885186 -0.774005,-1.02527881 -1.25415719 -0.81938177,-1.04845011 -1.02263141 -0.82345474,-1.04999995 -0.9778586 -0.77981621,-0.31578225 -2.38412976 0.15791379,-0.47952372 -2.29863572 -0.07604222,-0.62812454 -2.16794991 -0.28845555,-0.75827372 -1.99858594 -0.47108898,-0.86707133 -1.79872918 -0.61750454,-0.95209324 -1.57774711 -0.72340113,-1.01144505 -1.34563375 -0.78682244,-1.04380441 -1.11242187 -0.80822176,-0.25845957 -2.39747 0.27873588,-0.42645156 -2.33210158 0.03856411,-0.5804854 -2.21951389 -0.18391417,-0.71712905 -2.06542516 -0.379861,-0.8333379 -1.87739563 -0.5420692,-0.92652267 -1.66437292 -0.66534704,-0.99460715 -1.43616021 -0.7467795,-1.03607416 -1.2028358 -0.78585184,-0.3718259 -2.35710049 0.1561235,-0.53091079 -2.26352596 -0.07488073,-0.67371011 -2.12593341 -0.28286508,-0.79704201 -1.95118487 -0.45991603,-0.89815861 -1.74772286 -0.599994,-0.97480685 -1.52506566 -0.69924659,-1.02527881 -1.29324257 -0.75618809,-1.04845011 -1.06220341 -0.77173597,-1.04999995 -1.01551366 -0.73010463,-0.31578225 -2.37336731 0.27593365,-0.47952372 -2.29957891 0.03802631,-0.62812454 -2.17958593 -0.18060564,-0.75827372 -2.01948595 -0.37141213,-0.86707133 -1.82713485 -0.52755719,-0.95209324 -1.61167538 -0.64428073,-1.01144505 -1.38299227 -0.71913302,-1.04380441 -1.15112817 -0.75206959,-0.25845957 -2.38070011 0.39726859,-0.2 -2.40178967 0.40078783,-0.42645156 -2.32732105 0.15415104,-0.5804854 -2.22590303 -0.07363611,-0.71712905 -2.08171964 -0.27698222,-0.8333379 -1.90196419 -0.44831413,-0.92652267 -1.69531608 -0.58200276,-0.99460715 -1.47142184 -0.67465073,-1.03607416 -1.24032176 -0.7252441,-0.3718259 -2.3464601 0.27280536,-0.53091079 -2.2644546 0.03744549,-0.67371011 -2.13734412 -0.17710537,-0.79704201 -1.97158921 -0.36260322,-0.89815861 -1.77532315 -0.51259738,-0.97480685 -1.55786109 -0.62276804,-1.02527881 -1.3291465 -0.69113415,-1.04845011 -1.09916246 -0.71811867,-1.04999995 -1.05064404 -0.67857784,-0.31578225 -2.35676622 0.39327472,-0.47952372 -2.29486489 0.15200129,-0.62812454 -2.18586016 -0.07231144,-0.75827372 -2.03541803 -0.27082157,-0.86707133 -1.85104573 -0.43631211,-0.95209324 -1.64163876 -0.56357533,-1.01144505 -1.41694844 -0.64967453,-1.04380441 -1.18700266 -0.69406724,-0.25845957 -2.35807371 0.51482397,-0.2 -2.37896299 0.51938462,-0.2 -2.35028362 0.63670367,-0.42645156 -2.3168149 0.26935872,-0.5804854 -2.22681618 0.03682309,-0.71712905 -2.09289289 -0.17342204,-0.8333379 -1.92185378 -0.35345617,-0.92652267 -1.72208869 -0.49722674,-0.99460715 -1.50306368 -0.60086226,-1.03607416 -1.27475643 -0.66285223,-0.3718259 -2.33004713 0.38881609,-0.53091079 -2.25981259 0.14967959,-0.67371011 -2.14349651 -0.07090998,-0.79704201 -1.9871434 -0.26439843,-0.89815861 -1.79855585 -0.42393968,-0.97480685 -1.58682406 -0.54475737,-1.02527881 -1.36178064 -0.62437993,-1.04845011 -1.13341749 -0.66273481,-1.04999995 -1.08316231 -0.62536407,-0.31578225 -2.33436728 0.50964832,-0.47952372 -2.28450513 0.26560232,-0.62812454 -2.18675685 0.03616066,-0.75827372 -2.04634261 -0.16956478,-0.86707133 -1.87040293 -0.34399363,-0.95209324 -1.66756368 -0.48148349,-1.01144505 -1.44741881 -0.57861781,-1.04380441 -1.21995711 -0.63435745,-0.25845957 -2.32964635 0.63111287,-0.42645156 -2.30060935 0.3839038,-0.5804854 -2.22225142 0.1471917,-0.71712905 -2.09891748 -0.06943525,-0.8333379 -1.93701553 -0.2577287,-0.92652267 -1.74462485 -0.41122752,-0.99460715 -1.53100777 -0.52559566,-1.03607416 -1.30605519 -0.59882969,-0.3718259 -2.3079021 0.50387031,-0.53091079 -2.24961138 0.26154548,-0.67371011 -2.14437604 0.03545984,-0.79704201 -1.99780893 -0.16554317,-0.89815861 -1.8173641 -0.33423904,-0.97480685 -1.61188328 -0.46540663,-1.02527881 -1.39106464 -0.55608976,-1.04845011 -1.16488421 -0.60572052,-1.04999995 -1.11298764 -0.5705955,-0.31578225 -2.30622554 0.62476808,-0.47952372 -2.2685256 0.37854999,-0.62812454 -2.1822741 0.1445438,-0.75827372 -2.05223322 -0.06789087,-0.86707133 -1.88515866 -0.25082889,-0.95209324 -1.68938637 -0.39820719,-1.01144505 -1.47432852 -0.50613761,-1.04380441 -1.24991035 -0.57308716,-0.25845957 -2.29548788 0.74584925,-0.2 -2.3158226 0.75245637,-0.42645156 -2.27874398 0.49750441,-0.5804854 -2.21221972 0.25719821,-0.71712905 -2.09977865 0.03472237,-0.8333379 -1.94741213 -0.16136716,-0.92652267 -1.76286912 -0.32421663,-0.99460715 -1.55518568 -0.44903603,-1.03607416 -1.3341409 -0.53333402,-0.3718259 -2.2800796 0.61768502,-0.53091079 -2.23387575 0.37276796,-0.67371011 -2.13998008 0.14174244,-0.79704201 -2.00355983 -0.06628068,-0.89815861 -1.83170152 -0.24371618,-0.97480685 -1.63297725 -0.38491094,-1.02527881 -1.41692662 -0.48643154,-1.04845011 -1.19348526 -0.54721612,-1.04999995 -1.140046 -0.51440835,-0.31578225 -2.27241063 0.73835093,-0.47952372 -2.24696541 0.49056637,-0.62812454 -2.17242289 0.25257134,-0.75827372 -2.05307531 0.03395008,-0.86707133 -1.8952769 -0.15704712,-0.95209324 -1.70705295 -0.31395125,-1.01144505 -1.49761128 -0.4324123,-1.04380441 -1.27678871 -0.51040697,-0.25845957 -2.25568247 0.8587507,-0.2 -2.27566457 0.86635804,-0.42645156 -2.25127292 0.60988116,-0.5804854 -2.19674563 0.36657202,-0.71712905 -2.095474 0.13879457,-0.8333379 -1.95301795 -0.06460868,-0.92652267 -1.77677667 -0.23640817,-0.99460715 -1.57553756 -0.37137178,-1.03607416 -1.35894454 -0.46652627,-0.3718259 -2.24664783 0.72998011,-0.53091079 -2.21264482 0.48307338,-0.67371011 -2.13031983 0.24767634,-0.79704201 -2.0043819 0.03314487,-0.89815861 -1.84153283 -0.15259376,-0.97480685 -1.65005398 -0.30346835,-1.02527881 -1.43930292 -0.41557667,-1.04845011 -1.2191503 -0.48736554,-1.04999995 -1.16426992 -0.45694226,-0.31578225 -2.23300529 0.85011739,-0.47952372 -2.21987748 0.60137594,-0.62812454 -2.15722728 0.35997757,-0.75827372 -2.04886651 0.1357075,-0.86707133 -1.90073264 -0.062879,-0.95209324 -1.72052014 -0.22892299,-1.01144505 -1.51720977 -0.35762325,-1.04380441 -1.30052614 -0.44647118,-0.25845957 -2.21032763 0.96953964,-0.2 -2.22990799 0.97812837,-0.2 -2.17866588 1.08749247,-0.42645156 -2.21826363 0.72075754,-0.5804854 -2.17586756 0.47504401,-0.71712905 -2.08601475 0.24252532,-0.8333379 -1.95381916 0.03230875,-0.92652267 -1.78631318 -0.14801812,-0.99460715 -1.5920136 -0.2927939,-1.03607416 -1.38040519 -0.39857084,-0.3718259 -2.20768929 0.84047949,-0.53091079 -2.18597054 0.59219044,-0.67371011 -2.11541867 0.35300094,-0.79704201 -2.00027299 0.13248888,-0.89815861 -1.84683394 -0.06109596,-0.97480685 -1.66307151 -0.22127919,-1.02527881 -1.45813835 -0.34369946,-1.04845011 -1.24181616 -0.42631602,-1.04999995 -1.18559933 -0.3983402,-0.31578225 -2.18810654 0.95979249,-0.47952372 -2.18732834 0.71070611,-0.62812454 -2.13672471 0.4664982,-0.75827372 -2.03961754 0.23713106,-0.86707133 -1.9015125 0.0314438,-0.95209324 -1.72975469 -0.14333156,-1.01144505 -1.53307581 -0.28195438,-1.04380441 -1.32106411 -0.38143703,-0.25845957 -2.15953541 1.07794344,-0.42645156 -2.17979717 0.82986087,-0.5804854 -2.14963675 0.58234739,-0.71712905 -2.07142353 0.34565943,-0.8333379 -1.94981396 0.12914671,-0.92652267 -1.79145527 -0.05926395,-0.99460715 -1.60457325 -0.21349573,-1.03607416 -1.39846981 -0.32963493,-0.3718259 -2.16329956 0.94891119,-0.53091079 -2.15391874 0.69985062,-0.67371011 -2.09531355 0.45745713,-0.79704201 -1.99124324 0.23150696,-0.89815861 -1.84759164 0.03055215,-0.97480685 -1.67199767 -0.13854568,-1.02527881 -1.47338665 -0.27097672,-1.04845011 -1.26142704 -0.36421773,-1.04999995 -1.20398116 -0.33874777,-0.31578225 -2.13782501 1.06710649,-0.47952372 -2.14939857 0.81828785,-0.62812454 -2.11096573 0.57187122,-0.75827372 -2.02535081 0.33797127,-0.86707133 -1.89761448 0.12568925,-0.95209324 -1.73473394 -0.05738752,-1.01144505 -1.54517043 -0.20559192,-1.04380441 -1.33835232 -0.31546453,-0.25845957 -2.10343075 1.18369544,-0.2 -2.12206411 1.1941812,-0.42645156 -2.13596845 0.93692261,-0.5804854 -2.11811757 0.68821812,-0.71712905 -2.05173635 0.44794321,-0.8333379 -1.94101202 0.22566694,-0.92652267 -1.79219019 0.02963603,-0.99460715 -1.61318552 -0.13367236,-1.03607416 -1.41309428 -0.25988808,-0.3718259 -2.11358809 1.05500853,-0.53091079 -2.11656809 0.80578917,-0.67371011 -2.07005382 0.56078798,-0.79704201 -1.97731507 0.32995552,-0.89815861 -1.84380412 0.1221251,-0.97480685 -1.67681074 -0.05547134,-1.02527881 -1.48501039 -0.19758736,-1.04845011 -1.27793467 -0.30122343,-1.04999995 -1.21936965 -0.27831319,-0.31578225 -2.08228421 1.17179525,-0.47952372 -2.10618091 0.92385656,-0.62812454 -2.08001375 0.67583746,-0.75827372 -2.00610161 0.43798006,-0.86707133 -1.88904822 0.2196255,-0.95209324 -1.73544562 0.02869768,-1.01144505 -1.55346382 -0.12872368,-1.04380441 -1.35234797 -0.24871598,-0.25845957 -2.04215145 1.28653538,-0.2 -2.06024194 1.29793227,-0.42645156 -2.08688498 1.0416795,-0.5804854 -2.08138776 0.79239583,-0.71712905 -2.0270021 0.54912502,-0.8333379 -1.92743504 0.32163203,-0.92652267 -1.78851628 0.11846309,-0.99460715 -1.6178292 -0.05352015,-1.03607416 -1.42424226 -0.18950188,-0.3718259 -2.05867696 1.15851045,-0.53091079 -2.07401061 0.90974545,-0.67371011 -2.03970146 0.66273922,-0.79704201 -1.95852244 0.42759237,-0.89815861 -1.83548081 0.21339762,-0.97480685 -1.6774987 0.02773946,-1.02527881 -1.49298096 -0.12371193,-1.04845011 -1.29129863 -0.23748812,-1.04999995 -1.23172665 -0.21718664,-0.31578225 -2.02162099 1.27360141,-0.47952372 -2.05778193 1.02715254,-0.62812454 -2.0439446 0.77814102,-0.75827372 -1.9819175 0.53691137,-0.86707133 -1.87583482 0.31302145,-0.95209324 -1.73188806 0.1147123,-1.01144505 -1.55793571 -0.05153878,-1.04380441 -1.36301684 -0.18135555,-0.25845957 -1.9758482 1.38621044,-0.2 -1.99335146 1.39849031,-0.42645156 -2.03266764 1.14387381,-0.5804854 -2.03953767 0.89462417,-0.71712905 -1.99728107 0.648956,-0.8333379 -1.90911651 0.41680589,-0.92652267 -1.78044248 0.20699874,-0.99460715 -1.61849296 0.02676373,-1.03607416 -1.43188667 -0.11864951,-0.3718259 -1.99870145 1.25916243,-0.53091079 -2.02635098 1.01146364,-0.67371011 -2.00433159 0.76306009,-0.79704201 -1.93491173 0.52417731,-0.89815861 -1.82264197 0.30414516,-0.97480685 -1.67405987 0.11088202,-1.02527881 -1.49727857 -0.04953216,-1.04845011 -1.30148578 -0.17316857,-1.04999995 -1.24102139 -0.15552016,-0.31578225 -1.95598435 1.3722744,-0.47952372 -2.00432062 1.1279217,-0.62812454 -2.00284743 0.87853032,-0.75827372 -1.95285761 0.6345219,-0.86707133 -1.85800672 0.40564737,-0.95209324 -1.72406995 0.20044471,-1.01144505 -1.5585748 0.02577291,-1.04380441 -1.3703326 -0.11354899,-0.25845957 -1.90468431 1.4824754,-0.2 -1.92155719 1.49560797,-0.42645156 -1.97344995 1.24325407,-0.5804854 -1.99267018 0.99465173,-0.71712905 -1.96264672 0.74719042,-0.8333379 -1.88610148 0.51095438,-0.92652267 -1.76798868 0.29502514,-0.99460715 -1.61517513 0.10698177,-1.03607416 -1.43600845 -0.04750525,-0.3718259 -1.93380904 1.35671675,-0.53091079 -1.97370636 1.11069357,-0.67371011 -1.96403074 0.86150378,-0.79704201 -1.90654111 0.61947274,-0.89815861 -1.80531943 0.39414448,-0.97480685 -1.66650271 0.19375181,-1.02527881 -1.49789286 0.02476946,-1.04845011 -1.30847132 -0.10842302,-1.04999995 -1.24723077 -0.09346703,-0.31578225 -1.88553596 1.4675715,-0.47952372 -1.94592869 1.22591603,-0.62812454 -1.95682299 0.97675842,-0.75827372 -1.91899347 0.73057139,-0.86707133 -1.83560777 0.49727535,-0.95209324 -1.7120105 0.28568402,-1.01144505 -1.55537987 0.1030212,-1.04380441 -1.37427723 -0.04546309,-0.25845957 -1.82883489 1.57509327,-0.2 -1.84503567 1.58904636,-0.42645156 -1.90937734 1.33957589,-0.5804854 -1.94090056 1.09223235,-0.71712905 -1.92318404 0.84358674,-0.8333379 -1.85844648 0.60384589,-0.92652267 -1.75118554 0.38232577,-0.99460715 -1.60788381 0.18693663,-1.03607416 -1.43659759 0.02375587,-0.3718259 -1.86415923 1.45093346,-0.53091079 -1.91620624 1.20719123,-0.67371011 -1.91889834 0.9578281,-0.79704201 -1.8734802 0.71324426,-0.89815861 -1.78355575 0.4831742,-0.97480685 -1.65484595 0.27614495,-1.02527881 -1.49482226 0.09901015,-1.04845011 -1.31223786 -0.04341074,-1.04999995 -1.25033927 -0.03118152,-0.31578225 -1.81044888 1.55925834,-0.47952372 -1.88274968 1.3208946,-0.62812454 -1.90598476 1.07258356,-0.75827372 -1.88040864 0.82482368,-0.86707133 -1.80869305 0.58768004,-0.95209324 -1.69573939 0.37022051,-1.01144505 -1.54835844 0.18001606,-1.04380441 -1.37484097 0.02273465,-0.25845957 -1.74848628 1.66383636,-0.2 -1.76397538 1.67857552,-0.42645156 -1.84060752 1.43260229,-0.5804854 -1.88435626 1.18712604,-0.71712905 -1.87899029 0.93790781,-0.8333379 -1.82621956 0.69525188,-0.92652267 -1.73007441 0.46868587,-0.99460715 -1.59663713 0.2664316,-1.03607416 -1.43365264 0.09495856,-0.3718259 -1.78992355 1.54158068,-0.53091079 -1.85399222 1.30071902,-0.67371011 -1.86904538 1.0517962,-0.79704201 -1.83581042 0.80526114,-0.89815861 -1.75740433 0.57101524,-0.97480685 -1.63911819 0.35785875,-1.02527881 -1.4880743 0.17300726,-1.04845011 -1.31277621 0.02170834,-1.04999995 -1.25033927 0.03118152,-0.31578225 -1.73090816 1.64710927,-0.47952372 -1.8149389 1.41262364,-0.62812454 -1.85045755 1.16577017,-0.75827372 -1.83719778 0.91704684,-0.86707133 -1.77732897 0.67663896,-0.95209324 -1.67529655 0.45384628,-1.01144505 -1.53752804 0.25656804,-1.04380441 -1.37202263 0.09087647,-0.25845957 -1.66383636 1.74848628,-0.2 -1.67857552 1.76397538,-0.42645156 -1.76730967 1.52210438,-0.5804854 -1.82317626 1.27909923,-0.71712905 -1.83017409 1.02992153,-0.8333379 -1.78950012 0.78494751,-0.92652267 -1.70470715 0.55389297,-0.99460715 -1.5814625 0.34527114,-1.03607416 -1.42718089 0.16592763,-0.3718259 -1.71128452 1.62843573,-0.53091079 -1.78721726 1.391047,-0.67371011 -1.81459439 1.14317667,-0.79704201 -1.7936244 0.89529699,-0.89815861 -1.72692955 0.65745157,-0.97480685 -1.61935806 0.43869221,-1.02527881 -1.47766554 0.24657878,-1.04845011 -1.31008506 0.08677401,-1.04999995 -1.24723077 0.09346703,-0.31578225 -1.64710927 1.73090816,-0.47952372 -1.74266326 1.50087762,-0.62812454 -1.79037821 1.25608885,-0.75827372 -1.78946733 1.00701404,-0.86707133 -1.74159253 0.7639333,-0.95209324 -1.65073252 0.5363555,-1.01144505 -1.52291524 0.33248889,-1.04380441 -1.36582899 0.15879472,-0.25845957 -1.57509327 1.82883489,-0.2 -1.58904636 1.84503567,-0.42645156 -1.68966413 1.607862,-0.5804854 -1.75751114 1.36792588,-0.71712905 -1.77685559 1.11940157,-0.8333379 -1.74837828 0.87271214,-0.92652267 -1.67514622 0.63773739,-0.99460715 -1.56239736 0.42326128,-1.03607416 -1.41719806 0.23648852,-0.3718259 -1.62843573 1.71128452,-0.53091079 -1.7160455 1.47795296,-0.67371011 -1.75567937 1.231745,-0.79704201 -1.74702609 0.9831304,-0.89815861 -1.69220638 0.74227059,-0.97480685 -1.59561419 0.51844645,-1.02527881 -1.46362174 0.31954369,-1.04845011 -1.30417109 0.15162621,-1.04999995 -1.24102139 0.15552016,-0.31578225 -1.55925834 1.81044888,-0.47952372 -1.66610062 1.58543921,-0.62812454 -1.72589433 1.34331751,-0.75827372 -1.73733473 1.09450388,-0.86707133 -1.70157158 0.84934831,-0.95209324 -1.62210751 0.61754531,-1.01144505 -1.50455594 0.40759176,-1.04380441 -1.35627532 0.22632234,-0.25845957 -1.4824754 1.90468431,-0.2 -1.49560797 1.92155719,-0.42645156 -1.607862 1.68966413,-0.5804854 -1.68752241 1.45338726,-0.71712905 -1.7191658 1.20612788,-0.8333379 -1.70295537 0.95832986,-0.92652267 -1.64146435 0.72001302,-0.99460715 -1.53948867 0.50021023,-1.03607416 -1.40372884 0.30646765,-0.3718259 -1.54158068 1.78992355,-0.53091079 -1.6406523 1.56122291,-0.67371011 -1.69244528 1.31728303,-0.79704201 -1.6961298 1.06854522,-0.89815861 -1.65332043 0.8252635,-0.97480685 -1.567945 0.59692532,-1.02527881 -1.44597721 0.3917225,-1.04845011 -1.29504871 0.2161054,-1.04999995 -1.23172665 0.21718664,-0.31578225 -1.4675715 1.88553596,-0.47952372 -1.58543921 1.66610062,-0.62812454 -1.65716469 1.42724156,-0.75827372 -1.68092811 1.17930114,-0.86707133 -1.65736473 0.93267393,-0.95209324 -1.58949208 0.69721586,-1.01144505 -1.48249543 0.48169196,-1.04380441 -1.34338522 0.29329318,-0.25845957 -1.38621044 1.9758482,-0.2 -1.39849031 1.99335146,-0.42645156 -1.52210438 1.76730967,-0.5804854 -1.61338234 1.53527319,-0.71712905 -1.65724683 1.28988707,-0.8333379 -1.65334308 1.04158998,-0.92652267 -1.60374439 0.80051738,-0.99460715 -1.51279283 0.57592857,-1.03607416 -1.38680637 0.37569281,-0.3718259 -1.45093346 1.86415923,-0.53091079 -1.56122291 1.6406523,-0.67371011 -1.62504768 1.3995806,-0.79704201 -1.64106107 1.15133131,-0.89815861 -1.61036706 0.90622622,-0.97480685 -1.53641856 0.67393565,-1.02527881 -1.4247756 0.46293765,-1.04845011 -1.28274035 0.28005296,-1.04999995 -1.21936965 0.27831319,-0.31578225 -1.3722744 1.95598435,-0.47952372 -1.50087762 1.74266326,-0.62812454 -1.58435845 1.50765443,-0.75827372 -1.62038636 1.26119733,-0.86707133 -1.60908067 1.01370502,-0.95209324 -1.55296636 0.77517128,-1.01144505 -1.45678782 0.55460715,-1.04380441 -1.32719028 0.35954249,-0.25845957 -1.28653538 2.04215145,-0.2 -1.29793227 2.06024194,-0.42645156 -1.43260229 1.84060752,-0.5804854 -1.53527319 1.61338234,-0.71712905 -1.59125102 1.37047291,-0.8333379 -1.5996635 1.12228775,-0.92652267 -1.56207907 0.87905234,-0.99460715 -1.48237526 0.65023011,-1.03607416 -1.36647236 0.44399378,-0.3718259 -1.35671675 1.93380904,-0.53091079 -1.47795296 1.7160455,-0.67371011 -1.55365241 1.47843504,-0.79704201 -1.58195519 1.2312851,-0.89815861 -1.56345224 0.9849596,-0.97480685 -1.50111246 0.74928808,-1.02527881 -1.40006888 0.53301394,-1.04845011 -1.26727653 0.34331158,-1.04999995 -1.20398116 0.33874777,-0.31578225 -1.27360141 2.02162099,-0.47952372 -1.41262364 1.8149389,-0.62812454 -1.50765443 1.58435845,-0.75827372 -1.55585837 1.33999085,-0.86707133 -1.55683815 1.09224248,-0.95209324 -1.51262033 0.85121971,-1.01144505 -1.42749643 0.626158,-1.04380441 -1.30773032 0.42490733,-0.25845957 -1.18369544 2.10343075,-0.2 -1.1941812 2.12206411,-0.42645156 -1.33957589 1.90937734,-0.5804854 -1.45338726 1.68752241,-0.71712905 -1.52134049 1.44768739,-0.8333379 -1.54204869 1.20022464,-0.92652267 -1.51657093 0.95542485,-0.99460715 -1.44831109 0.72293204,-1.03607416 -1.34277666 0.51120245,-0.3718259 -1.25916243 1.99870145,-0.53091079 -1.391047 1.78721726,-0.67371011 -1.47843504 1.55365241,-0.79704201 -1.51895761 1.3082099,-0.89815861 -1.51269114 1.06126988,-0.97480685 -1.4621135 0.82279724,-1.02527881 -1.37191796 0.60177898,-1.04845011 -1.24869502 0.40572563,-1.04999995 -1.18559933 0.3983402,-0.31578225 -1.17179525 2.08228421,-0.47952372 -1.3208946 1.88274968,-0.62812454 -1.42724156 1.65716469,-0.75827372 -1.48750281 1.41548789,-0.86707133 -1.50076568 1.16809285,-0.95209324 -1.46855307 0.92517406,-1.01144505 -1.39469326 0.69616842,-1.04380441 -1.28505325 0.48922685,-0.25845957 -1.07794344 2.15953541,-0.2 -1.08749247 2.17866588,-0.42645156 -1.24325407 1.97344995,-0.5804854 -1.36792588 1.75751114,-0.71712905 -1.44768739 1.52134049,-0.8333379 -1.48064017 1.27520883,-0.92652267 -1.46733189 1.02944696,-0.99460715 -1.41068399 0.79385549,-1.03607416 -1.31577766 0.57715356,-0.3718259 -1.15851045 2.05867696,-0.53091079 -1.30071902 1.85399222,-0.67371011 -1.3995806 1.62504768,-0.79704201 -1.4522233 1.3819164,-0.89815861 -1.45820868 1.13496935,-0.97480685 -1.41951764 0.89428228,-1.02527881 -1.34039199 0.66906363,-1.04845011 -1.22704172 0.46714154,-1.04999995 -1.16426992 0.45694226,-0.31578225 -1.06710649 2.13782501,-0.47952372 -1.22591603 1.94592869,-0.62812454 -1.34331751 1.72589433,-0.75827372 -1.41548789 1.48750281,-0.86707133 -1.4410013 1.24106967,-0.95209324 -1.42087305 0.99685246,-1.01144505 -1.35845912 0.76446623,-1.04380441 -1.25921488 0.55234283,-0.25845957 -0.96953964 2.21032763,-0.2 -0.97812837 2.22990799,-0.42645156 -1.14387381 2.03266764,-0.5804854 -1.27909923 1.82317626,-0.71712905 -1.37047291 1.59125102,-0.8333379 -1.41558933 1.34705603,-0.92652267 -1.41448319 1.10093653,-0.99460715 -1.36958647 0.86282605,-1.03607416 -1.28554177 0.64168489,-0.3718259 -1.05500853 2.11358809,-0.53091079 -1.20719123 1.91620624,-0.67371011 -1.31728303 1.69244528,-0.79704201 -1.3819164 1.4522233,-0.89815861 -1.40013897 1.20587683,-0.97480685 -1.37342978 0.96356726,-1.02527881 -1.30556858 0.73470235,-1.04845011 -1.20236981 0.5274083,-1.04999995 -1.140046 0.51440835,-0.31578225 -0.95979249 2.18810654,-0.47952372 -1.1279217 2.00432062,-0.62812454 -1.25608885 1.79037821,-0.75827372 -1.33999085 1.55585837,-0.86707133 -1.37769186 1.31099331,-0.95209324 -1.36969769 1.06607854,-1.01144505 -1.31888306 0.83088344,-1.04380441 -1.23027873 0.61410004,-0.25845957 -0.8587507 2.25568247,-0.2 -0.86635804 2.27566457,-0.42645156 -1.0416795 2.08688498,-0.5804854 -1.18712604 1.88435626,-0.71712905 -1.28988707 1.65724683,-0.8333379 -1.34705603 1.41558933,-0.92652267 -1.35815477 1.16971767,-0.99460715 -1.32511961 0.92967397,-1.03607416 -1.25214338 0.70463759,-0.3718259 -0.94891119 2.16329956,-0.53091079 -1.11069357 1.97370636,-0.67371011 -1.231745 1.75567937,-0.79704201 -1.3082099 1.51895761,-0.89815861 -1.33862495 1.27381766,-0.97480685 -1.32396317 1.03048182,-1.02527881 -1.2675333 0.79853362,-1.04845011 -1.17473996 0.58637756,-1.04999995 -1.11298764 0.5705955,-0.31578225 -0.85011739 2.23300529,-0.47952372 -1.02715254 2.05778193,-0.62812454 -1.16577017 1.85045755,-0.75827372 -1.26119733 1.62038636,-0.86707133 -1.31099331 1.37769186,-0.95209324 -1.31515276 1.13268197,-1.01144505 -1.27606249 0.89525658,-1.04380441 -1.1983161 0.67434651,-0.25845957 -0.74584925 2.29548788,-0.2 -0.75245637 2.3158226,-0.42645156 -0.93692261 2.13596845,-0.5804854 -1.09223235 1.94090056,-0.71712905 -1.20612788 1.7191658,-0.8333379 -1.27520883 1.48064017,-0.92652267 -1.29848528 1.23562133,-0.99460715 -1.27739298 0.99423486,-1.03607416 -1.21566463 0.7658568,-0.3718259 -0.84047949 2.20768929,-0.53091079 -1.01146364 2.02635098,-0.67371011 -1.14317667 1.81459439,-0.79704201 -1.2312851 1.58195519,-0.89815861 -1.27381766 1.33862495,-0.97480685 -1.2712394 1.09486139,-1.02527881 -1.22637999 0.86040044,-1.04845011 -1.14422023 0.64390433,-1.04999995 -1.08316231 0.62536407,-0.31578225 -0.73835093 2.27241063,-0.47952372 -0.92385656 2.10618091,-0.62812454 -1.07258356 1.90598476,-0.75827372 -1.17930114 1.68092811,-0.86707133 -1.24106967 1.4410013,-0.95209324 -1.25737238 1.19649887,-1.01144505 -1.23010266 0.95742738,-1.04380441 -1.16340554 0.73293406,-0.25845957 -0.63111287 2.32964635,-0.2 -0.63670367 2.35028362,-0.42645156 -0.82986087 2.17979717,-0.5804854 -0.99465173 1.99267018,-0.71712905 -1.11940157 1.77685559,-0.8333379 -1.20022464 1.54204869,-0.92652267 -1.23562133 1.29848528,-0.99460715 -1.22652388 1.05634987,-1.03607416 -1.17619526 0.82519197,-0.3718259 -0.72998011 2.24664783,-0.53091079 -0.90974545 2.07401061,-0.67371011 -1.0517962 1.86904538,-0.79704201 -1.15133131 1.64106107,-0.89815861 -1.20587683 1.40013897,-0.97480685 -1.21538842 1.15654755,-1.02527881 -1.18220961 0.92015064,-1.04845011 -1.11088562 0.69984704,-1.04999995 -1.05064404 0.67857784,-0.31578225 -0.62476808 2.30622554,-0.47952372 -0.81828785 2.14939857,-0.62812454 -0.97675842 1.95682299,-0.75827372 -1.09450388 1.73733473,-0.86707133 -1.16809285 1.50076568,-0.95209324 -1.19649887 1.25737238,-1.01144505 -1.18111682 1.01724279,-1.04380441 -1.12563288 0.78971857,-0.25845957 -0.51482397 2.35807371,-0.2 -0.51938462 2.37896299,-0.42645156 -0.72075754 2.21826363,-0.5804854 -0.89462417 2.03953767,-0.71712905 -1.02992153 1.83017409,-0.8333379 -1.12228775 1.5996635,-0.92652267 -1.16971767 1.35815477,-0.99460715 -1.17263734 1.11586618,-1.03607416 -1.13383234 0.88249719,-0.3718259 -0.61768502 2.2800796,-0.53091079 -0.80578917 2.11656809,-0.67371011 -0.9578281 1.91889834,-0.79704201 -1.06854522 1.6961298,-0.89815861 -1.13496935 1.45820868,-0.97480685 -1.15654755 1.21538842,-1.02527881 -1.13513088 0.97763723,-1.04845011 -1.07481813 0.75406808,-1.04999995 -1.01551366 0.73010463,-0.31578225 -0.50964832 2.33436728,-0.47952372 -0.71070611 2.18732834,-0.62812454 -0.87853032 2.00284743,-0.75827372 -1.00701404 1.78946733,-0.86707133 -1.09224248 1.55683815,-0.95209324 -1.13268197 1.31515276,-1.01144505 -1.12922525 1.07455575,-1.04380441 -1.08509111 0.84456027,-0.25845957 -0.39726859 2.38070011,-0.2 -0.40078783 2.40178967,-0.42645156 -0.60988116 2.25127292,-0.5804854 -0.79239583 2.08138776,-0.71712905 -0.93790781 1.87899029,-0.8333379 -1.04158998 1.65334308,-0.92652267 -1.10093653 1.41448319,-0.99460715 -1.11586618 1.17263734,-1.03607416 -1.08868027 0.93763131,-0.3718259 -0.50387031 2.3079021,-0.53091079 -0.69985062 2.15391874,-0.67371011 -0.86150378 1.96403074,-0.79704201 -0.9831304 1.74702609,-0.89815861 -1.06126988 1.51269114,-0.97480685 -1.09486139 1.2712394,-1.02527881 -1.08525968 1.03271878,-1.04845011 -1.03610647 0.80643409,-1.04999995 -0.9778586 0.77981621,-0.31578225 -0.39327472 2.35676622,-0.47952372 -0.60137594 2.21987748,-0.62812454 -0.77814102 2.0439446,-0.75827372 -0.91704684 1.83719778,-0.86707133 -1.01370502 1.60908067,-0.95209324 -1.06607854 1.36969769,-1.01144505 -1.07455575 1.12922525,-1.04380441 -1.04187989 0.89732432,-0.25845957 -0.27873588 2.39747,-0.2 -0.28120509 2.41870809,-0.42645156 -0.49750441 2.27874398,-0.5804854 -0.68821812 2.11811757,-0.71712905 -0.84358674 1.92318404,-0.8333379 -0.95832986 1.70295537,-0.92652267 -1.02944696 1.46733189,-0.99460715 -1.05634987 1.22652388,-1.03607416 -1.0408498 0.99045885,-0.3718259 -0.38881609 2.33004713,-0.53091079 -0.59219044 2.18597054,-0.67371011 -0.76306009 2.00433159,-0.79704201 -0.89529699 1.7936244,-0.89815861 -0.9849596 1.56345224,-0.97480685 -1.03048182 1.32396317,-1.02527881 -1.03271878 1.08525968,-1.04845011 -0.99484605 0.85681617,-1.04999995 -0.93777239 0.82758904,-0.31578225 -0.27593365 2.37336731,-0.47952372 -0.49056637 2.24696541,-0.62812454 -0.67583746 2.08001375,-0.75827372 -0.82482368 1.88040864,-0.86707133 -0.93267393 1.65736473,-0.95209324 -0.99685246 1.42087305,-1.01144505 -1.01724279 1.18111682,-1.04380441 -0.99610567 0.94788092,-0.25845957 -0.15951748 2.40834165,-0.2 -0.16093057 2.42967629,-0.42645156 -0.3839038 2.30060935,-0.5804854 -0.58234739 2.14963675,-0.71712905 -0.74719042 1.96264672,-0.8333379 -0.87271214 1.74837828,-0.92652267 -0.95542485 1.51657093,-0.99460715 -0.99423486 1.27739298,-1.03607416 -0.99045885 1.0408498,-0.3718259 -0.27280536 2.3464601,-0.53091079 -0.48307338 2.21264482,-0.67371011 -0.66273922 2.03970146,-0.79704201 -0.80526114 1.83581042,-0.89815861 -0.90622622 1.61036706,-0.97480685 -0.96356726 1.37342978,-1.02527881 -0.97763723 1.13513088,-1.04845011 -0.9511382 0.90509045,-1.04999995 -0.89535475 0.87330437,-0.31578225 -0.15791379 2.38412976,-0.47952372 -0.37854999 2.2685256,-0.62812454 -0.57187122 2.11096573,-0.75827372 -0.73057139 1.91899347,-0.86707133 -0.84934831 1.70157158,-0.95209324 -0.92517406 1.46855307,-1.01144505 -0.95742738 1.23010266,-1.04380441 -0.94788092 0.99610567,-0.25845957 -0.03990664 2.41328883,-0.2 -0.04026015 2.43466711,-0.42645156 -0.26935872 2.3168149,-0.5804854 -0.47504401 2.17586756,-0.71712905 -0.648956 1.99728107,-0.8333379 -0.78494751 1.78950012,-0.92652267 -0.87905234 1.56207907,-0.99460715 -0.92967397 1.32511961,-1.03607416 -0.93763131 1.08868027,-0.3718259 -0.1561235 2.35710049,-0.53091079 -0.37276796 2.23387575,-0.67371011 -0.56078798 2.07005382,-0.79704201 -0.71324426 1.8734802,-0.89815861 -0.8252635 1.65332043,-0.97480685 -0.89428228 1.41951764,-1.02527881 -0.92015064 1.18220961,-1.04845011 -0.90509045 0.9511382,-1.04999995 -0.85071111 0.91684854,-0.31578225 -0.03950544 2.38902712,-0.47952372 -0.26560232 2.28450513,-0.62812454 -0.4664982 2.13672471,-0.75827372 -0.6345219 1.95285761,-0.86707133 -0.7639333 1.74159253,-0.95209324 -0.85121971 1.51262033,-1.01144505 -0.89525658 1.27606249,-1.04380441 -0.89732432 1.04187989,-0.25845957 0.07980237 2.41229916,-0.2 0.08050931 2.43366861,-0.42645156 -0.15415104 2.32732105,-0.5804854 -0.36657202 2.19674563,-0.71712905 -0.54912502 2.0270021,-0.8333379 -0.69525188 1.82621956,-0.92652267 -0.80051738 1.60374439,-0.99460715 -0.86282605 1.36958647,-1.03607416 -0.88249719 1.13383234,-0.3718259 -0.03905756 2.36194253,-0.53091079 -0.26154548 2.24961138,-0.67371011 -0.45745713 2.09531355,-0.79704201 -0.61947274 1.90654111,-0.89815861 -0.74227059 1.69220638,-0.97480685 -0.82279724 1.4621135,-1.02527881 -0.86040044 1.22637999,-1.04845011 -0.85681617 0.99484605,-1.04999995 -0.80395252 0.95811331,-0.31578225 0.07900009 2.38804746,-0.47952372 -0.15200129 2.29486489,-0.62812454 -0.35997757 2.15722728,-0.75827372 -0.53691137 1.9819175,-0.86707133 -0.67663896 1.77732897,-0.95209324 -0.77517128 1.55296636,-1.01144505 -0.83088344 1.31888306,-1.04380441 -0.84456027 1.08509111,-0.25845957 0.19931506 2.405375,-0.2 0.20108071 2.42668319,-0.42645156 -0.03856411 2.33210158,-0.5804854 -0.25719821 2.21221972,-0.71712905 -0.44794321 2.05173635,-0.8333379 -0.60384589 1.85844648,-0.92652267 -0.72001302 1.64146435,-0.99460715 -0.79385549 1.41068399,-1.03607416 -0.82519197 1.17619526,-0.3718259 0.07810445 2.36097383,-0.53091079 -0.14967959 2.25981259,-0.67371011 -0.35300094 2.11541867,-0.79704201 -0.52417731 1.93491173,-0.89815861 -0.65745157 1.72692955,-0.97480685 -0.74928808 1.50111246,-1.02527881 -0.79853362 1.2675333,-1.04845011 -0.80643409 1.03610647,-1.04999995 -0.75519514 0.99699599,-0.31578225 0.19731128 2.38119292,-0.47952372 -0.03802631 2.29957891,-0.62812454 -0.25257134 2.17242289,-0.75827372 -0.43798006 2.00610161,-0.86707133 -0.58768004 1.80869305,-0.95209324 -0.69721586 1.58949208,-1.01144505 -0.76446623 1.35845912,-1.04380441 -0.78971857 1.12563288,-0.25845957 0.31833741 2.39253354,-0.2 0.32115743 2.413728,-0.42645156 0.07711768 2.33114529,-0.5804854 -0.1471917 2.22225142,-0.71712905 -0.34565943 2.07142353,-0.8333379 -0.51095438 1.88610148,-0.92652267 -0.63773739 1.67514622,-0.99460715 -0.72293204 1.44831109,-1.03607416 -0.7658568 1.21566463,-0.3718259 0.19507432 2.35419703,-0.53091079 -0.03744549 2.2644546,-0.67371011 -0.24767634 2.13031983,-0.79704201 -0.42759237 1.95852244,-0.89815861 -0.57101524 1.75740433,-0.97480685 -0.67393565 1.53641856,-1.02527881 -0.73470235 1.30556858,-1.04845011 -0.75406808 1.07481813,-1.04999995 -0.70456022 1.03340006,-0.31578225 0.31513706 2.36848068,-0.47952372 0.07604222 2.29863572,-0.62812454 -0.1445438 2.1822741,-0.75827372 -0.33797127 2.02535081,-0.86707133 -0.49727535 1.83560777,-0.95209324 -0.61754531 1.62210751,-1.01144505 -0.69616842 1.39469326,-1.04380441 -0.73293406 1.16340554,-0.25845957 0.43657666 2.37380624,-0.2 0.44044411 2.39483476,-0.2 0.55864727 2.37005019,-0.42645156 0.19260976 2.32445407,-0.5804854 -0.03682309 2.22681618,-0.71712905 -0.24252532 2.08601475,-0.8333379 -0.41680589 1.90911651,-0.92652267 -0.55389297 1.70470715,-0.99460715 -0.65023011 1.48237526,-1.03607416 -0.70463759 1.25214338,-0.3718259 0.3115643 2.34162879,-0.53091079 0.07488073 2.26352596,-0.67371011 -0.14174244 2.13998008,-0.79704201 -0.32995552 1.97731507,-0.89815861 -0.4831742 1.78355575,-0.97480685 -0.59692532 1.567945,-1.02527881 -0.66906363 1.34039199,-1.04845011 -0.69984704 1.11088562,-1.04999995 -0.65217364 1.06723487,-0.31578225 0.43218759 2.34994173,-0.47952372 0.18992367 2.29203796,-0.62812454 -0.03616066 2.18675685,-0.75827372 -0.23713106 2.03961754,-0.86707133 -0.40564737 1.85800672,-0.95209324 -0.5363555 1.65073252,-1.01144505 -0.626158 1.42749643,-1.04380441 -0.67434651 1.1983161,-0.25845957 0.55374187 2.34923935,-0.42645156 0.30762801 2.31204462,-0.5804854 0.07363611 2.22590303,-0.71712905 -0.13879457 2.095474,-0.8333379 -0.32163203 1.92743504,-0.92652267 -0.46868587 1.73007441,-0.99460715 -0.57592857 1.51279283,-1.03607416 -0.64168489 1.28554177,-0.3718259 0.42728782 2.32329988,-0.53091079 0.18702275 2.25702882,-0.67371011 -0.03545984 2.14437604,-0.79704201 -0.23150696 1.99124324,-0.89815861 -0.39414448 1.80531943,-0.97480685 -0.51844645 1.59561419,-1.02527881 -0.60177898 1.37191796,-1.04845011 -0.64390433 1.14422023,-1.04999995 -0.59816569 1.09841633,-0.31578225 0.54817492 2.3256216,-0.47952372 0.3033379 2.27980161,-0.62812454 0.07231144 2.18586016,-0.75827372 -0.1357075 2.04886651,-0.86707133 -0.31302145 1.87583482,-0.95209324 -0.45384628 1.67529655,-1.01144505 -0.55460715 1.45678782,-1.04380441 -0.61410004 1.23027873,-0.25845957 0.66954488 2.31889319,-0.2 0.67547607 2.3394351,-0.42645156 0.42188945 2.29394746,-0.5804854 0.18391417 2.21951389,-0.71712905 -0.03472237 2.09977865,-0.8333379 -0.22566694 1.94101202,-0.92652267 -0.38232577 1.75118554,-0.99460715 -0.50021023 1.53948867,-1.03607416 -0.57715356 1.31577766,-0.3718259 0.54196018 2.29925561,-0.53091079 0.29870468 2.24497938,-0.67371011 0.07090998 2.14349651,-0.79704201 -0.13248888 2.00027299,-0.89815861 -0.30414516 1.82264197,-0.97480685 -0.43869221 1.61935806,-1.02527881 -0.53301394 1.40006888,-1.04845011 -0.58637756 1.17473996,-1.04999995 -0.54267055 1.12686706,-0.25845957 0.71142662 2.30638838,-0.2 0.79064322 2.30306506,-0.31578225 0.66281372 2.29558039,-0.47952372 0.41600591 2.26195669,-0.62812454 0.18060564 2.17958593,-0.75827372 -0.03395008 2.05307531,-0.86707133 -0.2196255 1.88904822,-0.95209324 -0.37022051 1.69573939,-1.01144505 -0.48169196 1.48249543,-1.04380441 -0.55234283 1.25921488,-0.25845957 0.78370076 2.28284216,-0.42645156 0.53511304 2.27020693,-0.5804854 0.2937398 2.20766473,-0.71712905 0.06943525 2.09891748,-0.8333379 -0.12914671 1.94981396,-0.92652267 -0.29502514 1.76798868,-0.99460715 -0.42326128 1.56239736,-1.03607416 -0.51120245 1.34277666,-0.31578225 0.70427442 2.28320146,-0.3718259 0.65529931 2.26955509,-0.53091079 0.40965176 2.22740722,-0.67371011 0.17710537 2.13734412,-0.79704201 -0.03314487 2.0043819,-0.89815861 -0.21339762 1.83548081,-0.97480685 -0.35785875 1.63911819,-1.02527881 -0.46293765 1.4247756,-1.04845011 -0.5274083 1.20236981,-1.04999995 -0.48582631 1.15251613,-0.25845957 0.82550627 2.26805973,-0.2 0.90386528 2.26102901,-0.31578225 0.77582192 2.25989199,-0.47952372 0.52765054 2.23854733,-0.62812454 0.28845555 2.16794991,-0.75827372 0.06789087 2.05223322,-0.86707133 -0.12568925 1.89761448,-0.95209324 -0.28568402 1.7120105,-1.01144505 -0.40759176 1.50455594,-1.04380441 -0.48922685 1.28505325,-0.3718259 0.69628996 2.25731659,-0.25845957 0.89592868 2.24117541,-0.42645156 0.64702022 2.24088144,-0.5804854 0.40284279 2.19038439,-0.71712905 0.17342204 2.09289289,-0.8333379 -0.03230875 1.95381916,-0.92652267 -0.20699874 1.78044248,-0.99460715 -0.34527114 1.5814625,-1.03607416 -0.44399378 1.36647236,-0.31578225 0.81720716 2.24525809,-0.3718259 0.76702631 2.23427129,-0.53091079 0.51959109 2.20435524,-0.67371011 0.28286508 2.12593341,-0.79704201 0.06628068 2.00355983,-0.89815861 -0.1221251 1.84380412,-0.97480685 -0.27614495 1.65484595,-1.02527881 -0.3917225 1.44597721,-1.04845011 -0.46714154 1.22704172,-1.04999995 -0.42777419 1.17529988,-0.42645156 0.68749303 2.22879767,-0.25845957 0.9375335 2.22409225,-0.2 1.01486385 2.21343088,-0.31578225 0.88692158 2.21864414,-0.47952372 0.63799709 2.20963097,-0.62812454 0.39559585 2.15098047,-0.75827372 0.16956478 2.04634261,-0.86707133 -0.0314438 1.9015125,-0.95209324 -0.20044471 1.72406995,-1.01144505 -0.33248889 1.52291524,-1.04380441 -0.42490733 1.30773032,-0.3718259 0.80794233 2.21980333,-0.25845957 1.00595248 2.19399524,-0.42645156 0.75733566 2.20604348,-0.5804854 0.51095474 2.16771579,-0.71712905 0.27698222 2.08171964,-0.8333379 0.06460868 1.95301795,-0.92652267 -0.11846309 1.78851628,-0.99460715 -0.2664316 1.59663713,-1.03607416 -0.37569281 1.38680637,-0.47952372 0.67790544 2.19771552,-0.31578225 0.92810816 2.20173264,-0.3718259 0.8768664 2.19349098,-0.53091079 0.62825221 2.17588067,-0.67371011 0.3879289 2.10929298,-0.79704201 0.16554317 1.99780893,-0.89815861 -0.03055215 1.84759164,-0.97480685 -0.19375181 1.66650271,-1.02527881 -0.31954369 1.46362174,-1.04845011 -0.40572563 1.24869502,-1.04999995 -0.36865857 1.1951617,-0.42645156 0.7977348 2.19175839,-0.25845957 1.04722989 2.17459536,-0.2 1.12336576 2.16038752,-0.31578225 0.99583936 2.17193818,-0.47952372 0.74677414 2.17527866,-0.62812454 0.50176293 2.12871957,-0.75827372 0.27082157 2.03541803,-0.86707133 0.062879 1.90073264,-0.95209324 -0.1147123 1.73188806,-1.01144505 -0.25656804 1.53752804,-1.04380441 -0.35954249 1.32719028,-0.53091079 0.66755098 2.16414714,-0.3718259 0.91758609 2.1767714,-0.25845957 1.11350167 2.14141774,-0.42645156 0.86578804 2.1657784,-0.5804854 0.61780977 2.13971448,-0.71712905 0.379861 2.06542516,-0.8333379 0.16136716 1.94741213,-0.92652267 -0.02963603 1.79219019,-0.99460715 -0.18693663 1.60788381,-1.03607416 -0.30646765 1.40372884,-0.47952372 0.78660983 2.16119266,-0.31578225 1.0367018 2.15273333,-0.3718259 0.98454934 2.14731455,-0.53091079 0.73536777 2.14205313,-0.67371011 0.4920384 2.08746362,-0.79704201 0.26439843 1.9871434,-0.89815861 0.06109596 1.84683394,-0.97480685 -0.11088202 1.67405987,-1.02527881 -0.24657878 1.47766554,-1.04845011 -0.34331158 1.26727653,-1.04999995 -0.30862641 1.21205211,-0.5804854 0.65645534 2.12817597,-0.42645156 0.90599328 2.14927006,-0.25845957 1.15432274 2.11969209,-0.2 1.22910404 2.10202956,-0.31578225 1.10230732 2.11988926,-0.47952372 0.85371405 2.13557506,-0.62812454 0.60669565 2.10122204,-0.75827372 0.37141213 2.01948595,-0.86707133 0.15704712 1.8952769,-0.95209324 -0.02869768 1.73544562,-1.01144505 -0.18001606 1.54835844,-1.04380441 -0.29329318 1.34338522,-0.53091079 0.77459502 2.12818217,-0.3718259 1.02494848 2.12832761,-0.25845957 1.21831155 2.08357215,-0.42645156 0.97211057 2.12018538,-0.5804854 0.72314489 2.10644913,-0.71712905 0.48180529 2.04404974,-0.8333379 0.2577287 1.93701553,-0.92652267 0.05926395 1.79145527,-0.99460715 -0.10698177 1.61517513,-1.03607416 -0.23648852 1.41719806,-0.62812454 0.64464605 2.0898912,-0.47952372 0.89335853 2.11929679,-0.31578225 1.14271796 2.098382,-0.3718259 1.08981025 2.09585571,-0.53091079 0.84067428 2.10295606,-0.67371011 0.59493744 2.06049871,-0.79704201 0.36260322 1.97158921,-0.89815861 0.15259376 1.84153283,-0.97480685 -0.02773946 1.6774987,-1.02527881 -0.17300726 1.4880743,-1.04845011 -0.28005296 1.28274035,-1.04999995 -0.24782695 1.22592926,-0.5804854 0.76172012 2.09280896,-0.42645156 1.01199937 2.10143828,-0.25845957 1.25854576 2.05951881,-0.2 1.33181882 2.03850031,-0.31578225 1.20606351 2.06262517,-0.47952372 0.95855379 2.0906179,-0.62812454 0.71013588 2.06855512,-0.75827372 0.47108898 1.99858594,-0.86707133 0.25082889 1.88515866,-0.95209324 0.05738752 1.73473394,-1.01144505 -0.1030212 1.55537987,-1.04380441 -0.22632234 1.35627532,-0.67371011 0.63215232 2.04938745,-0.53091079 0.87971324 2.08692646,-0.3718259 1.12976277 2.07459235,-0.25845957 1.32012439 2.0206008,-0.42645156 1.07604158 2.06937671,-0.5804854 0.82670105 2.06800199,-0.71712905 0.58256429 2.01764584,-0.8333379 0.35345617 1.92185378,-0.92652267 0.14801812 1.78631318,-0.99460715 -0.02676373 1.61849296,-1.03607416 -0.16592763 1.42718089,-0.62812454 0.74801713 2.05516028,-0.47952372 0.99788624 2.07213211,-0.31578225 1.24589324 2.03881383,-0.3718259 1.19239008 2.03924084,-0.53091079 0.94391268 2.05868554,-0.67371011 0.69637293 2.02846503,-0.79704201 0.45991603 1.95118487,-0.89815861 0.24371618 1.83170152,-0.97480685 0.05547134 1.67681074,-1.02527881 -0.09901015 1.49482226,-1.04845011 -0.2161054 1.29504871,-1.04999995 -0.18641135 1.23675847,-0.71712905 0.6190052 2.0067656,-0.5804854 0.86509115 2.0522387,-0.42645156 1.11548936 2.04838204,-0.25845957 1.35963988 1.99422538,-0.2 1.43125713 1.9699564,-0.31578225 1.3068527 2.00028706,-0.47952372 1.06103539 2.04051781,-0.62812454 0.81182915 2.03079963,-0.75827372 0.5696069 1.97276926,-0.86707133 0.34399363 1.87040293,-0.95209324 0.14333156 1.72975469,-1.01144505 -0.02577291 1.5585748,-1.04380441 -0.15879472 1.36582899,-0.67371011 0.73352003 2.01532984,-0.53091079 0.98264438 2.04048204,-0.3718259 1.23176837 2.01569939,-0.25845957 1.41868949 1.95265865,-0.42645156 1.17732549 2.01347709,-0.5804854 0.92822349 2.02446723,-0.71712905 0.68189019 1.9862783,-0.8333379 0.44831413 1.90196419,-0.92652267 0.23640817 1.77677667,-0.99460715 0.05352015 1.6178292,-1.03607416 -0.09495856 1.43365264,-0.75827372 0.60523731 1.96213114,-0.62812454 0.84952861 2.01532006,-0.47952372 1.09993303 2.01981592,-0.31578225 1.34597099 1.97417676,-0.3718259 1.29203665 1.9776094,-0.53091079 1.04482901 2.00935054,-0.67371011 0.79609531 1.99144125,-0.79704201 0.55609739 1.92598057,-0.89815861 0.33423904 1.8173641,-0.97480685 0.13854568 1.67199767,-1.02527881 -0.02476946 1.49789286,-1.04845011 -0.15162621 1.30417109,-1.04999995 -0.1245323 1.24451292,-0.71712905 0.71826476 1.97341621,-0.5804854 0.96631145 2.00656629,-0.42645156 1.21620619 1.99023306,-0.25845957 1.45735371 1.92397404,-0.2 1.52717447 1.89656615,-0.31578225 1.40442693 1.93302786,-0.47952372 1.16090679 1.9853977,-0.62812454 0.91152519 1.98804808,-0.75827372 0.66672361 1.94209945,-0.86707133 0.43631211 1.85104573,-0.95209324 0.22892299 1.72052014,-1.01144505 0.05153878 1.55793571,-1.04380441 -0.09087647 1.37202263,-0.79704201 0.59088272 1.9155947,-0.67371011 0.83306414 1.97626162,-0.53091079 1.08313251 1.9889648,-0.3718259 1.33071148 1.95179522,-0.25845957 1.51376462 1.87991285,-0.42645156 1.27571309 1.9526242,-0.5804854 1.02746248 1.97595227,-0.71712905 0.77953857 1.95002449,-0.8333379 0.5420692 1.87739563,-0.92652267 0.32421663 1.76286912,-0.99460715 0.13367236 1.61318552,-1.03607416 -0.02375587 1.43659759,-0.75827372 0.7022891 1.92952347,-0.62812454 0.948928 1.97046924,-0.47952372 1.19924533 1.96247792,-0.31578225 1.44270241 1.90463161,-0.3718259 1.38850474 1.91111279,-0.53091079 1.14317501 1.9550724,-0.67371011 0.89385921 1.94951832,-0.79704201 0.65091074 1.89603817,-0.89815861 0.42393968 1.79855585,-0.97480685 0.22127919 1.66307151,-1.02527881 0.04953216 1.49727857,-1.04845011 -0.08677401 1.31008506,-1.04999995 -0.06234365 1.24917328,-0.8333379 0.57597703 1.86727166,-0.71712905 0.81573856 1.93516052,-0.5804854 1.06512928 1.95590544,-0.42645156 1.31389928 1.92713618,-0.25845957 1.55144429 1.8489393,-0.2 1.61933482 1.81851029,-0.31578225 1.49854624 1.86101341,-0.47952372 1.25792241 1.92539346,-0.62812454 1.00897884 1.94040585,-0.75827372 0.76220006 1.90665197,-0.86707133 0.52755719 1.82713485,-0.95209324 0.31395125 1.70705295,-1.01144505 0.12872368 1.55346382,-1.04380441 -0.02273465 1.37484097,-0.79704201 0.68563271 1.88376033,-0.67371011 0.93053705 1.93228018,-0.53091079 1.18092775 1.93250263,-0.3718259 1.42634618 1.88303852,-0.25845957 1.60511577 1.80254233,-0.42645156 1.37096238 1.88696778,-0.5804854 1.12417376 1.92257631,-0.71712905 0.87526929 1.90897334,-0.8333379 0.63449079 1.84820855,-0.92652267 0.41122752 1.74462485,-0.99460715 0.21349573 1.60457325,-1.03607416 0.04750525 1.43600845,-0.86707133 0.56055725 1.81728208,-0.75827372 0.7975949 1.89211869,-0.62812454 1.04596817 1.92071962,-0.47952372 1.29557598 1.90026093,-0.31578225 1.53584707 1.83035123,-0.3718259 1.48155701 1.8399148,-0.53091079 1.23870862 1.89598477,-0.67371011 0.98942417 1.90279937,-0.79704201 0.74412274 1.86143136,-0.89815861 0.51259738 1.77532315,-0.97480685 0.30346835 1.65005398,-1.02527881 0.12371193 1.49298096,-1.04845011 -0.02170834 1.31277621,-1.04999995 -0 1.25072813,-0.8333379 0.66833687 1.83624041,-0.71712905 0.91118431 1.89209378,-0.5804854 1.16129911 1.9003818,-0.42645156 1.40832579 1.85924816,-0.25845957 1.64167774 1.76930773,-0.2 1.70751154 1.73598075,-0.31578225 1.58897901 1.78442073,-0.47952372 1.35184336 1.86065269,-0.62812454 1.10395038 1.88799012,-0.75827372 0.85580152 1.86651397,-0.86707133 0.61750454 1.79872918,-0.95209324 0.39820719 1.68938637,-1.01144505 0.20559192 1.54517043,-1.04380441 0.04546309 1.37427723,-0.89815861 0.54466164 1.76574969,-0.79704201 0.77867812 1.84724271,-0.67371011 1.02569652 1.88349473,-0.53091079 1.27578712 1.87123609,-0.3718259 1.51843488 1.80960023,-0.25845957 1.69251823 1.72073746,-0.42645156 1.46283901 1.81666934,-0.5804854 1.2181195 1.86447084,-0.71712905 0.96884674 1.86322618,-0.8333379 0.72535145 1.8144747,-0.92652267 0.49722674 1.72208869,-0.99460715 0.2927939 1.5920136,-1.03607416 0.11864951 1.43188667,-0.86707133 0.65044451 1.7870816,-0.75827372 0.89091778 1.8500098,-0.62812454 1.14040792 1.86619484,-0.47952372 1.3886857 1.83331966,-0.31578225 1.62517333 1.75152028,-0.3718259 1.57096446 1.76419055,-0.53091079 1.331195 1.83223271,-0.67371011 1.08255506 1.85139954,-0.79704201 0.83550423 1.82224536,-0.89815861 0.599994 1.74772286,-0.97480685 0.38491094 1.63297725,-1.02527881 0.19758736 1.48501039,-1.04845011 0.04341074 1.31223786,-1.04999995 0.06234365 1.24917328,-0.92652267 0.52832955 1.71280229,-0.8333379 0.75903511 1.80064404,-0.71712905 1.00436473 1.84432292,-0.5804854 1.25458181 1.84013343,-0.42645156 1.49925101 1.7867378,-0.25845957 1.72782969 1.68527746,-0.2 1.79148769 1.64918065,-0.31578225 1.67550278 1.70343828,-0.47952372 1.4424386 1.79133463,-0.62812454 1.19620621 1.83092988,-0.75827372 0.94729763 1.82178426,-0.86707133 0.70593274 1.76589847,-0.95209324 0.48148349 1.66756368,-1.01144505 0.28195438 1.53307581,-1.04380441 0.11354899 1.3703326,-0.89815861 0.63199991 1.73640561,-0.79704201 0.86978757 1.80613256,-0.67371011 1.11830604 1.83002663,-0.53091079 1.36747468 1.80531716,-0.3718259 1.60674846 1.73166299,-0.25845957 1.77575707 1.63469958,-0.42645156 1.55111694 1.74190176,-0.5804854 1.30906868 1.80177844,-0.71712905 1.06004071 1.8128953,-0.8333379 0.81442773 1.77627718,-0.92652267 0.58200276 1.69531608,-0.99460715 0.37137178 1.57553756,-1.03607416 0.18950188 1.42424226,-0.95209324 0.51160151 1.65857136,-0.86707133 0.73871458 1.75243807,-0.75827372 0.98202562 1.80330145,-0.62812454 1.23201239 1.80703032,-0.47952372 1.47834289 1.76182044,-0.31578225 1.71045923 1.66833484,-0.3718259 1.65650737 1.68412614,-0.53091079 1.42040658 1.76397347,-0.67371011 1.17302287 1.79544508,-0.79704201 0.92483026 1.77857649,-0.89815861 0.6859147 1.71582317,-0.97480685 0.46540663 1.61188328,-1.02527881 0.27097672 1.47338665,-1.04845011 0.10842302 1.30847132,-1.04999995 0.1245323 1.24451292,-0.92652267 0.61304897 1.68433809,-0.8333379 0.84784627 1.76057088,-0.71712905 1.09504819 1.79196692,-0.5804854 1.34474528 1.77531028,-0.42645156 1.58644879 1.70978522,-0.25845957 1.80968595 1.59705734,-0.2 1.87105668 1.55832338,-0.31578225 1.75790477 1.61826527,-0.47952372 1.52948546 1.71760964,-0.62812454 1.28551924 1.76936531,-0.75827372 1.03646326 1.77257288,-0.86707133 0.79262429 1.72872365,-0.95209324 0.56357533 1.64163876,-1.01144505 0.35762325 1.51720977,-1.04380441 0.18135555 1.36301684,-0.97480685 0.494519 1.60319126,-0.89815861 0.717767 1.70274448,-0.79704201 0.95873469 1.76053202,-0.67371011 1.20813513 1.77200878,-0.53091079 1.45576239 1.73491013,-0.3718259 1.69106746 1.64942062,-0.25845957 1.85462737 1.54464006,-0.42645156 1.63557899 1.66284895,-0.5804854 1.39679742 1.73465371,-0.71712905 1.14862704 1.75810456,-0.8333379 0.90150046 1.73370993,-0.92652267 0.66534704 1.66437292,-0.99460715 0.44903603 1.55518568,-1.03607416 0.25988808 1.41309428,-0.95209324 0.59363854 1.63100839,-0.86707133 0.82514817 1.7134378,-0.75827372 1.07069206 1.75210989,-0.62812454 1.32055402 1.74337327,-0.47952372 1.56432462 1.68594098,-0.31578225 1.79149258 1.58100164,-0.3718259 1.73797512 1.59991884,-0.53091079 1.5061239 1.69137454,-0.67371011 1.26060486 1.7350738,-0.79704201 1.01188123 1.73053217,-0.89815861 0.77014792 1.6797024,-0.97480685 0.54475737 1.58682406,-1.02527881 0.34369946 1.45813835,-1.04845011 0.17316857 1.30148578,-1.04999995 0.18641135 1.23675847,-0.99460715 0.47712439 1.5467993,-0.92652267 0.69624418 1.65168643,-0.8333379 0.93454951 1.71612072,-0.71712905 1.18300915 1.7351557,-0.5804854 1.43156552 1.7060734,-0.42645156 1.66970253 1.62858188,-0.25845957 1.88704312 1.50486672,-0.2 1.94602275 1.46363258,-0.31578225 1.8359822 1.52911127,-0.47952372 1.61276972 1.63965929,-0.62812454 1.37166977 1.70344818,-0.75827372 1.1230793 1.71900082,-0.86707133 0.87736595 1.68729591,-0.95209324 0.64428073 1.61167538,-1.01144505 0.4324123 1.49761128,-1.04380441 0.24871598 1.35234797,-0.97480685 0.57381678 1.57654858,-0.89815861 0.80174953 1.66485012,-0.79704201 1.04529822 1.7105546,-0.67371011 1.29496074 1.70958555,-0.53091079 1.5404309 1.66018963,-0.3718259 1.77118218 1.56307757,-0.25845957 1.92893517 1.45078075,-0.42645156 1.71601748 1.57970536,-0.5804854 1.48108995 1.66326153,-0.71712905 1.23438764 1.6989888,-0.8333379 0.98635542 1.68687761,-0.92652267 0.74705446 1.62933528,-0.99460715 0.52559566 1.53100777,-1.03607416 0.32963493 1.39846981,-1.01144505 0.45946079 1.48953533,-0.95209324 0.67419964 1.59939051,-0.86707133 0.90953022 1.67017758,-0.75827372 1.15669656 1.69656229,-0.62812454 1.40581238 1.67538202,-0.47952372 1.64641726 1.60587013,-0.31578225 1.86807203 1.48973775,-0.3718259 1.81516731 1.51177549,-0.53091079 1.58813596 1.61461484,-0.67371011 1.34508574 1.67043412,-0.79704201 1.09644282 1.67823076,-0.89815861 0.85248661 1.6394496,-0.97480685 0.62276804 1.55786109,-1.02527881 0.41557667 1.43930292,-1.04845011 0.23748812 1.29129863,-1.04999995 0.24782695 1.22592926,-0.99460715 0.55363286 1.52109385,-0.92652267 0.77770847 1.61492836,-0.8333379 1.01892936 1.66740406,-0.71712905 1.26802886 1.67403054,-0.5804854 1.51482677 1.63259494,-0.42645156 1.74880505 1.5433296,-0.25845957 1.95970881 1.40893471,-0.2 2.0162015 1.36534119,-0.31578225 1.90954292 1.43619561,-0.47952372 1.69208646 1.55767524,-0.62812454 1.45444584 1.63334024,-0.75827372 1.20693231 1.66119981,-0.86707133 0.9599492 1.64171743,-0.95209324 0.72340113 1.57774711,-1.01144505 0.50613761 1.47432852,-1.04380441 0.31546453 1.33835232,-1.02527881 0.44157204 1.43154144,-0.97480685 0.65168792 1.54598641,-0.89815861 0.88373882 1.62281668,-0.79704201 1.12926292 1.65632439,-0.67371011 1.37856674 1.64291191,-0.53091079 1.6212697 1.58134174,-0.3718259 1.84689343 1.47284842,-0.25845957 1.99849772 1.35335243,-0.42645156 1.79223454 1.49267578,-0.5804854 1.56173897 1.58777773,-0.71712905 1.31711149 1.63569343,-0.8333379 1.06878388 1.63589549,-0.92652267 0.82692415 1.59028947,-0.99460715 0.60086226 1.50306368,-1.03607416 0.39857084 1.38040519,-1.01144505 0.53313684 1.46478152,-0.95209324 0.7530846 1.56379628,-0.86707133 0.99165112 1.62276506,-0.75827372 1.23982537 1.63679683,-0.62812454 1.48757577 1.60322535,-0.47952372 1.72441673 1.52180672,-0.31578225 1.94000721 1.39477015,-0.3718259 1.88789415 1.41991317,-0.53091079 1.66624117 1.53388309,-0.67371011 1.42625773 1.60168493,-0.79704201 1.17830718 1.62180066,-0.89815861 0.93272805 1.59516346,-0.97480685 0.69924659 1.52506566,-1.02527881 0.48643154 1.41692662,-1.04845011 0.30122343 1.27793467,-1.04999995 0.30862641 1.21205211,-1.03607416 0.42350248 1.37296128,-0.99460715 0.62876493 1.49160659,-0.92652267 0.85723925 1.57415521,-0.8333379 1.10077596 1.61454189,-0.71712905 1.34989619 1.60874367,-0.5804854 1.59432185 1.55505764,-0.42645156 1.82355976 1.45424032,-0.25845957 2.0275023 1.30949986,-0.2 2.08142018 1.26369095,-0.31578225 1.97840607 1.33974671,-0.47952372 1.76724052 1.47185934,-0.62812454 1.53364408 1.55921435,-0.75827372 1.28781629 1.59931231,-0.86707133 1.04017091 1.59210014,-0.95209324 0.80074197 1.5399375,-1.01144505 0.57861781 1.44741881,-1.04380441 0.38143703 1.32106411,-1.02527881 0.51237959 1.40775132,-0.97480685 0.72793889 1.51158071,-0.89815861 0.96353102 1.57674861,-0.79704201 1.21042013 1.59797645,-0.67371011 1.45874548 1.57215369,-0.53091079 1.69807768 1.49856246,-0.3718259 1.91801298 1.37895751,-0.25845957 2.06314373 1.25259471,-0.42645156 1.8640424 1.40197396,-0.5804854 1.63854599 1.5083878,-0.71712905 1.39659524 1.56837416,-0.8333379 1.14858305 1.58088899,-0.92652267 0.90475953 1.54733133,-0.99460715 0.67465073 1.47142184,-1.03607416 0.46652627 1.35894454,-1.04380441 0.40529692 1.31394029,-1.01144505 0.60548747 1.43638599,-0.95209324 0.83009726 1.52431417,-0.86707133 1.07130659 1.57131815,-0.75827372 1.31987178 1.57296193,-0.62812454 1.56564081 1.52708292,-0.47952372 1.79812896 1.43395996,-0.31578225 2.00711918 1.29633498,-0.3718259 1.95597661 1.32455778,-0.53091079 1.74024737 1.44937789,-0.67371011 1.50392091 1.52899563,-0.79704201 1.25727284 1.56138098,-0.89815861 1.01067495 1.5469532,-0.97480685 0.774005 1.4885186,-1.02527881 0.55608976 1.39106464,-1.04845011 0.36421773 1.26142704,-1.04999995 0.36865857 1.1951617,-1.03607416 0.49141249 1.35014474,-0.99460715 0.70233381 1.4584111,-0.92652267 0.9346388 1.52946866,-0.8333379 1.17988586 1.55766571,-0.71712905 1.42840743 1.53945708,-0.5804854 1.66985321 1.47365427,-0.42645156 1.89378083 1.36153567,-0.25845957 2.09025526 1.2068094,-0.2 2.14151859 1.15893185,-0.31578225 2.04240227 1.24000192,-0.47952372 1.83804703 1.38242245,-0.62812454 1.60906935 1.48125267,-0.75827372 1.36553216 1.5334903,-0.86707133 1.11783385 1.53856623,-0.95209324 0.87611294 1.49833953,-1.01144505 0.64967453 1.41694844,-1.04380441 0.44647118 1.30052614,-1.04845011 0.38700047 1.25462472,-1.02527881 0.58191329 1.38046134,-0.97480685 0.80238008 1.47341692,-0.89815861 1.04092765 1.52676058,-0.79704201 1.28856802 1.5356555,-0.67371011 1.53529751 1.49748695,-0.53091079 1.77066398 1.4120574,-0.3718259 1.98436415 1.28163826,-0.25845957 2.12271428 1.14875555,-0.42645156 1.93126476 1.3078233,-0.5804854 1.71132207 1.42528713,-0.71712905 1.47264326 1.49719656,-0.8333379 1.22555673 1.5219934,-0.92652267 0.98036915 1.50056672,-0.99460715 0.7467795 1.43616021,-1.03607416 0.53333402 1.3341409,-1.04380441 0.47028762 1.2921046,-1.01144505 0.67633271 1.40441942,-0.95209324 0.90504616 1.48104239,-0.86707133 1.14829862 1.51596463,-0.75827372 1.39663672 1.50521648,-0.62812454 1.63981342 1.44714391,-0.47952372 1.86737072 1.34254813,-0.31578225 2.06924105 1.19467688,-0.3718259 2.01924729 1.2259438,-0.53091079 1.80997241 1.36130714,-0.67371011 1.57788432 1.45254493,-0.79704201 1.33314538 1.49712014,-0.89815861 1.08613563 1.49493742,-0.97480685 0.84685928 1.44830954,-1.02527881 0.62437993 1.36178064,-1.04845011 0.42631602 1.24181616,-1.04999995 0.42777419 1.17529988,-1.03607416 0.55810082 1.32397151,-0.99460715 0.77415651 1.42158973,-0.92652267 1.00971472 1.48097944,-0.8333379 1.25606251 1.49691689,-0.71712905 1.50336742 1.46634316,-0.5804854 1.74123311 1.388587,-0.42645156 1.9592936 1.26544607,-0.25845957 2.14781141 1.10111856,-0.2 2.19634867 1.05132186,-0.31578225 2.10137391 1.13720679,-0.47952372 1.90433192 1.28958476,-0.62812454 1.68053615 1.399647,-0.75827372 1.43988872 1.46389592,-0.86707133 1.19274676 1.48124731,-0.95209324 0.94932854 1.4530555,-1.01144505 0.71913302 1.38299227,-1.04380441 0.51040697 1.27678871,-1.04845011 0.44905728 1.23377478,-1.02527881 0.65000021 1.34973943,-0.97480685 0.87482643 1.43158996,-0.89815861 1.11573648 1.47297668,-0.79704201 1.36351228 1.46951675,-0.67371011 1.60803258 1.41909719,-0.53091079 1.83884811 1.32204175,-0.3718259 2.04578185 1.18113267,-0.25845957 2.17706299 1.04209042,-0.42645156 1.99373603 1.2104553,-0.5804854 1.77988815 1.33868027,-0.71712905 1.5450685 1.42233574,-0.8333379 1.29951537 1.45935357,-0.92652267 1.05356693 1.45011055,-0.99460715 0.81707114 1.39736557,-1.03607416 0.59882969 1.30605519,-1.04380441 0.53410912 1.26705647,-1.01144505 0.74549651 1.36896122,-0.95209324 0.977745 1.43408847,-0.86707133 1.22243583 1.45684218,-0.75827372 1.46992946 1.43372869,-0.62812454 1.70990908 1.36360705,-0.47952372 1.93196988 1.24779844,-0.31578225 2.12621856 1.09004867,-0.3718259 2.07755041 1.12431407,-0.53091079 1.87524486 1.26988745,-0.67371011 1.64796615 1.3725208,-0.79704201 1.40573847 1.42917621,-0.89815861 1.15892422 1.43924391,-0.97480685 0.91763026 1.40453768,-1.02527881 0.69113415 1.3291465,-1.04845011 0.48736554 1.2191503,-1.04999995 0.48582631 1.15251613,-1.03607416 0.62340158 1.29450667,-0.99460715 0.84405458 1.38123405,-0.92652267 1.08228028 1.42880833,-0.8333379 1.32911623 1.4324466,-0.71712905 1.57458973 1.38958371,-0.5804854 1.80828393 1.30006766,-0.42645156 2.01993537 1.16621029,-0.25845957 2.2000277 0.99269027,-0.2 2.24577546 0.94112545,-0.31578225 2.15517616 1.03161395,-0.47952372 1.96593201 1.19357455,-0.62812454 1.74786878 1.31459808,-0.75827372 1.51070309 1.3907001,-0.86707133 1.26472545 1.42028451,-0.95209324 1.02020884 1.40419698,-1.01144505 0.78682244 1.34563375,-1.04380441 0.57308716 1.24991035,-1.04845011 0.50999767 1.20985746,-1.02527881 0.7164712 1.31566167,-0.97480685 0.9450978 1.38620389,-0.89815861 1.18777132 1.4155308,-0.79704201 1.4350667 1.3997246,-0.67371011 1.67676985 1.3371793,-0.53091079 1.90246069 1.22873938,-0.3718259 2.10211325 1.0776906,-0.25845957 2.22605586 0.93286169,-0.42645156 2.05130267 1.11010945,-0.5804854 1.84407556 1.24878013,-0.71712905 1.61369276 1.3439759,-0.8333379 1.37027717 1.39312375,-0.92652267 1.12417305 1.39608705,-0.99460715 0.88535279 1.3551333,-1.03607416 0.66285223 1.27475643,-1.04380441 0.59660274 1.23885834,-1.01144505 0.8128069 1.33009946,-0.95209324 1.04801297 1.38356924,-0.86707133 1.2935338 1.39409792,-0.75827372 1.53956771 1.35867655,-0.62812454 1.77575374 1.27667999,-0.47952372 1.99176598 1.14994657,-0.31578225 2.17791009 0.98271042,-0.3718259 2.13074255 1.01991832,-0.53091079 1.93590403 1.17534375,-0.67371011 1.71399379 1.2891202,-0.79704201 1.4748733 1.35771656,-0.89815861 1.22886181 1.38000977,-0.97480685 0.98614377 1.35731041,-1.02527881 0.75618809 1.29324257,-1.04845011 0.54721612 1.19348526,-1.04999995 0.54267055 1.12686706,-1.03607416 0.68715245 1.26182353,-0.99460715 0.91185421 1.33744442,-0.92652267 1.15215516 1.37308502,-0.8333379 1.39886558 1.36441493,-0.71712905 1.64189744 1.30936956,-0.5804854 1.87083912 1.20831597,-0.42645156 2.07555532 1.06407511,-0.25845957 2.24677444 0.88179398,-0.2 2.28967762 0.82861388,-0.31578225 2.20367646 0.92348325,-0.47952372 2.02269578 1.09462821,-0.62812454 1.81090152 1.22631514,-0.75827372 1.57780099 1.31408322,-0.86707133 1.33359277 1.35582769,-0.95209324 1.0885793 1.35188401,-1.01144505 0.8525762 1.30496502,-1.04380441 0.63435745 1.21995711,-1.04845011 0.56967014 1.18293214,-1.02527881 0.78116089 1.27831316,-0.97480685 1.01301956 1.33737147,-0.89815861 1.25685322 1.35456562,-0.79704201 1.50305331 1.32645237,-0.67371011 1.74133837 1.25193703,-0.53091079 1.96134341 1.13238215,-0.3718259 2.15321875 0.9715693,-0.25845957 2.2695725 0.821338,-0.42645156 2.10382271 1.00703263,-0.5804854 1.90372658 1.15580785,-0.71712905 1.67834723 1.26230991,-0.8333379 1.43766797 1.32346666,-0.92652267 1.1920135 1.33862913,-0.99460715 0.95145637 1.30956733,-1.03607416 0.7252441 1.24032176,-1.04380441 0.6576131 1.20758009,-1.01144505 0.87809652 1.28793097,-0.95209324 1.11567545 1.32961023,-0.86707133 1.36141586 1.32788754,-0.75827372 1.60537827 1.2802465,-0.62812454 1.83718359 1.18657899,-0.47952372 2.04661012 1.04923582,-0.31578225 2.22418666 0.87292898,-0.3718259 2.17869306 0.91301358,-0.53091079 1.99180067 1.07790864,-0.67371011 1.775805 1.20254827,-0.79704201 1.54037988 1.28291667,-0.89815861 1.29577637 1.31738067,-0.97480685 1.05223131 1.30674422,-1.02527881 0.81938177 1.25415719,-1.04845011 0.60572052 1.16488421,-1.04999995 0.59816569 1.09841633,-1.03607416 0.74919498 1.22600329,-0.99460715 0.97738677 1.29032969,-0.92652267 1.21916556 1.31394804,-0.8333379 1.46513712 1.29299116,-0.71712905 1.70512307 1.22590005,-0.5804854 1.92874312 1.11356032,-0.42645156 2.12601495 0.95929444,-0.25845957 2.28793526 0.76870537,-0.2 2.32794714 0.71406382,-0.31578225 2.24675584 0.81308079,-0.47952372 2.07448363 0.99298888,-0.62812454 1.86947942 1.13501549,-0.75827372 1.64101744 1.2342335,-0.86707133 1.39917946 1.28803539,-0.95209324 1.15427172 1.29624522,-1.01144505 0.91623253 1.26108587,-1.04380441 0.69406724 1.18700266,-1.04845011 0.62792629 1.15306604,-1.02527881 0.84390849 1.23778641,-0.97480685 1.07842278 1.28521419,-0.89815861 1.32281041 1.2902329,-0.79704201 1.56730306 1.24988246,-0.67371011 1.80157769 1.16358221,-0.53091079 2.01534986 1.03320956,-0.3718259 2.19897079 0.86303246,-0.25845957 2.30750585 0.70779377,-0.42645156 2.15116739 0.90147859,-0.5804854 1.95869422 1.05999231,-0.71712905 1.73887289 1.17753839,-0.8333379 1.50152206 1.25055373,-0.92652267 1.25692153 1.27787805,-0.99460715 1.01521933 1.26077974,-1.03607416 0.78585184 1.2028358,-1.04380441 0.7169885 1.17329967,-1.01144505 0.941203 1.24256051,-0.95209324 1.18056417 1.27234554,-0.86707133 1.42591321 1.25837588,-0.75827372 1.6671977 1.19863355,-0.62812454 1.89404595 1.09352791,-0.47952372 2.09636617 0.94591641,-0.31578225 2.26493382 0.76097733,-0.3718259 2.22128391 0.80386275,-0.53091079 2.04279757 0.97782183,-0.67371011 1.83324754 1.11301804,-0.79704201 1.60209692 1.20496082,-0.89815861 1.35950315 1.25151086,-0.97480685 1.11573029 1.2529633,-1.02527881 0.88055974 1.21198654,-1.04845011 0.66273481 1.13341749,-1.04999995 0.65217364 1.06723487,-1.03607416 0.80937493 1.18713498,-0.99460715 1.04048944 1.24000704,-0.92652267 1.28314495 1.25154424,-0.8333379 1.52776623 1.21835291,-0.71712905 1.76410961 1.13938272,-0.5804854 1.98185194 1.01603615,-0.42645156 2.17118907 0.85212886,-0.25845957 2.32340789 0.65370566,-0.2 2.36048961 0.59775716,-0.31578225 2.28430772 0.70067811,-0.47952372 2.1211679 0.88890684,-0.62812454 1.92345822 1.0409236,-0.75827372 1.70019686 1.15134764,-0.86707133 1.4613241 1.21707451,-0.95209324 1.2171247 1.2374177,-1.01144505 0.97763491 1.21410453,-1.04380441 0.75206959 1.15112817,-1.04845011 0.68462133 1.12033308,-1.02527881 0.904558 1.1941824,-0.97480685 1.14114487 1.22986162,-0.89815861 1.38547885 1.22269237,-0.79704201 1.62765634 1.17020524,-0.67371011 1.85733795 1.07233453,-0.53091079 2.06434584 0.93146831,-0.3718259 2.23925591 0.75234997,-0.25845957 2.33976269 0.59250838,-0.42645156 2.19322014 0.79370677,-0.5804854 2.00884342 0.96156907,-0.71712905 1.79512084 1.08987021,-0.8333379 1.56168234 1.17456448,-0.92652267 1.31873739 1.2139833,-0.99460715 1.07648468 1.20889056,-1.03607416 0.84452635 1.16239083,-1.04380441 0.77458143 1.13610232,-1.01144505 1.00196958 1.19410086,-0.95209324 1.24251783 1.21191776,-0.86707133 1.48686564 1.1857357,-0.75827372 1.72487223 1.11404061,-0.62812454 1.94619942 0.99775821,-0.47952372 2.14091015 0.84024537,-0.31578225 2.30005002 0.64713371,-0.3718259 2.25841022 0.69273442,-0.53091079 2.08876896 0.87532949,-0.67371011 1.88618016 1.02074969,-0.79704201 1.65987277 1.12404072,-0.89815861 1.41988552 1.18256211,-0.97480685 1.17648458 1.1961,-1.02527881 0.93957144 1.16683424,-1.04845011 0.71811867 1.09916246,-1.04999995 0.70456022 1.03340006,-1.03607416 0.86754256 1.14531529,-0.99460715 1.10100532 1.18660152,-0.92652267 1.34393418 1.18602896,-0.8333379 1.58659697 1.14068556,-0.71712905 1.81871021 1.05003285,-0.5804854 2.03003359 0.915986,-0.42645156 2.21096516 0.74284476,-0.25845957 2.35310435 0.53708071,-0.2 2.38722515 0.47997996,-0.31578225 2.31624031 0.58655167,-0.47952372 2.16263413 0.78263795,-0.62812454 1.97270525 0.94427091,-0.75827372 1.75519371 1.06562924,-0.86707133 1.51987374 1.14311957,-0.95209324 1.27698338 1.17554605,-1.01144505 1.0366323 1.16413629,-1.04380441 0.80822176 1.11242187,-1.04845011 0.73961425 1.08481491,-1.02527881 0.96295863 1.14760947,-0.97480685 1.2010299 1.17145145,-0.89815861 1.44470274 1.15211201,-0.79704201 1.68396294 1.08761859,-0.67371011 1.90848064 0.97842091,-0.53091079 2.10820961 0.82741129,-0.3718259 2.27397394 0.63979703,-0.25845957 2.36626339 0.47576535,-0.42645156 2.22987747 0.68398237,-0.5804854 2.05405068 0.8607803,-0.71712905 1.84695256 0.99952078,-0.8333379 1.61800075 1.0956856,-0.92652267 1.3773092 1.14710212,-0.99460715 1.13510191 1.15402746,-1.03607416 0.90112323 1.11908627,-1.04380441 0.83024853 1.0960803,-1.01144505 1.06024504 1.14267242,-0.95209324 1.30138242 1.14847684,-0.86707133 1.54412138 1.1101476,-0.75827372 1.77825844 1.02667797,-0.62812454 1.99351418 0.89950788,-0.47952372 2.18013167 0.73248529,-0.31578225 2.32944775 0.53168124,-0.3718259 2.28998065 0.57990187,-0.53091079 2.12960172 0.77068383,-0.67371011 1.9344728 0.92597026,-0.79704201 1.71356523 1.04035544,-0.89815861 1.47677493 1.1107043,-0.97480685 1.2343446 1.13629425,-1.02527881 0.99627179 1.11881149,-1.04845011 0.77173597 1.06220341,-1.04999995 0.75519514 0.99699599,-1.03607416 0.92355341 1.10064805,-0.99460715 1.15878379 1.13024592,-0.92652267 1.40138233 1.11756504,-0.8333379 1.64148319 1.06018221,-0.71712905 1.8687892 0.9580723,-0.5804854 2.07316828 0.81365854,-0.42645156 2.2452445 0.63171387,-0.25845957 2.3769505 0.41912049,-0.2 2.40808797 0.361022,-0.31578225 2.3424747 0.47098234,-0.47952372 2.1987803 0.67444378,-0.62812454 2.01709914 0.84529525,-0.75827372 1.80587268 0.97728944,-0.86707133 1.57468438 1.06635249,-0.95209324 1.33370066 1.1107825,-1.01144505 1.09307945 1.11130428,-1.04380441 0.86238569 1.07097888,-1.04845011 0.79276842 1.04659963,-1.02527881 1.01896524 1.09818327,-0.97480685 1.25792897 1.11012888,-0.89815861 1.50033498 1.0786674,-0.79704201 1.73608291 1.00232792,-0.67371011 1.95487845 0.88207477,-0.53091079 2.14683199 0.7212972,-0.3718259 2.30303836 0.52565348,-0.25845957 2.3869431 0.35785192,-0.42645156 2.26104903 0.57257539,-0.5804854 2.09420466 0.75787395,-0.71712905 1.89424074 0.90671247,-0.8333379 1.67033875 1.01411128,-0.92652267 1.43249273 1.07739902,-0.99460715 1.19092679 1.09632528,-1.03607416 0.95550334 1.07302868,-1.04380441 0.88385159 1.05333328,-1.01144505 1.11588454 1.08840311,-0.95209324 1.35701156 1.08218062,-0.86707133 1.59753823 1.03179955,-0.75827372 1.82722354 0.93676287,-0.62812454 2.03587294 0.79902124,-0.47952372 2.21393299 0.62290418,-0.31578225 2.35305429 0.41490695,-0.3718259 2.31591773 0.46564272,-0.53091079 2.1651957 0.66414219,-0.67371011 1.97800636 0.82891285,-0.79704201 1.76304221 0.95411074,-0.89815861 1.53003132 1.0361141,-0.97480685 1.289168 1.07369316,-1.02527881 1.05052125 1.06803644,-1.04845011 0.82345474 1.02263141,-1.04999995 0.80395252 0.95811331,-1.03607416 0.97726816 1.05324459,-0.99460715 1.21368146 1.07108033,-0.92652267 1.45534623 1.0463227,-0.8333379 1.6922884 0.97704315,-0.71712905 1.91422212 0.86372989,-0.5804854 2.1111486 0.70930821,-0.42645156 2.27394176 0.51901239,-0.25845957 2.39488721 0.3001183,-0.2 2.4230268 0.24117586,-0.31578225 2.36294651 0.35425431,-0.47952372 2.22951698 0.56459039,-0.62812454 2.05653095 0.74424016,-0.75827372 1.85210907 0.88654536,-0.86707133 1.6256212 0.98696202,-0.95209324 1.38713694 1.04328632,-1.01144505 1.14683759 1.05573833,-1.04380441 0.91442806 1.02690113,-1.04845011 0.84395164 1.00578237,-1.02527881 1.07243848 1.04602695,-0.97480685 1.31170058 1.04604626,-0.89815861 1.55223703 1.00254095,-0.79704201 1.78388679 0.91454542,-0.67371011 1.99641621 0.7835356,-0.53091079 2.18011689 0.61338979,-0.3718259 2.32637715 0.41020307,-0.25845957 2.4017508 0.23905815,-0.42645156 2.28665829 0.4597598,-0.5804854 2.12920713 0.65310323,-0.71712905 1.93686903 0.81167364,-0.8333379 1.71856761 0.93004227,-0.92652267 1.4841522 1.00504541,-0.99460715 1.24382186 1.03592622,-1.03607416 1.00753284 1.02433133,-1.04380441 0.93525726 1.00796759,-1.01144505 1.16874993 1.03142786,-0.95209324 1.40926695 1.01319396,-0.86707133 1.64698327 0.95088625,-0.75827372 1.87164593 0.84451884,-0.62812454 2.07316995 0.6965481,-0.47952372 2.24223018 0.51177436,-0.31578225 2.37081051 0.29710111,-0.3718259 2.33615732 0.35023808,-0.53091079 2.19546318 0.55596673,-0.67371011 2.01667404 0.72981626,-0.79704201 1.808182 0.86551893,-0.89815861 1.5795238 0.9589749,-0.97480685 1.34082007 1.00845063,-1.02527881 1.10218632 1.01463401,-1.04845011 0.87314779 0.98054349,-1.04999995 0.85071111 0.91684854,-1.03607416 1.02855325 1.00322247,-0.99460715 1.2655617 1.00925183,-0.92652267 1.50569201 0.97247905,-0.8333379 1.73888624 0.89147496,-0.71712905 1.95489597 0.76724011,-0.5804854 2.14388037 0.60319442,-0.42645156 2.29698586 0.40502056,-0.25845957 2.40686989 0.18036996,-0.2 2.43200493 0.12073644,-0.31578225 2.3776052 0.23665482,-0.47952372 2.25476933 0.4533481,-0.62812454 2.09090376 0.6413542,-0.75827372 1.89378917 0.79362035,-0.86707133 1.67255902 0.90514368,-0.95209324 1.43716073 0.97322351,-1.01144505 1.19777441 0.99757522,-1.04380441 0.96422088 0.98029727,-1.04845011 0.89303666 0.96246463,-1.02527881 1.12324548 0.99127001,-0.97480685 1.36221111 0.97936308,-0.89815861 1.60028005 0.92392212,-0.79704201 1.82725561 0.82448912,-0.67371011 2.03299046 0.68304849,-0.53091079 2.20798182 0.50395745,-0.3718259 2.34393239 0.29373282,-0.25845957 2.41065001 0.11967628,-0.42645156 2.30664229 0.34581316,-0.5804854 2.15897131 0.54672581,-0.71712905 1.9747324 0.71463799,-0.8333379 1.76256871 0.84368527,-0.92652267 1.53216052 0.93021935,-0.99460715 1.29365695 0.97297859,-1.03607416 1.05708373 0.97311413,-1.04380441 0.98433769 0.96009588,-1.01144505 1.21870947 0.97188836,-0.95209324 1.45801866 0.9416883,-0.86707133 1.6923337 0.86760885,-0.75827372 1.9114151 0.75017518,-0.62812454 2.10531306 0.59234321,-0.47952372 2.26495266 0.39937228,-0.31578225 2.38267279 0.17855664,-0.3718259 2.35064983 0.23397182,-0.53091079 2.22032952 0.44642359,-0.67371011 2.05038047 0.62892431,-0.79704201 1.84887362 0.77479786,-0.89815861 1.62513041 0.87947661,-0.97480685 1.38917363 0.94072735,-1.02527881 1.15113997 0.95873541,-1.04845011 0.9206928 0.93604344,-1.04999995 0.89535475 0.87330437,-1.03607416 1.07728112 0.95070624,-0.99460715 1.31429565 0.94491416,-0.92652267 1.55229437 0.89621758,-0.8333379 1.78116107 0.80369049,-0.71712905 1.99070966 0.66884285,-0.5804854 2.17128205 0.49558097,-0.42645156 2.31431913 0.29002181,-0.25845957 2.4128685 0.06017319,-0.2 2.43499994 0,-0.31578225 2.38641477 0.11847313,-0.47952372 2.27447462 0.34099054,-0.62812454 2.12013245 0.53689045,-0.75827372 1.93081045 0.69874299,-0.86707133 1.7153821 0.82109857,-0.95209324 1.48364913 0.90076661,-1.01144505 1.24576461 0.93695801,-1.04380441 1.01164174 0.93128181,-1.04845011 0.93990147 0.91675401,-1.02527881 1.17126 0.93404865,-0.97480685 1.40933502 0.91024506,-0.89815861 1.64434445 0.84300619,-0.79704201 1.8660816 0.73238301,-0.67371011 2.06451058 0.58086318,-0.53091079 2.23035741 0.39327219,-0.3718259 2.35565996 0.17653231,-0.25845957 2.4136188 0,-0.42645156 2.3209517 0.23101582,-0.5804854 2.18342447 0.43900341,-0.71712905 2.00773787 0.61584431,-0.8333379 1.80223382 0.75525272,-0.92652267 1.57639968 0.85310489,-0.99460715 1.34030962 0.90763742,-1.03607416 1.10403419 0.91950297,-1.04380441 1.03097093 0.90983719,-1.01144505 1.26563919 0.90993261,-0.95209324 1.50314546 0.86784142,-0.86707133 1.73347676 0.78217447,-0.75827372 1.94643223 0.65396649,-0.62812454 2.1322217 0.48666573,-0.47952372 2.28204417 0.28597724,-0.31578225 2.38861108 0.05956824,-0.3718259 2.35935974 0.11712999,-0.53091079 2.2397337 0.3357822,-0.67371011 2.07904291 0.52648515,-0.79704201 1.8850168 0.68217075,-0.89815861 1.66673923 0.79781479,-0.97480685 1.43410969 0.87068981,-1.02527881 1.19726169 0.9004783,-1.04845011 0.9659729 0.88924068,-1.04999995 0.93777239 0.82758904,-1.03607416 1.12333083 0.89582646,-0.99460715 1.35976195 0.87822735,-0.92652267 1.59503758 0.81772804,-0.8333379 1.81900764 0.7139079,-0.71712905 2.02157402 0.56878275,-0.5804854 2.1932857 0.38673544,-0.42645156 2.32589865 0.174302,-0.25845957 2.4128685 -0.06017319,-0.2 2.43206692 -0.11947979,-0.31578225 2.38935375 0,-0.47952372 2.28858447 0.22779414,-0.62812454 2.14414573 0.43110594,-0.75827372 1.96308172 0.60214669,-0.86707133 1.75398529 0.73503345,-0.95209324 1.52648759 0.82609373,-1.01144505 1.29069018 0.87403584,-1.04380441 1.05657375 0.87997532,-1.04845011 0.98442948 0.86876416,-1.02527881 1.21636248 0.87450504,-0.97480685 1.45295501 0.83886397,-0.89815861 1.68432081 0.75999451,-0.79704201 1.9002682 0.63845617,-0.67371011 2.0908978 0.47723377,-0.53091079 2.24718785 0.28160918,-0.3718259 2.36153102 0.05889291,-0.25845957 2.41071153 -0.11843066,-0.42645156 2.32955146 0.11565016,-0.5804854 2.2025063 0.33020103,-0.71712905 2.03580427 0.51553565,-0.8333379 1.83746517 0.66496223,-0.92652267 1.61676085 0.77389169,-0.99460715 1.38366508 0.84006345,-1.03607416 1.14826858 0.86362982,-1.04380441 1.07504094 0.85731655,-1.01144505 1.30942225 0.84571457,-0.95209324 1.54453528 0.79183704,-0.86707133 1.77031004 0.69479549,-0.75827372 1.97661018 0.5561319,-0.62812454 2.15382957 0.37977827,-0.47952372 2.29346228 0.17187123,-0.31578225 2.38861108 -0.05956824,-0.3718259 2.36226535 0,-0.53091079 2.25362825 0.22431478,-0.67371011 2.10259056 0.4227508,-0.79704201 1.91652274 0.58786541,-0.89815861 1.70424783 0.71419024,-0.97480685 1.47551775 0.79851025,-1.02527881 1.2404381 0.84000593,-1.04845011 1.00887656 0.84025031,-1.04999995 0.9778586 0.77981621,-1.03607416 1.16658771 0.83871943,-0.99460715 1.4018476 0.80935711,-0.92652267 1.63381517 0.73720551,-0.8333379 1.85233188 0.62235039,-0.71712905 2.04741263 0.46730858,-0.5804854 2.20983648 0.27692842,-0.42645156 2.33169556 0.05814886,-0.25845957 2.40686989 -0.18036996,-0.2 2.42327476 -0.23867173,-0.31578225 2.3864758 -0.11724003,-0.47952372 2.2970643 0.11403734,-0.62812454 2.16288424 0.32426089,-0.75827372 1.99052382 0.50406909,-0.86707133 1.78827357 0.64716017,-0.95209324 1.56557071 0.74938864,-1.01144505 1.3324405 0.80896348,-1.04380441 1.09890664 0.82650399,-1.04845011 1.02651012 0.81861448,-1.02527881 1.25844085 0.81278729,-0.97480685 1.49296284 0.76539737,-0.89815861 1.7201097 0.67509329,-0.79704201 1.92973042 0.54294193,-0.67371011 2.11208677 0.3724179,-0.53091079 2.25843143 0.16924605,-0.3718259 2.36153102 -0.05889291,-0.25845957 2.40199661 -0.23657601,-0.42645156 2.33242059 0,-0.5804854 2.21616983 0.22058634,-0.71712905 2.05886221 0.4139587,-0.8333379 1.86817646 0.5730359,-0.92652267 1.6531446 0.69277471,-0.99460715 1.42361665 0.77042282,-1.03607416 1.18967819 0.80563205,-1.04380441 1.11643827 0.80266446,-1.01144505 1.34994996 0.77939397,-0.95209324 1.58208513 0.71386397,-0.86707133 1.80274212 0.60568917,-0.75827372 2.00187397 0.45691469,-0.62812454 2.17008257 0.27194664,-0.47952372 2.29917836 0.05733793,-0.31578225 2.38267279 -0.17855664,-0.3718259 2.35941982 -0.11591087,-0.53091079 2.26197863 0.11229552,-0.67371011 2.12096596 0.31797647,-0.79704201 1.94331396 0.49211392,-0.89815861 1.73756373 0.6288088,-0.97480685 1.51329589 0.72436637,-1.02527881 1.280563 0.77746713,-1.04845011 1.04929841 0.78919291,-1.04999995 1.01551366 0.73010463,-1.03607416 1.20694423 0.77952725,-0.99460715 1.44044816 0.73847467,-0.92652267 1.66853094 0.65485013,-0.8333379 1.88105083 0.52924562,-0.71712905 2.06816101 0.36467257,-0.5804854 2.22089314 0.16643293,-0.42645156 2.33169556 -0.05814886,-0.25845957 2.39488721 -0.3001183,-0.2 2.40864491 -0.35728872,-0.31578225 2.37784839 -0.23419763,-0.47952372 2.29989314 0,-0.62812454 2.17630196 0.21661811,-0.75827372 2.01306915 0.40475142,-0.86707133 1.81816256 0.55769485,-0.95209324 1.60080254 0.67084002,-1.01144505 1.37091303 0.74190104,-1.04380441 1.1385361 0.77099943,-1.04845011 1.06603861 0.76642954,-1.02527881 1.2973907 0.74904883,-0.97480685 1.52925885 0.69002789,-0.89815861 1.75162208 0.58851373,-0.79704201 1.95439506 0.44607791,-0.67371011 2.12802482 0.2666761,-0.53091079 2.26406026 0.05646214,-0.3718259 2.35565996 -0.17653231,-0.25845957 2.38749504 -0.35415143,-0.42645156 2.32961106 -0.11444645,-0.5804854 2.22438121 0.110429,-0.71712905 2.07685542 0.3113634,-0.8333379 1.89429176 0.47969982,-0.92652267 1.68546164 0.60995346,-0.99460715 1.46006608 0.69888693,-1.03607416 1.2281611 0.74565238,-1.04380441 1.15505993 0.74601686,-1.01144505 1.38712144 0.71113569,-0.95209324 1.61570168 0.63411617,-0.86707133 1.83069229 0.51507694,-0.75827372 2.02216077 0.35656151,-0.62812454 2.18094039 0.16343889,-0.47952372 2.29917836 -0.05733793,-0.31578225 2.37081051 -0.29710111,-0.3718259 2.3508904 -0.2315425,-0.53091079 2.26476431 0,-0.67371011 2.13412356 0.2124199,-0.79704201 1.96532452 0.39515182,-0.89815861 1.76660514 0.54188037,-0.97480685 1.54735136 0.64844048,-1.02527881 1.31753755 0.71301568,-1.04845011 1.08713889 0.73619401,-1.04999995 1.05064404 0.67857784,-1.03607416 1.24430013 0.71839702,-0.99460715 1.47546744 0.66575629,-0.92652267 1.69909835 0.5708667,-0.8333379 1.90509331 0.43482509,-0.71712905 2.08376741 0.26112995,-0.5804854 2.22642851 0.05552366,-0.42645156 2.32589865 -0.174302,-0.25845957 2.3769505 -0.41912049,-0.2 2.3882122 -0.47504494,-0.31578225 2.36349273 -0.35059103,-0.47952372 2.29712296 -0.11285041,-0.62812454 2.18436575 0.10844244,-0.75827372 2.03066206 0.30443805,-0.86707133 1.8435787 0.46685755,-0.95209324 1.63209629 0.59064102,-1.01144505 1.40601301 0.67301345,-1.04380441 1.17536473 0.71359819,-1.04845011 1.10291684 0.71233922,-1.02527881 1.33311486 0.68344814,-0.97480685 1.56175292 0.61294287,-0.89815861 1.77877963 0.500471,-0.79704201 1.97420073 0.34810483,-0.67371011 2.13867211 0.16027133,-0.53091079 2.26406026 -0.05646214,-0.3718259 2.34393239 -0.29373282,-0.25845957 2.36724186 -0.47087365,-0.42645156 2.32118917 -0.22861719,-0.5804854 2.22712064 0,-0.71712905 2.08973932 0.20800212,-0.8333379 1.91574705 0.38518369,-0.92652267 1.71363223 0.52563167,-0.99460715 1.4929235 0.62563169,-1.03607416 1.26362264 0.68383837,-1.04380441 1.19081008 0.68751448,-1.01144505 1.42084432 0.64110935,-0.95209324 1.64530134 0.55279183,-0.86707133 1.85409105 0.42318419,-0.75827372 2.03742027 0.25532189,-0.62812454 2.18637609 0.05452482,-0.47952372 2.29346228 -0.17187123,-0.31578225 2.35305429 -0.41490695,-0.3718259 2.33669734 -0.34661633,-0.53091079 2.26203632 -0.11112671,-0.67371011 2.14203119 0.10634075,-0.79704201 1.9825002 0.29721761,-0.89815861 1.79130065 0.45361894,-0.97480685 1.57760012 0.57091939,-1.02527881 1.35127103 0.64681017,-1.04845011 1.12230492 0.68138403,-1.04999995 1.08316231 0.62536407,-1.03607416 1.27856255 0.65548074,-0.99460715 1.50681853 0.59138274,-0.92652267 1.72544158 0.48546398,-0.8333379 1.92439938 0.33932352,-0.71712905 2.09419346 0.15693811,-0.5804854 2.22642851 -0.05552366,-0.42645156 2.31431913 -0.29002181,-0.25845957 2.35310435 -0.53708071,-0.2 2.36202621 -0.59165674,-0.31578225 2.34344316 -0.46613982,-0.47952372 2.2888186 -0.22542895,-0.62812454 2.18705583 0,-0.75827372 2.04325938 0.20337573,-0.86707133 1.86445963 0.37487173,-0.95209324 1.65937495 0.5089891,-1.01144505 1.43765414 0.60247022,-1.04380441 1.20930195 0.65444148,-1.04845011 1.13705301 0.65647787,-1.02527881 1.36552477 0.61614823,-0.97480685 1.59036422 0.53433394,-0.89815861 1.80151486 0.41118401,-0.79704201 1.98909819 0.24926634,-0.67371011 2.14400244 0.05346809,-0.53091079 2.25843143 -0.16924605,-0.3718259 2.32637715 -0.41020307,-0.25845957 2.34128571 -0.58646154,-0.42645156 2.30717564 -0.34223717,-0.5804854 2.22443795 -0.10927963,-0.71712905 2.09748244 0.10412914,-0.8333379 1.93248951 0.28971997,-0.92652267 1.73758721 0.44001684,-0.99460715 1.52210832 0.5508374,-1.03607416 1.29597557 0.62034208,-1.04380441 1.22359955 0.62730289,-1.01144505 1.45103478 0.56948918,-0.95209324 1.67081046 0.47009316,-0.86707133 1.87288022 0.33023933,-0.75827372 2.04761434 0.15344748,-0.62812454 2.18637609 -0.05452482,-0.47952372 2.28204417 -0.28597724,-0.31578225 2.32944775 -0.53168124,-0.3718259 2.31687498 -0.4608551,-0.53091079 2.2538588 -0.22198571,-0.67371011 2.14466906 0,-0.79704201 1.99479878 0.19855221,-0.89815861 1.81158948 0.36424157,-0.97480685 1.60396802 0.49199378,-1.02527881 1.38168013 0.57901353,-1.04845011 1.15471005 0.62489784,-1.04999995 1.11298764 0.5705955,-1.03607416 1.30964613 0.59093487,-0.99460715 1.53442347 0.51553887,-0.92652267 1.74749517 0.39885435,-0.8333379 1.93892097 0.24297833,-0.71712905 2.09941292 0.05235609,-0.5804854 2.22089314 -0.16643293,-0.42645156 2.29698586 -0.40502056,-0.25845957 2.32340789 -0.65370566,-0.2 2.33014965 -0.7068432,-0.31578225 2.31774783 -0.58056563,-0.47952372 2.27500033 -0.33746442,-0.62812454 2.18442154 -0.10731374,-0.75827372 2.05083036 0.1018131,-0.86707133 1.88075387 0.28196374,-0.95209324 1.68257141 0.42608497,-1.01144505 1.46575856 0.53044486,-1.04380441 1.24026406 0.59367472,-1.04845011 1.16836226 0.59898436,-1.02527881 1.39453983 0.54731655,-0.97480685 1.61502171 0.45439664,-0.89815861 1.81977129 0.32087478,-0.79704201 1.9990505 0.14980812,-0.67371011 2.14400244 -0.05346809,-0.53091079 2.24718785 -0.28160918,-0.3718259 2.30303836 -0.52565348,-0.25845957 2.30968928 -0.70063657,-0.42645156 2.28760362 -0.45503265,-0.5804854 2.21639657 -0.21829601,-0.71712905 2.10006571 0,-0.8333379 1.9444778 0.19354351,-0.92652267 1.75726759 0.3533195,-0.99460715 1.54754877 0.47468799,-1.03607416 1.32514048 0.55531973,-1.04380441 1.25334692 0.56553167,-1.01144505 1.47761774 0.49645314,-0.95209324 1.69216573 0.38622579,-0.86707133 1.8870132 0.23647344,-0.75827372 2.05271769 0.05119158,-0.62812454 2.18094039 -0.16343889,-0.47952372 2.26495266 -0.39937228,-0.31578225 2.30005002 -0.64713371,-0.3718259 2.29147124 -0.57398367,-0.53091079 2.24025154 -0.33230993,-0.67371011 2.14208579 -0.10523393,-0.79704201 2.00219011 0.09939837,-0.89815861 1.82742155 0.27396813,-0.97480685 1.62638998 0.41185787,-1.02527881 1.40869033 0.50979245,-1.04845011 1.18427455 0.56687433,-1.04999995 1.140046 0.51440835,-1.03607416 1.33747387 0.52491981,-0.99460715 1.55821359 0.43841332,-0.92652267 1.76520407 0.3112531,-0.8333379 1.94862223 0.14602906,-0.71712905 2.09941292 -0.05235609,-0.5804854 2.20983648 -0.27692842,-0.42645156 2.27394176 -0.51901239,-0.25845957 2.28793526 -0.76870537,-0.2 2.29265976 -0.82032681,-0.31578225 2.28646898 -0.69359279,-0.47952372 2.2557013 -0.4486869,-0.62812454 2.17652464 -0.21436897,-0.75827372 2.05335593 0,-0.86707133 1.89242125 0.18836206,-0.95209324 1.70162868 0.34213266,-1.01144505 1.49025702 0.45711461,-1.04380441 1.26817513 0.53144753,-1.04845011 1.19676673 0.54000175,-1.02527881 1.42008781 0.47712412,-0.97480685 1.63566387 0.37332961,-0.89815861 1.83350348 0.2297678,-0.79704201 2.00403285 0.04997746,-0.67371011 2.13867211 -0.16027133,-0.53091079 2.23035741 -0.39327219,-0.3718259 2.27397394 -0.63979703,-0.25845957 2.27252841 -0.8131237,-0.42645156 2.26252079 -0.56673193,-0.5804854 2.20301557 -0.32678649,-0.71712905 2.09753609 -0.10304534,-0.8333379 1.95168269 0.09689093,-0.92652267 1.77262497 0.26575297,-0.99460715 1.56918204 0.39737085,-1.03607416 1.35104525 0.48893121,-1.04380441 1.27997839 0.5023545,-1.01144505 1.50052702 0.42218286,-0.95209324 1.70931399 0.30139816,-0.86707133 1.89645469 0.14211963,-0.75827372 2.05271769 -0.05119158,-0.62812454 2.17008257 -0.27194664,-0.47952372 2.24223018 -0.51177436,-0.31578225 2.26493382 -0.76097733,-0.3718259 2.26054692 -0.68572944,-0.53091079 2.22124743 -0.44183359,-0.67371011 2.13434196 -0.21021433,-0.79704201 2.00465584 0,-0.89815861 1.83875823 0.18302071,-0.97480685 1.64481091 0.33070874,-1.02527881 1.432235 0.4393172,-1.04845011 1.21092558 0.5074563,-1.04999995 1.16426992 0.45694226,-1.03607416 1.36197639 0.45759973,-0.99460715 1.57812965 0.36019781,-0.92652267 1.77852452 0.22287804,-0.8333379 1.95347893 0.04871672,-0.71712905 2.09419346 -0.15693811,-0.5804854 2.1932857 -0.38673544,-0.42645156 2.2452445 -0.63171387,-0.25845957 2.24677444 -0.88179398,-0.2 2.24964666 -0.93183416,-0.31578225 2.24968195 -0.80494905,-0.47952372 2.23096824 -0.55882847,-0.62812454 2.1633842 -0.32090774,-0.75827372 2.05088258 -0.1007534,-0.86707133 1.89943326 0.09429702,-0.95209324 1.71649992 0.25733867,-1.01144505 1.51108944 0.38265982,-1.04380441 1.29296637 0.46791297,-1.04845011 1.22219598 0.47967657,-1.02527881 1.44210517 0.40574548,-0.97480685 1.65223956 0.29133442,-0.89815861 1.84267724 0.13808957,-0.79704201 2.00403285 -0.04997746,-0.67371011 2.12802482 -0.2666761,-0.53091079 2.20798182 -0.50395745,-0.3718259 2.23925591 -0.75234997,-0.25845957 2.22989297 -0.92365193,-0.42645156 2.23198724 -0.67706591,-0.5804854 2.18432713 -0.4344897,-0.71712905 2.08995318 -0.20584244,-0.8333379 1.9540863 0,-0.92652267 1.78362167 0.1775327,-0.99460715 1.58695495 0.31907615,-1.03607416 1.37362647 0.4213399,-1.04380441 1.30342758 0.43792838,-1.01144505 1.51970589 0.34686294,-0.95209324 1.72221267 0.21582124,-0.86707133 1.90118134 0.0474125,-0.75827372 2.04761434 -0.15344748,-0.62812454 2.15382957 -0.37977827,-0.47952372 2.21393299 -0.62290418,-0.31578225 2.22418666 -0.87292898,-0.3718259 2.22417688 -0.79582322,-0.53091079 2.19689202 -0.55029285,-0.67371011 2.12145638 -0.31468832,-0.79704201 2.00224113 -0.0983638,-0.89815861 1.84557128 0.09162305,-0.97480685 1.65918553 0.24874607,-1.02527881 1.45225632 0.36776125,-1.04845011 1.23459768 0.44678986,-1.04999995 1.18559933 0.3983402,-1.03607416 1.38309276 0.38914198,-0.99460715 1.59412229 0.28108677,-0.92652267 1.78742325 0.13394885,-0.8333379 1.95347893 -0.04871672,-0.71712905 2.08376741 -0.26112995,-0.5804854 2.17128205 -0.49558097,-0.42645156 2.21096516 -0.74284476,-0.25845957 2.2000277 -0.99269027,-0.2 2.20121384 -1.04109669,-0.31578225 2.20747519 -0.91436613,-0.47952372 2.2008605 -0.66762376,-0.62812454 2.14503217 -0.42667344,-0.75827372 2.04346848 -0.20126408,-0.86707133 1.9017725 0,-0.95209324 1.72714841 0.17191163,-1.01144505 1.52820444 0.30726364,-1.04380441 1.31457686 0.4032273,-1.04845011 1.24458659 0.41815886,-1.02527881 1.46053731 0.33335811,-0.97480685 1.66470754 0.20861492,-0.89815861 1.84726989 0.04606804,-0.79704201 1.9990505 -0.14980812,-0.67371011 2.11208677 -0.3724179,-0.53091079 2.18011689 -0.61338979,-0.3718259 2.19897079 -0.86303246,-0.25845957 2.18188548 -1.031955,-0.42645156 2.19607663 -0.78576881,-0.5804854 2.16037679 -0.54114616,-0.71712905 2.0773356 -0.30814362,-0.8333379 1.95173252 -0.09588247,-0.92652267 1.79023051 0.08887567,-0.99460715 1.600824 0.23999648,-1.03607416 1.39282858 0.35271209,-1.04380441 1.32363629 0.37241349,-1.01144505 1.53510642 0.2706807,-0.95209324 1.7308296 0.12970774,-0.86707133 1.90118134 -0.0474125,-0.75827372 2.03742027 -0.25532189,-0.62812454 2.1322217 -0.48666573,-0.47952372 2.18013167 -0.73248529,-0.31578225 2.17791009 -0.98271042,-0.3718259 2.18244863 -0.90399981,-0.53091079 2.1672442 -0.65742636,-0.67371011 2.10345984 -0.41840419,-0.79704201 1.99500299 -0.19649065,-0.89815861 1.84784424 0,-0.97480685 1.66947842 0.16617146,-1.02527881 1.46870494 0.29530057,-1.04845011 1.25523257 0.38502431,-1.04999995 1.20398116 0.33874777,-1.03607416 1.40077066 0.31971675,-0.99460715 1.6061517 0.20127693,-0.92652267 1.7918781 0.04468665,-0.8333379 1.94862223 -0.14602906,-0.71712905 2.06816101 -0.36467257,-0.5804854 2.14388037 -0.60319442,-0.42645156 2.17118907 -0.85212886,-0.25845957 2.14781141 -1.10111856,-0.2 2.14747834 -1.14785111,-0.31578225 2.15995026 -1.02158046,-0.47952372 2.16545081 -0.77481067,-0.62812454 2.12151265 -0.53141123,-0.75827372 2.03113151 -0.30128989,-0.86707133 1.89948165 -0.09331555,-0.95209324 1.73354793 0.08606167,-1.01144505 1.54156005 0.23111159,-1.04380441 1.33295345 0.33754966,-1.04845011 1.26388299 0.35560152,-1.02527881 1.47533822 0.26014194,-0.97480685 1.67303669 0.12537678,-0.89815861 1.84726989 -0.04606804,-0.79704201 1.98909819 -0.24926634,-0.67371011 2.0908978 -0.47723377,-0.53091079 2.14683199 -0.7212972,-0.3718259 2.15321875 -0.9715693,-0.42645156 2.15487552 -0.89257866,-0.5804854 2.13122153 -0.64649904,-0.71712905 2.05971336 -0.40970248,-0.8333379 1.94467688 -0.19153395,-0.92652267 1.79243517 0,-0.99460715 1.61075485 0.16032641,-1.03607416 1.40860415 0.28321657,-1.04380441 1.34055412 0.30597273,-1.01144505 1.54669046 0.19382547,-0.95209324 1.73514342 0.04327178,-0.86707133 1.89645469 -0.14211963,-0.75827372 2.02216077 -0.35656151,-0.62812454 2.10531306 -0.59234321,-0.47952372 2.14091015 -0.84024537,-0.31578225 2.12621856 -1.09004867,-0.3718259 2.13546252 -1.00999856,-0.53091079 2.13237524 -0.76297611,-0.67371011 2.08039618 -0.52111208,-0.79704201 1.98295856 -0.29414412,-0.89815861 1.84561837 -0.09066942,-0.97480685 1.67566431 0.08318806,-1.02527881 1.48154056 0.22211343,-1.04845011 1.27277958 0.32231158,-1.04999995 1.21936965 0.27831319,-1.03607416 1.41496587 0.24949667,-0.99460715 1.61418796 0.12096667,-0.92652267 1.7918781 -0.04468665,-0.8333379 1.93892097 -0.24297833,-0.71712905 2.04741263 -0.46730858,-0.5804854 2.1111486 -0.70930821,-0.42645156 2.12601495 -0.95929444,-0.25845957 2.09025526 -1.2068094,-0.2 2.08856916 -1.25184023,-0.47952372 2.12482429 -0.88013101,-0.62812454 2.09288192 -0.6348688,-0.75827372 2.01390123 -0.40058988,-0.86707133 1.89261496 -0.1864063,-0.95209324 1.73568285 0,-1.01144505 1.55112326 0.15439098,-1.04380441 1.34805083 0.27104163,-1.04845011 1.28003716 0.29216012,-1.02527881 1.4864713 0.18627901,-0.97480685 1.67720652 0.04182692,-0.89815861 1.84267724 -0.13808957,-0.79704201 1.97420073 -0.34810483,-0.67371011 2.06451058 -0.58086318,-0.53091079 2.10820961 -0.82741129,-0.3718259 2.10211325 -1.0776906,-0.42645156 2.10848308 -0.99723828,-0.5804854 2.09693217 -0.75029439,-0.71712905 2.0371294 -0.51027435,-0.8333379 1.93293619 -0.286724,-0.92652267 1.79027617 -0.08795062,-0.99460715 1.61672318 0.08026193,-1.03607416 1.42091441 0.21302432,-1.04380441 1.35413921 0.23877127,-1.01144505 1.55442929 0.11648837,-0.95209324 1.73514342 -0.04327178,-0.86707133 1.8870132 -0.23647344,-0.75827372 2.00187397 -0.45691469,-0.62812454 2.07316995 -0.6965481,-0.47952372 2.09636617 -0.94591641,-0.31578225 2.06924105 -1.19467688,-0.53091079 2.09236932 -0.86668777,-0.67371011 2.05232048 -0.62256461,-0.79704201 1.96613705 -0.39108896,-0.89815861 1.83894634 -0.18112041,-0.97480685 1.67772794 0,-1.02527881 1.49073136 0.14837988,-1.04845011 1.28719544 0.25880593,-1.04999995 1.23172665 0.21718664,-1.03607416 1.42564332 0.17865629,-0.99460715 1.61821115 0.04035566,-0.92652267 1.78742325 -0.13394885,-0.8333379 1.92439938 -0.33932352,-0.71712905 2.02157402 -0.56878275,-0.5804854 2.07316828 -0.81365854,-0.42645156 2.07555532 -1.06407511,-0.25845957 2.0275023 -1.30949986,-0.2 2.0246284 -1.35281348,-0.47952372 2.07907891 -0.98333108,-0.62812454 2.05920959 -0.73679692,-0.75827372 1.9918195 -0.49892479,-0.86707133 1.88118863 -0.27904797,-0.95209324 1.73359215 -0.08516593,-1.01144505 1.55687058 0.07729056,-1.04380441 1.35983193 0.20386681,-1.04845011 1.29300892 0.22799236,-1.02527881 1.49390876 0.11195298,-0.97480685 1.67720652 -0.04182692,-0.89815861 1.83350348 -0.2297678,-0.79704201 1.95439506 -0.44607791,-0.67371011 2.03299046 -0.68304849,-0.53091079 2.06434584 -0.93146831,-0.3718259 2.04578185 -1.18113267,-0.5804854 2.0575912 -0.85228217,-0.71712905 2.00963759 -0.60961688,-0.8333379 1.91653907 -0.38122332,-0.92652267 1.78380418 -0.17568937,-0.99460715 1.61871421 0,-1.03607416 1.42972922 0.14230803,-1.04380441 1.36435771 0.17097619,-1.01144505 1.55830348 0.03886166,-0.95209324 1.7308296 -0.12970774,-0.86707133 1.87288022 -0.33023933,-0.75827372 1.97661018 -0.5561319,-0.62812454 2.03587294 -0.79902124,-0.47952372 2.04661012 -1.04923582,-0.31578225 2.00711918 -1.29633498,-0.53091079 2.04732275 -0.96831149,-0.67371011 2.01930046 -0.72251725,-0.79704201 1.94457889 -0.48709166,-0.89815861 1.82784402 -0.27113506,-0.97480685 1.6757071 -0.08232221,-1.02527881 1.49625504 0.07428131,-1.04845011 1.29844475 0.1946636,-1.04999995 1.24102139 0.15552016,-1.03607416 1.43277645 0.10737175,-0.99460715 1.61821115 -0.04035566,-0.92652267 1.77852452 -0.22287804,-0.8333379 1.90509331 -0.43482509,-0.71712905 1.99070966 -0.66884285,-0.5804854 2.03003359 -0.915986,-0.42645156 2.01993537 -1.16621029,-0.25845957 1.95970881 -1.40893471,-0.2 1.95581031 -1.45052779,-0.62812454 2.02057624 -0.83695006,-0.75827372 1.96493912 -0.59605777,-0.86707133 1.86523044 -0.3710174,-0.95209324 1.72732508 -0.17012668,-1.01144505 1.55878794 0,-1.04380441 1.36826777 0.13619047,-1.04845011 1.30276608 0.16325778,-1.02527881 1.49763203 0.03734861,-0.97480685 1.67303669 -0.12537678,-0.89815861 1.81977129 -0.32087478,-0.79704201 1.92973042 -0.54294193,-0.67371011 1.99641621 -0.7835356,-0.53091079 2.01534986 -1.03320956,-0.3718259 1.98436415 -1.28163826,-0.5804854 2.01329327 -0.9522168,-0.71712905 1.97730434 -0.7074908,-0.8333379 1.89552474 -0.47480422,-0.92652267 1.77303481 -0.26300487,-0.99460715 1.61676443 -0.07942654,-1.03607416 1.43502676 0.07124164,-1.04380441 1.37118411 0.10275605,-1.01144505 1.55830348 -0.03886166,-0.95209324 1.72221267 -0.21582124,-0.86707133 1.85409105 -0.42318419,-0.75827372 1.94643223 -0.65396649,-0.62812454 1.99351418 -0.89950788,-0.47952372 1.99176598 -1.14994657,-0.31578225 1.94000721 -1.39477015,-0.67371011 1.98141599 -0.82072937,-0.79704201 1.91833615 -0.58192092,-0.89815861 1.81233835 -0.36049652,-0.97480685 1.66964924 -0.1644461,-1.02527881 1.49809766 0,-1.04845011 1.30649972 0.13004239,-1.04999995 1.24723077 0.09346703,-1.03607416 1.43634748 0.03582027,-0.99460715 1.61418796 -0.12096667,-0.92652267 1.76520407 -0.3112531,-0.8333379 1.88105083 -0.52924562,-0.71712905 1.95489597 -0.76724011,-0.5804854 1.98185194 -1.01603615,-0.42645156 1.9592936 -1.26544607,-0.25845957 1.88704312 -1.50486672,-0.2 1.88228047 -1.54474759,-0.62812454 1.9770751 -0.93508685,-0.75827372 1.93332505 -0.69175476,-0.86707133 1.84477878 -0.46209303,-0.95209324 1.71689677 -0.25467756,-1.01144505 1.55691028 -0.0764861,-1.04380441 1.37333763 0.0681791,-1.04845011 1.30928445 0.0981173,-1.02527881 1.49763203 -0.03734861,-0.97480685 1.66470754 -0.20861492,-0.89815861 1.80151486 -0.41118401,-0.79704201 1.9002682 -0.63845617,-0.67371011 1.95487845 -0.88207477,-0.53091079 1.96134341 -1.13238215,-0.3718259 1.91801298 -1.37895751,-0.71712905 1.94020772 -0.80366033,-0.8333379 1.86994398 -0.56724131,-0.92652267 1.75799406 -0.34968677,-0.99460715 1.61091971 -0.15866174,-1.03607416 1.43679404 0,-1.04380441 1.3746016 0.03428042,-1.01144505 1.55442929 -0.11648837,-0.95209324 1.70931399 -0.30139816,-0.86707133 1.83069229 -0.51507694,-0.75827372 1.9114151 -0.75017518,-0.62812454 1.94619942 -0.99775821,-0.47952372 1.93196988 -1.24779844,-0.31578225 1.86807203 -1.48973775,-0.67371011 1.9387579 -0.91696423,-0.79704201 1.88747191 -0.67534822,-0.89815861 1.79246664 -0.44898951,-0.97480685 1.65956914 -0.24617383,-1.02527881 1.49629319 -0.07350817,-1.04845011 1.31134069 0.06510127,-1.04999995 1.25033927 0.03118152,-1.03607416 1.43634748 -0.03582027,-0.99460715 1.6061517 -0.20127693,-0.92652267 1.74749517 -0.39885435,-0.8333379 1.85233188 -0.62235039,-0.71712905 1.91422212 -0.86372989,-0.5804854 1.92874312 -1.11356032,-0.42645156 1.89378083 -1.36153567,-0.25845957 1.80968595 -1.59705734,-0.2 1.80421603 -1.63524604,-0.75827372 1.89705348 -0.78578532,-0.86707133 1.81988275 -0.55205542,-0.95209324 1.70233226 -0.33861494,-1.01144505 1.55128193 -0.15278794,-1.04380441 1.37502897 0,-1.04845011 1.31254756 0.03273289,-1.02527881 1.49390876 -0.11195298,-0.97480685 1.65223956 -0.29133442,-0.89815861 1.77877963 -0.500471,-0.79704201 1.8660816 -0.73238301,-0.67371011 1.90848064 -0.97842091,-0.53091079 1.90246069 -1.22873938,-0.3718259 1.84689343 -1.47284842,-0.71712905 1.8984369 -0.89789379,-0.8333379 1.83985829 -0.65831184,-0.92652267 1.73871815 -0.43552622,-0.99460715 1.60119414 -0.2375147,-1.03607416 1.43506336 -0.07050014,-1.04380441 1.3746016 -0.03428042,-1.01144505 1.54669046 -0.19382547,-0.95209324 1.69216573 -0.38622579,-0.86707133 1.80274212 -0.60568917,-0.75827372 1.87164593 -0.84451884,-0.62812454 1.89404595 -1.09352791,-0.47952372 1.86737072 -1.34254813,-0.31578225 1.79149258 -1.58100164,-0.79704201 1.85206056 -0.76714861,-0.89815861 1.76827669 -0.53640085,-0.97480685 1.64549088 -0.32730851,-1.02527881 1.49088395 -0.14683925,-1.04845011 1.31295574 0,-1.04999995 1.25033927 -0.03118152,-1.03607416 1.43277645 -0.10737175,-0.99460715 1.59412229 -0.28108677,-0.92652267 1.72544158 -0.48546398,-0.8333379 1.81900764 -0.7139079,-0.71712905 1.8687892 -0.9580723,-0.5804854 1.87083912 -1.20831597,-0.42645156 1.82355976 -1.45424032,-0.75827372 1.85621178 -0.87792277,-0.25845957 1.72782969 -1.68527746,-0.2 1.72180498 -1.72180498,-0.86707133 1.79060256 -0.64068782,-0.95209324 1.68366671 -0.42173654,-1.01144505 1.54191637 -0.22872169,-1.04380441 1.37337267 -0.06746948,-1.04845011 1.31254756 -0.03273289,-1.02527881 1.4864713 -0.18627901,-0.97480685 1.63566387 -0.37332961,-0.89815861 1.75162208 -0.58851373,-0.79704201 1.82725561 -0.82448912,-0.67371011 1.85733795 -1.07233453,-0.53091079 1.83884811 -1.32204175,-0.3718259 1.77118218 -1.56307757,-0.8333379 1.80534029 -0.74779642,-0.92652267 1.71525359 -0.52031648,-0.99460715 1.58761108 -0.31579548,-1.03607416 1.42987549 -0.14083044,-1.04380441 1.37118411 -0.10275605,-1.01144505 1.53510642 -0.2706807,-0.95209324 1.67081046 -0.47009316,-0.86707133 1.77031004 -0.69479549,-0.75827372 1.82722354 -0.93676287,-0.62812454 1.83718359 -1.18657899,-0.47952372 1.79812896 -1.43395996,-0.79704201 1.81218743 -0.85710084,-0.31578225 1.71045923 -1.66833484,-0.89815861 1.7398268 -0.62251997,-0.97480685 1.62744856 -0.40765464,-1.02527881 1.48188305 -0.21981658,-1.04845011 1.31137419 -0.06442368,-1.04999995 1.24723077 -0.09346703,-1.03607416 1.42564332 -0.17865629,-0.99460715 1.57812965 -0.36019781,-0.92652267 1.69909835 -0.5708667,-0.8333379 1.78116107 -0.80369049,-0.71712905 1.81871021 -1.05003285,-0.5804854 1.80828393 -1.30006766,-0.42645156 1.74880505 -1.5433296,-0.25845957 1.64167774 -1.76930773,-0.2 1.63524604 -1.80421603,-0.86707133 1.75700867 -0.72777683,-0.95209324 1.66094494 -0.50384218,-1.01144505 1.52883625 -0.30410445,-1.04380441 1.36840785 -0.13477641,-1.04845011 1.30928445 -0.0981173,-1.02527881 1.47533822 -0.26014194,-0.97480685 1.61502171 -0.45439664,-0.89815861 1.7201097 -0.67509329,-0.79704201 1.78388679 -0.91454542,-0.67371011 1.80157769 -1.16358221,-0.53091079 1.77066398 -1.4120574,-0.8333379 1.76647305 -0.83547956,-0.3718259 1.69106746 -1.64942062,-0.92652267 1.68765676 -0.60385323,-0.99460715 1.57020342 -0.39331546,-1.03607416 1.42124295 -0.21082146,-1.04380441 1.36435771 -0.17097619,-1.01144505 1.51970589 -0.34686294,-0.95209324 1.64530134 -0.55279183,-0.86707133 1.73347676 -0.78217447,-0.75827372 1.77825844 -1.02667797,-0.62812454 1.77575374 -1.27667999,-0.47952372 1.72441673 -1.52180672,-0.31578225 1.62517333 -1.75152028,-0.89815861 1.70718539 -0.70713937,-0.97480685 1.60548556 -0.48701873,-1.02527881 1.46931219 -0.29226437,-1.04845011 1.30663347 -0.12869217,-1.04999995 1.24102139 -0.15552016,-1.03607416 1.41496587 -0.24949667,-0.99460715 1.55821359 -0.43841332,-0.92652267 1.66853094 -0.65485013,-0.8333379 1.73888624 -0.89147496,-0.71712905 1.76410961 -1.13938272,-0.5804854 1.74123311 -1.388587,-0.86707133 1.7191819 -0.8131125,-0.42645156 1.66970253 -1.62858188,-0.25845957 1.55144429 -1.8489393,-0.2 1.54474759 -1.88228047,-0.95209324 1.63422191 -0.58473396,-1.01144505 1.51207304 -0.37875456,-1.04380441 1.3601464 -0.20175865,-1.04845011 1.30276608 -0.16325778,-1.02527881 1.46053731 -0.33335811,-0.97480685 1.59036422 -0.53433394,-0.89815861 1.68432081 -0.75999451,-0.79704201 1.73608291 -1.00232792,-0.67371011 1.74133837 -1.25193703,-0.53091079 1.69807768 -1.49856246,-0.3718259 1.60674846 -1.73166299,-0.92652267 1.65599418 -0.68593526,-0.99460715 1.5490129 -0.46988794,-1.03607416 1.40918648 -0.28030461,-1.04380441 1.35413921 -0.23877127,-1.01144505 1.50052702 -0.42218286,-0.95209324 1.61570168 -0.63411617,-0.86707133 1.6923337 -0.86760885,-0.75827372 1.72487223 -1.11404061,-0.62812454 1.70990908 -1.36360705,-0.89815861 1.67043138 -0.79005522,-0.47952372 1.64641726 -1.60587013,-0.31578225 1.53584707 -1.83035123,-0.97480685 1.57965481 -0.56520957,-1.02527881 1.45320153 -0.36400804,-1.04845011 1.29874492 -0.19265062,-1.04999995 1.23172665 -0.21718664,-1.03607416 1.40077066 -0.31971675,-0.99460715 1.53442347 -0.51553887,-0.92652267 1.63381517 -0.73720551,-0.8333379 1.6922884 -0.97704315,-0.71712905 1.70512307 -1.22590005,-0.5804854 1.66985321 -1.47365427,-0.42645156 1.58644879 -1.70978522,-0.95209324 1.60356188 -0.66421711,-0.25845957 1.45735371 -1.92397404,-0.2 1.45052779 -1.95581031,-1.01144505 1.49166703 -0.45249224,-1.04380441 1.34860814 -0.26825485,-1.04845011 1.29300892 -0.22799236,-1.02527881 1.44210517 -0.40574548,-0.97480685 1.56175292 -0.61294287,-0.89815861 1.64434445 -0.84300619,-0.79704201 1.68396294 -1.08761859,-0.67371011 1.67676985 -1.3371793,-0.92652267 1.62034225 -0.76636481,-0.53091079 1.6212697 -1.58134174,-0.3718259 1.51843488 -1.80960023,-0.99460715 1.52409077 -0.54532838,-1.03607416 1.39373517 -0.34911248,-1.04380441 1.34055412 -0.30597273,-1.01144505 1.47761774 -0.49645314,-0.95209324 1.58208513 -0.71386397,-0.86707133 1.64698327 -0.95088625,-0.75827372 1.6671977 -1.19863355,-0.62812454 1.63981342 -1.44714391,-0.47952372 1.56432462 -1.68594098,-0.97480685 1.55001855 -0.6420387,-0.31578225 1.44270241 -1.90463161,-1.02527881 1.43359005 -0.4348748,-1.04845011 1.28772759 -0.25614494,-1.04999995 1.21936965 -0.27831319,-1.03607416 1.38309276 -0.38914198,-0.99460715 1.50681853 -0.59138274,-0.92652267 1.59503758 -0.81772804,-0.8333379 1.64148319 -1.06018221,-0.71712905 1.64189744 -1.30936956,-0.95209324 1.56903875 -0.74210006,-0.5804854 1.59432185 -1.55505764,-0.42645156 1.49925101 -1.7867378,-0.25845957 1.35963988 -1.99422538,-0.2 1.35281348 -2.0246284,-1.01144505 1.46766746 -0.52513981,-1.04380441 1.33382106 -0.33410478,-1.04845011 1.28003716 -0.29216012,-1.02527881 1.42008781 -0.47712412,-0.97480685 1.52925885 -0.69002789,-0.89815861 1.60028005 -0.92392212,-0.79704201 1.62765634 -1.17020524,-0.67371011 1.60803258 -1.41909719,-0.53091079 1.5404309 -1.66018963,-0.99460715 1.49549699 -0.6194551,-0.3718259 1.42634618 -1.88303852,-1.03607416 1.37492621 -0.4170793,-1.04380441 1.32363629 -0.37241349,-1.01144505 1.45103478 -0.56948918,-0.95209324 1.54453528 -0.79183704,-0.86707133 1.59753823 -1.03179955,-0.75827372 1.60537827 -1.2802465,-0.97480685 1.51664817 -0.71732116,-0.62812454 1.56564081 -1.52708292,-0.47952372 1.47834289 -1.76182044,-0.31578225 1.34597099 -1.97417676,-1.02527881 1.41052496 -0.50469393,-1.04845011 1.27360809 -0.31902221,-1.04999995 1.20398116 -0.33874777,-1.03607416 1.36197639 -0.45759973,-0.99460715 1.47546744 -0.66575629,-0.92652267 1.55229437 -0.89621758,-0.8333379 1.58659697 -1.14068556,-0.71712905 1.57458973 -1.38958371,-0.5804854 1.51482677 -1.63259494,-1.01144505 1.44013226 -0.59652233,-0.42645156 1.40832579 -1.85924816,-0.25845957 1.25854576 -2.05951881,-0.2 1.25184023 -2.08856916,-1.04380441 1.31582069 -0.39914984,-1.04845011 1.26388299 -0.35560152,-1.02527881 1.39453983 -0.54731655,-0.97480685 1.49296284 -0.76539737,-0.89815861 1.55223703 -1.00254095,-0.79704201 1.56730306 -1.24988246,-0.99460715 1.46330035 -0.6920895,-0.67371011 1.53529751 -1.49748695,-0.53091079 1.45576239 -1.73491013,-0.3718259 1.33071148 -1.95179522,-1.03607416 1.3528049 -0.48404133,-1.04380441 1.30342758 -0.43792838,-1.01144505 1.42084432 -0.64110935,-0.95209324 1.50314546 -0.86784142,-0.86707133 1.54412138 -1.1101476,-0.75827372 1.53956771 -1.35867655,-0.62812454 1.48757577 -1.60322535,-1.02527881 1.38406181 -0.57329714,-0.47952372 1.3886857 -1.83331966,-0.31578225 1.24589324 -2.03881383,-1.04845011 1.25642025 -0.3811309,-1.04999995 1.18559933 -0.3983402,-1.03607416 1.33747387 -0.52491981,-0.99460715 1.44044816 -0.73847467,-0.92652267 1.50569201 -0.97247905,-0.8333379 1.52776623 -1.21835291,-1.01144505 1.40912759 -0.66646773,-0.71712905 1.50336742 -1.46634316,-0.5804854 1.43156552 -1.7060734,-0.42645156 1.31389928 -1.92713618,-1.04380441 1.29465044 -0.46323332,-0.25845957 1.15432274 -2.11969209,-0.2 1.14785111 -2.14747834,-1.04845011 1.24458659 -0.41815886,-1.02527881 1.36552477 -0.61614823,-0.97480685 1.45295501 -0.83886397,-0.89815861 1.50033498 -1.0786674,-0.79704201 1.50305331 -1.32645237,-0.67371011 1.45874548 -1.57215369,-1.03607416 1.32742465 -0.54983729,-0.53091079 1.36747468 -1.80531716,-0.3718259 1.23176837 -2.01569939,-1.04380441 1.27997839 -0.5023545,-1.01144505 1.38712144 -0.71113569,-0.95209324 1.45801866 -0.9416883,-0.86707133 1.48686564 -1.1857357,-1.02527881 1.35426426 -0.64051932,-0.75827372 1.46992946 -1.43372869,-0.62812454 1.40581238 -1.67538202,-0.47952372 1.29557598 -1.90026093,-1.04845011 1.23620558 -0.44232145,-1.04999995 1.16426992 -0.45694226,-0.31578225 1.14271796 -2.098382,-1.03607416 1.30964613 -0.59093487,-0.99460715 1.4018476 -0.80935711,-0.92652267 1.45534623 -1.0463227,-0.8333379 1.46513712 -1.29299116,-0.71712905 1.42840743 -1.53945708,-1.04380441 1.27036119 -0.52620083,-0.5804854 1.34474528 -1.77531028,-0.42645156 1.21620619 -1.99023306,-0.25845957 1.04722989 -2.17459536,-0.2 1.04109669 -2.20121384,-1.04845011 1.22219598 -0.47967657,-1.02527881 1.33311486 -0.68344814,-0.97480685 1.40933502 -0.91024506,-0.89815861 1.44470274 -1.15211201,-1.03607416 1.29884648 -0.6143086,-0.79704201 1.4350667 -1.3997246,-0.67371011 1.37856674 -1.64291191,-0.53091079 1.27578712 -1.87123609,-0.3718259 1.12976277 -2.07459235,-1.04380441 1.25334692 -0.56553167,-1.01144505 1.34994996 -0.77939397,-0.95209324 1.40926695 -1.01319396,-0.86707133 1.42591321 -1.25837588,-0.75827372 1.39663672 -1.50521648,-1.04845011 1.21301293 -0.50244641,-1.04999995 1.140046 -0.51440835,-0.62812454 1.32055402 -1.74337327,-0.47952372 1.19924533 -1.96247792,-0.31578225 1.0367018 -2.15273333,-1.03607416 1.27856255 -0.65548074,-0.99460715 1.35976195 -0.87822735,-0.92652267 1.40138233 -1.11756504,-1.04380441 1.24301147 -0.58790064,-0.8333379 1.39886558 -1.36441493,-0.71712905 1.34989619 -1.60874367,-0.5804854 1.25458181 -1.84013343,-0.42645156 1.11548936 -2.04838204,-0.25845957 0.9375335 -2.22409225,-0.2 0.93183416 -2.24964666,-1.04845011 1.19676673 -0.54000175,-1.02527881 1.2973907 -0.74904883,-0.97480685 1.36221111 -0.97936308,-0.89815861 1.38547885 -1.22269237,-0.79704201 1.36351228 -1.46951675,-0.67371011 1.29496074 -1.70958555,-0.53091079 1.18092775 -1.93250263,-0.3718259 1.02494848 -2.12832761,-1.04380441 1.22359955 -0.62730289,-1.01144505 1.30942225 -0.84571457,-0.95209324 1.35701156 -1.08218062,-1.04845011 1.18689787 -0.5613609,-1.04999995 1.11298764 -0.5705955,-0.86707133 1.36141586 -1.32788754,-0.75827372 1.31987178 -1.57296193,-0.62812454 1.23201239 -1.80703032,-0.47952372 1.09993303 -2.01981592,-0.31578225 0.92810816 -2.20173264,-1.03607416 1.24430013 -0.71839702,-0.99460715 1.31429565 -0.94491416,-0.92652267 1.34393418 -1.18602896,-0.8333379 1.32911623 -1.4324466,-0.71712905 1.26802886 -1.67403054,-0.5804854 1.16129911 -1.9003818,-0.42645156 1.01199937 -2.10143828,-0.25845957 0.82550627 -2.26805973,-0.2 0.82032681 -2.29265976,-1.04845011 1.16836226 -0.59898436,-1.02527881 1.25844085 -0.81278729,-0.97480685 1.31170058 -1.04604626,-0.89815861 1.32281041 -1.2902329,-0.79704201 1.28856802 -1.5356555,-0.67371011 1.20813513 -1.77200878,-0.53091079 1.08313251 -1.9889648,-0.3718259 0.91758609 -2.1767714,-1.04380441 1.19081008 -0.68751448,-1.01144505 1.26563919 -0.90993261,-0.95209324 1.30138242 -1.14847684,-0.86707133 1.2935338 -1.39409792,-0.75827372 1.23982537 -1.63679683,-0.62812454 1.14040792 -1.86619484,-0.47952372 0.99788624 -2.07213211,-0.31578225 0.81720716 -2.24525809,-1.03607416 1.20694423 -0.77952725,-0.99460715 1.2655617 -1.00925183,-0.92652267 1.28314495 -1.25154424,-0.8333379 1.25606251 -1.49691689,-0.71712905 1.18300915 -1.7351557,-0.5804854 1.06512928 -1.95590544,-0.42645156 0.90599328 -2.14927006,-0.25845957 0.71142662 -2.30638838,-0.2 0.7068432 -2.33014965,-1.04845011 1.13705301 -0.65647787,-1.04999995 1.08316231 -0.62536407,-1.02527881 1.21636248 -0.87450504,-0.97480685 1.25792897 -1.11012888,-0.89815861 1.25685322 -1.35456562,-0.79704201 1.21042013 -1.59797645,-0.67371011 1.11830604 -1.83002663,-0.53091079 0.98264438 -2.04048204,-0.3718259 0.80794233 -2.21980333,-1.04380441 1.15505993 -0.74601686,-1.01144505 1.21870947 -0.97188836,-0.95209324 1.24251783 -1.21191776,-0.86707133 1.22243583 -1.45684218,-0.75827372 1.15669656 -1.69656229,-0.62812454 1.04596817 -1.92071962,-0.47952372 0.89335853 -2.11929679,-0.31578225 0.70427442 -2.28320146,-1.03607416 1.16658771 -0.83871943,-0.99460715 1.21368146 -1.07108033,-0.92652267 1.21916556 -1.31394804,-0.8333379 1.17988586 -1.55766571,-0.71712905 1.09504819 -1.79196692,-0.5804854 0.96631145 -2.00656629,-0.42645156 0.7977348 -2.19175839,-0.25845957 0.59557831 -2.33898306,-0.2 0.59165674 -2.36202621,-1.04845011 1.10291684 -0.71233922,-1.04999995 1.01551366 -0.73010463,-1.04999995 1.05064404 -0.67857784,-1.02527881 1.17126 -0.93404865,-0.97480685 1.2010299 -1.17145145,-0.89815861 1.18777132 -1.4155308,-0.79704201 1.12926292 -1.65632439,-0.67371011 1.02569652 -1.88349473,-0.53091079 0.87971324 -2.08692646,-0.3718259 0.69628996 -2.25731659,-1.04380441 1.11643827 -0.80266446,-1.01144505 1.16874993 -1.03142786,-0.95209324 1.18056417 -1.27234554,-0.86707133 1.14829862 -1.51596463,-0.75827372 1.07069206 -1.75210989,-0.62812454 0.948928 -1.97046924,-0.47952372 0.78660983 -2.16119266,-0.31578225 0.58959073 -2.31546855,-1.03607416 1.12333083 -0.89582646,-0.99460715 1.15878379 -1.13024592,-0.92652267 1.15215516 -1.37308502,-0.8333379 1.10077596 -1.61454189,-0.71712905 1.00436473 -1.84432292,-0.5804854 0.86509115 -2.0522387,-0.42645156 0.68749303 -2.22879767,-0.25845957 0.47824925 -2.36576271,-0.2 0.47504494 -2.3882122,-1.04845011 1.06603861 -0.76642954,-1.02527881 1.12324548 -0.99127001,-0.97480685 1.14114487 -1.22986162,-0.89815861 1.11573648 -1.47297668,-0.79704201 1.04529822 -1.7105546,-0.67371011 0.93053705 -1.93228018,-0.53091079 0.77459502 -2.12818217,-0.3718259 0.58290642 -2.28921771,-1.04380441 1.07504094 -0.85731655,-1.01144505 1.11588454 -1.08840311,-0.95209324 1.11567545 -1.32961023,-0.86707133 1.07130659 -1.57131815,-0.75827372 0.98202562 -1.80330145,-0.62812454 0.84952861 -2.01532006,-0.47952372 0.67790544 -2.19771552,-0.31578225 0.47344124 -2.34197903,-1.03607416 1.07728112 -0.95070624,-0.99460715 1.10100532 -1.18660152,-0.92652267 1.08228028 -1.42880833,-0.8333379 1.01892936 -1.66740406,-0.71712905 0.91118431 -1.89209378,-0.5804854 0.76172012 -2.09280896,-0.42645156 0.57554203 -2.26029563,-0.25845957 0.35973123 -2.38666058,-0.2 0.35728872 -2.40864491,-1.04845011 1.02651012 -0.81861448,-1.04999995 0.9778586 -0.77981621,-1.02527881 1.07243848 -1.04602695,-0.97480685 1.07842278 -1.28521419,-0.89815861 1.04092765 -1.52676058,-0.79704201 0.95873469 -1.76053202,-0.67371011 0.83306414 -1.97626162,-0.53091079 0.66755098 -2.16414714,-0.3718259 0.46807376 -2.31542754,-1.04380441 1.03097093 -0.90983719,-1.01144505 1.06024504 -1.14267242,-0.95209324 1.04801297 -1.38356924,-0.86707133 0.99165112 -1.62276506,-0.75827372 0.89091778 -1.8500098,-0.62812454 0.74801713 -2.05516028,-0.47952372 0.56751567 -2.22877431,-0.31578225 0.35611472 -2.36266685,-1.03607416 1.02855325 -1.00322247,-0.99460715 1.04048944 -1.24000704,-0.92652267 1.00971472 -1.48097944,-0.8333379 0.93454951 -1.71612072,-0.71712905 0.81573856 -1.93516052,-0.5804854 0.65645534 -2.12817597,-0.42645156 0.46216011 -2.2861743,-0.25845957 0.24031882 -2.40162492,-0.2 0.23867173 -2.42327476,-1.04845011 0.98442948 -0.86876416,-1.04999995 0.89535475 -0.87330437,-1.04999995 0.93777239 -0.82758904,-1.02527881 1.01896524 -1.09818327,-0.97480685 1.01301956 -1.33737147,-0.89815861 0.96353102 -1.57674861,-0.79704201 0.86978757 -1.80613256,-0.67371011 0.73352003 -2.01532984,-0.53091079 0.55884731 -2.19473171,-0.3718259 0.35207739 -2.33588076,-1.04380441 0.98433769 -0.96009588,-1.01144505 1.00196958 -1.19410086,-0.95209324 0.977745 -1.43408847,-0.86707133 0.90953022 -1.67017758,-0.75827372 0.7975949 -1.89211869,-0.62812454 0.64464605 -2.0898912,-0.47952372 0.45571497 -2.25429201,-0.31578225 0.23790282 -2.37748051,-1.03607416 0.97726816 -1.05324459,-0.99460715 0.97738677 -1.29032969,-0.92652267 0.9346388 -1.52946866,-0.8333379 0.84784627 -1.76057088,-0.71712905 0.71826476 -1.97341621,-0.5804854 0.54955852 -2.158252,-0.42645156 0.34762922 -2.3063693,-0.25845957 0.12030897 -2.41061854,-1.04845011 0.93990147 -0.91675401,-1.02527881 0.96295863 -1.14760947,-0.97480685 0.9450978 -1.38620389,-0.89815861 0.88373882 -1.62281668,-0.79704201 0.77867812 -1.84724271,-0.67371011 0.63215232 -2.04938745,-0.53091079 0.44875431 -2.2198596,-0.3718259 0.23520568 -2.35052681,-1.04380441 0.93525726 -1.00796759,-1.01144505 0.941203 -1.24256051,-0.95209324 0.90504616 -1.48104239,-0.86707133 0.82514817 -1.7134378,-0.75827372 0.7022891 -1.92952347,-0.62812454 0.5396722 -2.11942625,-0.47952372 0.34278131 -2.27420521,-0.31578225 0.11909946 -2.38638377,-1.03607416 0.92355341 -1.10064805,-0.99460715 0.91185421 -1.33744442,-0.92652267 0.85723925 -1.57415521,-0.8333379 0.75903511 -1.80064404,-0.71712905 0.6190052 -2.0067656,-0.5804854 0.44129539 -2.18296242,-0.42645156 0.23223409 -2.32083011,-1.04845011 0.89303666 -0.96246463,-1.04999995 0.85071111 -0.91684854,-1.02527881 0.904558 -1.1941824,-0.97480685 0.87482643 -1.43158996,-0.89815861 0.80174953 -1.66485012,-0.79704201 0.68563271 -1.88376033,-0.67371011 0.52921295 -2.07835007,-0.53091079 0.3375456 -2.23946881,-0.3718259 0.11774921 -2.35932899,-1.04380441 0.88385159 -1.05333328,-1.01144505 0.87809652 -1.28793097,-0.95209324 0.83009726 -1.52431417,-0.86707133 0.73871458 -1.75243807,-0.75827372 0.60523731 -1.96213114,-0.62812454 0.43335667 -2.14369202,-0.47952372 0.22899541 -2.28846455,-1.03607416 0.86754256 -1.14531529,-0.99460715 0.84405458 -1.38123405,-0.92652267 0.77770847 -1.61492836,-0.8333379 0.66833687 -1.83624041,-0.71712905 0.51820672 -2.03512597,-0.5804854 0.33193511 -2.20224547,-0.42645156 0.11626156 -2.32952118,-1.04845011 0.84395164 -1.00578237,-1.04999995 0.75519514 -0.99699599,-1.04999995 0.80395252 -0.95811331,-1.02527881 0.84390849 -1.23778641,-0.97480685 0.80238008 -1.47341692,-0.89815861 0.717767 -1.70274448,-0.79704201 0.59088272 -1.9155947,-0.67371011 0.42495793 -2.10214567,-0.53091079 0.22549769 -2.25351024,-1.04380441 0.83024853 -1.0960803,-1.01144505 0.8128069 -1.33009946,-0.95209324 0.7530846 -1.56379628,-0.86707133 0.65044451 -1.7870816,-0.75827372 0.50668079 -1.98986065,-0.62812454 0.32596377 -2.16262817,-0.47952372 0.11464021 -2.29703426,-1.03607416 0.80937493 -1.18713498,-0.99460715 0.77415651 -1.42158973,-0.92652267 0.69624418 -1.65168643,-0.8333379 0.57597703 -1.86727166,-0.71712905 0.4161199 -2.05842662,-0.5804854 0.2217496 -2.21605372,-1.04845011 0.79276842 -1.04659963,-1.02527881 0.78116089 -1.27831316,-0.97480685 0.72793889 -1.51158071,-0.89815861 0.63199991 -1.73640561,-0.79704201 0.49466369 -1.94266653,-0.67371011 0.31964636 -2.1207149,-0.53091079 0.11288918 -2.26194906,-1.04380441 0.77458143 -1.13610232,-1.01144505 0.74549651 -1.36896122,-0.95209324 0.67419964 -1.59939051,-0.86707133 0.56055725 -1.81728208,-0.75827372 0.40686455 -2.0126431,-0.62812454 0.21776044 -2.17618799,-1.03607416 0.74919498 -1.22600329,-0.99460715 0.70233381 -1.4584111,-0.92652267 0.61304897 -1.68433809,-0.8333379 0.48218524 -1.89366066,-0.71712905 0.31299853 -2.07660961,-0.5804854 0.1110128 -2.22435212,-1.04845011 0.73961425 -1.08481491,-1.04999995 0.70456022 -1.03340006,-1.02527881 0.7164712 -1.31566167,-0.97480685 0.65168792 -1.54598641,-0.89815861 0.54466164 -1.76574969,-0.79704201 0.39721483 -1.9649086,-0.67371011 0.21354009 -2.13401175,-1.04380441 0.7169885 -1.17329967,-1.01144505 0.67633271 -1.40441942,-0.95209324 0.59363854 -1.63100839,-0.86707133 0.46927643 -1.84296453,-0.75827372 0.30603683 -2.03042173,-0.62812454 0.10901573 -2.18433714,-1.03607416 0.68715245 -1.26182353,-0.99460715 0.62876493 -1.49160659,-0.92652267 0.52832955 -1.71280229,-0.8333379 0.38719466 -1.91534162,-0.71712905 0.20909901 -2.08962989,-1.04845011 0.68462133 -1.12033308,-1.04999995 0.59816569 -1.09841633,-1.04999995 0.65217364 -1.06723487,-1.02527881 0.65000021 -1.34973943,-0.97480685 0.57381678 -1.57654858,-0.89815861 0.45596921 -1.79070389,-0.79704201 0.29877844 -1.98226559,-0.67371011 0.10690293 -2.14200306,-1.04380441 0.6576131 -1.20758009,-1.01144505 0.60548747 -1.43638599,-0.95209324 0.51160151 -1.65857136,-0.86707133 0.37682888 -1.86406505,-0.75827372 0.20444822 -2.04315233,-1.03607416 0.62340158 -1.29450667,-0.99460715 0.55363286 -1.52109385,-0.92652267 0.44229665 -1.73700821,-0.8333379 0.29124144 -1.93226075,-0.71712905 0.10467963 -2.09745502,-1.04845011 0.62792629 -1.15306604,-1.02527881 0.58191329 -1.38046134,-0.97480685 0.494519 -1.60319126,-0.89815861 0.3661432 -1.8112061,-0.79704201 0.19959927 -1.99469435,-1.04380441 0.59660274 -1.23885834,-1.01144505 0.53313684 -1.46478152,-0.95209324 0.4282926 -1.68201089,-0.86707133 0.28344446 -1.88053119,-0.75827372 0.10235135 -2.05080342,-1.03607416 0.55810082 -1.32397151,-0.99460715 0.47712439 -1.5467993,-0.92652267 0.35516411 -1.75689566,-0.8333379 0.19456416 -1.94437599,-1.04845011 0.56967014 -1.18293214,-1.04999995 0.54267055 -1.12686706,-1.02527881 0.51237959 -1.40775132,-0.97480685 0.41399181 -1.62584805,-0.89815861 0.2754069 -1.8272053,-0.79704201 0.09992385 -2.00216389,-1.04380441 0.53410912 -1.26705647,-1.01144505 0.45946079 -1.48953533,-0.95209324 0.34391886 -1.70126867,-0.86707133 0.18935539 -1.89232218,-1.03607416 0.49141249 -1.35014474,-0.99460715 0.39942971 -1.56865919,-0.92652267 0.26714861 -1.77241516,-0.8333379 0.09740316 -1.95165718,-1.04845011 0.50999767 -1.20985746,-1.04999995 0.42777419 -1.17529988,-1.04999995 0.48582631 -1.15251613,-1.02527881 0.44157204 -1.43154144,-0.97480685 0.33243534 -1.64446282,-0.89815861 0.18398587 -1.83866179,-1.04380441 0.47028762 -1.2921046,-1.01144505 0.38464245 -1.51058602,-0.95209324 0.25869012 -1.71629679,-0.86707133 0.09479553 -1.89940846,-1.03607416 0.42350248 -1.37296128,-0.99460715 0.32074198 -1.58661914,-0.92652267 0.17846891 -1.78352821,-1.04845011 0.44905728 -1.23377478,-1.02527881 0.3696667 -1.45177245,-0.97480685 0.25005239 -1.65898919,-0.89815861 0.09210743 -1.8455472,-1.04380441 0.40529692 -1.31394029,-1.01144505 0.30886781 -1.52788103,-0.95209324 0.17281821 -1.72705793,-1.03607416 0.35453954 -1.3923645,-0.99460715 0.24125683 -1.60063457,-0.92652267 0.08934552 -1.79020703,-1.04845011 0.38700047 -1.25462472,-1.04999995 0.30862641 -1.21205211,-1.04999995 0.36865857 -1.1951617,-1.02527881 0.29684228 -1.46839416,-0.97480685 0.16704777 -1.66939104,-1.04380441 0.33929858 -1.3325094,-1.01144505 0.23232529 -1.54137754,-0.95209324 0.08651665 -1.73352528,-1.03607416 0.28469521 -1.408306,-0.99460715 0.16117188 -1.61067045,-1.04845011 0.32398152 -1.27235556,-1.04999995 0.24782695 -1.22592926,-1.02527881 0.22327988 -1.4813652,-0.97480685 0.08362783 -1.67564249,-1.04380441 0.27245668 -1.34776556,-1.01144505 0.15520516 -1.55104196,-1.03607416 0.21414304 -1.42074621,-0.99460715 0.08068624 -1.61670208,-1.04845011 0.26015711 -1.28692305,-1.04999995 0.18641135 -1.23675847,-1.02527881 0.14916237 -1.49065328,-1.04380441 0.20493743 -1.359671,-1.01144505 0.07769916 -1.55685019,-1.03607416 0.14305849 -1.42965424,-1.04845011 0.19568589 -1.29829109,-1.02527881 0.074674 -1.49623549,-1.04380441 0.13690868 -1.36819613,-1.03607416 0.07161827 -1.43500805,-1.04845011 0.13072817 -1.30643129,-1.04999995 0.06234365 -1.24917328,-1.04999995 0.1245323 -1.24451292,-1.04380441 0.06853954 -1.37331975,-1.04845011 0.06544544 -1.31132352,-0.13866541 2.43349433 0,-0.07747857 2.42898083 0,1.04849434 1.24633455 0,1.04999995 1.18352699 0.05906738,1.04999995 1.18499994 0,1.04398096 1.30752146 0,1.03647065 1.36841309 0,1.04999995 1.17911148 0.1179879,1.04999995 1.18352699 -0.05906738,0.27835429 2.33984947 0,0.2601184 2.3080492 0.42711011,0.33444387 2.31498671 0,0.37411824 2.25703502 0.4176698,0.38924593 2.28740168 0,0.44262844 2.25716066 0,0.02745382 2.24463153 0.88862914,0.48401219 2.19399452 0.40600404,0.49446279 2.2243371 0,0.54462415 2.18900943 0,0.02745382 2.14443469 1.10879767,0.58787268 2.11945724 0.39221072,0.59299159 2.151263 0,0.6394487 2.11118889 0,0.68388349 2.0343442 0.37646034,0.68388349 2.06888342 0,0.7261889 2.02444863 0,0.02745382 2.02061749 1.32103646,0.76626307 1.97799158 0,0.77044147 1.93993628 0.35898992,0.80400944 1.92962408 0,0.2601184 2.08501172 1.07807255,0.37411824 2.03892708 1.05424416,0.2601184 2.18243194 0.86400491,0.37411824 2.13419414 0.84490806,0.02745382 1.87421882 1.52162266,0.83933699 1.87946284 0,0.84624439 1.83780968 0.34009117,0.87216073 1.82762837 0,0.48401219 2.07458496 0.82130927,0.58787268 2.00410438 0.79340661,0.48401219 1.98197865 1.02479851,0.91035503 1.72975039 0.32009453,0.90240157 1.77424598 0,0.9299866 1.71944392 0,0.68388349 1.92362368 0.76154506,0.37411824 1.92120183 1.25604069,0.2601184 1.96462548 1.28443015,0.02745382 1.70704889 1.70704889,0.58787268 1.91464424 0.9899826,0.96223539 1.61765373 0.29935077,0.97693008 1.60611236 0,0.99617541 1.54785585 0,0.95484942 1.66335428 0,0.77044147 1.83435392 0.72620398,0.48401219 1.86754155 1.22095871,0.68388349 1.83775616 0.95022702,0.37411824 1.78200614 1.44675791,0.2601184 1.82228363 1.47945809,0.02745382 1.52162266 1.87421882,0.84624439 1.7377857 0.6879735,0.58787268 1.80409479 1.17947865,0.77044147 1.75247121 0.90612972,0.48401219 1.73223364 1.40634918,1.04999995 1.17176449 0.17661509,1.02913165 1.38887346 0.25701439,1.04999995 1.16150439 0.23480318,1.02598155 1.42886293 0,1.01253903 1.48872519 0,0.91035503 1.6356076 0.64752209,0.68388349 1.73164618 1.13211322,0.2601184 1.65974605 1.65974605,0.37411824 1.62306106 1.62306106,0.02745382 1.32103646 2.02061749,0.84624439 1.66021359 0.85842717,0.58787268 1.67338383 1.35857069,0.77044147 1.65128553 1.07957518,0.48401219 1.57772803 1.57772803,0.91035503 1.56259656 0.80795348,0.68388349 1.60618424 1.30401337,0.37411824 1.44675791 1.78200614,0.2601184 1.47945809 1.82228363,0.02745382 1.10879767 2.14443469,0.84624439 1.56435478 1.02274168,0.58787268 1.52412724 1.52412724,0.96223539 1.46133232 0.75559396,0.96223539 1.52961183 0.60555935,0.77044147 1.53164601 1.24349797,0.48401219 1.40634918 1.73223364,1.04999995 1.09194934 0.46029523,1.02913165 1.31328309 0.51991677,1.04999995 1.06764805 0.51415223,1.04999995 1.11353576 0.40529388,0.91035503 1.47237408 0.96260667,0.68388349 1.4629215 1.4629215,0.37411824 1.25604069 1.92120183,0.2601184 1.28443015 1.96462548,0.02745382 0.88862914 2.24463153,0.84624439 1.45101357 1.1780349,0.58787268 1.35857069 1.67338383,0.96223539 1.3769567 0.9002248,0.77044147 1.39503169 1.39503169,0.48401219 1.22095871 1.86754155,1.04999995 1.04069257 0.56673098,1.02913165 1.25466013 0.64873242,1.04999995 1.01114964 0.61790073,0.91035503 1.36569703 1.10876894,0.68388349 1.30401337 1.60618424,0.2601184 1.07807255 2.08501172,0.37411824 1.05424416 2.03892708,0.84624439 1.32159114 1.32159114,0.58787268 1.17947865 1.80409479,0.96223539 1.27719295 1.03691506,0.77044147 1.24349797 1.53164601,0.48401219 1.02479851 1.98197865,1.04999995 0.97909296 0.66753429,1.02913165 1.18221748 0.77290851,1.04999995 0.94460201 0.71550822,0.91035503 1.24388444 1.24388444,0.68388349 1.13211322 1.73164618,0.37411824 0.84490806 2.13419414,0.2601184 0.86400491 2.18243194,0.84624439 1.1780349 1.45101357,0.58787268 0.9899826 1.91464424,0.96223539 1.16327441 1.16327441,0.77044147 1.07957518 1.65128553,0.48401219 0.82130927 2.07458496,1.04999995 0.90776265 0.76170331,1.02913165 1.09656298 0.89026701,1.04999995 0.86866647 0.8060047,0.91035503 1.10876894 1.36569703,0.68388349 0.95022702 1.83775616,0.84624439 1.02274168 1.56435478,0.58787268 0.79340661 2.00410438,0.96223539 1.03691506 1.27719295,0.77044147 0.90612972 1.75247121,1.02913165 0.99875569 0.99875569,1.04999995 0.82741064 0.84830225,1.04999995 0.78409773 0.88849074,0.91035503 0.96260667 1.47237408,0.68388349 0.76154506 1.92362368,0.02745382 0 2.41413164,0.84624439 0.85842717 1.66021359,0.96223539 0.9002248 1.3769567,0.77044147 0.72620398 1.83435392,0.48401219 0.40600404 2.19399452,1.02913165 0.89026701 1.09656298,1.04999995 0.73883539 0.92647028,1.04999995 0.69173628 0.96214652,0.91035503 0.80795348 1.56259656,0.84624439 0.6879735 1.7377857,0.58787268 0.39221072 2.11945724,0.96223539 0.75559396 1.46133232,1.02913165 0.77290851 1.18221748,1.04999995 0.64291734 0.99543071,1.04999995 0.59249997 1.02624011,0.91035503 0.64752209 1.6356076,0.68388349 0.37646034 2.0343442,0.96223539 0.60555935 1.52961183,0.77044147 0.35898992 1.93993628,0.48401219 0 2.23124433,0.37411824 0.4176698 2.25703502,0.37411824 0 2.29535508,1.02913165 0.64873242 1.25466013,1.04999995 0.54060966 1.05449808,1.04999995 0.48737523 1.08013439,0.84624439 0.34009117 1.83780968,0.58787268 0 2.15544152,1.02913165 0.51991677 1.31328309,1.04999995 0.43292913 1.1030854,1.04999995 0.37740669 1.12329388,0.91035503 0.32009453 1.72975039,0.68388349 0 2.06888342,0.77044147 0 1.97287261,0.37411824 -0.4176698 2.25703502,0.48401219 -0.40600404 2.19399452,0.02745382 -1.10879767 2.14443469,0.02745382 -0.88862914 2.24463153,0.84624439 0 1.86901224,0.58787268 -0.39221072 2.11945724,1.04999995 0.14734729 1.17580342,1.02913165 0.25701439 1.38887346,1.04999995 0.08855516 1.18168652,1.04999995 0.20577309 1.16699719,1.04999995 0.26368731 1.15528953,0.91035503 0 1.7591182,0.68388349 -0.37646034 2.0343442,0.02745382 -1.32103646 2.02061749,0.2601184 -0.86400491 2.18243194,0.2601184 -1.07807255 2.08501172,0.37411824 -0.84490806 2.13419414,0.96223539 0 1.64511836,0.96223539 0.29935077 1.61765373,0.77044147 -0.35898992 1.93993628,0.37411824 -1.05424416 2.03892708,0.48401219 -0.82130927 2.07458496,0.02745382 -1.52162266 1.87421882,0.84624439 -0.34009117 1.83780968,0.58787268 -0.79340661 2.00410438,0.48401219 -1.02479851 1.98197865,1.02913165 0 1.41245377,1.04999995 -0.02954287 1.18463171,1.04999995 -0.08855516 1.18168652,1.04999995 0.02954287 1.18463171,0.91035503 -0.32009453 1.72975039,0.68388349 -0.76154506 1.92362368,0.2601184 -1.28443015 1.96462548,0.37411824 -1.25604069 1.92120183,0.02745382 -1.70704889 1.70704889,0.58787268 -0.9899826 1.91464424,0.2601184 -1.47945809 1.82228363,0.96223539 -0.29935077 1.61765373,0.77044147 -0.72620398 1.83435392,0.48401219 -1.22095871 1.86754155,0.68388349 -0.95022702 1.83775616,0.37411824 -1.44675791 1.78200614,0.02745382 -1.87421882 1.52162266,0.84624439 -0.6879735 1.7377857,0.58787268 -1.17947865 1.80409479,0.2601184 -1.65974605 1.65974605,0.77044147 -0.90612972 1.75247121,0.48401219 -1.40634918 1.73223364,1.02913165 -0.25701439 1.38887346,1.04999995 -0.20577309 1.16699719,1.04999995 -0.26368731 1.15528953,1.04999995 -0.14734729 1.17580342,0.91035503 -0.64752209 1.6356076,0.68388349 -1.13211322 1.73164618,0.02745382 -2.02061749 1.32103646,0.84624439 -0.85842717 1.66021359,0.58787268 -1.35857069 1.67338383,0.77044147 -1.07957518 1.65128553,0.91035503 -0.80795348 1.56259656,0.68388349 -1.30401337 1.60618424,0.02745382 -2.14443469 1.10879767,0.84624439 -1.02274168 1.56435478,0.58787268 -1.52412724 1.52412724,0.2601184 -1.96462548 1.28443015,0.96223539 -0.75559396 1.46133232,0.96223539 -0.60555935 1.52961183,0.77044147 -1.24349797 1.53164601,1.04999995 -0.43292913 1.1030854,1.02913165 -0.51991677 1.31328309,1.04999995 -0.48737523 1.08013439,1.04999995 -0.37740669 1.12329388,0.91035503 -0.96260667 1.47237408,0.68388349 -1.4629215 1.4629215,0.02745382 -2.24463153 0.88862914,0.84624439 -1.1780349 1.45101357,0.58787268 -1.67338383 1.35857069,0.2601184 -2.08501172 1.07807255,0.96223539 -0.9002248 1.3769567,0.77044147 -1.39503169 1.39503169,0.48401219 -1.86754155 1.22095871,1.02913165 -0.64873242 1.25466013,1.04999995 -0.54060966 1.05449808,1.04999995 -0.59249997 1.02624011,0.91035503 -1.10876894 1.36569703,0.68388349 -1.60618424 1.30401337,0.37411824 -2.03892708 1.05424416,0.84624439 -1.32159114 1.32159114,0.58787268 -1.80409479 1.17947865,0.96223539 -1.03691506 1.27719295,0.77044147 -1.53164601 1.24349797,0.48401219 -1.98197865 1.02479851,1.02913165 -0.77290851 1.18221748,1.04999995 -0.64291734 0.99543071,1.04999995 -0.69173628 0.96214652,0.91035503 -1.24388444 1.24388444,0.68388349 -1.73164618 1.13211322,0.2601184 -2.18243194 0.86400491,0.37411824 -2.13419414 0.84490806,0.84624439 -1.45101357 1.1780349,0.58787268 -1.91464424 0.9899826,0.96223539 -1.16327441 1.16327441,0.77044147 -1.65128553 1.07957518,0.48401219 -2.07458496 0.82130927,1.02913165 -0.89026701 1.09656298,1.04999995 -0.73883539 0.92647028,1.04999995 -0.78409773 0.88849074,0.91035503 -1.36569703 1.10876894,0.68388349 -1.83775616 0.95022702,0.84624439 -1.56435478 1.02274168,0.58787268 -2.00410438 0.79340661,0.96223539 -1.27719295 1.03691506,0.77044147 -1.75247121 0.90612972,1.02913165 -0.99875569 0.99875569,1.04999995 -0.82741064 0.84830225,1.04999995 -0.86866647 0.8060047,0.91035503 -1.47237408 0.96260667,0.68388349 -1.92362368 0.76154506,0.02745382 -2.41413164 0,0.84624439 -1.66021359 0.85842717,0.96223539 -1.3769567 0.9002248,0.77044147 -1.83435392 0.72620398,0.48401219 -2.19399452 0.40600404,1.02913165 -1.09656298 0.89026701,1.04999995 -0.90776265 0.76170331,1.04999995 -0.94460201 0.71550822,0.91035503 -1.56259656 0.80795348,0.84624439 -1.7377857 0.6879735,0.58787268 -2.11945724 0.39221072,0.96223539 -1.46133232 0.75559396,1.02913165 -1.18221748 0.77290851,1.04999995 -0.97909296 0.66753429,1.04999995 -1.01114964 0.61790073,0.91035503 -1.6356076 0.64752209,0.68388349 -2.0343442 0.37646034,0.96223539 -1.52961183 0.60555935,0.77044147 -1.93993628 0.35898992,0.37411824 -2.25703502 0.4176698,0.48401219 -2.23124433 0,0.37411824 -2.29535508 0,1.02913165 -1.25466013 0.64873242,1.04999995 -1.04069257 0.56673098,1.04999995 -1.06764805 0.51415223,0.84624439 -1.83780968 0.34009117,0.58787268 -2.15544152 0,1.02913165 -1.31328309 0.51991677,1.04999995 -1.09194934 0.46029523,1.04999995 -1.11353576 0.40529388,0.91035503 -1.72975039 0.32009453,0.68388349 -2.06888342 0,0.02745382 -2.24463153 -0.88862914,0.77044147 -1.97287261 0,0.37411824 -2.25703502 -0.4176698,0.48401219 -2.19399452 -0.40600404,0.02745382 -2.14443469 -1.10879767,0.84624439 -1.86901224 0,0.58787268 -2.11945724 -0.39221072,1.04999995 -1.17176449 0.17661509,1.02913165 -1.38887346 0.25701439,1.04999995 -1.17911148 0.1179879,1.04999995 -1.16150439 0.23480318,0.91035503 -1.7591182 0,0.68388349 -2.0343442 -0.37646034,0.02745382 -2.02061749 -1.32103646,0.2601184 -2.18243194 -0.86400491,0.2601184 -2.08501172 -1.07807255,0.37411824 -2.13419414 -0.84490806,0.96223539 -1.64511836 0,0.96223539 -1.61765373 0.29935077,0.77044147 -1.93993628 -0.35898992,0.37411824 -2.03892708 -1.05424416,0.48401219 -2.07458496 -0.82130927,0.02745382 -1.87421882 -1.52162266,0.84624439 -1.83780968 -0.34009117,0.58787268 -2.00410438 -0.79340661,0.48401219 -1.98197865 -1.02479851,1.04999995 -1.18352699 -0.05906738,1.02913165 -1.41245377 0,1.04999995 -1.17911148 -0.1179879,1.04999995 -1.18499994 0,1.04999995 -1.18352699 0.05906738,0.91035503 -1.72975039 -0.32009453,0.68388349 -1.92362368 -0.76154506,0.02745382 -1.70704889 -1.70704889,0.58787268 -1.91464424 -0.9899826,0.96223539 -1.61765373 -0.29935077,0.77044147 -1.83435392 -0.72620398,0.68388349 -1.83775616 -0.95022702,0.02745382 -1.52162266 -1.87421882,0.84624439 -1.7377857 -0.6879735,0.58787268 -1.80409479 -1.17947865,0.2601184 -1.65974605 -1.65974605,0.77044147 -1.75247121 -0.90612972,1.02913165 -1.38887346 -0.25701439,1.04999995 -1.17176449 -0.17661509,1.04999995 -1.16150439 -0.23480318,0.91035503 -1.6356076 -0.64752209,0.68388349 -1.73164618 -1.13211322,0.37411824 -1.62306106 -1.62306106,0.02745382 -1.32103646 -2.02061749,0.84624439 -1.66021359 -0.85842717,0.58787268 -1.67338383 -1.35857069,0.77044147 -1.65128553 -1.07957518,0.48401219 -1.57772803 -1.57772803,0.91035503 -1.56259656 -0.80795348,0.68388349 -1.60618424 -1.30401337,0.37411824 -1.44675791 -1.78200614,0.2601184 -1.47945809 -1.82228363,0.02745382 -1.10879767 -2.14443469,0.84624439 -1.56435478 -1.02274168,0.58787268 -1.52412724 -1.52412724,0.96223539 -1.46133232 -0.75559396,0.96223539 -1.52961183 -0.60555935,0.77044147 -1.53164601 -1.24349797,0.48401219 -1.40634918 -1.73223364,1.04999995 -1.09194934 -0.46029523,1.02913165 -1.31328309 -0.51991677,1.04999995 -1.06764805 -0.51415223,1.04999995 -1.11353576 -0.40529388,0.91035503 -1.47237408 -0.96260667,0.68388349 -1.4629215 -1.4629215,0.37411824 -1.25604069 -1.92120183,0.2601184 -1.28443015 -1.96462548,0.02745382 -0.88862914 -2.24463153,0.84624439 -1.45101357 -1.1780349,0.58787268 -1.35857069 -1.67338383,0.96223539 -1.3769567 -0.9002248,0.77044147 -1.39503169 -1.39503169,0.48401219 -1.22095871 -1.86754155,1.04999995 -1.04069257 -0.56673098,1.02913165 -1.25466013 -0.64873242,1.04999995 -1.01114964 -0.61790073,0.91035503 -1.36569703 -1.10876894,0.68388349 -1.30401337 -1.60618424,0.37411824 -1.05424416 -2.03892708,0.2601184 -1.07807255 -2.08501172,0.84624439 -1.32159114 -1.32159114,0.58787268 -1.17947865 -1.80409479,0.96223539 -1.27719295 -1.03691506,0.77044147 -1.24349797 -1.53164601,0.48401219 -1.02479851 -1.98197865,1.02913165 -1.18221748 -0.77290851,1.04999995 -0.97909296 -0.66753429,1.04999995 -0.94460201 -0.71550822,0.91035503 -1.24388444 -1.24388444,0.68388349 -1.13211322 -1.73164618,0.37411824 -0.84490806 -2.13419414,0.2601184 -0.86400491 -2.18243194,0.84624439 -1.1780349 -1.45101357,0.58787268 -0.9899826 -1.91464424,0.96223539 -1.16327441 -1.16327441,0.77044147 -1.07957518 -1.65128553,0.48401219 -0.82130927 -2.07458496,1.02913165 -1.09656298 -0.89026701,1.04999995 -0.90776265 -0.76170331,1.04999995 -0.86866647 -0.8060047,0.91035503 -1.10876894 -1.36569703,0.68388349 -0.95022702 -1.83775616,0.84624439 -1.02274168 -1.56435478,0.58787268 -0.79340661 -2.00410438,0.96223539 -1.03691506 -1.27719295,0.77044147 -0.90612972 -1.75247121,1.02913165 -0.99875569 -0.99875569,1.04999995 -0.82741064 -0.84830225,1.04999995 -0.78409773 -0.88849074,0.91035503 -0.96260667 -1.47237408,0.68388349 -0.76154506 -1.92362368,0.84624439 -0.85842717 -1.66021359,0.96223539 -0.9002248 -1.3769567,0.77044147 -0.72620398 -1.83435392,1.02913165 -0.89026701 -1.09656298,1.04999995 -0.73883539 -0.92647028,1.04999995 -0.69173628 -0.96214652,0.91035503 -0.80795348 -1.56259656,0.84624439 -0.6879735 -1.7377857,0.58787268 -0.39221072 -2.11945724,0.48401219 -0.40600404 -2.19399452,0.96223539 -0.75559396 -1.46133232,1.02913165 -0.77290851 -1.18221748,1.04999995 -0.64291734 -0.99543071,1.04999995 -0.59249997 -1.02624011,0.91035503 -0.64752209 -1.6356076,0.68388349 -0.37646034 -2.0343442,0.96223539 -0.60555935 -1.52961183,0.77044147 -0.35898992 -1.93993628,0.48401219 0 -2.23124433,0.37411824 -0.4176698 -2.25703502,0.37411824 0 -2.29535508,1.02913165 -0.64873242 -1.25466013,1.04999995 -0.54060966 -1.05449808,1.04999995 -0.48737523 -1.08013439,0.84624439 -0.34009117 -1.83780968,0.58787268 0 -2.15544152,1.04999995 -0.43292913 -1.1030854,1.02913165 -0.51991677 -1.31328309,1.04999995 -0.37740669 -1.12329388,0.91035503 -0.32009453 -1.72975039,0.68388349 0 -2.06888342,0.77044147 0 -1.97287261,0.84624439 0 -1.86901224,1.04999995 -0.14734729 -1.17580342,1.02913165 -0.25701439 -1.38887346,1.04999995 -0.08855516 -1.18168652,1.04999995 -0.20577309 -1.16699719,1.04999995 -0.26368731 -1.15528953,0.91035503 0 -1.7591182,0.96223539 -0.29935077 -1.61765373,0.96223539 0 -1.64511836,1.02913165 0 -1.41245377,1.04999995 -0.02954287 -1.18463171,1.04999995 0.02954287 -1.18463171,-0.08768195 2.40590405 0.34095713,-0.01658691 2.42147064 0,0.09508463 2.38996387 0.21562107,0.02745382 2.37382865 0.43928277,0.22111231 2.36193013 0,0.16285585 2.38117552 0,0.10372522 2.39753914 0,0.0438629 2.41098166 0,-0.08768195 2.36038184 0.57725543,0.14394777 2.29461765 0.65673351,0.31750959 2.23317766 0.63914901,0.14394777 2.17259383 0.9881323,0.14394777 2.06177735 1.20234907,0.14394777 1.92802513 1.4068718,0.14394777 1.77274978 1.59810126,0.14394777 1.59810126 1.77274978,0.14394777 1.4068718 1.92802513,0.14394777 1.20234907 2.06177735,-0.08768195 0.78454614 2.29980731,0.14394777 0.9881323 2.17259383,-0.08768195 0.55797726 2.36501312,0.2601184 0.42711011 2.3080492,0.14394777 0.65673351 2.29461765,0.02745382 0.43928277 2.37382865,-0.08768195 0.32076263 2.40867949,0.31750959 0.63914901 2.23317766,-0.08768195 0.09958035 2.42790246,0.14394777 0.21445996 2.37709403,-0.08768195 -0.2995604 2.41140819,0.14394777 -0.21445996 2.37709403,0.02745382 -0.43928277 2.37382865,-0.08768195 -0.53898996 2.36941266,-0.08768195 -0.76560175 2.3061831,0.14394777 -0.65673351 2.29461765,0.2601184 -0.42711011 2.3080492,0.31750959 -0.63914901 2.23317766,0.14394777 -0.9881323 2.17259383,0.14394777 -1.20234907 2.06177735,0.14394777 -1.4068718 1.92802513,0.14394777 -1.59810126 1.77274978,0.13205169 -2.05690765 1.21723497,-0.08768195 -2.3061831 0.76560175,0.14394777 -2.17259383 0.9881323,-0.08768195 -2.36941266 0.53898996,0.2601184 -2.3080492 0.42711011,0.14394777 -2.29461765 0.65673351,0.02745382 -2.37382865 0.43928277,-0.08768195 -2.41140819 0.2995604,0.31750959 -2.23317766 0.63914901,0.14394777 -2.37709403 0.21445996,-0.08768195 -2.42790246 -0.09958035,-0.08768195 -2.40867949 -0.32076263,0.14394777 -2.37709403 -0.21445996,0.02745382 -2.37382865 -0.43928277,-0.08768195 -2.36501312 -0.55797726,-0.08768195 -2.29980731 -0.78454614,0.14394777 -2.29461765 -0.65673351,0.2601184 -2.3080492 -0.42711011,0.31750959 -2.23317766 -0.63914901,0.14394777 -2.17259383 -0.9881323,0.1336489 -1.77296376 -1.6021924,0.13738056 -1.76803625 -1.60608232,0.14394777 -1.59810126 -1.77274978,0.14394777 -1.4068718 -1.92802513,0.14394777 -1.20234907 -2.06177735,0.14394777 -0.9881323 -2.17259383,-0.08768195 -0.57725543 -2.36038184,0.2601184 -0.42711011 -2.3080492,0.14394777 -0.65673351 -2.29461765,0.02745382 -0.43928277 -2.37382865,-0.08768195 -0.34095713 -2.40590405,0.31750959 -0.63914901 -2.23317766,-0.08768195 -0.11928026 -2.42701435,0.14394777 -0.21445996 -2.37709403,0.02745382 0 -2.41413164,-0.08768195 0.11810366 -2.42707181,-0.08768195 0.17631359 -2.42353868,-0.08768195 0.23399924 -2.41865063,0.02745382 0.23247658 -2.40291214,0.02745382 0.28929228 -2.39673567,0.02745382 0.34563944 -2.38926029,0.14394777 0.22622906 -2.37600279,0.2601184 0 -2.34723544,0.08563145 0.34389225 -2.37718272,-0.01115274 0.5023858 -2.36794567,0.08563145 0.3995142 -2.36846972,0.22154216 0.25992078 -2.34742999,0.14394777 0.39698935 -2.35350132,0.02745382 0.57575208 -2.3444705,0.14394777 0.45184693 -2.34358788,0.29845414 0.29190186 -2.31297088,0.20218588 0.44839811 -2.32569981,0.06621313 0.64767599 -2.31752181,0.20218588 0.50245118 -2.31462383,0.20218588 0.55614161 -2.30231357,0.37411824 0.35633326 -2.26752758,0.2601184 0.5511412 -2.28161287,0.97677618 0.16722378 -1.59781539,0.94631737 0.22690094 -1.66809285,1.02913165 0.1212708 -1.40723813,1.04999995 0.08855516 -1.18168652,1.00174868 0.24048015 -1.50991738,1.01692843 0.1966584 -1.45742321,0.91035503 0.26386854 -1.73921549,0.96223539 0.37323561 -1.60222018,1.02913165 0.1552643 -1.40389419,1.04999995 0.14734729 -1.17580342,0.98353136 0.32351154 -1.55386591,1.00174868 0.27619064 -1.50379515,1.01692843 0.23130788 -1.45232689,1.02913165 0.18887867 -1.39976811,1.04999995 0.20577309 -1.16699719,0.98353136 0.36009219 -1.54579842,0.96223539 0.41093919 -1.59296691,1.00174868 0.31164101 -1.49685037,1.02913165 0.32007918 -1.37570894,1.04999995 0.26368731 -1.15528953,1.02913165 0.36412421 -1.36471224,1.02132332 0.41895628 -1.38942266,1.01220262 0.47579575 -1.41205978,-0.00594872 2.36715651 -0.50221837,-0.05020894 2.41471791 -0.23361877,0.03123736 2.34378457 -0.57558364,0.17747813 2.32254982 -0.50417167,0.04973854 2.32086849 -0.64861131,0.08663684 2.29142761 -0.71936333,0.09350551 2.36662078 -0.39920232,0.03664353 2.38754225 -0.34539086,0.00791325 2.40016651 -0.28970641,-0.07962723 2.42278767 -0.17625895,0.23270403 2.29180241 -0.55360258,0.14964852 2.3419714 -0.45153525,0.06517021 2.38175702 -0.34455395,-0.02103326 2.41086531 -0.23324603,0.20516017 2.31363201 -0.50223589,0.1216612 2.3595717 -0.39801329,0.03664353 2.39501214 -0.28908423,-0.05020894 2.4195981 -0.17602691,0.17747813 2.3336637 -0.44993353,0.09350551 2.37532711 -0.34362379,0.00791325 2.4063518 -0.23280938,-0.07962723 2.42631984 -0.11806706,0.23270403 2.30405641 -0.50015724,0.2601184 2.28161287 -0.5511412,0.14964852 2.35187817 -0.39671552,0.13644482 2.37811542 -0.22643021,0.17440444 2.3669064 -0.22536296,0.21198353 2.35079002 -0.2602928,0.24917051 2.33722639 -0.25879097,0.28595304 2.3182838 -0.29257238,0.32231772 2.29770017 -0.3255097,0.35824996 2.28064489 -0.32309353,0.39373377 2.25728917 -0.35472435,0.96223539 1.59768367 -0.39220083,0.97271788 1.57972836 -0.3484602,0.97271788 1.5710597 -0.38566518,0.89999098 1.75649929 -0.28036413,0.98251647 1.55283117 -0.34252715,0.93564266 1.6899128 -0.24316403,0.91841716 1.72547865 -0.24828166,0.99164182 1.52579892 -0.3365643,1.01669192 1.40194094 -0.44752255,1.02479815 1.38011718 -0.39211109,0.99164182 1.53333354 -0.30037659,0.95167255 1.65739274 -0.21244635,1.00010252 1.50602305 -0.29502651,1.02842557 1.37407684 -0.34298846,1.00010252 1.51259792 -0.2592169,0.96651012 1.62393403 -0.18262422,1.00790477 1.48501277 -0.2544896,0.9801566 1.58697999 -0.17846845,1.01505327 1.45726168 -0.24973382,1.03484583 1.34807456 -0.29064995,1.04999995 1.16150439 -0.23480318,1.04999995 1.17176449 -0.17661509,1.04999995 1.14835656 -0.29240751,1.01505327 1.46279526 -0.21496151,0.99261111 1.55216479 -0.15008907,1.02155018 1.43476105 -0.21084182,1.02155018 1.43939483 -0.17645434,1.02739561 1.41108012 -0.17298326,1.03258753 1.38256335 -0.1694874,1.03258753 1.38624072 -0.13617657,1.03712201 1.35743284 -0.13334665,1.04099262 1.32839692 -0.13049433,1.04999995 1.17911148 -0.1179879,1.04099262 1.33116674 -0.09829648,0.96223539 1.60159302 0.37591803,1.00174868 1.46992874 0.42070255,0.96223539 1.55763936 0.5293147,1.04999995 1.14835656 0.29240751,1.0384382 1.30768692 0.35347995,1.04999995 1.13235378 0.34928489,1.0384382 1.29845452 0.38601696,0.2601184 0.31850901 2.32552481,0.2601184 0.10464033 2.3449018,0.2601184 0 2.34723544,0.2601184 -0.10464033 2.3449018,0.2601184 -0.31850901 2.32552481,0.96223539 0.5293147 1.55763936,1.00174868 0.42070255 1.46992874,0.96223539 0.37591803 1.60159302,1.0384382 0.37003002 1.30310059,1.04999995 0.32094595 1.14070976,0.96223539 -0.37591803 1.60159302,1.00174868 -0.42070255 1.46992874,0.96223539 -0.5293147 1.55763936,1.0384382 -0.37003532 1.30309904,1.04999995 -0.32094595 1.14070976,0.2601184 -2.32552481 0.31850901,0.2601184 -2.3449018 0.10464033,0.2601184 -2.34723544 0,0.2601184 -2.3449018 -0.10464033,0.2601184 -2.32552481 -0.31850901,0.96223539 -1.55763936 0.5293147,1.00174868 -1.46992874 0.42070255,0.96223539 -1.60159302 0.37591803,1.0384382 -1.29843247 0.38609129,1.04999995 -1.13235378 0.34928489,1.0384382 -1.30775547 0.35322627,1.04999995 -1.14835656 0.29240751,0.96223539 -1.60159302 -0.37591803,1.00174868 -1.46992874 -0.42070255,0.96223539 -1.55763936 -0.5293147,1.04999995 -1.14835656 -0.29240751,1.0384382 -1.30775547 -0.35322627,1.04999995 -1.13235378 -0.34928489,1.0384382 -1.29843247 -0.38609129,0.2601184 -0.31850901 -2.32552481,0.2601184 -0.10464033 -2.3449018,-0.06865195 0.71605241 -2.32009506,0.06621313 0.72075051 -2.29584646,-0.06865195 0.77267635 -2.30185652,0.96223539 -0.5293147 -1.55763936,1.00174868 -0.42070255 -1.46992874,-0.06865195 0.82854187 -2.28234315,-0.06865195 0.88367528 -2.26156807,0.48401219 0.17122039 -2.22466516,-0.06865195 0.93810147 -2.23953962,0.53681397 0.16842028 -2.18828344,0.96223539 -0.37591803 -1.60159302,0.09210806 1.01561809 -2.17494655,1.0384382 -0.37003532 -1.30309904,1.04999995 -0.32094595 -1.14070976,0.53681397 0.52630204 -2.13071728,0.68388349 0.33142695 -2.04216433,0.41130209 1.12678075 -1.97673249,0.33647811 0.84864432 -2.15278935,0.24085592 0.93871373 -2.15947318,0.80975503 0.14253038 -1.91652131,0.84624439 0.13861437 -1.86386502,0.68388349 0.67152542 -1.95686805,0.55403847 0.89673334 -1.98917365,0.68388349 1.00486922 -1.80845702,0.80975503 0.4557693 -1.86698771,0.55403847 1.0701791 -1.90148866,0.55403847 1.09344435 -1.88820601,0.68388349 1.0489738 -1.78323662,0.55403847 1.13967276 -1.86066878,0.68388349 1.09309018 -1.75654006,0.41130209 1.22292924 -1.91873658,0.55403847 1.16280389 -1.84630156,0.55403847 1.18538344 -1.83188665,0.68388349 1.13589084 -1.72917056,0.41130209 1.31611228 -1.85605896,0.55403847 1.23020768 -1.80209088,0.68388349 1.178653 -1.70031059,0.55403847 1.25260472 -1.78659558,0.79695839 0.82075936 -1.75676525,0.55403847 1.27444315 -1.77108359,0.68388349 1.22004414 -1.67085946,0.55403847 1.3177489 -1.73910332,0.68388349 1.26133621 -1.63991153,0.41130209 1.40609396 -1.78885603,0.55403847 1.33935201 -1.72252095,0.55403847 1.36039567 -1.70595014,0.68388349 1.30121577 -1.6084516,0.41130209 1.49264789 -1.71729684,0.55403847 1.40207303 -1.67186534,0.68388349 1.34092724 -1.57549763,0.79695839 0.97414523 -1.67657721,0.55403847 1.42282498 -1.65424037,0.79695839 0.99469304 -1.66446865,0.89032555 0.93213999 -1.53551817,0.55403847 1.44302225 -1.63665175,0.68388349 1.37919712 -1.54210711,0.79695839 1.01536047 -1.65194225,0.79695839 1.03554046 -1.63936758,0.89032555 1.00715852 -1.48739123,0.41130209 1.57555926 -1.64155996,0.55403847 1.4829669 -1.60054731,0.68388349 1.41722572 -1.50723255,0.55403847 1.50281501 -1.58192587,0.79695839 1.07591736 -1.61315584,0.55403847 1.52211642 -1.56336296,0.68388349 1.45379198 -1.47199452,0.79695839 1.09594834 -1.59961474,0.79695839 1.11548483 -1.58605289,0.89032555 1.0797112 -1.43559217,0.55403847 1.56023073 -1.52532697,0.68388349 1.49004626 -1.43528426,0.41130209 1.65462732 -1.56183052,-0.05861503 2.23852372 -0.93767589,0.55403847 1.57912803 -1.50575459,0.79695839 1.15451562 -1.55787146,0.55403847 1.59748662 -1.48626339,0.68388349 1.52481937 -1.39828634,0.79695839 1.17385554 -1.54335129,-0.05861503 2.26054215 -0.88327438,0.79695839 1.19269991 -1.52883518,0.89032555 1.14960659 -1.38025582,0.55403847 1.63367784 -1.44638824,0.68388349 1.55921316 -1.35982835,0.41130209 1.72966146 -1.47830224,0.55403847 1.65157998 -1.42591226,-0.05861503 2.2813077 -0.82816601,1.04307997 0.39980403 -1.25416458,1.04999995 0.32094595 -1.14070976,1.04999995 0.37740669 -1.12329388,0.79695839 1.23028243 -1.49875784,0.55403847 1.6689508 -1.40554106,0.68388349 1.59210813 -1.32116258,0.79695839 1.24887943 -1.48329711,-0.05861503 2.30081224 -0.77232581,1.04307997 0.43066996 -1.2439034,1.04999995 0.43292913 -1.1030854,-0.07674255 2.31467414 -0.7361241,1.04091287 0.45729712 -1.25471413,0.79695839 1.26698458 -1.46786249,0.89032555 1.21666372 -1.32152593,0.55403847 1.70313084 -1.36392367,0.68388349 1.62455916 -1.28104901,0.41130209 1.80048037 -1.39117825,0.55403847 1.71999586 -1.34259331,-0.07674255 2.33194852 -0.67941982,1.04091287 0.48812521 -1.24304545,0.79695839 1.30302227 -1.43596756,0.55403847 1.73633659 -1.3213923,0.68388349 1.65549564 -1.24081147,0.79695839 1.3208282 -1.41960657,1.04091287 0.51856524 -1.2306577,1.04999995 0.48737523 -1.08013439,0.79695839 1.33814907 -1.40329158,0.89032555 1.28071535 -1.25955129,0.55403847 1.76842201 -1.27813375,0.68388349 1.68592572 -1.19913852,0.41130209 1.86691284 -1.30067015,0.55403847 1.78420985 -1.25600064,1.04091287 0.54863 -1.21755219,1.04999995 0.54060966 -1.05449808,0.79695839 1.37255299 -1.36966002,0.55403847 1.79948092 -1.23402226,0.68388349 1.71482837 -1.15742922,0.79695839 1.38952494 -1.35243869,0.79695839 1.4060185 -1.33528352,0.89032555 1.34160638 -1.19448471,0.41130209 1.92879784 -1.20699835,0.55403847 1.82939315 -1.18922806,0.68388349 1.74316394 -1.11429727,0.55403847 1.84406626 -1.1663456,0.79695839 1.4387058 -1.29999828,0.55403847 1.85823047 -1.14364421,0.68388349 1.76996243 -1.0712198,0.79695839 1.45480347 -1.28195834,0.79695839 1.47042871 -1.26400542,0.89032555 1.39918947 -1.12648559,0.41130209 1.98598671 -1.11038864,0.55403847 1.88589692 -1.09742212,0.68388349 1.79613614 -1.0267297,0.55403847 1.89942133 -1.07384408,0.79695839 1.50132132 -1.22715306,0.55403847 1.91244423 -1.05047584,0.68388349 1.8207655 -0.98239088,0.79695839 1.51650584 -1.20833778,0.79695839 1.53122401 -1.18963146,0.89032555 1.45332539 -1.05572093,0.79695839 1.56024778 -1.15130234,0.79695839 1.57448268 -1.13175714,0.79695839 1.58825731 -1.11234379,0.89032555 1.50388217 -0.9823643,0.55403847 1.99641454 -0.88049507,0.68388349 1.96217203 -0.65586555,0.79695839 1.61534226 -1.07263196,0.79695839 1.62859309 -1.05240428,0.79695839 1.64138997 -1.03233194,0.89032555 1.55073786 -0.9065944,0.79695839 1.66647148 -0.99133396,0.79695839 1.67870653 -0.97047126,0.79695839 1.69049406 -0.94978952,0.79695839 1.76666927 -0.79921818,0.49611098 2.21667814 -0.17060567,0.52120727 2.19945574 -0.16928016,0.54589659 2.18161249 -0.16790687,0.54589659 2.12625623 -0.51639158,0.68388349 2.0434134 -0.32363632,0.80306447 1.87578881 -0.45801499,0.80306447 1.92502809 -0.15042767,1.04999995 1.06764805 -0.51415223,1.04197836 1.2201401 -0.52014911,1.04999995 1.09194934 -0.46029523,0.8209604 1.90041375 -0.14850423,0.83823383 1.87539375 -0.14654909,1.04197836 1.23254585 -0.49002841,1.04999995 1.11353576 -0.40529388,1.04197836 1.24424911 -0.45950115,1.04197836 1.25524545 -0.42855102,1.04390824 1.24477375 -0.40258664,1.04999995 1.13235378 -0.34928489,1.04390824 1.25437593 -0.37158912,0.20218588 0.78921318 -2.2331779,-0.04954939 1.15807402 -2.13164663,0.10506529 1.1586647 -2.09858918,0.37411824 0.59051925 -2.21809411,0.48401219 0.62414831 -2.14216948,-0.04954939 1.21000171 -2.10260534,0.10506529 1.20982885 -2.06951547,-0.04954939 1.23575807 -2.08757162,-0.04954939 1.2614156 -2.07216883,0.10506529 1.26051831 -2.03903747,-0.04954939 1.3118608 -2.04060626,0.10506529 1.31018901 -2.00748229,-0.04954939 1.33683932 -2.02433038,-0.04954939 1.36171329 -2.0076828,0.10506529 1.35932541 -1.97454166,-0.04954939 1.41055346 -1.97367477,0.10506529 1.40738201 -1.94058144,-0.04954939 1.43469441 -1.95619655,-0.04954939 1.45872259 -1.93834496,0.10506529 1.45484185 -1.90525997,-0.04954939 1.50583899 -1.90197313,0.10506529 1.50116765 -1.86897731,-0.04954939 1.52908444 -1.88333571,0.58787268 0.65132391 -2.05467892,0.44795737 0.87660205 -2.07650018,0.2601184 1.14847279 -2.04707694,-0.04954939 1.55220711 -1.86432457,0.10506529 1.54683232 -1.83136284,0.2601184 1.17351508 -2.03282475,0.2601184 1.19846773 -2.01821423,-0.04954939 1.5974853 -1.82567632,0.10506529 1.59131503 -1.79284596,-0.04954939 1.61977971 -1.80592549,0.2601184 1.24793577 -1.98800659,-0.04954939 1.64193988 -1.78580129,0.10506529 1.63507199 -1.75303161,0.2601184 1.27224469 -1.97253823,0.2601184 1.29645836 -1.95670891,-0.04954939 1.68526983 -1.74496949,0.10506529 1.67760372 -1.71237445,-0.04954939 1.7065599 -1.72415388,0.2601184 1.34437764 -1.92410052,-0.04954939 1.72770452 -1.70296514,0.10506529 1.7193476 -1.67045629,0.2601184 1.36789393 -1.90745378,0.2601184 1.391307 -1.89044416,-0.04954939 1.76898086 -1.66004813,0.10506529 1.75982523 -1.62775779,0.77044147 0.60353714 -1.87828898,0.84624439 0.53682375 -1.79025888,-0.04954939 1.78921568 -1.63821852,0.2601184 1.43755722 -1.85551691,-0.04954939 1.80929422 -1.61601591,0.10506529 1.799456 -1.58383667,0.2601184 1.46022367 -1.83773255,-0.04954939 1.84841657 -1.57111716,0.10506529 1.83778155 -1.5392009,0.2601184 1.48277676 -1.81958437,-0.04954939 1.86754811 -1.54832721,-0.04954939 1.88651216 -1.52516377,0.10506529 1.87520385 -1.49338233,0.2601184 1.52724254 -1.78242648,0.2601184 1.54900384 -1.76354778,0.91035503 0.45217714 -1.7000097,-0.04954939 1.9233855 -1.47839141,0.10506529 1.91128457 -1.44691801,0.2601184 1.57064068 -1.74430561,0.91035503 0.47234282 -1.69451737,-0.04954939 1.9413681 -1.45469677,-0.04954939 1.95917237 -1.43062806,0.10506529 1.94640839 -1.39931226,0.2601184 1.6132127 -1.70500994,0.2601184 1.63401592 -1.68508327,0.2601184 1.65468359 -1.66479313,-0.04954939 1.99370694 -1.38209462,0.10506529 1.9801569 -1.35113239,-0.04954939 2.01049781 -1.35755336,0.2601184 1.69525957 -1.62345588,-0.04954939 2.02709937 -1.33263695,0.10506529 2.01289749 -1.30185413,0.2601184 1.71505427 -1.60253,0.2601184 1.73470247 -1.58124042,-0.04954939 2.05921125 -1.2824595,0.10506529 2.04423237 -1.25207615,0.91035503 0.62335283 -1.64497054,-0.04954939 2.07477069 -1.2571317,0.2601184 1.77318549 -1.53796208,-0.04954939 2.09012961 -1.2314266,0.10506529 2.07451105 -1.20124292,0.2601184 1.79192352 -1.51608837,0.2601184 1.81050432 -1.49384999,-0.04954939 2.11974025 -1.17972624,0.10506529 2.10335636 -1.14998782,0.89032555 0.75802469 -1.62852693,0.96223539 0.69210356 -1.49245012,-0.04954939 2.13403153 -1.15367353,0.2601184 1.84680223 -1.44873583,0.2601184 1.8644383 -1.42596769,0.2601184 1.88190615 -1.40283406,0.2601184 1.91593194 -1.35599363,0.2601184 1.93242311 -1.33238685,0.2601184 1.94873524 -1.30841315,0.2601184 1.98040736 -1.25996053,0.2601184 1.99571383 -1.23557281,0.2601184 2.01083016 -1.21081626,0.2601184 2.04007339 -1.16086805,1.01220262 0.61951619 -1.35517311,1.01220262 0.75910562 -1.28220642,0.25099251 2.15971541 -0.92839795,0.2601184 2.05415797 -1.135759,0.09584978 2.2088263 -0.93734336,0.96223539 0.84590232 -1.41097975,0.96223539 0.86342496 -1.40032566,1.01220262 0.79083592 -1.26288283,0.96223539 0.89788079 -1.37848628,1.01220262 0.82192957 -1.24287021,0.96223539 0.91493666 -1.36722541,0.96223539 0.93191606 -1.35570908,1.01220262 0.85267282 -1.22198343,0.96223539 0.96525562 -1.33217716,1.01220262 0.88273746 -1.20044541,0.96223539 0.98172879 -1.32008445,0.96223539 0.9981184 -1.30773628,1.01220262 0.91240919 -1.17805099,0.21236965 2.23144317 -0.78357458,0.33647811 2.15619802 -0.83994555,0.96223539 1.03025305 -1.28257287,1.01220262 0.94136494 -1.15504396,0.96223539 1.04610038 -1.2696805,0.96223539 1.06185579 -1.25653362,1.01220262 0.96988469 -1.1312021,1.04091287 0.6739853 -1.15289724,1.04999995 0.59249997 -1.02624011,1.04091287 0.68828487 -1.14441788,1.04999995 0.64291734 -0.99543071,0.96223539 1.09270167 -1.22980392,1.01220262 0.99765617 -1.10678661,0.96223539 1.10788238 -1.21614611,1.04091287 0.71662498 -1.12688816,0.48401219 2.14461946 -0.61567783,0.44795737 2.08179545 -0.86395144,0.96223539 1.12296271 -1.2022351,1.01220262 1.02494955 -1.08156049,1.04091287 0.73055345 -1.11790872,1.04091287 0.74442315 -1.10872114,1.04999995 0.69173628 -0.96214652,0.96223539 1.1524421 -1.1740067,1.01220262 1.05146706 -1.05579901,0.96223539 1.16691875 -1.1596185,1.04091287 0.77186239 -1.08979666,0.96223539 1.18128753 -1.14497781,1.01220262 1.07746756 -1.02925122,1.04091287 0.78532833 -1.0801332,1.04091287 0.79872972 -1.07026124,1.04999995 0.73883539 -0.92647028,0.96223539 1.20932841 -1.11532021,1.01220262 1.10266662 -1.00220799,0.96223539 1.22306621 -1.10023797,0.37411824 2.21924996 -0.58616096,1.04091287 0.82519257 -1.04999316,0.96223539 1.23668885 -1.08490324,1.01220262 1.12731194 -0.97440362,1.04091287 0.83816016 -1.03967106,1.04091287 0.85105634 -1.02914107,1.04999995 0.78409773 -0.88849074,0.96223539 1.26322293 -1.05388916,1.01220262 1.15113127 -0.94614553,0.96223539 1.27618897 -1.03815031,1.04091287 0.87647122 -1.00758445,0.96223539 1.28903282 -1.02215898,1.01220262 1.17436171 -0.91715264,1.04091287 0.88890654 -0.99663109,1.04091287 0.90126348 -0.98547071,1.04999995 0.82741064 -0.84830225,0.96223539 1.313995 -0.98986441,1.01220262 1.19674349 -0.88774979,0.58787268 2.05852509 -0.6390636,0.96223539 1.32615852 -0.97350818,1.04091287 0.92556417 -0.96268338,0.96223539 1.33819234 -0.95689911,1.01220262 1.21850288 -0.85763943,1.04091287 0.93743598 -0.95112675,1.04091287 0.94922316 -0.93936348,1.04999995 0.86866647 -0.8060047,0.96223539 1.36152136 -0.9234035,1.01220262 1.23939228 -0.82716471,0.96223539 1.37285304 -0.9064706,1.04091287 0.9723509 -0.91540271,0.96223539 1.38404751 -0.88928443,1.01220262 1.25962734 -0.79601091,1.04091287 0.98363012 -0.90327191,1.04091287 0.99481875 -0.89093435,1.04999995 0.90776265 -0.76170331,0.96223539 1.40568662 -0.85466933,1.01220262 1.27897394 -0.7645393,0.96223539 1.41615963 -0.8372016,1.04091287 1.01671803 -0.86585951,0.96223539 1.42648804 -0.81947923,1.01220262 1.29763651 -0.73241651,0.9658069 1.49521101 -0.66393942,1.04091287 1.02737737 -0.8531847,0.89277035 1.63518608 -0.73290294,0.77044147 1.88361382 -0.58670735,0.84624439 1.79548144 -0.51908857,1.04091287 1.03793991 -0.84030294,1.04999995 0.94460201 -0.71550822,1.04091287 1.05855834 -0.81417602,1.04091287 1.06857169 -0.80098873,1.04091287 1.07848215 -0.78759408,1.04999995 0.97909296 -0.66753429,1.04091287 1.09776986 -0.76047981,1.04091287 1.10711277 -0.74681294,0.91263908 1.64881063 -0.60026878,1.04091287 1.1163466 -0.73293829,1.04999995 1.01114964 -0.61790073,1.04091287 1.13425696 -0.70490396,1.04091287 1.14290667 -0.69079131,1.04091287 1.15144134 -0.67646956,1.04999995 1.04069257 -0.56673098,1.04091287 1.16793191 -0.64758277,0.91035503 1.69953108 -0.45397258,1.01448464 1.35786629 -0.59085965,0.96967775 0.54767829 -1.53083503,0.97392619 1.5278157 -0.52164674              ]
            }
            coordIndex [
0,1,2,-1,3,1,0,-1,4,3,0,-1,5,3,4,-1,6,5,4,-1,7,5,6,-1,8,7,6,-1,9,7,8,-1,10,9,8,-1,11,9,10,-1,12,11,10,-1,13,11,12,-1,14,13,12,-1,15,13,14,-1,16,15,14,-1,17,15,16,-1,18,17,16,-1,19,17,18,-1,20,19,18,-1,21,19,20,-1,22,21,20,-1,23,21,22,-1,24,23,22,-1,25,23,24,-1,26,25,24,-1,27,25,26,-1,28,27,26,-1,28,26,29,-1,30,28,29,-1,30,29,31,-1,32,30,31,-1,32,31,33,-1,34,32,33,-1,34,33,35,-1,36,34,35,-1,36,35,37,-1,38,36,37,-1,38,37,39,-1,40,38,39,-1,40,39,41,-1,42,40,41,-1,42,41,43,-1,44,42,43,-1,44,43,45,-1,46,45,47,-1,46,44,45,-1,48,47,49,-1,48,46,47,-1,50,49,51,-1,50,48,49,-1,52,51,53,-1,52,50,51,-1,54,53,55,-1,54,52,53,-1,56,55,57,-1,56,54,55,-1,58,57,59,-1,58,56,57,-1,60,59,61,-1,60,58,59,-1,62,61,63,-1,62,60,61,-1,64,62,63,-1,64,63,65,-1,66,64,65,-1,66,65,67,-1,68,66,67,-1,68,67,69,-1,70,68,69,-1,70,69,71,-1,72,70,71,-1,72,71,73,-1,74,72,73,-1,75,74,73,-1,75,73,76,-1,77,75,76,-1,77,76,78,-1,79,77,78,-1,79,78,80,-1,81,79,80,-1,81,80,82,-1,83,81,82,-1,84,83,82,-1,84,82,85,-1,86,84,85,-1,86,85,87,-1,88,86,87,-1,89,88,87,-1,89,87,90,-1,91,89,90,-1,91,90,92,-1,93,91,92,-1,93,92,94,-1,95,93,94,-1,96,95,94,-1,96,94,97,-1,98,96,97,-1,98,97,99,-1,100,98,99,-1,100,99,101,-1,102,100,101,-1,103,102,101,-1,103,101,104,-1,105,103,104,-1,105,104,106,-1,107,105,106,-1,107,106,108,-1,109,107,108,-1,110,109,108,-1,110,108,111,-1,112,110,111,-1,112,111,113,-1,114,112,113,-1,115,113,116,-1,115,114,113,-1,117,116,118,-1,117,115,116,-1,119,118,120,-1,119,117,118,-1,121,119,120,-1,122,120,123,-1,122,121,120,-1,124,123,125,-1,124,122,123,-1,126,125,127,-1,126,124,125,-1,128,127,129,-1,128,126,127,-1,130,128,129,-1,131,129,132,-1,131,130,129,-1,133,132,134,-1,133,131,132,-1,135,134,136,-1,135,133,134,-1,137,136,138,-1,137,135,136,-1,139,138,140,-1,139,137,138,-1,141,140,142,-1,141,139,140,-1,143,142,144,-1,143,141,142,-1,145,144,146,-1,145,143,144,-1,147,146,148,-1,147,145,146,-1,149,148,150,-1,149,147,148,-1,151,149,150,-1,152,150,153,-1,152,151,150,-1,154,153,155,-1,154,152,153,-1,156,155,157,-1,156,154,155,-1,158,157,159,-1,158,156,157,-1,160,159,161,-1,160,158,159,-1,162,161,163,-1,162,160,161,-1,164,162,163,-1,165,164,163,-1,165,163,166,-1,167,165,166,-1,167,166,168,-1,169,167,168,-1,169,168,170,-1,171,169,170,-1,171,170,172,-1,173,171,172,-1,173,172,174,-1,175,173,174,-1,175,174,176,-1,177,175,176,-1,178,177,176,-1,178,176,179,-1,180,179,181,-1,180,178,179,-1,182,181,183,-1,182,180,181,-1,184,183,185,-1,184,182,183,-1,186,185,187,-1,186,184,185,-1,188,187,189,-1,188,186,187,-1,190,189,191,-1,190,188,189,-1,192,190,191,-1,193,192,191,-1,194,192,193,-1,195,194,193,-1,196,194,195,-1,197,196,195,-1,198,196,197,-1,199,198,197,-1,200,198,199,-1,201,200,199,-1,202,200,201,-1,203,202,201,-1,204,202,203,-1,205,203,206,-1,205,204,203,-1,207,205,206,-1,208,207,206,-1,209,207,208,-1,210,209,208,-1,211,209,210,-1,212,210,213,-1,212,211,210,-1,214,212,213,-1,215,214,213,-1,216,214,215,-1,217,216,215,-1,218,216,217,-1,219,218,217,-1,220,219,217,-1,221,219,220,-1,222,221,220,-1,223,221,222,-1,224,223,222,-1,225,223,224,-1,226,225,224,-1,227,226,224,-1,228,226,227,-1,229,228,227,-1,230,228,229,-1,231,230,229,-1,232,230,231,-1,233,232,231,-1,234,233,231,-1,235,233,234,-1,236,235,234,-1,237,235,236,-1,238,237,236,-1,239,237,238,-1,240,239,238,-1,240,238,241,-1,242,240,241,-1,243,242,241,-1,244,242,243,-1,245,244,243,-1,246,244,245,-1,247,245,248,-1,247,246,245,-1,249,247,248,-1,250,249,248,-1,251,249,250,-1,252,251,250,-1,253,251,252,-1,254,253,252,-1,255,253,254,-1,256,255,254,-1,257,255,256,-1,258,256,259,-1,258,257,256,-1,260,259,261,-1,260,258,259,-1,262,261,263,-1,262,260,261,-1,264,263,265,-1,264,262,263,-1,266,264,265,-1,267,266,265,-1,268,266,267,-1,269,268,267,-1,270,268,269,-1,271,270,269,-1,272,270,271,-1,2,272,271,-1,1,272,2,-1,148,153,150,-1,183,181,185,-1,185,181,187,-1,155,159,157,-1,181,179,187,-1,187,179,189,-1,189,179,191,-1,191,179,193,-1,193,179,195,-1,195,179,197,-1,80,85,82,-1,87,92,90,-1,241,238,243,-1,2,170,0,-1,0,170,4,-1,4,170,6,-1,6,170,8,-1,8,170,10,-1,10,170,12,-1,12,170,14,-1,14,170,16,-1,16,170,18,-1,18,170,20,-1,20,170,22,-1,22,170,24,-1,24,170,26,-1,26,170,29,-1,29,170,31,-1,31,170,33,-1,33,170,35,-1,35,170,37,-1,37,170,39,-1,39,170,41,-1,41,170,43,-1,43,170,45,-1,45,170,47,-1,47,170,49,-1,49,170,51,-1,51,170,53,-1,97,101,99,-1,53,170,55,-1,55,170,57,-1,57,170,59,-1,59,170,61,-1,61,170,63,-1,63,170,65,-1,65,170,67,-1,67,170,69,-1,69,170,71,-1,71,170,73,-1,73,170,76,-1,76,170,78,-1,78,170,80,-1,85,170,87,-1,92,170,94,-1,94,170,97,-1,106,170,108,-1,108,170,111,-1,111,170,113,-1,113,170,116,-1,116,170,118,-1,118,170,120,-1,120,170,123,-1,123,170,125,-1,134,170,136,-1,140,170,142,-1,142,170,144,-1,144,170,146,-1,146,170,148,-1,153,170,155,-1,159,170,161,-1,161,170,163,-1,163,170,166,-1,166,170,168,-1,172,170,174,-1,174,170,176,-1,176,170,179,-1,197,170,199,-1,199,170,201,-1,201,170,203,-1,203,170,206,-1,206,170,208,-1,217,170,220,-1,220,170,222,-1,222,170,224,-1,229,170,231,-1,231,170,234,-1,234,170,236,-1,236,170,238,-1,243,170,245,-1,245,170,248,-1,248,170,250,-1,250,170,252,-1,252,170,254,-1,254,170,256,-1,256,170,259,-1,259,170,261,-1,261,170,263,-1,263,170,265,-1,265,170,267,-1,267,170,269,-1,269,170,271,-1,271,170,2,-1,238,170,243,-1,224,170,229,-1,80,170,85,-1,87,170,92,-1,97,170,101,-1,101,170,106,-1,213,170,217,-1,125,170,129,-1,208,170,213,-1,129,170,134,-1,179,170,197,-1,136,170,140,-1,148,170,153,-1,155,170,159,-1,101,106,104,-1,227,224,229,-1,215,213,217,-1,125,129,127,-1,210,208,213,-1,129,134,132,-1,136,140,138,-1,273,274,275,-1,276,274,273,-1,277,276,273,-1,278,276,277,-1,279,278,277,-1,280,278,279,-1,281,280,279,-1,282,281,279,-1,283,281,282,-1,284,283,282,-1,285,283,284,-1,286,285,284,-1,287,285,286,-1,288,287,286,-1,289,288,286,-1,290,288,289,-1,291,290,289,-1,292,290,291,-1,293,292,291,-1,294,293,291,-1,295,293,294,-1,296,295,294,-1,297,295,296,-1,298,297,296,-1,299,298,296,-1,300,298,299,-1,301,300,299,-1,302,300,301,-1,303,302,301,-1,303,301,304,-1,305,303,304,-1,306,305,304,-1,307,305,306,-1,308,307,306,-1,309,307,308,-1,310,309,308,-1,311,309,310,-1,312,311,310,-1,313,311,312,-1,314,313,312,-1,315,313,314,-1,316,315,314,-1,317,315,316,-1,318,317,316,-1,319,317,318,-1,320,319,318,-1,321,319,320,-1,322,321,320,-1,323,321,322,-1,324,323,322,-1,324,322,325,-1,326,324,325,-1,326,325,327,-1,328,326,327,-1,328,327,329,-1,330,329,331,-1,330,328,329,-1,332,331,333,-1,332,330,331,-1,334,333,335,-1,334,332,333,-1,336,335,337,-1,336,334,335,-1,338,337,339,-1,338,336,337,-1,340,339,341,-1,340,338,339,-1,342,341,343,-1,342,340,341,-1,344,343,345,-1,344,342,343,-1,346,345,347,-1,346,344,345,-1,348,347,349,-1,348,346,347,-1,350,349,351,-1,350,348,349,-1,352,351,353,-1,352,350,351,-1,354,352,353,-1,354,353,355,-1,356,354,355,-1,356,355,357,-1,358,356,357,-1,358,357,359,-1,360,358,359,-1,360,359,361,-1,362,360,361,-1,362,361,363,-1,364,362,363,-1,364,363,365,-1,366,364,365,-1,367,366,365,-1,367,365,368,-1,369,367,368,-1,369,368,370,-1,371,369,370,-1,371,370,372,-1,373,371,372,-1,374,373,372,-1,374,372,375,-1,376,374,375,-1,376,375,377,-1,378,376,377,-1,378,377,379,-1,380,378,379,-1,381,380,379,-1,381,379,382,-1,383,381,382,-1,383,382,384,-1,385,383,384,-1,385,384,386,-1,387,385,386,-1,388,387,386,-1,388,386,389,-1,390,388,389,-1,390,389,391,-1,392,390,391,-1,393,392,391,-1,393,391,394,-1,395,394,396,-1,395,393,394,-1,397,395,396,-1,397,396,398,-1,399,397,398,-1,400,398,401,-1,400,399,398,-1,402,401,403,-1,402,400,401,-1,404,403,405,-1,404,402,403,-1,406,404,405,-1,407,406,405,-1,407,405,408,-1,409,407,408,-1,409,408,410,-1,411,409,410,-1,411,410,412,-1,413,411,412,-1,413,412,414,-1,415,413,414,-1,416,415,414,-1,416,414,417,-1,418,416,417,-1,418,417,419,-1,420,418,419,-1,420,419,421,-1,422,420,421,-1,422,421,423,-1,424,422,423,-1,424,423,425,-1,426,424,425,-1,426,425,427,-1,428,426,427,-1,428,427,429,-1,428,429,430,-1,431,428,430,-1,431,430,432,-1,433,431,432,-1,433,432,434,-1,435,433,434,-1,435,434,436,-1,437,436,438,-1,437,435,436,-1,439,438,440,-1,439,437,438,-1,441,440,442,-1,441,439,440,-1,443,442,444,-1,443,441,442,-1,445,444,446,-1,445,443,444,-1,447,446,448,-1,447,445,446,-1,449,448,450,-1,449,450,451,-1,449,447,448,-1,452,451,453,-1,452,449,451,-1,454,453,455,-1,454,452,453,-1,456,454,455,-1,456,455,457,-1,458,456,457,-1,458,457,459,-1,460,458,459,-1,460,459,461,-1,462,461,463,-1,462,460,461,-1,464,463,465,-1,464,462,463,-1,466,465,467,-1,466,464,465,-1,468,466,467,-1,469,466,468,-1,470,469,468,-1,471,469,470,-1,472,471,470,-1,473,472,474,-1,473,471,472,-1,475,474,476,-1,475,473,474,-1,477,476,478,-1,477,475,476,-1,479,478,480,-1,479,477,478,-1,481,479,480,-1,482,479,481,-1,483,482,481,-1,484,482,483,-1,485,484,483,-1,486,484,485,-1,487,486,485,-1,488,486,487,-1,489,488,487,-1,490,488,489,-1,491,490,489,-1,492,490,491,-1,493,492,491,-1,494,492,493,-1,495,494,493,-1,496,494,495,-1,497,495,498,-1,497,496,495,-1,499,497,498,-1,500,499,498,-1,501,499,500,-1,502,501,500,-1,503,501,502,-1,504,503,502,-1,505,503,504,-1,506,505,504,-1,507,505,506,-1,508,507,506,-1,509,508,506,-1,510,508,509,-1,511,510,509,-1,506,512,509,-1,509,512,511,-1,506,504,512,-1,504,502,512,-1,502,500,512,-1,513,273,275,-1,500,498,512,-1,513,277,273,-1,498,495,512,-1,513,279,277,-1,495,493,512,-1,513,282,279,-1,493,491,512,-1,513,284,282,-1,491,489,512,-1,513,286,284,-1,489,487,512,-1,513,289,286,-1,487,485,512,-1,513,291,289,-1,485,483,512,-1,513,294,291,-1,483,481,512,-1,513,296,294,-1,481,480,512,-1,513,299,296,-1,480,478,512,-1,513,301,299,-1,478,476,512,-1,513,304,301,-1,476,474,512,-1,513,306,304,-1,474,472,512,-1,513,308,306,-1,472,470,512,-1,513,310,308,-1,470,468,512,-1,513,312,310,-1,468,467,512,-1,513,314,312,-1,467,465,512,-1,513,316,314,-1,465,463,512,-1,513,318,316,-1,463,461,512,-1,513,320,318,-1,461,459,512,-1,513,322,320,-1,459,457,512,-1,513,325,322,-1,457,455,512,-1,513,327,325,-1,455,453,512,-1,513,329,327,-1,453,451,512,-1,513,331,329,-1,451,450,512,-1,513,333,331,-1,450,448,512,-1,513,335,333,-1,448,446,512,-1,513,337,335,-1,446,444,512,-1,513,339,337,-1,444,442,512,-1,513,341,339,-1,442,440,512,-1,513,343,341,-1,440,438,512,-1,513,345,343,-1,438,436,512,-1,513,347,345,-1,436,434,512,-1,513,349,347,-1,434,432,512,-1,513,351,349,-1,432,430,512,-1,513,353,351,-1,430,429,512,-1,513,355,353,-1,429,427,512,-1,513,357,355,-1,427,425,512,-1,513,359,357,-1,425,423,512,-1,513,361,359,-1,423,421,512,-1,513,363,361,-1,421,419,512,-1,513,365,363,-1,419,417,512,-1,513,368,365,-1,417,414,512,-1,513,370,368,-1,414,412,512,-1,513,372,370,-1,412,410,512,-1,513,375,372,-1,410,408,512,-1,513,377,375,-1,408,405,512,-1,513,379,377,-1,405,403,512,-1,513,382,379,-1,403,401,512,-1,513,384,382,-1,401,398,512,-1,513,386,384,-1,398,396,512,-1,513,389,386,-1,396,394,512,-1,512,391,513,-1,513,391,389,-1,394,391,512,-1,514,515,516,-1,517,516,518,-1,517,514,516,-1,519,520,514,-1,519,514,517,-1,521,518,522,-1,521,517,518,-1,523,520,519,-1,523,524,520,-1,525,517,521,-1,525,519,517,-1,526,522,527,-1,526,521,522,-1,528,524,523,-1,528,529,524,-1,530,519,525,-1,530,523,519,-1,531,525,521,-1,531,521,526,-1,532,529,528,-1,532,533,529,-1,534,527,535,-1,534,526,527,-1,536,528,523,-1,536,523,530,-1,537,530,525,-1,537,525,531,-1,538,533,532,-1,538,539,533,-1,540,531,526,-1,540,526,534,-1,541,532,528,-1,541,528,536,-1,542,535,543,-1,542,534,535,-1,544,530,537,-1,544,536,530,-1,545,539,538,-1,545,546,539,-1,547,537,531,-1,547,531,540,-1,548,538,532,-1,548,532,541,-1,549,540,534,-1,549,534,542,-1,550,541,536,-1,550,536,544,-1,551,552,546,-1,551,546,545,-1,553,542,543,-1,553,543,554,-1,555,537,547,-1,555,544,537,-1,556,538,548,-1,556,545,538,-1,557,540,549,-1,557,547,540,-1,558,548,541,-1,558,541,550,-1,559,560,552,-1,559,552,551,-1,561,549,542,-1,561,542,553,-1,562,550,544,-1,562,544,555,-1,563,545,556,-1,563,551,545,-1,564,554,565,-1,564,553,554,-1,566,555,547,-1,566,547,557,-1,567,563,556,-1,567,548,558,-1,567,556,548,-1,568,569,560,-1,568,560,559,-1,570,557,549,-1,570,549,561,-1,571,558,550,-1,571,550,562,-1,572,559,551,-1,572,551,563,-1,573,553,564,-1,573,561,553,-1,574,562,555,-1,574,555,566,-1,574,571,562,-1,575,563,567,-1,576,577,569,-1,576,569,568,-1,578,564,565,-1,578,565,579,-1,580,566,557,-1,580,557,570,-1,581,567,558,-1,581,558,571,-1,582,568,559,-1,582,559,572,-1,583,561,573,-1,583,570,561,-1,584,571,574,-1,585,572,563,-1,585,563,575,-1,586,587,577,-1,586,577,576,-1,588,564,578,-1,588,573,564,-1,589,566,580,-1,589,574,566,-1,590,575,567,-1,590,567,581,-1,591,568,582,-1,591,576,568,-1,592,578,579,-1,592,579,593,-1,594,570,583,-1,594,580,570,-1,595,571,584,-1,595,581,571,-1,596,572,585,-1,596,582,572,-1,596,591,582,-1,597,598,587,-1,597,587,586,-1,599,573,588,-1,599,583,573,-1,600,584,574,-1,600,574,589,-1,601,585,575,-1,601,575,590,-1,602,576,591,-1,602,586,576,-1,603,588,578,-1,603,578,592,-1,604,580,594,-1,604,589,580,-1,605,590,581,-1,605,581,595,-1,606,591,596,-1,607,598,597,-1,607,608,598,-1,609,592,593,-1,609,593,610,-1,611,594,583,-1,611,583,599,-1,612,595,584,-1,612,584,600,-1,613,585,601,-1,613,596,585,-1,614,586,602,-1,614,597,586,-1,615,588,603,-1,615,599,588,-1,616,589,604,-1,616,600,589,-1,617,590,605,-1,617,601,590,-1,618,591,606,-1,618,602,591,-1,618,614,602,-1,619,608,607,-1,619,620,608,-1,621,592,609,-1,621,603,592,-1,622,594,611,-1,622,604,594,-1,623,595,612,-1,623,605,595,-1,624,596,613,-1,624,606,596,-1,625,607,597,-1,625,597,614,-1,626,621,609,-1,626,610,627,-1,626,609,610,-1,628,599,615,-1,628,611,599,-1,629,612,600,-1,629,600,616,-1,630,613,601,-1,630,601,617,-1,631,614,618,-1,632,633,620,-1,632,620,619,-1,634,603,621,-1,634,615,603,-1,635,629,616,-1,635,616,604,-1,635,604,622,-1,636,617,605,-1,636,605,623,-1,637,606,624,-1,637,631,618,-1,637,618,606,-1,638,619,607,-1,638,607,625,-1,639,621,626,-1,640,622,611,-1,640,611,628,-1,641,623,612,-1,641,612,629,-1,642,613,630,-1,642,624,613,-1,643,614,631,-1,643,625,614,-1,644,645,633,-1,644,633,632,-1,646,627,647,-1,646,626,627,-1,648,628,615,-1,648,615,634,-1,649,629,635,-1,650,630,617,-1,650,617,636,-1,651,631,637,-1,652,632,619,-1,652,619,638,-1,653,621,639,-1,653,634,621,-1,654,635,622,-1,654,622,640,-1,655,636,623,-1,655,623,641,-1,656,637,624,-1,656,624,642,-1,657,652,638,-1,657,638,625,-1,657,625,643,-1,658,645,644,-1,658,659,645,-1,660,639,626,-1,660,653,639,-1,660,626,646,-1,661,640,628,-1,661,628,648,-1,661,654,640,-1,662,641,629,-1,662,629,649,-1,663,630,650,-1,663,642,630,-1,664,631,651,-1,664,643,631,-1,665,632,652,-1,665,644,632,-1,666,667,668,-1,666,647,667,-1,666,660,646,-1,666,646,647,-1,669,634,653,-1,669,648,634,-1,670,649,635,-1,670,635,654,-1,671,636,655,-1,671,650,636,-1,672,637,656,-1,672,651,637,-1,673,652,657,-1,674,675,659,-1,674,659,658,-1,676,653,660,-1,677,654,661,-1,678,641,662,-1,678,655,641,-1,679,642,663,-1,679,656,642,-1,680,643,664,-1,680,657,643,-1,681,644,665,-1,681,658,644,-1,682,660,666,-1,682,676,660,-1,683,661,648,-1,683,648,669,-1,684,662,649,-1,684,649,670,-1,685,663,650,-1,685,650,671,-1,686,664,651,-1,686,651,672,-1,687,665,652,-1,687,652,673,-1,688,689,690,-1,688,690,675,-1,688,675,674,-1,691,666,668,-1,692,669,653,-1,692,653,676,-1,693,670,654,-1,693,654,677,-1,694,671,655,-1,694,655,678,-1,695,672,656,-1,695,656,679,-1,696,673,657,-1,696,657,680,-1,697,674,658,-1,697,658,681,-1,698,676,682,-1,699,661,683,-1,699,677,661,-1,700,662,684,-1,700,678,662,-1,701,695,679,-1,701,663,685,-1,701,679,663,-1,702,696,680,-1,702,664,686,-1,702,680,664,-1,703,665,687,-1,703,681,665,-1,704,689,688,-1,705,666,691,-1,705,682,666,-1,706,669,692,-1,706,699,683,-1,706,683,669,-1,707,670,693,-1,707,684,670,-1,708,671,694,-1,708,685,671,-1,709,686,672,-1,709,672,695,-1,710,687,673,-1,710,673,696,-1,711,688,674,-1,711,674,697,-1,712,691,668,-1,712,668,713,-1,714,676,698,-1,714,692,676,-1,715,693,677,-1,715,677,699,-1,716,694,678,-1,716,678,700,-1,717,695,701,-1,718,696,702,-1,719,697,681,-1,719,681,703,-1,720,721,689,-1,720,689,704,-1,722,698,682,-1,722,682,705,-1,722,714,698,-1,723,699,706,-1,723,715,699,-1,724,684,707,-1,724,700,684,-1,724,716,700,-1,725,701,685,-1,725,685,708,-1,726,686,709,-1,726,702,686,-1,727,703,687,-1,727,687,710,-1,728,688,711,-1,728,704,688,-1,729,691,712,-1,729,705,691,-1,730,723,706,-1,730,706,692,-1,730,692,714,-1,731,707,693,-1,731,693,715,-1,732,708,694,-1,732,694,716,-1,733,695,717,-1,733,709,695,-1,734,727,710,-1,734,710,696,-1,734,696,718,-1,735,711,697,-1,735,697,719,-1,736,737,721,-1,736,721,720,-1,738,713,739,-1,738,712,713,-1,740,714,722,-1,741,715,723,-1,742,716,724,-1,743,701,725,-1,743,717,701,-1,744,702,726,-1,744,718,702,-1,745,703,727,-1,745,719,703,-1,746,704,728,-1,746,736,720,-1,746,720,704,-1,747,722,705,-1,747,705,729,-1,748,723,730,-1,749,724,707,-1,749,707,731,-1,750,725,708,-1,750,743,725,-1,750,708,732,-1,751,726,709,-1,751,709,733,-1,751,744,726,-1,752,745,727,-1,752,727,734,-1,753,728,711,-1,753,711,735,-1,754,755,756,-1,754,756,757,-1,754,757,737,-1,754,737,736,-1,758,712,738,-1,758,729,712,-1,759,714,740,-1,759,730,714,-1,760,731,715,-1,760,715,741,-1,761,716,742,-1,761,732,716,-1,761,750,732,-1,762,733,717,-1,762,717,743,-1,763,718,744,-1,763,734,718,-1,764,719,745,-1,764,735,719,-1,765,736,746,-1,765,754,736,-1,766,739,767,-1,766,738,739,-1,768,740,722,-1,768,722,747,-1,769,723,748,-1,769,741,723,-1,770,724,749,-1,770,742,724,-1,771,743,750,-1,772,744,751,-1,773,745,752,-1,774,746,728,-1,774,728,753,-1,775,747,729,-1,775,729,758,-1,776,748,730,-1,776,769,748,-1,776,730,759,-1,777,749,731,-1,777,731,760,-1,778,750,761,-1,779,751,733,-1,779,733,762,-1,780,734,763,-1,780,752,734,-1,781,735,764,-1,781,753,735,-1,782,754,765,-1,782,783,755,-1,782,755,754,-1,784,738,766,-1,784,758,738,-1,785,740,768,-1,785,759,740,-1,786,760,741,-1,786,741,769,-1,787,742,770,-1,787,761,742,-1,788,762,743,-1,788,743,771,-1,789,763,744,-1,789,780,763,-1,789,744,772,-1,790,764,745,-1,790,745,773,-1,791,765,746,-1,791,746,774,-1,792,767,793,-1,792,766,767,-1,794,785,768,-1,794,768,747,-1,794,747,775,-1,795,769,776,-1,796,749,777,-1,796,770,749,-1,797,788,771,-1,797,771,750,-1,797,750,778,-1,798,772,751,-1,798,751,779,-1,798,789,772,-1,799,773,752,-1,799,752,780,-1,800,774,753,-1,800,753,781,-1,801,775,758,-1,801,758,784,-1,801,794,775,-1,802,759,785,-1,802,776,759,-1,803,796,777,-1,803,777,760,-1,803,760,786,-1,804,778,761,-1,804,761,787,-1,805,779,762,-1,805,762,788,-1,806,799,780,-1,806,780,789,-1,807,764,790,-1,807,781,764,-1,808,809,783,-1,808,783,782,-1,808,765,791,-1,808,782,765,-1,810,766,792,-1,810,784,766,-1,811,785,794,-1,812,803,786,-1,812,786,769,-1,812,769,795,-1,813,804,787,-1,813,787,770,-1,813,770,796,-1,814,788,797,-1,815,789,798,-1,816,790,773,-1,816,773,799,-1,817,774,800,-1,817,791,774,-1,817,808,791,-1,818,793,819,-1,818,792,793,-1,820,794,801,-1,821,776,802,-1,821,795,776,-1,822,796,803,-1,823,797,778,-1,823,778,804,-1,824,798,779,-1,824,779,805,-1,825,799,806,-1,826,800,781,-1,826,817,800,-1,826,781,807,-1,827,801,784,-1,827,784,810,-1,828,802,785,-1,828,785,811,-1,828,821,802,-1,829,803,812,-1,830,804,813,-1,831,805,788,-1,831,788,814,-1,832,806,789,-1,832,789,815,-1,833,807,790,-1,833,790,816,-1,833,826,807,-1,834,835,809,-1,834,809,808,-1,834,808,817,-1,836,810,792,-1,836,792,818,-1,837,811,794,-1,837,794,820,-1,838,795,821,-1,838,812,795,-1,839,796,822,-1,839,813,796,-1,840,814,797,-1,840,797,823,-1,841,798,824,-1,841,815,798,-1,842,816,799,-1,842,799,825,-1,843,817,826,-1,844,836,818,-1,844,819,845,-1,844,818,819,-1,846,837,820,-1,846,820,801,-1,846,801,827,-1,847,821,828,-1,848,822,803,-1,848,803,829,-1,849,840,823,-1,849,823,804,-1,849,804,830,-1,850,824,805,-1,850,805,831,-1,851,842,825,-1,851,825,806,-1,851,806,832,-1,852,826,833,-1,853,810,836,-1,853,827,810,-1,854,811,837,-1,854,847,828,-1,854,828,811,-1,855,812,838,-1,855,829,812,-1,856,813,839,-1,856,830,813,-1,857,814,840,-1,857,831,814,-1,858,815,841,-1,858,832,815,-1,859,833,816,-1,859,816,842,-1,860,834,817,-1,860,835,834,-1,860,861,835,-1,860,817,843,-1,862,836,844,-1,863,837,846,-1,864,821,847,-1,864,838,821,-1,865,839,822,-1,865,822,848,-1,866,840,849,-1,867,841,824,-1,867,824,850,-1,868,842,851,-1,869,843,826,-1,869,826,852,-1,869,860,843,-1,870,845,871,-1,870,844,845,-1,872,827,853,-1,872,846,827,-1,873,864,847,-1,873,847,854,-1,874,829,855,-1,874,848,829,-1,875,849,830,-1,875,830,856,-1,876,850,831,-1,876,831,857,-1,877,851,832,-1,877,832,858,-1,878,833,859,-1,878,852,833,-1,878,869,852,-1,879,872,853,-1,879,853,836,-1,879,836,862,-1,880,854,837,-1,880,837,863,-1,881,855,838,-1,881,838,864,-1,882,856,839,-1,882,839,865,-1,883,876,857,-1,883,840,866,-1,883,857,840,-1,884,858,841,-1,884,841,867,-1,885,878,859,-1,885,859,842,-1,885,842,868,-1,886,860,869,-1,886,887,861,-1,886,861,860,-1,888,844,870,-1,888,862,844,-1,889,846,872,-1,889,863,846,-1,890,864,873,-1,891,848,874,-1,891,865,848,-1,892,849,875,-1,892,866,849,-1,893,850,876,-1,893,867,850,-1,893,884,867,-1,894,851,877,-1,894,868,851,-1,895,869,878,-1,896,897,898,-1,896,871,897,-1,896,870,871,-1,899,872,879,-1,900,873,854,-1,900,854,880,-1,901,874,855,-1,901,855,881,-1,901,891,874,-1,902,875,856,-1,902,892,875,-1,902,856,882,-1,903,876,883,-1,904,877,858,-1,904,858,884,-1,905,878,885,-1,906,862,888,-1,906,879,862,-1,907,880,863,-1,907,863,889,-1,908,881,864,-1,908,864,890,-1,909,865,891,-1,909,882,865,-1,910,883,866,-1,910,866,892,-1,911,884,893,-1,912,885,868,-1,912,868,894,-1,913,914,887,-1,913,887,886,-1,913,886,869,-1,913,869,895,-1,915,888,870,-1,915,870,896,-1,916,889,872,-1,916,872,899,-1,917,873,900,-1,917,890,873,-1,918,891,901,-1,919,892,902,-1,920,893,876,-1,920,876,903,-1,921,894,877,-1,921,877,904,-1,922,913,895,-1,922,895,878,-1,922,878,905,-1,923,896,898,-1,923,915,896,-1,924,899,879,-1,924,879,906,-1,925,880,907,-1,925,900,880,-1,926,881,908,-1,926,901,881,-1,927,882,909,-1,927,902,882,-1,928,883,910,-1,928,903,883,-1,929,884,911,-1,929,904,884,-1,930,885,912,-1,930,905,885,-1,931,906,888,-1,931,924,906,-1,931,888,915,-1,932,889,916,-1,932,907,889,-1,933,908,890,-1,933,890,917,-1,934,909,891,-1,934,891,918,-1,935,910,892,-1,935,892,919,-1,936,911,893,-1,936,893,920,-1,937,912,894,-1,937,894,921,-1,937,930,912,-1,938,939,914,-1,938,913,922,-1,938,914,913,-1,940,915,923,-1,941,916,899,-1,941,899,924,-1,942,900,925,-1,942,917,900,-1,942,933,917,-1,943,901,926,-1,943,918,901,-1,944,919,902,-1,944,902,927,-1,945,920,903,-1,945,903,928,-1,946,921,904,-1,946,904,929,-1,947,922,905,-1,947,938,922,-1,947,905,930,-1,948,898,949,-1,948,923,898,-1,950,924,931,-1,951,925,907,-1,951,907,932,-1,952,943,926,-1,952,908,933,-1,952,926,908,-1,953,944,927,-1,953,927,909,-1,953,909,934,-1,954,910,935,-1,954,928,910,-1,955,946,929,-1,955,929,911,-1,955,911,936,-1,956,930,937,-1,957,931,915,-1,957,915,940,-1,957,950,931,-1,958,932,916,-1,958,916,941,-1,959,933,942,-1,960,934,918,-1,960,918,943,-1,961,919,944,-1,961,935,919,-1,962,936,920,-1,962,920,945,-1,963,921,946,-1,963,937,921,-1,964,938,947,-1,964,965,939,-1,964,939,938,-1,966,923,948,-1,966,957,940,-1,966,940,923,-1,967,941,924,-1,967,924,950,-1,968,942,925,-1,968,925,951,-1,969,943,952,-1,970,944,953,-1,971,945,928,-1,971,962,945,-1,971,928,954,-1,972,946,955,-1,972,963,946,-1,973,947,930,-1,973,930,956,-1,973,964,947,-1,974,949,975,-1,974,948,949,-1,976,950,957,-1,977,932,958,-1,977,951,932,-1,978,952,933,-1,978,933,959,-1,979,953,934,-1,979,934,960,-1,980,954,935,-1,980,971,954,-1,980,935,961,-1,981,955,936,-1,981,936,962,-1,981,972,955,-1,982,937,963,-1,982,956,937,-1,983,957,966,-1,984,941,967,-1,984,958,941,-1,985,942,968,-1,985,959,942,-1,986,960,943,-1,986,943,969,-1,987,961,944,-1,987,944,970,-1,988,962,971,-1,989,963,972,-1,990,991,965,-1,990,965,964,-1,990,964,973,-1,992,966,948,-1,992,948,974,-1,993,967,950,-1,993,950,976,-1,994,968,951,-1,994,951,977,-1,995,969,952,-1,995,952,978,-1,996,970,953,-1,996,953,979,-1,997,971,980,-1,998,972,981,-1,999,956,982,-1,999,973,956,-1,1000,975,1001,-1,1000,992,974,-1,1000,974,975,-1,1002,957,983,-1,1002,976,957,-1,1002,993,976,-1,1003,958,984,-1,1003,994,977,-1,1003,977,958,-1,1004,959,985,-1,1004,978,959,-1,1005,979,960,-1,1005,996,979,-1,1005,960,986,-1,1006,980,961,-1,1006,961,987,-1,1007,981,962,-1,1007,962,988,-1,1008,982,963,-1,1008,963,989,-1,1009,966,992,-1,1009,983,966,-1,1010,967,993,-1,1010,984,967,-1,1011,985,968,-1,1011,968,994,-1,1012,986,969,-1,1012,969,995,-1,1013,987,970,-1,1013,970,996,-1,1013,1006,987,-1,1014,988,971,-1,1014,971,997,-1,1015,989,972,-1,1015,972,998,-1,1015,1008,989,-1,1016,1017,991,-1,1016,990,973,-1,1016,973,999,-1,1016,991,990,-1,1018,992,1000,-1,1019,993,1002,-1,1020,994,1003,-1,1021,995,978,-1,1021,978,1004,-1,1022,996,1005,-1,1023,997,980,-1,1023,980,1006,-1,1024,981,1007,-1,1024,998,981,-1,1024,1015,998,-1,1025,1016,999,-1,1025,999,982,-1,1025,982,1008,-1,1026,1000,1001,-1,1026,1001,1027,-1,1028,983,1009,-1,1028,1002,983,-1,1029,1020,1003,-1,1029,1003,984,-1,1029,984,1010,-1,1030,985,1011,-1,1030,1004,985,-1,1031,986,1012,-1,1031,1005,986,-1,1032,1006,1013,-1,1033,1007,988,-1,1033,988,1014,-1,1034,1008,1015,-1,1035,992,1018,-1,1035,1028,1009,-1,1035,1009,992,-1,1036,1010,993,-1,1036,993,1019,-1,1037,1030,1011,-1,1037,994,1020,-1,1037,1011,994,-1,1038,995,1021,-1,1038,1012,995,-1,1039,996,1022,-1,1039,1013,996,-1,1040,997,1023,-1,1040,1014,997,-1,1041,1015,1024,-1,1042,1043,1017,-1,1042,1016,1025,-1,1042,1017,1016,-1,1044,1000,1026,-1,1044,1018,1000,-1,1044,1035,1018,-1,1045,1019,1002,-1,1045,1002,1028,-1,1046,1037,1020,-1,1046,1020,1029,-1,1047,1021,1004,-1,1047,1004,1030,-1,1048,1022,1005,-1,1048,1005,1031,-1,1049,1023,1006,-1,1049,1006,1032,-1,1050,1024,1007,-1,1050,1007,1033,-1,1051,1025,1008,-1,1051,1008,1034,-1,1052,1053,1054,-1,1052,1027,1053,-1,1052,1026,1027,-1,1055,1028,1035,-1,1056,1010,1036,-1,1056,1029,1010,-1,1057,1030,1037,-1,1057,1047,1030,-1,1058,1012,1038,-1,1058,1031,1012,-1,1059,1013,1039,-1,1059,1032,1013,-1,1060,1033,1014,-1,1060,1014,1040,-1,1061,1034,1015,-1,1061,1015,1041,-1,1062,1035,1044,-1,1063,1019,1045,-1,1063,1036,1019,-1,1064,1057,1037,-1,1064,1037,1046,-1,1065,1021,1047,-1,1065,1038,1021,-1,1066,1059,1039,-1,1066,1022,1048,-1,1066,1039,1022,-1,1067,1040,1023,-1,1067,1023,1049,-1,1068,1041,1024,-1,1068,1024,1050,-1,1069,1070,1043,-1,1069,1043,1042,-1,1069,1042,1025,-1,1069,1025,1051,-1,1071,1026,1052,-1,1071,1044,1026,-1,1072,1045,1028,-1,1072,1028,1055,-1,1073,1029,1056,-1,1073,1064,1046,-1,1073,1046,1029,-1,1074,1047,1057,-1,1075,1031,1058,-1,1075,1066,1048,-1,1075,1048,1031,-1,1076,1067,1049,-1,1076,1032,1059,-1,1076,1049,1032,-1,1077,1033,1060,-1,1077,1050,1033,-1,1078,1034,1061,-1,1078,1051,1034,-1,1079,1052,1054,-1,1079,1071,1052,-1,1080,1055,1035,-1,1080,1035,1062,-1,1081,1036,1063,-1,1081,1056,1036,-1,1082,1057,1064,-1,1083,1058,1038,-1,1083,1038,1065,-1,1083,1075,1058,-1,1084,1059,1066,-1,1085,1060,1040,-1,1085,1040,1067,-1,1086,1061,1041,-1,1086,1041,1068,-1,1087,1044,1071,-1,1087,1062,1044,-1,1087,1080,1062,-1,1088,1045,1072,-1,1088,1063,1045,-1,1089,1064,1073,-1,1089,1082,1064,-1,1090,1047,1074,-1,1090,1083,1065,-1,1090,1065,1047,-1,1091,1066,1075,-1,1092,1067,1076,-1,1092,1085,1067,-1,1093,1068,1050,-1,1093,1050,1077,-1,1094,1095,1070,-1,1094,1069,1051,-1,1094,1070,1069,-1,1094,1051,1078,-1,1096,1071,1079,-1,1097,1055,1080,-1,1097,1072,1055,-1,1098,1073,1056,-1,1098,1056,1081,-1,1098,1089,1073,-1,1099,1057,1082,-1,1099,1090,1074,-1,1099,1074,1057,-1,1100,1075,1083,-1,1101,1076,1059,-1,1101,1059,1084,-1,1102,1077,1060,-1,1102,1060,1085,-1,1103,1078,1061,-1,1103,1061,1086,-1,1104,1054,1105,-1,1104,1079,1054,-1,1106,1080,1087,-1,1107,1081,1063,-1,1107,1063,1088,-1,1108,1082,1089,-1,1109,1083,1090,-1,1110,1066,1091,-1,1110,1084,1066,-1,1111,1085,1092,-1,1112,1068,1093,-1,1112,1086,1068,-1,1113,1071,1096,-1,1113,1106,1087,-1,1113,1087,1071,-1,1114,1072,1097,-1,1114,1088,1072,-1,1115,1089,1098,-1,1115,1108,1089,-1,1116,1090,1099,-1,1117,1091,1075,-1,1117,1075,1100,-1,1118,1092,1076,-1,1118,1076,1101,-1,1119,1093,1077,-1,1119,1077,1102,-1,1120,1121,1095,-1,1120,1094,1078,-1,1120,1095,1094,-1,1120,1078,1103,-1,1122,1096,1079,-1,1122,1079,1104,-1,1123,1080,1106,-1,1123,1097,1080,-1,1124,1081,1107,-1,1124,1098,1081,-1,1125,1116,1099,-1,1125,1099,1082,-1,1125,1082,1108,-1,1126,1083,1109,-1,1126,1117,1100,-1,1126,1100,1083,-1,1127,1101,1084,-1,1127,1084,1110,-1,1127,1118,1101,-1,1128,1102,1085,-1,1128,1085,1111,-1,1129,1086,1112,-1,1129,1103,1086,-1,1130,1104,1105,-1,1130,1105,1131,-1,1130,1122,1104,-1,1132,1106,1113,-1,1133,1088,1114,-1,1133,1107,1088,-1,1134,1108,1115,-1,1135,1109,1090,-1,1135,1126,1109,-1,1135,1090,1116,-1,1136,1127,1110,-1,1136,1110,1091,-1,1136,1091,1117,-1,1137,1111,1092,-1,1137,1092,1118,-1,1138,1112,1093,-1,1138,1093,1119,-1,1139,1096,1122,-1,1139,1113,1096,-1,1140,1114,1097,-1,1140,1097,1123,-1,1141,1115,1098,-1,1141,1098,1124,-1,1142,1135,1116,-1,1142,1116,1125,-1,1143,1117,1126,-1,1143,1136,1117,-1,1144,1118,1127,-1,1144,1137,1118,-1,1145,1102,1128,-1,1145,1119,1102,-1,1146,1147,1121,-1,1146,1103,1129,-1,1146,1120,1103,-1,1146,1121,1120,-1,1148,1122,1130,-1,1149,1123,1106,-1,1149,1106,1132,-1,1150,1141,1124,-1,1150,1124,1107,-1,1150,1107,1133,-1,1151,1108,1134,-1,1151,1125,1108,-1,1152,1126,1135,-1,1153,1127,1136,-1,1153,1144,1127,-1,1154,1128,1111,-1,1154,1111,1137,-1,1155,1129,1112,-1,1155,1112,1138,-1,1155,1146,1129,-1,1156,1157,1158,-1,1156,1131,1157,-1,1156,1130,1131,-1,1159,1113,1139,-1,1159,1132,1113,-1,1160,1114,1140,-1,1160,1150,1133,-1,1160,1133,1114,-1,1161,1134,1115,-1,1161,1115,1141,-1,1162,1135,1142,-1,1163,1136,1143,-1,1164,1137,1144,-1,1165,1138,1119,-1,1165,1119,1145,-1,1166,1159,1139,-1,1166,1139,1122,-1,1166,1122,1148,-1,1167,1123,1149,-1,1167,1160,1140,-1,1167,1140,1123,-1,1168,1141,1150,-1,1168,1161,1141,-1,1169,1142,1125,-1,1169,1125,1151,-1,1170,1126,1152,-1,1170,1143,1126,-1,1171,1144,1153,-1,1172,1128,1154,-1,1172,1145,1128,-1,1173,1174,1147,-1,1173,1147,1146,-1,1173,1146,1155,-1,1175,1148,1130,-1,1175,1130,1156,-1,1176,1149,1132,-1,1176,1132,1159,-1,1177,1150,1160,-1,1178,1151,1134,-1,1178,1134,1161,-1,1179,1170,1152,-1,1179,1152,1135,-1,1179,1135,1162,-1,1180,1136,1163,-1,1180,1153,1136,-1,1181,1137,1164,-1,1181,1172,1154,-1,1181,1154,1137,-1,1182,1138,1165,-1,1182,1155,1138,-1,1183,1158,1184,-1,1183,1175,1156,-1,1183,1156,1158,-1,1185,1159,1166,-1,1186,1160,1167,-1,1187,1161,1168,-1,1188,1179,1162,-1,1188,1162,1142,-1,1188,1142,1169,-1,1189,1143,1170,-1,1189,1163,1143,-1,1190,1164,1144,-1,1190,1144,1171,-1,1191,1165,1145,-1,1191,1182,1165,-1,1191,1145,1172,-1,1192,1185,1166,-1,1192,1148,1175,-1,1192,1166,1148,-1,1193,1149,1176,-1,1193,1167,1149,-1,1194,1150,1177,-1,1194,1168,1150,-1,1195,1151,1178,-1,1195,1169,1151,-1,1195,1188,1169,-1,1196,1170,1179,-1,1196,1189,1170,-1,1197,1171,1153,-1,1197,1153,1180,-1,1197,1190,1171,-1,1198,1172,1181,-1,1199,1200,1174,-1,1199,1174,1173,-1,1199,1173,1155,-1,1199,1155,1182,-1,1201,1175,1183,-1,1202,1176,1159,-1,1202,1159,1185,-1,1203,1177,1160,-1,1203,1194,1177,-1,1203,1160,1186,-1,1204,1178,1161,-1,1204,1161,1187,-1,1205,1179,1188,-1,1206,1163,1189,-1,1206,1180,1163,-1,1207,1181,1164,-1,1207,1164,1190,-1,1208,1199,1182,-1,1208,1182,1191,-1,1209,1183,1184,-1,1210,1185,1192,-1,1211,1186,1167,-1,1211,1203,1186,-1,1211,1167,1193,-1,1212,1168,1194,-1,1212,1187,1168,-1,1213,1188,1195,-1,1214,1189,1196,-1,1215,1190,1197,-1,1216,1191,1172,-1,1216,1172,1198,-1,1217,1175,1201,-1,1217,1192,1175,-1,1218,1176,1202,-1,1218,1193,1176,-1,1219,1212,1194,-1,1219,1194,1203,-1,1220,1195,1178,-1,1220,1178,1204,-1,1221,1196,1179,-1,1221,1179,1205,-1,1222,1180,1206,-1,1222,1197,1180,-1,1223,1198,1181,-1,1223,1216,1198,-1,1223,1181,1207,-1,1224,1199,1208,-1,1224,1225,1200,-1,1224,1200,1199,-1,1226,1201,1183,-1,1226,1183,1209,-1,1227,1185,1210,-1,1227,1218,1202,-1,1227,1202,1185,-1,1228,1203,1211,-1,1229,1187,1212,-1,1229,1204,1187,-1,1230,1188,1213,-1,1230,1205,1188,-1,1230,1221,1205,-1,1231,1206,1189,-1,1231,1189,1214,-1,1231,1222,1206,-1,1232,1207,1190,-1,1232,1190,1215,-1,1233,1208,1191,-1,1233,1224,1208,-1,1233,1191,1216,-1,1234,1184,1235,-1,1234,1209,1184,-1,1236,1192,1217,-1,1236,1210,1192,-1,1237,1193,1218,-1,1237,1211,1193,-1,1238,1212,1219,-1,1239,1213,1195,-1,1239,1195,1220,-1,1239,1230,1213,-1,1240,1214,1196,-1,1240,1196,1221,-1,1241,1215,1197,-1,1241,1197,1222,-1,1241,1232,1215,-1,1242,1216,1223,-1,1243,1217,1201,-1,1243,1236,1217,-1,1243,1201,1226,-1,1244,1218,1227,-1,1245,1203,1228,-1,1245,1219,1203,-1,1246,1220,1204,-1,1246,1204,1229,-1,1247,1221,1230,-1,1248,1222,1231,-1,1249,1207,1232,-1,1249,1223,1207,-1,1250,1251,1225,-1,1250,1225,1224,-1,1250,1224,1233,-1,1252,1209,1234,-1,1252,1226,1209,-1,1253,1227,1210,-1,1253,1210,1236,-1,1254,1211,1237,-1,1254,1228,1211,-1,1255,1229,1212,-1,1255,1212,1238,-1,1256,1230,1239,-1,1257,1231,1214,-1,1257,1214,1240,-1,1258,1232,1241,-1,1259,1216,1242,-1,1259,1233,1216,-1,1260,1261,1262,-1,1260,1235,1261,-1,1260,1234,1235,-1,1260,1252,1234,-1,1263,1236,1243,-1,1264,1218,1244,-1,1264,1254,1237,-1,1264,1237,1218,-1,1265,1219,1245,-1,1265,1238,1219,-1,1266,1220,1246,-1,1266,1239,1220,-1,1267,1221,1247,-1,1267,1240,1221,-1,1268,1241,1222,-1,1268,1222,1248,-1,1268,1258,1241,-1,1269,1242,1223,-1,1269,1223,1249,-1,1270,1243,1226,-1,1270,1226,1252,-1,1271,1244,1227,-1,1271,1227,1253,-1,1271,1264,1244,-1,1272,1245,1228,-1,1272,1228,1254,-1,1272,1265,1245,-1,1273,1229,1255,-1,1273,1246,1229,-1,1273,1266,1246,-1,1274,1247,1230,-1,1274,1230,1256,-1,1274,1267,1247,-1,1275,1231,1257,-1,1275,1248,1231,-1,1276,1232,1258,-1,1276,1249,1232,-1,1277,1278,1251,-1,1277,1250,1233,-1,1277,1233,1259,-1,1277,1251,1250,-1,1279,1252,1260,-1,1280,1253,1236,-1,1280,1236,1263,-1,1281,1254,1264,-1,1282,1273,1255,-1,1282,1238,1265,-1,1282,1255,1238,-1,1283,1256,1239,-1,1283,1239,1266,-1,1283,1274,1256,-1,1284,1257,1240,-1,1284,1240,1267,-1,1285,1276,1258,-1,1285,1258,1268,-1,1286,1242,1269,-1,1286,1259,1242,-1,1287,1260,1262,-1,1288,1263,1243,-1,1288,1243,1270,-1,1289,1281,1264,-1,1289,1264,1271,-1,1290,1282,1265,-1,1290,1265,1272,-1,1291,1266,1273,-1,1292,1267,1274,-1,1292,1284,1267,-1,1293,1248,1275,-1,1293,1268,1248,-1,1294,1249,1276,-1,1294,1269,1249,-1,1295,1252,1279,-1,1295,1270,1252,-1,1295,1288,1270,-1,1296,1271,1253,-1,1296,1253,1280,-1,1297,1272,1254,-1,1297,1254,1281,-1,1298,1273,1282,-1,1299,1274,1283,-1,1300,1257,1284,-1,1300,1293,1275,-1,1300,1275,1257,-1,1301,1276,1285,-1,1301,1294,1276,-1,1302,1303,1278,-1,1302,1277,1259,-1,1302,1278,1277,-1,1302,1259,1286,-1,1304,1260,1287,-1,1304,1279,1260,-1,1305,1263,1288,-1,1305,1280,1263,-1,1306,1281,1289,-1,1307,1282,1290,-1,1308,1283,1266,-1,1308,1266,1291,-1,1309,1284,1292,-1,1310,1268,1293,-1,1310,1285,1268,-1,1311,1286,1269,-1,1311,1269,1294,-1,1312,1262,1313,-1,1312,1287,1262,-1,1314,1288,1295,-1,1315,1289,1271,-1,1315,1271,1296,-1,1316,1272,1297,-1,1316,1290,1272,-1,1317,1308,1291,-1,1317,1291,1273,-1,1317,1273,1298,-1,1318,1292,1274,-1,1318,1274,1299,-1,1319,1293,1300,-1,1320,1294,1301,-1,1321,1295,1279,-1,1321,1314,1295,-1,1321,1279,1304,-1,1322,1280,1305,-1,1322,1296,1280,-1,1323,1297,1281,-1,1323,1316,1297,-1,1323,1281,1306,-1,1324,1317,1298,-1,1324,1282,1307,-1,1324,1298,1282,-1,1325,1318,1299,-1,1325,1283,1308,-1,1325,1299,1283,-1,1326,1300,1284,-1,1326,1284,1309,-1,1327,1285,1310,-1,1327,1301,1285,-1,1328,1329,1303,-1,1328,1302,1286,-1,1328,1303,1302,-1,1328,1286,1311,-1,1330,1287,1312,-1,1330,1304,1287,-1,1331,1288,1314,-1,1331,1305,1288,-1,1332,1306,1289,-1,1332,1323,1306,-1,1332,1289,1315,-1,1333,1290,1316,-1,1333,1307,1290,-1,1334,1308,1317,-1,1335,1292,1318,-1,1335,1326,1309,-1,1335,1309,1292,-1,1336,1310,1293,-1,1336,1327,1310,-1,1336,1293,1319,-1,1337,1311,1294,-1,1337,1294,1320,-1,1337,1328,1311,-1,1338,1313,1339,-1,1338,1330,1312,-1,1338,1312,1313,-1,1340,1314,1321,-1,1341,1296,1322,-1,1341,1315,1296,-1,1342,1316,1323,-1,1343,1317,1324,-1,1344,1318,1325,-1,1345,1300,1326,-1,1345,1336,1319,-1,1345,1319,1300,-1,1346,1320,1301,-1,1346,1301,1327,-1,1347,1321,1304,-1,1347,1304,1330,-1,1348,1305,1331,-1,1348,1322,1305,-1,1349,1323,1332,-1,1350,1307,1333,-1,1350,1324,1307,-1,1351,1344,1325,-1,1351,1308,1334,-1,1351,1325,1308,-1,1352,1326,1335,-1,1352,1345,1326,-1,1353,1327,1336,-1,1354,1355,1329,-1,1354,1328,1337,-1,1354,1329,1328,-1,1356,1330,1338,-1,1357,1314,1340,-1,1357,1331,1314,-1,1358,1315,1341,-1,1358,1332,1315,-1,1359,1333,1316,-1,1359,1316,1342,-1,1360,1334,1317,-1,1360,1317,1343,-1,1360,1351,1334,-1,1361,1335,1318,-1,1361,1318,1344,-1,1362,1336,1345,-1,1363,1320,1346,-1,1363,1337,1320,-1,1364,1365,1366,-1,1364,1339,1365,-1,1364,1338,1339,-1,1367,1321,1347,-1,1367,1340,1321,-1,1368,1358,1341,-1,1368,1341,1322,-1,1368,1322,1348,-1,1369,1323,1349,-1,1369,1342,1323,-1,1370,1343,1324,-1,1370,1360,1343,-1,1370,1324,1350,-1,1371,1344,1351,-1,1372,1345,1352,-1,1373,1327,1353,-1,1373,1346,1327,-1,1374,1347,1330,-1,1374,1330,1356,-1,1374,1367,1347,-1,1375,1368,1348,-1,1375,1331,1357,-1,1375,1348,1331,-1,1376,1332,1358,-1,1376,1349,1332,-1,1377,1333,1359,-1,1377,1350,1333,-1,1378,1351,1360,-1,1379,1352,1335,-1,1379,1335,1361,-1,1379,1372,1352,-1,1380,1336,1362,-1,1380,1353,1336,-1,1380,1373,1353,-1,1381,1382,1355,-1,1381,1354,1337,-1,1381,1355,1354,-1,1381,1337,1363,-1,1383,1356,1338,-1,1383,1338,1364,-1,1384,1340,1367,-1,1384,1357,1340,-1,1385,1358,1368,-1,1386,1359,1342,-1,1386,1377,1359,-1,1386,1342,1369,-1,1387,1360,1370,-1,1388,1344,1371,-1,1388,1379,1361,-1,1388,1361,1344,-1,1389,1362,1345,-1,1389,1345,1372,-1,1389,1380,1362,-1,1390,1381,1363,-1,1390,1346,1373,-1,1390,1363,1346,-1,1391,1364,1366,-1,1392,1367,1374,-1,1393,1385,1368,-1,1393,1368,1375,-1,1394,1369,1349,-1,1394,1349,1376,-1,1395,1387,1370,-1,1395,1350,1377,-1,1395,1370,1350,-1,1396,1371,1351,-1,1396,1351,1378,-1,1397,1372,1379,-1,1398,1373,1380,-1,1399,1356,1383,-1,1399,1374,1356,-1,1400,1357,1384,-1,1400,1375,1357,-1,1401,1394,1376,-1,1401,1376,1358,-1,1401,1358,1385,-1,1402,1377,1386,-1,1403,1378,1360,-1,1403,1360,1387,-1,1404,1379,1388,-1,1405,1380,1389,-1,1406,1407,1382,-1,1406,1382,1381,-1,1406,1381,1390,-1,1408,1383,1364,-1,1408,1364,1391,-1,1409,1367,1392,-1,1409,1400,1384,-1,1409,1384,1367,-1,1410,1385,1393,-1,1411,1369,1394,-1,1411,1386,1369,-1,1412,1387,1395,-1,1413,1388,1371,-1,1413,1371,1396,-1,1414,1372,1397,-1,1414,1389,1372,-1,1415,1373,1398,-1,1415,1406,1390,-1,1415,1390,1373,-1,1416,1366,1417,-1,1416,1408,1391,-1,1416,1391,1366,-1,1418,1374,1399,-1,1418,1392,1374,-1,1419,1375,1400,-1,1419,1393,1375,-1,1420,1394,1401,-1,1421,1395,1377,-1,1421,1412,1395,-1,1421,1377,1402,-1,1422,1396,1378,-1,1422,1378,1403,-1,1423,1397,1379,-1,1423,1379,1404,-1,1423,1414,1397,-1,1424,1398,1380,-1,1424,1415,1398,-1,1424,1380,1405,-1,1425,1383,1408,-1,1425,1399,1383,-1,1425,1418,1399,-1,1426,1400,1409,-1,1426,1419,1400,-1,1427,1401,1385,-1,1427,1385,1410,-1,1428,1402,1386,-1,1428,1386,1411,-1,1429,1403,1387,-1,1429,1422,1403,-1,1429,1387,1412,-1,1430,1388,1413,-1,1430,1423,1404,-1,1430,1404,1388,-1,1431,1405,1389,-1,1431,1389,1414,-1,1432,1407,1406,-1,1432,1406,1415,-1,1432,1433,1407,-1,1434,1408,1416,-1,1435,1392,1418,-1,1435,1409,1392,-1,1436,1393,1419,-1,1436,1410,1393,-1,1437,1394,1420,-1,1437,1411,1394,-1,1438,1412,1421,-1,1439,1396,1422,-1,1439,1413,1396,-1,1440,1431,1414,-1,1440,1414,1423,-1,1441,1415,1424,-1,1442,1417,1443,-1,1442,1416,1417,-1,1444,1418,1425,-1,1445,1419,1426,-1,1445,1436,1419,-1,1446,1401,1427,-1,1446,1420,1401,-1,1446,1437,1420,-1,1447,1402,1428,-1,1447,1421,1402,-1,1448,1422,1429,-1,1449,1440,1423,-1,1449,1423,1430,-1,1450,1405,1431,-1,1450,1424,1405,-1,1451,1425,1408,-1,1451,1408,1434,-1,1451,1444,1425,-1,1452,1409,1435,-1,1452,1445,1426,-1,1452,1426,1409,-1,1453,1410,1436,-1,1453,1427,1410,-1,1454,1447,1428,-1,1454,1411,1437,-1,1454,1428,1411,-1,1455,1412,1438,-1,1455,1429,1412,-1,1455,1448,1429,-1,1456,1413,1439,-1,1456,1430,1413,-1,1457,1431,1440,-1,1458,1415,1441,-1,1458,1433,1432,-1,1458,1432,1415,-1,1458,1459,1433,-1,1460,1434,1416,-1,1460,1416,1442,-1,1461,1418,1444,-1,1461,1435,1418,-1,1462,1436,1445,-1,1463,1454,1437,-1,1463,1437,1446,-1,1464,1438,1421,-1,1464,1421,1447,-1,1465,1422,1448,-1,1465,1456,1439,-1,1465,1439,1422,-1,1466,1440,1449,-1,1466,1457,1440,-1,1467,1424,1450,-1,1467,1441,1424,-1,1468,1443,1469,-1,1468,1442,1443,-1,1470,1444,1451,-1,1471,1445,1452,-1,1471,1462,1445,-1,1472,1446,1427,-1,1472,1427,1453,-1,1473,1464,1447,-1,1473,1447,1454,-1,1474,1465,1448,-1,1474,1448,1455,-1,1475,1430,1456,-1,1475,1449,1430,-1,1476,1431,1457,-1,1476,1450,1431,-1,1476,1467,1450,-1,1477,1451,1434,-1,1477,1434,1460,-1,1478,1435,1461,-1,1478,1471,1452,-1,1478,1452,1435,-1,1479,1436,1462,-1,1479,1453,1436,-1,1480,1454,1463,-1,1481,1438,1464,-1,1481,1455,1438,-1,1482,1456,1465,-1,1483,1457,1466,-1,1484,1459,1458,-1,1484,1441,1467,-1,1484,1458,1441,-1,1484,1485,1459,-1,1486,1477,1460,-1,1486,1460,1442,-1,1486,1442,1468,-1,1487,1444,1470,-1,1487,1461,1444,-1,1488,1462,1471,-1,1489,1463,1446,-1,1489,1446,1472,-1,1490,1464,1473,-1,1491,1465,1474,-1,1492,1449,1475,-1,1492,1466,1449,-1,1493,1467,1476,-1,1494,1469,1495,-1,1494,1468,1469,-1,1496,1451,1477,-1,1496,1470,1451,-1,1497,1471,1478,-1,1498,1472,1453,-1,1498,1453,1479,-1,1499,1473,1454,-1,1499,1454,1480,-1,1500,1474,1455,-1,1500,1455,1481,-1,1501,1492,1475,-1,1501,1456,1482,-1,1501,1475,1456,-1,1502,1457,1483,-1,1502,1476,1457,-1,1503,1477,1486,-1,1504,1478,1461,-1,1504,1461,1487,-1,1504,1497,1478,-1,1505,1479,1462,-1,1505,1462,1488,-1,1506,1463,1489,-1,1506,1480,1463,-1,1507,1500,1481,-1,1507,1464,1490,-1,1507,1481,1464,-1,1508,1465,1491,-1,1508,1482,1465,-1,1509,1483,1466,-1,1509,1466,1492,-1,1510,1484,1467,-1,1510,1467,1493,-1,1510,1485,1484,-1,1510,1511,1485,-1,1512,1468,1494,-1,1512,1503,1486,-1,1512,1486,1468,-1,1513,1487,1470,-1,1513,1470,1496,-1,1514,1488,1471,-1,1514,1471,1497,-1,1514,1505,1488,-1,1515,1506,1489,-1,1515,1489,1472,-1,1515,1472,1498,-1,1516,1473,1499,-1,1516,1490,1473,-1,1517,1474,1500,-1,1517,1491,1474,-1,1518,1492,1501,-1,1519,1476,1502,-1,1519,1493,1476,-1,1519,1510,1493,-1,1520,1494,1495,-1,1520,1495,1521,-1,1522,1477,1503,-1,1522,1496,1477,-1,1523,1497,1504,-1,1523,1514,1497,-1,1524,1479,1505,-1,1524,1498,1479,-1,1524,1515,1498,-1,1525,1480,1506,-1,1525,1499,1480,-1,1526,1500,1507,-1,1527,1501,1482,-1,1527,1482,1508,-1,1527,1518,1501,-1,1528,1483,1509,-1,1528,1502,1483,-1,1529,1503,1512,-1,1530,1487,1513,-1,1530,1504,1487,-1,1530,1523,1504,-1,1531,1505,1514,-1,1532,1506,1515,-1,1532,1525,1506,-1,1533,1490,1516,-1,1533,1526,1507,-1,1533,1507,1490,-1,1534,1491,1517,-1,1534,1508,1491,-1,1535,1509,1492,-1,1535,1528,1509,-1,1535,1492,1518,-1,1536,1511,1510,-1,1536,1510,1519,-1,1536,1537,1511,-1,1538,1494,1520,-1,1538,1512,1494,-1,1538,1529,1512,-1,1539,1513,1496,-1,1539,1496,1522,-1,1540,1514,1523,-1,1541,1515,1524,-1,1542,1516,1499,-1,1542,1499,1525,-1,1543,1517,1500,-1,1543,1500,1526,-1,1544,1518,1527,-1,1545,1502,1528,-1,1545,1519,1502,-1,1546,1520,1521,-1,1546,1521,1547,-1,1548,1522,1503,-1,1548,1539,1522,-1,1548,1503,1529,-1,1549,1523,1530,-1,1550,1524,1505,-1,1550,1505,1531,-1,1551,1525,1532,-1,1551,1542,1525,-1,1552,1526,1533,-1,1553,1508,1534,-1,1553,1527,1508,-1,1554,1528,1535,-1,1554,1545,1528,-1,1555,1548,1529,-1,1555,1529,1538,-1,1556,1530,1513,-1,1556,1513,1539,-1,1557,1531,1514,-1,1557,1514,1540,-1,1558,1515,1541,-1,1558,1532,1515,-1,1558,1551,1532,-1,1559,1516,1542,-1,1559,1533,1516,-1,1560,1517,1543,-1,1560,1534,1517,-1,1561,1535,1518,-1,1561,1518,1544,-1,1562,1537,1536,-1,1562,1519,1545,-1,1562,1536,1519,-1,1562,1563,1537,-1,1564,1538,1520,-1,1564,1520,1546,-1,1565,1539,1548,-1,1566,1540,1523,-1,1566,1523,1549,-1,1567,1541,1524,-1,1567,1524,1550,-1,1567,1558,1541,-1,1568,1542,1551,-1,1569,1560,1543,-1,1569,1526,1552,-1,1569,1543,1526,-1,1570,1544,1527,-1,1570,1527,1553,-1,1570,1561,1544,-1,1571,1545,1554,-1,1572,1546,1547,-1,1572,1547,1573,-1,1574,1548,1555,-1,1574,1565,1548,-1,1575,1549,1530,-1,1575,1566,1549,-1,1575,1530,1556,-1,1576,1550,1531,-1,1576,1531,1557,-1,1576,1567,1550,-1,1577,1568,1551,-1,1577,1551,1558,-1,1578,1552,1533,-1,1578,1533,1559,-1,1578,1569,1552,-1,1579,1553,1534,-1,1579,1534,1560,-1,1580,1535,1561,-1,1580,1554,1535,-1,1581,1555,1538,-1,1581,1538,1564,-1,1582,1556,1539,-1,1582,1539,1565,-1,1583,1540,1566,-1,1583,1557,1540,-1,1584,1558,1567,-1,1585,1559,1542,-1,1585,1542,1568,-1,1586,1560,1569,-1,1587,1561,1570,-1,1588,1563,1562,-1,1588,1562,1545,-1,1588,1545,1571,-1,1588,1589,1563,-1,1590,1546,1572,-1,1590,1564,1546,-1,1590,1581,1564,-1,1591,1565,1574,-1,1592,1566,1575,-1,1593,1567,1576,-1,1594,1568,1577,-1,1595,1569,1578,-1,1596,1553,1579,-1,1596,1570,1553,-1,1597,1588,1571,-1,1597,1571,1554,-1,1597,1554,1580,-1,1598,1572,1573,-1,1598,1590,1572,-1,1598,1573,1599,-1,1600,1555,1581,-1,1600,1574,1555,-1,1601,1556,1582,-1,1601,1575,1556,-1,1601,1592,1575,-1,1602,1557,1583,-1,1602,1576,1557,-1,1603,1558,1584,-1,1603,1577,1558,-1,1603,1594,1577,-1,1604,1559,1585,-1,1604,1578,1559,-1,1605,1579,1560,-1,1605,1560,1586,-1,1606,1561,1587,-1,1606,1580,1561,-1,1607,1581,1590,-1,1608,1565,1591,-1,1608,1582,1565,-1,1609,1583,1566,-1,1609,1602,1583,-1,1609,1566,1592,-1,1610,1584,1567,-1,1610,1603,1584,-1,1610,1567,1593,-1,1611,1568,1594,-1,1611,1604,1585,-1,1611,1585,1568,-1,1612,1569,1595,-1,1612,1586,1569,-1,1613,1587,1570,-1,1613,1570,1596,-1,1614,1588,1597,-1,1614,1589,1588,-1,1614,1615,1589,-1,1616,1590,1598,-1,1616,1607,1590,-1,1617,1591,1574,-1,1617,1574,1600,-1,1617,1608,1591,-1,1618,1592,1601,-1,1619,1593,1576,-1,1619,1576,1602,-1,1620,1594,1603,-1,1621,1578,1604,-1,1621,1612,1595,-1,1621,1595,1578,-1,1622,1596,1579,-1,1622,1579,1605,-1,1622,1613,1596,-1,1623,1580,1606,-1,1623,1597,1580,-1,1624,1599,1625,-1,1624,1598,1599,-1,1626,1581,1607,-1,1626,1600,1581,-1,1626,1617,1600,-1,1627,1582,1608,-1,1627,1618,1601,-1,1627,1601,1582,-1,1628,1602,1609,-1,1628,1619,1602,-1,1629,1603,1610,-1,1630,1604,1611,-1,1631,1586,1612,-1,1631,1622,1605,-1,1631,1605,1586,-1,1632,1606,1587,-1,1632,1587,1613,-1,1633,1607,1616,-1,1634,1608,1617,-1,1635,1592,1618,-1,1635,1609,1592,-1,1636,1610,1593,-1,1636,1593,1619,-1,1637,1611,1594,-1,1637,1630,1611,-1,1637,1594,1620,-1,1638,1612,1621,-1,1639,1613,1622,-1,1640,1615,1614,-1,1640,1597,1623,-1,1640,1614,1597,-1,1640,1641,1615,-1,1642,1616,1598,-1,1642,1598,1624,-1,1643,1617,1626,-1,1644,1618,1627,-1,1645,1619,1628,-1,1646,1603,1629,-1,1646,1620,1603,-1,1646,1637,1620,-1,1647,1604,1630,-1,1647,1621,1604,-1,1648,1622,1631,-1,1649,1623,1606,-1,1649,1606,1632,-1,1650,1624,1625,-1,1650,1625,1651,-1,1652,1607,1633,-1,1652,1643,1626,-1,1652,1626,1607,-1,1653,1627,1608,-1,1653,1608,1634,-1,1654,1645,1628,-1,1654,1628,1609,-1,1654,1609,1635,-1,1655,1629,1610,-1,1655,1610,1636,-1,1656,1630,1637,-1,1657,1612,1638,-1,1657,1631,1612,-1,1658,1649,1632,-1,1658,1632,1613,-1,1658,1613,1639,-1,1659,1633,1616,-1,1659,1616,1642,-1,1660,1634,1617,-1,1660,1617,1643,-1,1661,1654,1635,-1,1661,1635,1618,-1,1661,1618,1644,-1,1662,1636,1619,-1,1662,1619,1645,-1,1663,1637,1646,-1,1663,1656,1637,-1,1664,1621,1647,-1,1664,1638,1621,-1,1665,1622,1648,-1,1665,1658,1639,-1,1665,1639,1622,-1,1666,1641,1640,-1,1666,1623,1649,-1,1666,1640,1623,-1,1666,1667,1641,-1,1668,1642,1624,-1,1668,1624,1650,-1,1668,1659,1642,-1,1669,1643,1652,-1,1670,1644,1627,-1,1670,1627,1653,-1,1671,1645,1654,-1,1671,1662,1645,-1,1672,1629,1655,-1,1672,1646,1629,-1,1673,1664,1647,-1,1673,1630,1656,-1,1673,1647,1630,-1,1674,1648,1631,-1,1674,1631,1657,-1,1674,1665,1648,-1,1675,1649,1658,-1,1676,1668,1650,-1,1676,1650,1651,-1,1676,1651,1677,-1,1678,1633,1659,-1,1678,1652,1633,-1,1679,1653,1634,-1,1679,1634,1660,-1,1679,1670,1653,-1,1680,1654,1661,-1,1680,1671,1654,-1,1681,1672,1655,-1,1681,1636,1662,-1,1681,1655,1636,-1,1682,1656,1663,-1,1683,1674,1657,-1,1683,1638,1664,-1,1683,1657,1638,-1,1684,1658,1665,-1,1685,1659,1668,-1,1686,1643,1669,-1,1686,1660,1643,-1,1687,1661,1644,-1,1687,1644,1670,-1,1688,1662,1671,-1,1689,1646,1672,-1,1689,1663,1646,-1,1689,1682,1663,-1,1690,1664,1673,-1,1691,1665,1674,-1,1692,1667,1666,-1,1692,1693,1667,-1,1692,1666,1649,-1,1692,1649,1675,-1,1694,1668,1676,-1,1695,1652,1678,-1,1695,1669,1652,-1,1696,1670,1679,-1,1697,1671,1680,-1,1698,1689,1672,-1,1698,1672,1681,-1,1699,1656,1682,-1,1699,1690,1673,-1,1699,1673,1656,-1,1700,1674,1683,-1,1701,1658,1684,-1,1701,1675,1658,-1,1702,1676,1677,-1,1702,1694,1676,-1,1702,1677,1703,-1,1704,1659,1685,-1,1704,1678,1659,-1,1705,1696,1679,-1,1705,1660,1686,-1,1705,1679,1660,-1,1706,1661,1687,-1,1706,1680,1661,-1,1707,1662,1688,-1,1707,1698,1681,-1,1707,1681,1662,-1,1708,1682,1689,-1,1709,1683,1664,-1,1709,1664,1690,-1,1710,1665,1691,-1,1710,1684,1665,-1,1710,1701,1684,-1,1711,1685,1668,-1,1711,1704,1685,-1,1711,1668,1694,-1,1712,1669,1695,-1,1712,1686,1669,-1,1713,1670,1696,-1,1713,1687,1670,-1,1714,1671,1697,-1,1714,1688,1671,-1,1715,1689,1698,-1,1716,1690,1699,-1,1717,1710,1691,-1,1717,1674,1700,-1,1717,1691,1674,-1,1718,1692,1675,-1,1718,1675,1701,-1,1718,1693,1692,-1,1718,1719,1693,-1,1720,1694,1702,-1,1721,1678,1704,-1,1721,1695,1678,-1,1722,1696,1705,-1,1723,1680,1706,-1,1723,1697,1680,-1,1724,1698,1707,-1,1725,1699,1682,-1,1725,1682,1708,-1,1726,1683,1709,-1,1726,1700,1683,-1,1727,1701,1710,-1,1728,1702,1703,-1,1728,1703,1729,-1,1730,1721,1704,-1,1730,1704,1711,-1,1731,1686,1712,-1,1731,1705,1686,-1,1732,1687,1713,-1,1732,1723,1706,-1,1732,1706,1687,-1,1733,1688,1714,-1,1733,1724,1707,-1,1733,1707,1688,-1,1734,1708,1689,-1,1734,1689,1715,-1,1735,1690,1716,-1,1735,1709,1690,-1,1736,1710,1717,-1,1737,1694,1720,-1,1737,1711,1694,-1,1738,1695,1721,-1,1738,1712,1695,-1,1739,1732,1713,-1,1739,1713,1696,-1,1739,1696,1722,-1,1740,1697,1723,-1,1740,1714,1697,-1,1741,1698,1724,-1,1741,1715,1698,-1,1742,1699,1725,-1,1742,1735,1716,-1,1742,1716,1699,-1,1743,1700,1726,-1,1743,1717,1700,-1,1743,1736,1717,-1,1744,1718,1701,-1,1744,1719,1718,-1,1744,1701,1727,-1,1744,1745,1719,-1,1746,1720,1702,-1,1746,1702,1728,-1,1747,1721,1730,-1,1748,1705,1731,-1,1748,1722,1705,-1,1749,1723,1732,-1,1750,1724,1733,-1,1750,1741,1724,-1,1751,1725,1708,-1,1751,1742,1725,-1,1751,1708,1734,-1,1752,1709,1735,-1,1752,1726,1709,-1,1753,1727,1710,-1,1753,1710,1736,-1,1754,1728,1729,-1,1754,1729,1755,-1,1756,1730,1711,-1,1756,1711,1737,-1,1757,1731,1712,-1,1757,1712,1738,-1,1758,1732,1739,-1,1759,1714,1740,-1,1759,1733,1714,-1,1760,1715,1741,-1,1760,1734,1715,-1,1761,1735,1742,-1,1762,1753,1736,-1,1762,1736,1743,-1,1763,1756,1737,-1,1763,1720,1746,-1,1763,1737,1720,-1,1764,1738,1721,-1,1764,1721,1747,-1,1765,1722,1748,-1,1765,1739,1722,-1,1766,1723,1749,-1,1766,1759,1740,-1,1766,1740,1723,-1,1767,1741,1750,-1,1768,1742,1751,-1,1768,1761,1742,-1,1769,1743,1726,-1,1769,1726,1752,-1,1770,1745,1744,-1,1770,1744,1727,-1,1770,1771,1745,-1,1770,1727,1753,-1,1772,1728,1754,-1,1772,1746,1728,-1,1773,1730,1756,-1,1773,1747,1730,-1,1774,1731,1757,-1,1774,1748,1731,-1,1775,1732,1758,-1,1775,1749,1732,-1,1776,1767,1750,-1,1776,1733,1759,-1,1776,1750,1733,-1,1777,1734,1760,-1,1777,1751,1734,-1,1778,1735,1761,-1,1778,1752,1735,-1,1778,1769,1752,-1,1779,1753,1762,-1,1780,1772,1754,-1,1780,1754,1755,-1,1780,1755,1781,-1,1782,1756,1763,-1,1783,1738,1764,-1,1783,1757,1738,-1,1783,1774,1757,-1,1784,1739,1765,-1,1784,1758,1739,-1,1785,1759,1766,-1,1786,1741,1767,-1,1786,1760,1741,-1,1786,1777,1760,-1,1787,1761,1768,-1,1788,1743,1769,-1,1788,1762,1743,-1,1789,1746,1772,-1,1789,1763,1746,-1,1790,1764,1747,-1,1790,1747,1773,-1,1791,1765,1748,-1,1791,1748,1774,-1,1792,1749,1775,-1,1792,1766,1749,-1,1793,1767,1776,-1,1794,1751,1777,-1,1794,1768,1751,-1,1795,1769,1778,-1,1796,1753,1779,-1,1796,1771,1770,-1,1796,1797,1771,-1,1796,1770,1753,-1,1798,1789,1772,-1,1798,1772,1780,-1,1799,1773,1756,-1,1799,1756,1782,-1,1800,1774,1783,-1,1800,1791,1774,-1,1801,1758,1784,-1,1801,1775,1758,-1,1802,1793,1776,-1,1802,1759,1785,-1,1802,1776,1759,-1,1803,1777,1786,-1,1804,1778,1761,-1,1804,1761,1787,-1,1805,1762,1788,-1,1805,1779,1762,-1,1806,1781,1807,-1,1806,1798,1780,-1,1806,1780,1781,-1,1808,1763,1789,-1,1808,1782,1763,-1,1809,1783,1764,-1,1809,1764,1790,-1,1810,1801,1784,-1,1810,1765,1791,-1,1810,1784,1765,-1,1811,1766,1792,-1,1811,1802,1785,-1,1811,1785,1766,-1,1812,1767,1793,-1,1812,1786,1767,-1,1812,1803,1786,-1,1813,1768,1794,-1,1813,1787,1768,-1,1814,1805,1788,-1,1814,1769,1795,-1,1814,1788,1769,-1,1815,1789,1798,-1,1816,1790,1773,-1,1816,1773,1799,-1,1817,1791,1800,-1,1818,1792,1775,-1,1818,1775,1801,-1,1819,1793,1802,-1,1819,1812,1793,-1,1820,1777,1803,-1,1820,1813,1794,-1,1820,1794,1777,-1,1821,1778,1804,-1,1821,1795,1778,-1,1822,1797,1796,-1,1822,1779,1805,-1,1822,1823,1797,-1,1822,1796,1779,-1,1824,1798,1806,-1,1825,1799,1782,-1,1825,1782,1808,-1,1826,1783,1809,-1,1826,1800,1783,-1,1827,1801,1810,-1,1828,1802,1811,-1,1828,1819,1802,-1,1829,1820,1803,-1,1829,1803,1812,-1,1830,1804,1787,-1,1830,1787,1813,-1,1831,1805,1814,-1,1832,1824,1806,-1,1832,1806,1807,-1,1832,1807,1833,-1,1834,1808,1789,-1,1834,1789,1815,-1,1834,1825,1808,-1,1835,1790,1816,-1,1835,1809,1790,-1,1836,1827,1810,-1,1836,1810,1791,-1,1836,1791,1817,-1,1837,1792,1818,-1,1837,1811,1792,-1,1838,1812,1819,-1,1839,1813,1820,-1,1840,1814,1795,-1,1840,1795,1821,-1,1841,1798,1824,-1,1841,1815,1798,-1,1842,1799,1825,-1,1842,1816,1799,-1,1843,1817,1800,-1,1843,1800,1826,-1,1844,1801,1827,-1,1844,1818,1801,-1,1845,1819,1828,-1,1846,1820,1829,-1,1846,1839,1820,-1,1847,1804,1830,-1,1847,1821,1804,-1,1848,1822,1805,-1,1848,1823,1822,-1,1848,1805,1831,-1,1848,1849,1823,-1,1850,1824,1832,-1,1851,1825,1834,-1,1852,1826,1809,-1,1852,1809,1835,-1,1853,1827,1836,-1,1854,1811,1837,-1,1854,1828,1811,-1,1855,1846,1829,-1,1855,1812,1838,-1,1855,1829,1812,-1,1856,1813,1839,-1,1856,1830,1813,-1,1856,1847,1830,-1,1857,1814,1840,-1,1857,1831,1814,-1,1858,1832,1833,-1,1858,1833,1859,-1,1860,1834,1815,-1,1860,1815,1841,-1,1861,1835,1816,-1,1861,1816,1842,-1,1861,1852,1835,-1,1862,1817,1843,-1,1862,1836,1817,-1,1863,1837,1818,-1,1863,1818,1844,-1,1864,1838,1819,-1,1864,1819,1845,-1,1864,1855,1838,-1,1865,1856,1839,-1,1865,1839,1846,-1,1866,1840,1821,-1,1866,1821,1847,-1,1867,1860,1841,-1,1867,1841,1824,-1,1867,1824,1850,-1,1868,1861,1842,-1,1868,1842,1825,-1,1868,1825,1851,-1,1869,1843,1826,-1,1869,1826,1852,-1,1870,1844,1827,-1,1870,1827,1853,-1,1871,1828,1854,-1,1871,1845,1828,-1,1872,1865,1846,-1,1872,1846,1855,-1,1873,1847,1856,-1,1874,1831,1857,-1,1874,1848,1831,-1,1874,1875,1849,-1,1874,1849,1848,-1,1876,1850,1832,-1,1876,1832,1858,-1,1877,1851,1834,-1,1877,1834,1860,-1,1878,1852,1861,-1,1879,1836,1862,-1,1879,1853,1836,-1,1880,1871,1854,-1,1880,1837,1863,-1,1880,1854,1837,-1,1881,1855,1864,-1,1882,1856,1865,-1,1883,1874,1857,-1,1883,1840,1866,-1,1883,1857,1840,-1,1884,1876,1858,-1,1884,1858,1859,-1,1884,1859,1885,-1,1886,1877,1860,-1,1886,1860,1867,-1,1887,1878,1861,-1,1887,1861,1868,-1,1888,1843,1869,-1,1888,1862,1843,-1,1889,1844,1870,-1,1889,1880,1863,-1,1889,1863,1844,-1,1890,1845,1871,-1,1890,1864,1845,-1,1891,1865,1872,-1,1892,1847,1873,-1,1892,1866,1847,-1,1893,1850,1876,-1,1893,1867,1850,-1,1894,1868,1851,-1,1894,1851,1877,-1,1895,1852,1878,-1,1895,1869,1852,-1,1896,1870,1853,-1,1896,1853,1879,-1,1897,1871,1880,-1,1898,1855,1881,-1,1898,1891,1872,-1,1898,1872,1855,-1,1899,1892,1873,-1,1899,1873,1856,-1,1899,1856,1882,-1,1900,1874,1883,-1,1900,1875,1874,-1,1900,1901,1875,-1,1902,1876,1884,-1,1903,1877,1886,-1,1904,1878,1887,-1,1905,1879,1862,-1,1905,1862,1888,-1,1906,1880,1889,-1,1906,1897,1880,-1,1907,1881,1864,-1,1907,1864,1890,-1,1908,1865,1891,-1,1908,1882,1865,-1,1909,1866,1892,-1,1909,1883,1866,-1,1910,1884,1885,-1,1910,1885,1911,-1,1912,1867,1893,-1,1912,1886,1867,-1,1913,1868,1894,-1,1913,1887,1868,-1,1913,1904,1887,-1,1914,1869,1895,-1,1914,1888,1869,-1,1915,1889,1870,-1,1915,1870,1896,-1,1916,1890,1871,-1,1916,1871,1897,-1,1917,1908,1891,-1,1917,1891,1898,-1,1918,1892,1899,-1,1919,1876,1902,-1,1919,1893,1876,-1,1919,1912,1893,-1,1920,1877,1903,-1,1920,1894,1877,-1,1921,1878,1904,-1,1921,1895,1878,-1,1921,1914,1895,-1,1922,1896,1879,-1,1922,1879,1905,-1,1923,1897,1906,-1,1924,1881,1907,-1,1924,1898,1881,-1,1925,1882,1908,-1,1925,1899,1882,-1,1925,1918,1899,-1,1926,1901,1900,-1,1926,1883,1909,-1,1926,1900,1883,-1,1926,1927,1901,-1,1928,1919,1902,-1,1928,1902,1884,-1,1928,1884,1910,-1,1929,1886,1912,-1,1929,1903,1886,-1,1930,1904,1913,-1,1931,1888,1914,-1,1931,1905,1888,-1,1932,1889,1915,-1,1932,1906,1889,-1,1932,1923,1906,-1,1933,1924,1907,-1,1933,1907,1890,-1,1933,1890,1916,-1,1934,1908,1917,-1,1935,1909,1892,-1,1935,1892,1918,-1,1935,1926,1909,-1,1936,1910,1911,-1,1936,1911,1937,-1,1938,1929,1912,-1,1938,1912,1919,-1,1939,1913,1894,-1,1939,1894,1920,-1,1939,1930,1913,-1,1940,1914,1921,-1,1940,1931,1914,-1,1941,1896,1922,-1,1941,1915,1896,-1,1941,1932,1915,-1,1942,1897,1923,-1,1942,1916,1897,-1,1943,1898,1924,-1,1943,1917,1898,-1,1944,1918,1925,-1,1945,1919,1928,-1,1946,1903,1929,-1,1946,1920,1903,-1,1947,1904,1930,-1,1947,1921,1904,-1,1947,1940,1921,-1,1948,1922,1905,-1,1948,1905,1931,-1,1949,1923,1932,-1,1950,1924,1933,-1,1951,1925,1908,-1,1951,1944,1925,-1,1951,1908,1934,-1,1952,1926,1935,-1,1952,1953,1927,-1,1952,1927,1926,-1,1954,1910,1936,-1,1954,1928,1910,-1,1955,1929,1938,-1,1956,1930,1939,-1,1957,1931,1940,-1,1958,1932,1941,-1,1959,1950,1933,-1,1959,1916,1942,-1,1959,1933,1916,-1,1960,1934,1917,-1,1960,1917,1943,-1,1961,1952,1935,-1,1961,1918,1944,-1,1961,1935,1918,-1,1962,1936,1937,-1,1962,1937,1963,-1,1964,1938,1919,-1,1964,1919,1945,-1,1964,1955,1938,-1,1965,1939,1920,-1,1965,1920,1946,-1,1966,1940,1947,-1,1967,1941,1922,-1,1967,1922,1948,-1,1968,1942,1923,-1,1968,1923,1949,-1,1969,1943,1924,-1,1969,1924,1950,-1,1970,1944,1951,-1,1971,1945,1928,-1,1971,1928,1954,-1,1972,1929,1955,-1,1972,1946,1929,-1,1973,1947,1930,-1,1973,1966,1947,-1,1973,1930,1956,-1,1974,1967,1948,-1,1974,1948,1931,-1,1974,1931,1957,-1,1975,1949,1932,-1,1975,1932,1958,-1,1976,1969,1950,-1,1976,1950,1959,-1,1977,1934,1960,-1,1977,1951,1934,-1,1978,1953,1952,-1,1978,1979,1953,-1,1978,1952,1961,-1,1980,1971,1954,-1,1980,1954,1936,-1,1980,1936,1962,-1,1981,1955,1964,-1,1982,1956,1939,-1,1982,1939,1965,-1,1983,1957,1940,-1,1983,1940,1966,-1,1984,1958,1941,-1,1984,1941,1967,-1,1984,1975,1958,-1,1985,1942,1968,-1,1985,1976,1959,-1,1985,1959,1942,-1,1986,1960,1943,-1,1986,1943,1969,-1,1987,1961,1944,-1,1987,1944,1970,-1,1988,1963,1989,-1,1988,1962,1963,-1,1990,1945,1971,-1,1990,1964,1945,-1,1991,1982,1965,-1,1991,1965,1946,-1,1991,1946,1972,-1,1992,1966,1973,-1,1993,1967,1974,-1,1994,1949,1975,-1,1994,1968,1949,-1,1995,1969,1976,-1,1996,1970,1951,-1,1996,1951,1977,-1,1997,1971,1980,-1,1998,1955,1981,-1,1998,1972,1955,-1,1999,1956,1982,-1,1999,1973,1956,-1,2000,1974,1957,-1,2000,1957,1983,-1,2001,1994,1975,-1,2001,1975,1984,-1,2002,1976,1985,-1,2003,1977,1960,-1,2003,1960,1986,-1,2004,1961,1987,-1,2004,1979,1978,-1,2004,1978,1961,-1,2004,2005,1979,-1,2006,1962,1988,-1,2006,1980,1962,-1,2007,1981,1964,-1,2007,1964,1990,-1,2008,1982,1991,-1,2009,1966,1992,-1,2009,1983,1966,-1,2009,2000,1983,-1,2010,1984,1967,-1,2010,1967,1993,-1,2010,2001,1984,-1,2011,1985,1968,-1,2011,1968,1994,-1,2012,1986,1969,-1,2012,1969,1995,-1,2013,1970,1996,-1,2013,1987,1970,-1,2014,1988,1989,-1,2014,1989,2015,-1,2016,1990,1971,-1,2016,1971,1997,-1,2017,1991,1972,-1,2017,1972,1998,-1,2018,1992,1973,-1,2018,1973,1999,-1,2019,1974,2000,-1,2019,1993,1974,-1,2019,2010,1993,-1,2020,1994,2001,-1,2021,1995,1976,-1,2021,1976,2002,-1,2022,1996,1977,-1,2022,1977,2003,-1,2023,1997,1980,-1,2023,1980,2006,-1,2024,1981,2007,-1,2024,1998,1981,-1,2025,2018,1999,-1,2025,1999,1982,-1,2025,1982,2008,-1,2026,2000,2009,-1,2027,2001,2010,-1,2028,1985,2011,-1,2028,2002,1985,-1,2029,1986,2012,-1,2029,2022,2003,-1,2029,2003,1986,-1,2030,2005,2004,-1,2030,1987,2013,-1,2030,2031,2005,-1,2030,2004,1987,-1,2032,1988,2014,-1,2032,2006,1988,-1,2033,1990,2016,-1,2033,2007,1990,-1,2033,2024,2007,-1,2034,1991,2017,-1,2034,2008,1991,-1,2035,1992,2018,-1,2035,2009,1992,-1,2036,2010,2019,-1,2036,2027,2010,-1,2037,2028,2011,-1,2037,1994,2020,-1,2037,2011,1994,-1,2038,1995,2021,-1,2038,2012,1995,-1,2039,1996,2022,-1,2039,2013,1996,-1,2040,2014,2015,-1,2040,2015,2041,-1,2042,1997,2023,-1,2042,2016,1997,-1,2043,1998,2024,-1,2043,2017,1998,-1,2044,2018,2025,-1,2045,2019,2000,-1,2045,2000,2026,-1,2046,2001,2027,-1,2046,2020,2001,-1,2046,2037,2020,-1,2047,2002,2028,-1,2047,2021,2002,-1,2048,2022,2029,-1,2049,2006,2032,-1,2049,2042,2023,-1,2049,2023,2006,-1,2050,2024,2033,-1,2050,2043,2024,-1,2051,2008,2034,-1,2051,2025,2008,-1,2052,2026,2009,-1,2052,2009,2035,-1,2053,2027,2036,-1,2054,2047,2028,-1,2054,2028,2037,-1,2055,2012,2038,-1,2055,2029,2012,-1,2056,2013,2039,-1,2056,2030,2013,-1,2056,2057,2031,-1,2056,2031,2030,-1,2058,2032,2014,-1,2058,2014,2040,-1,2059,2016,2042,-1,2059,2033,2016,-1,2060,2017,2043,-1,2060,2034,2017,-1,2061,2018,2044,-1,2061,2035,2018,-1,2061,2052,2035,-1,2062,2036,2019,-1,2062,2019,2045,-1,2063,2037,2046,-1,2064,2021,2047,-1,2064,2038,2021,-1,2065,2056,2039,-1,2065,2022,2048,-1,2065,2039,2022,-1,2066,2040,2041,-1,2066,2067,2068,-1,2066,2041,2067,-1,2069,2042,2049,-1,2070,2043,2050,-1,2071,2044,2025,-1,2071,2061,2044,-1,2071,2025,2051,-1,2072,2026,2052,-1,2072,2045,2026,-1,2073,2027,2053,-1,2073,2046,2027,-1,2074,2047,2054,-1,2075,2029,2055,-1,2075,2048,2029,-1,2076,2032,2058,-1,2076,2049,2032,-1,2077,2033,2059,-1,2077,2050,2033,-1,2078,2051,2034,-1,2078,2034,2060,-1,2079,2052,2061,-1,2080,2053,2036,-1,2080,2036,2062,-1,2081,2074,2054,-1,2081,2054,2037,-1,2081,2037,2063,-1,2082,2055,2038,-1,2082,2038,2064,-1,2083,2056,2065,-1,2083,2057,2056,-1,2083,2084,2057,-1,2085,2076,2058,-1,2085,2040,2066,-1,2085,2058,2040,-1,2086,2059,2042,-1,2086,2042,2069,-1,2086,2077,2059,-1,2087,2060,2043,-1,2087,2043,2070,-1,2087,2078,2060,-1,2088,2061,2071,-1,2089,2062,2045,-1,2089,2045,2072,-1,2090,2046,2073,-1,2090,2063,2046,-1,2091,2064,2047,-1,2091,2047,2074,-1,2092,2048,2075,-1,2092,2065,2048,-1,2093,2066,2068,-1,2094,2049,2076,-1,2094,2069,2049,-1,2095,2050,2077,-1,2095,2070,2050,-1,2096,2051,2078,-1,2096,2071,2051,-1,2097,2072,2052,-1,2097,2052,2079,-1,2098,2073,2053,-1,2098,2053,2080,-1,2098,2090,2073,-1,2099,2074,2081,-1,2100,2055,2082,-1,2100,2075,2055,-1,2101,2076,2085,-1,2101,2094,2076,-1,2102,2095,2077,-1,2102,2077,2086,-1,2103,2078,2087,-1,2104,2079,2061,-1,2104,2061,2088,-1,2105,2062,2089,-1,2105,2080,2062,-1,2106,2099,2081,-1,2106,2081,2063,-1,2106,2063,2090,-1,2107,2064,2091,-1,2107,2082,2064,-1,2107,2100,2082,-1,2108,2084,2083,-1,2108,2065,2092,-1,2108,2109,2084,-1,2108,2083,2065,-1,2110,2066,2093,-1,2110,2085,2066,-1,2111,2086,2069,-1,2111,2069,2094,-1,2112,2070,2095,-1,2112,2087,2070,-1,2113,2071,2096,-1,2113,2088,2071,-1,2114,2089,2072,-1,2114,2105,2089,-1,2114,2072,2097,-1,2115,2090,2098,-1,2116,2091,2074,-1,2116,2074,2099,-1,2116,2107,2091,-1,2117,2075,2100,-1,2117,2092,2075,-1,2118,2093,2068,-1,2118,2068,2119,-1,2120,2094,2101,-1,2121,2095,2102,-1,2122,2113,2096,-1,2122,2078,2103,-1,2122,2096,2078,-1,2123,2097,2079,-1,2123,2079,2104,-1,2124,2098,2080,-1,2124,2080,2105,-1,2125,2099,2106,-1,2126,2100,2107,-1,2127,2120,2101,-1,2127,2085,2110,-1,2127,2101,2085,-1,2128,2086,2111,-1,2128,2102,2086,-1,2129,2087,2112,-1,2129,2103,2087,-1,2130,2088,2113,-1,2130,2104,2088,-1,2131,2105,2114,-1,2132,2090,2115,-1,2132,2106,2090,-1,2133,2107,2116,-1,2134,2092,2117,-1,2134,2108,2092,-1,2134,2135,2109,-1,2134,2109,2108,-1,2136,2118,2119,-1,2136,2119,2137,-1,2138,2093,2118,-1,2138,2110,2093,-1,2139,2094,2120,-1,2139,2111,2094,-1,2139,2128,2111,-1,2140,2095,2121,-1,2140,2129,2112,-1,2140,2112,2095,-1,2141,2113,2122,-1,2142,2114,2097,-1,2142,2097,2123,-1,2142,2131,2114,-1,2143,2098,2124,-1,2143,2115,2098,-1,2144,2116,2099,-1,2144,2099,2125,-1,2145,2117,2100,-1,2145,2134,2117,-1,2145,2100,2126,-1,2146,2136,2137,-1,2147,2139,2120,-1,2147,2120,2127,-1,2148,2102,2128,-1,2148,2121,2102,-1,2149,2141,2122,-1,2149,2103,2129,-1,2149,2122,2103,-1,2150,2104,2130,-1,2150,2123,2104,-1,2151,2105,2131,-1,2151,2124,2105,-1,2151,2143,2124,-1,2152,2106,2132,-1,2152,2144,2125,-1,2152,2125,2106,-1,2153,2126,2107,-1,2153,2107,2133,-1,2154,2138,2118,-1,2154,2136,2146,-1,2154,2118,2136,-1,2155,2127,2110,-1,2155,2110,2138,-1,2156,2128,2139,-1,2156,2148,2128,-1,2157,2129,2140,-1,2158,2150,2130,-1,2158,2130,2113,-1,2158,2113,2141,-1,2159,2151,2131,-1,2159,2131,2142,-1,2160,2152,2132,-1,2160,2132,2115,-1,2160,2115,2143,-1,2161,2116,2144,-1,2161,2133,2116,-1,2161,2153,2133,-1,2162,2134,2145,-1,2162,2135,2134,-1,2162,2163,2135,-1,2164,2137,2165,-1,2164,2146,2137,-1,2166,2154,2146,-1,2167,2139,2147,-1,2168,2140,2121,-1,2168,2121,2148,-1,2169,2141,2149,-1,2170,2142,2123,-1,2170,2123,2150,-1,2171,2143,2151,-1,2171,2160,2143,-1,2172,2144,2152,-1,2173,2126,2153,-1,2173,2145,2126,-1,2174,2155,2138,-1,2174,2138,2154,-1,2175,2164,2165,-1,2176,2155,2174,-1,2176,2147,2127,-1,2176,2127,2155,-1,2177,2148,2156,-1,2178,2129,2157,-1,2178,2149,2129,-1,2179,2150,2158,-1,2180,2151,2159,-1,2181,2152,2160,-1,2182,2153,2161,-1,2183,2146,2164,-1,2183,2166,2146,-1,2184,2154,2166,-1,2184,2174,2154,-1,2185,2156,2139,-1,2185,2177,2156,-1,2185,2139,2167,-1,2186,2140,2168,-1,2186,2157,2140,-1,2187,2158,2141,-1,2187,2141,2169,-1,2188,2142,2170,-1,2188,2159,2142,-1,2189,2160,2171,-1,2190,2144,2172,-1,2190,2161,2144,-1,2191,2163,2162,-1,2191,2192,2163,-1,2191,2145,2173,-1,2191,2162,2145,-1,2193,2176,2174,-1,2193,2174,2184,-1,2194,2175,2165,-1,2194,2165,2195,-1,2196,2164,2175,-1,2196,2183,2164,-1,2197,2167,2147,-1,2197,2147,2176,-1,2198,2168,2148,-1,2198,2186,2168,-1,2198,2148,2177,-1,2199,2169,2149,-1,2199,2149,2178,-1,2200,2170,2150,-1,2200,2150,2179,-1,2200,2188,2170,-1,2201,2171,2151,-1,2201,2151,2180,-1,2202,2172,2152,-1,2202,2152,2181,-1,2203,2173,2153,-1,2203,2153,2182,-1,2204,2166,2183,-1,2204,2184,2166,-1,2205,2194,2195,-1,2206,2193,2184,-1,2207,2177,2185,-1,2208,2157,2186,-1,2208,2178,2157,-1,2209,2158,2187,-1,2209,2179,2158,-1,2210,2159,2188,-1,2210,2180,2159,-1,2211,2160,2189,-1,2211,2202,2181,-1,2211,2181,2160,-1,2212,2161,2190,-1,2212,2182,2161,-1,2213,2197,2176,-1,2213,2176,2193,-1,2214,2196,2175,-1,2214,2175,2194,-1,2215,2204,2183,-1,2215,2183,2196,-1,2216,2167,2197,-1,2216,2185,2167,-1,2217,2186,2198,-1,2218,2187,2169,-1,2218,2169,2199,-1,2218,2209,2187,-1,2219,2210,2188,-1,2219,2188,2200,-1,2220,2171,2201,-1,2220,2189,2171,-1,2221,2190,2172,-1,2221,2172,2202,-1,2222,2173,2203,-1,2222,2192,2191,-1,2222,2223,2192,-1,2222,2191,2173,-1,2224,2184,2204,-1,2224,2206,2184,-1,2224,2204,2215,-1,2225,2205,2195,-1,2225,2195,2226,-1,2227,2194,2205,-1,2227,2214,2194,-1,2228,2193,2206,-1,2228,2213,2193,-1,2229,2177,2207,-1,2229,2198,2177,-1,2229,2217,2198,-1,2230,2199,2178,-1,2230,2178,2208,-1,2231,2179,2209,-1,2231,2200,2179,-1,2231,2219,2200,-1,2232,2180,2210,-1,2232,2201,2180,-1,2233,2221,2202,-1,2233,2202,2211,-1,2234,2203,2182,-1,2234,2182,2212,-1,2235,2197,2213,-1,2235,2216,2197,-1,2236,2196,2214,-1,2236,2215,2196,-1,2236,2214,2227,-1,2237,2225,2226,-1,2238,2224,2215,-1,2238,2215,2236,-1,2239,2207,2185,-1,2239,2185,2216,-1,2240,2230,2208,-1,2240,2208,2186,-1,2240,2186,2217,-1,2241,2209,2218,-1,2242,2210,2219,-1,2243,2211,2189,-1,2243,2189,2220,-1,2244,2190,2221,-1,2244,2212,2190,-1,2245,2228,2206,-1,2245,2206,2224,-1,2246,2205,2225,-1,2246,2227,2205,-1,2246,2225,2237,-1,2247,2236,2227,-1,2248,2213,2228,-1,2248,2235,2213,-1,2249,2217,2229,-1,2250,2218,2199,-1,2250,2199,2230,-1,2251,2242,2219,-1,2251,2219,2231,-1,2252,2201,2232,-1,2252,2220,2201,-1,2253,2221,2233,-1,2254,2223,2222,-1,2254,2203,2234,-1,2254,2222,2203,-1,2254,2255,2223,-1,2256,2216,2235,-1,2256,2239,2216,-1,2256,2235,2248,-1,2257,2238,2236,-1,2258,2237,2226,-1,2258,2226,2259,-1,2260,2246,2237,-1,2261,2245,2224,-1,2261,2224,2238,-1,2262,2207,2239,-1,2262,2229,2207,-1,2263,2230,2240,-1,2264,2231,2209,-1,2264,2209,2241,-1,2265,2232,2210,-1,2265,2210,2242,-1,2266,2211,2243,-1,2266,2233,2211,-1,2267,2212,2244,-1,2267,2234,2212,-1,2268,2245,2261,-1,2268,2228,2245,-1,2268,2248,2228,-1,2269,2227,2246,-1,2269,2247,2227,-1,2270,2258,2259,-1,2271,2236,2247,-1,2271,2257,2236,-1,2271,2247,2269,-1,2272,2256,2248,-1,2273,2263,2240,-1,2273,2217,2249,-1,2273,2240,2217,-1,2274,2218,2250,-1,2274,2241,2218,-1,2275,2242,2251,-1,2276,2266,2243,-1,2276,2243,2220,-1,2276,2220,2252,-1,2277,2267,2244,-1,2277,2244,2221,-1,2277,2221,2253,-1,2278,2262,2239,-1,2278,2239,2256,-1,2279,2261,2238,-1,2279,2238,2257,-1,2280,2237,2258,-1,2280,2260,2237,-1,2281,2246,2260,-1,2281,2260,2280,-1,2281,2269,2246,-1,2282,2268,2261,-1,2283,2229,2262,-1,2283,2249,2229,-1,2284,2274,2250,-1,2284,2250,2230,-1,2284,2230,2263,-1,2285,2231,2264,-1,2285,2251,2231,-1,2286,2252,2232,-1,2286,2232,2265,-1,2286,2276,2252,-1,2287,2253,2233,-1,2287,2233,2266,-1,2288,2255,2254,-1,2288,2234,2267,-1,2288,2254,2234,-1,2288,2289,2255,-1,2290,2248,2268,-1,2290,2272,2248,-1,2291,2271,2269,-1,2292,2270,2259,-1,2292,2259,2293,-1,2294,2258,2270,-1,2294,2280,2258,-1,2295,2257,2271,-1,2295,2279,2257,-1,2296,2256,2272,-1,2296,2278,2256,-1,2297,2284,2263,-1,2297,2263,2273,-1,2298,2264,2241,-1,2298,2285,2264,-1,2298,2241,2274,-1,2299,2265,2242,-1,2299,2242,2275,-1,2300,2266,2276,-1,2301,2267,2277,-1,2302,2278,2296,-1,2302,2283,2262,-1,2302,2262,2278,-1,2303,2279,2295,-1,2303,2261,2279,-1,2303,2282,2261,-1,2304,2281,2280,-1,2305,2292,2293,-1,2306,2269,2281,-1,2306,2291,2269,-1,2307,2268,2282,-1,2307,2290,2268,-1,2308,2249,2283,-1,2308,2273,2249,-1,2309,2274,2284,-1,2310,2275,2251,-1,2310,2251,2285,-1,2311,2276,2286,-1,2312,2253,2287,-1,2312,2301,2277,-1,2312,2277,2253,-1,2313,2296,2272,-1,2313,2272,2290,-1,2314,2295,2271,-1,2314,2271,2291,-1,2315,2294,2270,-1,2315,2270,2292,-1,2316,2294,2315,-1,2316,2280,2294,-1,2316,2304,2280,-1,2317,2303,2295,-1,2318,2302,2296,-1,2319,2284,2297,-1,2320,2285,2298,-1,2321,2286,2265,-1,2321,2265,2299,-1,2321,2311,2286,-1,2322,2287,2266,-1,2322,2266,2300,-1,2322,2312,2287,-1,2323,2324,2289,-1,2323,2288,2267,-1,2323,2267,2301,-1,2323,2289,2288,-1,2325,2308,2283,-1,2325,2283,2302,-1,2326,2307,2282,-1,2326,2282,2303,-1,2326,2303,2317,-1,2327,2281,2304,-1,2327,2306,2281,-1,2327,2304,2316,-1,2328,2305,2293,-1,2328,2293,2329,-1,2330,2315,2292,-1,2330,2292,2305,-1,2331,2314,2291,-1,2331,2291,2306,-1,2332,2290,2307,-1,2332,2313,2290,-1,2333,2273,2308,-1,2333,2297,2273,-1,2334,2274,2309,-1,2334,2298,2274,-1,2335,2321,2299,-1,2335,2299,2275,-1,2335,2275,2310,-1,2336,2276,2311,-1,2336,2300,2276,-1,2337,2301,2312,-1,2338,2296,2313,-1,2338,2318,2296,-1,2339,2317,2295,-1,2339,2295,2314,-1,2340,2316,2315,-1,2341,2328,2329,-1,2342,2327,2316,-1,2343,2326,2317,-1,2344,2325,2302,-1,2344,2302,2318,-1,2345,2284,2319,-1,2345,2309,2284,-1,2346,2285,2320,-1,2346,2310,2285,-1,2347,2311,2321,-1,2348,2312,2322,-1,2349,2308,2325,-1,2349,2333,2308,-1,2349,2325,2344,-1,2350,2307,2326,-1,2350,2332,2307,-1,2351,2306,2327,-1,2351,2331,2306,-1,2352,2330,2305,-1,2352,2305,2328,-1,2353,2340,2315,-1,2353,2315,2330,-1,2354,2339,2314,-1,2354,2314,2331,-1,2355,2338,2313,-1,2355,2313,2332,-1,2356,2319,2297,-1,2356,2297,2333,-1,2357,2298,2334,-1,2357,2320,2298,-1,2357,2346,2320,-1,2358,2321,2335,-1,2359,2322,2300,-1,2359,2300,2336,-1,2360,2301,2337,-1,2360,2361,2324,-1,2360,2324,2323,-1,2360,2323,2301,-1,2362,2318,2338,-1,2362,2344,2318,-1,2363,2317,2339,-1,2363,2343,2317,-1,2364,2316,2340,-1,2364,2342,2316,-1,2365,2341,2329,-1,2365,2329,2366,-1,2367,2328,2341,-1,2367,2352,2328,-1,2368,2327,2342,-1,2368,2351,2327,-1,2368,2342,2364,-1,2369,2326,2343,-1,2369,2350,2326,-1,2370,2349,2344,-1,2371,2357,2334,-1,2371,2309,2345,-1,2371,2334,2309,-1,2372,2310,2346,-1,2372,2335,2310,-1,2373,2311,2347,-1,2373,2336,2311,-1,2374,2337,2312,-1,2374,2312,2348,-1,2375,2333,2349,-1,2375,2356,2333,-1,2376,2332,2350,-1,2376,2350,2369,-1,2376,2355,2332,-1,2377,2354,2331,-1,2377,2331,2351,-1,2378,2330,2352,-1,2378,2353,2330,-1,2379,2365,2366,-1,2380,2353,2378,-1,2380,2340,2353,-1,2380,2364,2340,-1,2381,2363,2339,-1,2381,2339,2354,-1,2381,2354,2377,-1,2382,2338,2355,-1,2382,2362,2338,-1,2383,2345,2319,-1,2383,2319,2356,-1,2384,2346,2357,-1,2385,2321,2358,-1,2385,2347,2321,-1,2385,2373,2347,-1,2386,2322,2359,-1,2386,2348,2322,-1,2386,2374,2348,-1,2387,2344,2362,-1,2387,2370,2344,-1,2388,2343,2363,-1,2388,2369,2343,-1,2389,2368,2364,-1,2390,2367,2341,-1,2390,2341,2365,-1,2391,2378,2352,-1,2391,2352,2367,-1,2392,2351,2368,-1,2392,2377,2351,-1,2393,2376,2369,-1,2394,2349,2370,-1,2394,2375,2349,-1,2395,2384,2357,-1,2395,2357,2371,-1,2396,2335,2372,-1,2396,2358,2335,-1,2397,2336,2373,-1,2397,2359,2336,-1,2398,2337,2374,-1,2398,2360,2337,-1,2398,2399,2361,-1,2398,2361,2360,-1,2400,2375,2394,-1,2400,2383,2356,-1,2400,2356,2375,-1,2401,2382,2355,-1,2401,2355,2376,-1,2402,2381,2377,-1,2403,2380,2378,-1,2404,2379,2366,-1,2404,2366,2405,-1,2406,2390,2365,-1,2406,2365,2379,-1,2407,2380,2403,-1,2407,2364,2380,-1,2407,2389,2364,-1,2408,2363,2381,-1,2408,2388,2363,-1,2409,2387,2362,-1,2409,2362,2382,-1,2410,2371,2345,-1,2410,2345,2383,-1,2411,2346,2384,-1,2411,2372,2346,-1,2412,2373,2385,-1,2413,2374,2386,-1,2414,2370,2387,-1,2414,2394,2370,-1,2415,2369,2388,-1,2415,2393,2369,-1,2416,2368,2389,-1,2416,2392,2368,-1,2417,2367,2390,-1,2417,2391,2367,-1,2418,2404,2405,-1,2419,2391,2417,-1,2419,2403,2378,-1,2419,2378,2391,-1,2420,2402,2377,-1,2420,2377,2392,-1,2420,2392,2416,-1,2421,2376,2393,-1,2421,2401,2376,-1,2422,2400,2394,-1,2423,2384,2395,-1,2424,2358,2396,-1,2424,2385,2358,-1,2425,2359,2397,-1,2425,2413,2386,-1,2425,2386,2359,-1,2426,2400,2422,-1,2426,2410,2383,-1,2426,2383,2400,-1,2427,2401,2421,-1,2427,2409,2382,-1,2427,2382,2401,-1,2428,2381,2402,-1,2428,2408,2381,-1,2429,2407,2403,-1,2430,2406,2379,-1,2430,2379,2404,-1,2431,2390,2406,-1,2431,2417,2390,-1,2432,2416,2389,-1,2432,2389,2407,-1,2432,2407,2429,-1,2433,2415,2388,-1,2433,2388,2408,-1,2433,2408,2428,-1,2434,2387,2409,-1,2434,2414,2387,-1,2435,2371,2410,-1,2435,2395,2371,-1,2436,2424,2396,-1,2436,2372,2411,-1,2436,2396,2372,-1,2437,2373,2412,-1,2437,2397,2373,-1,2438,2399,2398,-1,2438,2398,2374,-1,2438,2374,2413,-1,2438,2439,2399,-1,2440,2422,2394,-1,2440,2394,2414,-1,2440,2414,2434,-1,2441,2421,2393,-1,2441,2393,2415,-1,2442,2420,2416,-1,2443,2419,2417,-1,2444,2418,2405,-1,2444,2405,2445,-1,2446,2404,2418,-1,2446,2430,2404,-1,2447,2403,2419,-1,2447,2429,2403,-1,2448,2402,2420,-1,2448,2428,2402,-1,2449,2427,2421,-1,2450,2426,2422,-1,2451,2436,2411,-1,2451,2411,2384,-1,2451,2384,2423,-1,2452,2412,2385,-1,2452,2385,2424,-1,2453,2413,2425,-1,2454,2435,2410,-1,2454,2410,2426,-1,2455,2434,2409,-1,2455,2427,2449,-1,2455,2409,2427,-1,2456,2433,2428,-1,2457,2432,2429,-1,2458,2406,2430,-1,2458,2431,2406,-1,2459,2444,2445,-1,2460,2443,2417,-1,2460,2417,2431,-1,2461,2432,2457,-1,2461,2442,2416,-1,2461,2416,2432,-1,2462,2441,2415,-1,2462,2415,2433,-1,2463,2440,2434,-1,2464,2423,2395,-1,2464,2395,2435,-1,2465,2424,2436,-1,2466,2425,2397,-1,2466,2397,2437,-1,2467,2450,2422,-1,2467,2422,2440,-1,2468,2449,2421,-1,2468,2421,2441,-1,2469,2420,2442,-1,2469,2448,2420,-1,2470,2419,2443,-1,2470,2447,2419,-1,2471,2446,2418,-1,2471,2418,2444,-1,2472,2430,2446,-1,2472,2458,2430,-1,2473,2457,2429,-1,2473,2447,2470,-1,2473,2429,2447,-1,2474,2456,2428,-1,2474,2428,2448,-1,2474,2448,2469,-1,2475,2455,2449,-1,2476,2454,2426,-1,2476,2426,2450,-1,2477,2436,2451,-1,2478,2437,2412,-1,2478,2412,2452,-1,2479,2439,2438,-1,2479,2413,2453,-1,2479,2480,2439,-1,2479,2438,2413,-1,2481,2435,2454,-1,2481,2464,2435,-1,2481,2454,2476,-1,2482,2463,2434,-1,2482,2434,2455,-1,2483,2433,2456,-1,2483,2462,2433,-1,2484,2461,2457,-1,2485,2460,2431,-1,2485,2431,2458,-1,2486,2459,2445,-1,2486,2445,2487,-1,2488,2471,2444,-1,2488,2444,2459,-1,2489,2443,2460,-1,2489,2470,2443,-1,2490,2442,2461,-1,2490,2469,2442,-1,2491,2468,2441,-1,2491,2462,2483,-1,2491,2441,2462,-1,2492,2467,2440,-1,2492,2440,2463,-1,2493,2451,2423,-1,2493,2423,2464,-1,2494,2452,2424,-1,2494,2424,2465,-1,2495,2453,2425,-1,2495,2425,2466,-1,2496,2450,2467,-1,2496,2476,2450,-1,2497,2475,2449,-1,2497,2449,2468,-1,2498,2474,2469,-1,2499,2473,2470,-1,2500,2472,2446,-1,2500,2446,2471,-1,2501,2486,2487,-1,2502,2472,2500,-1,2502,2485,2458,-1,2502,2458,2472,-1,2503,2473,2499,-1,2503,2484,2457,-1,2503,2457,2473,-1,2504,2483,2456,-1,2504,2456,2474,-1,2505,2455,2475,-1,2505,2482,2455,-1,2506,2481,2476,-1,2507,2465,2436,-1,2507,2436,2477,-1,2507,2494,2465,-1,2508,2437,2478,-1,2508,2466,2437,-1,2509,2493,2464,-1,2509,2464,2481,-1,2510,2463,2482,-1,2510,2492,2463,-1,2511,2491,2483,-1,2512,2490,2461,-1,2512,2461,2484,-1,2513,2460,2485,-1,2513,2489,2460,-1,2514,2488,2459,-1,2514,2459,2486,-1,2515,2471,2488,-1,2515,2500,2471,-1,2516,2470,2489,-1,2516,2499,2470,-1,2517,2469,2490,-1,2517,2498,2469,-1,2517,2490,2512,-1,2518,2491,2511,-1,2518,2468,2491,-1,2518,2497,2468,-1,2519,2467,2492,-1,2519,2492,2510,-1,2519,2496,2467,-1,2520,2477,2451,-1,2520,2451,2493,-1,2521,2478,2452,-1,2521,2452,2494,-1,2522,2480,2479,-1,2522,2479,2453,-1,2522,2523,2480,-1,2522,2453,2495,-1,2524,2476,2496,-1,2524,2506,2476,-1,2525,2475,2497,-1,2525,2505,2475,-1,2526,2474,2498,-1,2526,2504,2474,-1,2527,2503,2499,-1,2528,2502,2500,-1,2529,2501,2487,-1,2529,2487,2530,-1,2531,2514,2486,-1,2531,2486,2501,-1,2532,2513,2485,-1,2532,2485,2502,-1,2533,2512,2484,-1,2533,2484,2503,-1,2534,2511,2483,-1,2534,2483,2504,-1,2534,2504,2526,-1,2535,2510,2482,-1,2535,2482,2505,-1,2536,2509,2481,-1,2536,2481,2506,-1,2537,2494,2507,-1,2538,2466,2508,-1,2538,2495,2466,-1,2539,2520,2493,-1,2539,2493,2509,-1,2540,2519,2510,-1,2541,2518,2511,-1,2542,2517,2512,-1,2543,2489,2513,-1,2543,2516,2489,-1,2544,2488,2514,-1,2544,2515,2488,-1,2545,2529,2530,-1,2546,2500,2515,-1,2546,2515,2544,-1,2546,2528,2500,-1,2547,2527,2499,-1,2547,2499,2516,-1,2548,2498,2517,-1,2548,2526,2498,-1,2549,2497,2518,-1,2549,2525,2497,-1,2550,2496,2519,-1,2550,2524,2496,-1,2551,2477,2520,-1,2551,2507,2477,-1,2552,2478,2521,-1,2552,2508,2478,-1,2553,2506,2524,-1,2553,2536,2506,-1,2554,2505,2525,-1,2554,2535,2505,-1,2555,2534,2526,-1,2556,2533,2503,-1,2556,2503,2527,-1,2557,2502,2528,-1,2557,2528,2546,-1,2557,2532,2502,-1,2558,2531,2501,-1,2558,2501,2529,-1,2559,2514,2531,-1,2559,2544,2514,-1,2560,2543,2513,-1,2560,2513,2532,-1,2561,2542,2512,-1,2561,2512,2533,-1,2561,2533,2556,-1,2562,2541,2511,-1,2562,2511,2534,-1,2563,2535,2554,-1,2563,2540,2510,-1,2563,2510,2535,-1,2564,2539,2509,-1,2564,2509,2536,-1,2565,2494,2537,-1,2565,2521,2494,-1,2566,2523,2522,-1,2566,2567,2523,-1,2566,2522,2495,-1,2566,2495,2538,-1,2568,2551,2520,-1,2568,2539,2564,-1,2568,2520,2539,-1,2569,2550,2519,-1,2569,2540,2563,-1,2569,2519,2540,-1,2570,2549,2518,-1,2570,2518,2541,-1,2571,2548,2517,-1,2571,2517,2542,-1,2572,2547,2516,-1,2572,2516,2543,-1,2573,2546,2544,-1,2574,2530,2575,-1,2574,2545,2530,-1,2576,2529,2545,-1,2576,2558,2529,-1,2577,2557,2546,-1,2578,2527,2547,-1,2578,2556,2527,-1,2579,2526,2548,-1,2579,2555,2526,-1,2579,2548,2571,-1,2580,2525,2549,-1,2580,2554,2525,-1,2580,2549,2570,-1,2581,2524,2550,-1,2581,2553,2524,-1,2582,2507,2551,-1,2582,2537,2507,-1,2583,2508,2552,-1,2583,2538,2508,-1,2584,2536,2553,-1,2584,2564,2536,-1,2585,2563,2554,-1,2586,2534,2555,-1,2586,2562,2534,-1,2587,2556,2578,-1,2587,2561,2556,-1,2588,2532,2557,-1,2588,2560,2532,-1,2589,2559,2531,-1,2589,2531,2558,-1,2590,2574,2575,-1,2591,2544,2559,-1,2591,2559,2589,-1,2591,2573,2544,-1,2592,2543,2560,-1,2592,2572,2543,-1,2593,2561,2587,-1,2593,2542,2561,-1,2593,2571,2542,-1,2594,2562,2586,-1,2594,2541,2562,-1,2594,2570,2541,-1,2595,2569,2563,-1,2596,2568,2564,-1,2597,2583,2552,-1,2597,2552,2521,-1,2597,2521,2565,-1,2598,2551,2568,-1,2598,2582,2551,-1,2599,2550,2569,-1,2599,2581,2550,-1,2600,2580,2570,-1,2601,2579,2571,-1,2602,2578,2547,-1,2602,2547,2572,-1,2603,2546,2573,-1,2603,2577,2546,-1,2604,2576,2545,-1,2604,2545,2574,-1,2605,2589,2558,-1,2605,2558,2576,-1,2605,2576,2604,-1,2606,2588,2557,-1,2606,2557,2577,-1,2607,2587,2578,-1,2608,2579,2601,-1,2608,2586,2555,-1,2608,2555,2579,-1,2609,2554,2580,-1,2609,2585,2554,-1,2610,2553,2581,-1,2610,2584,2553,-1,2611,2597,2565,-1,2611,2565,2537,-1,2611,2537,2582,-1,2612,2538,2583,-1,2612,2613,2567,-1,2612,2567,2566,-1,2612,2566,2538,-1,2614,2596,2564,-1,2614,2564,2584,-1,2615,2595,2563,-1,2615,2563,2585,-1,2616,2594,2586,-1,2617,2593,2587,-1,2618,2560,2588,-1,2618,2592,2560,-1,2619,2591,2589,-1,2619,2589,2605,-1,2620,2590,2575,-1,2620,2575,2621,-1,2622,2574,2590,-1,2622,2604,2574,-1,2623,2573,2591,-1,2623,2603,2573,-1,2624,2572,2592,-1,2624,2602,2572,-1,2625,2601,2571,-1,2625,2571,2593,-1,2625,2593,2617,-1,2626,2570,2594,-1,2626,2600,2570,-1,2627,2569,2595,-1,2627,2599,2569,-1,2628,2598,2568,-1,2628,2568,2596,-1,2629,2583,2597,-1,2630,2611,2582,-1,2630,2598,2628,-1,2630,2582,2598,-1,2631,2581,2599,-1,2631,2610,2581,-1,2632,2600,2626,-1,2632,2580,2600,-1,2632,2609,2580,-1,2633,2608,2601,-1,2634,2602,2624,-1,2634,2578,2602,-1,2634,2607,2578,-1,2635,2577,2603,-1,2635,2606,2577,-1,2636,2605,2604,-1,2637,2620,2621,-1,2638,2605,2636,-1,2638,2619,2605,-1,2639,2588,2606,-1,2639,2606,2635,-1,2639,2618,2588,-1,2640,2617,2587,-1,2640,2587,2607,-1,2641,2616,2586,-1,2641,2586,2608,-1,2642,2585,2609,-1,2642,2615,2585,-1,2642,2609,2632,-1,2643,2614,2584,-1,2643,2584,2610,-1,2643,2610,2631,-1,2644,2597,2611,-1,2645,2628,2596,-1,2645,2614,2643,-1,2645,2596,2614,-1,2646,2627,2595,-1,2646,2595,2615,-1,2647,2626,2594,-1,2647,2594,2616,-1,2648,2625,2617,-1,2649,2624,2592,-1,2649,2592,2618,-1,2649,2618,2639,-1,2650,2623,2591,-1,2650,2591,2619,-1,2651,2590,2620,-1,2651,2622,2590,-1,2652,2636,2604,-1,2652,2604,2622,-1,2653,2603,2623,-1,2653,2635,2603,-1,2653,2623,2650,-1,2654,2634,2624,-1,2655,2625,2648,-1,2655,2601,2625,-1,2655,2633,2601,-1,2656,2632,2626,-1,2656,2626,2647,-1,2657,2627,2646,-1,2657,2599,2627,-1,2657,2631,2599,-1,2658,2630,2628,-1,2659,2613,2612,-1,2659,2612,2583,-1,2659,2583,2629,-1,2659,2660,2613,-1,2661,2644,2611,-1,2661,2630,2658,-1,2661,2611,2630,-1,2662,2643,2631,-1,2662,2631,2657,-1,2663,2642,2632,-1,2664,2608,2633,-1,2664,2641,2608,-1,2665,2607,2634,-1,2665,2640,2607,-1,2666,2639,2635,-1,2667,2638,2636,-1,2668,2637,2621,-1,2668,2621,2669,-1,2670,2651,2620,-1,2670,2620,2637,-1,2671,2619,2638,-1,2671,2650,2619,-1,2672,2639,2666,-1,2672,2649,2639,-1,2673,2617,2640,-1,2673,2648,2617,-1,2674,2647,2616,-1,2674,2616,2641,-1,2675,2646,2615,-1,2675,2615,2642,-1,2676,2645,2643,-1,2677,2597,2644,-1,2677,2629,2597,-1,2678,2628,2645,-1,2678,2658,2628,-1,2679,2657,2646,-1,2680,2656,2647,-1,2681,2655,2648,-1,2681,2648,2673,-1,2682,2654,2624,-1,2682,2649,2672,-1,2682,2624,2649,-1,2683,2653,2650,-1,2684,2622,2651,-1,2684,2652,2622,-1,2685,2668,2669,-1,2686,2667,2636,-1,2686,2636,2652,-1,2687,2635,2653,-1,2687,2666,2635,-1,2688,2634,2654,-1,2688,2665,2634,-1,2689,2664,2633,-1,2689,2633,2655,-1,2690,2632,2656,-1,2690,2663,2632,-1,2691,2662,2657,-1,2692,2661,2658,-1,2693,2644,2661,-1,2693,2677,2644,-1,2694,2643,2662,-1,2694,2676,2643,-1,2694,2662,2691,-1,2695,2675,2642,-1,2695,2642,2663,-1,2696,2641,2664,-1,2696,2674,2641,-1,2697,2640,2665,-1,2697,2673,2640,-1,2698,2672,2666,-1,2699,2671,2638,-1,2699,2638,2667,-1,2700,2670,2637,-1,2700,2637,2668,-1,2701,2651,2670,-1,2701,2684,2651,-1,2702,2683,2650,-1,2702,2650,2671,-1,2702,2671,2699,-1,2703,2682,2672,-1,2704,2681,2673,-1,2705,2674,2696,-1,2705,2680,2647,-1,2705,2647,2674,-1,2706,2646,2675,-1,2706,2679,2646,-1,2707,2678,2645,-1,2707,2645,2676,-1,2707,2676,2694,-1,2708,2660,2659,-1,2708,2659,2629,-1,2708,2709,2660,-1,2708,2629,2677,-1,2710,2678,2707,-1,2710,2692,2658,-1,2710,2658,2678,-1,2711,2657,2679,-1,2711,2691,2657,-1,2712,2690,2656,-1,2712,2656,2680,-1,2713,2689,2655,-1,2713,2655,2681,-1,2714,2688,2654,-1,2714,2654,2682,-1,2715,2687,2653,-1,2715,2653,2683,-1,2715,2683,2702,-1,2716,2684,2701,-1,2716,2652,2684,-1,2716,2686,2652,-1,2717,2685,2669,-1,2717,2669,2718,-1,2719,2685,2717,-1,2719,2700,2668,-1,2719,2668,2685,-1,2720,2686,2716,-1,2720,2699,2667,-1,2720,2667,2686,-1,2721,2666,2687,-1,2721,2698,2666,-1,2722,2697,2665,-1,2722,2665,2688,-1,2723,2689,2713,-1,2723,2696,2664,-1,2723,2664,2689,-1,2724,2663,2690,-1,2724,2695,2663,-1,2725,2694,2691,-1,2726,2661,2692,-1,2726,2693,2661,-1,2727,2709,2708,-1,2727,2708,2677,-1,2727,2677,2693,-1,2728,2707,2694,-1,2729,2695,2724,-1,2729,2675,2695,-1,2729,2706,2675,-1,2730,2705,2696,-1,2731,2673,2697,-1,2731,2704,2673,-1,2732,2672,2698,-1,2732,2703,2672,-1,2733,2702,2699,-1,2734,2701,2670,-1,2734,2670,2700,-1,2735,2717,2718,-1,2736,2716,2701,-1,2737,2702,2733,-1,2737,2715,2702,-1,2738,2682,2703,-1,2738,2714,2682,-1,2739,2681,2704,-1,2739,2713,2681,-1,2740,2705,2730,-1,2740,2680,2705,-1,2740,2712,2680,-1,2741,2679,2706,-1,2741,2706,2729,-1,2741,2711,2679,-1,2742,2710,2707,-1,2743,2692,2710,-1,2743,2726,2692,-1,2744,2725,2691,-1,2744,2691,2711,-1,2745,2724,2690,-1,2745,2690,2712,-1,2746,2723,2713,-1,2747,2688,2714,-1,2747,2714,2738,-1,2747,2722,2688,-1,2748,2687,2715,-1,2748,2721,2687,-1,2749,2720,2716,-1,2750,2719,2717,-1,2751,2700,2719,-1,2751,2719,2750,-1,2751,2734,2700,-1,2752,2699,2720,-1,2752,2733,2699,-1,2752,2720,2749,-1,2753,2732,2698,-1,2753,2698,2721,-1,2753,2721,2748,-1,2754,2731,2697,-1,2754,2697,2722,-1,2755,2696,2723,-1,2755,2730,2696,-1,2756,2729,2724,-1,2757,2728,2694,-1,2757,2694,2725,-1,2757,2725,2744,-1,2758,2693,2726,-1,2758,2727,2693,-1,2758,2709,2727,-1,2758,2759,2709,-1,2760,2707,2728,-1,2760,2728,2757,-1,2760,2742,2707,-1,2761,2741,2729,-1,2762,2740,2730,-1,2763,2739,2704,-1,2763,2704,2731,-1,2764,2738,2703,-1,2764,2703,2732,-1,2765,2737,2733,-1,2766,2701,2734,-1,2766,2736,2701,-1,2767,2735,2718,-1,2767,2718,2768,-1,2769,2717,2735,-1,2769,2750,2717,-1,2769,2735,2767,-1,2770,2716,2736,-1,2770,2749,2716,-1,2770,2736,2766,-1,2771,2715,2737,-1,2771,2748,2715,-1,2772,2747,2738,-1,2772,2738,2764,-1,2773,2713,2739,-1,2773,2746,2713,-1,2774,2712,2740,-1,2774,2745,2712,-1,2775,2711,2741,-1,2775,2741,2761,-1,2775,2744,2711,-1,2776,2710,2742,-1,2776,2743,2710,-1,2777,2759,2758,-1,2777,2726,2743,-1,2777,2758,2726,-1,2778,2757,2744,-1,2779,2724,2745,-1,2779,2756,2724,-1,2780,2723,2746,-1,2780,2755,2723,-1,2780,2746,2773,-1,2781,2754,2722,-1,2781,2722,2747,-1,2782,2753,2748,-1,2782,2748,2771,-1,2783,2752,2749,-1,2784,2751,2750,-1,2785,2767,2768,-1,2786,2766,2734,-1,2786,2734,2751,-1,2787,2765,2733,-1,2787,2733,2752,-1,2787,2752,2783,-1,2788,2764,2732,-1,2788,2732,2753,-1,2789,2763,2731,-1,2789,2731,2754,-1,2790,2755,2780,-1,2790,2730,2755,-1,2790,2762,2730,-1,2791,2761,2729,-1,2791,2756,2779,-1,2791,2729,2756,-1,2792,2760,2757,-1,2792,2757,2778,-1,2793,2742,2760,-1,2793,2776,2742,-1,2794,2775,2761,-1,2795,2740,2762,-1,2795,2774,2740,-1,2796,2773,2739,-1,2796,2739,2763,-1,2797,2772,2764,-1,2798,2737,2765,-1,2798,2771,2737,-1,2799,2770,2766,-1,2800,2769,2767,-1,2801,2784,2750,-1,2801,2750,2769,-1,2802,2749,2770,-1,2802,2783,2749,-1,2803,2782,2771,-1,2804,2781,2747,-1,2804,2747,2772,-1,2805,2780,2773,-1,2806,2779,2745,-1,2806,2774,2795,-1,2806,2745,2774,-1,2807,2744,2775,-1,2807,2778,2744,-1,2808,2759,2777,-1,2808,2743,2776,-1,2808,2809,2759,-1,2808,2777,2743,-1,2810,2792,2778,-1,2811,2791,2779,-1,2812,2790,2780,-1,2813,2754,2781,-1,2813,2789,2754,-1,2814,2753,2782,-1,2814,2788,2753,-1,2815,2787,2783,-1,2816,2786,2751,-1,2816,2751,2784,-1,2817,2785,2768,-1,2817,2768,2818,-1,2819,2785,2817,-1,2819,2800,2767,-1,2819,2767,2785,-1,2820,2766,2786,-1,2820,2799,2766,-1,2820,2786,2816,-1,2821,2798,2765,-1,2821,2765,2787,-1,2821,2787,2815,-1,2822,2764,2788,-1,2822,2788,2814,-1,2822,2797,2764,-1,2823,2796,2763,-1,2823,2763,2789,-1,2824,2795,2762,-1,2824,2762,2790,-1,2825,2791,2811,-1,2825,2794,2761,-1,2825,2761,2791,-1,2826,2793,2760,-1,2826,2792,2810,-1,2826,2760,2792,-1,2827,2776,2793,-1,2827,2808,2776,-1,2827,2809,2808,-1,2828,2807,2775,-1,2828,2775,2794,-1,2829,2806,2795,-1,2830,2773,2796,-1,2830,2805,2773,-1,2831,2804,2772,-1,2831,2772,2797,-1,2832,2771,2798,-1,2832,2803,2771,-1,2833,2770,2799,-1,2833,2802,2770,-1,2834,2769,2800,-1,2834,2801,2769,-1,2835,2817,2818,-1,2836,2784,2801,-1,2836,2816,2784,-1,2836,2801,2834,-1,2837,2783,2802,-1,2837,2815,2783,-1,2838,2803,2832,-1,2838,2782,2803,-1,2838,2814,2782,-1,2839,2781,2804,-1,2839,2804,2831,-1,2839,2813,2781,-1,2840,2812,2780,-1,2840,2780,2805,-1,2841,2806,2829,-1,2841,2811,2779,-1,2841,2779,2806,-1,2842,2807,2828,-1,2842,2778,2807,-1,2842,2810,2778,-1,2843,2826,2810,-1,2844,2825,2811,-1,2845,2790,2812,-1,2845,2824,2790,-1,2846,2823,2789,-1,2846,2789,2813,-1,2846,2813,2839,-1,2847,2814,2838,-1,2847,2822,2814,-1,2848,2821,2815,-1,2849,2820,2816,-1,2850,2819,2817,-1,2851,2834,2800,-1,2851,2819,2850,-1,2851,2800,2819,-1,2852,2833,2799,-1,2852,2799,2820,-1,2853,2832,2798,-1,2853,2821,2848,-1,2853,2798,2821,-1,2854,2831,2797,-1,2854,2797,2822,-1,2855,2830,2796,-1,2855,2796,2823,-1,2856,2795,2824,-1,2856,2829,2795,-1,2857,2794,2825,-1,2857,2828,2794,-1,2858,2809,2827,-1,2858,2827,2793,-1,2858,2859,2809,-1,2858,2793,2826,-1,2860,2842,2828,-1,2861,2841,2829,-1,2862,2805,2830,-1,2862,2840,2805,-1,2863,2839,2831,-1,2864,2838,2832,-1,2865,2837,2802,-1,2865,2802,2833,-1,2866,2836,2834,-1,2867,2835,2818,-1,2867,2818,2868,-1,2869,2817,2835,-1,2869,2850,2817,-1,2870,2816,2836,-1,2870,2849,2816,-1,2871,2815,2837,-1,2871,2848,2815,-1,2872,2847,2838,-1,2872,2838,2864,-1,2873,2846,2839,-1,2874,2812,2840,-1,2874,2845,2812,-1,2875,2844,2811,-1,2875,2811,2841,-1,2876,2843,2810,-1,2876,2810,2842,-1,2877,2859,2858,-1,2877,2826,2843,-1,2877,2858,2826,-1,2878,2825,2844,-1,2878,2857,2825,-1,2879,2845,2874,-1,2879,2856,2824,-1,2879,2824,2845,-1,2880,2823,2846,-1,2880,2855,2823,-1,2881,2854,2822,-1,2881,2822,2847,-1,2882,2853,2848,-1,2883,2820,2849,-1,2883,2852,2820,-1,2884,2851,2850,-1,2885,2867,2868,-1,2886,2866,2834,-1,2886,2834,2851,-1,2887,2833,2852,-1,2887,2852,2883,-1,2887,2865,2833,-1,2888,2832,2853,-1,2888,2864,2832,-1,2889,2863,2831,-1,2889,2854,2881,-1,2889,2831,2854,-1,2890,2862,2830,-1,2890,2830,2855,-1,2891,2829,2856,-1,2891,2861,2829,-1,2892,2828,2857,-1,2892,2857,2878,-1,2892,2860,2828,-1,2893,2860,2892,-1,2893,2842,2860,-1,2893,2876,2842,-1,2894,2861,2891,-1,2894,2841,2861,-1,2894,2875,2841,-1,2895,2840,2862,-1,2895,2874,2840,-1,2896,2839,2863,-1,2896,2873,2839,-1,2897,2872,2864,-1,2898,2837,2865,-1,2898,2871,2837,-1,2899,2870,2836,-1,2899,2836,2866,-1,2900,2869,2835,-1,2900,2835,2867,-1,2901,2884,2850,-1,2901,2850,2869,-1,2901,2869,2900,-1,2902,2870,2899,-1,2902,2883,2849,-1,2902,2849,2870,-1,2903,2848,2871,-1,2903,2871,2898,-1,2903,2882,2848,-1,2904,2881,2847,-1,2904,2847,2872,-1,2905,2873,2896,-1,2905,2880,2846,-1,2905,2846,2873,-1,2906,2879,2874,-1,2907,2844,2875,-1,2907,2875,2894,-1,2907,2878,2844,-1,2908,2877,2843,-1,2908,2876,2893,-1,2908,2843,2876,-1,2908,2909,2859,-1,2908,2859,2877,-1,2910,2892,2878,-1,2911,2856,2879,-1,2911,2879,2906,-1,2911,2891,2856,-1,2912,2855,2880,-1,2912,2890,2855,-1,2913,2889,2881,-1,2914,2853,2882,-1,2914,2888,2853,-1,2915,2887,2883,-1,2916,2851,2884,-1,2916,2886,2851,-1,2917,2885,2868,-1,2917,2868,2918,-1,2919,2900,2867,-1,2919,2885,2917,-1,2919,2867,2885,-1,2920,2899,2866,-1,2920,2866,2886,-1,2921,2865,2887,-1,2921,2898,2865,-1,2922,2897,2864,-1,2922,2888,2914,-1,2922,2864,2888,-1,2923,2863,2889,-1,2923,2896,2863,-1,2924,2862,2890,-1,2924,2895,2862,-1,2925,2894,2891,-1,2926,2893,2892,-1,2927,2908,2893,-1,2927,2909,2908,-1,2928,2907,2894,-1,2929,2874,2895,-1,2929,2906,2874,-1,2930,2905,2896,-1,2931,2872,2897,-1,2931,2904,2872,-1,2932,2903,2898,-1,2933,2902,2899,-1,2934,2901,2900,-1,2935,2917,2918,-1,2936,2916,2884,-1,2936,2884,2901,-1,2937,2883,2902,-1,2937,2902,2933,-1,2937,2915,2883,-1,2938,2882,2903,-1,2938,2914,2882,-1,2939,2881,2904,-1,2939,2913,2881,-1,2940,2905,2930,-1,2940,2912,2880,-1,2940,2880,2905,-1,2941,2911,2906,-1,2942,2878,2907,-1,2942,2910,2878,-1,2942,2907,2928,-1,2943,2892,2910,-1,2943,2926,2892,-1,2944,2891,2911,-1,2944,2925,2891,-1,2945,2924,2890,-1,2945,2890,2912,-1,2946,2889,2913,-1,2946,2923,2889,-1,2947,2922,2914,-1,2948,2887,2915,-1,2948,2921,2887,-1,2949,2886,2916,-1,2949,2920,2886,-1,2950,2919,2917,-1,2951,2919,2950,-1,2951,2934,2900,-1,2951,2900,2919,-1,2952,2933,2899,-1,2952,2899,2920,-1,2953,2932,2898,-1,2953,2921,2948,-1,2953,2898,2921,-1,2954,2931,2897,-1,2954,2897,2922,-1,2955,2896,2923,-1,2955,2930,2896,-1,2956,2929,2895,-1,2956,2895,2924,-1,2957,2928,2894,-1,2957,2894,2925,-1,2958,2909,2927,-1,2958,2927,2893,-1,2958,2926,2943,-1,2958,2959,2909,-1,2958,2893,2926,-1,2960,2942,2928,-1,2961,2941,2906,-1,2961,2906,2929,-1,2961,2929,2956,-1,2962,2940,2930,-1,2963,2904,2931,-1,2963,2939,2904,-1,2964,2903,2932,-1,2964,2938,2903,-1,2965,2937,2933,-1,2966,2936,2901,-1,2966,2901,2934,-1,2967,2935,2918,-1,2967,2918,2968,-1,2969,2917,2935,-1,2969,2950,2917,-1,2970,2949,2916,-1,2970,2916,2936,-1,2971,2948,2915,-1,2971,2915,2937,-1,2972,2914,2938,-1,2972,2947,2914,-1,2973,2913,2939,-1,2973,2946,2913,-1,2973,2939,2963,-1,2974,2912,2940,-1,2974,2945,2912,-1,2975,2944,2911,-1,2975,2911,2941,-1,2976,2942,2960,-1,2976,2910,2942,-1,2976,2943,2910,-1,2977,2958,2943,-1,2977,2959,2958,-1,2978,2944,2975,-1,2978,2925,2944,-1,2978,2957,2925,-1,2979,2924,2945,-1,2979,2956,2924,-1,2980,2955,2923,-1,2980,2923,2946,-1,2981,2922,2947,-1,2981,2954,2922,-1,2982,2953,2948,-1,2983,2920,2949,-1,2983,2952,2920,-1,2984,2951,2950,-1,2985,2967,2968,-1,2986,2966,2934,-1,2986,2934,2951,-1,2987,2933,2952,-1,2987,2952,2983,-1,2987,2965,2933,-1,2988,2932,2953,-1,2988,2964,2932,-1,2989,2954,2981,-1,2989,2931,2954,-1,2989,2963,2931,-1,2990,2962,2930,-1,2990,2930,2955,-1,2990,2955,2980,-1,2991,2961,2956,-1,2992,2928,2957,-1,2992,2960,2928,-1,2993,2976,2960,-1,2994,2975,2941,-1,2994,2941,2961,-1,2995,2940,2962,-1,2995,2974,2940,-1,2996,2973,2963,-1,2997,2938,2964,-1,2997,2972,2938,-1,2998,2971,2937,-1,2998,2937,2965,-1,2999,2970,2936,-1,2999,2936,2966,-1,3000,2969,2935,-1,3000,2935,2967,-1,3001,2984,2950,-1,3001,2950,2969,-1,3001,2969,3000,-1,3002,2983,2949,-1,3002,2949,2970,-1,3003,2948,2971,-1,3003,2982,2948,-1,3003,2971,2998,-1,3004,2981,2947,-1,3004,2947,2972,-1,3005,2946,2973,-1,3005,2980,2946,-1,3006,2945,2974,-1,3006,2979,2945,-1,3007,2978,2975,-1,3008,2943,2976,-1,3008,2977,2943,-1,3008,2959,2977,-1,3008,3009,2959,-1,3010,2978,3007,-1,3010,2957,2978,-1,3010,2992,2957,-1,3011,2956,2979,-1,3011,2991,2956,-1,3012,2990,2980,-1,3013,2989,2981,-1,3014,2988,2953,-1,3014,2953,2982,-1,3015,2987,2983,-1,3016,2951,2984,-1,3016,2986,2951,-1,3017,2985,2968,-1,3017,2968,3018,-1,3019,3000,2967,-1,3019,2967,2985,-1,3020,2999,2966,-1,3020,2966,2986,-1,3021,2965,2987,-1,3021,2998,2965,-1,3022,2997,2964,-1,3022,2988,3014,-1,3022,2964,2988,-1,3023,2989,3013,-1,3023,2963,2989,-1,3023,2996,2963,-1,3024,2962,2990,-1,3024,2995,2962,-1,3025,2961,2991,-1,3025,2994,2961,-1,3026,2960,2992,-1,3026,2993,2960,-1,3027,3009,3008,-1,3027,3008,2976,-1,3027,2976,2993,-1,3028,2975,2994,-1,3028,3007,2975,-1,3029,2974,2995,-1,3029,3006,2974,-1,3030,2973,2996,-1,3030,3005,2973,-1,3031,3004,2972,-1,3031,2972,2997,-1,3032,3003,2998,-1,3033,3002,2970,-1,3033,2999,3020,-1,3033,2970,2999,-1,3034,3001,3000,-1,3034,3000,3019,-1,3035,3017,3018,-1,3036,3001,3034,-1,3036,2984,3001,-1,3036,3016,2984,-1,3037,3015,2983,-1,3037,2983,3002,-1,3038,2982,3003,-1,3038,3014,2982,-1,3039,3004,3031,-1,3039,2981,3004,-1,3039,3013,2981,-1,3040,3012,2980,-1,3040,3005,3030,-1,3040,2980,3005,-1,3041,2979,3006,-1,3041,3011,2979,-1,3042,3010,3007,-1,3043,3010,3042,-1,3043,2992,3010,-1,3043,3026,2992,-1,3044,3025,2991,-1,3044,2991,3011,-1,3045,3024,2990,-1,3045,2990,3012,-1,3046,3023,3013,-1,3047,3022,3014,-1,3048,3021,2987,-1,3048,2987,3015,-1,3049,3020,2986,-1,3049,2986,3016,-1,3050,3019,2985,-1,3050,2985,3017,-1,3051,3034,3019,-1,3051,3019,3050,-1,3052,3020,3049,-1,3052,3033,3020,-1,3053,3032,2998,-1,3053,2998,3021,-1,3054,2997,3022,-1,3054,3031,2997,-1,3054,3022,3047,-1,3055,3030,2996,-1,3055,2996,3023,-1,3056,3029,2995,-1,3056,3024,3045,-1,3056,2995,3024,-1,3057,3028,2994,-1,3057,2994,3025,-1,3058,3027,2993,-1,3058,2993,3026,-1,3058,3059,3009,-1,3058,3009,3027,-1,3060,3042,3007,-1,3060,3007,3028,-1,3061,3029,3056,-1,3061,3006,3029,-1,3061,3041,3006,-1,3062,3040,3030,-1,3063,3039,3031,-1,3064,3038,3003,-1,3064,3003,3032,-1,3065,3033,3052,-1,3065,3037,3002,-1,3065,3002,3033,-1,3066,3036,3034,-1,3067,3035,3018,-1,3067,3018,3068,-1,3069,3017,3035,-1,3069,3050,3017,-1,3070,3016,3036,-1,3070,3049,3016,-1,3071,3015,3037,-1,3071,3048,3015,-1,3072,3047,3014,-1,3072,3014,3038,-1,3072,3038,3064,-1,3073,3046,3013,-1,3073,3013,3039,-1,3074,3045,3012,-1,3074,3012,3040,-1,3075,3011,3041,-1,3075,3044,3011,-1,3075,3041,3061,-1,3076,3043,3042,-1,3077,3026,3043,-1,3077,3058,3026,-1,3077,3059,3058,-1,3078,3057,3025,-1,3078,3025,3044,-1,3079,3056,3045,-1,3079,3045,3074,-1,3080,3023,3046,-1,3080,3055,3023,-1,3081,3054,3047,-1,3082,3021,3048,-1,3082,3053,3021,-1,3083,3052,3049,-1,3084,3051,3050,-1,3085,3067,3068,-1,3086,3066,3034,-1,3086,3034,3051,-1,3087,3052,3083,-1,3087,3065,3052,-1,3088,3032,3053,-1,3088,3064,3032,-1,3089,3063,3031,-1,3089,3031,3054,-1,3090,3030,3055,-1,3090,3062,3030,-1,3091,3061,3056,-1,3092,3060,3028,-1,3092,3028,3057,-1,3093,3042,3060,-1,3093,3076,3042,-1,3094,3075,3061,-1,3095,3074,3040,-1,3095,3040,3062,-1,3096,3039,3063,-1,3096,3073,3039,-1,3097,3072,3064,-1,3097,3064,3088,-1,3098,3071,3037,-1,3098,3065,3087,-1,3098,3037,3065,-1,3099,3070,3036,-1,3099,3036,3066,-1,3100,3069,3035,-1,3100,3035,3067,-1,3101,3084,3050,-1,3101,3069,3100,-1,3101,3050,3069,-1,3102,3083,3049,-1,3102,3049,3070,-1,3102,3070,3099,-1,3103,3082,3048,-1,3103,3048,3071,-1,3104,3047,3072,-1,3104,3081,3047,-1,3105,3080,3046,-1,3105,3073,3096,-1,3105,3046,3073,-1,3106,3074,3095,-1,3106,3079,3074,-1,3107,3078,3044,-1,3107,3044,3075,-1,3108,3059,3077,-1,3108,3043,3076,-1,3108,3109,3059,-1,3108,3077,3043,-1,3110,3078,3107,-1,3110,3057,3078,-1,3110,3092,3057,-1,3111,3079,3106,-1,3111,3056,3079,-1,3111,3091,3056,-1,3112,3055,3080,-1,3112,3090,3055,-1,3113,3054,3081,-1,3113,3089,3054,-1,3114,3088,3053,-1,3114,3053,3082,-1,3115,3087,3083,-1,3116,3051,3084,-1,3116,3086,3051,-1,3117,3085,3068,-1,3117,3068,3118,-1,3119,3067,3085,-1,3119,3100,3067,-1,3120,3066,3086,-1,3120,3099,3066,-1,3121,3087,3115,-1,3121,3098,3087,-1,3122,3097,3088,-1,3123,3063,3089,-1,3123,3096,3063,-1,3124,3062,3090,-1,3124,3090,3112,-1,3124,3095,3062,-1,3125,3094,3061,-1,3125,3061,3091,-1,3126,3060,3092,-1,3126,3093,3060,-1,3127,3108,3076,-1,3127,3109,3108,-1,3127,3076,3093,-1,3128,3107,3075,-1,3128,3075,3094,-1,3129,3106,3095,-1,3130,3105,3096,-1,3131,3072,3097,-1,3131,3104,3072,-1,3132,3103,3071,-1,3132,3071,3098,-1,3133,3102,3099,-1,3134,3101,3100,-1,3134,3100,3119,-1,3135,3117,3118,-1,3136,3116,3084,-1,3136,3084,3101,-1,3137,3115,3083,-1,3137,3102,3133,-1,3137,3083,3102,-1,3138,3103,3132,-1,3138,3114,3082,-1,3138,3082,3103,-1,3139,3113,3081,-1,3139,3081,3104,-1,3140,3112,3080,-1,3140,3080,3105,-1,3141,3111,3106,-1,3142,3107,3128,-1,3142,3110,3107,-1,3143,3092,3110,-1,3143,3126,3092,-1,3144,3091,3111,-1,3144,3125,3091,-1,3145,3124,3112,-1,3146,3089,3113,-1,3146,3123,3089,-1,3147,3088,3114,-1,3147,3122,3088,-1,3148,3121,3115,-1,3149,3086,3116,-1,3149,3120,3086,-1,3150,3085,3117,-1,3150,3119,3085,-1,3151,3134,3119,-1,3152,3120,3149,-1,3152,3099,3120,-1,3152,3133,3099,-1,3153,3098,3121,-1,3153,3132,3098,-1,3154,3131,3097,-1,3154,3097,3122,-1,3155,3123,3146,-1,3155,3130,3096,-1,3155,3096,3123,-1,3156,3095,3124,-1,3156,3129,3095,-1,3157,3128,3094,-1,3157,3125,3144,-1,3157,3094,3125,-1,3158,3109,3127,-1,3158,3159,3109,-1,3158,3127,3093,-1,3158,3093,3126,-1,3160,3142,3128,-1,3161,3106,3129,-1,3161,3141,3106,-1,3162,3105,3130,-1,3162,3140,3105,-1,3163,3104,3131,-1,3163,3131,3154,-1,3163,3139,3104,-1,3164,3132,3153,-1,3164,3138,3132,-1,3165,3137,3133,-1,3165,3133,3152,-1,3166,3101,3134,-1,3166,3136,3101,-1,3167,3118,3168,-1,3167,3135,3118,-1,3169,3150,3117,-1,3169,3117,3135,-1,3170,3149,3116,-1,3170,3116,3136,-1,3171,3148,3115,-1,3171,3137,3165,-1,3171,3115,3137,-1,3172,3114,3138,-1,3172,3147,3114,-1,3173,3139,3163,-1,3173,3113,3139,-1,3173,3146,3113,-1,3174,3112,3140,-1,3174,3145,3112,-1,3175,3144,3111,-1,3175,3111,3141,-1,3176,3143,3110,-1,3176,3110,3142,-1,3177,3126,3143,-1,3177,3158,3126,-1,3177,3159,3158,-1,3178,3157,3144,-1,3179,3124,3145,-1,3179,3156,3124,-1,3180,3155,3146,-1,3181,3122,3147,-1,3181,3154,3122,-1,3182,3121,3148,-1,3182,3153,3121,-1,3183,3152,3149,-1,3184,3151,3119,-1,3184,3119,3150,-1,3185,3167,3168,-1,3186,3166,3134,-1,3186,3134,3151,-1,3187,3152,3183,-1,3187,3165,3152,-1,3188,3153,3182,-1,3188,3164,3153,-1,3189,3163,3154,-1,3190,3155,3180,-1,3190,3130,3155,-1,3190,3162,3130,-1,3191,3129,3156,-1,3191,3161,3129,-1,3192,3128,3157,-1,3192,3160,3128,-1,3193,3176,3142,-1,3193,3142,3160,-1,3194,3175,3141,-1,3194,3141,3161,-1,3195,3174,3140,-1,3195,3140,3162,-1,3196,3173,3163,-1,3197,3138,3164,-1,3197,3172,3138,-1,3197,3164,3188,-1,3198,3171,3165,-1,3199,3170,3136,-1,3199,3136,3166,-1,3200,3169,3135,-1,3200,3135,3167,-1,3201,3184,3150,-1,3201,3169,3200,-1,3201,3150,3169,-1,3202,3149,3170,-1,3202,3170,3199,-1,3202,3183,3149,-1,3203,3182,3148,-1,3203,3148,3171,-1,3204,3181,3147,-1,3204,3147,3172,-1,3205,3180,3146,-1,3205,3173,3196,-1,3205,3146,3173,-1,3206,3179,3145,-1,3206,3145,3174,-1,3207,3175,3194,-1,3207,3178,3144,-1,3207,3144,3175,-1,3208,3177,3143,-1,3208,3159,3177,-1,3208,3209,3159,-1,3208,3143,3176,-1,3210,3192,3157,-1,3210,3157,3178,-1,3211,3191,3156,-1,3211,3156,3179,-1,3212,3190,3180,-1,3213,3189,3154,-1,3213,3154,3181,-1,3214,3188,3182,-1,3215,3187,3183,-1,3216,3186,3151,-1,3216,3151,3184,-1,3217,3168,3218,-1,3217,3185,3168,-1,3219,3200,3167,-1,3219,3167,3185,-1,3220,3199,3166,-1,3220,3166,3186,-1,3221,3165,3187,-1,3221,3198,3165,-1,3222,3197,3188,-1,3223,3163,3189,-1,3223,3196,3163,-1,3224,3162,3190,-1,3224,3195,3162,-1,3225,3191,3211,-1,3225,3161,3191,-1,3225,3194,3161,-1,3226,3192,3210,-1,3226,3193,3160,-1,3226,3160,3192,-1,3227,3209,3208,-1,3227,3208,3176,-1,3227,3176,3193,-1,3228,3207,3194,-1,3229,3206,3174,-1,3229,3174,3195,-1,3230,3205,3196,-1,3231,3172,3197,-1,3231,3204,3172,-1,3232,3203,3171,-1,3232,3171,3198,-1,3233,3202,3199,-1,3233,3199,3220,-1,3234,3201,3200,-1,3235,3217,3218,-1,3236,3216,3184,-1,3236,3184,3201,-1,3237,3202,3233,-1,3237,3215,3183,-1,3237,3183,3202,-1,3238,3182,3203,-1,3238,3203,3232,-1,3238,3214,3182,-1,3239,3204,3231,-1,3239,3213,3181,-1,3239,3181,3204,-1,3240,3180,3205,-1,3240,3212,3180,-1,3241,3206,3229,-1,3241,3179,3206,-1,3241,3211,3179,-1,3242,3178,3207,-1,3242,3210,3178,-1,3243,3210,3242,-1,3243,3226,3210,-1,3244,3225,3211,-1,3245,3190,3212,-1,3245,3224,3190,-1,3246,3223,3189,-1,3246,3189,3213,-1,3247,3222,3188,-1,3247,3188,3214,-1,3248,3221,3187,-1,3248,3187,3215,-1,3249,3220,3186,-1,3249,3186,3216,-1,3250,3185,3217,-1,3250,3219,3185,-1,3251,3234,3200,-1,3251,3219,3250,-1,3251,3200,3219,-1,3252,3233,3220,-1,3253,3198,3221,-1,3253,3232,3198,-1,3254,3197,3222,-1,3254,3231,3197,-1,3255,3196,3223,-1,3255,3230,3196,-1,3256,3229,3195,-1,3256,3195,3224,-1,3257,3194,3225,-1,3257,3228,3194,-1,3258,3226,3243,-1,3258,3209,3227,-1,3258,3259,3209,-1,3258,3227,3193,-1,3258,3193,3226,-1,3260,3242,3207,-1,3260,3207,3228,-1,3261,3241,3229,-1,3262,3205,3230,-1,3262,3240,3205,-1,3263,3231,3254,-1,3263,3239,3231,-1,3264,3238,3232,-1,3265,3233,3252,-1,3265,3237,3233,-1,3266,3234,3251,-1,3266,3236,3201,-1,3266,3201,3234,-1,3267,3218,3268,-1,3267,3235,3218,-1,3269,3250,3217,-1,3269,3217,3235,-1,3270,3249,3216,-1,3270,3216,3236,-1,3271,3248,3215,-1,3271,3215,3237,-1,3272,3214,3238,-1,3272,3247,3214,-1,3273,3246,3213,-1,3273,3239,3263,-1,3273,3213,3239,-1,3274,3245,3212,-1,3274,3212,3240,-1,3275,3211,3241,-1,3275,3244,3211,-1,3276,3243,3242,-1,3276,3242,3260,-1,3277,3258,3243,-1,3277,3259,3258,-1,3278,3257,3225,-1,3278,3225,3244,-1,3278,3244,3275,-1,3279,3256,3224,-1,3279,3224,3245,-1,3280,3255,3223,-1,3280,3223,3246,-1,3281,3254,3222,-1,3281,3222,3247,-1,3282,3221,3248,-1,3282,3253,3221,-1,3283,3252,3220,-1,3283,3220,3249,-1,3284,3251,3250,-1,3285,3267,3268,-1,3286,3266,3251,-1,3287,3265,3252,-1,3288,3232,3253,-1,3288,3264,3232,-1,3289,3254,3281,-1,3289,3263,3254,-1,3290,3230,3255,-1,3290,3262,3230,-1,3291,3229,3256,-1,3291,3261,3229,-1,3291,3256,3279,-1,3292,3260,3228,-1,3292,3228,3257,-1,3292,3257,3278,-1,3293,3276,3260,-1,3294,3241,3261,-1,3294,3261,3291,-1,3294,3275,3241,-1,3295,3240,3262,-1,3295,3262,3290,-1,3295,3274,3240,-1,3296,3273,3263,-1,3297,3238,3264,-1,3297,3272,3238,-1,3298,3237,3265,-1,3298,3271,3237,-1,3299,3270,3236,-1,3299,3236,3266,-1,3300,3235,3267,-1,3300,3269,3235,-1,3301,3250,3269,-1,3301,3284,3250,-1,3301,3269,3300,-1,3302,3283,3249,-1,3302,3270,3299,-1,3302,3249,3270,-1,3303,3282,3248,-1,3303,3248,3271,-1,3303,3271,3298,-1,3304,3281,3247,-1,3304,3247,3272,-1,3305,3280,3246,-1,3305,3246,3273,-1,3306,3279,3245,-1,3306,3245,3274,-1,3307,3275,3294,-1,3307,3278,3275,-1,3308,3259,3277,-1,3308,3277,3243,-1,3308,3309,3259,-1,3308,3243,3276,-1,3310,3292,3278,-1,3311,3291,3279,-1,3311,3279,3306,-1,3312,3290,3255,-1,3312,3255,3280,-1,3313,3289,3281,-1,3314,3288,3253,-1,3314,3253,3282,-1,3315,3287,3252,-1,3315,3252,3283,-1,3316,3286,3251,-1,3316,3251,3284,-1,3317,3285,3268,-1,3317,3268,3318,-1,3319,3300,3267,-1,3319,3267,3285,-1,3319,3285,3317,-1,3320,3266,3286,-1,3320,3299,3266,-1,3321,3265,3287,-1,3321,3298,3265,-1,3322,3264,3288,-1,3322,3297,3264,-1,3322,3288,3314,-1,3323,3263,3289,-1,3323,3296,3263,-1,3324,3290,3312,-1,3324,3295,3290,-1,3325,3294,3291,-1,3326,3260,3292,-1,3326,3293,3260,-1,3327,3276,3293,-1,3327,3309,3308,-1,3327,3308,3276,-1,3328,3307,3294,-1,3329,3306,3274,-1,3329,3274,3295,-1,3330,3273,3296,-1,3330,3305,3273,-1,3330,3296,3323,-1,3331,3272,3297,-1,3331,3304,3272,-1,3332,3298,3321,-1,3332,3303,3298,-1,3333,3302,3299,-1,3334,3301,3300,-1,3335,3317,3318,-1,3336,3316,3284,-1,3336,3284,3301,-1,3337,3315,3283,-1,3337,3302,3333,-1,3337,3283,3302,-1,3338,3314,3282,-1,3338,3303,3332,-1,3338,3282,3303,-1,3339,3313,3281,-1,3339,3304,3331,-1,3339,3281,3304,-1,3340,3312,3280,-1,3340,3280,3305,-1,3341,3311,3306,-1,3342,3278,3307,-1,3342,3310,3278,-1,3343,3292,3310,-1,3343,3310,3342,-1,3343,3326,3292,-1,3344,3325,3291,-1,3344,3291,3311,-1,3345,3312,3340,-1,3345,3324,3312,-1,3346,3289,3313,-1,3346,3323,3289,-1,3347,3322,3314,-1,3348,3321,3287,-1,3348,3287,3315,-1,3349,3320,3286,-1,3349,3286,3316,-1,3350,3319,3317,-1,3351,3300,3319,-1,3351,3334,3300,-1,3352,3333,3299,-1,3352,3299,3320,-1,3353,3332,3321,-1,3354,3297,3322,-1,3354,3331,3297,-1,3355,3323,3346,-1,3355,3330,3323,-1,3356,3295,3324,-1,3356,3329,3295,-1,3357,3325,3344,-1,3357,3294,3325,-1,3357,3328,3294,-1,3358,3293,3326,-1,3358,3327,3293,-1,3358,3309,3327,-1,3358,3359,3309,-1,3360,3328,3357,-1,3360,3307,3328,-1,3360,3342,3307,-1,3361,3341,3306,-1,3361,3329,3356,-1,3361,3306,3329,-1,3362,3305,3330,-1,3362,3340,3305,-1,3363,3331,3354,-1,3363,3339,3331,-1,3364,3332,3353,-1,3364,3338,3332,-1,3365,3337,3333,-1,3366,3334,3351,-1,3366,3336,3301,-1,3366,3301,3334,-1,3367,3335,3318,-1,3367,3318,3368,-1,3369,3335,3367,-1,3369,3317,3335,-1,3369,3350,3317,-1,3370,3349,3316,-1,3370,3316,3336,-1,3370,3336,3366,-1,3371,3348,3315,-1,3371,3315,3337,-1,3372,3347,3314,-1,3372,3338,3364,-1,3372,3314,3338,-1,3373,3313,3339,-1,3373,3346,3313,-1,3374,3345,3340,-1,3375,3311,3341,-1,3375,3344,3311,-1,3376,3343,3342,-1,3377,3358,3326,-1,3377,3326,3343,-1,3377,3359,3358,-1,3378,3357,3344,-1,3379,3324,3345,-1,3379,3356,3324,-1,3380,3355,3346,-1,3381,3354,3322,-1,3381,3322,3347,-1,3382,3353,3321,-1,3382,3321,3348,-1,3383,3320,3349,-1,3383,3352,3320,-1,3384,3351,3319,-1,3384,3319,3350,-1,3385,3367,3368,-1,3386,3366,3351,-1,3387,3352,3383,-1,3387,3365,3333,-1,3387,3333,3352,-1,3388,3364,3353,-1,3389,3363,3354,-1,3389,3354,3381,-1,3390,3362,3330,-1,3390,3330,3355,-1,3391,3361,3356,-1,3392,3360,3357,-1,3393,3376,3342,-1,3393,3342,3360,-1,3393,3360,3392,-1,3394,3361,3391,-1,3394,3341,3361,-1,3394,3375,3341,-1,3395,3362,3390,-1,3395,3340,3362,-1,3395,3374,3340,-1,3396,3339,3363,-1,3396,3373,3339,-1,3397,3372,3364,-1,3398,3365,3387,-1,3398,3337,3365,-1,3398,3371,3337,-1,3399,3370,3366,-1,3400,3369,3367,-1,3401,3350,3369,-1,3401,3369,3400,-1,3401,3384,3350,-1,3402,3383,3349,-1,3402,3349,3370,-1,3403,3348,3371,-1,3403,3371,3398,-1,3403,3382,3348,-1,3404,3347,3372,-1,3404,3381,3347,-1,3405,3380,3346,-1,3405,3373,3396,-1,3405,3346,3373,-1,3406,3345,3374,-1,3406,3374,3395,-1,3406,3379,3345,-1,3407,3375,3394,-1,3407,3344,3375,-1,3407,3378,3344,-1,3408,3409,3359,-1,3408,3343,3376,-1,3408,3359,3377,-1,3408,3377,3343,-1,3410,3378,3407,-1,3410,3392,3357,-1,3410,3357,3378,-1,3411,3391,3356,-1,3411,3356,3379,-1,3412,3355,3380,-1,3412,3390,3355,-1,3413,3389,3381,-1,3414,3388,3353,-1,3414,3353,3382,-1,3415,3387,3383,-1,3416,3386,3351,-1,3416,3351,3384,-1,3417,3385,3368,-1,3417,3368,3418,-1,3419,3385,3417,-1,3419,3367,3385,-1,3419,3400,3367,-1,3420,3366,3386,-1,3420,3399,3366,-1,3421,3398,3387,-1,3422,3397,3364,-1,3422,3364,3388,-1,3423,3363,3389,-1,3423,3396,3363,-1,3424,3395,3390,-1,3424,3390,3412,-1,3425,3394,3391,-1,3426,3393,3392,-1,3426,3392,3410,-1,3427,3409,3408,-1,3427,3408,3376,-1,3427,3376,3393,-1,3428,3407,3394,-1,3429,3406,3395,-1,3430,3405,3396,-1,3431,3372,3397,-1,3431,3404,3372,-1,3432,3403,3398,-1,3433,3402,3370,-1,3433,3370,3399,-1,3434,3401,3400,-1,3435,3417,3418,-1,3436,3384,3401,-1,3436,3416,3384,-1,3437,3402,3433,-1,3437,3383,3402,-1,3437,3415,3383,-1,3438,3403,3432,-1,3438,3382,3403,-1,3438,3414,3382,-1,3439,3404,3431,-1,3439,3381,3404,-1,3439,3413,3381,-1,3440,3412,3380,-1,3440,3380,3405,-1,3441,3379,3406,-1,3441,3411,3379,-1,3442,3410,3407,-1,3443,3426,3410,-1,3444,3425,3391,-1,3444,3391,3411,-1,3445,3424,3412,-1,3446,3389,3413,-1,3446,3423,3389,-1,3447,3422,3388,-1,3447,3388,3414,-1,3448,3421,3387,-1,3448,3415,3437,-1,3448,3387,3415,-1,3449,3386,3416,-1,3449,3420,3386,-1,3450,3419,3417,-1,3451,3400,3419,-1,3451,3434,3400,-1,3452,3399,3420,-1,3452,3433,3399,-1,3452,3420,3449,-1,3453,3432,3398,-1,3453,3398,3421,-1,3454,3397,3422,-1,3454,3431,3397,-1,3455,3396,3423,-1,3455,3430,3396,-1,3455,3423,3446,-1,3456,3429,3395,-1,3456,3395,3424,-1,3457,3428,3394,-1,3457,3425,3444,-1,3457,3394,3425,-1,3458,3427,3393,-1,3458,3409,3427,-1,3458,3459,3409,-1,3458,3393,3426,-1,3460,3407,3428,-1,3460,3442,3407,-1,3461,3429,3456,-1,3461,3441,3406,-1,3461,3406,3429,-1,3462,3405,3430,-1,3462,3440,3405,-1,3463,3431,3454,-1,3463,3439,3431,-1,3464,3438,3432,-1,3464,3432,3453,-1,3465,3437,3433,-1,3466,3401,3434,-1,3466,3436,3401,-1,3466,3434,3451,-1,3467,3435,3418,-1,3467,3418,3468,-1,3469,3417,3435,-1,3469,3450,3417,-1,3470,3416,3436,-1,3470,3449,3416,-1,3471,3448,3437,-1,3472,3414,3438,-1,3472,3438,3464,-1,3472,3447,3414,-1,3473,3446,3413,-1,3473,3413,3439,-1,3474,3412,3440,-1,3474,3445,3412,-1,3475,3411,3441,-1,3475,3444,3411,-1,3476,3410,3442,-1,3476,3443,3410,-1,3477,3459,3458,-1,3477,3426,3443,-1,3477,3458,3426,-1,3478,3457,3444,-1,3479,3424,3445,-1,3479,3456,3424,-1,3480,3455,3446,-1,3481,3422,3447,-1,3481,3454,3422,-1,3482,3453,3421,-1,3482,3421,3448,-1,3483,3452,3449,-1,3484,3451,3419,-1,3484,3419,3450,-1,3485,3467,3468,-1,3486,3466,3451,-1,3487,3433,3452,-1,3487,3452,3483,-1,3487,3465,3433,-1,3488,3464,3453,-1,3489,3463,3454,-1,3490,3430,3455,-1,3490,3462,3430,-1,3491,3461,3456,-1,3491,3456,3479,-1,3492,3460,3428,-1,3492,3428,3457,-1,3493,3442,3460,-1,3493,3476,3442,-1,3493,3460,3492,-1,3494,3441,3461,-1,3494,3475,3441,-1,3495,3474,3440,-1,3495,3440,3462,-1,3496,3439,3463,-1,3496,3473,3439,-1,3497,3472,3464,-1,3498,3465,3487,-1,3498,3471,3437,-1,3498,3437,3465,-1,3499,3436,3466,-1,3499,3470,3436,-1,3500,3469,3435,-1,3500,3435,3467,-1,3501,3484,3450,-1,3501,3450,3469,-1,3502,3483,3449,-1,3502,3449,3470,-1,3503,3448,3471,-1,3503,3482,3448,-1,3504,3481,3447,-1,3504,3447,3472,-1,3505,3446,3473,-1,3505,3480,3446,-1,3506,3445,3474,-1,3506,3479,3445,-1,3507,3475,3494,-1,3507,3478,3444,-1,3507,3444,3475,-1,3508,3459,3477,-1,3508,3509,3459,-1,3508,3477,3443,-1,3508,3443,3476,-1,3510,3457,3478,-1,3510,3492,3457,-1,3511,3491,3479,-1,3512,3490,3455,-1,3512,3455,3480,-1,3513,3489,3454,-1,3513,3454,3481,-1,3514,3488,3453,-1,3514,3453,3482,-1,3515,3487,3483,-1,3516,3451,3484,-1,3516,3486,3451,-1,3517,3485,3468,-1,3517,3468,3518,-1,3519,3467,3485,-1,3519,3500,3467,-1,3520,3499,3466,-1,3520,3466,3486,-1,3521,3498,3487,-1,3522,3464,3488,-1,3522,3497,3464,-1,3523,3463,3489,-1,3523,3496,3463,-1,3524,3462,3490,-1,3524,3495,3462,-1,3525,3494,3461,-1,3525,3491,3511,-1,3525,3461,3491,-1,3526,3493,3492,-1,3527,3476,3493,-1,3527,3493,3526,-1,3527,3508,3476,-1,3527,3509,3508,-1,3528,3507,3494,-1,3528,3494,3525,-1,3529,3474,3495,-1,3529,3506,3474,-1,3530,3496,3523,-1,3530,3505,3473,-1,3530,3473,3496,-1,3531,3504,3472,-1,3531,3472,3497,-1,3532,3471,3498,-1,3532,3503,3471,-1,3533,3502,3470,-1,3533,3470,3499,-1,3534,3469,3500,-1,3534,3501,3469,-1,3534,3500,3519,-1,3535,3517,3518,-1,3536,3484,3501,-1,3536,3516,3484,-1,3537,3502,3533,-1,3537,3483,3502,-1,3537,3515,3483,-1,3538,3514,3482,-1,3538,3482,3503,-1,3538,3503,3532,-1,3539,3504,3531,-1,3539,3481,3504,-1,3539,3513,3481,-1,3540,3480,3505,-1,3540,3512,3480,-1,3541,3506,3529,-1,3541,3479,3506,-1,3541,3511,3479,-1,3542,3478,3507,-1,3542,3510,3478,-1,3543,3526,3492,-1,3543,3492,3510,-1,3544,3525,3511,-1,3544,3511,3541,-1,3545,3524,3490,-1,3545,3512,3540,-1,3545,3490,3512,-1,3546,3489,3513,-1,3546,3523,3489,-1,3547,3488,3514,-1,3547,3522,3488,-1,3548,3487,3515,-1,3548,3515,3537,-1,3548,3521,3487,-1,3549,3486,3516,-1,3549,3520,3486,-1,3550,3519,3485,-1,3550,3485,3517,-1,3551,3534,3519,-1,3552,3499,3520,-1,3552,3533,3499,-1,3552,3520,3549,-1,3553,3521,3548,-1,3553,3532,3498,-1,3553,3498,3521,-1,3554,3531,3497,-1,3554,3497,3522,-1,3555,3530,3523,-1,3556,3524,3545,-1,3556,3529,3495,-1,3556,3495,3524,-1,3557,3528,3525,-1,3558,3509,3527,-1,3558,3559,3509,-1,3558,3527,3526,-1,3560,3507,3528,-1,3560,3542,3507,-1,3561,3541,3529,-1,3562,3505,3530,-1,3562,3540,3505,-1,3563,3539,3531,-1,3563,3531,3554,-1,3564,3538,3532,-1,3565,3537,3533,-1,3566,3536,3501,-1,3566,3501,3534,-1,3567,3535,3518,-1,3567,3518,3568,-1,3569,3517,3535,-1,3569,3550,3517,-1,3570,3516,3536,-1,3570,3549,3516,-1,3571,3548,3537,-1,3572,3514,3538,-1,3572,3547,3514,-1,3573,3546,3513,-1,3573,3513,3539,-1,3574,3545,3540,-1,3575,3544,3541,-1,3576,3543,3510,-1,3576,3510,3542,-1,3577,3559,3558,-1,3577,3558,3526,-1,3577,3526,3543,-1,3577,3543,3576,-1,3578,3557,3525,-1,3578,3525,3544,-1,3579,3556,3545,-1,3580,3546,3573,-1,3580,3523,3546,-1,3580,3555,3523,-1,3581,3522,3547,-1,3581,3554,3522,-1,3582,3553,3548,-1,3583,3549,3570,-1,3583,3552,3549,-1,3584,3550,3569,-1,3584,3551,3519,-1,3584,3519,3550,-1,3585,3567,3568,-1,3586,3566,3534,-1,3586,3534,3551,-1,3587,3552,3583,-1,3587,3565,3533,-1,3587,3533,3552,-1,3588,3564,3532,-1,3588,3553,3582,-1,3588,3532,3553,-1,3589,3563,3554,-1,3590,3530,3555,-1,3590,3562,3530,-1,3591,3561,3529,-1,3591,3529,3556,-1,3591,3556,3579,-1,3592,3560,3528,-1,3592,3528,3557,-1,3593,3576,3542,-1,3593,3542,3560,-1,3593,3560,3592,-1,3594,3541,3561,-1,3594,3561,3591,-1,3594,3575,3541,-1,3595,3562,3590,-1,3595,3574,3540,-1,3595,3540,3562,-1,3596,3573,3539,-1,3596,3539,3563,-1,3597,3538,3564,-1,3597,3572,3538,-1,3598,3537,3565,-1,3598,3571,3537,-1,3599,3570,3536,-1,3599,3536,3566,-1,3600,3535,3567,-1,3600,3569,3535,-1,3601,3584,3569,-1,3602,3583,3570,-1,3603,3571,3598,-1,3603,3548,3571,-1,3603,3582,3548,-1,3604,3581,3547,-1,3604,3547,3572,-1,3605,3580,3573,-1,3606,3545,3574,-1,3606,3579,3545,-1,3607,3578,3544,-1,3607,3575,3594,-1,3607,3544,3575,-1,3608,3559,3577,-1,3608,3609,3559,-1,3608,3577,3576,-1,3610,3592,3557,-1,3610,3557,3578,-1,3611,3591,3579,-1,3612,3555,3580,-1,3612,3590,3555,-1,3613,3554,3581,-1,3613,3589,3554,-1,3614,3588,3582,-1,3615,3587,3583,-1,3616,3586,3551,-1,3616,3551,3584,-1,3617,3585,3568,-1,3617,3568,3618,-1,3619,3567,3585,-1,3619,3600,3567,-1,3620,3566,3586,-1,3620,3599,3566,-1,3621,3565,3587,-1,3621,3598,3565,-1,3621,3587,3615,-1,3622,3564,3588,-1,3622,3597,3564,-1,3623,3596,3563,-1,3623,3563,3589,-1,3624,3595,3590,-1,3625,3594,3591,-1,3626,3593,3592,-1,3626,3592,3610,-1,3627,3576,3593,-1,3627,3608,3576,-1,3627,3609,3608,-1,3627,3593,3626,-1,3628,3607,3594,-1,3629,3574,3595,-1,3629,3606,3574,-1,3630,3596,3623,-1,3630,3573,3596,-1,3630,3605,3573,-1,3631,3572,3597,-1,3631,3604,3572,-1,3632,3603,3598,-1,3633,3602,3570,-1,3633,3599,3620,-1,3633,3570,3599,-1,3634,3569,3600,-1,3634,3600,3619,-1,3634,3601,3569,-1,3635,3617,3618,-1,3636,3584,3601,-1,3636,3616,3584,-1,3637,3583,3602,-1,3637,3615,3583,-1,3638,3582,3603,-1,3638,3614,3582,-1,3638,3603,3632,-1,3639,3604,3631,-1,3639,3581,3604,-1,3639,3613,3581,-1,3640,3580,3605,-1,3640,3612,3580,-1,3641,3579,3606,-1,3641,3611,3579,-1,3642,3610,3578,-1,3642,3578,3607,-1,3643,3626,3610,-1,3644,3591,3611,-1,3644,3611,3641,-1,3644,3625,3591,-1,3645,3624,3590,-1,3645,3612,3640,-1,3645,3590,3612,-1,3646,3589,3613,-1,3646,3623,3589,-1,3647,3622,3588,-1,3647,3588,3614,-1,3648,3621,3615,-1,3649,3586,3616,-1,3649,3620,3586,-1,3650,3619,3585,-1,3650,3585,3617,-1,3651,3634,3619,-1,3652,3633,3620,-1,3653,3598,3621,-1,3653,3632,3598,-1,3654,3597,3622,-1,3654,3631,3597,-1,3655,3630,3623,-1,3656,3629,3595,-1,3656,3595,3624,-1,3657,3628,3594,-1,3657,3594,3625,-1,3657,3625,3644,-1,3658,3609,3627,-1,3658,3627,3626,-1,3658,3659,3609,-1,3660,3642,3607,-1,3660,3607,3628,-1,3661,3641,3606,-1,3661,3606,3629,-1,3661,3629,3656,-1,3662,3605,3630,-1,3662,3640,3605,-1,3663,3639,3631,-1,3664,3638,3632,-1,3665,3637,3602,-1,3665,3602,3633,-1,3665,3633,3652,-1,3666,3601,3634,-1,3666,3636,3601,-1,3667,3635,3618,-1,3667,3618,3668,-1,3669,3650,3617,-1,3669,3617,3635,-1,3670,3649,3616,-1,3670,3616,3636,-1,3671,3615,3637,-1,3671,3648,3615,-1,3672,3614,3638,-1,3672,3638,3664,-1,3672,3647,3614,-1,3673,3613,3639,-1,3673,3646,3613,-1,3674,3645,3640,-1,3674,3640,3662,-1,3675,3644,3641,-1,3676,3610,3642,-1,3676,3642,3660,-1,3676,3643,3610,-1,3677,3626,3643,-1,3677,3643,3676,-1,3677,3658,3626,-1,3677,3659,3658,-1,3678,3657,3644,-1,3679,3656,3624,-1,3679,3624,3645,-1,3680,3623,3646,-1,3680,3655,3623,-1,3681,3622,3647,-1,3681,3654,3622,-1,3682,3621,3648,-1,3682,3648,3671,-1,3682,3653,3621,-1,3683,3652,3620,-1,3683,3620,3649,-1,3684,3650,3669,-1,3684,3619,3650,-1,3684,3651,3619,-1,3685,3667,3668,-1,3686,3634,3651,-1,3686,3666,3634,-1,3687,3665,3652,-1,3688,3664,3632,-1,3688,3653,3682,-1,3688,3632,3653,-1,3689,3654,3681,-1,3689,3663,3631,-1,3689,3631,3654,-1,3690,3662,3630,-1,3690,3630,3655,-1,3691,3661,3656,-1,3692,3628,3657,-1,3692,3660,3628,-1,3693,3676,3660,-1,3694,3675,3641,-1,3694,3641,3661,-1,3695,3674,3662,-1,3696,3673,3639,-1,3696,3639,3663,-1,3697,3672,3664,-1,3698,3671,3637,-1,3698,3637,3665,-1,3699,3670,3636,-1,3699,3636,3666,-1,3700,3635,3667,-1,3700,3669,3635,-1,3701,3684,3669,-1,3702,3683,3649,-1,3702,3649,3670,-1,3703,3682,3671,-1,3704,3647,3672,-1,3704,3681,3647,-1,3705,3673,3696,-1,3705,3646,3673,-1,3705,3680,3646,-1,3706,3679,3645,-1,3706,3645,3674,-1,3707,3678,3644,-1,3707,3644,3675,-1,3708,3709,3659,-1,3708,3659,3677,-1,3708,3677,3676,-1,3710,3657,3678,-1,3710,3692,3657,-1,3711,3679,3706,-1,3711,3691,3656,-1,3711,3656,3679,-1,3712,3655,3680,-1,3712,3690,3655,-1,3713,3689,3681,-1,3714,3688,3682,-1,3715,3683,3702,-1,3715,3687,3652,-1,3715,3652,3683,-1,3716,3686,3651,-1,3716,3651,3684,-1,3717,3668,3718,-1,3717,3685,3668,-1,3719,3667,3685,-1,3719,3700,3667,-1,3720,3699,3666,-1,3720,3666,3686,-1,3721,3698,3665,-1,3721,3665,3687,-1,3721,3687,3715,-1,3722,3697,3664,-1,3722,3664,3688,-1,3723,3696,3663,-1,3723,3663,3689,-1,3724,3690,3712,-1,3724,3662,3690,-1,3724,3695,3662,-1,3725,3661,3691,-1,3725,3694,3661,-1,3726,3692,3710,-1,3726,3660,3692,-1,3726,3693,3660,-1,3727,3708,3676,-1,3727,3709,3708,-1,3727,3693,3726,-1,3727,3676,3693,-1,3728,3694,3725,-1,3728,3675,3694,-1,3728,3707,3675,-1,3729,3706,3674,-1,3729,3674,3695,-1,3730,3705,3696,-1,3731,3704,3672,-1,3731,3672,3697,-1,3732,3703,3671,-1,3732,3698,3721,-1,3732,3671,3698,-1,3733,3699,3720,-1,3733,3702,3670,-1,3733,3670,3699,-1,3734,3701,3669,-1,3734,3700,3719,-1,3734,3669,3700,-1,3735,3684,3701,-1,3735,3716,3684,-1,3736,3715,3702,-1,3737,3682,3703,-1,3737,3714,3682,-1,3738,3713,3681,-1,3738,3681,3704,-1,3738,3704,3731,-1,3739,3712,3680,-1,3739,3680,3705,-1,3740,3711,3706,-1,3741,3678,3707,-1,3741,3710,3678,-1,3742,3726,3710,-1,3743,3711,3740,-1,3743,3691,3711,-1,3743,3725,3691,-1,3744,3724,3712,-1,3745,3689,3713,-1,3745,3723,3689,-1,3746,3688,3714,-1,3746,3722,3688,-1,3747,3721,3715,-1,3748,3686,3716,-1,3748,3720,3686,-1,3749,3685,3717,-1,3749,3719,3685,-1,3750,3734,3719,-1,3751,3733,3720,-1,3752,3732,3721,-1,3753,3697,3722,-1,3753,3731,3697,-1,3754,3696,3723,-1,3754,3723,3745,-1,3754,3730,3696,-1,3755,3695,3724,-1,3755,3729,3695,-1,3756,3728,3725,-1,3757,3758,3709,-1,3757,3709,3727,-1,3757,3727,3726,-1,3759,3741,3707,-1,3759,3707,3728,-1,3760,3740,3706,-1,3760,3706,3729,-1,3761,3705,3730,-1,3761,3739,3705,-1,3762,3738,3731,-1,3763,3737,3703,-1,3763,3703,3732,-1,3764,3736,3702,-1,3764,3702,3733,-1,3764,3733,3751,-1,3765,3735,3701,-1,3765,3701,3734,-1,3766,3717,3718,-1,3766,3718,3767,-1,3768,3716,3735,-1,3768,3748,3716,-1,3769,3747,3715,-1,3769,3715,3736,-1,3769,3736,3764,-1,3770,3714,3737,-1,3770,3746,3714,-1,3771,3745,3713,-1,3771,3713,3738,-1,3772,3739,3761,-1,3772,3744,3712,-1,3772,3712,3739,-1,3773,3743,3740,-1,3774,3742,3710,-1,3774,3710,3741,-1,3775,3742,3774,-1,3775,3726,3742,-1,3775,3758,3757,-1,3775,3757,3726,-1,3776,3743,3773,-1,3776,3725,3743,-1,3776,3756,3725,-1,3777,3724,3744,-1,3777,3755,3724,-1,3778,3754,3745,-1,3779,3753,3722,-1,3779,3722,3746,-1,3780,3721,3747,-1,3780,3752,3721,-1,3781,3720,3748,-1,3781,3751,3720,-1,3782,3719,3749,-1,3782,3750,3719,-1,3783,3734,3750,-1,3783,3765,3734,-1,3784,3764,3751,-1,3785,3763,3732,-1,3785,3732,3752,-1,3786,3762,3731,-1,3786,3753,3779,-1,3786,3731,3753,-1,3787,3761,3730,-1,3787,3730,3754,-1,3788,3755,3777,-1,3788,3729,3755,-1,3788,3760,3729,-1,3789,3759,3728,-1,3789,3728,3756,-1,3790,3741,3759,-1,3790,3774,3741,-1,3790,3759,3789,-1,3791,3740,3760,-1,3791,3773,3740,-1,3792,3772,3761,-1,3793,3738,3762,-1,3793,3771,3738,-1,3794,3737,3763,-1,3794,3770,3737,-1,3795,3769,3764,-1,3796,3735,3765,-1,3796,3768,3735,-1,3797,3749,3717,-1,3797,3717,3766,-1,3797,3782,3749,-1,3798,3748,3768,-1,3798,3781,3748,-1,3799,3780,3747,-1,3799,3747,3769,-1,3800,3746,3770,-1,3800,3779,3746,-1,3801,3745,3771,-1,3801,3778,3745,-1,3802,3744,3772,-1,3802,3777,3744,-1,3802,3772,3792,-1,3803,3776,3773,-1,3804,3775,3774,-1,3804,3758,3775,-1,3804,3805,3758,-1,3806,3756,3776,-1,3806,3789,3756,-1,3807,3788,3777,-1,3808,3754,3778,-1,3808,3787,3754,-1,3809,3779,3800,-1,3809,3786,3779,-1,3810,3752,3780,-1,3810,3785,3752,-1,3810,3780,3799,-1,3811,3781,3798,-1,3811,3751,3781,-1,3811,3784,3751,-1,3812,3750,3782,-1,3812,3783,3750,-1,3813,3766,3767,-1,3813,3767,3814,-1,3815,3796,3765,-1,3815,3765,3783,-1,3816,3764,3784,-1,3816,3795,3764,-1,3817,3763,3785,-1,3817,3794,3763,-1,3818,3793,3762,-1,3818,3762,3786,-1,3819,3792,3761,-1,3819,3787,3808,-1,3819,3761,3787,-1,3820,3788,3807,-1,3820,3760,3788,-1,3820,3791,3760,-1,3821,3790,3789,-1,3822,3805,3804,-1,3822,3804,3774,-1,3822,3790,3821,-1,3822,3774,3790,-1,3823,3791,3820,-1,3823,3803,3773,-1,3823,3773,3791,-1,3824,3802,3792,-1,3825,3793,3818,-1,3825,3771,3793,-1,3825,3801,3771,-1,3826,3770,3794,-1,3826,3800,3770,-1,3827,3769,3795,-1,3827,3799,3769,-1,3828,3798,3768,-1,3828,3796,3815,-1,3828,3768,3796,-1,3829,3782,3797,-1,3830,3811,3798,-1,3831,3810,3799,-1,3832,3809,3800,-1,3833,3808,3778,-1,3833,3801,3825,-1,3833,3778,3801,-1,3834,3777,3802,-1,3834,3807,3777,-1,3834,3802,3824,-1,3835,3776,3803,-1,3835,3806,3776,-1,3836,3821,3789,-1,3836,3789,3806,-1,3836,3806,3835,-1,3837,3820,3807,-1,3838,3819,3808,-1,3839,3818,3786,-1,3839,3786,3809,-1,3840,3817,3785,-1,3840,3785,3810,-1,3841,3816,3784,-1,3841,3784,3811,-1,3842,3815,3783,-1,3842,3783,3812,-1,3843,3829,3797,-1,3843,3797,3766,-1,3843,3766,3813,-1,3844,3828,3815,-1,3845,3795,3816,-1,3845,3827,3795,-1,3846,3826,3794,-1,3846,3794,3817,-1,3847,3825,3818,-1,3848,3792,3819,-1,3848,3824,3792,-1,3849,3823,3820,-1,3850,3851,3805,-1,3850,3805,3822,-1,3850,3822,3821,-1,3852,3803,3823,-1,3852,3835,3803,-1,3853,3834,3824,-1,3854,3833,3825,-1,3855,3826,3846,-1,3855,3800,3826,-1,3855,3832,3800,-1,3856,3827,3845,-1,3856,3831,3799,-1,3856,3799,3827,-1,3857,3828,3844,-1,3857,3798,3828,-1,3857,3830,3798,-1,3858,3782,3829,-1,3858,3812,3782,-1,3859,3813,3814,-1,3859,3814,3860,-1,3861,3841,3811,-1,3861,3811,3830,-1,3862,3840,3810,-1,3862,3810,3831,-1,3863,3809,3832,-1,3863,3839,3809,-1,3864,3838,3808,-1,3864,3808,3833,-1,3865,3837,3807,-1,3865,3807,3834,-1,3866,3836,3835,-1,3867,3850,3821,-1,3867,3851,3850,-1,3867,3836,3866,-1,3867,3821,3836,-1,3868,3849,3820,-1,3868,3820,3837,-1,3869,3819,3838,-1,3869,3848,3819,-1,3870,3839,3863,-1,3870,3847,3818,-1,3870,3818,3839,-1,3871,3846,3817,-1,3871,3817,3840,-1,3872,3845,3816,-1,3872,3816,3841,-1,3873,3844,3815,-1,3873,3815,3842,-1,3874,3829,3843,-1,3875,3857,3844,-1,3876,3856,3845,-1,3877,3855,3846,-1,3878,3825,3847,-1,3878,3854,3825,-1,3878,3847,3870,-1,3879,3824,3848,-1,3879,3853,3824,-1,3879,3848,3869,-1,3880,3852,3823,-1,3880,3823,3849,-1,3881,3835,3852,-1,3881,3866,3835,-1,3882,3834,3853,-1,3882,3865,3834,-1,3883,3864,3833,-1,3883,3833,3854,-1,3884,3863,3832,-1,3884,3832,3855,-1,3885,3862,3831,-1,3885,3831,3856,-1,3886,3861,3830,-1,3886,3830,3857,-1,3887,3812,3858,-1,3887,3842,3812,-1,3887,3873,3842,-1,3888,3813,3859,-1,3888,3843,3813,-1,3889,3872,3841,-1,3889,3841,3861,-1,3890,3840,3862,-1,3890,3871,3840,-1,3891,3870,3863,-1,3892,3869,3838,-1,3892,3838,3864,-1,3893,3865,3882,-1,3893,3868,3837,-1,3893,3837,3865,-1,3894,3866,3881,-1,3894,3895,3851,-1,3894,3867,3866,-1,3894,3851,3867,-1,3896,3880,3849,-1,3896,3849,3868,-1,3897,3879,3869,-1,3898,3878,3870,-1,3899,3877,3846,-1,3899,3846,3871,-1,3899,3871,3890,-1,3900,3872,3889,-1,3900,3876,3845,-1,3900,3845,3872,-1,3901,3844,3873,-1,3901,3875,3844,-1,3902,3858,3829,-1,3902,3829,3874,-1,3903,3888,3859,-1,3903,3860,3904,-1,3903,3859,3860,-1,3905,3857,3875,-1,3905,3886,3857,-1,3906,3885,3856,-1,3906,3856,3876,-1,3907,3855,3877,-1,3907,3884,3855,-1,3908,3854,3878,-1,3908,3883,3854,-1,3909,3853,3879,-1,3909,3882,3853,-1,3909,3879,3897,-1,3910,3881,3852,-1,3910,3880,3896,-1,3910,3852,3880,-1,3911,3895,3894,-1,3911,3894,3881,-1,3912,3893,3882,-1,3913,3883,3908,-1,3913,3864,3883,-1,3913,3892,3864,-1,3914,3863,3884,-1,3914,3891,3863,-1,3914,3884,3907,-1,3915,3890,3862,-1,3915,3862,3885,-1,3916,3861,3886,-1,3916,3889,3861,-1,3916,3886,3905,-1,3917,3901,3873,-1,3917,3873,3887,-1,3918,3874,3843,-1,3918,3843,3888,-1,3919,3900,3889,-1,3920,3899,3890,-1,3921,3870,3891,-1,3921,3898,3870,-1,3922,3869,3892,-1,3922,3897,3869,-1,3923,3896,3868,-1,3923,3868,3893,-1,3924,3910,3896,-1,3925,3909,3897,-1,3926,3898,3921,-1,3926,3908,3878,-1,3926,3878,3898,-1,3927,3877,3899,-1,3927,3907,3877,-1,3928,3900,3919,-1,3928,3876,3900,-1,3928,3906,3876,-1,3929,3875,3901,-1,3929,3905,3875,-1,3930,3887,3858,-1,3930,3858,3902,-1,3931,3888,3903,-1,3932,3916,3905,-1,3933,3885,3906,-1,3933,3915,3885,-1,3934,3914,3907,-1,3935,3913,3908,-1,3936,3912,3882,-1,3936,3909,3925,-1,3936,3882,3909,-1,3937,3910,3924,-1,3937,3895,3911,-1,3937,3911,3881,-1,3937,3938,3895,-1,3937,3881,3910,-1,3939,3893,3912,-1,3939,3923,3893,-1,3940,3913,3935,-1,3940,3892,3913,-1,3940,3922,3892,-1,3941,3891,3914,-1,3941,3921,3891,-1,3942,3915,3933,-1,3942,3920,3890,-1,3942,3890,3915,-1,3943,3916,3932,-1,3943,3889,3916,-1,3943,3919,3889,-1,3944,3901,3917,-1,3945,3874,3918,-1,3945,3902,3874,-1,3946,3904,3947,-1,3946,3931,3903,-1,3946,3903,3904,-1,3948,3928,3919,-1,3949,3899,3920,-1,3949,3927,3899,-1,3950,3926,3921,-1,3950,3921,3941,-1,3951,3925,3897,-1,3951,3897,3922,-1,3951,3922,3940,-1,3952,3896,3923,-1,3952,3924,3896,-1,3952,3923,3939,-1,3953,3937,3924,-1,3953,3938,3937,-1,3954,3936,3925,-1,3955,3935,3908,-1,3955,3908,3926,-1,3956,3934,3907,-1,3956,3907,3927,-1,3957,3933,3906,-1,3957,3906,3928,-1,3958,3932,3905,-1,3958,3905,3929,-1,3959,3917,3887,-1,3959,3944,3917,-1,3959,3887,3930,-1,3960,3888,3931,-1,3960,3918,3888,-1,3961,3943,3932,-1,3962,3942,3933,-1,3963,3914,3934,-1,3963,3941,3914,-1,3964,3940,3935,-1,3965,3912,3936,-1,3965,3939,3912,-1,3966,3952,3939,-1,3967,3951,3940,-1,3968,3950,3941,-1,3969,3942,3962,-1,3969,3949,3920,-1,3969,3920,3942,-1,3970,3948,3919,-1,3970,3943,3961,-1,3970,3919,3943,-1,3971,3901,3944,-1,3971,3929,3901,-1,3972,3902,3945,-1,3972,3959,3930,-1,3972,3930,3902,-1,3973,3931,3946,-1,3974,3928,3948,-1,3974,3957,3928,-1,3975,3956,3927,-1,3975,3927,3949,-1,3976,3955,3926,-1,3976,3926,3950,-1,3977,3954,3925,-1,3977,3925,3951,-1,3978,3924,3952,-1,3978,3938,3953,-1,3978,3979,3938,-1,3978,3952,3966,-1,3978,3953,3924,-1,3980,3936,3954,-1,3980,3965,3936,-1,3981,3964,3935,-1,3981,3935,3955,-1,3981,3955,3976,-1,3982,3963,3934,-1,3982,3934,3956,-1,3982,3956,3975,-1,3983,3933,3957,-1,3983,3962,3933,-1,3983,3957,3974,-1,3984,3932,3958,-1,3984,3961,3932,-1,3985,3944,3959,-1,3986,3945,3918,-1,3986,3918,3960,-1,3987,3970,3961,-1,3988,3946,3947,-1,3988,3947,3989,-1,3988,3973,3946,-1,3990,3969,3962,-1,3991,3941,3963,-1,3991,3963,3982,-1,3991,3968,3941,-1,3992,3940,3964,-1,3992,3967,3940,-1,3993,3965,3980,-1,3993,3966,3939,-1,3993,3939,3965,-1,3994,3979,3978,-1,3994,3978,3966,-1,3995,3977,3951,-1,3995,3951,3967,-1,3995,3967,3992,-1,3996,3950,3968,-1,3996,3976,3950,-1,3997,3949,3969,-1,3997,3975,3949,-1,3998,3948,3970,-1,3998,3974,3948,-1,3999,3984,3958,-1,3999,3958,3929,-1,3999,3929,3971,-1,4000,3959,3972,-1,4001,3960,3931,-1,4001,3931,3973,-1,4002,3983,3974,-1,4003,3982,3975,-1,4004,3981,3976,-1,4005,3980,3954,-1,4005,3954,3977,-1,4006,3993,3980,-1,4007,3992,3964,-1,4007,3964,3981,-1,4008,3991,3982,-1,4009,3962,3983,-1,4009,3990,3962,-1,4009,3983,4002,-1,4010,3961,3984,-1,4010,3987,3961,-1,4011,3944,3985,-1,4011,3971,3944,-1,4012,3945,3986,-1,4012,4000,3972,-1,4012,3972,3945,-1,4013,3970,3987,-1,4013,3998,3970,-1,4014,3973,3988,-1,4015,3997,3969,-1,4015,3990,4009,-1,4015,3969,3990,-1,4016,3968,3991,-1,4016,3996,3968,-1,4017,3995,3992,-1,4018,4019,3979,-1,4018,3979,3994,-1,4018,3966,3993,-1,4018,3994,3966,-1,4018,3993,4006,-1,4020,3977,3995,-1,4020,4005,3977,-1,4021,3996,4016,-1,4021,3976,3996,-1,4021,4004,3976,-1,4022,3997,4015,-1,4022,4003,3975,-1,4022,3975,3997,-1,4023,3974,3998,-1,4023,4002,3974,-1,4023,3998,4013,-1,4024,3984,3999,-1,4024,4010,3984,-1,4025,3985,3959,-1,4025,3959,4000,-1,4026,3960,4001,-1,4026,3986,3960,-1,4027,3988,3989,-1,4027,3989,4028,-1,4029,4009,4002,-1,4030,4003,4022,-1,4030,3982,4003,-1,4030,4008,3982,-1,4031,3981,4004,-1,4031,4007,3981,-1,4032,3980,4005,-1,4032,4006,3980,-1,4033,4018,4006,-1,4033,4019,4018,-1,4034,4017,3992,-1,4034,4007,4031,-1,4034,3992,4007,-1,4035,3991,4008,-1,4035,4016,3991,-1,4036,4015,4009,-1,4037,4013,3987,-1,4037,3987,4010,-1,4038,3999,3971,-1,4038,3971,4011,-1,4039,4000,4012,-1,4039,4025,4000,-1,4040,4023,4013,-1,4041,3973,4014,-1,4041,4001,3973,-1,4042,4022,4015,-1,4043,4021,4016,-1,4044,4020,3995,-1,4044,3995,4017,-1,4045,4005,4020,-1,4045,4020,4044,-1,4045,4032,4005,-1,4046,4004,4021,-1,4046,4031,4004,-1,4047,4030,4022,-1,4048,4002,4023,-1,4048,4029,4002,-1,4049,4010,4024,-1,4050,3985,4025,-1,4050,4011,3985,-1,4051,4039,4012,-1,4051,3986,4026,-1,4051,4012,3986,-1,4052,3988,4027,-1,4052,4014,3988,-1,4053,4009,4029,-1,4053,4029,4048,-1,4053,4036,4009,-1,4054,4035,4008,-1,4054,4008,4030,-1,4055,4034,4031,-1,4056,4057,4019,-1,4056,4006,4032,-1,4056,4019,4033,-1,4056,4033,4006,-1,4056,4032,4045,-1,4058,4044,4017,-1,4058,4017,4034,-1,4059,4016,4035,-1,4059,4043,4016,-1,4060,4036,4053,-1,4060,4042,4015,-1,4060,4015,4036,-1,4061,4013,4037,-1,4061,4040,4013,-1,4062,3999,4038,-1,4062,4024,3999,-1,4063,4025,4039,-1,4064,4048,4023,-1,4064,4023,4040,-1,4065,4026,4001,-1,4065,4001,4041,-1,4066,4027,4028,-1,4066,4028,4067,-1,4068,4022,4042,-1,4068,4042,4060,-1,4068,4047,4022,-1,4069,4043,4059,-1,4069,4046,4021,-1,4069,4021,4043,-1,4070,4045,4044,-1,4071,4056,4045,-1,4071,4057,4056,-1,4072,4055,4031,-1,4072,4046,4069,-1,4072,4031,4046,-1,4073,4054,4030,-1,4073,4030,4047,-1,4074,4053,4048,-1,4075,4010,4049,-1,4075,4037,4010,-1,4075,4061,4037,-1,4076,4011,4050,-1,4076,4062,4038,-1,4076,4038,4011,-1,4077,4063,4039,-1,4077,4039,4051,-1,4078,4014,4052,-1,4078,4041,4014,-1,4079,4060,4053,-1,4080,4059,4035,-1,4080,4054,4073,-1,4080,4035,4054,-1,4081,4058,4034,-1,4081,4034,4055,-1,4082,4044,4058,-1,4082,4070,4044,-1,4082,4058,4081,-1,4083,4069,4059,-1,4084,4068,4060,-1,4085,4040,4061,-1,4085,4064,4040,-1,4086,4024,4062,-1,4086,4049,4024,-1,4087,4050,4025,-1,4087,4025,4063,-1,4088,4048,4064,-1,4088,4074,4048,-1,4089,4051,4026,-1,4089,4026,4065,-1,4089,4077,4051,-1,4090,4027,4066,-1,4090,4052,4027,-1,4091,4047,4068,-1,4091,4068,4084,-1,4091,4073,4047,-1,4092,4072,4069,-1,4093,4094,4057,-1,4093,4045,4070,-1,4093,4057,4071,-1,4093,4070,4082,-1,4093,4071,4045,-1,4095,4081,4055,-1,4095,4055,4072,-1,4096,4080,4073,-1,4097,4074,4088,-1,4097,4053,4074,-1,4097,4079,4053,-1,4098,4061,4075,-1,4099,4062,4076,-1,4100,4063,4077,-1,4101,4041,4078,-1,4101,4065,4041,-1,4101,4089,4065,-1,4102,4079,4097,-1,4102,4060,4079,-1,4102,4084,4060,-1,4103,4090,4066,-1,4103,4066,4067,-1,4103,4067,4104,-1,4105,4059,4080,-1,4105,4083,4059,-1,4106,4082,4081,-1,4107,4093,4082,-1,4107,4094,4093,-1,4108,4092,4069,-1,4108,4069,4083,-1,4109,4091,4084,-1,4110,4088,4064,-1,4110,4064,4085,-1,4111,4049,4086,-1,4111,4075,4049,-1,4112,4076,4050,-1,4112,4099,4076,-1,4112,4050,4087,-1,4113,4097,4088,-1,4114,4077,4089,-1,4115,4052,4090,-1,4115,4078,4052,-1,4116,4073,4091,-1,4116,4096,4073,-1,4116,4091,4109,-1,4117,4095,4072,-1,4117,4072,4092,-1,4118,4106,4081,-1,4118,4081,4095,-1,4118,4095,4117,-1,4119,4080,4096,-1,4119,4105,4080,-1,4120,4102,4097,-1,4121,4085,4061,-1,4121,4061,4098,-1,4121,4110,4085,-1,4122,4062,4099,-1,4122,4086,4062,-1,4123,4063,4100,-1,4123,4087,4063,-1,4124,4089,4101,-1,4125,4084,4102,-1,4125,4109,4084,-1,4126,4090,4103,-1,4127,4108,4083,-1,4127,4083,4105,-1,4127,4105,4119,-1,4128,4129,4094,-1,4128,4082,4106,-1,4128,4094,4107,-1,4128,4106,4118,-1,4128,4107,4082,-1,4130,4117,4092,-1,4130,4092,4108,-1,4131,4116,4109,-1,4132,4113,4088,-1,4132,4088,4110,-1,4133,4121,4098,-1,4133,4098,4075,-1,4133,4075,4111,-1,4134,4122,4099,-1,4134,4099,4112,-1,4135,4097,4113,-1,4135,4120,4097,-1,4136,4100,4077,-1,4136,4077,4114,-1,4137,4101,4078,-1,4137,4078,4115,-1,4138,4126,4103,-1,4138,4103,4104,-1,4138,4104,4139,-1,4140,4096,4116,-1,4140,4119,4096,-1,4141,4118,4117,-1,4142,4129,4128,-1,4142,4128,4118,-1,4143,4127,4119,-1,4144,4125,4102,-1,4144,4102,4120,-1,4145,4110,4121,-1,4146,4086,4122,-1,4146,4111,4086,-1,4146,4133,4111,-1,4147,4087,4123,-1,4147,4134,4112,-1,4147,4112,4087,-1,4148,4089,4124,-1,4148,4114,4089,-1,4149,4109,4125,-1,4149,4131,4109,-1,4149,4125,4144,-1,4150,4115,4090,-1,4150,4090,4126,-1,4150,4137,4115,-1,4151,4108,4127,-1,4151,4130,4108,-1,4152,4117,4130,-1,4152,4141,4117,-1,4153,4116,4131,-1,4153,4140,4116,-1,4154,4135,4113,-1,4154,4113,4132,-1,4155,4121,4133,-1,4155,4145,4121,-1,4156,4122,4134,-1,4157,4144,4120,-1,4157,4120,4135,-1,4158,4123,4100,-1,4158,4100,4136,-1,4159,4124,4101,-1,4159,4101,4137,-1,4160,4126,4138,-1,4160,4150,4126,-1,4161,4119,4140,-1,4161,4143,4119,-1,4161,4140,4153,-1,4162,4129,4142,-1,4162,4163,4129,-1,4162,4142,4118,-1,4162,4118,4141,-1,4164,4127,4143,-1,4164,4151,4127,-1,4165,4149,4144,-1,4166,4110,4145,-1,4166,4132,4110,-1,4166,4154,4132,-1,4167,4133,4146,-1,4168,4134,4147,-1,4168,4156,4134,-1,4169,4136,4114,-1,4169,4114,4148,-1,4170,4131,4149,-1,4170,4153,4131,-1,4171,4137,4150,-1,4172,4160,4138,-1,4172,4138,4139,-1,4172,4139,4173,-1,4174,4151,4164,-1,4174,4130,4151,-1,4174,4152,4130,-1,4175,4162,4141,-1,4175,4163,4162,-1,4175,4141,4152,-1,4176,4161,4153,-1,4177,4135,4154,-1,4177,4157,4135,-1,4178,4145,4155,-1,4179,4122,4156,-1,4179,4167,4146,-1,4179,4146,4122,-1,4180,4165,4144,-1,4180,4144,4157,-1,4181,4147,4123,-1,4181,4123,4158,-1,4182,4124,4159,-1,4182,4148,4124,-1,4183,4150,4160,-1,4184,4143,4161,-1,4184,4164,4143,-1,4185,4174,4164,-1,4186,4170,4149,-1,4186,4149,4165,-1,4187,4154,4166,-1,4188,4133,4167,-1,4188,4155,4133,-1,4188,4178,4155,-1,4189,4156,4168,-1,4190,4136,4169,-1,4190,4158,4136,-1,4190,4181,4158,-1,4191,4170,4186,-1,4191,4153,4170,-1,4191,4176,4153,-1,4192,4137,4171,-1,4192,4159,4137,-1,4193,4160,4172,-1,4194,4163,4175,-1,4194,4195,4163,-1,4194,4152,4174,-1,4194,4175,4152,-1,4194,4174,4185,-1,4196,4161,4176,-1,4196,4184,4161,-1,4197,4157,4177,-1,4197,4180,4157,-1,4198,4166,4145,-1,4198,4145,4178,-1,4198,4187,4166,-1,4199,4167,4179,-1,4200,4165,4180,-1,4200,4186,4165,-1,4201,4147,4181,-1,4201,4168,4147,-1,4201,4189,4168,-1,4202,4169,4148,-1,4202,4148,4182,-1,4203,4171,4150,-1,4203,4150,4183,-1,4204,4184,4196,-1,4204,4164,4184,-1,4204,4185,4164,-1,4205,4172,4173,-1,4205,4173,4206,-1,4207,4194,4185,-1,4207,4195,4194,-1,4208,4191,4186,-1,4209,4197,4177,-1,4209,4177,4154,-1,4209,4154,4187,-1,4210,4178,4188,-1,4211,4199,4179,-1,4211,4179,4156,-1,4211,4156,4189,-1,4212,4201,4181,-1,4212,4181,4190,-1,4213,4176,4191,-1,4213,4196,4176,-1,4214,4202,4182,-1,4214,4182,4159,-1,4214,4159,4192,-1,4215,4203,4183,-1,4215,4160,4193,-1,4215,4183,4160,-1,4216,4204,4196,-1,4217,4180,4197,-1,4217,4200,4180,-1,4218,4187,4198,-1,4219,4210,4188,-1,4219,4188,4167,-1,4219,4167,4199,-1,4220,4186,4200,-1,4220,4208,4186,-1,4221,4189,4201,-1,4222,4169,4202,-1,4222,4190,4169,-1,4223,4171,4203,-1,4223,4192,4171,-1,4224,4225,4195,-1,4224,4185,4204,-1,4224,4195,4207,-1,4224,4207,4185,-1,4226,4193,4172,-1,4226,4215,4193,-1,4226,4172,4205,-1,4227,4191,4208,-1,4227,4213,4191,-1,4228,4197,4209,-1,4229,4198,4178,-1,4229,4178,4210,-1,4230,4199,4211,-1,4231,4201,4212,-1,4232,4196,4213,-1,4232,4216,4196,-1,4232,4213,4227,-1,4233,4202,4214,-1,4234,4203,4215,-1,4235,4205,4206,-1,4235,4206,4236,-1,4237,4204,4216,-1,4237,4225,4224,-1,4237,4224,4204,-1,4238,4220,4200,-1,4238,4200,4217,-1,4239,4228,4209,-1,4239,4209,4187,-1,4239,4187,4218,-1,4240,4210,4219,-1,4241,4208,4220,-1,4241,4227,4208,-1,4242,4211,4189,-1,4242,4189,4221,-1,4243,4212,4190,-1,4243,4190,4222,-1,4244,4192,4223,-1,4244,4214,4192,-1,4245,4215,4226,-1,4246,4232,4227,-1,4247,4217,4197,-1,4247,4238,4217,-1,4247,4197,4228,-1,4248,4239,4218,-1,4248,4218,4198,-1,4248,4198,4229,-1,4249,4199,4230,-1,4249,4240,4219,-1,4249,4219,4199,-1,4250,4201,4231,-1,4250,4221,4201,-1,4251,4216,4232,-1,4251,4225,4237,-1,4251,4252,4225,-1,4251,4232,4246,-1,4251,4237,4216,-1,4253,4202,4233,-1,4253,4243,4222,-1,4253,4222,4202,-1,4254,4203,4234,-1,4254,4223,4203,-1,4255,4226,4205,-1,4255,4205,4235,-1,4256,4241,4220,-1,4256,4220,4238,-1,4257,4228,4239,-1,4258,4210,4240,-1,4258,4229,4210,-1,4258,4248,4229,-1,4259,4227,4241,-1,4259,4246,4227,-1,4260,4230,4211,-1,4260,4211,4242,-1,4261,4231,4212,-1,4261,4212,4243,-1,4262,4253,4233,-1,4262,4214,4244,-1,4262,4233,4214,-1,4263,4215,4245,-1,4263,4234,4215,-1,4264,4235,4236,-1,4264,4255,4235,-1,4264,4236,4265,-1,4266,4252,4251,-1,4266,4251,4246,-1,4267,4238,4247,-1,4268,4239,4248,-1,4269,4240,4249,-1,4270,4242,4221,-1,4270,4221,4250,-1,4270,4260,4242,-1,4271,4243,4253,-1,4272,4244,4223,-1,4272,4223,4254,-1,4272,4262,4244,-1,4273,4245,4226,-1,4273,4226,4255,-1,4274,4241,4256,-1,4274,4259,4241,-1,4275,4247,4228,-1,4275,4228,4257,-1,4276,4248,4258,-1,4277,4266,4246,-1,4277,4278,4252,-1,4277,4259,4274,-1,4277,4246,4259,-1,4277,4252,4266,-1,4279,4249,4230,-1,4279,4230,4260,-1,4280,4231,4261,-1,4280,4250,4231,-1,4281,4253,4262,-1,4282,4254,4234,-1,4282,4234,4263,-1,4282,4272,4254,-1,4283,4255,4264,-1,4284,4274,4256,-1,4284,4256,4238,-1,4284,4238,4267,-1,4285,4257,4239,-1,4285,4239,4268,-1,4286,4258,4240,-1,4286,4240,4269,-1,4287,4279,4260,-1,4287,4260,4270,-1,4288,4243,4271,-1,4288,4280,4261,-1,4288,4261,4243,-1,4289,4262,4272,-1,4290,4245,4273,-1,4290,4263,4245,-1,4291,4264,4265,-1,4291,4265,4292,-1,4291,4283,4264,-1,4293,4277,4274,-1,4293,4278,4277,-1,4294,4267,4247,-1,4294,4247,4275,-1,4295,4285,4268,-1,4295,4268,4248,-1,4295,4248,4276,-1,4296,4269,4249,-1,4296,4249,4279,-1,4297,4270,4250,-1,4297,4250,4280,-1,4298,4271,4253,-1,4298,4253,4281,-1,4299,4289,4272,-1,4299,4272,4282,-1,4300,4273,4255,-1,4300,4255,4283,-1,4301,4274,4284,-1,4301,4293,4274,-1,4302,4275,4257,-1,4302,4257,4285,-1,4302,4294,4275,-1,4303,4276,4258,-1,4303,4258,4286,-1,4304,4279,4287,-1,4305,4280,4288,-1,4306,4262,4289,-1,4306,4281,4262,-1,4306,4298,4281,-1,4307,4282,4263,-1,4307,4263,4290,-1,4308,4283,4291,-1,4308,4300,4283,-1,4309,4301,4284,-1,4309,4284,4267,-1,4309,4267,4294,-1,4310,4285,4295,-1,4311,4286,4269,-1,4311,4269,4296,-1,4312,4287,4270,-1,4312,4270,4297,-1,4313,4288,4271,-1,4313,4271,4298,-1,4314,4289,4299,-1,4315,4290,4273,-1,4315,4307,4290,-1,4315,4273,4300,-1,4316,4308,4291,-1,4316,4292,4317,-1,4316,4291,4292,-1,4318,4293,4301,-1,4318,4319,4278,-1,4318,4278,4293,-1,4320,4294,4302,-1,4321,4310,4295,-1,4321,4276,4303,-1,4321,4295,4276,-1,4322,4279,4304,-1,4322,4296,4279,-1,4323,4280,4305,-1,4323,4312,4297,-1,4323,4297,4280,-1,4324,4298,4306,-1,4325,4299,4282,-1,4325,4282,4307,-1,4326,4300,4308,-1,4327,4301,4309,-1,4328,4285,4310,-1,4328,4320,4302,-1,4328,4302,4285,-1,4329,4303,4286,-1,4329,4286,4311,-1,4330,4304,4287,-1,4330,4287,4312,-1,4331,4305,4288,-1,4331,4288,4313,-1,4332,4289,4314,-1,4332,4306,4289,-1,4333,4307,4315,-1,4334,4308,4316,-1,4335,4309,4294,-1,4335,4294,4320,-1,4336,4328,4310,-1,4336,4310,4321,-1,4337,4296,4322,-1,4337,4311,4296,-1,4338,4312,4323,-1,4339,4313,4298,-1,4339,4298,4324,-1,4339,4331,4313,-1,4340,4314,4299,-1,4340,4299,4325,-1,4341,4315,4300,-1,4341,4300,4326,-1,4342,4316,4317,-1,4342,4317,4343,-1,4344,4345,4346,-1,4344,4346,4319,-1,4344,4318,4301,-1,4344,4319,4318,-1,4344,4301,4327,-1,4347,4320,4328,-1,4348,4336,4321,-1,4348,4303,4329,-1,4348,4321,4303,-1,4349,4322,4304,-1,4349,4304,4330,-1,4350,4323,4305,-1,4350,4305,4331,-1,4351,4324,4306,-1,4351,4339,4324,-1,4351,4306,4332,-1,4352,4307,4333,-1,4352,4325,4307,-1,4353,4326,4308,-1,4353,4308,4334,-1,4354,4327,4309,-1,4354,4309,4335,-1,4355,4328,4336,-1,4356,4311,4337,-1,4356,4329,4311,-1,4357,4312,4338,-1,4357,4349,4330,-1,4357,4330,4312,-1,4358,4331,4339,-1,4359,4332,4314,-1,4359,4314,4340,-1,4360,4352,4333,-1,4360,4333,4315,-1,4360,4315,4341,-1,4361,4334,4316,-1,4361,4316,4342,-1,4362,4320,4347,-1,4362,4354,4335,-1,4362,4335,4320,-1,4363,4355,4336,-1,4363,4336,4348,-1,4364,4337,4322,-1,4364,4322,4349,-1,4365,4338,4323,-1,4365,4323,4350,-1,4366,4339,4351,-1,4366,4358,4339,-1,4367,4325,4352,-1,4367,4340,4325,-1,4368,4326,4353,-1,4368,4341,4326,-1,4369,4342,4343,-1,4369,4343,4370,-1,4371,4344,4327,-1,4371,4345,4344,-1,4371,4327,4354,-1,4372,4328,4355,-1,4372,4347,4328,-1,4373,4348,4329,-1,4373,4329,4356,-1,4374,4349,4357,-1,4375,4350,4331,-1,4375,4331,4358,-1,4375,4365,4350,-1,4376,4332,4359,-1,4376,4351,4332,-1,4377,4352,4360,-1,4378,4334,4361,-1,4378,4353,4334,-1,4379,4354,4362,-1,4379,4371,4354,-1,4380,4355,4363,-1,4381,4337,4364,-1,4381,4356,4337,-1,4382,4374,4357,-1,4382,4338,4365,-1,4382,4357,4338,-1,4383,4358,4366,-1,4384,4340,4367,-1,4384,4359,4340,-1,4385,4360,4341,-1,4385,4377,4360,-1,4385,4341,4368,-1,4386,4342,4369,-1,4386,4361,4342,-1,4387,4379,4362,-1,4387,4362,4347,-1,4387,4347,4372,-1,4388,4363,4348,-1,4388,4348,4373,-1,4389,4349,4374,-1,4389,4364,4349,-1,4390,4365,4375,-1,4391,4366,4351,-1,4391,4351,4376,-1,4392,4384,4367,-1,4392,4367,4352,-1,4392,4352,4377,-1,4393,4353,4378,-1,4393,4368,4353,-1,4394,4370,4395,-1,4394,4369,4370,-1,4394,4386,4369,-1,4396,4371,4379,-1,4396,4397,4345,-1,4396,4345,4371,-1,4398,4355,4380,-1,4398,4372,4355,-1,4399,4356,4381,-1,4399,4388,4373,-1,4399,4373,4356,-1,4400,4374,4382,-1,4401,4375,4358,-1,4401,4390,4375,-1,4401,4358,4383,-1,4402,4376,4359,-1,4402,4391,4376,-1,4402,4359,4384,-1,4403,4377,4385,-1,4404,4361,4386,-1,4404,4378,4361,-1,4405,4379,4387,-1,4405,4396,4379,-1,4406,4380,4363,-1,4406,4363,4388,-1,4407,4364,4389,-1,4407,4381,4364,-1,4408,4365,4390,-1,4408,4382,4365,-1,4408,4400,4382,-1,4409,4383,4366,-1,4409,4366,4391,-1,4410,4384,4392,-1,4411,4403,4385,-1,4411,4385,4368,-1,4411,4368,4393,-1,4412,4386,4394,-1,4413,4387,4372,-1,4413,4372,4398,-1,4413,4405,4387,-1,4414,4388,4399,-1,4415,4389,4374,-1,4415,4374,4400,-1,4416,4390,4401,-1,4416,4408,4390,-1,4417,4391,4402,-1,4418,4377,4403,-1,4418,4392,4377,-1,4419,4393,4378,-1,4419,4378,4404,-1,4420,4395,4421,-1,4420,4394,4395,-1,4422,4423,4424,-1,4422,4424,4397,-1,4422,4397,4396,-1,4422,4396,4405,-1,4425,4380,4406,-1,4425,4398,4380,-1,4426,4399,4381,-1,4426,4381,4407,-1,4426,4414,4399,-1,4427,4400,4408,-1,4428,4401,4383,-1,4428,4383,4409,-1,4429,4384,4410,-1,4429,4402,4384,-1,4429,4417,4402,-1,4430,4403,4411,-1,4431,4404,4386,-1,4431,4386,4412,-1,4432,4405,4413,-1,4433,4388,4414,-1,4433,4406,4388,-1,4434,4426,4407,-1,4434,4389,4415,-1,4434,4407,4389,-1,4435,4408,4416,-1,4435,4427,4408,-1,4436,4391,4417,-1,4436,4409,4391,-1,4437,4392,4418,-1,4437,4429,4410,-1,4437,4410,4392,-1,4438,4411,4393,-1,4438,4393,4419,-1,4439,4394,4420,-1,4439,4412,4394,-1,4440,4413,4398,-1,4440,4398,4425,-1,4441,4414,4426,-1,4442,4415,4400,-1,4442,4400,4427,-1,4443,4401,4428,-1,4443,4416,4401,-1,4444,4417,4429,-1,4445,4403,4430,-1,4445,4418,4403,-1,4446,4404,4431,-1,4446,4438,4419,-1,4446,4419,4404,-1,4447,4439,4420,-1,4447,4420,4421,-1,4447,4421,515,-1,4447,515,514,-1,4447,514,520,-1,4448,4405,4432,-1,4448,4422,4405,-1,4448,4423,4422,-1,4449,4425,4406,-1,4449,4406,4433,-1,4450,4441,4426,-1,4450,4426,4434,-1,4451,4427,4435,-1,4452,4409,4436,-1,4452,4443,4428,-1,4452,4428,4409,-1,4453,4429,4437,-1,4453,4444,4429,-1,4454,4430,4411,-1,4454,4411,4438,-1,4455,4412,4439,-1,4455,4431,4412,-1,4456,4413,4440,-1,4456,4432,4413,-1,4457,4449,4433,-1,4457,4433,4414,-1,4457,4414,4441,-1,4458,4415,4442,-1,4458,4434,4415,-1,4459,4416,4443,-1,4459,4435,4416,-1,4460,4417,4444,-1,4460,4436,4417,-1,4461,4418,4445,-1,4461,4437,4418,-1,4462,4438,4446,-1,4463,4447,520,-1,4463,4439,4447,-1,4464,4440,4425,-1,4464,4425,4449,-1,4464,4456,4440,-1,4465,4441,4450,-1,4466,4427,4451,-1,4466,4458,4442,-1,4466,4442,4427,-1,4467,4443,4452,-1,4468,4444,4453,-1,4468,4460,4444,-1,4469,4430,4454,-1,4469,4445,4430,-1,4470,4431,4455,-1,4470,4446,4431,-1,4471,4448,4432,-1,4471,4472,4423,-1,4471,4423,4448,-1,4471,4432,4456,-1,4473,4449,4457,-1,4474,4450,4434,-1,4474,4434,4458,-1,4474,4465,4450,-1,4475,4451,4435,-1,4475,4435,4459,-1,4476,4452,4436,-1,4476,4467,4452,-1,4476,4436,4460,-1,4477,4437,4461,-1,4477,4453,4437,-1,4478,4438,4462,-1,4478,4454,4438,-1,4479,4455,4439,-1,4479,4439,4463,-1,4479,4463,520,-1,4479,520,524,-1,4480,4456,4464,-1,4481,4457,4441,-1,4481,4473,4457,-1,4481,4441,4465,-1,4482,4458,4466,-1,4483,4459,4443,-1,4483,4443,4467,-1,4483,4475,4459,-1,4484,4460,4468,-1,4485,4445,4469,-1,4485,4461,4445,-1,4486,4446,4470,-1,4486,4462,4446,-1,4487,4464,4449,-1,4487,4480,4464,-1,4487,4449,4473,-1,4488,4481,4465,-1,4488,4465,4474,-1,4489,4451,4475,-1,4489,4466,4451,-1,4490,4467,4476,-1,4491,4468,4453,-1,4491,4453,4477,-1,4492,4454,4478,-1,4492,4469,4454,-1,4493,4470,4455,-1,4493,4455,4479,-1,4493,4479,524,-1,4493,524,529,-1,4494,4471,4456,-1,4494,4495,4496,-1,4494,4496,4472,-1,4494,4456,4480,-1,4494,4472,4471,-1,4497,4473,4481,-1,4498,4458,4482,-1,4498,4474,4458,-1,4498,4488,4474,-1,4499,4475,4483,-1,4500,4476,4460,-1,4500,4460,4484,-1,4500,4490,4476,-1,4501,4477,4461,-1,4501,4461,4485,-1,4502,4462,4486,-1,4502,4478,4462,-1,4503,4480,4487,-1,4503,4494,4480,-1,4504,4497,4481,-1,4504,4481,4488,-1,4505,4482,4466,-1,4505,4466,4489,-1,4506,4467,4490,-1,4506,4483,4467,-1,4506,4499,4483,-1,4507,4484,4468,-1,4507,4468,4491,-1,4508,4501,4485,-1,4508,4485,4469,-1,4508,4469,4492,-1,4509,4470,4493,-1,4509,4493,529,-1,4509,4486,4470,-1,4509,529,533,-1,4510,4487,4473,-1,4510,4503,4487,-1,4510,4473,4497,-1,4511,4488,4498,-1,4511,4504,4488,-1,4512,4489,4475,-1,4512,4475,4499,-1,4513,4490,4500,-1,4514,4491,4477,-1,4514,4477,4501,-1,4515,4478,4502,-1,4515,4492,4478,-1,4516,4494,4503,-1,4516,4495,4494,-1,4517,4497,4504,-1,4518,4482,4505,-1,4518,4498,4482,-1,4519,4499,4506,-1,4520,4500,4484,-1,4520,4513,4500,-1,4520,4484,4507,-1,4521,4501,4508,-1,4521,4514,4501,-1,4522,4502,4486,-1,4522,4486,4509,-1,4522,4509,533,-1,4522,533,539,-1,4523,4503,4510,-1,4524,4504,4511,-1,4525,4505,4489,-1,4525,4489,4512,-1,4526,4506,4490,-1,4526,4490,4513,-1,4526,4519,4506,-1,4527,4491,4514,-1,4527,4507,4491,-1,4528,4492,4515,-1,4528,4508,4492,-1,4529,4497,4517,-1,4529,4510,4497,-1,4529,4523,4510,-1,4530,4498,4518,-1,4530,4511,4498,-1,4531,4499,4519,-1,4531,4512,4499,-1,4532,4513,4520,-1,4533,4514,4521,-1,4534,4522,539,-1,4534,4515,4502,-1,4534,539,546,-1,4534,4502,4522,-1,4535,4495,4516,-1,4535,4536,4495,-1,4535,4503,4523,-1,4535,4516,4503,-1,4537,4517,4504,-1,4537,4504,4524,-1,4538,4518,4505,-1,4538,4530,4518,-1,4538,4505,4525,-1,4539,4519,4526,-1,4540,4520,4507,-1,4540,4507,4527,-1,4541,4521,4508,-1,4541,4508,4528,-1,4542,4523,4529,-1,4542,4535,4523,-1,4543,4524,4511,-1,4543,4511,4530,-1,4544,4525,4512,-1,4544,4512,4531,-1,4544,4538,4525,-1,4545,4526,4513,-1,4545,4513,4532,-1,4546,4527,4514,-1,4546,4514,4533,-1,4547,4515,4534,-1,4547,4528,4515,-1,4547,4534,546,-1,4547,546,552,-1,4548,4517,4537,-1,4548,4529,4517,-1,4548,4542,4529,-1,4549,4530,4538,-1,4550,4519,4539,-1,4550,4531,4519,-1,4551,4532,4520,-1,4551,4520,4540,-1,4552,4546,4533,-1,4552,4533,4521,-1,4552,4521,4541,-1,4553,4536,4535,-1,4553,4554,4555,-1,4553,4555,4536,-1,4553,4535,4542,-1,4556,4537,4524,-1,4556,4524,4543,-1,4557,4538,4544,-1,4557,4549,4538,-1,4558,4526,4545,-1,4558,4539,4526,-1,4559,4527,4546,-1,4559,4540,4527,-1,4560,4528,4547,-1,4560,4541,4528,-1,4560,4547,552,-1,4560,552,560,-1,4561,4553,4542,-1,4561,4542,4548,-1,4562,4543,4530,-1,4562,4530,4549,-1,4563,4557,4544,-1,4563,4544,4531,-1,4563,4531,4550,-1,4564,4545,4532,-1,4564,4532,4551,-1,4565,4546,4552,-1,4566,4537,4556,-1,4566,4548,4537,-1,4567,4549,4557,-1,4568,4563,4550,-1,4568,4550,4539,-1,4568,4539,4558,-1,4569,4540,4559,-1,4569,4551,4540,-1,4570,4560,560,-1,4570,4552,4541,-1,4570,4541,4560,-1,4570,569,577,-1,4570,560,569,-1,4571,4553,4561,-1,4571,4554,4553,-1,4572,4556,4543,-1,4572,4543,4562,-1,4573,4557,4563,-1,4573,4567,4557,-1,4574,4558,4545,-1,4574,4545,4564,-1,4575,4546,4565,-1,4575,4569,4559,-1,4575,4559,4546,-1,4576,4561,4548,-1,4576,4548,4566,-1,4577,4562,4549,-1,4577,4549,4567,-1,4577,4572,4562,-1,4578,4563,4568,-1,4579,4564,4551,-1,4579,4551,4569,-1,4579,4574,4564,-1,4580,4565,4552,-1,4580,4570,577,-1,4580,4552,4570,-1,4581,4566,4556,-1,4581,4556,4572,-1,4582,4567,4573,-1,4582,4577,4567,-1,4583,4558,4574,-1,4583,4568,4558,-1,4584,4569,4575,-1,4585,4571,4561,-1,4585,4586,4554,-1,4585,4554,4571,-1,4585,4561,4576,-1,4587,4572,4577,-1,4588,4573,4563,-1,4588,4563,4578,-1,4589,4583,4574,-1,4589,4574,4579,-1,4590,4575,4565,-1,4590,4565,4580,-1,4590,4580,577,-1,4590,587,598,-1,4590,577,587,-1,4591,4566,4581,-1,4591,4576,4566,-1,4591,4585,4576,-1,4592,4577,4582,-1,4593,4568,4583,-1,4593,4578,4568,-1,4594,4579,4569,-1,4594,4569,4584,-1,4595,4591,4581,-1,4595,4581,4572,-1,4595,4572,4587,-1,4596,4592,4582,-1,4596,4573,4588,-1,4596,4582,4573,-1,4597,4583,4589,-1,4598,4590,598,-1,4598,4584,4575,-1,4598,4575,4590,-1,4599,4600,4601,-1,4599,4601,4586,-1,4599,4585,4591,-1,4599,4586,4585,-1,4602,4577,4592,-1,4602,4587,4577,-1,4603,4588,4578,-1,4603,4578,4593,-1,4604,4579,4594,-1,4604,4589,4579,-1,4605,4591,4595,-1,4606,4592,4596,-1,4607,4593,4583,-1,4607,4583,4597,-1,4608,4594,4584,-1,4608,4604,4594,-1,4608,4584,4598,-1,4608,608,620,-1,4608,598,608,-1,4608,4598,598,-1,4609,4587,4602,-1,4609,4605,4595,-1,4609,4595,4587,-1,4610,4588,4603,-1,4610,4596,4588,-1,4611,4589,4604,-1,4611,4597,4589,-1,4612,4600,4599,-1,4612,4599,4591,-1,4612,4591,4605,-1,4613,4602,4592,-1,4613,4592,4606,-1,4614,4593,4607,-1,4614,4603,4593,-1,4614,4610,4603,-1,4615,4604,4608,-1,4615,4611,4604,-1,4615,4608,620,-1,4616,4605,4609,-1,4616,4612,4605,-1,4617,4606,4596,-1,4617,4596,4610,-1,4618,4607,4597,-1,4618,4597,4611,-1,4619,4609,4602,-1,4619,4602,4613,-1,4619,4616,4609,-1,4620,4610,4614,-1,4621,4611,4615,-1,4621,4615,620,-1,4621,620,633,-1,4622,4623,4624,-1,4622,4624,4600,-1,4622,4600,4612,-1,4622,4612,4616,-1,4625,4613,4606,-1,4625,4606,4617,-1,4626,4607,4618,-1,4626,4614,4607,-1,4627,4616,4619,-1,4628,4625,4617,-1,4628,4617,4610,-1,4628,4610,4620,-1,4629,4618,4611,-1,4629,4611,4621,-1,4629,633,645,-1,4629,4621,633,-1,4630,4613,4625,-1,4630,4619,4613,-1,4631,4620,4614,-1,4631,4614,4626,-1,4632,4633,4623,-1,4632,4616,4627,-1,4632,4623,4622,-1,4632,4622,4616,-1,4634,4625,4628,-1,4635,4629,645,-1,4635,4631,4626,-1,4635,659,675,-1,4635,645,659,-1,4635,4626,4618,-1,4635,4618,4629,-1,4636,4627,4619,-1,4636,4619,4630,-1,4637,4620,4631,-1,4637,4628,4620,-1,4638,4630,4625,-1,4638,4625,4634,-1,4639,4631,4635,-1,4639,4635,675,-1,4640,4641,4633,-1,4640,4633,4632,-1,4640,4632,4627,-1,4640,4627,4636,-1,4642,4634,4628,-1,4642,4628,4637,-1,4643,4630,4638,-1,4643,4636,4630,-1,4643,4640,4636,-1,4644,4642,4637,-1,4644,4637,4631,-1,4644,4631,4639,-1,4644,4639,675,-1,4644,690,689,-1,4644,675,690,-1,4645,4638,4634,-1,4645,4634,4642,-1,4646,4641,4640,-1,4646,4640,4643,-1,4647,4642,4644,-1,4647,4644,689,-1,4647,689,721,-1,4648,4638,4645,-1,4648,4643,4638,-1,4649,4645,4642,-1,4649,4642,4647,-1,4649,4647,721,-1,4650,4651,4652,-1,4650,4652,4641,-1,4650,4641,4646,-1,4650,4646,4643,-1,4650,4643,4648,-1,4653,4648,4645,-1,4653,4645,4649,-1,4653,4649,721,-1,4653,737,757,-1,4653,721,737,-1,4654,756,4651,-1,4654,4650,4648,-1,4654,4648,4653,-1,4654,4653,757,-1,4654,757,756,-1,4654,4651,4650,-1,1927,1875,1901,-1,2057,2084,2031,-1,2031,2084,2005,-1,2005,2084,1979,-1,2135,2163,2109,-1,2109,2163,2084,-1,2255,2289,2223,-1,2223,2289,2192,-1,1771,1641,1745,-1,1745,1641,1719,-1,1719,1641,1693,-1,1693,1641,1667,-1,2192,2324,2163,-1,2289,2324,2192,-1,1537,1485,1511,-1,2523,2567,2480,-1,1485,1433,1459,-1,1537,1382,1485,-1,1485,1382,1433,-1,1563,1382,1537,-1,1433,1382,1407,-1,2759,2809,2709,-1,2709,2809,2660,-1,1382,1303,1355,-1,1355,1303,1329,-1,2859,2909,2809,-1,2909,2959,2809,-1,1303,1251,1278,-1,1382,1251,1303,-1,2809,3009,2660,-1,2959,3009,2809,-1,2660,3009,2613,-1,1382,1225,1251,-1,1225,1174,1200,-1,3109,3159,3059,-1,3059,3159,3009,-1,3159,3209,3009,-1,1174,1121,1147,-1,1225,1121,1174,-1,3209,3259,3009,-1,3009,3259,2613,-1,2613,3259,2567,-1,2480,3259,2439,-1,2439,3259,2399,-1,2399,3259,2361,-1,2567,3259,2480,-1,1121,1070,1095,-1,1225,1070,1121,-1,3309,3359,3259,-1,1070,1017,1043,-1,1225,1017,1070,-1,1225,991,1017,-1,3459,3509,3409,-1,3409,3509,3359,-1,991,939,965,-1,1563,939,1382,-1,1382,939,1225,-1,1225,939,991,-1,1641,939,1615,-1,1615,939,1589,-1,1589,939,1563,-1,939,887,914,-1,3659,3709,3609,-1,3609,3709,3559,-1,3709,3758,3559,-1,887,835,861,-1,3559,3805,3509,-1,3758,3805,3559,-1,939,809,887,-1,887,809,835,-1,3895,3938,3851,-1,3851,3938,3805,-1,809,756,783,-1,783,756,755,-1,939,756,809,-1,3938,3979,3805,-1,3805,3979,3509,-1,756,4641,4651,-1,4651,4641,4652,-1,939,4641,756,-1,4057,4094,4019,-1,4641,4623,4633,-1,4129,4163,4094,-1,4094,4163,4019,-1,4019,4163,3979,-1,4641,4600,4623,-1,4623,4600,4624,-1,4195,4225,4163,-1,4600,4586,4601,-1,4252,4278,4225,-1,4225,4278,4163,-1,4319,4346,4278,-1,4586,4536,4554,-1,4554,4536,4555,-1,4641,4536,4600,-1,4600,4536,4586,-1,4536,4472,4495,-1,4495,4472,4496,-1,3259,4423,2361,-1,4424,4423,4397,-1,3979,4423,3509,-1,4397,4423,4345,-1,4345,4423,4346,-1,4346,4423,4278,-1,1927,4423,1875,-1,2084,4423,1979,-1,3359,4423,3259,-1,2163,4423,2084,-1,4278,4423,4163,-1,3509,4423,3359,-1,4536,4423,4472,-1,4641,4423,4536,-1,2361,4423,2324,-1,2324,4423,2163,-1,1771,4423,1641,-1,1979,4423,1953,-1,1953,4423,1927,-1,1641,4423,939,-1,1875,4423,1849,-1,1849,4423,1823,-1,1823,4423,1797,-1,1797,4423,1771,-1,4163,4423,3979,-1,939,4423,4641,-1,3218,3168,4655,-1,3168,4656,4655,-1,4657,4658,4659,-1,4660,4658,4657,-1,4661,4662,4660,-1,4660,4662,4658,-1,3218,4655,3268,-1,4657,4659,4663,-1,4664,4665,4666,-1,4665,4667,4666,-1,4668,4667,4669,-1,4666,4667,4668,-1,2868,4670,2918,-1,2818,4670,2868,-1,2768,4670,2818,-1,4667,4671,4669,-1,4672,4671,4673,-1,4669,4671,4672,-1,2768,4674,4670,-1,2718,4674,2768,-1,2669,4674,2718,-1,4671,4675,4673,-1,4676,4675,4677,-1,4673,4675,4676,-1,4675,4678,4677,-1,4679,4678,4680,-1,4677,4678,4679,-1,2669,4681,4674,-1,2621,4681,2669,-1,2575,4681,2621,-1,4682,4683,4684,-1,4680,4683,4682,-1,4678,4683,4680,-1,4685,4686,4687,-1,4687,4686,4688,-1,2575,4689,4681,-1,2530,4689,2575,-1,2487,4689,2530,-1,4690,4691,4692,-1,4684,4691,4690,-1,4683,4691,4684,-1,4693,4694,4671,-1,4671,4694,4675,-1,4686,4695,4688,-1,4688,4695,4693,-1,4691,4696,4692,-1,4697,4696,4698,-1,4692,4696,4697,-1,4694,4699,4675,-1,4675,4699,4678,-1,4685,4700,4686,-1,4701,4700,4685,-1,4686,4700,4695,-1,2487,4702,4689,-1,2445,4702,2487,-1,2405,4702,2445,-1,4693,4703,4694,-1,4695,4703,4693,-1,4696,4704,4698,-1,4705,4704,4706,-1,4707,4704,4705,-1,4698,4704,4707,-1,4699,4708,4678,-1,4678,4708,4683,-1,4700,4709,4695,-1,4694,4710,4699,-1,4703,4710,4694,-1,4700,4711,4709,-1,4701,4711,4700,-1,4712,4711,4701,-1,2405,4713,4702,-1,2366,4713,2405,-1,2329,4713,2366,-1,4708,4714,4683,-1,4683,4714,4691,-1,4695,4715,4703,-1,4709,4715,4695,-1,4710,4716,4699,-1,4699,4716,4708,-1,4711,4717,4709,-1,4718,4719,4720,-1,4662,4719,4718,-1,4704,4719,4706,-1,4721,4719,4661,-1,4722,4719,4721,-1,4706,4719,4722,-1,4661,4719,4662,-1,4691,4723,4696,-1,4714,4723,4691,-1,4715,4724,4703,-1,4703,4724,4710,-1,4725,4726,4712,-1,4712,4726,4711,-1,2329,4727,4713,-1,2293,4727,2329,-1,2259,4727,2293,-1,4716,4728,4708,-1,4714,4728,4723,-1,4708,4728,4714,-1,4715,4729,4724,-1,4709,4729,4715,-1,4717,4729,4709,-1,4724,4730,4710,-1,4710,4730,4716,-1,4711,4731,4717,-1,4726,4731,4711,-1,4728,4732,4723,-1,4729,4733,4724,-1,4725,4734,4726,-1,4735,4734,4725,-1,2259,4736,4727,-1,2226,4736,2259,-1,2195,4736,2226,-1,4730,4737,4716,-1,4728,4737,4732,-1,4716,4737,4728,-1,4717,4738,4729,-1,4731,4738,4717,-1,4723,4739,4740,-1,4732,4739,4723,-1,4724,4741,4730,-1,4733,4741,4724,-1,4734,4742,4726,-1,4726,4742,4731,-1,4743,4744,4745,-1,4746,4744,4743,-1,4737,4747,4732,-1,4732,4747,4739,-1,4729,4748,4733,-1,4738,4748,4729,-1,4734,4749,4742,-1,4735,4749,4734,-1,4750,4749,4735,-1,2165,4751,2195,-1,2195,4751,4736,-1,4741,4752,4730,-1,4730,4752,4737,-1,4742,4753,4731,-1,4731,4753,4738,-1,4747,4754,4739,-1,4748,4755,4733,-1,4741,4755,4752,-1,4733,4755,4741,-1,4749,4756,4742,-1,4757,4758,4759,-1,4745,4758,4757,-1,4740,4758,4744,-1,4739,4758,4740,-1,4744,4758,4745,-1,4752,4760,4737,-1,4737,4760,4747,-1,4738,4761,4748,-1,4753,4761,4738,-1,4762,4763,4750,-1,4750,4763,4749,-1,4752,4764,4760,-1,4755,4764,4752,-1,4753,4765,4761,-1,4742,4765,4753,-1,4756,4765,4742,-1,4747,4766,4754,-1,4760,4766,4747,-1,4761,4767,4748,-1,4748,4767,4755,-1,4763,4768,4749,-1,4749,4768,4756,-1,4769,4770,4771,-1,4759,4770,4769,-1,4758,4770,4759,-1,4754,4770,4739,-1,4739,4770,4758,-1,4764,4772,4760,-1,4760,4772,4766,-1,4765,4773,4761,-1,4762,4774,4763,-1,4775,4774,4762,-1,4767,4776,4755,-1,4755,4776,4764,-1,4768,4777,4756,-1,4756,4777,4765,-1,4772,4778,4766,-1,4767,4779,4776,-1,4773,4779,4761,-1,4761,4779,4767,-1,4763,4780,4768,-1,4774,4780,4763,-1,4781,4782,4783,-1,4771,4782,4781,-1,4766,4782,4754,-1,4770,4782,4771,-1,4754,4782,4770,-1,4776,4784,4764,-1,4764,4784,4772,-1,4777,4785,4765,-1,4765,4785,4773,-1,4779,4786,4776,-1,4776,4786,4784,-1,4780,4787,4768,-1,4768,4787,4777,-1,4784,4788,4772,-1,4772,4788,4778,-1,4773,4789,4779,-1,4785,4789,4773,-1,4778,4790,4766,-1,4782,4790,4783,-1,4766,4790,4782,-1,4791,4790,4792,-1,4783,4790,4791,-1,4784,4793,4788,-1,4786,4793,4784,-1,4787,4794,4777,-1,4777,4794,4785,-1,1937,4795,1963,-1,4779,4796,4786,-1,4789,4796,4779,-1,4786,4796,4793,-1,4793,4797,4788,-1,4785,4798,4789,-1,4794,4798,4785,-1,4780,4799,4787,-1,4788,4800,4778,-1,4778,4800,4790,-1,4790,4800,4792,-1,4801,4800,4802,-1,4792,4800,4801,-1,4796,4803,4793,-1,4789,4804,4796,-1,4798,4804,4789,-1,4796,4804,4803,-1,4799,4805,4787,-1,4803,4806,4793,-1,4793,4806,4797,-1,4797,4807,4788,-1,4788,4807,4800,-1,4800,4807,4802,-1,4808,4807,4809,-1,4802,4807,4808,-1,4804,4810,4803,-1,4805,4811,4787,-1,4787,4811,4794,-1,4810,4812,4803,-1,4803,4812,4806,-1,4794,4813,4798,-1,4811,4813,4794,-1,4799,4814,4805,-1,4815,4814,4799,-1,4816,4814,4815,-1,4806,4817,4797,-1,4797,4817,4807,-1,4818,4817,4819,-1,4809,4817,4818,-1,4807,4817,4809,-1,4813,4820,4798,-1,4798,4820,4804,-1,4814,4821,4805,-1,4812,4822,4806,-1,4817,4822,4819,-1,4806,4822,4817,-1,4823,4822,4824,-1,4819,4822,4823,-1,4820,4825,4804,-1,4804,4825,4810,-1,4805,4826,4811,-1,4821,4826,4805,-1,4826,4827,4811,-1,4811,4827,4813,-1,4828,4829,4816,-1,4816,4829,4814,-1,1729,4830,1755,-1,1703,4830,1729,-1,1755,4830,4831,-1,4813,4832,4820,-1,4827,4832,4813,-1,4814,4833,4821,-1,4829,4833,4814,-1,4834,4835,4836,-1,4837,4835,4834,-1,4838,4835,4837,-1,4832,4839,4820,-1,4820,4839,4825,-1,4821,4840,4826,-1,4833,4840,4821,-1,4826,4840,4827,-1,1677,4841,1703,-1,1651,4841,1677,-1,1703,4841,4830,-1,4842,4843,4844,-1,4839,4845,4825,-1,4825,4845,4846,-1,4846,4845,4835,-1,4840,4847,4827,-1,4843,4848,4844,-1,4844,4848,4849,-1,1625,4850,1651,-1,1599,4850,1625,-1,1651,4850,4841,-1,4847,4851,4827,-1,4832,4851,4839,-1,4827,4851,4832,-1,4829,4852,4833,-1,4849,4852,4829,-1,4848,4853,4849,-1,4835,4854,4836,-1,4845,4854,4835,-1,4855,4854,4856,-1,4857,4854,4855,-1,4836,4854,4857,-1,4851,4858,4839,-1,4852,4859,4833,-1,4833,4859,4840,-1,4860,4861,4843,-1,4843,4861,4848,-1,1573,4862,1599,-1,1547,4862,1573,-1,1521,4862,1547,-1,1599,4862,4850,-1,23,4862,21,-1,25,4862,23,-1,27,4862,25,-1,28,4862,27,-1,4849,4863,4852,-1,4852,4863,4859,-1,4853,4863,4849,-1,60,4864,58,-1,4839,4865,4845,-1,4858,4865,4839,-1,4840,4866,4847,-1,4859,4866,4840,-1,4848,4867,4853,-1,4861,4867,4848,-1,4859,4868,4866,-1,4863,4868,4859,-1,60,4869,4864,-1,4860,4869,4861,-1,62,4869,60,-1,64,4869,62,-1,4864,4869,4860,-1,66,4869,64,-1,68,4869,66,-1,70,4869,68,-1,72,4869,70,-1,74,4869,72,-1,75,4869,74,-1,77,4869,75,-1,1495,4870,1521,-1,1469,4870,1495,-1,3,4870,1,-1,5,4870,3,-1,7,4870,5,-1,9,4870,7,-1,11,4870,9,-1,13,4870,11,-1,15,4870,13,-1,17,4870,15,-1,19,4870,17,-1,21,4870,19,-1,1521,4870,4862,-1,270,4870,268,-1,272,4870,270,-1,1,4870,272,-1,4862,4870,21,-1,4866,4871,4847,-1,4847,4871,4851,-1,4853,4872,4863,-1,4867,4872,4853,-1,32,4873,30,-1,34,4873,32,-1,36,4873,34,-1,38,4873,36,-1,40,4873,38,-1,42,4873,40,-1,44,4873,42,-1,46,4873,44,-1,48,4873,46,-1,50,4873,48,-1,52,4873,50,-1,54,4873,52,-1,56,4873,54,-1,58,4873,56,-1,4864,4873,58,-1,4868,4874,4866,-1,77,4875,4869,-1,4861,4875,4867,-1,79,4875,77,-1,81,4875,79,-1,83,4875,81,-1,84,4875,83,-1,86,4875,84,-1,88,4875,86,-1,89,4875,88,-1,91,4875,89,-1,93,4875,91,-1,95,4875,93,-1,96,4875,95,-1,4869,4875,4861,-1,4845,4876,4854,-1,4854,4876,4856,-1,4865,4876,4845,-1,4877,4876,4878,-1,4879,4876,4877,-1,4856,4876,4879,-1,4851,4880,4858,-1,4871,4880,4851,-1,4872,4881,4863,-1,4868,4881,4874,-1,4863,4881,4868,-1,4870,4882,268,-1,1443,4882,1469,-1,1417,4882,1443,-1,1469,4882,4870,-1,258,4882,257,-1,260,4882,258,-1,262,4882,260,-1,264,4882,262,-1,266,4882,264,-1,268,4882,266,-1,4874,4883,4866,-1,4866,4883,4871,-1,4871,4883,4880,-1,4875,4884,4867,-1,4867,4884,4872,-1,98,4884,96,-1,100,4884,98,-1,102,4884,100,-1,96,4884,4875,-1,4881,4885,4874,-1,4883,4886,4880,-1,4884,4887,4872,-1,4872,4887,4881,-1,1366,4888,1417,-1,1365,4888,1366,-1,1417,4888,4882,-1,4885,4889,4874,-1,4874,4889,4883,-1,102,4890,4884,-1,103,4890,102,-1,105,4890,103,-1,107,4890,105,-1,109,4890,107,-1,110,4890,109,-1,112,4890,110,-1,114,4890,112,-1,115,4890,114,-1,117,4890,115,-1,119,4890,117,-1,121,4890,119,-1,122,4890,121,-1,124,4890,122,-1,126,4890,124,-1,4884,4890,4887,-1,128,4890,126,-1,130,4890,128,-1,228,4891,226,-1,230,4891,228,-1,232,4891,230,-1,233,4891,232,-1,235,4891,233,-1,237,4891,235,-1,239,4891,237,-1,240,4891,239,-1,4886,4892,4880,-1,4880,4892,4893,-1,4881,4894,4885,-1,4887,4894,4881,-1,4895,4896,4897,-1,4898,4896,4895,-1,4889,4899,4883,-1,4883,4899,4886,-1,130,4900,4890,-1,4887,4900,4894,-1,131,4900,130,-1,133,4900,131,-1,4890,4900,4887,-1,1365,4901,4888,-1,4885,4902,4889,-1,4894,4902,4885,-1,4889,4902,4899,-1,141,4903,139,-1,143,4903,141,-1,145,4903,143,-1,147,4903,145,-1,149,4903,147,-1,151,4903,149,-1,152,4903,151,-1,154,4903,152,-1,156,4903,154,-1,158,4903,156,-1,160,4903,158,-1,218,4904,216,-1,219,4904,218,-1,221,4904,219,-1,223,4904,221,-1,225,4904,223,-1,226,4904,225,-1,4891,4904,226,-1,4886,4905,4892,-1,4899,4905,4886,-1,4900,4906,4894,-1,177,4907,175,-1,178,4907,177,-1,180,4907,178,-1,182,4907,180,-1,184,4907,182,-1,186,4907,184,-1,188,4907,186,-1,190,4907,188,-1,192,4907,190,-1,194,4907,192,-1,196,4907,194,-1,4892,4908,4893,-1,4893,4908,4896,-1,4896,4908,4897,-1,4909,4908,4910,-1,4897,4908,4909,-1,4902,4911,4899,-1,133,4912,4900,-1,4903,4912,139,-1,4900,4912,4906,-1,135,4912,133,-1,137,4912,135,-1,139,4912,137,-1,200,4913,198,-1,202,4913,200,-1,204,4913,202,-1,205,4913,204,-1,207,4913,205,-1,209,4913,207,-1,211,4913,209,-1,212,4913,211,-1,214,4913,212,-1,216,4913,214,-1,4904,4913,216,-1,4902,4914,4911,-1,4906,4914,4894,-1,4894,4914,4902,-1,164,4915,162,-1,165,4915,164,-1,167,4915,165,-1,169,4915,167,-1,171,4915,169,-1,173,4915,171,-1,175,4915,173,-1,160,4915,4903,-1,4907,4915,175,-1,162,4915,160,-1,4899,4916,4905,-1,4911,4916,4899,-1,4912,4917,4906,-1,4913,4918,198,-1,198,4918,196,-1,196,4918,4907,-1,4908,4919,4910,-1,4892,4919,4908,-1,4920,4919,4921,-1,4910,4919,4920,-1,4905,4919,4892,-1,4914,4922,4911,-1,4903,4923,4912,-1,4915,4923,4903,-1,4924,4925,4904,-1,4904,4925,4913,-1,4906,4926,4914,-1,4917,4926,4906,-1,4907,4927,4915,-1,4918,4927,4907,-1,4922,4928,4911,-1,4911,4928,4916,-1,4923,4929,4912,-1,4912,4929,4917,-1,4925,4930,4913,-1,4918,4930,4927,-1,4913,4930,4918,-1,4919,4931,4921,-1,4932,4931,4933,-1,4921,4931,4932,-1,4916,4931,4905,-1,4905,4931,4919,-1,4922,4934,4928,-1,4914,4934,4922,-1,4926,4934,4914,-1,4927,4935,4915,-1,4923,4935,4929,-1,4915,4935,4923,-1,4917,4936,4926,-1,4926,4936,4934,-1,4929,4936,4917,-1,4930,4937,4927,-1,4934,4938,4928,-1,4935,4939,4929,-1,4928,4940,4916,-1,4931,4940,4933,-1,4938,4940,4928,-1,4941,4940,4942,-1,4933,4940,4941,-1,4916,4940,4931,-1,4936,4943,4934,-1,4937,4944,4927,-1,4927,4944,4935,-1,1157,4945,1158,-1,4939,4946,4929,-1,4929,4946,4936,-1,4934,4947,4938,-1,4943,4947,4934,-1,4944,4948,4935,-1,4935,4948,4939,-1,4930,4949,4937,-1,4938,4950,4940,-1,4940,4950,4942,-1,4951,4950,4952,-1,4942,4950,4951,-1,4946,4953,4936,-1,4936,4953,4943,-1,4948,4954,4939,-1,4939,4954,4946,-1,4949,4955,4937,-1,4943,4956,4947,-1,4953,4956,4943,-1,4947,4957,4938,-1,4958,4957,4959,-1,4952,4957,4958,-1,4950,4957,4952,-1,4938,4957,4950,-1,4946,4960,4953,-1,4953,4960,4956,-1,4954,4960,4946,-1,4937,4961,4944,-1,4955,4961,4937,-1,4960,4962,4956,-1,4944,4963,4948,-1,4961,4963,4944,-1,4964,4965,4949,-1,4966,4965,4964,-1,4947,4967,4957,-1,4968,4967,4969,-1,4959,4967,4968,-1,4957,4967,4959,-1,4956,4967,4947,-1,4948,4970,4954,-1,4963,4970,4948,-1,4949,4971,4955,-1,4965,4971,4949,-1,4956,4972,4967,-1,4962,4972,4956,-1,4967,4972,4969,-1,4973,4972,4974,-1,4969,4972,4973,-1,4970,4975,4954,-1,4954,4975,4960,-1,4971,4976,4955,-1,4955,4976,4961,-1,898,4977,949,-1,4961,4978,4963,-1,4976,4978,4961,-1,4979,4980,4966,-1,4966,4980,4965,-1,898,4981,4977,-1,897,4981,898,-1,871,4981,897,-1,508,4981,507,-1,510,4981,508,-1,511,4981,510,-1,4978,4982,4963,-1,4963,4982,4970,-1,4980,4983,4965,-1,4965,4983,4971,-1,4984,4985,4986,-1,4987,4985,4984,-1,4970,4988,4975,-1,4982,4988,4970,-1,4971,4989,4976,-1,4983,4989,4971,-1,845,4990,871,-1,819,4990,845,-1,4981,4990,507,-1,871,4990,4981,-1,484,4990,482,-1,486,4990,484,-1,488,4990,486,-1,490,4990,488,-1,492,4990,490,-1,494,4990,492,-1,496,4990,494,-1,497,4990,496,-1,499,4990,497,-1,501,4990,499,-1,503,4990,501,-1,505,4990,503,-1,507,4990,505,-1,4991,4992,4993,-1,511,4992,4981,-1,512,4992,511,-1,513,4992,512,-1,275,4992,513,-1,274,4992,275,-1,4988,4994,4975,-1,4975,4994,4995,-1,4978,4996,4982,-1,4976,4996,4978,-1,4989,4996,4976,-1,4993,4997,4998,-1,4992,4997,4993,-1,274,4997,4992,-1,276,4997,274,-1,278,4997,276,-1,280,4997,278,-1,281,4997,280,-1,283,4997,281,-1,285,4997,283,-1,287,4997,285,-1,288,4997,287,-1,290,4997,288,-1,292,4997,290,-1,293,4997,292,-1,295,4997,293,-1,819,4999,4990,-1,793,4999,819,-1,767,4999,793,-1,4990,4999,482,-1,471,4999,469,-1,473,4999,471,-1,475,4999,473,-1,477,4999,475,-1,479,4999,477,-1,482,4999,479,-1,4996,5000,4982,-1,4983,5001,4989,-1,4998,5001,4980,-1,4980,5001,4983,-1,295,5002,4997,-1,297,5002,295,-1,4997,5002,4998,-1,298,5002,297,-1,300,5002,298,-1,302,5002,300,-1,303,5002,302,-1,305,5002,303,-1,307,5002,305,-1,309,5002,307,-1,311,5002,309,-1,313,5002,311,-1,315,5002,313,-1,5003,5004,5005,-1,5006,5004,5003,-1,5007,5004,5006,-1,4986,5004,5007,-1,4995,5004,4985,-1,4994,5004,4995,-1,4985,5004,4986,-1,4982,5008,4988,-1,5000,5008,4982,-1,4989,5009,4996,-1,5001,5009,4989,-1,767,5010,4999,-1,739,5010,767,-1,713,5010,739,-1,5002,5011,4998,-1,4998,5011,5001,-1,315,5011,5002,-1,317,5011,315,-1,5001,5011,5009,-1,4988,5012,4994,-1,5008,5012,4988,-1,4996,5013,5000,-1,5009,5013,4996,-1,5011,5014,5009,-1,713,5015,5010,-1,668,5015,713,-1,667,5015,668,-1,5013,5016,5000,-1,342,5017,340,-1,317,5017,5011,-1,319,5017,317,-1,321,5017,319,-1,323,5017,321,-1,324,5017,323,-1,326,5017,324,-1,328,5017,326,-1,330,5017,328,-1,332,5017,330,-1,334,5017,332,-1,336,5017,334,-1,338,5017,336,-1,340,5017,338,-1,435,5018,433,-1,437,5018,435,-1,439,5018,437,-1,441,5018,439,-1,443,5018,441,-1,445,5018,443,-1,447,5018,445,-1,449,5018,447,-1,5009,5019,5013,-1,5014,5019,5009,-1,5012,5020,4994,-1,5021,5020,5022,-1,5005,5020,5021,-1,5004,5020,5005,-1,4994,5020,5004,-1,5000,5023,5008,-1,5016,5023,5000,-1,344,5024,342,-1,342,5024,5017,-1,5017,5024,5011,-1,5014,5024,5019,-1,5011,5024,5014,-1,416,5025,415,-1,418,5025,416,-1,420,5025,418,-1,422,5025,420,-1,424,5025,422,-1,426,5025,424,-1,428,5025,426,-1,431,5025,428,-1,433,5025,431,-1,5018,5025,433,-1,667,5026,5015,-1,647,5026,667,-1,627,5026,647,-1,5013,5027,5016,-1,5019,5027,5013,-1,350,5028,348,-1,352,5028,350,-1,354,5028,352,-1,356,5028,354,-1,358,5028,356,-1,360,5028,358,-1,362,5028,360,-1,364,5028,362,-1,366,5028,364,-1,367,5028,366,-1,5024,5029,5019,-1,5019,5029,5027,-1,393,5030,392,-1,395,5030,393,-1,397,5030,395,-1,399,5030,397,-1,400,5030,399,-1,402,5030,400,-1,404,5030,402,-1,406,5030,404,-1,407,5030,406,-1,409,5030,407,-1,411,5030,409,-1,413,5030,411,-1,415,5030,413,-1,5025,5030,415,-1,5027,5031,5016,-1,5016,5031,5023,-1,346,5032,344,-1,348,5032,346,-1,369,5032,367,-1,344,5032,5024,-1,5028,5032,348,-1,367,5032,5028,-1,5018,5033,5025,-1,5034,5033,5018,-1,627,5035,5026,-1,610,5035,627,-1,593,5035,610,-1,5029,5036,5027,-1,373,5037,371,-1,374,5037,373,-1,376,5037,374,-1,378,5037,376,-1,380,5037,378,-1,381,5037,380,-1,383,5037,381,-1,385,5037,383,-1,387,5037,385,-1,388,5037,387,-1,390,5037,388,-1,392,5037,390,-1,5030,5037,392,-1,5031,5038,5023,-1,5023,5038,5039,-1,5024,5040,5029,-1,5032,5040,5024,-1,5033,5041,5025,-1,5025,5041,5030,-1,5042,5043,5044,-1,5045,5043,5042,-1,5027,5046,5031,-1,5036,5046,5027,-1,371,5047,369,-1,369,5047,5032,-1,5037,5047,371,-1,5034,5048,5033,-1,5049,5048,5034,-1,593,5050,5035,-1,579,5050,593,-1,565,5050,579,-1,554,5050,565,-1,5029,5051,5036,-1,5040,5051,5029,-1,5030,5052,5037,-1,5041,5052,5030,-1,5031,5053,5038,-1,5046,5053,5031,-1,5047,5054,5032,-1,5032,5054,5040,-1,5040,5054,5051,-1,5033,5055,5041,-1,5048,5055,5033,-1,5056,5057,5058,-1,5044,5057,5056,-1,5039,5057,5043,-1,5038,5057,5039,-1,5043,5057,5044,-1,5051,5059,5036,-1,5036,5059,5046,-1,5037,5060,5047,-1,5052,5060,5037,-1,5047,5060,5054,-1,5049,5061,5048,-1,5062,5061,5049,-1,5051,5063,5059,-1,5054,5063,5051,-1,5041,5064,5052,-1,5055,5064,5041,-1,5046,5065,5053,-1,5059,5065,5046,-1,5060,5066,5054,-1,5061,5067,5048,-1,5048,5067,5055,-1,5053,5068,5038,-1,5069,5068,5070,-1,5058,5068,5069,-1,5057,5068,5058,-1,5038,5068,5057,-1,5063,5071,5059,-1,5064,5072,5052,-1,5052,5072,5060,-1,5061,5073,5067,-1,5074,5073,5062,-1,5062,5073,5061,-1,5054,5075,5063,-1,5066,5075,5054,-1,5067,5076,5055,-1,5055,5076,5064,-1,5059,5077,5065,-1,5071,5077,5059,-1,5060,5078,5066,-1,5072,5078,5060,-1,5066,5078,5075,-1,5073,5079,5067,-1,5053,5080,5068,-1,5065,5080,5053,-1,5081,5080,5082,-1,5070,5080,5081,-1,5068,5080,5070,-1,5063,5083,5071,-1,5075,5083,5063,-1,5076,5084,5064,-1,5064,5084,5072,-1,5078,5085,5075,-1,5075,5085,5083,-1,5067,5086,5076,-1,5079,5086,5067,-1,5071,5087,5077,-1,5083,5087,5071,-1,5084,5088,5072,-1,5072,5088,5078,-1,5080,5089,5082,-1,5090,5089,5091,-1,5082,5089,5090,-1,5077,5089,5065,-1,5065,5089,5080,-1,5085,5092,5083,-1,5076,5093,5084,-1,5086,5093,5076,-1,5084,5093,5088,-1,5078,5094,5085,-1,5088,5094,5078,-1,5083,5095,5087,-1,5092,5095,5083,-1,5088,5096,5094,-1,5093,5096,5088,-1,5077,5097,5089,-1,5098,5097,5099,-1,5091,5097,5098,-1,5087,5097,5077,-1,5089,5097,5091,-1,5085,5100,5092,-1,5094,5100,5085,-1,5096,5101,5094,-1,5079,5102,5086,-1,5103,5102,5079,-1,5092,5104,5095,-1,5100,5104,5092,-1,5087,5105,5097,-1,5095,5105,5087,-1,5106,5105,5107,-1,5099,5105,5106,-1,5097,5105,5099,-1,5094,5108,5100,-1,5101,5108,5094,-1,5086,5109,5093,-1,5102,5109,5086,-1,5100,5110,5104,-1,5108,5110,5100,-1,5093,5111,5096,-1,5109,5111,5093,-1,5103,5112,5102,-1,5113,5112,5103,-1,5114,5112,5113,-1,5104,5115,5095,-1,5110,5115,5104,-1,5116,5115,5117,-1,5107,5115,5116,-1,5105,5115,5107,-1,5095,5115,5105,-1,5111,5118,5096,-1,5096,5118,5101,-1,5101,5118,5108,-1,5112,5119,5102,-1,5120,5121,5122,-1,5117,5121,5120,-1,5115,5121,5117,-1,5110,5121,5115,-1,5118,5123,5108,-1,5102,5124,5109,-1,5119,5124,5102,-1,5111,5125,5118,-1,5109,5125,5111,-1,5124,5125,5109,-1,5118,5126,5123,-1,5125,5126,5118,-1,5127,5128,5129,-1,5130,5128,5127,-1,5131,5128,5130,-1,5126,5132,5123,-1,5133,5134,5128,-1,5132,5134,5123,-1,5123,5134,5133,-1,5134,5135,5128,-1,5136,5135,5137,-1,5129,5135,5136,-1,5128,5135,5129,-1,3118,5138,3168,-1,3068,5138,3118,-1,3018,5138,3068,-1,4656,5138,5139,-1,3168,5138,4656,-1,4664,5140,4665,-1,5138,5140,5139,-1,4665,5140,5141,-1,5141,5140,5138,-1,5142,5140,4664,-1,5143,5140,5142,-1,5144,5140,5143,-1,5145,5140,5144,-1,5139,5140,5145,-1,4670,5146,2918,-1,5138,5146,5141,-1,3018,5146,5138,-1,2968,5146,3018,-1,2918,5146,2968,-1,5146,5147,5141,-1,4670,5147,5146,-1,5141,5147,4665,-1,4687,5147,4670,-1,5147,5148,4665,-1,4671,5148,4693,-1,4687,5148,5147,-1,4693,5148,4688,-1,4665,5148,4667,-1,4667,5148,4671,-1,4688,5148,4687,-1,4674,5149,4670,-1,4670,5149,4687,-1,4687,5149,4685,-1,4685,5150,4701,-1,4681,5150,4674,-1,5149,5150,4685,-1,4674,5150,5149,-1,4701,5151,4712,-1,4681,5151,5150,-1,4689,5151,4681,-1,5150,5151,4701,-1,4712,5152,4725,-1,5151,5152,4712,-1,4702,5152,4689,-1,4689,5152,5151,-1,4713,5153,4702,-1,4702,5153,5152,-1,5152,5153,4725,-1,4725,5153,4735,-1,4713,5154,5153,-1,5153,5154,4735,-1,4735,5154,4750,-1,4727,5154,4713,-1,5154,5155,4750,-1,4727,5155,5154,-1,4750,5155,4762,-1,4736,5155,4727,-1,2165,5156,4751,-1,2137,5156,2165,-1,2119,5156,2137,-1,5155,5157,4762,-1,4736,5157,5155,-1,4775,5157,4751,-1,4751,5157,4736,-1,4762,5157,4775,-1,2119,5158,5156,-1,2068,5158,2119,-1,2067,5158,2068,-1,5159,5160,5161,-1,5161,5160,5158,-1,4751,5160,4775,-1,5158,5160,5156,-1,5156,5160,4751,-1,5158,5162,5161,-1,2067,5162,5158,-1,2041,5162,2067,-1,2015,5162,2041,-1,4780,5163,4799,-1,4799,5163,4815,-1,4815,5163,5159,-1,4775,5163,4774,-1,4774,5163,4780,-1,5160,5163,4775,-1,5159,5163,5160,-1,2015,5164,5162,-1,4795,5164,1963,-1,1989,5164,2015,-1,1963,5164,1989,-1,5164,5165,5162,-1,4795,5165,5164,-1,5162,5165,5161,-1,1937,5166,4795,-1,1911,5166,1937,-1,1885,5166,1911,-1,5166,5167,4795,-1,5168,5167,5166,-1,1833,5169,1859,-1,5166,5169,5168,-1,1885,5169,5166,-1,1859,5169,1885,-1,1807,5170,1833,-1,1781,5170,1807,-1,1755,5170,1781,-1,1833,5170,5169,-1,4831,5170,1755,-1,5169,5171,5168,-1,4842,5171,4831,-1,5170,5171,5169,-1,5168,5171,5172,-1,4831,5171,5170,-1,4828,5173,4829,-1,5172,5173,4828,-1,4844,5173,4842,-1,4842,5173,5171,-1,5171,5173,5172,-1,4829,5173,4849,-1,4849,5173,4844,-1,4842,5174,4843,-1,4830,5174,4831,-1,4831,5174,4842,-1,5174,5175,4843,-1,4830,5175,5174,-1,4841,5175,4830,-1,4843,5175,4860,-1,5175,5176,4860,-1,4841,5176,5175,-1,4860,5176,4864,-1,4850,5176,4841,-1,5176,5177,4864,-1,4850,5177,5176,-1,4862,5177,4850,-1,30,5177,28,-1,4864,5177,4873,-1,28,5177,4862,-1,4873,5177,30,-1,242,5178,240,-1,244,5178,242,-1,246,5178,244,-1,4891,5178,4904,-1,247,5178,246,-1,249,5178,247,-1,251,5178,249,-1,253,5178,251,-1,255,5178,253,-1,257,5178,255,-1,4888,5178,4882,-1,4882,5178,257,-1,240,5178,4891,-1,1339,5179,1365,-1,1313,5179,1339,-1,1262,5179,1313,-1,1365,5179,4901,-1,4888,5180,5178,-1,5178,5180,4904,-1,4901,5180,4888,-1,4904,5180,4924,-1,4924,5180,4901,-1,1261,5181,1262,-1,1262,5181,5179,-1,1235,5181,1261,-1,5182,5183,5184,-1,5181,5183,5179,-1,5184,5183,5181,-1,5179,5183,4901,-1,4901,5183,4924,-1,4945,5185,1158,-1,1184,5185,1235,-1,1158,5185,1184,-1,1235,5185,5181,-1,5181,5185,5184,-1,5182,5186,5183,-1,5183,5186,4924,-1,4964,5186,5182,-1,4930,5186,4949,-1,4949,5186,4964,-1,4924,5186,4925,-1,4925,5186,4930,-1,5185,5187,5184,-1,4945,5187,5185,-1,1131,5188,1157,-1,1105,5188,1131,-1,1157,5188,4945,-1,1054,5189,1105,-1,1053,5189,1054,-1,1105,5189,5188,-1,5188,5190,4945,-1,5191,5190,5189,-1,5189,5190,5188,-1,1027,5192,1053,-1,1001,5192,1027,-1,5189,5192,5191,-1,1053,5192,5189,-1,4977,5193,949,-1,975,5193,1001,-1,949,5193,975,-1,1001,5193,5192,-1,4991,5194,4977,-1,4977,5194,5193,-1,5192,5194,5191,-1,5193,5194,5192,-1,5191,5194,5195,-1,4993,5196,4991,-1,4980,5196,4998,-1,5195,5196,4979,-1,4979,5196,4980,-1,4998,5196,4993,-1,5194,5196,5195,-1,4991,5196,5194,-1,4977,5197,4991,-1,4981,5197,4977,-1,4992,5197,4981,-1,4991,5197,4992,-1,5010,5198,4999,-1,4999,5198,469,-1,460,5198,458,-1,462,5198,460,-1,464,5198,462,-1,466,5198,464,-1,469,5198,466,-1,5198,5199,458,-1,5010,5199,5198,-1,449,5199,5018,-1,452,5199,449,-1,454,5199,452,-1,456,5199,454,-1,458,5199,456,-1,5018,5200,5034,-1,5010,5200,5199,-1,5199,5200,5018,-1,5015,5200,5010,-1,5200,5201,5034,-1,5026,5201,5015,-1,5015,5201,5200,-1,5034,5201,5049,-1,5035,5202,5026,-1,5201,5202,5049,-1,5026,5202,5201,-1,5049,5202,5062,-1,5074,5203,5050,-1,5062,5203,5074,-1,5202,5203,5062,-1,5035,5203,5202,-1,5050,5203,5035,-1,554,5204,5050,-1,543,5204,554,-1,535,5204,543,-1,5205,5206,5207,-1,5204,5206,5050,-1,5050,5206,5074,-1,5207,5206,5204,-1,527,5208,535,-1,522,5208,527,-1,5204,5208,5207,-1,535,5208,5204,-1,5113,5209,5205,-1,5074,5209,5073,-1,5079,5209,5103,-1,5103,5209,5113,-1,5205,5209,5206,-1,5073,5209,5079,-1,5206,5209,5074,-1,518,5210,522,-1,516,5210,518,-1,522,5210,5208,-1,5210,5211,5208,-1,5208,5211,5207,-1,5212,5211,5210,-1,516,5213,5210,-1,515,5213,516,-1,5210,5213,5212,-1,515,5214,5213,-1,4421,5214,515,-1,4421,5215,5214,-1,4395,5215,4421,-1,5213,5216,5212,-1,5215,5216,5214,-1,5214,5216,5213,-1,5215,5217,5216,-1,4395,5218,5215,-1,5215,5218,5217,-1,5216,5219,5212,-1,5212,5219,5220,-1,5217,5219,5216,-1,5218,5221,5217,-1,5217,5221,5219,-1,4395,5222,5218,-1,4370,5222,4395,-1,4343,5222,4370,-1,5218,5223,5221,-1,5222,5223,5218,-1,5219,5224,5220,-1,5219,5225,5224,-1,5223,5225,5221,-1,5221,5225,5219,-1,5222,5226,5223,-1,5223,5227,5225,-1,5226,5227,5223,-1,5224,5228,5220,-1,5220,5228,5114,-1,5224,5229,5228,-1,5225,5229,5224,-1,5227,5229,5225,-1,5226,5230,5227,-1,5227,5231,5229,-1,5230,5232,5227,-1,5227,5232,5231,-1,5229,5233,5228,-1,5232,5234,5231,-1,5229,5234,5233,-1,5231,5234,5229,-1,5134,5235,5135,-1,5132,5235,5134,-1,5236,5235,5132,-1,5135,5237,5137,-1,5137,5237,5238,-1,5235,5237,5135,-1,5236,5239,5235,-1,5239,5240,5235,-1,5235,5240,5237,-1,5241,5242,5236,-1,5240,5243,5237,-1,5238,5243,5244,-1,5237,5243,5238,-1,5242,5245,5236,-1,5236,5245,5239,-1,5245,5246,5239,-1,5246,5247,5239,-1,5239,5247,5240,-1,5243,5248,5244,-1,5244,5248,5249,-1,5247,5248,5240,-1,5240,5248,5243,-1,5242,5250,5245,-1,5251,5250,5242,-1,5246,5252,5247,-1,5245,5252,5246,-1,5250,5252,5245,-1,5249,5253,5254,-1,5247,5253,5248,-1,5248,5253,5249,-1,5252,5253,5247,-1,5252,5255,5253,-1,5250,5256,5252,-1,5252,5256,5255,-1,5251,5257,5250,-1,5250,5257,5256,-1,3418,5258,3468,-1,3368,5258,3418,-1,3318,5259,3368,-1,5260,5261,5262,-1,5262,5261,5263,-1,5258,5264,5260,-1,5265,5264,5258,-1,5259,5266,3368,-1,3368,5266,5258,-1,5258,5266,5265,-1,3268,5267,3318,-1,3318,5267,5259,-1,5261,5268,5263,-1,5260,5269,5261,-1,5264,5269,5260,-1,5265,5270,5264,-1,5259,5271,5266,-1,5261,5272,5268,-1,5264,5273,5269,-1,5266,5274,5265,-1,5265,5274,5270,-1,5145,5275,5139,-1,5267,5275,5259,-1,5259,5275,5271,-1,5261,5276,5272,-1,5269,5276,5261,-1,5264,5277,5273,-1,5274,5277,5270,-1,5270,5277,5264,-1,5266,5278,5274,-1,5275,5278,5271,-1,5145,5278,5275,-1,5271,5278,5266,-1,5267,5279,5275,-1,5139,5279,4656,-1,4656,5279,4655,-1,5275,5279,5139,-1,4655,5279,3268,-1,3268,5279,5267,-1,5272,5280,5268,-1,5276,5280,5272,-1,5268,5280,5281,-1,5277,5282,5273,-1,5269,5282,5276,-1,5273,5282,5269,-1,5274,5283,5277,-1,5143,5283,5144,-1,5144,5283,5145,-1,5145,5283,5278,-1,5278,5283,5274,-1,5142,5284,5143,-1,5143,5284,5283,-1,5283,5285,5277,-1,5277,5285,5282,-1,5284,5285,5283,-1,4666,5286,4664,-1,4664,5286,5142,-1,5142,5286,5284,-1,5284,5286,5285,-1,4668,5287,4666,-1,5282,5287,5276,-1,4666,5287,5286,-1,5285,5287,5282,-1,5286,5287,5285,-1,5287,5288,5276,-1,5276,5288,5280,-1,5287,5289,5288,-1,5280,5290,5281,-1,5288,5290,5280,-1,5289,5290,5288,-1,5291,5292,5293,-1,5294,5292,5291,-1,5292,5295,5293,-1,5294,5296,5292,-1,5297,5296,5294,-1,5293,5298,5299,-1,5295,5298,5293,-1,5298,5300,5299,-1,5295,5301,5298,-1,5292,5301,5295,-1,5296,5301,5292,-1,5296,5302,5301,-1,4698,5302,4697,-1,5297,5302,5296,-1,5301,5303,5298,-1,5298,5304,5300,-1,5303,5304,5298,-1,5301,5305,5303,-1,5302,5305,5301,-1,4698,5306,5302,-1,4707,5306,4698,-1,5305,5307,5303,-1,5302,5308,5305,-1,5306,5308,5302,-1,5303,5309,5304,-1,5307,5309,5303,-1,5309,5310,5304,-1,5311,5310,5312,-1,5313,5310,5311,-1,5305,5314,5307,-1,5308,5314,5305,-1,5307,5314,5309,-1,4722,5315,4706,-1,4706,5315,4705,-1,4705,5315,4707,-1,4707,5315,5306,-1,5306,5315,5308,-1,5308,5315,5314,-1,5309,5316,5310,-1,5314,5316,5309,-1,5315,5317,5314,-1,5314,5317,5316,-1,5317,5318,5316,-1,5310,5319,5312,-1,5318,5319,5316,-1,5316,5319,5310,-1,5315,5320,5317,-1,4721,5320,4722,-1,4722,5320,5315,-1,5318,5320,5319,-1,5317,5320,5318,-1,5320,5321,5319,-1,5321,5322,5319,-1,5319,5322,5312,-1,5312,5322,5323,-1,4657,5324,4660,-1,4660,5324,4661,-1,4661,5324,4721,-1,4721,5324,5320,-1,5321,5324,5322,-1,5320,5324,5321,-1,5322,5324,5323,-1,4663,5324,4657,-1,5323,5324,4663,-1,4719,5325,5326,-1,4696,5325,4704,-1,4704,5325,4719,-1,4744,5327,4740,-1,5326,5327,4744,-1,4740,5327,4723,-1,5325,5327,5326,-1,4696,5327,5325,-1,4723,5327,4696,-1,5328,5329,5330,-1,4720,5329,5328,-1,5326,5329,4719,-1,4719,5329,4720,-1,5330,5331,4746,-1,4744,5331,5326,-1,5326,5331,5329,-1,4746,5331,4744,-1,5329,5331,5330,-1,5165,5332,5161,-1,5161,5332,5159,-1,5159,5332,4815,-1,4816,5333,5334,-1,5165,5333,5332,-1,4815,5333,4816,-1,5332,5333,4815,-1,4795,5333,5165,-1,5334,5333,4795,-1,5334,5335,4816,-1,4795,5335,5334,-1,5167,5335,4795,-1,4828,5336,5172,-1,4816,5336,4828,-1,5335,5336,4816,-1,5167,5336,5335,-1,5168,5336,5167,-1,5172,5336,5168,-1,4810,5337,4812,-1,4812,5337,4822,-1,4822,5337,5338,-1,4835,5339,4846,-1,4846,5339,4825,-1,4810,5339,5337,-1,5337,5339,5338,-1,4825,5339,4810,-1,5338,5339,4835,-1,4822,5340,4824,-1,5341,5340,4838,-1,4824,5340,5341,-1,4838,5340,4835,-1,4835,5340,5338,-1,5338,5340,4822,-1,4865,5342,4876,-1,4876,5342,5343,-1,4858,5342,4865,-1,5343,5344,4896,-1,4880,5344,4858,-1,4896,5344,4893,-1,5342,5344,5343,-1,4893,5344,4880,-1,4858,5344,5342,-1,4896,5345,5343,-1,5343,5345,4876,-1,4876,5345,4878,-1,4898,5345,4896,-1,5346,5345,4898,-1,4878,5345,5346,-1,5184,5347,5182,-1,5182,5347,4964,-1,5187,5347,5184,-1,4964,5347,4966,-1,5187,5348,5347,-1,4966,5348,5349,-1,4945,5348,5187,-1,5349,5348,4945,-1,5347,5348,4966,-1,4966,5350,4979,-1,5349,5350,4966,-1,5190,5350,4945,-1,4945,5350,5349,-1,5190,5351,5350,-1,4979,5351,5195,-1,5191,5351,5190,-1,5195,5351,5191,-1,5350,5351,4979,-1,4972,5352,5353,-1,4962,5352,4972,-1,4960,5352,4962,-1,4960,5354,5352,-1,4975,5354,4960,-1,4995,5354,4975,-1,4985,5354,4995,-1,5353,5354,4985,-1,5352,5354,5353,-1,4972,5355,4974,-1,4974,5355,5356,-1,5353,5355,4972,-1,5355,5357,5356,-1,5353,5357,5355,-1,4987,5357,4985,-1,5358,5357,4987,-1,5356,5357,5358,-1,4985,5357,5353,-1,5008,5359,5012,-1,5012,5359,5020,-1,5020,5359,5360,-1,5008,5361,5359,-1,5359,5361,5360,-1,5039,5361,5023,-1,5043,5361,5039,-1,5023,5361,5008,-1,5360,5361,5043,-1,5362,5363,5364,-1,5022,5363,5362,-1,5020,5363,5022,-1,5360,5363,5020,-1,5360,5365,5363,-1,5364,5365,5045,-1,5045,5365,5043,-1,5363,5365,5364,-1,5043,5365,5360,-1,5207,5366,5205,-1,5205,5366,5113,-1,5211,5366,5207,-1,5211,5367,5366,-1,5212,5367,5211,-1,5366,5367,5113,-1,5113,5367,5114,-1,5220,5367,5212,-1,5114,5367,5220,-1,4317,5368,4343,-1,5222,5368,5226,-1,5226,5368,5230,-1,5230,5368,5369,-1,4343,5368,5222,-1,4292,5370,4317,-1,5368,5370,5369,-1,4317,5370,5368,-1,5108,5371,5110,-1,5121,5371,5372,-1,5110,5371,5121,-1,4292,5373,5370,-1,5370,5373,5369,-1,4292,5374,5373,-1,4265,5374,4292,-1,5373,5374,5369,-1,5228,5375,5114,-1,5233,5375,5228,-1,5114,5375,5112,-1,4236,5376,4265,-1,4265,5376,5374,-1,5375,5377,5112,-1,5112,5377,5119,-1,5233,5377,5375,-1,5119,5377,5124,-1,5128,5378,5133,-1,5372,5378,5128,-1,5133,5378,5123,-1,5108,5378,5371,-1,5123,5378,5108,-1,5371,5378,5372,-1,5376,5379,5374,-1,5374,5379,5369,-1,5128,5380,5372,-1,5381,5380,5131,-1,5122,5380,5381,-1,5372,5380,5121,-1,5131,5380,5128,-1,5121,5380,5122,-1,5233,5382,5377,-1,5377,5383,5124,-1,5382,5383,5377,-1,5384,5385,5386,-1,5124,5387,5125,-1,5125,5387,5126,-1,5383,5387,5124,-1,5126,5388,5132,-1,5132,5388,5236,-1,5236,5388,5241,-1,5241,5388,5387,-1,5387,5388,5126,-1,5389,5390,5391,-1,5387,5392,5241,-1,5383,5392,5387,-1,5384,5393,5390,-1,5390,5393,5391,-1,5393,5394,5391,-1,5391,5394,5395,-1,5384,5394,5393,-1,5394,5396,5395,-1,5395,5396,5397,-1,5384,5396,5394,-1,5398,5396,5384,-1,5398,5399,5396,-1,5396,5399,5397,-1,5399,5400,5397,-1,5397,5400,5401,-1,5398,5400,5399,-1,5402,5403,5398,-1,5401,5403,5404,-1,5398,5403,5400,-1,5400,5403,5401,-1,5402,5405,5403,-1,5403,5405,5404,-1,5391,5406,5389,-1,5402,5407,5405,-1,5404,5407,5408,-1,5405,5407,5404,-1,5408,5409,5410,-1,5407,5409,5408,-1,5402,5409,5407,-1,5411,5409,5402,-1,5409,5412,5410,-1,5411,5412,5409,-1,5412,5413,5410,-1,5410,5413,5414,-1,5411,5413,5412,-1,5415,5416,5411,-1,5414,5416,5417,-1,5411,5416,5413,-1,5413,5416,5414,-1,5395,5418,5391,-1,5391,5418,5406,-1,5416,5419,5417,-1,5415,5419,5416,-1,5395,5420,5418,-1,5397,5420,5395,-1,5418,5420,5421,-1,5419,5422,5417,-1,5417,5422,5423,-1,5415,5422,5419,-1,5397,5424,5420,-1,5420,5424,5421,-1,5397,5425,5424,-1,5424,5425,5421,-1,5401,5425,5397,-1,5421,5425,5426,-1,5427,5428,5415,-1,5422,5428,5423,-1,5423,5428,5429,-1,5415,5428,5422,-1,5428,5430,5429,-1,5427,5430,5428,-1,5425,5431,5426,-1,5404,5431,5401,-1,5401,5431,5425,-1,5427,5432,5430,-1,5430,5432,5429,-1,5429,5432,5433,-1,5431,5434,5426,-1,5404,5434,5431,-1,5434,5435,5426,-1,5404,5435,5434,-1,5408,5435,5404,-1,5426,5435,5436,-1,5427,5437,5432,-1,5432,5437,5433,-1,5433,5437,5438,-1,5439,5437,5427,-1,3618,5440,3668,-1,5439,5441,5437,-1,5437,5441,5438,-1,5408,5442,5435,-1,5410,5442,5408,-1,5435,5442,5436,-1,5439,5443,5441,-1,5441,5443,5438,-1,5438,5443,5444,-1,5442,5445,5436,-1,5410,5445,5442,-1,3618,5446,5440,-1,3568,5446,3618,-1,5410,5447,5445,-1,5445,5447,5436,-1,5414,5447,5410,-1,5436,5447,5448,-1,5443,5449,5444,-1,5444,5449,5450,-1,5439,5449,5443,-1,5451,5449,5439,-1,5449,5452,5450,-1,5451,5452,5449,-1,3568,5453,5446,-1,5253,5454,5254,-1,5455,5454,5456,-1,5254,5454,5455,-1,5256,5454,5255,-1,5255,5454,5253,-1,5417,5457,5414,-1,5414,5457,5447,-1,5447,5457,5448,-1,5450,5458,5459,-1,5452,5458,5450,-1,5451,5458,5452,-1,5417,5460,5457,-1,5457,5460,5448,-1,5263,5461,5262,-1,5453,5461,5263,-1,5456,5462,5463,-1,5454,5462,5456,-1,5453,5464,5461,-1,3518,5464,3568,-1,3568,5464,5453,-1,5454,5465,5462,-1,5257,5465,5256,-1,5256,5465,5454,-1,5460,5466,5448,-1,5417,5466,5460,-1,5448,5466,5467,-1,5423,5466,5417,-1,5459,5468,5469,-1,5458,5468,5459,-1,5470,5468,5451,-1,5451,5468,5458,-1,5470,5471,5468,-1,5468,5471,5469,-1,3518,5472,5464,-1,5464,5472,5461,-1,5262,5472,5260,-1,5260,5472,5258,-1,3468,5472,3518,-1,5461,5472,5262,-1,5258,5472,3468,-1,5465,5473,5462,-1,5257,5473,5465,-1,5462,5473,5463,-1,5466,5474,5467,-1,5423,5474,5466,-1,5429,5474,5423,-1,5470,5475,5471,-1,5471,5475,5469,-1,5469,5475,5476,-1,5429,5477,5474,-1,5474,5477,5467,-1,5463,5478,5479,-1,5473,5478,5463,-1,5477,5480,5467,-1,5467,5480,5481,-1,5429,5480,5477,-1,5433,5480,5429,-1,5470,5482,5475,-1,5475,5482,5476,-1,5476,5482,5483,-1,5484,5482,5470,-1,5484,5485,5482,-1,5482,5485,5483,-1,5479,5486,5487,-1,5478,5486,5479,-1,5480,5488,5481,-1,5433,5488,5480,-1,5438,5488,5433,-1,5485,5489,5483,-1,5483,5489,5490,-1,5484,5489,5485,-1,5488,5491,5481,-1,5438,5491,5488,-1,5481,5492,5493,-1,5438,5492,5491,-1,5491,5492,5481,-1,5444,5492,5438,-1,5494,5495,5484,-1,5489,5495,5490,-1,5484,5495,5489,-1,5490,5495,5496,-1,5494,5497,5495,-1,5495,5497,5496,-1,5492,5498,5493,-1,5450,5498,5444,-1,5444,5498,5492,-1,5494,5499,5497,-1,5496,5499,5500,-1,5497,5499,5496,-1,5498,5501,5493,-1,5450,5501,5498,-1,5459,5502,5450,-1,5493,5502,5503,-1,5450,5502,5501,-1,5501,5502,5493,-1,5504,5505,5494,-1,5494,5505,5499,-1,5500,5505,5506,-1,5499,5505,5500,-1,5504,5507,5505,-1,5505,5507,5506,-1,5469,5508,5459,-1,5459,5508,5502,-1,5502,5508,5503,-1,5506,5509,5510,-1,5504,5509,5507,-1,5507,5509,5506,-1,5508,5511,5503,-1,5469,5511,5508,-1,5469,5512,5511,-1,5503,5512,5513,-1,5511,5512,5503,-1,5476,5512,5469,-1,5512,5514,5513,-1,5476,5514,5512,-1,5483,5514,5476,-1,5514,5515,5513,-1,5483,5515,5514,-1,5483,5516,5515,-1,5490,5516,5483,-1,5513,5516,5517,-1,5515,5516,5513,-1,5504,5518,5509,-1,5510,5518,5519,-1,5509,5518,5510,-1,5490,5520,5516,-1,5516,5520,5517,-1,5496,5520,5490,-1,5520,5521,5517,-1,5496,5521,5520,-1,5517,5522,5523,-1,5521,5522,5517,-1,5496,5522,5521,-1,5500,5522,5496,-1,5522,5524,5523,-1,5500,5524,5522,-1,5506,5524,5500,-1,5524,5525,5523,-1,5506,5525,5524,-1,5510,5526,5506,-1,5525,5526,5523,-1,5506,5526,5525,-1,5519,5527,5510,-1,5510,5527,5526,-1,4672,5528,4669,-1,4669,5528,4668,-1,5289,5528,5290,-1,5287,5528,5289,-1,4668,5528,5287,-1,5528,5529,5290,-1,4673,5529,4672,-1,4672,5529,5528,-1,4679,5530,4677,-1,4677,5530,4676,-1,4676,5530,4673,-1,5529,5530,5290,-1,4673,5530,5529,-1,5290,5530,5531,-1,4679,5532,5530,-1,5530,5532,5531,-1,5531,5532,5519,-1,5532,5533,5519,-1,4684,5534,4682,-1,4682,5534,4680,-1,4680,5534,4679,-1,5532,5534,5533,-1,4679,5534,5532,-1,5533,5534,5294,-1,5535,5536,5537,-1,4690,5538,4684,-1,5534,5538,5294,-1,4684,5538,5534,-1,5302,5539,4697,-1,5297,5539,5302,-1,4697,5539,4692,-1,4692,5539,4690,-1,5538,5539,5294,-1,4690,5539,5538,-1,5294,5539,5297,-1,5536,5540,5537,-1,5537,5540,5541,-1,5540,5542,5541,-1,5299,5543,5542,-1,5300,5543,5299,-1,5542,5544,5541,-1,5543,5544,5542,-1,5541,5544,5545,-1,5304,5546,5300,-1,5313,5546,5310,-1,5543,5546,5544,-1,5310,5546,5304,-1,5300,5546,5543,-1,5544,5546,5545,-1,5545,5546,5313,-1,5232,5547,5234,-1,5369,5547,5230,-1,5230,5547,5232,-1,5379,5547,5369,-1,5385,5547,5386,-1,5386,5547,5379,-1,4206,5548,4236,-1,4236,5548,5376,-1,5376,5548,5379,-1,5379,5548,5549,-1,5385,5550,5547,-1,5233,5550,5382,-1,5234,5550,5233,-1,5382,5550,5551,-1,5547,5550,5234,-1,5551,5550,5385,-1,5549,5552,5553,-1,4173,5552,4206,-1,4206,5552,5548,-1,5548,5552,5549,-1,5552,5554,5553,-1,4173,5554,5552,-1,5553,5555,5556,-1,5554,5555,5553,-1,4173,5555,5554,-1,5556,5557,5558,-1,4139,5557,4173,-1,5555,5557,5556,-1,4173,5557,5555,-1,4139,5559,5557,-1,5557,5559,5558,-1,5558,5560,5561,-1,5559,5560,5558,-1,4139,5560,5559,-1,5561,5562,5563,-1,4104,5562,4139,-1,5560,5562,5561,-1,4139,5562,5560,-1,4104,5564,5562,-1,5562,5564,5563,-1,5563,5565,5566,-1,4104,5565,5564,-1,5564,5565,5563,-1,5565,5567,5566,-1,5566,5567,5568,-1,4067,5567,4104,-1,4104,5567,5565,-1,5567,5569,5568,-1,4067,5569,5567,-1,5389,5570,5390,-1,5551,5570,5382,-1,5382,5570,5383,-1,5383,5570,5389,-1,5390,5571,5384,-1,5570,5571,5390,-1,5384,5571,5385,-1,5385,5571,5551,-1,5551,5571,5570,-1,5553,5572,5549,-1,5379,5572,5386,-1,5386,5572,5384,-1,5549,5572,5379,-1,5568,5573,5574,-1,5569,5573,5568,-1,4067,5573,5569,-1,5553,5575,5572,-1,5572,5575,5384,-1,5556,5576,5553,-1,5575,5576,5384,-1,5553,5576,5575,-1,5384,5576,5398,-1,4067,5577,5573,-1,5574,5577,5578,-1,4028,5577,4067,-1,5573,5577,5574,-1,5577,5579,5578,-1,4028,5579,5577,-1,5556,5580,5576,-1,5558,5580,5556,-1,5576,5580,5398,-1,5579,5581,5578,-1,4028,5581,5579,-1,5578,5581,5582,-1,5580,5583,5398,-1,5558,5583,5580,-1,5561,5584,5558,-1,5398,5584,5402,-1,5583,5584,5398,-1,5558,5584,5583,-1,5582,5585,5586,-1,5581,5585,5582,-1,3989,5585,4028,-1,4028,5585,5581,-1,5585,5587,5586,-1,3989,5587,5585,-1,5563,5588,5561,-1,5584,5588,5402,-1,5561,5588,5584,-1,3989,5589,5587,-1,5587,5589,5586,-1,5586,5589,5590,-1,5588,5591,5402,-1,5563,5591,5588,-1,5591,5592,5402,-1,5563,5592,5591,-1,5566,5592,5563,-1,5402,5592,5411,-1,5590,5593,5594,-1,5589,5593,5590,-1,3947,5593,3989,-1,3989,5593,5589,-1,5383,5595,5392,-1,5392,5595,5596,-1,5596,5595,5406,-1,5406,5595,5389,-1,5389,5595,5383,-1,3947,5597,5593,-1,5593,5597,5594,-1,5568,5598,5566,-1,5566,5598,5592,-1,5592,5598,5411,-1,3947,5599,5597,-1,5594,5599,5600,-1,5597,5599,5594,-1,5568,5601,5598,-1,5598,5601,5411,-1,3904,5602,3947,-1,3947,5602,5599,-1,5599,5602,5600,-1,5600,5602,5603,-1,5411,5604,5415,-1,5574,5604,5568,-1,5601,5604,5411,-1,5568,5604,5601,-1,5602,5605,5603,-1,3904,5605,5602,-1,5603,5606,5607,-1,5605,5606,5603,-1,3904,5606,5605,-1,5578,5608,5574,-1,5574,5608,5604,-1,5604,5608,5415,-1,5578,5609,5608,-1,5608,5609,5415,-1,5241,5610,5242,-1,5242,5610,5251,-1,5596,5610,5392,-1,5392,5610,5241,-1,3860,5611,3904,-1,5606,5611,5607,-1,3904,5611,5606,-1,5607,5611,5612,-1,5415,5613,5427,-1,5582,5613,5578,-1,5578,5613,5609,-1,5609,5613,5415,-1,5610,5614,5251,-1,5596,5614,5610,-1,3860,5615,5611,-1,5611,5615,5612,-1,5612,5616,5617,-1,3860,5616,5615,-1,5615,5616,5612,-1,5586,5618,5582,-1,5613,5618,5427,-1,5582,5618,5613,-1,5618,5619,5427,-1,5586,5619,5618,-1,5590,5620,5586,-1,5619,5620,5427,-1,5427,5620,5439,-1,5586,5620,5619,-1,5616,5621,5617,-1,5617,5621,5622,-1,3814,5621,3860,-1,3860,5621,5616,-1,3814,5623,5621,-1,5621,5623,5622,-1,5590,5624,5620,-1,5620,5624,5439,-1,5594,5624,5590,-1,5622,5625,5626,-1,5623,5625,5622,-1,3814,5625,5623,-1,5594,5627,5624,-1,5624,5627,5439,-1,5594,5628,5627,-1,5627,5628,5439,-1,5600,5628,5594,-1,5439,5628,5451,-1,5626,5629,5630,-1,5625,5629,5626,-1,3814,5629,5625,-1,3767,5629,3814,-1,5406,5631,5596,-1,5596,5631,5614,-1,5629,5632,5630,-1,3767,5632,5629,-1,5600,5633,5628,-1,5628,5633,5451,-1,5603,5633,5600,-1,5630,5634,5635,-1,5632,5634,5630,-1,3767,5634,5632,-1,5603,5636,5633,-1,5633,5636,5451,-1,5607,5637,5603,-1,5603,5637,5636,-1,5636,5637,5451,-1,5451,5637,5470,-1,5634,5638,5635,-1,5635,5638,5639,-1,3767,5638,5634,-1,3718,5638,3767,-1,5406,5640,5631,-1,5421,5640,5418,-1,5631,5640,5641,-1,5418,5640,5406,-1,3718,5642,5638,-1,3668,5642,3718,-1,5440,5642,3668,-1,5638,5642,5639,-1,5607,5643,5637,-1,5637,5643,5470,-1,5612,5643,5607,-1,5612,5644,5643,-1,5643,5644,5470,-1,5617,5645,5612,-1,5612,5645,5644,-1,5470,5645,5484,-1,5644,5645,5470,-1,5622,5646,5617,-1,5617,5646,5645,-1,5645,5646,5484,-1,5646,5647,5484,-1,5622,5647,5646,-1,5622,5648,5647,-1,5626,5648,5622,-1,5484,5648,5494,-1,5647,5648,5484,-1,5630,5649,5626,-1,5626,5649,5648,-1,5648,5649,5494,-1,5630,5650,5649,-1,5649,5650,5494,-1,5635,5651,5630,-1,5494,5651,5504,-1,5630,5651,5650,-1,5650,5651,5494,-1,5639,5652,5635,-1,5635,5652,5651,-1,5651,5652,5504,-1,5257,5653,5473,-1,5473,5653,5478,-1,5478,5653,5486,-1,5654,5653,5641,-1,5655,5656,5639,-1,5504,5656,5655,-1,5639,5656,5652,-1,5652,5656,5504,-1,5639,5657,5655,-1,5440,5657,5642,-1,5446,5657,5440,-1,5642,5657,5639,-1,5453,5657,5446,-1,5263,5657,5453,-1,5421,5658,5640,-1,5640,5658,5641,-1,5641,5658,5654,-1,5658,5659,5654,-1,5421,5659,5658,-1,5654,5659,5660,-1,5659,5661,5660,-1,5421,5661,5659,-1,5660,5661,5662,-1,5426,5661,5421,-1,5661,5663,5662,-1,5426,5663,5661,-1,5426,5664,5663,-1,5663,5664,5662,-1,5662,5664,5665,-1,5665,5666,5667,-1,5664,5666,5665,-1,5426,5666,5664,-1,5436,5666,5426,-1,5666,5668,5667,-1,5436,5668,5666,-1,5436,5669,5668,-1,5668,5669,5667,-1,5667,5669,5670,-1,5655,5671,5672,-1,5263,5671,5657,-1,5657,5671,5655,-1,5268,5671,5263,-1,5281,5671,5268,-1,5436,5673,5669,-1,5669,5673,5670,-1,5670,5673,5674,-1,5448,5673,5436,-1,5673,5675,5674,-1,5448,5675,5673,-1,5674,5676,5677,-1,5675,5676,5674,-1,5448,5676,5675,-1,5487,5678,5679,-1,5486,5678,5487,-1,5653,5678,5486,-1,5654,5678,5653,-1,5679,5680,5681,-1,5678,5680,5679,-1,5654,5680,5678,-1,5660,5680,5654,-1,5677,5682,5683,-1,5676,5682,5677,-1,5448,5682,5676,-1,5467,5682,5448,-1,5682,5684,5683,-1,5467,5684,5682,-1,5680,5685,5681,-1,5660,5685,5680,-1,5662,5685,5660,-1,5686,5687,5672,-1,5672,5687,5655,-1,5504,5687,5518,-1,5655,5687,5504,-1,5683,5688,5689,-1,5684,5688,5683,-1,5467,5688,5684,-1,5685,5690,5681,-1,5662,5690,5685,-1,5681,5691,5692,-1,5662,5691,5690,-1,5665,5691,5662,-1,5690,5691,5681,-1,5467,5693,5688,-1,5688,5693,5689,-1,5481,5693,5467,-1,5689,5693,5694,-1,5481,5695,5693,-1,5693,5695,5694,-1,5667,5696,5665,-1,5665,5696,5691,-1,5691,5696,5692,-1,5695,5697,5694,-1,5481,5697,5695,-1,5694,5697,5698,-1,5696,5699,5692,-1,5667,5699,5696,-1,5692,5700,5701,-1,5699,5700,5692,-1,5667,5700,5699,-1,5670,5700,5667,-1,5493,5702,5481,-1,5697,5702,5698,-1,5481,5702,5697,-1,5698,5702,5703,-1,5493,5704,5702,-1,5702,5704,5703,-1,5672,5705,5686,-1,5671,5705,5672,-1,5281,5705,5671,-1,5290,5705,5281,-1,5531,5705,5290,-1,5686,5705,5531,-1,5674,5706,5670,-1,5700,5706,5701,-1,5670,5706,5700,-1,5704,5707,5703,-1,5703,5707,5708,-1,5493,5707,5704,-1,5706,5709,5701,-1,5674,5709,5706,-1,5701,5710,5711,-1,5677,5710,5674,-1,5709,5710,5701,-1,5674,5710,5709,-1,5503,5712,5493,-1,5707,5712,5708,-1,5493,5712,5707,-1,5708,5712,5713,-1,5712,5714,5713,-1,5503,5714,5712,-1,5683,5715,5677,-1,5677,5715,5710,-1,5710,5715,5711,-1,5503,5716,5714,-1,5713,5716,5717,-1,5714,5716,5713,-1,5715,5718,5711,-1,5683,5718,5715,-1,5689,5719,5683,-1,5718,5719,5711,-1,5711,5719,5720,-1,5683,5719,5718,-1,5716,5721,5717,-1,5503,5721,5716,-1,5513,5721,5503,-1,5717,5721,5722,-1,5686,5723,5687,-1,5687,5723,5518,-1,5518,5723,5519,-1,5531,5723,5686,-1,5519,5723,5531,-1,5513,5724,5721,-1,5721,5724,5722,-1,5719,5725,5720,-1,5689,5725,5719,-1,5694,5725,5689,-1,5724,5726,5722,-1,5722,5726,5727,-1,5513,5726,5724,-1,5725,5728,5720,-1,5694,5728,5725,-1,5720,5729,5730,-1,5694,5729,5728,-1,5728,5729,5720,-1,5698,5729,5694,-1,5513,5731,5726,-1,5726,5731,5727,-1,5517,5731,5513,-1,5727,5731,5732,-1,5517,5733,5731,-1,5731,5733,5732,-1,5729,5734,5730,-1,5698,5734,5729,-1,5703,5734,5698,-1,5732,5735,5736,-1,5517,5735,5733,-1,5733,5735,5732,-1,5734,5737,5730,-1,5703,5737,5734,-1,5730,5738,5739,-1,5703,5738,5737,-1,5737,5738,5730,-1,5708,5738,5703,-1,5736,5740,5741,-1,5523,5740,5517,-1,5517,5740,5735,-1,5735,5740,5736,-1,5523,5742,5740,-1,5740,5742,5741,-1,5738,5743,5739,-1,5708,5743,5738,-1,5713,5743,5708,-1,5741,5744,5745,-1,5742,5744,5741,-1,5523,5744,5742,-1,5745,5744,5746,-1,5743,5747,5739,-1,5713,5747,5743,-1,5526,5748,5523,-1,5744,5748,5746,-1,5523,5748,5744,-1,5527,5748,5526,-1,5527,5749,5750,-1,5533,5749,5519,-1,5750,5749,5533,-1,5519,5749,5527,-1,5739,5751,5752,-1,5747,5751,5739,-1,5713,5751,5747,-1,5717,5751,5713,-1,5751,5753,5752,-1,5717,5753,5751,-1,5722,5753,5717,-1,5753,5754,5752,-1,5722,5754,5753,-1,5752,5755,5756,-1,5754,5755,5752,-1,5722,5755,5754,-1,5727,5755,5722,-1,5755,5757,5756,-1,5727,5757,5755,-1,5732,5757,5727,-1,5732,5758,5757,-1,5757,5758,5756,-1,5527,5759,5748,-1,5750,5759,5527,-1,5748,5759,5746,-1,5758,5760,5756,-1,5756,5760,5761,-1,5736,5760,5732,-1,5732,5760,5758,-1,5736,5762,5760,-1,5741,5762,5736,-1,5760,5762,5761,-1,5762,5763,5761,-1,5741,5763,5762,-1,5761,5764,5765,-1,5745,5764,5741,-1,5763,5764,5761,-1,5741,5764,5763,-1,5764,5766,5765,-1,5535,5766,5536,-1,5745,5766,5764,-1,5765,5766,5535,-1,5533,5767,5750,-1,5294,5767,5533,-1,5291,5767,5294,-1,5750,5767,5759,-1,5766,5768,5536,-1,5745,5768,5766,-1,5536,5768,5540,-1,5542,5768,5299,-1,5540,5768,5542,-1,5746,5768,5745,-1,5251,5769,5257,-1,5257,5769,5653,-1,5631,5769,5614,-1,5641,5769,5631,-1,5653,5769,5641,-1,5614,5769,5251,-1,5768,5770,5299,-1,5746,5770,5768,-1,5767,5770,5759,-1,5291,5770,5767,-1,5293,5770,5291,-1,5299,5770,5293,-1,5759,5770,5746,-1,4921,4933,4941,-1,4921,4932,4933,-1,4973,4968,4969,-1,4973,4959,4968,-1,4973,4958,4959,-1,4973,4952,4958,-1,5356,4973,4974,-1,5022,5005,5021,-1,5022,5003,5005,-1,5341,4836,4857,-1,5341,4834,4836,-1,5341,4837,4834,-1,5341,4838,4837,-1,5364,5022,5362,-1,4823,4824,5341,-1,5042,5364,5045,-1,5044,5364,5042,-1,4808,4819,4823,-1,4808,4818,4819,-1,4808,4809,4818,-1,5069,5022,5364,-1,5069,5364,5044,-1,5069,5056,5058,-1,5069,5044,5056,-1,5069,5006,5003,-1,5069,5003,5022,-1,5081,5069,5070,-1,4792,4802,4808,-1,4792,4801,4802,-1,4792,4808,4823,-1,5082,5069,5081,-1,4783,4791,4792,-1,4781,4783,4792,-1,5098,5090,5091,-1,5098,5082,5090,-1,4769,4771,4781,-1,4769,4781,4792,-1,5106,5098,5099,-1,5106,5082,5098,-1,4759,4769,4792,-1,5116,5106,5107,-1,5116,5082,5106,-1,4743,4757,4759,-1,4743,4745,4757,-1,5120,5116,5117,-1,5122,5116,5120,-1,5330,4746,4743,-1,5330,4743,4759,-1,5131,5122,5381,-1,4718,5328,5330,-1,4718,4720,5328,-1,5127,5116,5122,-1,5127,5131,5130,-1,5127,5122,5131,-1,4659,4658,4662,-1,5238,5136,5137,-1,5238,5129,5136,-1,5244,5127,5129,-1,5244,5069,5082,-1,5244,5129,5238,-1,5244,5007,5006,-1,5244,4986,5007,-1,5244,5116,5127,-1,5244,5006,5069,-1,5244,5082,5116,-1,5312,4663,4659,-1,5312,5323,4663,-1,5313,5311,5312,-1,5455,5249,5254,-1,5455,5244,5249,-1,5545,5313,5312,-1,5456,5244,5455,-1,5541,5545,5312,-1,5537,5541,5312,-1,5537,4662,4718,-1,5537,5312,4659,-1,5537,4718,5330,-1,5537,4659,4662,-1,5487,5463,5479,-1,5487,5456,5463,-1,5761,5535,5537,-1,5761,5765,5535,-1,5681,5456,5487,-1,5681,5244,5456,-1,5681,5487,5679,-1,5756,5761,5537,-1,5739,5752,5756,-1,5711,5692,5701,-1,5730,5756,5537,-1,5730,5739,5756,-1,5720,5341,4857,-1,5720,4823,5341,-1,5720,5681,5692,-1,5720,4921,4941,-1,5720,5537,5330,-1,5720,4952,4973,-1,5720,5244,5681,-1,5720,4984,4986,-1,5720,4987,4984,-1,5720,5358,4987,-1,5720,4973,5356,-1,5720,5356,5358,-1,5720,4951,4952,-1,5720,4942,4951,-1,5720,4941,4942,-1,5720,4986,5244,-1,5720,4920,4921,-1,5720,4910,4920,-1,5720,4909,4910,-1,5720,5330,4759,-1,5720,4897,4909,-1,5720,4895,4897,-1,5720,4759,4792,-1,5720,4898,4895,-1,5720,5346,4898,-1,5720,4878,5346,-1,5720,4877,4878,-1,5720,5730,5537,-1,5720,4879,4877,-1,5720,5692,5711,-1,5720,4856,4879,-1,5720,4792,4823,-1,5720,4855,4856,-1,5720,4857,4855            ]
            ccw TRUE
          }
        }
        Shape {
          appearance DEF M2 Appearance {
            material Material {
              diffuseColor 0.98431 0.97647 0.95686
              specularColor 0.05 0.05 0.05
              shininess 0.5
            }
          }
          geometry IndexedFaceSet {
            coord Coordinate {
              point [
0.1897586 -20.39999962 1.43955743,0.1897586 -2 1.43955743,0.1899948 -2 1.43008673,0.1899948 -20.39999962 1.43008673,0.19070277 -2 1.42063963,0.19070277 -20.39999962 1.42063963,0.19188075 -2 1.4112395,0.19188075 -20.39999962 1.4112395,0.19352584 -2 1.40190971,0.19352584 -20.39999962 1.40190971,0.19563392 -2 1.39267361,0.19563392 -20.39999962 1.39267361,0.19819978 -2 1.38355398,0.19819978 -20.39999962 1.38355398,0.20121701 -2 1.37457371,0.20121701 -20.39999962 1.37457371,0.20467813 -2 1.36575484,0.20467813 -20.39999962 1.36575484,0.20857452 -2 1.35711956,0.20857452 -20.39999962 1.35711956,0.21289651 -2 1.3486892,0.21289651 -20.39999962 1.3486892,0.21763334 -2 1.34048486,0.21763334 -20.39999962 1.34048486,0.22277324 -2 1.33252668,0.22277324 -20.39999962 1.33252668,0.22830343 -2 1.3248347,0.22830343 -20.39999962 1.3248347,0.23421016 -2 1.31742787,0.23421016 -20.39999962 1.31742787,0.24047875 -2 1.31032467,0.24047875 -20.39999962 1.31032467,0.24709362 -2 1.30354273,0.24709362 -20.39999962 1.30354273,0.2540383 -2 1.29709911,0.2540383 -20.39999962 1.29709911,0.26129556 -2 1.29100955,0.26129556 -20.39999962 1.29100955,0.26884732 -2 1.28528929,0.26884732 -20.39999962 1.28528929,0.27667481 -2 1.27995253,0.27667481 -20.39999962 1.27995253,0.2847586 -2 1.27501261,0.2847586 -20.39999962 1.27501261,0.29307857 -2 1.27048182,0.29307857 -20.39999962 1.27048182,0.30161405 -2 1.26637137,0.30161405 -20.39999962 1.26637137,0.3103438 -2 1.2626915,0.3103438 -20.39999962 1.2626915,0.31924614 -2 1.25945127,0.31924614 -20.39999962 1.25945127,0.32829893 -2 1.25665891,0.32829893 -20.39999962 1.25665891,0.33747962 -2 1.25432122,0.33747962 -20.39999962 1.25432122,0.34676546 -2 1.25244403,0.34676546 -20.39999962 1.25244403,0.35613331 -2 1.25103199,0.35613331 -20.39999962 1.25103199,0.36555988 -2 1.25008881,0.36555988 -20.39999962 1.25008881,0.37502179 -2 1.2496165,0.37502179 -20.39999962 1.2496165,0.38449544 -2 1.2496165,0.38449544 -20.39999962 1.2496165,0.39395732 -2 1.25008881,0.39395732 -20.39999962 1.25008881,0.40338391 -2 1.25103199,0.40338391 -20.39999962 1.25103199,0.41275176 -2 1.25244403,0.41275176 -20.39999962 1.25244403,0.42203757 -2 1.25432122,0.42203757 -20.39999962 1.25432122,0.4312183 -2 1.25665891,0.4312183 -20.39999962 1.25665891,0.44027108 -2 1.25945127,0.44027108 -20.39999962 1.25945127,0.44917339 -2 1.2626915,0.44917339 -20.39999962 1.2626915,0.45790315 -2 1.26637137,0.45790315 -20.39999962 1.26637137,0.46643862 -2 1.27048182,0.46643862 -20.39999962 1.27048182,0.4747586 -2 1.27501261,0.4747586 -20.39999962 1.27501261,0.48284239 -2 1.27995253,0.48284239 -20.39999962 1.27995253,0.49066991 -2 1.28528929,0.49066991 -20.39999962 1.28528929,0.49822167 -2 1.29100955,0.49822167 -20.39999962 1.29100955,0.50547892 -2 1.29709911,0.50547892 -20.39999962 1.29709911,0.51242357 -2 1.30354273,0.51242357 -20.39999962 1.30354273,0.51903844 -2 1.31032467,0.51903844 -20.39999962 1.31032467,0.52530706 -2 1.31742787,0.52530706 -20.39999962 1.31742787,0.53121376 -2 1.3248347,0.53121376 -20.39999962 1.3248347,0.536744 -2 1.33252668,0.536744 -20.39999962 1.33252668,0.54188389 -2 1.34048486,0.54188389 -20.39999962 1.34048486,0.54662073 -2 1.3486892,0.54662073 -20.39999962 1.3486892,0.55094272 -2 1.35711956,0.55094272 -20.39999962 1.35711956,0.55483907 -2 1.36575484,0.55483907 -20.39999962 1.36575484,0.5583002 -2 1.37457371,0.5583002 -20.39999962 1.37457371,0.56131744 -2 1.38355398,0.56131744 -20.39999962 1.38355398,0.5638833 -2 1.39267361,0.5638833 -20.39999962 1.39267361,0.5659914 -20.39999962 1.40190971,0.5659914 -2 1.40190971,0.56763649 -2 1.4112395,0.56763649 -20.39999962 1.4112395,0.56881446 -2 1.42063963,0.56881446 -20.39999962 1.42063963,0.56952244 -2 1.43008673,0.56952244 -20.39999962 1.43008673,0.56975859 -2 1.43955743,0.56975859 -20.39999962 1.43955743,0.56952244 -2 1.44902825,0.56952244 -20.39999962 1.44902825,0.56881446 -2 1.45847535,0.56881446 -20.39999962 1.45847535,0.56763649 -2 1.46787548,0.56763649 -20.39999962 1.46787548,0.5659914 -2 1.47720528,0.5659914 -20.39999962 1.47720528,0.5638833 -2 1.48644137,0.5638833 -20.39999962 1.48644137,0.56131744 -2 1.495561,0.56131744 -20.39999962 1.495561,0.5583002 -2 1.50454128,0.5583002 -20.39999962 1.50454128,0.55483907 -2 1.51336014,0.55483907 -20.39999962 1.51336014,0.55094272 -20.39999962 1.52199543,0.55094272 -2 1.52199543,0.54662073 -2 1.53042579,0.54662073 -20.39999962 1.53042579,0.54188389 -2 1.53863013,0.54188389 -20.39999962 1.53863013,0.536744 -2 1.5465883,0.536744 -20.39999962 1.5465883,0.53121376 -2 1.55428028,0.53121376 -20.39999962 1.55428028,0.52530706 -20.39999962 1.56168711,0.52530706 -2 1.56168711,0.51903844 -20.39999962 1.56879032,0.51903844 -2 1.56879032,0.51242357 -2 1.57557213,0.51242357 -20.39999962 1.57557213,0.50547892 -2 1.58201587,0.50547892 -20.39999962 1.58201587,0.49822167 -20.39999962 1.58810544,0.49822167 -2 1.58810544,0.49066991 -20.39999962 1.5938257,0.49066991 -2 1.5938257,0.48284239 -2 1.59916246,0.48284239 -20.39999962 1.59916246,0.4747586 -20.39999962 1.60410237,0.4747586 -2 1.60410237,0.46643862 -2 1.60863316,0.46643862 -20.39999962 1.60863316,0.45790315 -20.39999962 1.61274362,0.45790315 -2 1.61274362,0.44917339 -20.39999962 1.61642349,0.44917339 -2 1.61642349,0.44027108 -20.39999962 1.61966372,0.44027108 -2 1.61966372,0.4312183 -2 1.62245607,0.4312183 -20.39999962 1.62245607,0.42203757 -20.39999962 1.62479377,0.42203757 -2 1.62479377,0.41275176 -2 1.62667096,0.41275176 -20.39999962 1.62667096,0.40338391 -20.39999962 1.62808299,0.40338391 -2 1.62808299,0.39395732 -20.39999962 1.62902617,0.39395732 -2 1.62902617,0.38449544 -20.39999962 1.62949848,0.38449544 -2 1.62949848,0.37502179 -2 1.62949848,0.37502179 -20.39999962 1.62949848,0.36555988 -2 1.62902617,0.36555988 -20.39999962 1.62902617,0.35613331 -20.39999962 1.62808299,0.35613331 -2 1.62808299,0.34676546 -2 1.62667096,0.34676546 -20.39999962 1.62667096,0.33747962 -2 1.62479377,0.33747962 -20.39999962 1.62479377,0.32829893 -2 1.62245607,0.32829893 -20.39999962 1.62245607,0.31924614 -20.39999962 1.61966372,0.31924614 -2 1.61966372,0.3103438 -20.39999962 1.61642349,0.3103438 -2 1.61642349,0.30161405 -2 1.61274362,0.30161405 -20.39999962 1.61274362,0.29307857 -20.39999962 1.60863316,0.29307857 -2 1.60863316,0.2847586 -20.39999962 1.60410237,0.2847586 -2 1.60410237,0.27667481 -20.39999962 1.59916246,0.27667481 -2 1.59916246,0.26884732 -2 1.5938257,0.26884732 -20.39999962 1.5938257,0.26129556 -2 1.58810544,0.26129556 -20.39999962 1.58810544,0.2540383 -2 1.58201587,0.2540383 -20.39999962 1.58201587,0.24709362 -20.39999962 1.57557213,0.24709362 -2 1.57557213,0.24047875 -20.39999962 1.56879032,0.24047875 -2 1.56879032,0.23421016 -20.39999962 1.56168711,0.23421016 -2 1.56168711,0.22830343 -2 1.55428028,0.22830343 -20.39999962 1.55428028,0.22277324 -2 1.5465883,0.22277324 -20.39999962 1.5465883,0.21763334 -20.39999962 1.53863013,0.21763334 -2 1.53863013,0.21289651 -2 1.53042579,0.21289651 -20.39999962 1.53042579,0.20857452 -20.39999962 1.52199543,0.20857452 -2 1.52199543,0.20467813 -2 1.51336014,0.20467813 -20.39999962 1.51336014,0.20121701 -20.39999962 1.50454128,0.20121701 -2 1.50454128,0.19819978 -20.39999962 1.495561,0.19819978 -2 1.495561,0.19563392 -20.39999962 1.48644137,0.19563392 -2 1.48644137,0.19352584 -20.39999962 1.47720528,0.19352584 -2 1.47720528,0.19188075 -2 1.46787548,0.19188075 -20.39999962 1.46787548,0.19070277 -20.39999962 1.45847535,0.19070277 -2 1.45847535,0.1899948 -2 1.44902825,0.1899948 -20.39999962 1.44902825,0.22043569 -20.39999962 -1.25692332,0.22043569 -2 -1.25692332,0.21548796 -2 -1.26496923,0.21548796 -20.39999962 -1.26496923,0.21094619 -2 -1.27325094,0.21094619 -20.39999962 -1.27325094,0.20682161 -2 -1.28174818,0.20682161 -20.39999962 -1.28174818,0.20312442 -2 -1.29043996,0.20312442 -20.39999962 -1.29043996,0.19986375 -2 -1.2993046,0.19986375 -20.39999962 -1.2993046,0.19704765 -2 -1.3083204,0.19704765 -20.39999962 -1.3083204,0.1946831 -2 -1.31746507,0.1946831 -20.39999962 -1.31746507,0.19277593 -2 -1.32671595,0.19277593 -20.39999962 -1.32671595,0.19133088 -2 -1.33605015,0.19133088 -20.39999962 -1.33605015,0.19035147 -2 -1.34544456,0.19035147 -20.39999962 -1.34544456,0.18984017 -2 -1.35487616,0.18984017 -20.39999962 -1.35487616,0.18979821 -2 -1.36432135,0.18979821 -20.39999962 -1.36432135,0.19022571 -2 -1.37375712,0.19022571 -20.39999962 -1.37375712,0.19112159 -2 -1.38315988,0.19112159 -20.39999962 -1.38315988,0.19248368 -2 -1.3925066,0.19248368 -20.39999962 -1.3925066,0.19430859 -2 -1.40177393,0.19430859 -20.39999962 -1.40177393,0.19659179 -2 -1.41093922,0.19659179 -20.39999962 -1.41093922,0.19932768 -2 -1.41997969,0.19932768 -20.39999962 -1.41997969,0.20250946 -2 -1.42887306,0.20250946 -20.39999962 -1.42887306,0.2061293 -2 -1.43759727,0.2061293 -20.39999962 -1.43759727,0.21017821 -2 -1.44613087,0.21017821 -20.39999962 -1.44613087,0.21464624 -2 -1.45445263,0.21464624 -20.39999962 -1.45445263,0.2195223 -2 -1.46254206,0.2195223 -20.39999962 -1.46254206,0.22479436 -2 -1.47037923,0.22479436 -20.39999962 -1.47037923,0.23044938 -2 -1.47794461,0.23044938 -20.39999962 -1.47794461,0.23647341 -2 -1.48521972,0.23647341 -20.39999962 -1.48521972,0.24285154 -2 -1.49218643,0.24285154 -20.39999962 -1.49218643,0.24956802 -2 -1.49882746,0.24956802 -20.39999962 -1.49882746,0.25660622 -2 -1.5051266,0.25660622 -20.39999962 -1.5051266,0.2639488 -2 -1.51106822,0.2639488 -20.39999962 -1.51106822,0.27157757 -2 -1.51663744,0.27157757 -20.39999962 -1.51663744,0.27947369 -2 -1.52182078,0.27947369 -20.39999962 -1.52182078,0.28761765 -2 -1.52660525,0.28761765 -20.39999962 -1.52660525,0.29598933 -2 -1.53097904,0.29598933 -20.39999962 -1.53097904,0.30456802 -2 -1.53493142,0.30456802 -20.39999962 -1.53493142,0.31333256 -2 -1.53845251,0.31333256 -20.39999962 -1.53845251,0.32226124 -2 -1.54153383,0.32226124 -20.39999962 -1.54153383,0.331332 -20.39999962 -1.54416752,0.331332 -2 -1.54416752,0.34052247 -2 -1.54634714,0.34052247 -20.39999962 -1.54634714,0.34980989 -2 -1.54806733,0.34980989 -20.39999962 -1.54806733,0.3591713 -20.39999962 -1.54932392,0.3591713 -2 -1.54932392,0.36858362 -2 -1.55011356,0.36858362 -20.39999962 -1.55011356,0.37802356 -2 -1.55043459,0.37802356 -20.39999962 -1.55043459,0.38746777 -2 -1.55028605,0.38746777 -20.39999962 -1.55028605,0.39689294 -2 -1.54966831,0.39689294 -20.39999962 -1.54966831,0.40627575 -20.39999962 -1.54858303,0.40627575 -2 -1.54858303,0.41559303 -2 -1.54703271,0.41559303 -20.39999962 -1.54703271,0.42482176 -20.39999962 -1.5450213,0.42482176 -2 -1.5450213,0.43393913 -2 -1.54255366,0.43393913 -20.39999962 -1.54255366,0.44292259 -20.39999962 -1.53963602,0.44292259 -2 -1.53963602,0.45174995 -2 -1.53627551,0.45174995 -20.39999962 -1.53627551,0.46039942 -2 -1.53248048,0.46039942 -20.39999962 -1.53248048,0.46884957 -2 -1.52826023,0.46884957 -20.39999962 -1.52826023,0.47707954 -20.39999962 -1.52362537,0.47707954 -2 -1.52362537,0.48506901 -2 -1.51858711,0.48506901 -20.39999962 -1.51858711,0.49279824 -2 -1.51315808,0.49279824 -20.39999962 -1.51315808,0.50024807 -2 -1.50735164,0.50024807 -20.39999962 -1.50735164,0.50740016 -2 -1.50118208,0.50740016 -20.39999962 -1.50118208,0.51423681 -2 -1.49466479,0.51423681 -20.39999962 -1.49466479,0.52074111 -20.39999962 -1.48781574,0.52074111 -2 -1.48781574,0.52689701 -2 -1.48065186,0.52689701 -20.39999962 -1.48065186,0.53268927 -2 -1.47319102,0.53268927 -20.39999962 -1.47319102,0.53810358 -2 -1.46545148,0.53810358 -20.39999962 -1.46545148,0.54312652 -2 -1.45745242,0.54312652 -20.39999962 -1.45745242,0.54774576 -2 -1.44921362,0.54774576 -20.39999962 -1.44921362,0.55194992 -2 -1.44075537,0.55194992 -20.39999962 -1.44075537,0.55572844 -20.39999962 -1.43209875,0.55572844 -2 -1.43209875,0.55907214 -20.39999962 -1.42326498,0.55907214 -2 -1.42326498,0.56197262 -2 -1.414276,0.56197262 -20.39999962 -1.414276,0.56442285 -2 -1.40515399,0.56442285 -20.39999962 -1.40515399,0.56641674 -20.39999962 -1.39592135,0.56641674 -2 -1.39592135,0.56794924 -2 -1.38660121,0.56794924 -20.39999962 -1.38660121,0.56901675 -20.39999962 -1.37721634,0.56901675 -2 -1.37721634,0.5696165 -2 -1.36778998,0.5696165 -20.39999962 -1.36778998,0.56974703 -2 -1.35834551,0.56974703 -20.39999962 -1.35834551,0.56940806 -2 -1.34890616,0.56940806 -20.39999962 -1.34890616,0.56860042 -2 -1.33949542,0.56860042 -20.39999962 -1.33949542,0.56732601 -2 -1.33013642,0.56732601 -20.39999962 -1.33013642,0.56558812 -2 -1.32085228,0.56558812 -20.39999962 -1.32085228,0.56339097 -20.39999962 -1.31166601,0.56339097 -2 -1.31166601,0.56073999 -20.39999962 -1.30260026,0.56073999 -2 -1.30260026,0.5576418 -2 -1.29367745,0.5576418 -20.39999962 -1.29367745,0.55410397 -20.39999962 -1.28491962,0.55410397 -2 -1.28491962,0.55013525 -2 -1.27634847,0.55013525 -20.39999962 -1.27634847,0.54574549 -20.39999962 -1.26798522,0.54574549 -2 -1.26798522,0.54094553 -20.39999962 -1.25985038,0.54094553 -2 -1.25985038,0.53574717 -20.39999962 -1.25196409,0.53574717 -2 -1.25196409,0.53016335 -2 -1.2443459,0.53016335 -20.39999962 -1.2443459,0.52420783 -20.39999962 -1.23701477,0.52420783 -2 -1.23701477,0.51789534 -2 -1.22998846,0.51789534 -20.39999962 -1.22998846,0.51124144 -20.39999962 -1.22328472,0.51124144 -2 -1.22328472,0.50426263 -20.39999962 -1.2169199,0.50426263 -2 -1.2169199,0.49697611 -20.39999962 -1.21090972,0.49697611 -2 -1.21090972,0.48939991 -20.39999962 -1.2052691,0.48939991 -2 -1.2052691,0.48155272 -20.39999962 -1.20001197,0.48155272 -2 -1.20001197,0.473454 -20.39999962 -1.19515133,0.473454 -2 -1.19515133,0.46512371 -20.39999962 -1.19069922,0.46512371 -2 -1.19069922,0.45658249 -20.39999962 -1.18666649,0.45658249 -2 -1.18666649,0.44785136 -20.39999962 -1.18306327,0.44785136 -2 -1.18306327,0.43895197 -20.39999962 -1.1798985,0.43895197 -2 -1.1798985,0.42990631 -2 -1.17717981,0.42990631 -20.39999962 -1.17717981,0.4207367 -2 -1.17491412,0.4207367 -20.39999962 -1.17491412,0.41146582 -20.39999962 -1.17310679,0.41146582 -2 -1.17310679,0.4021166 -20.39999962 -1.17176259,0.4021166 -2 -1.17176259,0.39271209 -20.39999962 -1.17088461,0.39271209 -2 -1.17088461,0.3832756 -2 -1.17047501,0.3832756 -20.39999962 -1.17047501,0.37383041 -20.39999962 -1.17053497,0.37383041 -2 -1.17053497,0.36439985 -20.39999962 -1.17106426,0.36439985 -2 -1.17106426,0.35500726 -20.39999962 -1.17206156,0.35500726 -2 -1.17206156,0.34567586 -2 -1.17352438,0.34567586 -20.39999962 -1.17352438,0.33642867 -20.39999962 -1.17544925,0.33642867 -2 -1.17544925,0.32728857 -2 -1.17783117,0.32728857 -20.39999962 -1.17783117,0.31827813 -2 -1.18066442,0.31827813 -20.39999962 -1.18066442,0.28685805 -20.39999962 -1.20758045,0.28685805 -2 -1.20758045,0.25486639 -20.39999962 -1.23256183,0.25486639 -2 -1.23256183              ]
            }
            coordIndex [
0,1,2,-1,3,2,4,-1,3,0,2,-1,5,4,6,-1,5,3,4,-1,7,6,8,-1,7,5,6,-1,9,8,10,-1,9,7,8,-1,11,10,12,-1,11,9,10,-1,13,12,14,-1,13,11,12,-1,15,14,16,-1,15,13,14,-1,17,16,18,-1,17,15,16,-1,19,18,20,-1,19,17,18,-1,21,20,22,-1,21,19,20,-1,23,21,22,-1,23,22,24,-1,25,23,24,-1,25,24,26,-1,27,25,26,-1,27,26,28,-1,29,27,28,-1,29,28,30,-1,31,29,30,-1,31,30,32,-1,33,31,32,-1,33,32,34,-1,35,33,34,-1,35,34,36,-1,37,35,36,-1,37,36,38,-1,39,38,40,-1,39,37,38,-1,41,39,40,-1,41,40,42,-1,43,42,44,-1,43,41,42,-1,45,44,46,-1,45,43,44,-1,47,46,48,-1,47,45,46,-1,49,48,50,-1,49,47,48,-1,51,50,52,-1,51,49,50,-1,53,52,54,-1,53,51,52,-1,55,54,56,-1,55,53,54,-1,57,56,58,-1,57,55,56,-1,59,58,60,-1,59,57,58,-1,61,60,62,-1,61,59,60,-1,63,62,64,-1,63,61,62,-1,65,64,66,-1,65,63,64,-1,67,66,68,-1,67,65,66,-1,69,68,70,-1,69,67,68,-1,71,70,72,-1,71,69,70,-1,73,71,72,-1,73,72,74,-1,75,73,74,-1,75,74,76,-1,77,75,76,-1,77,76,78,-1,79,78,80,-1,79,77,78,-1,81,80,82,-1,81,79,80,-1,83,82,84,-1,83,81,82,-1,85,84,86,-1,85,83,84,-1,87,86,88,-1,87,85,86,-1,89,88,90,-1,89,87,88,-1,91,90,92,-1,91,89,90,-1,93,92,94,-1,93,91,92,-1,95,94,96,-1,95,93,94,-1,97,96,98,-1,97,95,96,-1,99,98,100,-1,99,97,98,-1,101,100,102,-1,101,99,100,-1,103,102,104,-1,103,101,102,-1,105,103,104,-1,105,104,106,-1,107,105,106,-1,107,106,108,-1,109,107,108,-1,109,108,110,-1,111,109,110,-1,111,110,112,-1,113,111,112,-1,113,112,114,-1,115,113,114,-1,115,114,116,-1,117,115,116,-1,118,117,116,-1,118,119,120,-1,118,116,119,-1,121,120,122,-1,121,118,120,-1,123,122,124,-1,123,121,122,-1,125,124,126,-1,125,123,124,-1,127,125,126,-1,127,126,128,-1,129,127,128,-1,129,128,130,-1,131,129,130,-1,131,130,132,-1,133,131,132,-1,133,132,134,-1,135,133,134,-1,135,134,136,-1,137,135,136,-1,137,136,138,-1,139,137,138,-1,139,138,140,-1,141,139,140,-1,141,140,142,-1,143,141,142,-1,144,143,142,-1,144,145,146,-1,144,142,145,-1,147,144,146,-1,147,146,148,-1,149,147,148,-1,149,148,150,-1,151,149,150,-1,151,150,152,-1,153,151,152,-1,154,153,152,-1,154,152,155,-1,156,154,155,-1,156,157,158,-1,156,155,157,-1,159,156,158,-1,159,158,160,-1,161,159,160,-1,162,160,163,-1,162,161,160,-1,164,165,166,-1,164,163,165,-1,164,162,163,-1,167,164,166,-1,168,169,170,-1,168,166,169,-1,168,167,166,-1,171,168,170,-1,172,170,173,-1,172,171,170,-1,174,172,173,-1,174,173,175,-1,176,174,175,-1,176,177,178,-1,176,175,177,-1,179,176,178,-1,180,179,178,-1,180,181,182,-1,180,178,181,-1,183,180,182,-1,184,183,182,-1,184,182,185,-1,186,184,185,-1,186,185,187,-1,188,186,187,-1,188,189,190,-1,188,187,189,-1,191,188,190,-1,191,190,192,-1,193,191,192,-1,194,193,192,-1,194,195,196,-1,194,192,195,-1,197,194,196,-1,197,196,198,-1,199,197,198,-1,199,198,200,-1,201,199,200,-1,202,200,203,-1,202,201,200,-1,204,205,206,-1,204,203,205,-1,204,202,203,-1,207,204,206,-1,208,206,209,-1,208,207,206,-1,210,209,211,-1,210,208,209,-1,212,213,214,-1,212,211,213,-1,212,210,211,-1,215,214,216,-1,215,212,214,-1,217,216,218,-1,217,215,216,-1,219,217,218,-1,220,218,221,-1,220,219,218,-1,222,221,223,-1,222,220,221,-1,224,225,226,-1,224,223,225,-1,224,222,223,-1,227,224,226,-1,227,226,228,-1,229,227,228,-1,230,229,228,-1,230,231,232,-1,230,228,231,-1,233,230,232,-1,234,233,232,-1,234,235,236,-1,234,232,235,-1,237,234,236,-1,238,237,236,-1,238,236,239,-1,240,239,241,-1,240,238,239,-1,242,240,241,-1,242,241,243,-1,244,245,246,-1,244,243,245,-1,244,242,243,-1,247,244,246,-1,248,249,250,-1,248,246,249,-1,248,247,246,-1,251,250,1,-1,251,248,250,-1,0,251,1,-1,111,107,109,-1,83,87,81,-1,85,87,83,-1,103,99,101,-1,105,99,103,-1,107,99,105,-1,21,23,19,-1,168,164,167,-1,3,95,0,-1,5,95,3,-1,7,95,5,-1,9,95,7,-1,11,95,9,-1,13,95,11,-1,15,95,13,-1,17,95,15,-1,19,95,17,-1,25,95,23,-1,27,95,25,-1,29,95,27,-1,35,95,33,-1,37,95,35,-1,39,95,37,-1,41,95,39,-1,43,95,41,-1,45,95,43,-1,47,95,45,-1,49,95,47,-1,51,95,49,-1,53,95,51,-1,55,95,53,-1,57,95,55,-1,59,95,57,-1,61,95,59,-1,63,95,61,-1,65,95,63,-1,67,95,65,-1,69,95,67,-1,71,95,69,-1,73,95,71,-1,79,95,77,-1,81,95,79,-1,89,95,87,-1,91,95,89,-1,93,95,91,-1,99,95,97,-1,117,95,115,-1,118,95,117,-1,121,95,118,-1,123,95,121,-1,125,95,123,-1,135,95,133,-1,137,95,135,-1,144,95,143,-1,147,95,144,-1,164,95,162,-1,171,95,168,-1,172,95,171,-1,174,95,172,-1,176,95,174,-1,179,95,176,-1,180,95,179,-1,183,95,180,-1,184,95,183,-1,186,95,184,-1,188,95,186,-1,191,95,188,-1,193,95,191,-1,194,95,193,-1,197,95,194,-1,199,95,197,-1,201,95,199,-1,202,95,201,-1,204,95,202,-1,207,95,204,-1,208,95,207,-1,210,95,208,-1,212,95,210,-1,215,95,212,-1,217,95,215,-1,219,95,217,-1,220,95,219,-1,222,95,220,-1,224,95,222,-1,227,95,224,-1,229,95,227,-1,230,95,229,-1,233,95,230,-1,234,95,233,-1,237,95,234,-1,238,95,237,-1,240,95,238,-1,242,95,240,-1,244,95,242,-1,247,95,244,-1,248,95,247,-1,251,95,248,-1,0,95,251,-1,33,95,29,-1,23,95,19,-1,162,95,153,-1,107,95,99,-1,168,95,164,-1,153,95,147,-1,115,95,111,-1,143,95,137,-1,133,95,125,-1,111,95,107,-1,77,95,73,-1,87,95,81,-1,31,33,29,-1,161,156,159,-1,161,154,156,-1,162,154,161,-1,162,153,154,-1,153,149,151,-1,153,147,149,-1,143,139,141,-1,143,137,139,-1,133,129,131,-1,133,125,129,-1,129,125,127,-1,75,77,73,-1,115,111,113,-1,110,114,112,-1,84,82,80,-1,84,80,78,-1,104,108,106,-1,86,84,78,-1,86,78,76,-1,86,76,74,-1,86,74,72,-1,86,72,70,-1,86,70,68,-1,170,175,173,-1,165,169,166,-1,32,30,28,-1,94,1,250,-1,94,250,249,-1,94,249,246,-1,94,246,245,-1,94,245,243,-1,94,243,241,-1,94,241,239,-1,94,239,236,-1,94,236,235,-1,94,235,232,-1,94,232,231,-1,94,231,228,-1,94,228,226,-1,94,226,225,-1,94,225,223,-1,94,223,221,-1,94,221,218,-1,94,218,216,-1,94,216,214,-1,94,214,213,-1,94,213,211,-1,94,211,209,-1,94,209,206,-1,94,206,205,-1,94,205,203,-1,94,203,200,-1,157,160,158,-1,94,200,198,-1,94,198,196,-1,94,196,195,-1,94,195,192,-1,94,192,190,-1,94,190,189,-1,94,189,187,-1,94,187,185,-1,94,185,182,-1,94,182,181,-1,94,181,178,-1,94,178,177,-1,94,177,175,-1,94,170,169,-1,94,165,163,-1,94,163,160,-1,94,152,150,-1,94,150,148,-1,94,148,146,-1,94,146,145,-1,94,145,142,-1,94,142,140,-1,94,140,138,-1,94,138,136,-1,94,128,126,-1,94,122,120,-1,94,120,119,-1,94,119,116,-1,94,116,114,-1,94,110,108,-1,94,104,102,-1,94,102,100,-1,94,100,98,-1,94,98,96,-1,94,92,90,-1,94,90,88,-1,94,88,86,-1,94,68,66,-1,94,66,64,-1,94,64,62,-1,94,62,60,-1,94,60,58,-1,94,50,48,-1,94,48,46,-1,94,46,44,-1,94,40,38,-1,94,38,36,-1,94,36,34,-1,94,34,32,-1,94,28,26,-1,94,26,24,-1,94,24,22,-1,94,22,20,-1,94,20,18,-1,94,18,16,-1,94,16,14,-1,94,14,12,-1,94,12,10,-1,94,10,8,-1,94,8,6,-1,94,6,4,-1,94,4,2,-1,94,2,1,-1,94,32,28,-1,94,44,40,-1,94,175,170,-1,94,169,165,-1,94,160,157,-1,94,157,152,-1,94,54,50,-1,94,136,132,-1,94,58,54,-1,94,132,128,-1,94,86,68,-1,94,126,122,-1,94,114,110,-1,94,108,104,-1,152,157,155,-1,44,42,40,-1,54,52,50,-1,132,136,134,-1,58,56,54,-1,128,132,130,-1,122,126,124,-1,252,253,254,-1,255,254,256,-1,255,252,254,-1,257,256,258,-1,257,255,256,-1,259,258,260,-1,259,257,258,-1,261,260,262,-1,261,259,260,-1,263,262,264,-1,263,261,262,-1,265,264,266,-1,265,263,264,-1,267,266,268,-1,267,265,266,-1,269,268,270,-1,269,267,268,-1,271,270,272,-1,271,269,270,-1,273,272,274,-1,273,271,272,-1,275,274,276,-1,275,273,274,-1,277,276,278,-1,277,275,276,-1,279,277,278,-1,279,278,280,-1,281,279,280,-1,281,280,282,-1,283,281,282,-1,283,282,284,-1,285,284,286,-1,285,283,284,-1,287,286,288,-1,287,285,286,-1,289,288,290,-1,289,287,288,-1,291,289,290,-1,291,290,292,-1,293,291,292,-1,293,292,294,-1,295,293,294,-1,295,294,296,-1,297,295,296,-1,297,296,298,-1,299,297,298,-1,299,298,300,-1,301,299,300,-1,301,300,302,-1,303,301,302,-1,303,302,304,-1,305,303,304,-1,305,304,306,-1,307,305,306,-1,307,306,308,-1,309,307,308,-1,309,308,310,-1,311,309,310,-1,311,310,312,-1,313,311,312,-1,313,312,314,-1,315,313,314,-1,315,314,316,-1,317,315,316,-1,317,316,318,-1,319,317,318,-1,319,318,320,-1,321,319,320,-1,321,320,322,-1,323,321,322,-1,323,322,324,-1,325,324,326,-1,325,323,324,-1,327,325,326,-1,328,329,330,-1,328,326,329,-1,328,327,326,-1,331,330,332,-1,331,328,330,-1,333,331,332,-1,334,335,336,-1,334,332,335,-1,334,333,332,-1,337,336,338,-1,337,334,336,-1,339,338,340,-1,339,337,338,-1,341,339,340,-1,341,340,342,-1,343,341,342,-1,344,343,342,-1,344,345,346,-1,344,342,345,-1,347,344,346,-1,348,347,346,-1,348,349,350,-1,348,346,349,-1,351,348,350,-1,352,351,350,-1,352,353,354,-1,352,350,353,-1,355,352,354,-1,355,354,356,-1,357,355,356,-1,357,356,358,-1,359,357,358,-1,360,359,358,-1,360,361,362,-1,360,358,361,-1,363,360,362,-1,363,362,364,-1,365,363,364,-1,365,364,366,-1,367,366,368,-1,367,365,366,-1,369,368,370,-1,369,367,368,-1,371,369,370,-1,372,373,374,-1,372,370,373,-1,372,371,370,-1,375,374,376,-1,375,372,374,-1,377,376,378,-1,377,375,376,-1,379,378,380,-1,379,377,378,-1,381,380,382,-1,381,379,380,-1,383,382,384,-1,383,381,382,-1,385,383,384,-1,386,384,387,-1,386,385,384,-1,388,386,387,-1,388,389,390,-1,388,387,389,-1,391,388,390,-1,391,390,392,-1,393,391,392,-1,394,393,392,-1,394,395,396,-1,394,392,395,-1,397,394,396,-1,398,397,396,-1,398,399,400,-1,398,396,399,-1,401,398,400,-1,401,400,402,-1,403,401,402,-1,403,402,404,-1,405,403,404,-1,405,404,406,-1,407,406,408,-1,407,405,406,-1,409,408,410,-1,409,407,408,-1,411,409,410,-1,412,410,413,-1,412,411,410,-1,414,415,416,-1,414,413,415,-1,414,412,413,-1,417,414,416,-1,418,419,420,-1,418,416,419,-1,418,417,416,-1,421,418,420,-1,422,420,423,-1,422,421,420,-1,424,423,425,-1,424,422,423,-1,426,427,428,-1,426,425,427,-1,426,424,425,-1,429,426,428,-1,430,431,432,-1,430,428,431,-1,430,429,428,-1,433,430,432,-1,434,432,435,-1,434,433,432,-1,436,435,437,-1,436,434,435,-1,438,437,439,-1,438,436,437,-1,440,438,439,-1,440,439,441,-1,442,440,441,-1,442,441,443,-1,444,442,443,-1,444,443,445,-1,446,445,447,-1,446,444,445,-1,448,446,447,-1,448,447,449,-1,450,449,451,-1,450,448,449,-1,452,453,454,-1,452,451,453,-1,452,450,451,-1,455,454,456,-1,455,452,454,-1,457,455,456,-1,458,456,459,-1,458,457,456,-1,460,459,461,-1,460,458,459,-1,462,463,464,-1,462,461,463,-1,462,460,461,-1,465,462,464,-1,466,464,467,-1,466,465,464,-1,468,467,469,-1,468,466,467,-1,470,471,472,-1,470,469,471,-1,470,468,469,-1,473,470,472,-1,474,475,476,-1,474,472,475,-1,474,473,472,-1,477,476,478,-1,477,474,476,-1,479,477,478,-1,480,478,481,-1,480,479,478,-1,482,481,483,-1,482,480,481,-1,252,483,253,-1,252,482,483,-1,255,482,252,-1,257,482,255,-1,257,259,482,-1,259,261,482,-1,261,263,482,-1,480,477,479,-1,263,265,482,-1,480,474,477,-1,265,267,482,-1,480,473,474,-1,267,269,482,-1,480,470,473,-1,269,271,482,-1,480,468,470,-1,271,273,482,-1,480,466,468,-1,273,275,482,-1,480,465,466,-1,275,277,482,-1,480,462,465,-1,277,279,482,-1,480,460,462,-1,279,281,482,-1,480,458,460,-1,281,283,482,-1,480,457,458,-1,283,285,482,-1,480,455,457,-1,285,287,482,-1,480,452,455,-1,287,289,482,-1,480,450,452,-1,289,291,482,-1,480,448,450,-1,291,293,482,-1,480,446,448,-1,293,295,482,-1,480,444,446,-1,295,297,482,-1,480,442,444,-1,297,299,482,-1,480,440,442,-1,299,301,482,-1,480,438,440,-1,301,303,482,-1,480,436,438,-1,303,305,482,-1,480,434,436,-1,305,307,482,-1,480,433,434,-1,307,309,482,-1,480,430,433,-1,309,311,482,-1,480,429,430,-1,311,313,482,-1,480,426,429,-1,313,315,482,-1,480,424,426,-1,315,317,482,-1,480,422,424,-1,317,319,482,-1,480,421,422,-1,319,321,482,-1,480,418,421,-1,321,323,482,-1,480,417,418,-1,323,325,482,-1,480,414,417,-1,325,327,482,-1,480,412,414,-1,327,328,482,-1,480,411,412,-1,328,331,482,-1,480,409,411,-1,331,333,482,-1,480,407,409,-1,333,334,482,-1,480,405,407,-1,334,337,482,-1,480,403,405,-1,337,339,482,-1,480,401,403,-1,339,341,482,-1,480,398,401,-1,341,343,482,-1,480,397,398,-1,343,344,482,-1,480,394,397,-1,344,347,482,-1,480,393,394,-1,347,348,482,-1,480,391,393,-1,348,351,482,-1,480,388,391,-1,351,352,482,-1,480,386,388,-1,352,355,482,-1,480,385,386,-1,355,357,482,-1,480,383,385,-1,357,359,482,-1,480,381,383,-1,359,360,482,-1,480,379,381,-1,360,363,482,-1,480,377,379,-1,363,365,482,-1,480,375,377,-1,365,367,482,-1,480,372,375,-1,367,369,482,-1,482,371,480,-1,480,371,372,-1,369,371,482,-1,483,256,254,-1,483,254,253,-1,258,256,483,-1,260,258,483,-1,262,260,483,-1,476,481,478,-1,264,262,483,-1,475,481,476,-1,266,264,483,-1,472,481,475,-1,268,266,483,-1,471,481,472,-1,270,268,483,-1,469,481,471,-1,272,270,483,-1,467,481,469,-1,274,272,483,-1,464,481,467,-1,276,274,483,-1,463,481,464,-1,278,276,483,-1,461,481,463,-1,280,278,483,-1,459,481,461,-1,282,280,483,-1,456,481,459,-1,284,282,483,-1,454,481,456,-1,286,284,483,-1,453,481,454,-1,288,286,483,-1,451,481,453,-1,290,288,483,-1,449,481,451,-1,292,290,483,-1,447,481,449,-1,294,292,483,-1,445,481,447,-1,296,294,483,-1,443,481,445,-1,298,296,483,-1,441,481,443,-1,300,298,483,-1,439,481,441,-1,302,300,483,-1,437,481,439,-1,304,302,483,-1,435,481,437,-1,306,304,483,-1,432,481,435,-1,308,306,483,-1,431,481,432,-1,310,308,483,-1,428,481,431,-1,312,310,483,-1,427,481,428,-1,314,312,483,-1,425,481,427,-1,316,314,483,-1,423,481,425,-1,318,316,483,-1,420,481,423,-1,320,318,483,-1,419,481,420,-1,322,320,483,-1,416,481,419,-1,324,322,483,-1,415,481,416,-1,326,324,483,-1,413,481,415,-1,329,326,483,-1,410,481,413,-1,330,329,483,-1,408,481,410,-1,332,330,483,-1,406,481,408,-1,335,332,483,-1,404,481,406,-1,336,335,483,-1,402,481,404,-1,338,336,483,-1,400,481,402,-1,340,338,483,-1,399,481,400,-1,342,340,483,-1,396,481,399,-1,345,342,483,-1,395,481,396,-1,346,345,483,-1,392,481,395,-1,349,346,483,-1,390,481,392,-1,350,349,483,-1,389,481,390,-1,353,350,483,-1,387,481,389,-1,354,353,483,-1,384,481,387,-1,356,354,483,-1,382,481,384,-1,358,356,483,-1,380,481,382,-1,361,358,483,-1,378,481,380,-1,362,361,483,-1,376,481,378,-1,364,362,483,-1,374,481,376,-1,366,364,483,-1,373,481,374,-1,368,366,483,-1,370,483,481,-1,370,481,373,-1,370,368,483            ]
            ccw TRUE
          }
        }
      ]
    }
  ]
}
