#VRML V2.0 utf8
# File generated by ImageToStl.com - Free Image and 3D model conversion tools

Group {
  children [
    Group {
      children [
        Shape {
          appearance DEF M1 Appearance {
            material Material {
              diffuseColor 0.11765 0.70196 1
              specularColor 0.05 0.05 0.05
              shininess 0.5
            }
          }
          geometry IndexedFaceSet {
            coord Coordinate {
              point [
-6.07350683 2.54218578 -11.05000019,-6.06688976 2.59126568 -11.05000019,-6.0708065 2.56680775 -11.05000019,-6.07498455 2.51746035 -11.05000019,-6.06176662 2.6154995 -11.05000019,-6.05544996 2.63945007 -11.05000019,-6.03929901 2.68626642 -11.05000019,-6.04795456 2.66305828 -11.05000019,-6.01859665 2.73125553 -11.05000019,-6.02950525 2.70901752 -11.05000019,-6.0065999 2.75292587 -11.05000019,-5.9794631 2.79435325 -11.05000019,-5.99354458 2.77397585 -11.05000019,-5.9483614 2.83289266 -11.05000019,-5.9643898 2.81400824 -11.05000019,-5 0.34999999 -11.05000019,-5 1.89999998 -11.05000019,-6.15072012 0.34999999 -11.05000019,-5.93141747 2.85096025 -11.05000019,-5.89495134 2.88446903 -11.05000019,-5.91359949 2.86816645 -11.05000019,-5.8755188 2.8998282 -11.05000019,-5.83449268 2.92756748 -11.05000019,-5.85534954 2.91420603 -11.05000019,-5.7909236 2.95111203 -11.05000019,-5.81299973 2.93987942 -11.05000019,-5.74523878 2.97023106 -11.05000019,-5.76831818 2.96123743 -11.05000019,-5.72174263 2.9780705 -11.05000019,-5.67373085 2.99021363 -11.05000019,-5.69788694 2.98473692 -11.05000019,-5.624753 2.99754739 -11.05000019,-5.64933252 2.99448729 -11.05000019,-5.60005188 2.99938655 -11.05000019,-5.57528973 3 -11.05000019,-4.24969482 3 -11.05000019,-4.24969482 1.89999998 -11.05000019,-6.0708065 2.56680775 -9.64999962,-6.07498455 2.51746035 -9.64999962,-6.07350683 2.54218578 -9.64999962,-6.06688976 2.59126568 -9.64999962,-6.06176662 2.6154995 -9.64999962,-6.05544996 2.63945007 -9.64999962,-6.04795456 2.66305828 -9.64999962,-6.03929901 2.68626642 -9.64999962,-6.02950525 2.70901752 -9.64999962,-6.01859665 2.73125553 -9.64999962,-6.0065999 2.75292587 -9.64999962,-5.99354458 2.77397585 -9.64999962,-5.9794631 2.79435325 -9.64999962,-5.9643898 2.81400824 -9.64999962,-5.9483614 2.83289266 -9.64999962,-5.93141747 2.85096025 -9.64999962,-5.91359949 2.86816645 -9.64999962,-5.89495134 2.88446903 -9.64999962,-5.8755188 2.8998282 -9.64999962,-5.85534954 2.91420603 -9.64999962,-5.83449268 2.92756748 -9.64999962,-5.81299973 2.93987942 -9.64999962,-5.7909236 2.95111203 -9.64999962,-5.76831818 2.96123743 -9.64999962,-5.74523878 2.97023106 -9.64999962,-5.72174263 2.9780705 -9.64999962,-5.69788694 2.98473692 -9.64999962,-5.67373085 2.99021363 -9.64999962,-5.64933252 2.99448729 -9.64999962,-5.624753 2.99754739 -9.64999962,-5.60005188 2.99938655 -9.64999962,-5.57528973 3 -9.64999962,-4.24969482 3 -9.64999962,-5 1.89999998 -9.64999962,-6.15072012 0.34999999 -9.64999962,-4.24969482 1.89999998 -9.64999962,-5 0.34999999 -9.64999962,-6.07350683 2.54218578 -8.55000019,-6.06688976 2.59126568 -8.55000019,-6.0708065 2.56680775 -8.55000019,-6.07498455 2.51746035 -8.55000019,-6.06176662 2.6154995 -8.55000019,-6.05544996 2.63945007 -8.55000019,-6.03929901 2.68626642 -8.55000019,-6.04795456 2.66305828 -8.55000019,-6.01859665 2.73125553 -8.55000019,-6.02950525 2.70901752 -8.55000019,-6.0065999 2.75292587 -8.55000019,-5.9794631 2.79435325 -8.55000019,-5.99354458 2.77397585 -8.55000019,-5.9483614 2.83289266 -8.55000019,-5.9643898 2.81400824 -8.55000019,-5 0.34999999 -8.55000019,-5 1.89999998 -8.55000019,-6.15072012 0.34999999 -8.55000019,-5.93141747 2.85096025 -8.55000019,-5.89495134 2.88446903 -8.55000019,-5.91359949 2.86816645 -8.55000019,-5.8755188 2.8998282 -8.55000019,-5.83449268 2.92756748 -8.55000019,-5.85534954 2.91420603 -8.55000019,-5.7909236 2.95111203 -8.55000019,-5.81299973 2.93987942 -8.55000019,-5.74523878 2.97023106 -8.55000019,-5.76831818 2.96123743 -8.55000019,-5.72174263 2.9780705 -8.55000019,-5.67373085 2.99021363 -8.55000019,-5.69788694 2.98473692 -8.55000019,-5.624753 2.99754739 -8.55000019,-5.64933252 2.99448729 -8.55000019,-5.60005188 2.99938655 -8.55000019,-5.57528973 3 -8.55000019,-4.24969482 3 -8.55000019,-4.24969482 1.89999998 -8.55000019,-6.0708065 2.56680775 -7.1500001,-6.07498455 2.51746035 -7.1500001,-6.07350683 2.54218578 -7.1500001,-6.06688976 2.59126568 -7.1500001,-6.06176662 2.6154995 -7.1500001,-6.05544996 2.63945007 -7.1500001,-6.04795456 2.66305828 -7.1500001,-6.03929901 2.68626642 -7.1500001,-6.02950525 2.70901752 -7.1500001,-6.01859665 2.73125553 -7.1500001,-6.0065999 2.75292587 -7.1500001,-5.99354458 2.77397585 -7.1500001,-5.9794631 2.79435325 -7.1500001,-5.9643898 2.81400824 -7.1500001,-5.9483614 2.83289266 -7.1500001,-5.93141747 2.85096025 -7.1500001,-5.91359949 2.86816645 -7.1500001,-5.89495134 2.88446903 -7.1500001,-5.8755188 2.8998282 -7.1500001,-5.85534954 2.91420603 -7.1500001,-5.83449268 2.92756748 -7.1500001,-5.81299973 2.93987942 -7.1500001,-5.7909236 2.95111203 -7.1500001,-5.76831818 2.96123743 -7.1500001,-5.74523878 2.97023106 -7.1500001,-5.72174263 2.9780705 -7.1500001,-5.69788694 2.98473692 -7.1500001,-5.67373085 2.99021363 -7.1500001,-5.64933252 2.99448729 -7.1500001,-5.624753 2.99754739 -7.1500001,-5.60005188 2.99938655 -7.1500001,-5.57528973 3 -7.1500001,-4.24969482 3 -7.1500001,-5 1.89999998 -7.1500001,-6.15072012 0.34999999 -7.1500001,-4.24969482 1.89999998 -7.1500001,-5 0.34999999 -7.1500001,-6.07350683 2.54218578 -3.54999995,-6.06688976 2.59126568 -3.54999995,-6.0708065 2.56680775 -3.54999995,-6.07498455 2.51746035 -3.54999995,-6.06176662 2.6154995 -3.54999995,-6.05544996 2.63945007 -3.54999995,-6.03929901 2.68626642 -3.54999995,-6.04795456 2.66305828 -3.54999995,-6.01859665 2.73125553 -3.54999995,-6.02950525 2.70901752 -3.54999995,-6.0065999 2.75292587 -3.54999995,-5.9794631 2.79435325 -3.54999995,-5.99354458 2.77397585 -3.54999995,-5.9483614 2.83289266 -3.54999995,-5.9643898 2.81400824 -3.54999995,-5 0.34999999 -3.54999995,-5 1.89999998 -3.54999995,-6.15072012 0.34999999 -3.54999995,-5.93141747 2.85096025 -3.54999995,-5.89495134 2.88446903 -3.54999995,-5.91359949 2.86816645 -3.54999995,-5.8755188 2.8998282 -3.54999995,-5.83449268 2.92756748 -3.54999995,-5.85534954 2.91420603 -3.54999995,-5.7909236 2.95111203 -3.54999995,-5.81299973 2.93987942 -3.54999995,-5.74523878 2.97023106 -3.54999995,-5.76831818 2.96123743 -3.54999995,-5.72174263 2.9780705 -3.54999995,-5.67373085 2.99021363 -3.54999995,-5.69788694 2.98473692 -3.54999995,-5.624753 2.99754739 -3.54999995,-5.64933252 2.99448729 -3.54999995,-5.60005188 2.99938655 -3.54999995,-5.57528973 3 -3.54999995,-4.24969482 3 -3.54999995,-4.24969482 1.89999998 -3.54999995,-6.0708065 2.56680775 -2.1500001,-6.07498455 2.51746035 -2.1500001,-6.07350683 2.54218578 -2.1500001,-6.06688976 2.59126568 -2.1500001,-6.06176662 2.6154995 -2.1500001,-6.05544996 2.63945007 -2.1500001,-6.04795456 2.66305828 -2.1500001,-6.03929901 2.68626642 -2.1500001,-6.02950525 2.70901752 -2.1500001,-6.01859665 2.73125553 -2.1500001,-6.0065999 2.75292587 -2.1500001,-5.99354458 2.77397585 -2.1500001,-5.9794631 2.79435325 -2.1500001,-5.9643898 2.81400824 -2.1500001,-5.9483614 2.83289266 -2.1500001,-5.93141747 2.85096025 -2.1500001,-5.91359949 2.86816645 -2.1500001,-5.89495134 2.88446903 -2.1500001,-5.8755188 2.8998282 -2.1500001,-5.85534954 2.91420603 -2.1500001,-5.83449268 2.92756748 -2.1500001,-5.81299973 2.93987942 -2.1500001,-5.7909236 2.95111203 -2.1500001,-5.76831818 2.96123743 -2.1500001,-5.74523878 2.97023106 -2.1500001,-5.72174263 2.9780705 -2.1500001,-5.69788694 2.98473692 -2.1500001,-5.67373085 2.99021363 -2.1500001,-5.64933252 2.99448729 -2.1500001,-5.624753 2.99754739 -2.1500001,-5.60005188 2.99938655 -2.1500001,-5.57528973 3 -2.1500001,-4.24969482 3 -2.1500001,-5 1.89999998 -2.1500001,-6.15072012 0.34999999 -2.1500001,-4.24969482 1.89999998 -2.1500001,-5 0.34999999 -2.1500001,6.15072012 0.34999999 -3.54999995,5 1.89999998 -3.54999995,5 0.34999999 -3.54999995,4.24969482 3 -3.54999995,4.24969482 1.89999998 -3.54999995,5.57528973 3 -3.54999995,6.07498455 2.51746035 -3.54999995,5.60005188 2.99938655 -3.54999995,5.624753 2.99754739 -3.54999995,6.07350683 2.54218578 -3.54999995,6.0708065 2.56680775 -3.54999995,5.64933252 2.99448729 -3.54999995,6.06688976 2.59126568 -3.54999995,5.67373085 2.99021363 -3.54999995,6.06176662 2.6154995 -3.54999995,5.69788694 2.98473692 -3.54999995,6.05544996 2.63945007 -3.54999995,5.72174263 2.9780705 -3.54999995,6.04795456 2.66305828 -3.54999995,5.74523878 2.97023106 -3.54999995,6.03929901 2.68626642 -3.54999995,5.76831818 2.96123743 -3.54999995,6.02950525 2.70901752 -3.54999995,5.7909236 2.95111203 -3.54999995,6.01859665 2.73125553 -3.54999995,5.81299973 2.93987942 -3.54999995,6.0065999 2.75292587 -3.54999995,5.83449268 2.92756748 -3.54999995,5.99354458 2.77397585 -3.54999995,5.85534954 2.91420603 -3.54999995,5.9794631 2.79435325 -3.54999995,5.8755188 2.8998282 -3.54999995,5.9643898 2.81400824 -3.54999995,5.89495134 2.88446903 -3.54999995,5.9483614 2.83289266 -3.54999995,5.91359949 2.86816645 -3.54999995,5.93141747 2.85096025 -3.54999995,5.624753 2.99754739 -2.1500001,5.64933252 2.99448729 -2.1500001,5.60005188 2.99938655 -2.1500001,5.67373085 2.99021363 -2.1500001,5.69788694 2.98473692 -2.1500001,5.72174263 2.9780705 -2.1500001,5.7909236 2.95111203 -2.1500001,5.74523878 2.97023106 -2.1500001,5.76831818 2.96123743 -2.1500001,5.81299973 2.93987942 -2.1500001,5.85534954 2.91420603 -2.1500001,5.83449268 2.92756748 -2.1500001,5.8755188 2.8998282 -2.1500001,5.91359949 2.86816645 -2.1500001,5.89495134 2.88446903 -2.1500001,5.93141747 2.85096025 -2.1500001,5.57528973 3 -2.1500001,5 1.89999998 -2.1500001,4.24969482 3 -2.1500001,4.24969482 1.89999998 -2.1500001,5.9483614 2.83289266 -2.1500001,5.9643898 2.81400824 -2.1500001,5.9794631 2.79435325 -2.1500001,5.99354458 2.77397585 -2.1500001,6.0065999 2.75292587 -2.1500001,6.01859665 2.73125553 -2.1500001,6.02950525 2.70901752 -2.1500001,6.04795456 2.66305828 -2.1500001,6.03929901 2.68626642 -2.1500001,6.05544996 2.63945007 -2.1500001,6.06176662 2.6154995 -2.1500001,6.06688976 2.59126568 -2.1500001,6.0708065 2.56680775 -2.1500001,6.07498455 2.51746035 -2.1500001,6.07350683 2.54218578 -2.1500001,6.15072012 0.34999999 -2.1500001,5 0.34999999 -2.1500001,6.15072012 0.34999999 -8.55000019,5 1.89999998 -8.55000019,5 0.34999999 -8.55000019,4.24969482 3 -8.55000019,4.24969482 1.89999998 -8.55000019,5.57528973 3 -8.55000019,6.07498455 2.51746035 -8.55000019,5.60005188 2.99938655 -8.55000019,5.624753 2.99754739 -8.55000019,6.07350683 2.54218578 -8.55000019,6.0708065 2.56680775 -8.55000019,5.64933252 2.99448729 -8.55000019,6.06688976 2.59126568 -8.55000019,5.67373085 2.99021363 -8.55000019,6.06176662 2.6154995 -8.55000019,5.69788694 2.98473692 -8.55000019,6.05544996 2.63945007 -8.55000019,5.72174263 2.9780705 -8.55000019,6.04795456 2.66305828 -8.55000019,5.74523878 2.97023106 -8.55000019,6.03929901 2.68626642 -8.55000019,5.76831818 2.96123743 -8.55000019,6.02950525 2.70901752 -8.55000019,5.7909236 2.95111203 -8.55000019,6.01859665 2.73125553 -8.55000019,5.81299973 2.93987942 -8.55000019,6.0065999 2.75292587 -8.55000019,5.83449268 2.92756748 -8.55000019,5.99354458 2.77397585 -8.55000019,5.85534954 2.91420603 -8.55000019,5.9794631 2.79435325 -8.55000019,5.8755188 2.8998282 -8.55000019,5.9643898 2.81400824 -8.55000019,5.89495134 2.88446903 -8.55000019,5.9483614 2.83289266 -8.55000019,5.91359949 2.86816645 -8.55000019,5.93141747 2.85096025 -8.55000019,5.624753 2.99754739 -7.1500001,5.64933252 2.99448729 -7.1500001,5.60005188 2.99938655 -7.1500001,5.67373085 2.99021363 -7.1500001,5.69788694 2.98473692 -7.1500001,5.72174263 2.9780705 -7.1500001,5.7909236 2.95111203 -7.1500001,5.74523878 2.97023106 -7.1500001,5.76831818 2.96123743 -7.1500001,5.81299973 2.93987942 -7.1500001,5.85534954 2.91420603 -7.1500001,5.83449268 2.92756748 -7.1500001,5.8755188 2.8998282 -7.1500001,5.91359949 2.86816645 -7.1500001,5.89495134 2.88446903 -7.1500001,5.93141747 2.85096025 -7.1500001,5.57528973 3 -7.1500001,5 1.89999998 -7.1500001,4.24969482 3 -7.1500001,4.24969482 1.89999998 -7.1500001,5.9483614 2.83289266 -7.1500001,5.9643898 2.81400824 -7.1500001,5.9794631 2.79435325 -7.1500001,5.99354458 2.77397585 -7.1500001,6.0065999 2.75292587 -7.1500001,6.01859665 2.73125553 -7.1500001,6.02950525 2.70901752 -7.1500001,6.04795456 2.66305828 -7.1500001,6.03929901 2.68626642 -7.1500001,6.05544996 2.63945007 -7.1500001,6.06176662 2.6154995 -7.1500001,6.06688976 2.59126568 -7.1500001,6.0708065 2.56680775 -7.1500001,6.07498455 2.51746035 -7.1500001,6.07350683 2.54218578 -7.1500001,6.15072012 0.34999999 -7.1500001,5 0.34999999 -7.1500001,6.15072012 0.34999999 -11.05000019,5 1.89999998 -11.05000019,5 0.34999999 -11.05000019,4.24969482 3 -11.05000019,4.24969482 1.89999998 -11.05000019,5.57528973 3 -11.05000019,6.07498455 2.51746035 -11.05000019,5.60005188 2.99938655 -11.05000019,5.624753 2.99754739 -11.05000019,6.07350683 2.54218578 -11.05000019,6.0708065 2.56680775 -11.05000019,5.64933252 2.99448729 -11.05000019,6.06688976 2.59126568 -11.05000019,5.67373085 2.99021363 -11.05000019,6.06176662 2.6154995 -11.05000019,5.69788694 2.98473692 -11.05000019,6.05544996 2.63945007 -11.05000019,5.72174263 2.9780705 -11.05000019,6.04795456 2.66305828 -11.05000019,5.74523878 2.97023106 -11.05000019,6.03929901 2.68626642 -11.05000019,5.76831818 2.96123743 -11.05000019,6.02950525 2.70901752 -11.05000019,5.7909236 2.95111203 -11.05000019,6.01859665 2.73125553 -11.05000019,5.81299973 2.93987942 -11.05000019,6.0065999 2.75292587 -11.05000019,5.83449268 2.92756748 -11.05000019,5.99354458 2.77397585 -11.05000019,5.85534954 2.91420603 -11.05000019,5.9794631 2.79435325 -11.05000019,5.8755188 2.8998282 -11.05000019,5.9643898 2.81400824 -11.05000019,5.89495134 2.88446903 -11.05000019,5.9483614 2.83289266 -11.05000019,5.91359949 2.86816645 -11.05000019,5.93141747 2.85096025 -11.05000019,5.624753 2.99754739 -9.64999962,5.64933252 2.99448729 -9.64999962,5.60005188 2.99938655 -9.64999962,5.67373085 2.99021363 -9.64999962,5.69788694 2.98473692 -9.64999962,5.72174263 2.9780705 -9.64999962,5.7909236 2.95111203 -9.64999962,5.74523878 2.97023106 -9.64999962,5.76831818 2.96123743 -9.64999962,5.81299973 2.93987942 -9.64999962,5.85534954 2.91420603 -9.64999962,5.83449268 2.92756748 -9.64999962,5.8755188 2.8998282 -9.64999962,5.91359949 2.86816645 -9.64999962,5.89495134 2.88446903 -9.64999962,5.93141747 2.85096025 -9.64999962,5.57528973 3 -9.64999962,5 1.89999998 -9.64999962,4.24969482 3 -9.64999962,4.24969482 1.89999998 -9.64999962,5.9483614 2.83289266 -9.64999962,5.9643898 2.81400824 -9.64999962,5.9794631 2.79435325 -9.64999962,5.99354458 2.77397585 -9.64999962,6.0065999 2.75292587 -9.64999962,6.01859665 2.73125553 -9.64999962,6.02950525 2.70901752 -9.64999962,6.04795456 2.66305828 -9.64999962,6.03929901 2.68626642 -9.64999962,6.05544996 2.63945007 -9.64999962,6.06176662 2.6154995 -9.64999962,6.06688976 2.59126568 -9.64999962,6.0708065 2.56680775 -9.64999962,6.07498455 2.51746035 -9.64999962,6.07350683 2.54218578 -9.64999962,6.15072012 0.34999999 -9.64999962,5 0.34999999 -9.64999962,1.79999995 0.34999999 -15.9010849,1.79999995 1.89999998 -14.85000038,1.79999995 0.34999999 -14.85000038,1.79999995 3 -14.39999962,1.79999995 1.89999998 -14.39999962,1.79999995 3 -15.32570076,1.79999995 2.51744986 -15.82539654,1.79999995 2.54217553 -15.82391834,1.79999995 2.99938655 -15.35046291,1.79999995 2.99448705 -15.39974499,1.79999995 2.99754739 -15.37516499,1.79999995 2.56679773 -15.82121849,1.79999995 2.61549044 -15.81217957,1.79999995 2.59125614 -15.8173027,1.79999995 2.98473644 -15.44829941,1.79999995 2.99021339 -15.42414284,1.79999995 2.63944149 -15.80586338,1.79999995 2.66305017 -15.79836845,1.79999995 2.68625879 -15.78971291,1.79999995 2.70901036 -15.77991962,1.79999995 2.97023034 -15.4956522,1.79999995 2.9511106 -15.54133701,1.79999995 2.96123648 -15.51873207,1.79999995 2.97807002 -15.47215557,1.79999995 2.93987775 -15.56341362,1.79999995 2.73124886 -15.76901054,1.79999995 2.77397013 -15.74395943,1.79999995 2.75291967 -15.75701427,1.79999995 2.91420364 -15.60576344,1.79999995 2.92756534 -15.58490658,1.79999995 2.794348 -15.72987843,1.79999995 2.81400347 -15.71480465,1.79999995 2.88446593 -15.64536572,1.79999995 2.89982533 -15.62593365,1.79999995 2.83288836 -15.69877625,1.79999995 2.86816287 -15.66401482,1.79999995 2.8509562 -15.68183231,3.20000005 0.34999999 -14.85000038,3.20000005 1.89999998 -14.85000038,3.20000005 0.34999999 -15.9010849,3.20000005 1.89999998 -14.39999962,3.20000005 3 -14.39999962,3.20000005 3 -15.32570076,3.20000005 2.51744986 -15.82539654,3.20000005 2.99448705 -15.39974499,3.20000005 2.99021339 -15.42414284,3.20000005 2.99754739 -15.37516499,3.20000005 2.56679773 -15.82121849,3.20000005 2.61549044 -15.81217957,3.20000005 2.59125614 -15.8173027,3.20000005 2.54217553 -15.82391834,3.20000005 2.98473644 -15.44829941,3.20000005 2.63944149 -15.80586338,3.20000005 2.97807002 -15.47215557,3.20000005 2.99938655 -15.35046291,3.20000005 2.66305017 -15.79836845,3.20000005 2.97023034 -15.4956522,3.20000005 2.68625879 -15.78971291,3.20000005 2.96123648 -15.51873207,3.20000005 2.9511106 -15.54133701,3.20000005 2.73124886 -15.76901054,3.20000005 2.70901036 -15.77991962,3.20000005 2.93987775 -15.56341362,3.20000005 2.75291967 -15.75701427,3.20000005 2.92756534 -15.58490658,3.20000005 2.91420364 -15.60576344,3.20000005 2.794348 -15.72987843,3.20000005 2.77397013 -15.74395943,3.20000005 2.89982533 -15.62593365,3.20000005 2.83288836 -15.69877625,3.20000005 2.81400347 -15.71480465,3.20000005 2.8509562 -15.68183231,3.20000005 2.88446593 -15.64536572,3.20000005 2.86816287 -15.66401482,-0.69999999 0.34999999 -15.9010849,-0.69999999 1.89999998 -14.85000038,-0.69999999 0.34999999 -14.85000038,-0.69999999 3 -14.39999962,-0.69999999 1.89999998 -14.39999962,-0.69999999 3 -15.32570076,-0.69999999 2.51744986 -15.82539654,-0.69999999 2.54217553 -15.82391834,-0.69999999 2.99938655 -15.35046291,-0.69999999 2.99448705 -15.39974499,-0.69999999 2.99754739 -15.37516499,-0.69999999 2.56679773 -15.82121849,-0.69999999 2.61549044 -15.81217957,-0.69999999 2.59125614 -15.8173027,-0.69999999 2.98473644 -15.44829941,-0.69999999 2.99021339 -15.42414284,-0.69999999 2.63944149 -15.80586338,-0.69999999 2.66305017 -15.79836845,-0.69999999 2.68625879 -15.78971291,-0.69999999 2.70901036 -15.77991962,-0.69999999 2.97023034 -15.4956522,-0.69999999 2.9511106 -15.54133701,-0.69999999 2.96123648 -15.51873207,-0.69999999 2.97807002 -15.47215557,-0.69999999 2.93987775 -15.56341362,-0.69999999 2.73124886 -15.76901054,-0.69999999 2.77397013 -15.74395943,-0.69999999 2.75291967 -15.75701427,-0.69999999 2.91420364 -15.60576344,-0.69999999 2.92756534 -15.58490658,-0.69999999 2.794348 -15.72987843,-0.69999999 2.81400347 -15.71480465,-0.69999999 2.88446593 -15.64536572,-0.69999999 2.89982533 -15.62593365,-0.69999999 2.83288836 -15.69877625,-0.69999999 2.86816287 -15.66401482,-0.69999999 2.8509562 -15.68183231,0.69999999 0.34999999 -14.85000038,0.69999999 1.89999998 -14.85000038,0.69999999 0.34999999 -15.9010849,0.69999999 1.89999998 -14.39999962,0.69999999 3 -14.39999962,0.69999999 3 -15.32570076,0.69999999 2.51744986 -15.82539654,0.69999999 2.99448705 -15.39974499,0.69999999 2.99021339 -15.42414284,0.69999999 2.99754739 -15.37516499,0.69999999 2.56679773 -15.82121849,0.69999999 2.61549044 -15.81217957,0.69999999 2.59125614 -15.8173027,0.69999999 2.54217553 -15.82391834,0.69999999 2.98473644 -15.44829941,0.69999999 2.63944149 -15.80586338,0.69999999 2.97807002 -15.47215557,0.69999999 2.99938655 -15.35046291,0.69999999 2.66305017 -15.79836845,0.69999999 2.97023034 -15.4956522,0.69999999 2.68625879 -15.78971291,0.69999999 2.96123648 -15.51873207,0.69999999 2.9511106 -15.54133701,0.69999999 2.73124886 -15.76901054,0.69999999 2.70901036 -15.77991962,0.69999999 2.93987775 -15.56341362,0.69999999 2.75291967 -15.75701427,0.69999999 2.92756534 -15.58490658,0.69999999 2.91420364 -15.60576344,0.69999999 2.794348 -15.72987843,0.69999999 2.77397013 -15.74395943,0.69999999 2.89982533 -15.62593365,0.69999999 2.83288836 -15.69877625,0.69999999 2.81400347 -15.71480465,0.69999999 2.8509562 -15.68183231,0.69999999 2.88446593 -15.64536572,0.69999999 2.86816287 -15.66401482,-3.20000005 0.34999999 -15.9010849,-3.20000005 1.89999998 -14.85000038,-3.20000005 0.34999999 -14.85000038,-3.20000005 3 -14.39999962,-3.20000005 1.89999998 -14.39999962,-3.20000005 3 -15.32570076,-3.20000005 2.51744986 -15.82539654,-3.20000005 2.54217553 -15.82391834,-3.20000005 2.99938655 -15.35046291,-3.20000005 2.99448705 -15.39974499,-3.20000005 2.99754739 -15.37516499,-3.20000005 2.56679773 -15.82121849,-3.20000005 2.61549044 -15.81217957,-3.20000005 2.59125614 -15.8173027,-3.20000005 2.98473644 -15.44829941,-3.20000005 2.99021339 -15.42414284,-3.20000005 2.63944149 -15.80586338,-3.20000005 2.66305017 -15.79836845,-3.20000005 2.68625879 -15.78971291,-3.20000005 2.70901036 -15.77991962,-3.20000005 2.97023034 -15.4956522,-3.20000005 2.9511106 -15.54133701,-3.20000005 2.96123648 -15.51873207,-3.20000005 2.97807002 -15.47215557,-3.20000005 2.93987775 -15.56341362,-3.20000005 2.73124886 -15.76901054,-3.20000005 2.77397013 -15.74395943,-3.20000005 2.75291967 -15.75701427,-3.20000005 2.91420364 -15.60576344,-3.20000005 2.92756534 -15.58490658,-3.20000005 2.794348 -15.72987843,-3.20000005 2.81400347 -15.71480465,-3.20000005 2.88446593 -15.64536572,-3.20000005 2.89982533 -15.62593365,-3.20000005 2.83288836 -15.69877625,-3.20000005 2.86816287 -15.66401482,-3.20000005 2.8509562 -15.68183231,-1.79999995 0.34999999 -14.85000038,-1.79999995 1.89999998 -14.85000038,-1.79999995 0.34999999 -15.9010849,-1.79999995 1.89999998 -14.39999962,-1.79999995 3 -14.39999962,-1.79999995 3 -15.32570076,-1.79999995 2.51744986 -15.82539654,-1.79999995 2.99448705 -15.39974499,-1.79999995 2.99021339 -15.42414284,-1.79999995 2.99754739 -15.37516499,-1.79999995 2.56679773 -15.82121849,-1.79999995 2.61549044 -15.81217957,-1.79999995 2.59125614 -15.8173027,-1.79999995 2.54217553 -15.82391834,-1.79999995 2.98473644 -15.44829941,-1.79999995 2.63944149 -15.80586338,-1.79999995 2.97807002 -15.47215557,-1.79999995 2.99938655 -15.35046291,-1.79999995 2.66305017 -15.79836845,-1.79999995 2.97023034 -15.4956522,-1.79999995 2.68625879 -15.78971291,-1.79999995 2.96123648 -15.51873207,-1.79999995 2.9511106 -15.54133701,-1.79999995 2.73124886 -15.76901054,-1.79999995 2.70901036 -15.77991962,-1.79999995 2.93987775 -15.56341362,-1.79999995 2.75291967 -15.75701427,-1.79999995 2.92756534 -15.58490658,-1.79999995 2.91420364 -15.60576344,-1.79999995 2.794348 -15.72987843,-1.79999995 2.77397013 -15.74395943,-1.79999995 2.89982533 -15.62593365,-1.79999995 2.83288836 -15.69877625,-1.79999995 2.81400347 -15.71480465,-1.79999995 2.8509562 -15.68183231,-1.79999995 2.88446593 -15.64536572,-1.79999995 2.86816287 -15.66401482,-5.57528973 2.99938655 -15.35046291,-5.57528973 3 -15.32570076,-5.57528973 2.99754739 -15.37516499,-5.57528973 2.99448705 -15.39974499,-5.57528973 2.99021339 -15.42414284,-5.57528973 2.98473644 -15.44829941,-5.57528973 2.97807002 -15.47215557,-5.57528973 2.97023034 -15.4956522,-5.57528973 2.96123648 -15.51873207,-5.57528973 2.9511106 -15.54133701,-5.57528973 2.93987775 -15.56341362,-5.57528973 2.92756534 -15.58490658,-5.57528973 2.91420364 -15.60576344,-5.57528973 2.89982533 -15.62593365,-5.57528973 2.88446593 -15.64536572,-5.57528973 2.86816287 -15.66401482,-5.57528973 2.8509562 -15.68183231,-5.57528973 2.83288836 -15.69877625,-5.57528973 2.81400347 -15.71480465,-5.57528973 2.794348 -15.72987843,-5.57528973 2.77397013 -15.74395943,-5.57528973 2.75291967 -15.75701427,-5.57528973 2.73124886 -15.76901054,-5.57528973 2.70901036 -15.77991962,-5.57528973 2.68625879 -15.78971291,-5.57528973 2.66305017 -15.79836845,-5.57528973 2.63944149 -15.80586338,-5.57528973 2.61549044 -15.81217957,-5.57528973 2.59125614 -15.8173027,-5.57528973 2.56679773 -15.82121849,-5.57528973 2.54217553 -15.82391834,-5.57528973 2.51744986 -15.82539654,5.57528973 3 -15.32570076,5.60005188 2.99938655 -15.32570076,5.624753 2.99754739 -15.32570076,5.64933252 2.99448729 -15.32570076,5.67373085 2.99021363 -15.32570076,5.69788694 2.98473692 -15.32570076,5.72174263 2.9780705 -15.32570076,5.74523878 2.97023106 -15.32570076,5.76831818 2.96123743 -15.32570076,5.7909236 2.95111203 -15.32570076,5.81299973 2.93987942 -15.32570076,5.83449268 2.92756748 -15.32570076,5.85534954 2.91420603 -15.32570076,5.8755188 2.8998282 -15.32570076,5.89495134 2.88446903 -15.32570076,5.91359949 2.86816645 -15.32570076,5.93141747 2.85096025 -15.32570076,5.9483614 2.83289266 -15.32570076,5.9643898 2.81400824 -15.32570076,5.9794631 2.79435325 -15.32570076,5.99354458 2.77397585 -15.32570076,6.0065999 2.75292587 -15.32570076,6.01859665 2.73125553 -15.32570076,6.02950525 2.70901752 -15.32570076,6.03929901 2.68626642 -15.32570076,6.04795456 2.66305828 -15.32570076,6.05544996 2.63945007 -15.32570076,6.06176662 2.6154995 -15.32570076,6.06688976 2.59126568 -15.32570076,6.0708065 2.56680775 -15.32570076,6.07350683 2.54218578 -15.32570076,6.07498455 2.51746035 -15.32570076,-5.60005188 2.99938655 -15.32570076,-5.624753 2.99754739 -15.32570076,-5.64933252 2.99448729 -15.32570076,-5.67373085 2.99021363 -15.32570076,-5.69788694 2.98473692 -15.32570076,-5.72174263 2.9780705 -15.32570076,-5.74523878 2.97023106 -15.32570076,-5.76831818 2.96123743 -15.32570076,-5.7909236 2.95111203 -15.32570076,-5.81299973 2.93987942 -15.32570076,-5.83449268 2.92756748 -15.32570076,-5.85534954 2.91420603 -15.32570076,-5.8755188 2.8998282 -15.32570076,-5.89495134 2.88446903 -15.32570076,-5.91359949 2.86816645 -15.32570076,-5.93141747 2.85096025 -15.32570076,-5.9483614 2.83289266 -15.32570076,-5.9643898 2.81400824 -15.32570076,-5.9794631 2.79435325 -15.32570076,-5.99354458 2.77397585 -15.32570076,-6.0065999 2.75292587 -15.32570076,-6.01859665 2.73125553 -15.32570076,-6.02950525 2.70901752 -15.32570076,-6.03929901 2.68626642 -15.32570076,-6.04795456 2.66305828 -15.32570076,-6.05544996 2.63945007 -15.32570076,-6.06176662 2.6154995 -15.32570076,-6.06688976 2.59126568 -15.32570076,-6.0708065 2.56680775 -15.32570076,-6.07350683 2.54218578 -15.32570076,-6.07498455 2.51746035 -15.32570076,-5.57528973 3 -0.67429924,-3.20000005 3 -2.1500001,-3.20000005 3 -3.54999995,-1.79999995 3 -2.1500001,-0.69999999 3 -2.1500001,-3.20000005 3 -4.6500001,-0.69999999 3 -3.54999995,-1.79999995 3 -3.54999995,-3.20000005 3 -6.05000019,-1.79999995 3 -4.6500001,-3.20000005 3 -7.1500001,-0.69999999 3 -4.6500001,0.69999999 3 -3.54999995,0.69999999 3 -2.1500001,1.79999995 3 -2.1500001,1.79999995 3 -3.54999995,-0.69999999 3 -6.05000019,-1.79999995 3 -6.05000019,-3.20000005 3 -8.55000019,-1.79999995 3 -7.1500001,0.69999999 3 -4.6500001,5.57528973 3 -0.67429924,3.20000005 3 -2.1500001,1.79999995 3 -4.6500001,-3.20000005 3 -9.64999962,-0.69999999 3 -7.1500001,0.69999999 3 -6.05000019,-1.79999995 3 -8.55000019,3.20000005 3 -3.54999995,1.79999995 3 -6.05000019,-3.20000005 3 -11.05000019,-1.79999995 3 -9.64999962,3.20000005 3 -4.6500001,-0.69999999 3 -8.55000019,0.69999999 3 -7.1500001,-0.69999999 3 -9.64999962,-3.20000005 3 -12.14999962,1.79999995 3 -7.1500001,0.69999999 3 -8.55000019,-1.79999995 3 -12.14999962,-1.79999995 3 -11.05000019,3.20000005 3 -7.1500001,3.20000005 3 -6.05000019,-0.69999999 3 -11.05000019,-3.20000005 3 -13.55000019,0.69999999 3 -9.64999962,1.79999995 3 -8.55000019,-0.69999999 3 -12.14999962,1.79999995 3 -9.64999962,0.69999999 3 -11.05000019,3.20000005 3 -8.55000019,-1.79999995 3 -13.55000019,-0.69999999 3 -13.55000019,0.69999999 3 -12.14999962,1.79999995 3 -11.05000019,3.20000005 3 -9.64999962,1.79999995 3 -12.14999962,0.69999999 3 -13.55000019,3.20000005 3 -11.05000019,1.79999995 3 -13.55000019,3.20000005 3 -12.14999962,3.20000005 3 -13.55000019,-5.75 -3 -15.50030422,5.75 -3 -15.50030422,-5.75 -3 -0.49969542,5.75 -3 -0.49969542,5.75 -2.48836541 0.0001692,5.75 -2.48255014 -0,-5.75 -2.48255014 -0,-5.75 -2.48836541 0.0001692,5.75 -2.49418235 0.00027074,-5.75 -2.49418235 0.00027074,5.75 -2.5 0.00030458,-5.75 -2.5 0.00030458,5.75 -2.52453375 -0.00029769,-5.75 -2.52453375 -0.00029769,5.75 -2.54900861 -0.00210305,-5.75 -2.54900861 -0.00210305,5.75 -2.57336521 -0.00510716,-5.75 -2.57336521 -0.00510716,5.75 -2.59754515 -0.00930278,-5.75 -2.59754515 -0.00930278,5.75 -2.62149 -0.01467979,-5.75 -2.62149 -0.01467979,5.75 -2.64514232 -0.02122525,-5.75 -2.64514232 -0.02122525,5.75 -2.66844487 -0.02892338,-5.75 -2.66844487 -0.02892338,5.75 -2.69134164 -0.03775565,-5.75 -2.69134164 -0.03775565,5.75 -2.71377754 -0.04770077,-5.75 -2.71377754 -0.04770077,5.75 -2.73569846 -0.05873479,-5.75 -2.73569846 -0.05873479,5.75 -2.75705147 -0.07083111,-5.75 -2.75705147 -0.07083111,5.75 -2.77778506 -0.08396061,-5.75 -2.77778506 -0.08396061,5.75 -2.79784966 -0.09809165,-5.75 -2.79784966 -0.09809165,5.75 -2.81719661 -0.11319019,-5.75 -2.81719661 -0.11319019,5.75 -2.83577943 -0.12921986,-5.75 -2.83577943 -0.12921986,5.75 -2.8535533 -0.14614202,-5.75 -2.8535533 -0.14614202,5.75 -2.87047553 -0.16391593,-5.75 -2.87047553 -0.16391593,5.75 -2.88650513 -0.18249877,-5.75 -2.88650513 -0.18249877,5.75 -2.9016037 -0.20184577,-5.75 -2.9016037 -0.20184577,5.75 -2.91573477 -0.2219103,-5.75 -2.91573477 -0.2219103,5.75 -2.92886424 -0.24264404,-5.75 -2.92886424 -0.24264404,5.75 -2.94096065 -0.26399705,-5.75 -2.94096065 -0.26399705,5.75 -2.95199466 -0.28591788,-5.75 -2.95199466 -0.28591788,5.75 -2.96193981 -0.30835369,-5.75 -2.96193981 -0.30835369,5.75 -2.97077203 -0.33125049,-5.75 -2.97077203 -0.33125049,5.75 -2.97847009 -0.35455307,-5.75 -2.97847009 -0.35455307,5.75 -2.98501563 -0.37820533,-5.75 -2.98501563 -0.37820533,5.75 -2.99039268 -0.40215024,-5.75 -2.99039268 -0.40215024,5.75 -2.99458814 -0.42633018,-5.75 -2.99458814 -0.42633018,5.75 -2.99759245 -0.45068684,-5.75 -2.99759245 -0.45068684,5.75 -2.99939775 -0.47516158,-5.75 -2.99939775 -0.47516158,5.57528973 2.51744986 -0.17460385,-5.57528973 2.51744986 -0.17460385,-5.57528973 2.54217553 -0.17608121,5.57528973 2.54217553 -0.17608121,5.57528973 2.56679773 -0.1787813,-5.57528973 2.56679773 -0.1787813,5.57528973 2.59125614 -0.18269747,-5.57528973 2.59125614 -0.18269747,-5.57528973 2.61549044 -0.18782014,5.57528973 2.61549044 -0.18782014,-5.57528973 2.63944149 -0.19413672,5.57528973 2.63944149 -0.19413672,-5.57528973 2.66305017 -0.2016317,5.57528973 2.66305017 -0.2016317,-5.57528973 2.68625879 -0.21028669,5.57528973 2.68625879 -0.21028669,-5.57528973 2.70901036 -0.22008047,5.57528973 2.70901036 -0.22008047,-5.57528973 2.73124886 -0.23098898,5.57528973 2.73124886 -0.23098898,-5.57528973 2.75291967 -0.24298546,5.57528973 2.75291967 -0.24298546,-5.57528973 2.77397013 -0.25604045,5.57528973 2.77397013 -0.25604045,-5.57528973 2.794348 -0.27012196,5.57528973 2.794348 -0.27012196,-5.57528973 2.81400347 -0.28519538,5.57528973 2.81400347 -0.28519538,-5.57528973 2.83288836 -0.30122373,5.57528973 2.83288836 -0.30122373,-5.57528973 2.8509562 -0.31816766,5.57528973 2.8509562 -0.31816766,-5.57528973 2.86816287 -0.33598563,5.57528973 2.86816287 -0.33598563,-5.57528973 2.88446593 -0.35463387,5.57528973 2.88446593 -0.35463387,-5.57528973 2.89982533 -0.37406665,5.57528973 2.89982533 -0.37406665,-5.57528973 2.91420364 -0.39423624,5.57528973 2.91420364 -0.39423624,-5.57528973 2.92756534 -0.41509315,5.57528973 2.92756534 -0.41509315,-5.57528973 2.93987775 -0.4365862,5.57528973 2.93987775 -0.4365862,-5.57528973 2.9511106 -0.45866266,5.57528973 2.9511106 -0.45866266,-5.57528973 2.96123648 -0.48126835,5.57528973 2.96123648 -0.48126835,-5.57528973 2.97023034 -0.50434774,5.57528973 2.97023034 -0.50434774,-5.57528973 2.97807002 -0.52784425,5.57528973 2.97807002 -0.52784425,-5.57528973 2.98473644 -0.55170017,5.57528973 2.98473644 -0.55170017,-5.57528973 2.99021339 -0.57585698,5.57528973 2.99021339 -0.57585698,-5.57528973 2.99448705 -0.60025537,5.57528973 2.99448705 -0.60025537,-5.57528973 2.99754739 -0.62483549,5.57528973 2.99754739 -0.62483549,-5.57528973 2.99938655 -0.64953697,5.57528973 2.99938655 -0.64953697,5.57528973 2.99938655 -15.35046291,5.57528973 2.99754739 -15.37516499,5.57528973 2.99448705 -15.39974499,5.57528973 2.99021339 -15.42414284,5.57528973 2.98473644 -15.44829941,5.57528973 2.97807002 -15.47215557,5.57528973 2.97023034 -15.4956522,5.57528973 2.96123648 -15.51873207,5.57528973 2.9511106 -15.54133701,5.57528973 2.93987775 -15.56341362,5.57528973 2.92756534 -15.58490658,5.57528973 2.91420364 -15.60576344,5.57528973 2.89982533 -15.62593365,5.57528973 2.88446593 -15.64536572,5.57528973 2.86816287 -15.66401482,5.57528973 2.8509562 -15.68183231,5.57528973 2.83288836 -15.69877625,5.57528973 2.81400347 -15.71480465,5.57528973 2.794348 -15.72987843,5.57528973 2.77397013 -15.74395943,5.57528973 2.75291967 -15.75701427,5.57528973 2.73124886 -15.76901054,5.57528973 2.70901036 -15.77991962,5.57528973 2.68625879 -15.78971291,5.57528973 2.66305017 -15.79836845,5.57528973 2.63944149 -15.80586338,5.57528973 2.61549044 -15.81217957,5.57528973 2.59125614 -15.8173027,5.57528973 2.56679773 -15.82121849,5.57528973 2.54217553 -15.82391834,5.57528973 2.51744986 -15.82539654,-5.75 -2.48255014 -16,5.75 -2.48255014 -16,5.75 -2.48836541 -16.00016975,-5.75 -2.48836541 -16.00016975,5.75 -2.49418235 -16.00027084,-5.75 -2.49418235 -16.00027084,5.75 -2.5 -16.00030518,-5.75 -2.5 -16.00030518,5.75 -2.52453375 -15.99970245,-5.75 -2.52453375 -15.99970245,5.75 -2.54900861 -15.99789715,-5.75 -2.54900861 -15.99789715,5.75 -2.57336521 -15.99489307,-5.75 -2.57336521 -15.99489307,5.75 -2.59754515 -15.99069691,-5.75 -2.59754515 -15.99069691,5.75 -2.62149 -15.98532009,-5.75 -2.62149 -15.98532009,5.75 -2.64514232 -15.97877502,-5.75 -2.64514232 -15.97877502,5.75 -2.66844487 -15.97107697,-5.75 -2.66844487 -15.97107697,5.75 -2.69134164 -15.96224403,-5.75 -2.69134164 -15.96224403,5.75 -2.71377754 -15.95229912,-5.75 -2.71377754 -15.95229912,5.75 -2.73569846 -15.94126511,-5.75 -2.73569846 -15.94126511,5.75 -2.75705147 -15.9291687,-5.75 -2.75705147 -15.9291687,5.75 -2.77778506 -15.91603947,-5.75 -2.77778506 -15.91603947,5.75 -2.79784966 -15.90190792,-5.75 -2.79784966 -15.90190792,5.75 -2.81719661 -15.88680935,-5.75 -2.81719661 -15.88680935,5.75 -2.83577943 -15.87077999,-5.75 -2.83577943 -15.87077999,5.75 -2.8535533 -15.85385799,-5.75 -2.8535533 -15.85385799,5.75 -2.87047553 -15.83608437,-5.75 -2.87047553 -15.83608437,5.75 -2.88650513 -15.81750107,-5.75 -2.88650513 -15.81750107,5.75 -2.9016037 -15.79815388,-5.75 -2.9016037 -15.79815388,5.75 -2.91573477 -15.77808952,-5.75 -2.91573477 -15.77808952,5.75 -2.92886424 -15.75735569,-5.75 -2.92886424 -15.75735569,5.75 -2.94096065 -15.73600292,-5.75 -2.94096065 -15.73600292,5.75 -2.95199466 -15.71408176,-5.75 -2.95199466 -15.71408176,5.75 -2.96193981 -15.69164658,-5.75 -2.96193981 -15.69164658,5.75 -2.97077203 -15.66874981,-5.75 -2.97077203 -15.66874981,5.75 -2.97847009 -15.64544678,-5.75 -2.97847009 -15.64544678,5.75 -2.98501563 -15.6217947,-5.75 -2.98501563 -15.6217947,5.75 -2.99039268 -15.59784985,-5.75 -2.99039268 -15.59784985,5.75 -2.99458814 -15.57366943,-5.75 -2.99458814 -15.57366943,5.75 -2.99759245 -15.54931355,-5.75 -2.99759245 -15.54931355,5.75 -2.99939775 -15.52483845,-5.75 -2.99939775 -15.52483845,6.07435417 2.51829386 -15.35020065,5.59269667 2.99847817 -15.36057854,5.62742615 2.99604964 -15.36057854,5.661901 2.9912045 -15.36057854,5.609828 2.99392796 -15.39528751,5.69595432 2.98396659 -15.36057854,5.64419794 2.99031568 -15.39528751,5.59235811 2.98877597 -15.42965698,5.72941971 2.97437048 -15.36057854,5.67823267 2.98431444 -15.39528751,5.62641096 2.98639464 -15.42965698,5.76213408 2.96246362 -15.36057854,5.71176529 2.97595382 -15.39528751,5.66021538 2.98164392 -15.42965698,5.60881615 2.97946 -15.4635191,5.79393864 2.9483037 -15.36057854,5.7446332 2.96527457 -15.39528751,5.6936059 2.97454667 -15.42965698,5.64217949 2.97595358 -15.4635191,5.59168673 2.96956015 -15.49671078,5.82467747 2.93195963 -15.36057854,5.77667618 2.95232868 -15.39528751,5.72641993 2.96513748 -15.42965698,5.67521715 2.9701283 -15.4635191,5.62440157 2.96727252 -15.49671078,5.85420179 2.91351128 -15.36057854,5.8077383 2.93717909 -15.39528751,5.75849771 2.95346236 -15.42965698,5.70776796 2.96201253 -15.4635191,5.65687656 2.96270847 -15.49671078,5.88236713 2.89304852 -15.36057854,5.60715199 2.9556601 -15.52906895,5.83766747 2.91989946 -15.39528751,5.78968287 2.93957806 -15.42965698,5.73967314 2.95164609 -15.4635191,5.68895435 2.95589018 -15.49671078,5.90903616 2.87067056 -15.36057854,5.63885927 2.95232749 -15.52906895,5.8663187 2.90057445 -15.39528751,5.59069681 2.94120479 -15.56043625,5.81982374 2.92355204 -15.42965698,5.77077723 2.93907928 -15.4635191,5.72047806 2.94685102 -15.49671078,5.93407965 2.84648705 -15.36057854,5.67025661 2.94679141 -15.52906895,5.8935523 2.87929773 -15.39528751,5.62143564 2.93905544 -15.56043625,5.848773 2.90546274 -15.42965698,5.80092955 2.92437339 -15.4635191,5.75129509 2.93563485 -15.49671078,5.95737505 2.82061553 -15.36057854,5.70119143 2.93907857 -15.52906895,5.91923475 2.85617328 -15.39528751,5.65194988 2.93476701 -15.56043625,5.87638998 2.88539815 -15.42965698,5.60486794 2.92299128 -15.5906601,5.82998228 2.90759993 -15.4635191,5.78125429 2.92229629 -15.49671078,5.97880888 2.7931819 -15.36057854,5.73151302 2.92922664 -15.52906895,5.94324207 2.83131361 -15.39528751,5.68209028 2.92836046 -15.56043625,5.90254021 2.86345601 -15.42965698,5.63430166 2.91989756 -15.5906601,5.85779428 2.88884091 -15.4635191,5.58940649 2.90426207 -15.61959362,5.81020975 2.90690064 -15.49671078,5.99827719 2.76432014 -15.36057854,5.76107359 2.91728377 -15.52906895,5.96545696 2.80483985 -15.39528751,5.71171093 2.91986704 -15.56043625,5.92709637 2.83974314 -15.42965698,5.66344786 2.91475844 -15.5906601,5.88422966 2.86818767 -15.4635191,5.61757183 2.90229273 -15.61959362,5.83802128 2.88952231 -15.49671078,6.0156846 2.73417068 -15.36057854,5.78972864 2.90330791 -15.52906895,5.9857707 2.77688098 -15.39528751,5.74066639 2.90932822 -15.56043625,5.9499383 2.81437516 -15.42965698,5.6921649 2.9075985 -15.5906601,5.90916014 2.84574056 -15.4635191,5.6455307 2.89836335 -15.61959362,5.8645525 2.87024665 -15.49671078,5.60200787 2.88208914 -15.64709473,6.03094673 2.70288014 -15.36057854,5.81733942 2.88736701 -15.52906895,6.00408459 2.74757314 -15.39528751,5.76881647 2.89679527 -15.56043625,5.9709549 2.78747559 -15.42965698,5.7203126 2.898453 -15.5906601,5.93246412 2.82160902 -15.4635191,5.67314768 2.89249325 -15.61959362,5.88967466 2.84916711 -15.49671078,5.62859535 2.87929487 -15.64709473,6.0439887 2.67060137 -15.36057854,5.84377098 2.86953926 -15.52906895,5.58784199 2.85945082 -15.6730299,6.02030993 2.71705937 -15.39528751,5.79602385 2.88232923 -15.56043625,5.99004412 2.75917554 -15.42965698,5.74775362 2.88736629 -15.5906601,5.95402813 2.7959106 -15.4635191,5.70028782 2.88471103 -15.61959362,5.91326523 2.82638645 -15.49671078,5.65492344 2.87465239 -15.64709473,6.0547471 2.63749146 -15.36057854,5.8688941 2.84991097 -15.52906895,5.612885 2.85769963 -15.6730299,6.03436708 2.68548799 -15.39528751,5.82215595 2.86600041 -15.56043625,6.00711298 2.72961283 -15.42965698,5.77435446 2.87439227 -15.5906601,5.97374725 2.76877069 -15.4635191,5.72681952 2.8750546 -15.61959362,5.93520927 2.80201578 -15.49671078,5.68086338 2.86818504 -15.64709473,6.06317043 2.60371184 -15.36057854,5.89258718 2.82857823 -15.52906895,5.6377449 2.85420585 -15.6730299,6.0461874 2.65301299 -15.39528751,5.847085 2.84788871 -15.56043625,5.59862757 2.83375025 -15.69727325,6.02207756 2.69893146 -15.42965698,5.79998541 2.85959458 -15.5906601,5.9915247 2.7403214 -15.4635191,5.75261211 2.86357093 -15.61959362,5.95539999 2.77617359 -15.49671078,5.70628929 2.85992384 -15.64709473,6.06921625 2.56942677 -15.36057854,5.91473436 2.80564451 -15.52906895,5.66230059 2.84898639 -15.6730299,6.05571413 2.6197927 -15.39528751,5.87068987 2.82808185 -15.56043625,5.62185144 2.83130932 -15.69727325,6.03486586 2.66728091 -15.42965698,5.82452202 2.84304476 -15.5906601,5.58603287 2.80764318 -15.71970654,6.00727463 2.71070147 -15.4635191,5.77754164 2.85031605 -15.61959362,5.97373867 2.74898624 -15.49671078,5.73107672 2.84990907 -15.64709473,6.07285595 2.53480363 -15.36057854,6.07252264 2.5190835 -15.37464142,5.93522787 2.78122187 -15.52906895,5.68643236 2.842067 -15.6730299,6.06290007 2.58598852 -15.39528751,5.89285612 2.8066771 -15.56043625,5.64484882 2.82725453 -15.69727325,6.0454154 2.63481545 -15.42965698,5.84784412 2.82482386 -15.5906601,5.60746622 2.80614448 -15.71970654,6.0209198 2.6800549 -15.4635191,5.80148506 2.83535457 -15.61959362,5.99013615 2.72058558 -15.49671078,5.7551055 2.83818984 -15.64709473,5.95396805 2.75542927 -15.52906895,5.71002245 2.83348083 -15.6730299,6.0677104 2.55176568 -15.39528751,6.0694952 2.51982689 -15.39896488,6.06527948 2.52052283 -15.42311192,5.91347504 2.78377795 -15.56043625,5.66750717 2.82160521 -15.69727325,6.05367422 2.60169315 -15.42965698,5.86983824 2.80502057 -15.5906601,5.62874317 2.80315423 -15.71970654,6.03239441 2.64853096 -15.4635191,5.82432699 2.81875944 -15.61959362,5.59479332 2.77891541 -15.74021912,6.00451279 2.69111061 -15.49671078,5.77825785 2.8248229 -15.64709473,5.97086334 2.72839212 -15.52906895,5.73295641 2.82327008 -15.6730299,5.932446 2.75949645 -15.56043625,5.68971634 2.81438899 -15.69727325,6.05960274 2.56807542 -15.42965698,5.89039755 2.78373122 -15.5906601,5.64975977 2.79868722 -15.71970654,6.04164171 2.61628366 -15.4635191,5.84595585 2.80061126 -15.61959362,5.61420155 2.7768755 -15.74021912,6.01679802 2.66070437 -15.49671078,5.80042171 2.80987334 -15.64709473,5.58401442 2.74984765 -15.75871372,5.98583126 2.70024228 -15.52906895,5.75512218 2.81148458 -15.6730299,5.94967747 2.73395061 -15.56043625,5.71136808 2.80564141 -15.69727325,6.06317139 2.53412628 -15.42965698,6.05988455 2.52116942 -15.44702435,5.90942192 2.76105952 -15.5906601,5.67041349 2.7927649 -15.71970654,6.04861689 2.58346987 -15.4635191,5.86626577 2.78099847 -15.61959362,5.63342047 2.77348685 -15.74021912,6.02693272 2.62951517 -15.49671078,5.82148886 2.79341435 -15.64709473,5.60142136 2.74863052 -15.75871372,5.99879932 2.67111707 -15.52906895,5.77641201 2.79818153 -15.6730299,5.96508503 2.70726514 -15.56043625,5.73235655 2.79540467 -15.69727325,5.92681837 2.7371161 -15.5906601,5.69060373 2.78541636 -15.71970654,6.05328655 2.55024934 -15.4635191,6.0533247 2.52176499 -15.4706459,5.88515806 2.76001668 -15.61959362,5.65235615 2.76876569 -15.74021912,6.03486681 2.59769511 -15.49671078,5.84135628 2.77552605 -15.64709473,5.61870098 2.74620199 -15.75871372,6.00970411 2.6411581 -15.52906895,5.79672194 2.78342581 -15.6730299,5.59057903 2.71865177 -15.77509785,5.97859335 2.67956996 -15.56043625,5.75258017 2.78372884 -15.69727325,5.94250202 2.7120173 -15.5906601,5.71023226 2.77667737 -15.71970654,5.90254068 2.73776841 -15.61959362,5.67091608 2.76273513 -15.74021912,6.04056215 2.56539917 -15.49671078,5.85992765 2.7562952 -15.64709473,5.63576937 2.74257421 -15.75871372,6.01849222 2.61051154 -15.52906895,5.81595325 2.76728916 -15.6730299,5.60579395 2.71705246 -15.77509785,5.99013662 2.65100002 -15.56043625,5.77193975 2.77067065 -15.69727325,5.58182621 2.6871891 -15.78929234,5.95639706 2.68588591 -15.5906601,5.72920322 2.76659036 -15.71970654,5.91832924 2.71436167 -15.61959362,5.68901014 2.75542474 -15.74021912,6.04399061 2.53278446 -15.49671078,6.0367732 2.52279806 -15.51678562,6.04561424 2.52230835 -15.49391747,5.87711239 2.73581576 -15.64709473,5.65254307 2.73776436 -15.75871372,6.02512169 2.57932639 -15.52906895,5.83401203 2.74985051 -15.6730299,5.62086058 2.714396 -15.77509785,5.99965954 2.62169433 -15.56043625,5.79034185 2.75629401 -15.69727325,5.59486818 2.68627715 -15.78929234,5.96843529 2.65884876 -15.5906601,5.7474246 2.75520468 -15.71970654,5.93244648 2.68991065 -15.61959362,5.7065506 2.7468698 -15.74021912,5.89282656 2.71418762 -15.64709473,5.66894007 2.7317965 -15.75871372,6.02955914 2.547755 -15.52906895,6.02682161 2.5232327 -15.53919315,5.85081005 2.73119473 -15.6730299,5.63570452 2.71069503 -15.77509785,6.00711441 2.59179568 -15.56043625,5.80769587 2.74066854 -15.69727325,5.60781431 2.68445778 -15.78929234,5.97855806 2.63103771 -15.5906601,5.76480722 2.74257565 -15.71970654,5.58606768 2.65413213 -15.80122852,5.94482422 2.66453433 -15.61959362,5.72345161 2.73711228 -15.74021912,5.90699387 2.69151592 -15.64709473,5.68488121 2.72469926 -15.75871372,5.86626625 2.71141243 -15.6730299,5.65025473 2.70596743 -15.77509785,6.01246595 2.56145 -15.56043625,5.82391739 2.72387075 -15.69727325,5.62060165 2.68173981 -15.78929234,5.98671675 2.60258818 -15.5906601,5.78126621 2.72876501 -15.71970654,5.5967927 2.65300488 -15.80122852,5.95540094 2.63835645 -15.61959362,5.73963022 2.72619963 -15.74021912,5.57951117 2.62088728 -15.81084824,5.91954517 2.66791129 -15.64709473,5.7002883 2.7165072 -15.75871372,5.88030434 2.6906004 -15.6730299,5.6644392 2.70023656 -15.77509785,6.01568747 2.53080487 -15.56043625,6.00368738 2.52393389 -15.58241653,6.01578426 2.52361178 -15.56108761,5.83892822 2.70598221 -15.69727325,5.6331687 2.67813635 -15.78929234,5.99287033 2.57363915 -15.5906601,5.79672241 2.71383977 -15.71970654,5.60741329 2.65113211 -15.80122852,5.96412611 2.61150455 -15.61959362,5.7550087 2.714185 -15.74021912,5.58793354 2.62029839 -15.81084824,5.93041945 2.64348841 -15.64709473,5.71508646 2.70726061 -15.75871372,5.89285707 2.66885948 -15.6730299,5.67818975 2.69353008 -15.77509785,5.85265446 2.6870904 -15.69727325,5.64545393 2.67366505 -15.78929234,5.9969902 2.54433107 -15.5906601,5.99055958 2.52419829 -15.60312653,5.81109953 2.69787264 -15.71970654,5.61787748 2.64852333 -15.80122852,5.97095728 2.58410954 -15.61959362,5.7695117 2.70112681 -15.74021912,5.59629393 2.61912322 -15.81084824,5.93956327 2.61836672 -15.64709473,5.72920322 2.69700408 -15.75871372,5.58134604 2.5866127 -15.81810474,5.903862 2.64629626 -15.6730299,5.69143915 2.6858809 -15.77509785,5.86502934 2.66728687 -15.69727325,5.65739679 2.6683476 -15.78929234,5.82432747 2.68094158 -15.71970654,5.62813425 2.64519072 -15.80122852,5.9758606 2.55630469 -15.61959362,5.97643328 2.52440476 -15.62317085,5.96134186 2.52455235 -15.64249802,5.78306818 2.68708897 -15.74021912,5.60455227 2.61736798 -15.81084824,5.94693279 2.59266829 -15.64709473,5.7425704 2.68578792 -15.75871372,5.58737326 2.58597922 -15.81810474,5.91326666 2.62302017 -15.6730299,5.70412207 2.67732596 -15.77509785,5.57711363 2.5522325 -15.82296181,5.87599277 2.64666843 -15.69727325,5.66894007 2.66220999 -15.78929234,5.83634281 2.66312909 -15.71970654,5.63813305 2.64115095 -15.80122852,5.79561234 2.67213964 -15.74021912,5.61266804 2.61504078 -15.81084824,5.95249176 2.56651831 -15.64709473,5.75512266 2.67366648 -15.75871372,5.59334135 2.58492684 -15.81810474,5.9210248 2.5991447 -15.6730299,5.71617794 2.66790724 -15.77509785,5.58075285 2.55197787 -15.82296181,5.88549137 2.62533545 -15.69727325,5.68002701 2.65528226 -15.78929234,5.84708595 2.64452195 -15.71970654,5.64782619 2.63642335 -15.80122852,5.80708361 2.65635157 -15.74021912,5.62060213 2.61215329 -15.81084824,5.956213 2.54004455 -15.64709473,5.94532204 2.5246408 -15.66106415,5.76679897 2.66069913 -15.75871372,5.59922123 2.58346081 -15.81810474,5.92709875 2.57478619 -15.6730299,5.72754717 2.6576705 -15.77509785,5.58436537 2.55147028 -15.82296181,5.89347839 2.60339189 -15.69727325,5.69060373 2.64759803 -15.78929234,5.85650492 2.62521052 -15.71970654,5.65716553 2.63103127 -15.80122852,5.81742525 2.63980174 -15.74021912,5.62831497 2.60871935 -15.81084824,5.77754211 2.64694905 -15.75871372,5.60498476 2.58158803 -15.81810474,5.93145847 2.55006337 -15.6730299,5.92841244 2.52467012 -15.67882347,5.73817444 2.64666557 -15.77509785,5.58793354 2.55071187 -15.82296181,5.8999157 2.58094454 -15.69727325,5.70061874 2.63919473 -15.78929234,5.86455441 2.60528922 -15.71970654,5.66610622 2.62500072 -15.80122852,5.82658768 2.62257099 -15.74021912,5.63576937 2.60475564 -15.81084824,5.78730011 2.63248277 -15.75871372,5.61060381 2.57931805 -15.81810474,5.74800873 2.63494635 -15.77509785,5.5914402 2.54970622 -15.82296181,5.90477133 2.55810308 -15.69727325,5.71002293 2.63011336 -15.78929234,5.87119389 2.58485484 -15.71970654,5.67460489 2.61836123 -15.80122852,5.83452511 2.604743 -15.74021912,5.64292955 2.60028172 -15.81084824,5.7960248 2.61737108 -15.75871372,5.61605072 2.57666135 -15.81810474,5.75700092 2.62256956 -15.77509785,5.59486818 2.54845858 -15.82296181,5.90802145 2.53497839 -15.69727325,5.91065311 2.52464008 -15.69573307,5.89208698 2.52455091 -15.71175385,5.71877098 2.62039804 -15.78929234,5.87639236 2.56400728 -15.71970654,5.68261909 2.61114526 -15.80122852,5.84120035 2.58640456 -15.74021912,5.64975977 2.59531927 -15.81084824,5.8036747 2.60168791 -15.75871372,5.62129879 2.57363129 -15.81810474,5.76510859 2.60959554 -15.77509785,5.59820032 2.5469749 -15.82296181,5.72681999 2.61009598 -15.78929234,5.88012362 2.54284787 -15.71970654,5.87275934 2.52440238 -15.72684479,5.69011068 2.60338759 -15.80122852,5.84657955 2.56764555 -15.74021912,5.65622759 2.58989239 -15.81084824,5.81021166 2.58550906 -15.75871372,5.62632322 2.57024264 -15.81810474,5.77229071 2.59608769 -15.77509785,5.60142136 2.54526234 -15.82296181,5.59978962 2.51828384 -15.82476521,5.73413038 2.59925795 -15.78929234,5.69704294 2.59512639 -15.80122852,5.85063744 2.5485568 -15.74021912,5.66230059 2.58402753 -15.81084824,5.81560373 2.5689137 -15.75871372,5.63109875 2.56651163 -15.81810474,5.77851391 2.5821116 -15.77509785,5.60451508 2.54332924 -15.82296181,5.74066734 2.58793616 -15.78929234,5.70338202 2.5864017 -15.80122852,5.85335398 2.52923155 -15.74021912,5.83200502 2.52393007 -15.75409889,5.85271549 2.52419543 -15.74097061,5.66795015 2.57775331 -15.81084824,5.81982565 2.55198264 -15.75871372,5.635602 2.56245661 -15.81810474,5.78374624 2.56773567 -15.77509785,5.60746622 2.54118514 -15.82296181,5.74639845 2.57618594 -15.78929234,5.70909691 2.5772562 -15.80122852,5.67314816 2.57110023 -15.81084824,5.82285595 2.53479815 -15.75871372,5.81067657 2.52360725 -15.7661953,5.63981199 2.55809736 -15.81810474,5.78796339 2.55302978 -15.77509785,5.61026096 2.53884029 -15.82296181,5.75129604 2.5640645 -15.78929234,5.71415997 2.56773424 -15.80122852,5.67786932 2.56410098 -15.81084824,5.64370728 2.55345511 -15.81810474,5.79114485 2.53806543 -15.77509785,5.78878212 2.52322769 -15.77723312,5.76637411 2.52279234 -15.78718472,5.612885 2.53630614 -15.82296181,5.75533628 2.55163097 -15.78929234,5.71854639 2.55788231 -15.80122852,5.68209124 2.5567894 -15.81084824,5.64726973 2.54855227 -15.81810474,5.61532593 2.53359532 -15.82296181,5.75849915 2.53894591 -15.78929234,5.7222352 2.54774833 -15.80122852,5.68579245 2.54920101 -15.81084824,5.65048075 2.54341316 -15.81810474,5.61757183 2.53072071 -15.82296181,5.76076984 2.52607131 -15.78929234,5.74350643 2.52230191 -15.79602623,5.72520781 2.53738165 -15.80122852,5.68895531 2.54137301 -15.81084824,5.65332603 2.53806233 -15.81810474,5.61961174 2.52769637 -15.82296181,5.72745037 2.52683306 -15.80122852,5.72023439 2.52175808 -15.80373573,5.69156408 2.53334355 -15.81084824,5.65579128 2.53252625 -15.81810474,5.62143612 2.52453732 -15.82296181,5.69360685 2.52515149 -15.81084824,5.67270088 2.52051449 -15.81569099,5.69661331 2.52116179 -15.81029606,5.65786409 2.52683163 -15.81810474,5.64855385 2.51981807 -15.81990719,5.62423038 2.51907396 -15.82293415,5.62303495 2.52125859 -15.82296181,5.62440157 2.51787615 -15.82296181,5.60005188 2.99938655 -0.67429924,5.624753 2.99754739 -0.67429924,5.64933252 2.99448729 -0.67429924,5.67373085 2.99021363 -0.67429924,5.69788694 2.98473692 -0.67429924,5.72174263 2.9780705 -0.67429924,5.74523878 2.97023106 -0.67429924,5.76831818 2.96123743 -0.67429924,5.7909236 2.95111203 -0.67429924,5.81299973 2.93987942 -0.67429924,5.83449268 2.92756748 -0.67429924,5.85534954 2.91420603 -0.67429924,5.8755188 2.8998282 -0.67429924,5.89495134 2.88446903 -0.67429924,5.91359949 2.86816645 -0.67429924,5.93141747 2.85096025 -0.67429924,5.9483614 2.83289266 -0.67429924,5.9643898 2.81400824 -0.67429924,5.9794631 2.79435325 -0.67429924,5.99354458 2.77397585 -0.67429924,6.0065999 2.75292587 -0.67429924,6.01859665 2.73125553 -0.67429924,6.02950525 2.70901752 -0.67429924,6.03929901 2.68626642 -0.67429924,6.04795456 2.66305828 -0.67429924,6.05544996 2.63945007 -0.67429924,6.06176662 2.6154995 -0.67429924,6.06688976 2.59126568 -0.67429924,6.0708065 2.56680775 -0.67429924,6.07350683 2.54218578 -0.67429924,6.07498455 2.51746035 -0.67429924,6.24969482 -2.48253965 -15.50030422,6.24906445 -2.48170614 -15.52480412,6.24723291 -2.4809165 -15.54924583,6.24420547 -2.48017311 -15.57356834,6.23998976 -2.47947717 -15.59771538,6.23459482 -2.47883058 -15.62162876,6.22803497 -2.47823501 -15.64524937,6.22032452 -2.47769165 -15.66852188,6.21148348 -2.47720194 -15.69138908,6.20153189 -2.4767673 -15.71379757,6.19049454 -2.47638822 -15.73569202,6.17839766 -2.47606611 -15.75702,6.16526985 -2.47580171 -15.77773094,6.15114355 -2.47559524 -15.79777431,6.13605261 -2.47544765 -15.81710243,6.12003231 -2.4753592 -15.83566856,6.10312271 -2.47532988 -15.85342789,6.08536339 -2.47535992 -15.87033749,6.06679726 -2.47544909 -15.88635731,6.04746962 -2.47559762 -15.90144825,6.02742577 -2.47580457 -15.91557503,6.0067153 -2.47606993 -15.92870235,5.98538685 -2.47639275 -15.94079971,5.96349239 -2.47677231 -15.95183659,5.94108438 -2.47720766 -15.96178818,5.91821671 -2.47769809 -15.97062969,5.89494467 -2.47824192 -15.97834015,5.87132359 -2.47883821 -15.98490047,5.84741116 -2.47948551 -15.99029446,5.82326412 -2.48018193 -15.99451065,5.79894066 -2.48092604 -15.99753761,5.77449989 -2.48171616 -15.99936962,6.24969482 -2.48253965 -0.49969542,6.24995279 -2.50686502 -15.50030422,5.77431965 -2.99940825 -15.50030422,6.24883461 -2.5 -15.53442574,6.24761915 -2.53479695 -15.53442574,6.24902725 -2.53117418 -15.50030422,6.24692011 -2.55540943 -15.50030422,6.24397993 -2.56942439 -15.53442574,6.24363708 -2.57951379 -15.50030422,6.24504137 -2.51728725 -15.56838799,6.23793364 -2.60371351 -15.53442574,6.23918533 -2.60342956 -15.50030422,6.23357582 -2.62710071 -15.50030422,6.24262953 -2.55177736 -15.56838799,6.23954201 -2.5 -15.60203266,6.22951031 -2.63749743 -15.53442574,6.22682142 -2.65047097 -15.50030422,6.23781776 -2.58601546 -15.56838799,6.23834944 -2.53414869 -15.60203266,6.21875095 -2.67061138 -15.53442574,6.21893787 -2.67348504 -15.50030422,6.20994473 -2.69608855 -15.50030422,6.23062897 -2.61983442 -15.56838799,6.23477793 -2.56813097 -15.60203266,6.23116541 -2.51680255 -15.63520336,6.20570803 -2.70289421 -15.53442574,6.19986296 -2.71822762 -15.50030422,6.22109938 -2.6530695 -15.56838799,6.22884417 -2.60178161 -15.60203266,6.22882128 -2.55032611 -15.63520336,6.22113037 -2.5 -15.66774464,6.19044447 -2.73418856 -15.53442574,6.18871593 -2.73985028 -15.50030422,6.20927382 -2.6855588 -15.56838799,6.22057819 -2.63493609 -15.60203266,6.22414398 -2.58360434 -15.63520336,6.21998262 -2.53286433 -15.66774464,6.17303562 -2.76434183 -15.53442574,6.17653084 -2.76090527 -15.50030422,6.1633358 -2.78134251 -15.50030422,6.19521141 -2.71714401 -15.56838799,6.21001911 -2.66743326 -15.60203266,6.21715736 -2.61647534 -15.63520336,6.21654558 -2.56556869 -15.66774464,6.15356541 -2.79320741 -15.53442574,6.14916229 -2.80111384 -15.50030422,6.20832634 -2.51600504 -15.69950485,6.1789794 -2.7476716 -15.56838799,6.19721889 -2.6991148 -15.60203266,6.20789433 -2.64877892 -15.63520336,6.21083498 -2.59795356 -15.66774464,6.13212919 -2.82064462 -15.53442574,6.13404369 -2.82017231 -15.50030422,6.11801624 -2.83847284 -15.50030422,6.20609331 -2.54793739 -15.69950485,6.16065788 -2.77699232 -15.56838799,6.19394255 -2.5 -15.73033714,6.18224001 -2.72982597 -15.60203266,6.19640064 -2.68035769 -15.63520336,6.20287943 -2.62986112 -15.66774464,6.10883141 -2.84651947 -15.53442574,6.10111809 -2.85597229 -15.50030422,6.20163822 -2.5796361 -15.69950485,6.14033556 -2.80496359 -15.56838799,6.19286108 -2.53096795 -15.73033714,6.16515541 -2.75941777 -15.60203266,6.1769495 -2.48509049 -15.76009655,6.18273211 -2.71105766 -15.63520336,6.19271803 -2.66113615 -15.66774464,6.08378553 -2.87070608 -15.53442574,6.08338833 -2.87262893 -15.50030422,6.06486893 -2.88840365 -15.50030422,6.19498301 -2.61094666 -15.69950485,6.11811161 -2.83144903 -15.56838799,6.1896224 -2.56178498 -15.73033714,6.14604807 -2.78774548 -15.60203266,6.1769495 -2.51490951 -15.76009655,6.16695547 -2.74072933 -15.63520336,6.18039894 -2.69162607 -15.66774464,6.05711317 -2.89308691 -15.53442574,6.04560471 -2.9032588 -15.50030422,6.18616009 -2.64171696 -15.69950485,6.09409428 -2.8563199 -15.56838799,6.18424129 -2.59230089 -15.73033714,6.12501097 -2.81467152 -15.60203266,6.17486954 -2.54465556 -15.76009655,6.14914751 -2.76922822 -15.63520336,6.15848494 -2.5 -15.78864479,6.16598368 -2.72118235 -15.66774464,6.02894449 -2.91355252 -15.53442574,6.02564096 -2.91715956 -15.50030422,6.00502443 -2.93007278 -15.50030422,6.17521191 -2.6717968 -15.69950485,6.06840038 -2.87945461 -15.56838799,6.17674494 -2.62236714 -15.73033714,6.1021471 -2.84006453 -15.60203266,6.17071962 -2.57418418 -15.76009655,6.12939453 -2.79641557 -15.63520336,6.15748978 -2.52849436 -15.78864479,6.14954138 -2.74966121 -15.66774464,6.1376195 -2.48646402 -15.81584835,5.9994173 -2.93200326 -15.53442574,5.98380423 -2.94196796 -15.50030422,6.16219187 -2.70103955 -15.69950485,6.04115534 -2.90074086 -15.56838799,6.16716957 -2.65183735 -15.73033714,6.07756758 -2.86380053 -15.60203266,6.16451979 -2.60335135 -15.76009655,6.10779333 -2.82215881 -15.63520336,6.15450954 -2.55685019 -15.78864479,6.13115263 -2.77692342 -15.66774464,6.1376195 -2.51353598 -15.81584835,5.96867466 -2.94834948 -15.53442574,5.96203041 -2.95281672 -15.50030422,6.14716434 -2.72930288 -15.69950485,6.0124917 -2.9200747 -15.56838799,6.15556192 -2.68056774 -15.73033714,6.05139208 -2.88576436 -15.60203266,6.15630054 -2.63201499 -15.76009655,6.08444929 -2.84633231 -15.63520336,6.14955854 -2.58492875 -15.78864479,6.11090708 -2.80283689 -15.66774464,6.13573074 -2.54054189 -15.81584835,5.93686676 -2.9625113 -15.53442574,5.93975496 -2.96259379 -15.50030422,5.91703033 -2.97127581 -15.50030422,6.13020134 -2.75644898 -15.69950485,6.11541796 -2.5 -15.84158134,5.98254967 -2.93736196 -15.56838799,6.14197826 -2.70841837 -15.73033714,6.0237484 -2.90584874 -15.60203266,6.14610195 -2.66003561 -15.76009655,6.05947542 -2.86881876 -15.63520336,6.14266109 -2.61259365 -15.78864479,6.08890295 -2.8272748 -15.66774464,6.13196325 -2.56735039 -15.81584835,5.9041481 -2.97441959 -15.53442574,5.89390993 -2.97884226 -15.50030422,6.1113863 -2.78234577 -15.69950485,6.1145277 -2.52549028 -15.84158134,5.95147419 -2.95251822 -15.56838799,6.12648487 -2.73525381 -15.73033714,6.09106874 -2.48808956 -15.86572266,5.994771 -2.92395592 -15.60203266,6.1339736 -2.68727636 -15.76009655,6.03299427 -2.88950825 -15.63520336,6.1338501 -2.63971019 -15.78864479,6.06524801 -2.85011816 -15.66774464,6.12633467 -2.59383082 -15.81584835,5.8706789 -2.9840169 -15.53442574,5.87044907 -2.98527527 -15.50030422,5.84670353 -2.99055934 -15.50030422,6.0908103 -2.80686712 -15.69950485,6.11186171 -2.55085635 -15.84158134,5.91941738 -2.96547008 -15.56838799,6.10915709 -2.76094294 -15.73033714,6.09106874 -2.51191044 -15.86572266,5.96460104 -2.93999743 -15.60203266,6.11997461 -2.71360493 -15.76009655,6.00513411 -2.90830016 -15.63520336,6.12316942 -2.6661458 -15.78864479,6.04005671 -2.87125587 -15.66774464,6.11887264 -2.61985397 -15.81584835,5.83662176 -2.991256 -15.53442574,5.82272863 -2.99468231 -15.50030422,6.06857443 -2.82989335 -15.69950485,6.10743284 -2.5759747 -15.84158134,5.88653517 -2.97615433 -15.56838799,6.09007978 -2.78536081 -15.73033714,6.08940697 -2.53567314 -15.86572266,5.93338585 -2.95389557 -15.60203266,6.10417271 -2.73889256 -15.76009655,6.06554413 -2.5 -15.88815975,5.9760313 -2.92510271 -15.63520336,6.11067057 -2.69177198 -15.78864479,6.01345301 -2.89058495 -15.66774464,6.10961342 -2.64529324 -15.81584835,5.80214262 -2.99610162 -15.53442574,5.7985816 -2.99763417 -15.50030422,6.04478598 -2.8513124 -15.69950485,6.10126209 -2.60072279 -15.84158134,5.85298777 -2.98451853 -15.56838799,6.06934547 -2.80838847 -15.73033714,6.086092 -2.55926204 -15.86572266,5.90127659 -2.96558213 -15.60203266,6.0866456 -2.76301646 -15.76009655,6.06477547 -2.52201128 -15.88815975,5.94582701 -2.93983436 -15.63520336,6.09641504 -2.71646404 -15.78864479,6.03816462 -2.48993707 -15.90878963,5.98556519 -2.90801096 -15.66774464,6.09860229 -2.67002463 -15.81584835,5.76740885 -2.99853063 -15.53442574,6.01956177 -2.87101984 -15.69950485,6.09338045 -2.62498021 -15.84158134,5.81893826 -2.99052238 -15.56838799,6.04705572 -2.82991362 -15.73033714,6.08113909 -2.58256221 -15.86572266,5.86843109 -2.97500062 -15.60203266,6.06747866 -2.78585911 -15.76009655,6.0624733 -2.54391527 -15.88815975,5.91466856 -2.9524231 -15.63520336,6.08047104 -2.74010134 -15.78864479,6.03816462 -2.51006293 -15.90878963,5.95653009 -2.92344928 -15.66774464,6.08589268 -2.69392776 -15.81584835,6.00915909 -2.4818778 -15.92751408,5.99302387 -2.88891959 -15.69950485,6.08382607 -2.64862895 -15.84158134,5.78455353 -2.99413633 -15.56838799,6.02331829 -2.84983158 -15.73033714,6.07457352 -2.60546017 -15.86572266,5.83500814 -2.98210478 -15.60203266,6.04676485 -2.80730891 -15.76009655,6.05864859 -2.56560516 -15.88815975,5.88270807 -2.96280766 -15.63520336,6.06291771 -2.76256895 -15.78864479,6.03676081 -2.53013968 -15.90878963,5.9264884 -2.93682456 -15.66774464,6.07154703 -2.71688604 -15.81584835,6.00979185 -2.5 -15.92751408,5.96530247 -2.90492487 -15.69950485,6.07264471 -2.67155337 -15.84158134,5.99824953 -2.86804509 -15.73033714,6.06642628 -2.62784457 -15.86572266,5.8011713 -2.98686028 -15.60203266,6.02460527 -2.82726169 -15.76009655,6.05332041 -2.58697581 -15.88815975,5.85010099 -2.97093773 -15.63520336,6.04383945 -2.78375745 -15.78864479,6.03395939 -2.55006981 -15.90878963,5.89558744 -2.94807172 -15.66774464,6.0556345 -2.73878789 -15.81584835,6.00915909 -2.5181222 -15.92751408,5.93653154 -2.918957 -15.69950485,6.05989218 -2.69364214 -15.84158134,5.97989225 -2.49197197 -15.94424725,5.97197151 -2.88446569 -15.73033714,6.05673742 -2.64960575 -15.86572266,5.7670846 -2.98924375 -15.60203266,6.00110769 -2.84561992 -15.76009655,6.04651451 -2.60792232 -15.88815975,5.81700611 -2.97677302 -15.63520336,6.02332973 -2.80356336 -15.78864479,6.02977514 -2.56975579 -15.90878963,5.86397696 -2.95713592 -15.66774464,6.0382328 -2.75952601 -15.81584835,6.00726366 -2.53615594 -15.92751408,5.90685225 -2.93094826 -15.69950485,6.0456295 -2.71478724 -15.84158134,5.97989225 -2.50802803 -15.94424725,5.94461155 -2.89901304 -15.73033714,6.04555416 -2.67063832 -15.86572266,5.94871521 -2.48610449 -15.95890999,5.97638655 -2.86229444 -15.76009655,6.0382638 -2.62834334 -15.88815975,5.78358507 -2.98028588 -15.63520336,6.00148821 -2.82189059 -15.78864479,6.02422762 -2.58910203 -15.90878963,5.83181095 -2.96397305 -15.66774464,6.0194273 -2.77900004 -15.81584835,6.0041151 -2.55401373 -15.92751408,5.87640905 -2.94084001 -15.69950485,6.0299263 -2.73488617 -15.84158134,5.97877216 -2.52404499 -15.94424725,5.91630363 -2.91161633 -15.73033714,6.03293133 -2.69083953 -15.86572266,5.94920063 -2.5 -15.95890999,5.95056295 -2.8772037 -15.76009655,6.0286088 -2.648139 -15.88815975,5.9165225 -2.48249769 -15.97143459,5.97842169 -2.83864927 -15.78864479,6.01734447 -2.60801411 -15.90878963,5.79924631 -2.96854949 -15.66774464,5.99930859 -2.79711461 -15.81584835,5.9997282 -2.5716083 -15.92751408,5.84534931 -2.94858408 -15.69950485,6.01285982 -2.75384068 -15.84158134,5.9765377 -2.53994465 -15.94424725,5.88718557 -2.92221451 -15.73033714,6.01892948 -2.7101109 -15.86572266,5.94871521 -2.51389551 -15.95890999,5.92376184 -2.89027548 -15.76009655,5.7795496 -2.48293948 -15.99913883,6.01759624 -2.66721272 -15.88815975,5.91733789 -2.49415636 -15.97143459,5.95424271 -2.85375834 -15.78864479,6.00915861 -2.62639999 -15.90878963,5.7664423 -2.97084355 -15.66774464,5.88358545 -2.48122573 -15.98176289,5.97797585 -2.81378174 -15.81584835,5.99412441 -2.58885407 -15.92751408,5.81382561 -2.95414257 -15.69950485,5.99451256 -2.77155852 -15.84158134,5.97319937 -2.55565 -15.94424725,5.85739946 -2.93075562 -15.73033714,6.00361776 -2.72835851 -15.86572266,5.94726181 -2.52772331 -15.95890999,5.89611435 -2.90144587 -15.76009655,5.78066778 -2.48504233 -15.99913883,6.00528049 -2.68547201 -15.88815975,5.91733789 -2.50584364 -15.97143459,5.92906809 -2.86714387 -15.78864479,5.99971008 -2.64417005 -15.90878963,5.88456964 -2.49058986 -15.98176289,5.95553207 -2.82892013 -15.81584835,5.98733187 -2.60566688 -15.92751408,5.78199053 -2.95748854 -15.69950485,5.85018253 -2.48233509 -15.98984623,5.97497368 -2.78795338 -15.84158134,5.96877384 -2.57108402 -15.94424725,5.82708979 -2.93719816 -15.73033714,5.98707056 -2.74549389 -15.86572266,5.94484758 -2.54141617 -15.95890999,5.86775494 -2.91066027 -15.76009655,5.78163671 -2.4872179 -15.99913883,5.99172068 -2.70282769 -15.88815975,5.9165225 -2.51750231 -15.97143459,5.90302134 -2.87874055 -15.78864479,5.98904467 -2.66123772 -15.90878963,5.88489819 -2.5 -15.98176289,5.93208742 -2.8424561 -15.81584835,5.97938251 -2.62196493 -15.92751408,5.85117054 -2.48936653 -15.98984623,5.95433903 -2.80294514 -15.84158134,5.96328259 -2.58617163 -15.94424725,5.79640484 -2.94151068 -15.73033714,5.81659555 -2.48584461 -15.99564743,5.96936846 -2.76143312 -15.86572266,5.94148397 -2.55490708 -15.95890999,5.83882189 -2.9178741 -15.76009655,5.78245115 -2.48945594 -15.99913883,5.97698355 -2.71919537 -15.88815975,5.91489601 -2.52907562 -15.97143459,5.87622881 -2.88849235 -15.78864479,5.97721529 -2.67752004 -15.90878963,5.88456964 -2.50941014 -15.98176289,5.9077549 -2.85432386 -15.81584835,5.97031593 -2.63766885 -15.92751408,5.85166597 -2.49644971 -15.98984623,5.93270922 -2.81646132 -15.84158134,5.95675182 -2.60083961 -15.94424725,5.76549339 -2.94367218 -15.73033714,5.81742096 -2.49052453 -15.99564743,5.95059729 -2.77609849 -15.86572266,5.93718719 -2.56813049 -15.95890999,5.80945587 -2.92305207 -15.76009655,5.78310776 -2.49174523 -15.99913883,5.96114016 -2.73449492 -15.88815975,5.91246605 -2.54050732 -15.97143459,5.84882164 -2.8963511 -15.78864479,5.9642787 -2.69293714 -15.90878963,5.88358545 -2.51877427 -15.98176289,5.88265467 -2.864465 -15.81584835,5.96017599 -2.65270185 -15.92751408,5.85166597 -2.50355029 -15.98984623,5.91018867 -2.82843542 -15.84158134,5.94921398 -2.61501622 -15.94424725,5.81791735 -2.4952507 -15.99564743,5.93084908 -2.78941894 -15.86572266,5.9319787 -2.58102226 -15.95890999,5.77980042 -2.92616916 -15.76009655,5.78360271 -2.49407482 -15.99913883,5.94426823 -2.74865198 -15.88815975,5.90924454 -2.55174184 -15.97143459,5.82093287 -2.90227914 -15.78864479,5.95029783 -2.70741463 -15.90878963,5.88195038 -2.52804685 -15.98176289,5.85690737 -2.87283087 -15.81584835,5.94901228 -2.666991 -15.92751408,5.85117054 -2.51063347 -15.98984623,5.88688803 -2.83880973 -15.84158134,5.94070578 -2.62863255 -15.94424725,5.81808329 -2.5 -15.99564743,5.91021967 -2.80132937 -15.86572266,5.92588377 -2.59351897 -15.95890999,5.78393412 -2.49643326 -15.99913883,5.92644978 -2.76159787 -15.88815975,5.90524769 -2.56272411 -15.97143459,5.79269838 -2.90624714 -15.78864479,5.93534136 -2.72088146 -15.90878963,5.87967253 -2.53718305 -15.98176289,5.83063984 -2.87937999 -15.81584835,5.93687868 -2.68046665 -15.92751408,5.85018253 -2.51766491 -15.98984623,5.86292028 -2.84753323 -15.84158134,5.93126822 -2.64162207 -15.94424725,5.81791735 -2.5047493 -15.99564743,5.88880968 -2.81177163 -15.86572266,5.91893148 -2.6055603 -15.95890999,5.78410053 -2.4988091 -15.99913883,5.90777206 -2.77326918 -15.88815975,5.9004941 -2.57340074 -15.97143459,5.764256 -2.90823603 -15.78864479,5.91948223 -2.73327208 -15.90878963,5.87676287 -2.54613805 -15.98176289,5.80397892 -2.88408113 -15.81584835,5.9238348 -2.69306302 -15.92751408,5.84870625 -2.52461028 -15.98984623,5.83840275 -2.85456347 -15.84158134,5.92094755 -2.65392184 -15.94424725,5.81742096 -2.50947547 -15.99564743,5.86672354 -2.82069516 -15.86572266,5.91115665 -2.61708713 -15.95890999,5.78410053 -2.5011909 -15.99913883,5.88832521 -2.78360915 -15.88815975,5.89500713 -2.58371997 -15.97143459,5.90279722 -2.74452639 -15.90878963,5.8732357 -2.55486822 -15.98176289,5.77705526 -2.88691092 -15.81584835,5.90994406 -2.70471883 -15.92751408,5.84674931 -2.53143573 -15.98984623,5.81345415 -2.85986638 -15.84158134,5.90979385 -2.66547155 -15.94424725,5.81659555 -2.51415539 -15.99564743,5.84406853 -2.8280561 -15.86572266,5.90259647 -2.62804365 -15.95890999,5.78393412 -2.50356674 -15.99913883,5.86820507 -2.79256725 -15.88815975,5.88881397 -2.59363127 -15.97143459,5.88536739 -2.75458932 -15.90878963,5.8691082 -2.56333089 -15.98176289,5.89527369 -2.71537733 -15.92751408,5.84432077 -2.53810787 -15.98984623,5.78819656 -2.86341619 -15.84158134,5.89786196 -2.67621517 -15.94424725,5.8154459 -2.5187664 -15.99564743,5.82095528 -2.83381891 -15.86572266,5.8932929 -2.63837624 -15.95890999,5.78360271 -2.50592518 -15.99913883,5.84750843 -2.80010009 -15.88815975,5.88194418 -2.60308623 -15.97143459,5.86727858 -2.76341176 -15.90878963,5.86440039 -2.57148528 -15.98176289,5.87989616 -2.72498655 -15.92751408,5.84143257 -2.54459453 -15.98984623,5.76275301 -2.86519527 -15.84158134,5.88520956 -2.68610024 -15.94424725,5.81397724 -2.52328587 -15.99564743,5.79749632 -2.83795524 -15.86572266,5.88329124 -2.64803481 -15.95890999,5.78310776 -2.50825477 -15.99913883,5.82633686 -2.80617094 -15.88815975,5.87443209 -2.61203909 -15.97143459,5.84861803 -2.77095103 -15.90878963,5.85913515 -2.57929134 -15.98176289,5.8638854 -2.73349953 -15.92751408,5.838099 -2.55086398 -15.98984623,5.87189865 -2.69507861 -15.94424725,5.81219721 -2.52769208 -15.99564743,5.7738061 -2.84044528 -15.86572266,5.87264013 -2.65697217 -15.95890999,5.78245115 -2.51054406 -15.99913883,5.80479383 -2.81075025 -15.88815975,5.86631346 -2.62044621 -15.97143459,5.82947731 -2.77717042 -15.90878963,5.85333824 -2.58671093 -15.98176289,5.8473196 -2.74087501 -15.92751408,5.83433628 -2.55688548 -15.98984623,5.8579936 -2.70310664 -15.94424725,5.81011391 -2.53196311 -15.99564743,5.86139154 -2.66514468 -15.95890999,5.78163671 -2.5127821 -15.99913883,5.7829833 -2.81381536 -15.88815975,5.85762835 -2.62826633 -15.97143459,5.8099494 -2.78203917 -15.90878963,5.84703779 -2.59370828 -15.98176289,5.8302803 -2.74707675 -15.92751408,5.83016253 -2.56262994 -15.98984623,5.8435626 -2.71014524 -15.94424725,5.80773783 -2.53607869 -15.99564743,5.84960032 -2.67251277 -15.95890999,5.78066778 -2.51495767 -15.99913883,5.76101255 -2.81535172 -15.88815975,5.84841871 -2.63546157 -15.97143459,5.79012918 -2.78553414 -15.90878963,5.8402648 -2.60024905 -15.98176289,5.81284952 -2.75207496 -15.92751408,5.82559872 -2.56806922 -15.98984623,5.82867575 -2.71615982 -15.94424725,5.80508041 -2.54001832 -15.99564743,5.83732367 -2.67904019 -15.95890999,5.7795496 -2.51706052 -15.99913883,5.83872938 -2.6419971 -15.97143459,5.77011347 -2.78763771 -15.90878963,5.83305168 -2.60630131 -15.98176289,5.79511261 -2.75584507 -15.92751408,5.82066631 -2.5731771 -15.98984623,5.81340551 -2.72112155 -15.94424725,5.80215502 -2.54376316 -15.99564743,5.82462168 -2.68469548 -15.95890999,5.77828789 -2.5190804 -15.99913883,5.82860804 -2.6478405 -15.97143459,5.82543421 -2.61183572 -15.98176289,5.77715588 -2.75836873 -15.92751408,5.81538963 -2.57792807 -15.98984623,5.79782629 -2.72500587 -15.94424725,5.79897499 -2.54729462 -15.99564743,5.81155634 -2.68945098 -15.95890999,5.77688789 -2.52100706 -15.99913883,5.81810379 -2.65296388 -15.97143459,5.81744909 -2.61682534 -15.98176289,5.75906658 -2.75963378 -15.92751408,5.80979443 -2.58229971 -15.98984623,5.78201437 -2.72779393 -15.94424725,5.79555655 -2.55059576 -15.99564743,5.79819107 -2.69328332 -15.95890999,5.77535677 -2.52283144 -15.99913883,5.80726767 -2.65734196 -15.97143459,5.80913544 -2.62124586 -15.98176289,5.80390739 -2.58627033 -15.98984623,5.76604605 -2.72947216 -15.94424725,5.79191637 -2.55365038 -15.99564743,5.78459072 -2.69617414 -15.95890999,5.77370262 -2.52454472 -15.99913883,5.79615259 -2.66095352 -15.97143459,5.80053377 -2.62507558 -15.98176289,5.79775858 -2.58982038 -15.98984623,5.78807163 -2.55644369 -15.99564743,5.77082205 -2.69810939 -15.95890999,5.7719326 -2.52613831 -15.99913883,5.78481293 -2.66378093 -15.97143459,5.79168606 -2.6282959 -15.98176289,5.79137659 -2.59293318 -15.98984623,5.78404188 -2.55896187 -15.99564743,5.75695181 -2.69907928 -15.95890999,5.77005577 -2.52760458 -15.99913883,5.77330303 -2.66581035 -15.97143459,5.78263474 -2.63089132 -15.98176289,5.7847929 -2.59559298 -15.98984623,5.77984571 -2.56119299 -15.99564743,5.76808167 -2.52893639 -15.99913883,5.76168013 -2.667032 -15.97143459,5.77342463 -2.63284898 -15.98176289,5.77803993 -2.59778714 -15.98984623,5.77550459 -2.56312585 -15.99564743,5.76601887 -2.53012729 -15.99913883,5.76410055 -2.63415933 -15.98176289,5.77115059 -2.59950495 -15.98984623,5.77103901 -2.56475115 -15.99564743,5.76387835 -2.53117132 -15.99913883,5.75470781 -2.63481617 -15.98176289,5.76415777 -2.60073805 -15.98984623,5.76647091 -2.56606102 -15.99564743,5.76167011 -2.53206348 -15.99913883,5.75709629 -2.60148025 -15.98984623,5.7618227 -2.56704903 -15.99564743,5.75940514 -2.53279948 -15.99913883,5.75711679 -2.5677104 -15.99564743,5.75709438 -2.5333755 -15.99913883,5.75237608 -2.5680418 -15.99564743,5.75474882 -2.53378916 -15.99913883,5.75238037 -2.53403807 -15.99913883,6.24995279 -2.50686502 -0.49969542,6.24902725 -2.53117418 -0.49969542,6.24692011 -2.55540943 -0.49969542,6.24363708 -2.57951379 -0.49969542,6.23918533 -2.60342956 -0.49969542,6.23357582 -2.62710071 -0.49969542,6.22682142 -2.65047097 -0.49969542,6.21893787 -2.67348504 -0.49969542,6.20994473 -2.69608855 -0.49969542,6.19986296 -2.71822762 -0.49969542,6.18871593 -2.73985028 -0.49969542,6.17653084 -2.76090527 -0.49969542,6.1633358 -2.78134251 -0.49969542,6.14916229 -2.80111384 -0.49969542,6.13404369 -2.82017231 -0.49969542,6.11801624 -2.83847284 -0.49969542,6.10111809 -2.85597229 -0.49969542,6.08338833 -2.87262893 -0.49969542,6.06486893 -2.88840365 -0.49969542,6.04560471 -2.9032588 -0.49969542,6.02564096 -2.91715956 -0.49969542,6.00502443 -2.93007278 -0.49969542,5.98380423 -2.94196796 -0.49969542,5.96203041 -2.95281672 -0.49969542,5.93975496 -2.96259379 -0.49969542,5.91703033 -2.97127581 -0.49969542,5.89390993 -2.97884226 -0.49969542,5.87044907 -2.98527527 -0.49969542,5.84670353 -2.99055934 -0.49969542,5.82272863 -2.99468231 -0.49969542,5.7985816 -2.99763417 -0.49969542,5.77431965 -2.99940825 -0.49969542,6.07435417 2.51829386 -0.64979935,5.57711363 2.5522325 -0.17703831,5.58075285 2.55197787 -0.17703831,5.58436537 2.55147028 -0.17703831,5.58134604 2.5866127 -0.18189539,5.58793354 2.55071187 -0.17703831,5.58737326 2.58597922 -0.18189539,5.57951117 2.62088728 -0.18915141,5.5914402 2.54970622 -0.17703831,5.59334135 2.58492684 -0.18189539,5.58793354 2.62029839 -0.18915141,5.59486818 2.54845858 -0.17703831,5.59922123 2.58346081 -0.18189539,5.59629393 2.61912322 -0.18915141,5.58606768 2.65413213 -0.198771,5.59820032 2.5469749 -0.17703831,5.60498476 2.58158803 -0.18189539,5.60455227 2.61736798 -0.18915141,5.5967927 2.65300488 -0.198771,5.58182621 2.6871891 -0.21070734,5.60142136 2.54526234 -0.17703831,5.59978962 2.51828384 -0.17523468,5.61060381 2.57931805 -0.18189539,5.61266804 2.61504078 -0.18915141,5.60741329 2.65113211 -0.198771,5.59486818 2.68627715 -0.21070734,5.60451508 2.54332924 -0.17703831,5.61605072 2.57666135 -0.18189539,5.62060213 2.61215329 -0.18915141,5.61787748 2.64852333 -0.198771,5.60781431 2.68445778 -0.21070734,5.60746622 2.54118514 -0.17703831,5.59057903 2.71865177 -0.22490224,5.62129879 2.57363129 -0.18189539,5.62831497 2.60871935 -0.18915141,5.62813425 2.64519072 -0.198771,5.62060165 2.68173981 -0.21070734,5.61026096 2.53884029 -0.17703831,5.60579395 2.71705246 -0.22490224,5.62632322 2.57024264 -0.18189539,5.58401442 2.74984765 -0.24128656,5.63576937 2.60475564 -0.18915141,5.63813305 2.64115095 -0.198771,5.6331687 2.67813635 -0.21070734,5.612885 2.53630614 -0.17703831,5.62086058 2.714396 -0.22490224,5.63109875 2.56651163 -0.18189539,5.60142136 2.74863052 -0.24128656,5.64292955 2.60028172 -0.18915141,5.64782619 2.63642335 -0.198771,5.64545393 2.67366505 -0.21070734,5.61532593 2.53359532 -0.17703831,5.63570452 2.71069503 -0.22490224,5.635602 2.56245661 -0.18189539,5.61870098 2.74620199 -0.24128656,5.64975977 2.59531927 -0.18915141,5.59479332 2.77891541 -0.25978047,5.65716553 2.63103127 -0.198771,5.65739679 2.6683476 -0.21070734,5.61757183 2.53072071 -0.17703831,5.65025473 2.70596743 -0.22490224,5.63981199 2.55809736 -0.18189539,5.63576937 2.74257421 -0.24128656,5.65622759 2.58989239 -0.18915141,5.61420155 2.7768755 -0.25978047,5.66610622 2.62500072 -0.198771,5.58603287 2.80764318 -0.28029388,5.66894007 2.66220999 -0.21070734,5.61961174 2.52769637 -0.17703831,5.6644392 2.70023656 -0.22490224,5.64370728 2.55345511 -0.18189539,5.65254307 2.73776436 -0.24128656,5.66230059 2.58402753 -0.18915141,5.63342047 2.77348685 -0.25978047,5.67460489 2.61836123 -0.198771,5.60746622 2.80614448 -0.28029388,5.68002701 2.65528226 -0.21070734,5.62143612 2.52453732 -0.17703831,5.67818975 2.69353008 -0.22490224,5.64726973 2.54855227 -0.18189539,5.66894007 2.7317965 -0.24128656,5.66795015 2.57775331 -0.18915141,5.65235615 2.76876569 -0.25978047,5.68261909 2.61114526 -0.198771,5.62874317 2.80315423 -0.28029388,5.69060373 2.64759803 -0.21070734,5.59862757 2.83375025 -0.30272686,5.62303495 2.52125859 -0.17703831,5.62423038 2.51907396 -0.17706594,5.69143915 2.6858809 -0.22490224,5.65048075 2.54341316 -0.18189539,5.68488121 2.72469926 -0.24128656,5.67314816 2.57110023 -0.18915141,5.67091608 2.76273513 -0.25978047,5.69011068 2.60338759 -0.198771,5.64975977 2.79868722 -0.28029388,5.70061874 2.63919473 -0.21070734,5.62185144 2.83130932 -0.30272686,5.62440157 2.51787615 -0.17703831,5.70412207 2.67732596 -0.22490224,5.58784199 2.85945082 -0.32697007,5.65332603 2.53806233 -0.18189539,5.7002883 2.7165072 -0.24128656,5.67786932 2.56410098 -0.18915141,5.68901014 2.75542474 -0.25978047,5.69704294 2.59512639 -0.198771,5.67041349 2.7927649 -0.28029388,5.71002293 2.63011336 -0.21070734,5.64484882 2.82725453 -0.30272686,5.71617794 2.66790724 -0.22490224,5.612885 2.85769963 -0.32697007,5.65579128 2.53252625 -0.18189539,5.71508646 2.70726061 -0.24128656,5.68209124 2.5567894 -0.18915141,5.7065506 2.7468698 -0.25978047,5.70338202 2.5864017 -0.198771,5.69060373 2.78541636 -0.28029388,5.71877098 2.62039804 -0.21070734,5.66750717 2.82160521 -0.30272686,5.72754717 2.6576705 -0.22490224,5.6377449 2.85420585 -0.32697007,5.65786409 2.52683163 -0.18189539,5.64855385 2.51981807 -0.18009321,5.67270088 2.52051449 -0.18430923,5.72920322 2.69700408 -0.24128656,5.60200787 2.88208914 -0.35290545,5.68579245 2.54920101 -0.18915141,5.72345161 2.73711228 -0.25978047,5.70909691 2.5772562 -0.198771,5.71023226 2.77667737 -0.28029388,5.72681999 2.61009598 -0.21070734,5.68971634 2.81438899 -0.30272686,5.73817444 2.64666557 -0.22490224,5.66230059 2.84898639 -0.32697007,5.7425704 2.68578792 -0.24128656,5.62859535 2.87929487 -0.35290545,5.68895531 2.54137301 -0.18915141,5.73963022 2.72619963 -0.25978047,5.58940649 2.90426207 -0.38040665,5.71415997 2.56773424 -0.198771,5.72920322 2.76659036 -0.28029388,5.73413038 2.59925795 -0.21070734,5.71136808 2.80564141 -0.30272686,5.74800873 2.63494635 -0.22490224,5.68643236 2.842067 -0.32697007,5.75512266 2.67366648 -0.24128656,5.65492344 2.87465239 -0.35290545,5.69156408 2.53334355 -0.18915141,5.7550087 2.714185 -0.25978047,5.61757183 2.90229273 -0.38040665,5.71854639 2.55788231 -0.198771,5.7474246 2.75520468 -0.28029388,5.74066734 2.58793616 -0.21070734,5.73235655 2.79540467 -0.30272686,5.75700092 2.62256956 -0.22490224,5.71002245 2.83348083 -0.32697007,5.76679897 2.66069913 -0.24128656,5.68086338 2.86818504 -0.35290545,5.69360685 2.52515149 -0.18915141,5.69661331 2.52116179 -0.18970384,5.72023439 2.52175808 -0.19626407,5.7695117 2.70112681 -0.25978047,5.6455307 2.89836335 -0.38040665,5.7222352 2.54774833 -0.198771,5.76480722 2.74257565 -0.28029388,5.60486794 2.92299128 -0.40933964,5.74639845 2.57618594 -0.21070734,5.75258017 2.78372884 -0.30272686,5.76510859 2.60959554 -0.22490224,5.73295641 2.82327008 -0.32697007,5.77754211 2.64694905 -0.24128656,5.70628929 2.85992384 -0.35290545,5.78306818 2.68708897 -0.25978047,5.67314768 2.89249325 -0.38040665,5.72520781 2.53738165 -0.198771,5.78126621 2.72876501 -0.28029388,5.63430166 2.91989756 -0.40933964,5.75129604 2.5640645 -0.21070734,5.77193975 2.77067065 -0.30272686,5.59069681 2.94120479 -0.43956348,5.77229071 2.59608769 -0.22490224,5.75512218 2.81148458 -0.32697007,5.78730011 2.63248277 -0.24128656,5.73107672 2.84990907 -0.35290545,5.79561234 2.67213964 -0.25978047,5.70028782 2.88471103 -0.38040665,5.72745037 2.52683306 -0.198771,5.74350643 2.52230191 -0.20397416,5.79672241 2.71383977 -0.28029388,5.66344786 2.91475844 -0.40933964,5.75533628 2.55163097 -0.21070734,5.79034185 2.75629401 -0.30272686,5.62143564 2.93905544 -0.43956348,5.77851391 2.5821116 -0.22490224,5.77641201 2.79818153 -0.32697007,5.7960248 2.61737108 -0.24128656,5.7551055 2.83818984 -0.35290545,5.80708361 2.65635157 -0.25978047,5.72681952 2.8750546 -0.38040665,5.81109953 2.69787264 -0.28029388,5.6921649 2.9075985 -0.40933964,5.75849915 2.53894591 -0.21070734,5.80769587 2.74066854 -0.30272686,5.65194988 2.93476701 -0.43956348,5.78374624 2.56773567 -0.22490224,5.79672194 2.78342581 -0.32697007,5.60715199 2.9556601 -0.47093093,5.8036747 2.60168791 -0.24128656,5.77825785 2.8248229 -0.35290545,5.81742525 2.63980174 -0.25978047,5.75261211 2.86357093 -0.38040665,5.82432747 2.68094158 -0.28029388,5.7203126 2.898453 -0.40933964,5.76076984 2.52607131 -0.21070734,5.76637411 2.52279234 -0.21281554,5.82391739 2.72387075 -0.30272686,5.68209028 2.92836046 -0.43956348,5.78796339 2.55302978 -0.22490224,5.81595325 2.76728916 -0.32697007,5.63885927 2.95232749 -0.47093093,5.81021166 2.58550906 -0.24128656,5.80042171 2.80987334 -0.35290545,5.59168673 2.96956015 -0.50328916,5.82658768 2.62257099 -0.25978047,5.77754164 2.85031605 -0.38040665,5.83634281 2.66312909 -0.28029388,5.74775362 2.88736629 -0.40933964,5.83892822 2.70598221 -0.30272686,5.71171093 2.91986704 -0.43956348,5.79114485 2.53806543 -0.22490224,5.78878212 2.52322769 -0.22276695,5.81067657 2.52360725 -0.23380445,5.83401203 2.74985051 -0.32697007,5.67025661 2.94679141 -0.47093093,5.81560373 2.5689137 -0.24128656,5.82148886 2.79341435 -0.35290545,5.62440157 2.96727252 -0.50328916,5.83452511 2.604743 -0.25978047,5.80148506 2.83535457 -0.38040665,5.84708595 2.64452195 -0.28029388,5.77435446 2.87439227 -0.40933964,5.85265446 2.6870904 -0.30272686,5.74066639 2.90932822 -0.43956348,5.85081005 2.73119473 -0.32697007,5.70119143 2.93907857 -0.47093093,5.81982565 2.55198264 -0.24128656,5.84135628 2.77552605 -0.35290545,5.65687656 2.96270847 -0.50328916,5.84120035 2.58640456 -0.25978047,5.82432699 2.81875944 -0.38040665,5.60881615 2.97946 -0.53648061,5.85650492 2.62521052 -0.28029388,5.79998541 2.85959458 -0.40933964,5.86502934 2.66728687 -0.30272686,5.76881647 2.89679527 -0.43956348,5.86626625 2.71141243 -0.32697007,5.73151302 2.92922664 -0.47093093,5.82285595 2.53479815 -0.24128656,5.83200502 2.52393007 -0.2459015,5.85992765 2.7562952 -0.35290545,5.68895435 2.95589018 -0.50328916,5.84657955 2.56764555 -0.25978047,5.84595585 2.80061126 -0.38040665,5.64217949 2.97595358 -0.53648061,5.86455441 2.60528922 -0.28029388,5.82452202 2.84304476 -0.40933964,5.59235811 2.98877597 -0.57034343,5.87599277 2.64666843 -0.30272686,5.79602385 2.88232923 -0.43956348,5.88030434 2.6906004 -0.32697007,5.76107359 2.91728377 -0.47093093,5.87711239 2.73581576 -0.35290545,5.72047806 2.94685102 -0.50328916,5.85063744 2.5485568 -0.25978047,5.86626577 2.78099847 -0.38040665,5.67521715 2.9701283 -0.53648061,5.87119389 2.58485484 -0.28029388,5.84784412 2.82482386 -0.40933964,5.62641096 2.98639464 -0.57034343,5.88549137 2.62533545 -0.30272686,5.82215595 2.86600041 -0.43956348,5.89285707 2.66885948 -0.32697007,5.78972864 2.90330791 -0.47093093,5.89282656 2.71418762 -0.35290545,5.75129509 2.93563485 -0.50328916,5.85335398 2.52923155 -0.25978047,5.87275934 2.52440238 -0.27315536,5.85271549 2.52419543 -0.25902897,5.88515806 2.76001668 -0.38040665,5.70776796 2.96201253 -0.53648061,5.87639236 2.56400728 -0.28029388,5.86983824 2.80502057 -0.40933964,5.66021538 2.98164392 -0.57034343,5.89347839 2.60339189 -0.30272686,5.847085 2.84788871 -0.43956348,5.609828 2.99392796 -0.60471272,5.903862 2.64629626 -0.32697007,5.81733942 2.88736701 -0.47093093,5.90699387 2.69151592 -0.35290545,5.78125429 2.92229629 -0.50328916,5.90254068 2.73776841 -0.38040665,5.73967314 2.95164609 -0.53648061,5.88012362 2.54284787 -0.28029388,5.89208698 2.52455091 -0.2882466,5.89039755 2.78373122 -0.40933964,5.6936059 2.97454667 -0.57034343,5.8999157 2.58094454 -0.30272686,5.87068987 2.82808185 -0.43956348,5.64419794 2.99031568 -0.60471272,5.91326666 2.62302017 -0.32697007,5.84377098 2.86953926 -0.47093093,5.59269667 2.99847817 -0.63942105,5.91954517 2.66791129 -0.35290545,5.81020975 2.90690064 -0.50328916,5.91832924 2.71436167 -0.38040665,5.77077723 2.93907928 -0.53648061,5.90942192 2.76105952 -0.40933964,5.72641993 2.96513748 -0.57034343,5.90477133 2.55810308 -0.30272686,5.89285612 2.8066771 -0.43956348,5.67823267 2.98431444 -0.60471272,5.9210248 2.5991447 -0.32697007,5.8688941 2.84991097 -0.47093093,5.62742615 2.99604964 -0.63942105,5.93041945 2.64348841 -0.35290545,5.83802128 2.88952231 -0.50328916,5.93244648 2.68991065 -0.38040665,5.80092955 2.92437339 -0.53648061,5.92681837 2.7371161 -0.40933964,5.75849771 2.95346236 -0.57034343,5.90802145 2.53497839 -0.30272686,5.91065311 2.52464008 -0.30426645,5.92841244 2.52467012 -0.32117635,5.91347504 2.78377795 -0.43956348,5.71176529 2.97595382 -0.60471272,5.92709875 2.57478619 -0.32697007,5.89258718 2.82857823 -0.47093093,5.661901 2.9912045 -0.63942105,5.93956327 2.61836672 -0.35290545,5.8645525 2.87024665 -0.50328916,5.94482422 2.66453433 -0.38040665,5.82998228 2.90759993 -0.53648061,5.94250202 2.7120173 -0.40933964,5.78968287 2.93957806 -0.57034343,5.932446 2.75949645 -0.43956348,5.7446332 2.96527457 -0.60471272,5.93145847 2.55006337 -0.32697007,5.94532204 2.5246408 -0.33893564,5.91473436 2.80564451 -0.47093093,5.69595432 2.98396659 -0.63942105,5.94693279 2.59266829 -0.35290545,5.88967466 2.84916711 -0.50328916,5.95540094 2.63835645 -0.38040665,5.85779428 2.88884091 -0.53648061,5.95639706 2.68588591 -0.40933964,5.81982374 2.92355204 -0.57034343,5.94967747 2.73395061 -0.43956348,5.77667618 2.95232868 -0.60471272,5.93522787 2.78122187 -0.47093093,5.72941971 2.97437048 -0.63942105,5.95249176 2.56651831 -0.35290545,5.91326523 2.82638645 -0.50328916,5.96412611 2.61150455 -0.38040665,5.88422966 2.86818767 -0.53648061,5.96843529 2.65884876 -0.40933964,5.848773 2.90546274 -0.57034343,5.96508503 2.70726514 -0.43956348,5.8077383 2.93717909 -0.60471272,5.95396805 2.75542927 -0.47093093,5.76213408 2.96246362 -0.63942105,5.956213 2.54004455 -0.35290545,5.96134186 2.52455235 -0.35750163,5.93520927 2.80201578 -0.50328916,5.97095728 2.58410954 -0.38040665,5.90916014 2.84574056 -0.53648061,5.97855806 2.63103771 -0.40933964,5.87638998 2.88539815 -0.57034343,5.97859335 2.67956996 -0.43956348,5.83766747 2.91989946 -0.60471272,5.97086334 2.72839212 -0.47093093,5.79393864 2.9483037 -0.63942105,5.95539999 2.77617359 -0.50328916,5.9758606 2.55630469 -0.38040665,5.97643328 2.52440476 -0.37682959,5.99055958 2.52419829 -0.39687309,5.93246412 2.82160902 -0.53648061,5.98671675 2.60258818 -0.40933964,5.90254021 2.86345601 -0.57034343,5.99013662 2.65100002 -0.43956348,5.8663187 2.90057445 -0.60471272,5.98583126 2.70024228 -0.47093093,5.82467747 2.93195963 -0.63942105,5.97373867 2.74898624 -0.50328916,5.95402813 2.7959106 -0.53648061,5.99287033 2.57363915 -0.40933964,5.92709637 2.83974314 -0.57034343,5.99965954 2.62169433 -0.43956348,5.8935523 2.87929773 -0.60471272,5.99879932 2.67111707 -0.47093093,5.85420179 2.91351128 -0.63942105,5.99013615 2.72058558 -0.50328916,5.97374725 2.76877069 -0.53648061,5.9969902 2.54433107 -0.40933964,6.00368738 2.52393389 -0.41758388,5.9499383 2.81437516 -0.57034343,6.00711441 2.59179568 -0.43956348,5.91923475 2.85617328 -0.60471272,6.00970411 2.6411581 -0.47093093,5.88236713 2.89304852 -0.63942105,6.00451279 2.69111061 -0.50328916,5.9915247 2.7403214 -0.53648061,5.9709549 2.78747559 -0.57034343,6.01246595 2.56145 -0.43956348,5.94324207 2.83131361 -0.60471272,6.01849222 2.61051154 -0.47093093,5.90903616 2.87067056 -0.63942105,6.01679802 2.66070437 -0.50328916,6.00727463 2.71070147 -0.53648061,5.99004412 2.75917554 -0.57034343,6.01568747 2.53080487 -0.43956348,6.02682161 2.5232327 -0.46080664,6.01578426 2.52361178 -0.43891215,5.96545696 2.80483985 -0.60471272,6.02512169 2.57932639 -0.47093093,5.93407965 2.84648705 -0.63942105,6.02693272 2.62951517 -0.50328916,6.0209198 2.6800549 -0.53648061,6.00711298 2.72961283 -0.57034343,5.9857707 2.77688098 -0.60471272,6.02955914 2.547755 -0.47093093,6.0367732 2.52279806 -0.48321465,5.95737505 2.82061553 -0.63942105,6.03486681 2.59769511 -0.50328916,6.03239441 2.64853096 -0.53648061,6.02207756 2.69893146 -0.57034343,6.00408459 2.74757314 -0.60471272,5.97880888 2.7931819 -0.63942105,6.04056215 2.56539917 -0.50328916,6.04164171 2.61628366 -0.53648061,6.03486586 2.66728091 -0.57034343,6.02030993 2.71705937 -0.60471272,5.99827719 2.76432014 -0.63942105,6.04399061 2.53278446 -0.50328916,6.04561424 2.52230835 -0.50608224,6.0533247 2.52176499 -0.52935451,6.04861689 2.58346987 -0.53648061,6.0454154 2.63481545 -0.57034343,6.03436708 2.68548799 -0.60471272,6.0156846 2.73417068 -0.63942105,6.05328655 2.55024934 -0.53648061,6.05988455 2.52116942 -0.55297542,6.05367422 2.60169315 -0.57034343,6.0461874 2.65301299 -0.60471272,6.03094673 2.70288014 -0.63942105,6.05960274 2.56807542 -0.57034343,6.05571413 2.6197927 -0.60471272,6.0439887 2.67060137 -0.63942105,6.06317139 2.53412628 -0.57034343,6.06527948 2.52052283 -0.57688814,6.06290007 2.58598852 -0.60471272,6.0547471 2.63749146 -0.63942105,6.0677104 2.55176568 -0.60471272,6.0694952 2.51982689 -0.60103512,6.07252264 2.5190835 -0.6253584,6.06317043 2.60371184 -0.63942105,6.06921625 2.56942677 -0.63942105,6.07285595 2.53480363 -0.63942105,5.77449989 -2.48171616 -0.00063083,5.79894066 -2.48092604 -0.00246209,5.82326412 -2.48018193 -0.00548937,5.84741116 -2.47948551 -0.00970538,5.87132359 -2.47883821 -0.0151,5.89494467 -2.47824192 -0.02166023,5.91821671 -2.47769809 -0.02937031,5.94108438 -2.47720766 -0.03821169,5.96349239 -2.47677231 -0.0481631,5.98538685 -2.47639275 -0.0592006,6.0067153 -2.47606993 -0.07129765,6.02742577 -2.47580457 -0.08442514,6.04746962 -2.47559762 -0.0985515,6.06679726 -2.47544909 -0.11364276,6.08536339 -2.47535992 -0.1296626,6.10312271 -2.47532988 -0.14657252,6.12003231 -2.4753592 -0.16433181,6.13605261 -2.47544765 -0.18289776,6.15114355 -2.47559524 -0.20222573,6.16526985 -2.47580171 -0.22226922,6.17839766 -2.47606611 -0.24298002,6.19049454 -2.47638822 -0.2643083,6.20153189 -2.4767673 -0.28620279,6.21148348 -2.47720194 -0.3086108,6.22032452 -2.47769165 -0.33147842,6.22803497 -2.47823501 -0.35475066,6.23459482 -2.47883058 -0.37837154,6.23998976 -2.47947717 -0.40228426,6.24420547 -2.48017311 -0.4264313,6.24723291 -2.4809165 -0.45075455,6.24906445 -2.48170614 -0.47519553,5.77893639 -2.48191857 -0.00086103,5.78012705 -2.48398113 -0.00086103,5.78117132 -2.48612165 -0.00086103,5.78206348 -2.48832989 -0.00086103,5.78279924 -2.49059486 -0.00086103,5.78337574 -2.49290586 -0.00086103,5.78378916 -2.49525118 -0.00086103,5.81606102 -2.48352909 -0.00435244,5.78403807 -2.49761987 -0.00086103,5.81704903 -2.48817754 -0.00435244,5.78412104 -2.5 -0.00086103,5.8177104 -2.49288344 -0.00435244,5.78403807 -2.50238013 -0.00086103,5.8180418 -2.49762392 -0.00435244,5.85073805 -2.48584223 -0.01015337,5.78378916 -2.50474882 -0.00086103,5.8180418 -2.50237608 -0.00435244,5.85148001 -2.49290371 -0.01015337,5.78337574 -2.50709414 -0.00086103,5.8177104 -2.50711656 -0.00435244,5.85172796 -2.5 -0.01015337,5.88415956 -2.48589921 -0.01823677,5.78279924 -2.50940514 -0.00086103,5.81704903 -2.51182246 -0.00435244,5.85148001 -2.50709629 -0.01015337,5.88481617 -2.49529219 -0.01823677,5.78206348 -2.51167011 -0.00086103,5.81606102 -2.51647091 -0.00435244,5.85073805 -2.51415777 -0.01015337,5.88481617 -2.50470781 -0.01823677,5.91703176 -2.48831987 -0.02856496,5.78117132 -2.51387835 -0.00086103,5.81475115 -2.52103901 -0.00435244,5.84950495 -2.52115035 -0.01015337,5.88415956 -2.51410079 -0.01823677,5.91743994 -2.5 -0.02856496,5.78012705 -2.51601887 -0.00086103,5.81312561 -2.52550435 -0.00435244,5.84778738 -2.52803993 -0.01015337,5.88284874 -2.52342486 -0.01823677,5.91703176 -2.51168013 -0.02856496,5.77893639 -2.51808143 -0.00086103,5.94907904 -2.49304795 -0.04108977,5.81119299 -2.52984571 -0.00435244,5.84559298 -2.53479314 -0.01015337,5.88089132 -2.53263497 -0.01823677,5.91581011 -2.52330303 -0.02856496,5.77760458 -2.52005601 -0.00086103,5.94907904 -2.50695205 -0.04108977,5.80896187 -2.53404164 -0.00435244,5.97947216 -2.48395371 -0.05575281,5.84293318 -2.54137659 -0.01015337,5.8782959 -2.54168582 -0.01823677,5.91378069 -2.53481269 -0.02856496,5.77613831 -2.5219326 -0.00086103,5.94810915 -2.52082205 -0.04108977,5.80644369 -2.53807163 -0.00435244,5.98003244 -2.5 -0.05575281,5.83982038 -2.54775834 -0.01015337,5.87507582 -2.55053377 -0.01823677,5.91095352 -2.54615259 -0.02856496,5.77454472 -2.52370262 -0.00086103,5.94617414 -2.53459072 -0.04108977,5.80365038 -2.54191637 -0.00435244,5.97947216 -2.51604629 -0.05575281,5.83627033 -2.55390763 -0.01015337,6.00963354 -2.49093342 -0.07248572,5.87124586 -2.55913568 -0.01823677,5.90734196 -2.5572679 -0.02856496,5.77283144 -2.52535701 -0.00086103,5.94328356 -2.54819107 -0.04108977,5.80059576 -2.54555655 -0.00435244,5.97779369 -2.53201437 -0.05575281,5.83229971 -2.55979419 -0.01015337,6.00963354 -2.50906658 -0.07248572,5.86682558 -2.56744909 -0.01823677,5.90296364 -2.56810379 -0.02856496,5.77100706 -2.52688789 -0.00086103,5.93945074 -2.56155634 -0.04108977,5.79729462 -2.54897499 -0.00435244,5.97500563 -2.54782653 -0.05575281,5.82792807 -2.56538939 -0.01015337,6.00836897 -2.52715564 -0.07248572,5.86183596 -2.57543421 -0.01823677,6.03834009 -2.5 -0.09121047,5.8978405 -2.57860827 -0.02856496,5.76908016 -2.52828765 -0.00086103,5.93469572 -2.57462192 -0.04108977,5.79376316 -2.55215478 -0.00435244,5.97112131 -2.56340551 -0.05575281,5.82317686 -2.57066631 -0.01015337,6.00584507 -2.54511237 -0.07248572,5.85630131 -2.58305168 -0.01823677,6.03763771 -2.52011371 -0.09121047,5.89199686 -2.58872962 -0.02856496,6.06535196 -2.48898768 -0.11183977,5.76706076 -2.52954984 -0.00086103,5.92904043 -2.58732367 -0.04108977,5.79001856 -2.55508065 -0.00435244,5.96615982 -2.57867575 -0.05575281,5.81806946 -2.57559872 -0.01015337,6.0020752 -2.56284928 -0.07248572,5.85024881 -2.59026456 -0.01823677,6.03553391 -2.54012918 -0.09121047,5.88546181 -2.59841871 -0.02856496,6.06535196 -2.51101232 -0.11183977,5.7649579 -2.53066802 -0.00086103,5.92251253 -2.59960032 -0.04108977,5.78607845 -2.55773783 -0.00435244,5.960145 -2.5935626 -0.05575281,5.81263018 -2.58016276 -0.01015337,5.99707699 -2.58028007 -0.07248572,5.84370852 -2.59703779 -0.01823677,6.03203917 -2.5599494 -0.09121047,5.87826633 -2.60762835 -0.02856496,6.06381559 -2.5329833 -0.11183977,5.7627821 -2.53163671 -0.00086103,5.91514492 -2.61139154 -0.04108977,6.09127665 -2.5 -0.13427743,5.78196335 -2.56011391 -0.00435244,5.95310688 -2.60799384 -0.05575281,5.80688572 -2.58433628 -0.01015337,5.99087477 -2.59731984 -0.07248572,5.83671093 -2.60333824 -0.01823677,6.02717018 -2.57947731 -0.09121047,5.87044621 -2.61631346 -0.02856496,6.06075001 -2.5547936 -0.11183977,5.76054382 -2.53245115 -0.00086103,5.90697241 -2.62264013 -0.04108977,6.09044504 -2.52380633 -0.13427743,5.77769184 -2.56219721 -0.00435244,5.94507885 -2.62189865 -0.05575281,6.11519527 -2.48724699 -0.15841885,5.80086422 -2.588099 -0.01015337,5.98349953 -2.6138854 -0.07248572,5.82929134 -2.60913515 -0.01823677,6.02095127 -2.59861803 -0.09121047,5.86203909 -2.62443209 -0.02856496,6.05617094 -2.5763371 -0.11183977,5.75825453 -2.53310776 -0.00086103,5.89803505 -2.63329124 -0.04108977,6.08795547 -2.54749656 -0.13427743,5.77328587 -2.56397748 -0.00435244,5.93610001 -2.6352098 -0.05575281,6.11519527 -2.51275301 -0.15841885,5.79459476 -2.59143257 -0.01015337,5.97498655 -2.62989593 -0.07248572,5.82148504 -2.61440039 -0.01823677,6.013412 -2.61727858 -0.09121047,5.85308647 -2.63194442 -0.02856496,6.05010033 -2.59750843 -0.11183977,5.75592518 -2.53360271 -0.00086103,5.88837624 -2.6432929 -0.04108977,6.08381891 -2.57095528 -0.13427743,5.7687664 -2.5654459 -0.00435244,5.92621517 -2.64786196 -0.05575281,6.11341619 -2.53819656 -0.15841885,5.78810787 -2.59432054 -0.01015337,5.96537733 -2.64527392 -0.07248572,6.13785553 -2.5 -0.18415144,5.81333113 -2.6191082 -0.01823677,6.00458908 -2.63536739 -0.09121047,5.84363127 -2.63881397 -0.02856496,6.04256725 -2.61820483 -0.11183977,5.75356674 -2.53393435 -0.00086103,5.87804365 -2.65259647 -0.04108977,6.07805586 -2.59406853 -0.13427743,5.76415539 -2.56659555 -0.00435244,5.91547155 -2.65979409 -0.05575281,6.10986662 -2.56345415 -0.15841885,5.78143549 -2.59674907 -0.01015337,5.95471907 -2.65994382 -0.07248572,6.13691092 -2.5270555 -0.18415144,5.80486822 -2.6232357 -0.01823677,5.99452639 -2.65279698 -0.09121047,6.15823603 -2.485744 -0.21135525,5.83371973 -2.64500713 -0.02856496,6.03360891 -2.63832545 -0.11183977,5.75119066 -2.53410053 -0.00086103,5.86708736 -2.66115665 -0.04108977,6.07069492 -2.61672354 -0.13427743,5.75947523 -2.56742072 -0.00435244,5.9039216 -2.67094755 -0.05575281,6.10456371 -2.58840251 -0.15841885,5.77461004 -2.59870625 -0.01015337,5.94306326 -2.6738348 -0.07248572,6.13408089 -2.55397916 -0.18415144,5.79613781 -2.62676311 -0.01823677,5.98327208 -2.66948199 -0.09121047,6.15823603 -2.514256 -0.21135525,5.82340097 -2.65049386 -0.02856496,6.02326918 -2.65777206 -0.11183977,5.8555603 -2.66893172 -0.04108977,6.06177187 -2.63880968 -0.13427743,5.7547493 -2.56791759 -0.00435244,5.89162207 -2.68126822 -0.05575281,6.09753323 -2.61292028 -0.15841885,5.76766491 -2.60018253 -0.01015337,5.93046665 -2.68687868 -0.07248572,6.12938023 -2.58063984 -0.18415144,5.78718281 -2.62967277 -0.01823677,5.97088146 -2.6853416 -0.09121047,6.15624714 -2.54269838 -0.21135525,5.81272411 -2.65524745 -0.02856496,6.01159763 -2.67645001 -0.11183977,6.17720985 -2.5 -0.23990344,5.84351921 -2.67588353 -0.04108977,6.05132914 -2.66021967 -0.13427743,5.87863255 -2.69070554 -0.05575281,6.08880949 -2.63688803 -0.15841885,5.76063347 -2.60117078 -0.01015337,5.91699123 -2.69901228 -0.07248572,6.12283087 -2.60690761 -0.18415144,5.77804708 -2.63195062 -0.01823677,5.95741463 -2.70029783 -0.09121047,6.15227938 -2.57093263 -0.21135525,5.8017416 -2.65924478 -0.02856496,5.99865198 -2.69426823 -0.11183977,6.17616892 -2.52980065 -0.23990344,5.83102226 -2.6819787 -0.04108977,6.03941917 -2.68084908 -0.13427743,6.19367218 -2.48450661 -0.26966289,5.86501646 -2.69921398 -0.05575281,6.07843542 -2.66018867 -0.15841885,5.75355005 -2.60166597 -0.01015337,5.90270185 -2.71017623 -0.07248572,6.11446524 -2.63265443 -0.18415144,5.76877403 -2.63358545 -0.01823677,5.94293737 -2.71427846 -0.09121047,6.14635134 -2.5988214 -0.21135525,5.79050732 -2.66246605 -0.02856496,5.98449469 -2.71114016 -0.11183977,6.17305231 -2.55945611 -0.23990344,5.81813049 -2.68718719 -0.04108977,6.02609873 -2.70059729 -0.13427743,6.19367218 -2.51549339 -0.26966289,5.85083961 -2.70675182 -0.05575281,6.06646109 -2.68270898 -0.15841885,5.88766861 -2.72031617 -0.07248572,6.10432386 -2.65775514 -0.18415144,5.7594099 -2.63456988 -0.01823677,5.9275198 -2.72721505 -0.09121047,6.13849211 -2.62622881 -0.21135525,5.77907562 -2.66489601 -0.02856496,5.96919537 -2.72698331 -0.11183977,6.16787434 -2.58882189 -0.23990344,5.80490732 -2.69148374 -0.04108977,6.01143312 -2.71936846 -0.13427743,6.19151068 -2.5464046 -0.26966289,5.83617163 -2.71328235 -0.05575281,6.05294514 -2.70433903 -0.15841885,6.20860577 -2.5 -0.30049488,5.87196493 -2.72938275 -0.07248572,6.09245634 -2.68208718 -0.18415144,5.91123772 -2.7390449 -0.09121047,6.12874079 -2.6530211 -0.21135525,5.76750231 -2.6665225 -0.02856496,5.95282793 -2.74172068 -0.11183977,6.16066027 -2.61775494 -0.23990344,5.79141617 -2.69484758 -0.04108977,5.99549389 -2.73707056 -0.13427743,6.18719816 -2.57708979 -0.26966289,5.82108402 -2.71877384 -0.05575281,6.03795338 -2.72497368 -0.15841885,6.20748854 -2.53199077 -0.30049488,5.85566711 -2.73733187 -0.07248572,6.07892036 -2.70553207 -0.18415144,6.22084332 -2.4835577 -0.3322556,5.89417028 -2.74970984 -0.09121047,6.11714363 -2.67906809 -0.21135525,5.75584364 -2.66733789 -0.02856496,5.93547201 -2.75528049 -0.11183977,6.15144587 -2.64611435 -0.23990344,5.77772331 -2.69726205 -0.04108977,5.97835875 -2.753618 -0.13427743,6.18075562 -2.60739946 -0.26966289,5.80564976 -2.72319961 -0.05575281,6.02155828 -2.74451232 -0.15841885,6.20414257 -2.56382561 -0.30049488,5.83885431 -2.74412465 -0.07248572,6.06378174 -2.72797585 -0.18415144,6.22084332 -2.5164423 -0.3322556,5.87639999 -2.75915837 -0.09121047,6.10375834 -2.70424247 -0.21135525,5.91721296 -2.76759648 -0.11183977,6.14027548 -2.67376184 -0.23990344,5.76389551 -2.69871521 -0.04108977,5.96011066 -2.76892972 -0.13427743,6.17221451 -2.63718581 -0.26966289,5.78994465 -2.7265377 -0.05575281,6.00384045 -2.76285958 -0.15841885,6.19858408 -2.59534955 -0.30049488,5.82160854 -2.74972796 -0.07248572,6.04711485 -2.74930882 -0.18415144,6.21854973 -2.54924655 -0.3322556,5.85801411 -2.76734424 -0.09121047,6.08864927 -2.72842193 -0.21135525,6.23145866 -2.5 -0.36479703,5.898139 -2.7786088 -0.11183977,6.12720394 -2.70056272 -0.23990344,5.94083929 -2.78293109 -0.13427743,6.16161633 -2.66630387 -0.26966289,5.77404499 -2.7287724 -0.05575281,5.98488617 -2.7799263 -0.15841885,6.19084024 -2.62640882 -0.30049488,5.80401373 -2.75411487 -0.07248572,6.02899981 -2.76942706 -0.18415144,6.21397305 -2.58181095 -0.3322556,5.83910179 -2.77422786 -0.09121047,6.07189035 -2.75148845 -0.21135525,6.23028564 -2.53358483 -0.36479703,5.87834311 -2.7882638 -0.11183977,6.1122942 -2.72638655 -0.23990344,6.23924398 -2.48291516 -0.3979674,5.92063808 -2.79555416 -0.13427743,6.14901304 -2.69461155 -0.26966289,5.75802803 -2.72989249 -0.05575281,5.96478748 -2.79562926 -0.15841885,6.18094826 -2.65685248 -0.30049488,5.78615618 -2.75726366 -0.07248572,6.00952625 -2.7882328 -0.18415144,6.20713568 -2.61397672 -0.3322556,5.81975603 -2.77977514 -0.09121047,6.05356359 -2.77332973 -0.21135525,6.22677326 -2.56700611 -0.36479703,5.85792255 -2.79651427 -0.11183977,6.09561968 -2.75110745 -0.23990344,6.23924398 -2.51708484 -0.3979674,5.89960575 -2.80673742 -0.13427743,6.13446569 -2.72197127 -0.26966289,5.94364214 -2.80989194 -0.15841885,6.16895723 -2.68653178 -0.30049488,5.7681222 -2.75915909 -0.07248572,5.98878765 -2.8056345 -0.18415144,6.19807148 -2.64558721 -0.3322556,5.80006981 -2.78395963 -0.09121047,6.03375769 -2.79383945 -0.21135525,6.22093773 -2.60010099 -0.36479703,5.83697557 -2.80332041 -0.11183977,6.07726145 -2.77460504 -0.23990344,6.23686028 -2.55117106 -0.3979674,5.87784433 -2.81642604 -0.13427743,6.11804533 -2.74824953 -0.26966289,6.24534321 -2.5 -0.4316121,5.92155313 -2.82264495 -0.15841885,6.15492487 -2.71530223 -0.30049488,5.96688604 -2.82154679 -0.18415144,6.18682432 -2.67648864 -0.3322556,5.78013992 -2.78676057 -0.09121047,6.01256895 -2.81291771 -0.21135525,6.21280766 -2.63270807 -0.36479703,5.81560516 -2.80864859 -0.11183977,6.05730915 -2.79676485 -0.23990344,6.23210478 -2.58500814 -0.3979674,5.85546017 -2.82457328 -0.13427743,6.09983158 -2.77331829 -0.26966289,6.24413633 -2.53455329 -0.4316121,5.89862871 -2.83382583 -0.15841885,6.13891983 -2.74302387 -0.30049488,5.94392776 -2.83589292 -0.18415144,6.17344904 -2.70653009 -0.3322556,5.76006269 -2.78816462 -0.09121047,5.99010134 -2.83047128 -0.21135525,6.2024231 -2.66466856 -0.36479703,5.79391527 -2.81247306 -0.11183977,6.03585911 -2.81747866 -0.23990344,6.22500038 -2.61843085 -0.3979674,5.83256245 -2.83113909 -0.13427743,6.07991362 -2.79705548 -0.26966289,6.24052238 -2.56893849 -0.4316121,5.87498045 -2.84338069 -0.15841885,6.12101984 -2.76956153 -0.30049488,6.24853039 -2.51740909 -0.4655742,5.92002487 -2.84860229 -0.18415144,6.15801096 -2.73556519 -0.3322556,5.96646404 -2.8464148 -0.21135525,6.18983412 -2.69582677 -0.36479703,5.77201128 -2.81477523 -0.11183977,6.0130167 -2.83664584 -0.23990344,6.21558237 -2.65127683 -0.3979674,5.80926228 -2.83609176 -0.13427743,6.05838823 -2.81934547 -0.26966289,6.23451853 -2.60298753 -0.4316121,5.85072279 -2.85126233 -0.15841885,6.10131216 -2.79478598 -0.30049488,6.24610186 -2.55214238 -0.4655742,5.89529324 -2.85961342 -0.18415144,6.14058495 -2.76345277 -0.3322556,5.94177198 -2.8606708 -0.21135525,6.17510271 -2.72603106 -0.36479703,5.98889256 -2.85417295 -0.23990344,6.20389557 -2.68338561 -0.3979674,5.78567314 -2.83940697 -0.13427743,6.03536081 -2.84007978 -0.26966289,6.22615433 -2.63653493 -0.4316121,5.82597446 -2.8574326 -0.15841885,6.07989311 -2.81857419 -0.30049488,6.24125576 -2.58662176 -0.4655742,5.86985397 -2.86887264 -0.18415144,6.12125587 -2.79005694 -0.3322556,5.9161458 -2.87316966 -0.21135525,6.15829992 -2.75513411 -0.36479703,5.96360493 -2.86997437 -0.23990344,6.18999767 -2.71460104 -0.3979674,5.76191044 -2.84106874 -0.13427743,6.01094294 -2.85915709 -0.26966289,6.21547031 -2.66941738 -0.4316121,5.80085659 -2.86186171 -0.15841885,6.05686712 -2.8408103 -0.30049488,6.2340169 -2.6206789 -0.4655742,5.84383059 -2.87633467 -0.18415144,6.10011816 -2.81524777 -0.3322556,5.88970995 -2.88385034 -0.21135525,6.13950825 -2.78299427 -0.36479703,5.93727636 -2.8839736 -0.23990344,6.17395592 -2.744771 -0.3979674,5.98525381 -2.87648463 -0.26966289,6.20251846 -2.70147419 -0.4316121,5.77549028 -2.86452794 -0.15841885,6.03234577 -2.8613863 -0.30049488,6.22441959 -2.65414834 -0.4655742,5.81735039 -2.88196325 -0.18415144,6.0772748 -2.83890295 -0.3322556,5.86259365 -2.89266086 -0.21135525,6.11881876 -2.80947566 -0.36479703,5.91003561 -2.89610195 -0.23990344,6.15584898 -2.7737484 -0.3979674,5.95841837 -2.89197803 -0.26966289,6.18736172 -2.73254943 -0.4316121,6.00644922 -2.88020134 -0.30049488,6.21251106 -2.68686676 -0.4655742,5.79054213 -2.88573098 -0.18415144,6.05283689 -2.86090684 -0.3322556,5.83492899 -2.89955854 -0.21135525,6.09633255 -2.83444929 -0.36479703,5.88201523 -2.90630054 -0.23990344,6.1357646 -2.80139208 -0.3979674,5.93056774 -2.90556169 -0.26966289,6.17007446 -2.7624917 -0.4316121,5.97930288 -2.89716411 -0.30049488,6.19834948 -2.71867466 -0.4655742,5.76353598 -2.88761926 -0.18415144,6.02692366 -2.88115263 -0.3322556,5.80684996 -2.90450954 -0.21135525,6.07215881 -2.85779357 -0.36479703,5.85335159 -2.91451979 -0.23990344,6.11380053 -2.82756758 -0.3979674,5.90183735 -2.91716957 -0.26966289,6.1507411 -2.79115534 -0.4316121,5.95103931 -2.91219211 -0.30049488,6.18200302 -2.7494173 -0.4655742,5.99966097 -2.89954138 -0.3322556,5.77849436 -2.90749002 -0.21135525,6.04641533 -2.87939453 -0.36479703,5.82418442 -2.92071939 -0.23990344,6.09006453 -2.8521471 -0.3979674,5.87236738 -2.92674494 -0.26966289,6.12945461 -2.81840038 -0.4316121,5.9217968 -2.92521167 -0.30049488,6.16355228 -2.77894473 -0.4655742,5.97118235 -2.91598344 -0.3322556,6.01922846 -2.89914727 -0.36479703,5.7946558 -2.9248693 -0.23990344,6.06467152 -2.87501097 -0.3979674,5.84230089 -2.93424129 -0.26966289,6.1063199 -2.84409404 -0.4316121,5.89171696 -2.93615985 -0.30049488,6.14308691 -2.80711317 -0.4655742,5.94162607 -2.93039918 -0.3322556,5.99072933 -2.91695547 -0.36479703,5.76490927 -2.9269495 -0.23990344,6.03774548 -2.89604783 -0.3979674,5.81178474 -2.93962216 -0.26966289,6.08144903 -2.86811161 -0.4316121,5.86094666 -2.94498301 -0.30049488,6.12070608 -2.8337853 -0.4655742,5.91113615 -2.94271779 -0.3322556,5.96105766 -2.93273211 -0.36479703,6.00941753 -2.91515517 -0.3979674,5.78096771 -2.94286108 -0.26966289,6.05496359 -2.89033556 -0.4316121,5.8296361 -2.95163846 -0.30049488,6.09651947 -2.85883141 -0.4655742,5.87986135 -2.95287967 -0.3322556,5.93035746 -2.94640064 -0.36479703,5.97982597 -2.93224001 -0.3979674,6.02699232 -2.91065788 -0.4316121,5.79793739 -2.95609331 -0.30049488,6.07064438 -2.88212919 -0.4655742,5.84795332 -2.96083522 -0.3322556,5.89877892 -2.95789433 -0.36479703,5.9491148 -2.94721889 -0.3979674,5.9976716 -2.92897964 -0.4316121,5.76600504 -2.95832634 -0.30049488,6.04320765 -2.90356541 -0.4655742,5.81556892 -2.96654534 -0.3322556,5.86647558 -2.96715736 -0.36479703,5.91743326 -2.96001911 -0.3979674,5.96714401 -2.94521141 -0.4316121,6.01434183 -2.92303562 -0.4655742,5.78286457 -2.96998286 -0.3322556,5.83360434 -2.97414422 -0.36479703,5.88493586 -2.97057796 -0.3979674,5.9355588 -2.95927405 -0.4316121,5.98418856 -2.94044471 -0.4655742,5.80032635 -2.97882128 -0.36479703,5.85178137 -2.9788444 -0.3979674,5.9030695 -2.97109914 -0.4316121,5.95289421 -2.95570779 -0.4655742,5.76680279 -2.98116541 -0.36479703,5.81813097 -2.98477793 -0.3979674,5.86983442 -2.98062921 -0.4316121,5.92061138 -2.96875095 -0.4655742,5.78414869 -2.98834944 -0.3979674,5.83601522 -2.98781753 -0.4316121,5.88749743 -2.97951031 -0.4655742,5.80177736 -2.99262953 -0.4316121,5.85371351 -2.98793364 -0.4655742,5.76728725 -2.99504113 -0.4316121,5.81942415 -2.99397969 -0.4655742,5.78479671 -2.99761915 -0.4655742,-6.07435417 2.51829386 -15.35020065,-6.07285595 2.53480363 -15.36057854,-6.07252264 2.5190835 -15.37464142,-6.06921625 2.56942677 -15.36057854,-6.06317043 2.60371184 -15.36057854,-6.0677104 2.55176568 -15.39528751,-6.0694952 2.51982689 -15.39896488,-6.06527948 2.52052283 -15.42311192,-6.0547471 2.63749146 -15.36057854,-6.06290007 2.58598852 -15.39528751,-6.06317139 2.53412628 -15.42965698,-6.05988455 2.52116942 -15.44702435,-6.0439887 2.67060137 -15.36057854,-6.05571413 2.6197927 -15.39528751,-6.05960274 2.56807542 -15.42965698,-6.03094673 2.70288014 -15.36057854,-6.0461874 2.65301299 -15.39528751,-6.05367422 2.60169315 -15.42965698,-6.05328655 2.55024934 -15.4635191,-6.0533247 2.52176499 -15.4706459,-6.0156846 2.73417068 -15.36057854,-6.03436708 2.68548799 -15.39528751,-6.0454154 2.63481545 -15.42965698,-6.04861689 2.58346987 -15.4635191,-6.04399061 2.53278446 -15.49671078,-6.04561424 2.52230835 -15.49391747,-6.0367732 2.52279806 -15.51678562,-5.99827719 2.76432014 -15.36057854,-6.02030993 2.71705937 -15.39528751,-6.03486586 2.66728091 -15.42965698,-6.04164171 2.61628366 -15.4635191,-6.04056215 2.56539917 -15.49671078,-5.97880888 2.7931819 -15.36057854,-6.00408459 2.74757314 -15.39528751,-6.02207756 2.69893146 -15.42965698,-6.03239441 2.64853096 -15.4635191,-6.03486681 2.59769511 -15.49671078,-5.95737505 2.82061553 -15.36057854,-6.02955914 2.547755 -15.52906895,-6.02682161 2.5232327 -15.53919315,-5.9857707 2.77688098 -15.39528751,-6.00711298 2.72961283 -15.42965698,-6.0209198 2.6800549 -15.4635191,-6.02693272 2.62951517 -15.49671078,-5.93407965 2.84648705 -15.36057854,-6.02512169 2.57932639 -15.52906895,-5.96545696 2.80483985 -15.39528751,-6.01568747 2.53080487 -15.56043625,-6.01578426 2.52361178 -15.56108761,-6.00368738 2.52393389 -15.58241653,-5.99004412 2.75917554 -15.42965698,-6.00727463 2.71070147 -15.4635191,-6.01679802 2.66070437 -15.49671078,-5.90903616 2.87067056 -15.36057854,-6.01849222 2.61051154 -15.52906895,-5.94324207 2.83131361 -15.39528751,-6.01246595 2.56145 -15.56043625,-5.9709549 2.78747559 -15.42965698,-5.9915247 2.7403214 -15.4635191,-6.00451279 2.69111061 -15.49671078,-5.88236713 2.89304852 -15.36057854,-6.00970411 2.6411581 -15.52906895,-5.91923475 2.85617328 -15.39528751,-6.00711441 2.59179568 -15.56043625,-5.9499383 2.81437516 -15.42965698,-5.9969902 2.54433107 -15.5906601,-5.99055958 2.52419829 -15.60312653,-5.97374725 2.76877069 -15.4635191,-5.99013615 2.72058558 -15.49671078,-5.85420179 2.91351128 -15.36057854,-5.99879932 2.67111707 -15.52906895,-5.8935523 2.87929773 -15.39528751,-5.99965954 2.62169433 -15.56043625,-5.92709637 2.83974314 -15.42965698,-5.99287033 2.57363915 -15.5906601,-5.95402813 2.7959106 -15.4635191,-5.97881222 2.52822542 -15.61959362,-5.97643328 2.52440476 -15.62317085,-5.97373867 2.74898624 -15.49671078,-5.82467747 2.93195963 -15.36057854,-5.98583126 2.70024228 -15.52906895,-5.8663187 2.90057445 -15.39528751,-5.99013662 2.65100002 -15.56043625,-5.90254021 2.86345601 -15.42965698,-5.98671675 2.60258818 -15.5906601,-5.93246412 2.82160902 -15.4635191,-5.9758606 2.55630469 -15.61959362,-5.96134186 2.52455235 -15.64249802,-5.95539999 2.77617359 -15.49671078,-5.79393864 2.9483037 -15.36057854,-5.97086334 2.72839212 -15.52906895,-5.83766747 2.91989946 -15.39528751,-5.97859335 2.67956996 -15.56043625,-5.87638998 2.88539815 -15.42965698,-5.97855806 2.63103771 -15.5906601,-5.90916014 2.84574056 -15.4635191,-5.97095728 2.58410954 -15.61959362,-5.93520927 2.80201578 -15.49671078,-5.956213 2.54004455 -15.64709473,-5.94532204 2.5246408 -15.66106415,-5.76213408 2.96246362 -15.36057854,-5.95396805 2.75542927 -15.52906895,-5.8077383 2.93717909 -15.39528751,-5.96508503 2.70726514 -15.56043625,-5.848773 2.90546274 -15.42965698,-5.96843529 2.65884876 -15.5906601,-5.88422966 2.86818767 -15.4635191,-5.96412611 2.61150455 -15.61959362,-5.91326523 2.82638645 -15.49671078,-5.95249176 2.56651831 -15.64709473,-5.72941971 2.97437048 -15.36057854,-5.93522787 2.78122187 -15.52906895,-5.77667618 2.95232868 -15.39528751,-5.94967747 2.73395061 -15.56043625,-5.81982374 2.92355204 -15.42965698,-5.95639706 2.68588591 -15.5906601,-5.85779428 2.88884091 -15.4635191,-5.95540094 2.63835645 -15.61959362,-5.88967466 2.84916711 -15.49671078,-5.94693279 2.59266829 -15.64709473,-5.69595432 2.98396659 -15.36057854,-5.91473436 2.80564451 -15.52906895,-5.93145847 2.55006337 -15.6730299,-5.92841244 2.52467012 -15.67882347,-5.7446332 2.96527457 -15.39528751,-5.932446 2.75949645 -15.56043625,-5.78968287 2.93957806 -15.42965698,-5.94250202 2.7120173 -15.5906601,-5.82998228 2.90759993 -15.4635191,-5.94482422 2.66453433 -15.61959362,-5.8645525 2.87024665 -15.49671078,-5.93956327 2.61836672 -15.64709473,-5.661901 2.9912045 -15.36057854,-5.89258718 2.82857823 -15.52906895,-5.92709875 2.57478619 -15.6730299,-5.71176529 2.97595382 -15.39528751,-5.91347504 2.78377795 -15.56043625,-5.90802145 2.53497839 -15.69727325,-5.91065311 2.52464008 -15.69573307,-5.89208698 2.52455091 -15.71175385,-5.75849771 2.95346236 -15.42965698,-5.92681837 2.7371161 -15.5906601,-5.80092955 2.92437339 -15.4635191,-5.93244648 2.68991065 -15.61959362,-5.83802128 2.88952231 -15.49671078,-5.93041945 2.64348841 -15.64709473,-5.62742615 2.99604964 -15.36057854,-5.8688941 2.84991097 -15.52906895,-5.9210248 2.5991447 -15.6730299,-5.67823267 2.98431444 -15.39528751,-5.89285612 2.8066771 -15.56043625,-5.90477133 2.55810308 -15.69727325,-5.72641993 2.96513748 -15.42965698,-5.90942192 2.76105952 -15.5906601,-5.77077723 2.93907928 -15.4635191,-5.91832924 2.71436167 -15.61959362,-5.81020975 2.90690064 -15.49671078,-5.91954517 2.66791129 -15.64709473,-5.59269667 2.99847817 -15.36057854,-5.84377098 2.86953926 -15.52906895,-5.91326666 2.62302017 -15.6730299,-5.64419794 2.99031568 -15.39528751,-5.87068987 2.82808185 -15.56043625,-5.8999157 2.58094454 -15.69727325,-5.6936059 2.97454667 -15.42965698,-5.89039755 2.78373122 -15.5906601,-5.88012362 2.54284787 -15.71970654,-5.87275934 2.52440238 -15.72684479,-5.73967314 2.95164609 -15.4635191,-5.90254068 2.73776841 -15.61959362,-5.78125429 2.92229629 -15.49671078,-5.90699387 2.69151592 -15.64709473,-5.81733942 2.88736701 -15.52906895,-5.903862 2.64629626 -15.6730299,-5.609828 2.99392796 -15.39528751,-5.847085 2.84788871 -15.56043625,-5.89347839 2.60339189 -15.69727325,-5.66021538 2.98164392 -15.42965698,-5.86983824 2.80502057 -15.5906601,-5.87639236 2.56400728 -15.71970654,-5.70776796 2.96201253 -15.4635191,-5.88515806 2.76001668 -15.61959362,-5.85335398 2.52923155 -15.74021912,-5.85271549 2.52419543 -15.74097061,-5.83200502 2.52393007 -15.75409889,-5.75129509 2.93563485 -15.49671078,-5.89282656 2.71418762 -15.64709473,-5.78972864 2.90330791 -15.52906895,-5.89285707 2.66885948 -15.6730299,-5.82215595 2.86600041 -15.56043625,-5.88549137 2.62533545 -15.69727325,-5.62641096 2.98639464 -15.42965698,-5.84784412 2.82482386 -15.5906601,-5.87119389 2.58485484 -15.71970654,-5.67521715 2.9701283 -15.4635191,-5.86626577 2.78099847 -15.61959362,-5.85063744 2.5485568 -15.74021912,-5.72047806 2.94685102 -15.49671078,-5.87711239 2.73581576 -15.64709473,-5.76107359 2.91728377 -15.52906895,-5.88030434 2.6906004 -15.6730299,-5.79602385 2.88232923 -15.56043625,-5.87599277 2.64666843 -15.69727325,-5.59235811 2.98877597 -15.42965698,-5.82452202 2.84304476 -15.5906601,-5.86455441 2.60528922 -15.71970654,-5.64217949 2.97595358 -15.4635191,-5.84595585 2.80061126 -15.61959362,-5.84657955 2.56764555 -15.74021912,-5.68895435 2.95589018 -15.49671078,-5.85992765 2.7562952 -15.64709473,-5.82285595 2.53479815 -15.75871372,-5.81067657 2.52360725 -15.7661953,-5.73151302 2.92922664 -15.52906895,-5.86626625 2.71141243 -15.6730299,-5.76881647 2.89679527 -15.56043625,-5.86502934 2.66728687 -15.69727325,-5.79998541 2.85959458 -15.5906601,-5.85650492 2.62521052 -15.71970654,-5.60881615 2.97946 -15.4635191,-5.82432699 2.81875944 -15.61959362,-5.84120035 2.58640456 -15.74021912,-5.65687656 2.96270847 -15.49671078,-5.84135628 2.77552605 -15.64709473,-5.81982565 2.55198264 -15.75871372,-5.70119143 2.93907857 -15.52906895,-5.85081005 2.73119473 -15.6730299,-5.74066639 2.90932822 -15.56043625,-5.85265446 2.6870904 -15.69727325,-5.77435446 2.87439227 -15.5906601,-5.84708595 2.64452195 -15.71970654,-5.80148506 2.83535457 -15.61959362,-5.83452511 2.604743 -15.74021912,-5.62440157 2.96727252 -15.49671078,-5.82148886 2.79341435 -15.64709473,-5.81560373 2.5689137 -15.75871372,-5.67025661 2.94679141 -15.52906895,-5.83401203 2.74985051 -15.6730299,-5.79114485 2.53806543 -15.77509785,-5.78878212 2.52322769 -15.77723312,-5.76637411 2.52279234 -15.78718472,-5.71171093 2.91986704 -15.56043625,-5.83892822 2.70598221 -15.69727325,-5.74775362 2.88736629 -15.5906601,-5.83634281 2.66312909 -15.71970654,-5.77754164 2.85031605 -15.61959362,-5.82658768 2.62257099 -15.74021912,-5.59168673 2.96956015 -15.49671078,-5.80042171 2.80987334 -15.64709473,-5.81021166 2.58550906 -15.75871372,-5.63885927 2.95232749 -15.52906895,-5.81595325 2.76728916 -15.6730299,-5.78796339 2.55302978 -15.77509785,-5.68209028 2.92836046 -15.56043625,-5.82391739 2.72387075 -15.69727325,-5.76076984 2.52607131 -15.78929234,-5.74350643 2.52230191 -15.79602623,-5.7203126 2.898453 -15.5906601,-5.82432747 2.68094158 -15.71970654,-5.75261211 2.86357093 -15.61959362,-5.81742525 2.63980174 -15.74021912,-5.77825785 2.8248229 -15.64709473,-5.8036747 2.60168791 -15.75871372,-5.60715199 2.9556601 -15.52906895,-5.79672194 2.78342581 -15.6730299,-5.78374624 2.56773567 -15.77509785,-5.65194988 2.93476701 -15.56043625,-5.80769587 2.74066854 -15.69727325,-5.75849915 2.53894591 -15.78929234,-5.6921649 2.9075985 -15.5906601,-5.81109953 2.69787264 -15.71970654,-5.72681952 2.8750546 -15.61959362,-5.80708361 2.65635157 -15.74021912,-5.7551055 2.83818984 -15.64709473,-5.7960248 2.61737108 -15.75871372,-5.77641201 2.79818153 -15.6730299,-5.77851391 2.5821116 -15.77509785,-5.62143564 2.93905544 -15.56043625,-5.79034185 2.75629401 -15.69727325,-5.75533628 2.55163097 -15.78929234,-5.66344786 2.91475844 -15.5906601,-5.79672241 2.71383977 -15.71970654,-5.72745037 2.52683306 -15.80122852,-5.72023439 2.52175808 -15.80373573,-5.70028782 2.88471103 -15.61959362,-5.79561234 2.67213964 -15.74021912,-5.73107672 2.84990907 -15.64709473,-5.78730011 2.63248277 -15.75871372,-5.75512218 2.81148458 -15.6730299,-5.77229071 2.59608769 -15.77509785,-5.59069681 2.94120479 -15.56043625,-5.77193975 2.77067065 -15.69727325,-5.75129604 2.5640645 -15.78929234,-5.63430166 2.91989756 -15.5906601,-5.78126621 2.72876501 -15.71970654,-5.72520781 2.53738165 -15.80122852,-5.67314768 2.89249325 -15.61959362,-5.78306818 2.68708897 -15.74021912,-5.70628929 2.85992384 -15.64709473,-5.77754211 2.64694905 -15.75871372,-5.73295641 2.82327008 -15.6730299,-5.76510859 2.60959554 -15.77509785,-5.75258017 2.78372884 -15.69727325,-5.74639845 2.57618594 -15.78929234,-5.60486794 2.92299128 -15.5906601,-5.76480722 2.74257565 -15.71970654,-5.7222352 2.54774833 -15.80122852,-5.6455307 2.89836335 -15.61959362,-5.7695117 2.70112681 -15.74021912,-5.69360685 2.52515149 -15.81084824,-5.69661331 2.52116179 -15.81029606,-5.67270088 2.52051449 -15.81569099,-5.68086338 2.86818504 -15.64709473,-5.76679897 2.66069913 -15.75871372,-5.71002245 2.83348083 -15.6730299,-5.75700092 2.62256956 -15.77509785,-5.73235655 2.79540467 -15.69727325,-5.74066734 2.58793616 -15.78929234,-5.7474246 2.75520468 -15.71970654,-5.71854639 2.55788231 -15.80122852,-5.61757183 2.90229273 -15.61959362,-5.7550087 2.714185 -15.74021912,-5.69156408 2.53334355 -15.81084824,-5.65492344 2.87465239 -15.64709473,-5.75512266 2.67366648 -15.75871372,-5.68643236 2.842067 -15.6730299,-5.74800873 2.63494635 -15.77509785,-5.71136808 2.80564141 -15.69727325,-5.73413038 2.59925795 -15.78929234,-5.72920322 2.76659036 -15.71970654,-5.71415997 2.56773424 -15.80122852,-5.58940649 2.90426207 -15.61959362,-5.73963022 2.72619963 -15.74021912,-5.68895531 2.54137301 -15.81084824,-5.62859535 2.87929487 -15.64709473,-5.7425704 2.68578792 -15.75871372,-5.66230059 2.84898639 -15.6730299,-5.73817444 2.64666557 -15.77509785,-5.68971634 2.81438899 -15.69727325,-5.72681999 2.61009598 -15.78929234,-5.71023226 2.77667737 -15.71970654,-5.70909691 2.5772562 -15.80122852,-5.72345161 2.73711228 -15.74021912,-5.68579245 2.54920101 -15.81084824,-5.60200787 2.88208914 -15.64709473,-5.72920322 2.69700408 -15.75871372,-5.65786409 2.52683163 -15.81810474,-5.64855385 2.51981807 -15.81990719,-5.62423038 2.51907396 -15.82293415,-5.6377449 2.85420585 -15.6730299,-5.72754717 2.6576705 -15.77509785,-5.66750717 2.82160521 -15.69727325,-5.71877098 2.62039804 -15.78929234,-5.69060373 2.78541636 -15.71970654,-5.70338202 2.5864017 -15.80122852,-5.7065506 2.7468698 -15.74021912,-5.68209124 2.5567894 -15.81084824,-5.71508646 2.70726061 -15.75871372,-5.65579128 2.53252625 -15.81810474,-5.612885 2.85769963 -15.6730299,-5.71617794 2.66790724 -15.77509785,-5.64484882 2.82725453 -15.69727325,-5.71002293 2.63011336 -15.78929234,-5.67041349 2.7927649 -15.71970654,-5.69704294 2.59512639 -15.80122852,-5.68901014 2.75542474 -15.74021912,-5.67786932 2.56410098 -15.81084824,-5.7002883 2.7165072 -15.75871372,-5.65332603 2.53806233 -15.81810474,-5.58784199 2.85945082 -15.6730299,-5.70412207 2.67732596 -15.77509785,-5.62185144 2.83130932 -15.69727325,-5.70061874 2.63919473 -15.78929234,-5.64975977 2.79868722 -15.71970654,-5.69011068 2.60338759 -15.80122852,-5.67091608 2.76273513 -15.74021912,-5.67314816 2.57110023 -15.81084824,-5.68488121 2.72469926 -15.75871372,-5.65048075 2.54341316 -15.81810474,-5.69143915 2.6858809 -15.77509785,-5.59862757 2.83375025 -15.69727325,-5.69060373 2.64759803 -15.78929234,-5.62874317 2.80315423 -15.71970654,-5.68261909 2.61114526 -15.80122852,-5.65235615 2.76876569 -15.74021912,-5.66795015 2.57775331 -15.81084824,-5.66894007 2.7317965 -15.75871372,-5.64726973 2.54855227 -15.81810474,-5.67818975 2.69353008 -15.77509785,-5.68002701 2.65528226 -15.78929234,-5.60746622 2.80614448 -15.71970654,-5.67460489 2.61836123 -15.80122852,-5.63342047 2.77348685 -15.74021912,-5.66230059 2.58402753 -15.81084824,-5.65254307 2.73776436 -15.75871372,-5.64370728 2.55345511 -15.81810474,-5.6644392 2.70023656 -15.77509785,-5.66894007 2.66220999 -15.78929234,-5.58603287 2.80764318 -15.71970654,-5.66610622 2.62500072 -15.80122852,-5.61420155 2.7768755 -15.74021912,-5.65622759 2.58989239 -15.81084824,-5.63576937 2.74257421 -15.75871372,-5.63981199 2.55809736 -15.81810474,-5.65025473 2.70596743 -15.77509785,-5.61757183 2.53072071 -15.82296181,-5.59978962 2.51828384 -15.82476521,-5.65739679 2.6683476 -15.78929234,-5.65716553 2.63103127 -15.80122852,-5.59479332 2.77891541 -15.74021912,-5.64975977 2.59531927 -15.81084824,-5.61870098 2.74620199 -15.75871372,-5.635602 2.56245661 -15.81810474,-5.63570452 2.71069503 -15.77509785,-5.61532593 2.53359532 -15.82296181,-5.64545393 2.67366505 -15.78929234,-5.64782619 2.63642335 -15.80122852,-5.64292955 2.60028172 -15.81084824,-5.60142136 2.74863052 -15.75871372,-5.63109875 2.56651163 -15.81810474,-5.62086058 2.714396 -15.77509785,-5.612885 2.53630614 -15.82296181,-5.6331687 2.67813635 -15.78929234,-5.63813305 2.64115095 -15.80122852,-5.63576937 2.60475564 -15.81084824,-5.58401442 2.74984765 -15.75871372,-5.62632322 2.57024264 -15.81810474,-5.60579395 2.71705246 -15.77509785,-5.61026096 2.53884029 -15.82296181,-5.62060165 2.68173981 -15.78929234,-5.62813425 2.64519072 -15.80122852,-5.62831497 2.60871935 -15.81084824,-5.62129879 2.57363129 -15.81810474,-5.59057903 2.71865177 -15.77509785,-5.60746622 2.54118514 -15.82296181,-5.60781431 2.68445778 -15.78929234,-5.61787748 2.64852333 -15.80122852,-5.62060213 2.61215329 -15.81084824,-5.61605072 2.57666135 -15.81810474,-5.60451508 2.54332924 -15.82296181,-5.59486818 2.68627715 -15.78929234,-5.60741329 2.65113211 -15.80122852,-5.61266804 2.61504078 -15.81084824,-5.61060381 2.57931805 -15.81810474,-5.60142136 2.54526234 -15.82296181,-5.58182621 2.6871891 -15.78929234,-5.5967927 2.65300488 -15.80122852,-5.60455227 2.61736798 -15.81084824,-5.60498476 2.58158803 -15.81810474,-5.59820032 2.5469749 -15.82296181,-5.58606768 2.65413213 -15.80122852,-5.59629393 2.61912322 -15.81084824,-5.59922123 2.58346081 -15.81810474,-5.59486818 2.54845858 -15.82296181,-5.58793354 2.62029839 -15.81084824,-5.59334135 2.58492684 -15.81810474,-5.5914402 2.54970622 -15.82296181,-5.57951117 2.62088728 -15.81084824,-5.58737326 2.58597922 -15.81810474,-5.58793354 2.55071187 -15.82296181,-5.58134604 2.5866127 -15.81810474,-5.58436537 2.55147028 -15.82296181,-5.58075285 2.55197787 -15.82296181,-5.57711363 2.5522325 -15.82296181,-5.77449989 -2.48171616 -15.99936962,-5.79894066 -2.48092604 -15.99753761,-5.82326412 -2.48018193 -15.99451065,-5.84741116 -2.47948551 -15.99029446,-5.87132359 -2.47883821 -15.98490047,-5.89494467 -2.47824192 -15.97834015,-5.91821671 -2.47769809 -15.97062969,-5.94108438 -2.47720766 -15.96178818,-5.96349239 -2.47677231 -15.95183659,-5.98538685 -2.47639275 -15.94079971,-6.0067153 -2.47606993 -15.92870235,-6.02742577 -2.47580457 -15.91557503,-6.04746962 -2.47559762 -15.90144825,-6.06679726 -2.47544909 -15.88635731,-6.08536339 -2.47535992 -15.87033749,-6.10312271 -2.47532988 -15.85342789,-6.12003231 -2.4753592 -15.83566856,-6.13605261 -2.47544765 -15.81710243,-6.15114355 -2.47559524 -15.79777431,-6.16526985 -2.47580171 -15.77773094,-6.17839766 -2.47606611 -15.75702,-6.19049454 -2.47638822 -15.73569202,-6.20153189 -2.4767673 -15.71379757,-6.21148348 -2.47720194 -15.69138908,-6.22032452 -2.47769165 -15.66852188,-6.22803497 -2.47823501 -15.64524937,-6.23459482 -2.47883058 -15.62162876,-6.23998976 -2.47947717 -15.59771538,-6.24420547 -2.48017311 -15.57356834,-6.24723291 -2.4809165 -15.54924583,-6.24906445 -2.48170614 -15.52480412,-6.24969482 -2.48253965 -15.50030422,-6.07498455 2.51746035 -0.67429924,-6.24969482 -2.48253965 -0.49969542,-5.60005188 2.99938655 -0.67429924,-5.624753 2.99754739 -0.67429924,-5.64933252 2.99448729 -0.67429924,-5.67373085 2.99021363 -0.67429924,-5.69788694 2.98473692 -0.67429924,-5.72174263 2.9780705 -0.67429924,-5.74523878 2.97023106 -0.67429924,-5.76831818 2.96123743 -0.67429924,-5.7909236 2.95111203 -0.67429924,-5.81299973 2.93987942 -0.67429924,-5.83449268 2.92756748 -0.67429924,-5.85534954 2.91420603 -0.67429924,-5.8755188 2.8998282 -0.67429924,-5.89495134 2.88446903 -0.67429924,-5.91359949 2.86816645 -0.67429924,-5.93141747 2.85096025 -0.67429924,-5.9483614 2.83289266 -0.67429924,-5.9643898 2.81400824 -0.67429924,-5.9794631 2.79435325 -0.67429924,-5.99354458 2.77397585 -0.67429924,-6.0065999 2.75292587 -0.67429924,-6.01859665 2.73125553 -0.67429924,-6.02950525 2.70901752 -0.67429924,-6.03929901 2.68626642 -0.67429924,-6.04795456 2.66305828 -0.67429924,-6.05544996 2.63945007 -0.67429924,-6.06176662 2.6154995 -0.67429924,-6.06688976 2.59126568 -0.67429924,-6.0708065 2.56680775 -0.67429924,-6.07350683 2.54218578 -0.67429924,-5.77431965 -2.99940825 -15.50030422,-6.24995279 -2.50686502 -15.50030422,-5.76740885 -2.99853063 -15.53442574,-5.80214262 -2.99610162 -15.53442574,-5.7985816 -2.99763417 -15.50030422,-5.82272863 -2.99468231 -15.50030422,-5.83662176 -2.991256 -15.53442574,-5.84670353 -2.99055934 -15.50030422,-5.78455353 -2.99413633 -15.56838799,-5.8706789 -2.9840169 -15.53442574,-5.87044907 -2.98527527 -15.50030422,-5.89390993 -2.97884226 -15.50030422,-5.81893826 -2.99052238 -15.56838799,-5.7670846 -2.98924375 -15.60203266,-5.9041481 -2.97441959 -15.53442574,-5.91703033 -2.97127581 -15.50030422,-5.85298777 -2.98451853 -15.56838799,-5.8011713 -2.98686028 -15.60203266,-5.93686676 -2.9625113 -15.53442574,-5.93975496 -2.96259379 -15.50030422,-5.96203041 -2.95281672 -15.50030422,-5.88653517 -2.97615433 -15.56838799,-5.83500814 -2.98210478 -15.60203266,-5.78358507 -2.98028588 -15.63520336,-5.96867466 -2.94834948 -15.53442574,-5.98380423 -2.94196796 -15.50030422,-5.91941738 -2.96547008 -15.56838799,-5.86843109 -2.97500062 -15.60203266,-5.81700611 -2.97677302 -15.63520336,-5.7664423 -2.97084355 -15.66774464,-5.9994173 -2.93200326 -15.53442574,-6.00502443 -2.93007278 -15.50030422,-5.95147419 -2.95251822 -15.56838799,-5.90127659 -2.96558213 -15.60203266,-5.85010099 -2.97093773 -15.63520336,-5.79924631 -2.96854949 -15.66774464,-6.02894449 -2.91355252 -15.53442574,-6.02564096 -2.91715956 -15.50030422,-6.04560471 -2.9032588 -15.50030422,-5.98254967 -2.93736196 -15.56838799,-5.93338585 -2.95389557 -15.60203266,-5.88270807 -2.96280766 -15.63520336,-5.83181095 -2.96397305 -15.66774464,-6.05711317 -2.89308691 -15.53442574,-6.06486893 -2.88840365 -15.50030422,-5.78199053 -2.95748854 -15.69950485,-6.0124917 -2.9200747 -15.56838799,-5.96460104 -2.93999743 -15.60203266,-5.91466856 -2.9524231 -15.63520336,-5.86397696 -2.95713592 -15.66774464,-6.08378553 -2.87070608 -15.53442574,-6.08338833 -2.87262893 -15.50030422,-6.10111809 -2.85597229 -15.50030422,-5.81382561 -2.95414257 -15.69950485,-6.04115534 -2.90074086 -15.56838799,-5.76549339 -2.94367218 -15.73033714,-5.994771 -2.92395592 -15.60203266,-5.94582701 -2.93983436 -15.63520336,-5.89558744 -2.94807172 -15.66774464,-6.10883141 -2.84651947 -15.53442574,-6.11801624 -2.83847284 -15.50030422,-5.84534931 -2.94858408 -15.69950485,-6.06840038 -2.87945461 -15.56838799,-5.79640484 -2.94151068 -15.73033714,-6.0237484 -2.90584874 -15.60203266,-5.9760313 -2.92510271 -15.63520336,-5.9264884 -2.93682456 -15.66774464,-6.13212919 -2.82064462 -15.53442574,-6.13404369 -2.82017231 -15.50030422,-6.14916229 -2.80111384 -15.50030422,-5.87640905 -2.94084001 -15.69950485,-6.09409428 -2.8563199 -15.56838799,-5.82708979 -2.93719816 -15.73033714,-6.05139208 -2.88576436 -15.60203266,-5.77980042 -2.92616916 -15.76009655,-6.00513411 -2.90830016 -15.63520336,-5.95653009 -2.92344928 -15.66774464,-6.15356541 -2.79320741 -15.53442574,-6.1633358 -2.78134251 -15.50030422,-5.90685225 -2.93094826 -15.69950485,-6.11811161 -2.83144903 -15.56838799,-5.85739946 -2.93075562 -15.73033714,-6.07756758 -2.86380053 -15.60203266,-5.80945587 -2.92305207 -15.76009655,-6.03299427 -2.88950825 -15.63520336,-5.764256 -2.90823603 -15.78864479,-5.98556519 -2.90801096 -15.66774464,-6.17303562 -2.76434183 -15.53442574,-6.17653084 -2.76090527 -15.50030422,-6.18871593 -2.73985028 -15.50030422,-5.93653154 -2.918957 -15.69950485,-6.14033556 -2.80496359 -15.56838799,-5.88718557 -2.92221451 -15.73033714,-6.1021471 -2.84006453 -15.60203266,-5.83882189 -2.9178741 -15.76009655,-6.05947542 -2.86881876 -15.63520336,-5.79269838 -2.90624714 -15.78864479,-6.01345301 -2.89058495 -15.66774464,-6.19044447 -2.73418856 -15.53442574,-6.19986296 -2.71822762 -15.50030422,-5.96530247 -2.90492487 -15.69950485,-6.16065788 -2.77699232 -15.56838799,-5.91630363 -2.91161633 -15.73033714,-6.12501097 -2.81467152 -15.60203266,-5.86775494 -2.91066027 -15.76009655,-6.08444929 -2.84633231 -15.63520336,-5.82093287 -2.90227914 -15.78864479,-6.04005671 -2.87125587 -15.66774464,-5.77705526 -2.88691092 -15.81584835,-6.20570803 -2.70289421 -15.53442574,-6.20994473 -2.69608855 -15.50030422,-5.99302387 -2.88891959 -15.69950485,-6.1789794 -2.7476716 -15.56838799,-5.94461155 -2.89901304 -15.73033714,-6.14604807 -2.78774548 -15.60203266,-5.89611435 -2.90144587 -15.76009655,-6.10779333 -2.82215881 -15.63520336,-5.84882164 -2.8963511 -15.78864479,-6.06524801 -2.85011816 -15.66774464,-5.80397892 -2.88408113 -15.81584835,-6.21875095 -2.67061138 -15.53442574,-6.21893787 -2.67348504 -15.50030422,-6.22682142 -2.65047097 -15.50030422,-6.01956177 -2.87101984 -15.69950485,-5.76275301 -2.86519527 -15.84158134,-6.19521141 -2.71714401 -15.56838799,-5.97197151 -2.88446569 -15.73033714,-6.16515541 -2.75941777 -15.60203266,-5.92376184 -2.89027548 -15.76009655,-6.12939453 -2.79641557 -15.63520336,-5.87622881 -2.88849235 -15.78864479,-6.08890295 -2.8272748 -15.66774464,-5.83063984 -2.87937999 -15.81584835,-6.22951031 -2.63749743 -15.53442574,-6.23357582 -2.62710071 -15.50030422,-6.04478598 -2.8513124 -15.69950485,-5.78819656 -2.86341619 -15.84158134,-6.20927382 -2.6855588 -15.56838799,-5.99824953 -2.86804509 -15.73033714,-6.18224001 -2.72982597 -15.60203266,-5.95056295 -2.8772037 -15.76009655,-6.14914751 -2.76922822 -15.63520336,-5.90302134 -2.87874055 -15.78864479,-6.11090708 -2.80283689 -15.66774464,-5.85690737 -2.87283087 -15.81584835,-6.23793364 -2.60371351 -15.53442574,-6.23918533 -2.60342956 -15.50030422,-6.24363708 -2.57951379 -15.50030422,-6.06857443 -2.82989335 -15.69950485,-5.81345415 -2.85986638 -15.84158134,-6.22109938 -2.6530695 -15.56838799,-6.02331829 -2.84983158 -15.73033714,-5.7738061 -2.84044528 -15.86572266,-6.19721889 -2.6991148 -15.60203266,-5.97638655 -2.86229444 -15.76009655,-6.16695547 -2.74072933 -15.63520336,-5.92906809 -2.86714387 -15.78864479,-6.13115263 -2.77692342 -15.66774464,-5.88265467 -2.864465 -15.81584835,-6.24397993 -2.56942439 -15.53442574,-6.24692011 -2.55540943 -15.50030422,-6.0908103 -2.80686712 -15.69950485,-5.83840275 -2.85456347 -15.84158134,-6.23062897 -2.61983442 -15.56838799,-6.04705572 -2.82991362 -15.73033714,-5.79749632 -2.83795524 -15.86572266,-6.21001911 -2.66743326 -15.60203266,-6.00110769 -2.84561992 -15.76009655,-5.76101255 -2.81535172 -15.88815975,-6.18273211 -2.71105766 -15.63520336,-5.95424271 -2.85375834 -15.78864479,-6.14954138 -2.74966121 -15.66774464,-5.9077549 -2.85432386 -15.81584835,-6.24761915 -2.53479695 -15.53442574,-6.24902725 -2.53117418 -15.50030422,-6.1113863 -2.78234577 -15.69950485,-5.86292028 -2.84753323 -15.84158134,-6.23781776 -2.58601546 -15.56838799,-6.06934547 -2.80838847 -15.73033714,-5.82095528 -2.83381891 -15.86572266,-6.22057819 -2.63493609 -15.60203266,-6.02460527 -2.82726169 -15.76009655,-5.7829833 -2.81381536 -15.88815975,-6.19640064 -2.68035769 -15.63520336,-5.97842169 -2.83864927 -15.78864479,-6.16598368 -2.72118235 -15.66774464,-5.93208742 -2.8424561 -15.81584835,-6.24883461 -2.5 -15.53442574,-6.13020134 -2.75644898 -15.69950485,-5.88688803 -2.83880973 -15.84158134,-6.24262953 -2.55177736 -15.56838799,-6.09007978 -2.78536081 -15.73033714,-5.84406853 -2.8280561 -15.86572266,-6.22884417 -2.60178161 -15.60203266,-6.04676485 -2.80730891 -15.76009655,-5.80479383 -2.81075025 -15.88815975,-6.20789433 -2.64877892 -15.63520336,-6.00148821 -2.82189059 -15.78864479,-5.77011347 -2.78763771 -15.90878963,-6.18039894 -2.69162607 -15.66774464,-5.95553207 -2.82892013 -15.81584835,-6.14716434 -2.72930288 -15.69950485,-5.91018867 -2.82843542 -15.84158134,-6.24504137 -2.51728725 -15.56838799,-6.10915709 -2.76094294 -15.73033714,-5.86672354 -2.82069516 -15.86572266,-6.23477793 -2.56813097 -15.60203266,-6.06747866 -2.78585911 -15.76009655,-5.82633686 -2.80617094 -15.88815975,-6.21715736 -2.61647534 -15.63520336,-6.02332973 -2.80356336 -15.78864479,-5.79012918 -2.78553414 -15.90878963,-6.19271803 -2.66113615 -15.66774464,-5.97797585 -2.81378174 -15.81584835,-5.75906658 -2.75963378 -15.92751408,-6.16219187 -2.70103955 -15.69950485,-5.93270922 -2.81646132 -15.84158134,-6.12648487 -2.73525381 -15.73033714,-5.88880968 -2.81177163 -15.86572266,-6.23834944 -2.53414869 -15.60203266,-6.0866456 -2.76301646 -15.76009655,-5.84750843 -2.80010009 -15.88815975,-6.22414398 -2.58360434 -15.63520336,-6.04383945 -2.78375745 -15.78864479,-5.8099494 -2.78203917 -15.90878963,-6.20287943 -2.62986112 -15.66774464,-5.99930859 -2.79711461 -15.81584835,-5.77715588 -2.75836873 -15.92751408,-6.17521191 -2.6717968 -15.69950485,-5.95433903 -2.80294514 -15.84158134,-6.14197826 -2.70841837 -15.73033714,-5.91021967 -2.80132937 -15.86572266,-6.23954201 -2.5 -15.60203266,-6.10417271 -2.73889256 -15.76009655,-5.86820507 -2.79256725 -15.88815975,-6.22882128 -2.55032611 -15.63520336,-6.06291771 -2.76256895 -15.78864479,-5.82947731 -2.77717042 -15.90878963,-6.21083498 -2.59795356 -15.66774464,-6.0194273 -2.77900004 -15.81584835,-5.79511261 -2.75584507 -15.92751408,-6.18616009 -2.64171696 -15.69950485,-5.97497368 -2.78795338 -15.84158134,-5.76604605 -2.72947216 -15.94424725,-6.15556192 -2.68056774 -15.73033714,-5.93084908 -2.78941894 -15.86572266,-6.11997461 -2.71360493 -15.76009655,-5.88832521 -2.78360915 -15.88815975,-6.23116541 -2.51680255 -15.63520336,-6.08047104 -2.74010134 -15.78864479,-5.84861803 -2.77095103 -15.90878963,-6.21654558 -2.56556869 -15.66774464,-6.0382328 -2.75952601 -15.81584835,-5.81284952 -2.75207496 -15.92751408,-6.19498301 -2.61094666 -15.69950485,-5.99451256 -2.77155852 -15.84158134,-5.78201437 -2.72779393 -15.94424725,-6.16716957 -2.65183735 -15.73033714,-5.95059729 -2.77609849 -15.86572266,-5.75695181 -2.69907928 -15.95890999,-6.1339736 -2.68727636 -15.76009655,-5.90777206 -2.77326918 -15.88815975,-6.09641504 -2.71646404 -15.78864479,-5.86727858 -2.76341176 -15.90878963,-6.21998262 -2.53286433 -15.66774464,-6.0556345 -2.73878789 -15.81584835,-5.8302803 -2.74707675 -15.92751408,-6.20163822 -2.5796361 -15.69950485,-6.01285982 -2.75384068 -15.84158134,-5.79782629 -2.72500587 -15.94424725,-6.17674494 -2.62236714 -15.73033714,-5.96936846 -2.76143312 -15.86572266,-5.77082205 -2.69810939 -15.95890999,-6.14610195 -2.66003561 -15.76009655,-5.92644978 -2.76159787 -15.88815975,-6.11067057 -2.69177198 -15.78864479,-5.88536739 -2.75458932 -15.90878963,-6.22113037 -2.5 -15.66774464,-6.07154703 -2.71688604 -15.81584835,-5.8473196 -2.74087501 -15.92751408,-6.20609331 -2.54793739 -15.69950485,-6.0299263 -2.73488617 -15.84158134,-5.81340551 -2.72112155 -15.94424725,-6.18424129 -2.59230089 -15.73033714,-5.98707056 -2.74549389 -15.86572266,-5.78459072 -2.69617414 -15.95890999,-6.15630054 -2.63201499 -15.76009655,-5.94426823 -2.74865198 -15.88815975,-5.76168013 -2.667032 -15.97143459,-6.12316942 -2.6661458 -15.78864479,-5.90279722 -2.74452639 -15.90878963,-6.08589268 -2.69392776 -15.81584835,-5.8638854 -2.73349953 -15.92751408,-6.20832634 -2.51600504 -15.69950485,-6.0456295 -2.71478724 -15.84158134,-5.82867575 -2.71615982 -15.94424725,-6.1896224 -2.56178498 -15.73033714,-6.00361776 -2.72835851 -15.86572266,-5.79819107 -2.69328332 -15.95890999,-6.16451979 -2.60335135 -15.76009655,-5.96114016 -2.73449492 -15.88815975,-5.77330303 -2.66581035 -15.97143459,-6.1338501 -2.63971019 -15.78864479,-5.91948223 -2.73327208 -15.90878963,-5.75470781 -2.63481617 -15.98176289,-6.09860229 -2.67002463 -15.81584835,-5.87989616 -2.72498655 -15.92751408,-6.05989218 -2.69364214 -15.84158134,-5.8435626 -2.71014524 -15.94424725,-6.19286108 -2.53096795 -15.73033714,-6.01892948 -2.7101109 -15.86572266,-5.81155634 -2.68945098 -15.95890999,-6.17071962 -2.57418418 -15.76009655,-5.97698355 -2.71919537 -15.88815975,-5.78481293 -2.66378093 -15.97143459,-6.14266109 -2.61259365 -15.78864479,-5.93534136 -2.72088146 -15.90878963,-5.76410055 -2.63415933 -15.98176289,-6.10961342 -2.64529324 -15.81584835,-5.89527369 -2.71537733 -15.92751408,-6.07264471 -2.67155337 -15.84158134,-5.8579936 -2.70310664 -15.94424725,-6.19394255 -2.5 -15.73033714,-6.03293133 -2.69083953 -15.86572266,-5.82462168 -2.68469548 -15.95890999,-6.17486954 -2.54465556 -15.76009655,-5.99172068 -2.70282769 -15.88815975,-5.79615259 -2.66095352 -15.97143459,-6.14955854 -2.58492875 -15.78864479,-5.95029783 -2.70741463 -15.90878963,-5.77342463 -2.63284898 -15.98176289,-6.11887264 -2.61985397 -15.81584835,-5.90994406 -2.70471883 -15.92751408,-5.75709629 -2.60148025 -15.98984623,-6.08382607 -2.64862895 -15.84158134,-5.87189865 -2.69507861 -15.94424725,-6.04555416 -2.67063832 -15.86572266,-5.83732367 -2.67904019 -15.95890999,-6.1769495 -2.51490951 -15.76009655,-6.00528049 -2.68547201 -15.88815975,-5.80726767 -2.65734196 -15.97143459,-6.15450954 -2.55685019 -15.78864479,-5.9642787 -2.69293714 -15.90878963,-5.78263474 -2.63089132 -15.98176289,-6.12633467 -2.59383082 -15.81584835,-5.9238348 -2.69306302 -15.92751408,-5.76415777 -2.60073805 -15.98984623,-6.09338045 -2.62498021 -15.84158134,-5.88520956 -2.68610024 -15.94424725,-5.75237608 -2.5680418 -15.99564743,-6.05673742 -2.64960575 -15.86572266,-5.84960032 -2.67251277 -15.95890999,-6.1769495 -2.48509049 -15.76009655,-6.01759624 -2.66721272 -15.88815975,-5.81810379 -2.65296388 -15.97143459,-6.15748978 -2.52849436 -15.78864479,-5.97721529 -2.67752004 -15.90878963,-5.79168606 -2.6282959 -15.98176289,-6.13196325 -2.56735039 -15.81584835,-5.93687868 -2.68046665 -15.92751408,-5.77115059 -2.59950495 -15.98984623,-6.10126209 -2.60072279 -15.84158134,-5.89786196 -2.67621517 -15.94424725,-5.75711679 -2.5677104 -15.99564743,-6.06642628 -2.62784457 -15.86572266,-5.86139154 -2.66514468 -15.95890999,-6.0286088 -2.648139 -15.88815975,-5.82860804 -2.6478405 -15.97143459,-6.15848494 -2.5 -15.78864479,-5.98904467 -2.66123772 -15.90878963,-5.80053377 -2.62507558 -15.98176289,-6.13573074 -2.54054189 -15.81584835,-5.94901228 -2.666991 -15.92751408,-5.77803993 -2.59778714 -15.98984623,-6.10743284 -2.5759747 -15.84158134,-5.90979385 -2.66547155 -15.94424725,-5.7618227 -2.56704903 -15.99564743,-6.07457352 -2.60546017 -15.86572266,-5.87264013 -2.65697217 -15.95890999,-5.75238037 -2.53403807 -15.99913883,-6.0382638 -2.62834334 -15.88815975,-5.83872938 -2.6419971 -15.97143459,-5.99971008 -2.64417005 -15.90878963,-5.80913544 -2.62124586 -15.98176289,-6.1376195 -2.51353598 -15.81584835,-5.96017599 -2.65270185 -15.92751408,-5.7847929 -2.59559298 -15.98984623,-6.11186171 -2.55085635 -15.84158134,-5.92094755 -2.65392184 -15.94424725,-5.76647091 -2.56606102 -15.99564743,-6.08113909 -2.58256221 -15.86572266,-5.88329124 -2.64803481 -15.95890999,-5.75474882 -2.53378916 -15.99913883,-6.04651451 -2.60792232 -15.88815975,-5.84841871 -2.63546157 -15.97143459,-6.00915861 -2.62639999 -15.90878963,-5.81744909 -2.61682534 -15.98176289,-6.1376195 -2.48646402 -15.81584835,-5.97031593 -2.63766885 -15.92751408,-5.79137659 -2.59293318 -15.98984623,-6.1145277 -2.52549028 -15.84158134,-5.93126822 -2.64162207 -15.94424725,-5.77103901 -2.56475115 -15.99564743,-6.086092 -2.55926204 -15.86572266,-5.8932929 -2.63837624 -15.95890999,-5.75709438 -2.5333755 -15.99913883,-6.05332041 -2.58697581 -15.88815975,-5.85762835 -2.62826633 -15.97143459,-6.01734447 -2.60801411 -15.90878963,-5.82543421 -2.61183572 -15.98176289,-5.97938251 -2.62196493 -15.92751408,-5.79775858 -2.58982038 -15.98984623,-6.11541796 -2.5 -15.84158134,-5.94070578 -2.62863255 -15.94424725,-5.77550459 -2.56312585 -15.99564743,-6.08940697 -2.53567314 -15.86572266,-5.90259647 -2.62804365 -15.95890999,-5.75940514 -2.53279948 -15.99913883,-6.05864859 -2.56560516 -15.88815975,-5.86631346 -2.62044621 -15.97143459,-6.02422762 -2.58910203 -15.90878963,-5.83305168 -2.60630131 -15.98176289,-5.98733187 -2.60566688 -15.92751408,-5.80390739 -2.58627033 -15.98984623,-5.94921398 -2.61501622 -15.94424725,-5.77984571 -2.56119299 -15.99564743,-6.09106874 -2.51191044 -15.86572266,-5.91115665 -2.61708713 -15.95890999,-5.76167011 -2.53206348 -15.99913883,-6.0624733 -2.54391527 -15.88815975,-5.87443209 -2.61203909 -15.97143459,-6.02977514 -2.56975579 -15.90878963,-5.8402648 -2.60024905 -15.98176289,-5.99412441 -2.58885407 -15.92751408,-5.80979443 -2.58229971 -15.98984623,-5.95675182 -2.60083961 -15.94424725,-5.78404188 -2.55896187 -15.99564743,-6.09106874 -2.48808956 -15.86572266,-5.91893148 -2.6055603 -15.95890999,-5.76387835 -2.53117132 -15.99913883,-6.06477547 -2.52201128 -15.88815975,-5.88194418 -2.60308623 -15.97143459,-6.03395939 -2.55006981 -15.90878963,-5.84703779 -2.59370828 -15.98176289,-5.9997282 -2.5716083 -15.92751408,-5.81538963 -2.57792807 -15.98984623,-5.96328259 -2.58617163 -15.94424725,-5.78807163 -2.55644369 -15.99564743,-5.92588377 -2.59351897 -15.95890999,-5.76601887 -2.53012729 -15.99913883,-6.06554413 -2.5 -15.88815975,-5.88881397 -2.59363127 -15.97143459,-6.03676081 -2.53013968 -15.90878963,-5.85333824 -2.58671093 -15.98176289,-6.0041151 -2.55401373 -15.92751408,-5.82066631 -2.5731771 -15.98984623,-5.96877384 -2.57108402 -15.94424725,-5.79191637 -2.55365038 -15.99564743,-5.9319787 -2.58102226 -15.95890999,-5.76808167 -2.52893639 -15.99913883,-5.89500713 -2.58371997 -15.97143459,-6.03816462 -2.51006293 -15.90878963,-5.85913515 -2.57929134 -15.98176289,-6.00726366 -2.53615594 -15.92751408,-5.82559872 -2.56806922 -15.98984623,-5.97319937 -2.55565 -15.94424725,-5.79555655 -2.55059576 -15.99564743,-5.93718719 -2.56813049 -15.95890999,-5.77005577 -2.52760458 -15.99913883,-5.9004941 -2.57340074 -15.97143459,-6.03816462 -2.48993707 -15.90878963,-5.86440039 -2.57148528 -15.98176289,-6.00915909 -2.5181222 -15.92751408,-5.83016253 -2.56262994 -15.98984623,-5.9765377 -2.53994465 -15.94424725,-5.79897499 -2.54729462 -15.99564743,-5.94148397 -2.55490708 -15.95890999,-5.7719326 -2.52613831 -15.99913883,-5.90524769 -2.56272411 -15.97143459,-5.8691082 -2.56333089 -15.98176289,-6.00979185 -2.5 -15.92751408,-5.83433628 -2.55688548 -15.98984623,-5.97877216 -2.52404499 -15.94424725,-5.80215502 -2.54376316 -15.99564743,-5.94484758 -2.54141617 -15.95890999,-5.77370262 -2.52454472 -15.99913883,-5.90924454 -2.55174184 -15.97143459,-5.8732357 -2.55486822 -15.98176289,-6.00915909 -2.4818778 -15.92751408,-5.838099 -2.55086398 -15.98984623,-5.97989225 -2.50802803 -15.94424725,-5.80508041 -2.54001832 -15.99564743,-5.94726181 -2.52772331 -15.95890999,-5.77535677 -2.52283144 -15.99913883,-5.91246605 -2.54050732 -15.97143459,-5.87676287 -2.54613805 -15.98176289,-5.84143257 -2.54459453 -15.98984623,-5.97989225 -2.49197197 -15.94424725,-5.80773783 -2.53607869 -15.99564743,-5.94871521 -2.51389551 -15.95890999,-5.77688789 -2.52100706 -15.99913883,-5.91489601 -2.52907562 -15.97143459,-5.87967253 -2.53718305 -15.98176289,-5.84432077 -2.53810787 -15.98984623,-5.81011391 -2.53196311 -15.99564743,-5.94920063 -2.5 -15.95890999,-5.77828789 -2.5190804 -15.99913883,-5.9165225 -2.51750231 -15.97143459,-5.88195038 -2.52804685 -15.98176289,-5.84674931 -2.53143573 -15.98984623,-5.81219721 -2.52769208 -15.99564743,-5.94871521 -2.48610449 -15.95890999,-5.7795496 -2.51706052 -15.99913883,-5.91733789 -2.50584364 -15.97143459,-5.88358545 -2.51877427 -15.98176289,-5.84870625 -2.52461028 -15.98984623,-5.81397724 -2.52328587 -15.99564743,-5.78066778 -2.51495767 -15.99913883,-5.91733789 -2.49415636 -15.97143459,-5.88456964 -2.50941014 -15.98176289,-5.85018253 -2.51766491 -15.98984623,-5.8154459 -2.5187664 -15.99564743,-5.78163671 -2.5127821 -15.99913883,-5.9165225 -2.48249769 -15.97143459,-5.88489819 -2.5 -15.98176289,-5.85117054 -2.51063347 -15.98984623,-5.81659555 -2.51415539 -15.99564743,-5.78245115 -2.51054406 -15.99913883,-5.88456964 -2.49058986 -15.98176289,-5.85166597 -2.50355029 -15.98984623,-5.81742096 -2.50947547 -15.99564743,-5.78310776 -2.50825477 -15.99913883,-5.88358545 -2.48122573 -15.98176289,-5.85166597 -2.49644971 -15.98984623,-5.81791735 -2.5047493 -15.99564743,-5.78360271 -2.50592518 -15.99913883,-5.85117054 -2.48936653 -15.98984623,-5.81808329 -2.5 -15.99564743,-5.78393412 -2.50356674 -15.99913883,-5.85018253 -2.48233509 -15.98984623,-5.81791735 -2.4952507 -15.99564743,-5.78410053 -2.5011909 -15.99913883,-5.81742096 -2.49052453 -15.99564743,-5.78410053 -2.4988091 -15.99913883,-5.81659555 -2.48584461 -15.99564743,-5.78393412 -2.49643326 -15.99913883,-5.78360271 -2.49407482 -15.99913883,-5.78310776 -2.49174523 -15.99913883,-5.78245115 -2.48945594 -15.99913883,-5.78163671 -2.4872179 -15.99913883,-5.78066778 -2.48504233 -15.99913883,-5.7795496 -2.48293948 -15.99913883,-5.77828789 -2.4809196 -15.99913883,-6.24995279 -2.50686502 -0.49969542,-6.24902725 -2.53117418 -0.49969542,-6.24692011 -2.55540943 -0.49969542,-6.24363708 -2.57951379 -0.49969542,-6.23918533 -2.60342956 -0.49969542,-6.23357582 -2.62710071 -0.49969542,-6.22682142 -2.65047097 -0.49969542,-6.21893787 -2.67348504 -0.49969542,-6.20994473 -2.69608855 -0.49969542,-6.19986296 -2.71822762 -0.49969542,-6.18871593 -2.73985028 -0.49969542,-6.17653084 -2.76090527 -0.49969542,-6.1633358 -2.78134251 -0.49969542,-6.14916229 -2.80111384 -0.49969542,-6.13404369 -2.82017231 -0.49969542,-6.11801624 -2.83847284 -0.49969542,-6.10111809 -2.85597229 -0.49969542,-6.08338833 -2.87262893 -0.49969542,-6.06486893 -2.88840365 -0.49969542,-6.04560471 -2.9032588 -0.49969542,-6.02564096 -2.91715956 -0.49969542,-6.00502443 -2.93007278 -0.49969542,-5.98380423 -2.94196796 -0.49969542,-5.96203041 -2.95281672 -0.49969542,-5.93975496 -2.96259379 -0.49969542,-5.91703033 -2.97127581 -0.49969542,-5.89390993 -2.97884226 -0.49969542,-5.87044907 -2.98527527 -0.49969542,-5.84670353 -2.99055934 -0.49969542,-5.82272863 -2.99468231 -0.49969542,-5.7985816 -2.99763417 -0.49969542,-5.77431965 -2.99940825 -0.49969542,-6.07435417 2.51829386 -0.64979935,-5.65786409 2.52683163 -0.18189539,-5.64855385 2.51981807 -0.18009321,-5.62423038 2.51907396 -0.17706594,-5.67270088 2.52051449 -0.18430923,-5.69360685 2.52515149 -0.18915141,-5.69661331 2.52116179 -0.18970384,-5.72023439 2.52175808 -0.19626407,-5.62143612 2.52453732 -0.17703831,-5.59978962 2.51828384 -0.17523468,-5.65579128 2.53252625 -0.18189539,-5.69156408 2.53334355 -0.18915141,-5.72745037 2.52683306 -0.198771,-5.74350643 2.52230191 -0.20397416,-5.61961174 2.52769637 -0.17703831,-5.65332603 2.53806233 -0.18189539,-5.68895531 2.54137301 -0.18915141,-5.72520781 2.53738165 -0.198771,-5.76076984 2.52607131 -0.21070734,-5.76637411 2.52279234 -0.21281554,-5.61757183 2.53072071 -0.17703831,-5.65048075 2.54341316 -0.18189539,-5.68579245 2.54920101 -0.18915141,-5.7222352 2.54774833 -0.198771,-5.75849915 2.53894591 -0.21070734,-5.61532593 2.53359532 -0.17703831,-5.64726973 2.54855227 -0.18189539,-5.68209124 2.5567894 -0.18915141,-5.71854639 2.55788231 -0.198771,-5.75533628 2.55163097 -0.21070734,-5.612885 2.53630614 -0.17703831,-5.79114485 2.53806543 -0.22490224,-5.78878212 2.52322769 -0.22276695,-5.81067657 2.52360725 -0.23380445,-5.64370728 2.55345511 -0.18189539,-5.67786932 2.56410098 -0.18915141,-5.71415997 2.56773424 -0.198771,-5.75129604 2.5640645 -0.21070734,-5.61026096 2.53884029 -0.17703831,-5.78796339 2.55302978 -0.22490224,-5.63981199 2.55809736 -0.18189539,-5.82285595 2.53479815 -0.24128656,-5.83200502 2.52393007 -0.2459015,-5.67314816 2.57110023 -0.18915141,-5.70909691 2.5772562 -0.198771,-5.74639845 2.57618594 -0.21070734,-5.60746622 2.54118514 -0.17703831,-5.78374624 2.56773567 -0.22490224,-5.635602 2.56245661 -0.18189539,-5.81982565 2.55198264 -0.24128656,-5.66795015 2.57775331 -0.18915141,-5.85335398 2.52923155 -0.25978047,-5.85271549 2.52419543 -0.25902897,-5.87275934 2.52440238 -0.27315536,-5.70338202 2.5864017 -0.198771,-5.74066734 2.58793616 -0.21070734,-5.60451508 2.54332924 -0.17703831,-5.77851391 2.5821116 -0.22490224,-5.63109875 2.56651163 -0.18189539,-5.81560373 2.5689137 -0.24128656,-5.66230059 2.58402753 -0.18915141,-5.85063744 2.5485568 -0.25978047,-5.69704294 2.59512639 -0.198771,-5.73413038 2.59925795 -0.21070734,-5.60142136 2.54526234 -0.17703831,-5.77229071 2.59608769 -0.22490224,-5.62632322 2.57024264 -0.18189539,-5.81021166 2.58550906 -0.24128656,-5.65622759 2.58989239 -0.18915141,-5.84657955 2.56764555 -0.25978047,-5.69011068 2.60338759 -0.198771,-5.88012362 2.54284787 -0.28029388,-5.89208698 2.52455091 -0.2882466,-5.72681999 2.61009598 -0.21070734,-5.59820032 2.5469749 -0.17703831,-5.76510859 2.60959554 -0.22490224,-5.62129879 2.57363129 -0.18189539,-5.8036747 2.60168791 -0.24128656,-5.64975977 2.59531927 -0.18915141,-5.84120035 2.58640456 -0.25978047,-5.68261909 2.61114526 -0.198771,-5.87639236 2.56400728 -0.28029388,-5.71877098 2.62039804 -0.21070734,-5.90802145 2.53497839 -0.30272686,-5.91065311 2.52464008 -0.30426645,-5.92841244 2.52467012 -0.32117635,-5.59486818 2.54845858 -0.17703831,-5.75700092 2.62256956 -0.22490224,-5.61605072 2.57666135 -0.18189539,-5.7960248 2.61737108 -0.24128656,-5.64292955 2.60028172 -0.18915141,-5.83452511 2.604743 -0.25978047,-5.67460489 2.61836123 -0.198771,-5.87119389 2.58485484 -0.28029388,-5.71002293 2.63011336 -0.21070734,-5.90477133 2.55810308 -0.30272686,-5.5914402 2.54970622 -0.17703831,-5.74800873 2.63494635 -0.22490224,-5.61060381 2.57931805 -0.18189539,-5.78730011 2.63248277 -0.24128656,-5.63576937 2.60475564 -0.18915141,-5.82658768 2.62257099 -0.25978047,-5.66610622 2.62500072 -0.198771,-5.86455441 2.60528922 -0.28029388,-5.70061874 2.63919473 -0.21070734,-5.8999157 2.58094454 -0.30272686,-5.58793354 2.55071187 -0.17703831,-5.73817444 2.64666557 -0.22490224,-5.93145847 2.55006337 -0.32697007,-5.94532204 2.5246408 -0.33893564,-5.60498476 2.58158803 -0.18189539,-5.77754211 2.64694905 -0.24128656,-5.62831497 2.60871935 -0.18915141,-5.81742525 2.63980174 -0.25978047,-5.65716553 2.63103127 -0.198771,-5.85650492 2.62521052 -0.28029388,-5.69060373 2.64759803 -0.21070734,-5.89347839 2.60339189 -0.30272686,-5.58436537 2.55147028 -0.17703831,-5.72754717 2.6576705 -0.22490224,-5.92709875 2.57478619 -0.32697007,-5.59922123 2.58346081 -0.18189539,-5.76679897 2.66069913 -0.24128656,-5.956213 2.54004455 -0.35290545,-5.96134186 2.52455235 -0.35750163,-5.62060213 2.61215329 -0.18915141,-5.80708361 2.65635157 -0.25978047,-5.64782619 2.63642335 -0.198771,-5.84708595 2.64452195 -0.28029388,-5.68002701 2.65528226 -0.21070734,-5.88549137 2.62533545 -0.30272686,-5.58075285 2.55197787 -0.17703831,-5.71617794 2.66790724 -0.22490224,-5.9210248 2.5991447 -0.32697007,-5.59334135 2.58492684 -0.18189539,-5.75512266 2.67366648 -0.24128656,-5.95249176 2.56651831 -0.35290545,-5.61266804 2.61504078 -0.18915141,-5.79561234 2.67213964 -0.25978047,-5.63813305 2.64115095 -0.198771,-5.83634281 2.66312909 -0.28029388,-5.66894007 2.66220999 -0.21070734,-5.87599277 2.64666843 -0.30272686,-5.57711363 2.5522325 -0.17703831,-5.70412207 2.67732596 -0.22490224,-5.91326666 2.62302017 -0.32697007,-5.58737326 2.58597922 -0.18189539,-5.7425704 2.68578792 -0.24128656,-5.94693279 2.59266829 -0.35290545,-5.60455227 2.61736798 -0.18915141,-5.78306818 2.68708897 -0.25978047,-5.9758606 2.55630469 -0.38040665,-5.97643328 2.52440476 -0.37682959,-5.99055958 2.52419829 -0.39687309,-5.62813425 2.64519072 -0.198771,-5.82432747 2.68094158 -0.28029388,-5.65739679 2.6683476 -0.21070734,-5.86502934 2.66728687 -0.30272686,-5.69143915 2.6858809 -0.22490224,-5.903862 2.64629626 -0.32697007,-5.58134604 2.5866127 -0.18189539,-5.72920322 2.69700408 -0.24128656,-5.93956327 2.61836672 -0.35290545,-5.59629393 2.61912322 -0.18915141,-5.7695117 2.70112681 -0.25978047,-5.97095728 2.58410954 -0.38040665,-5.61787748 2.64852333 -0.198771,-5.81109953 2.69787264 -0.28029388,-5.9969902 2.54433107 -0.40933964,-6.00368738 2.52393389 -0.41758388,-5.64545393 2.67366505 -0.21070734,-5.85265446 2.6870904 -0.30272686,-5.67818975 2.69353008 -0.22490224,-5.89285707 2.66885948 -0.32697007,-5.71508646 2.70726061 -0.24128656,-5.93041945 2.64348841 -0.35290545,-5.58793354 2.62029839 -0.18915141,-5.7550087 2.714185 -0.25978047,-5.96412611 2.61150455 -0.38040665,-5.60741329 2.65113211 -0.198771,-5.79672241 2.71383977 -0.28029388,-5.99287033 2.57363915 -0.40933964,-5.6331687 2.67813635 -0.21070734,-5.83892822 2.70598221 -0.30272686,-6.01568747 2.53080487 -0.43956348,-6.01578426 2.52361178 -0.43891215,-6.02682161 2.5232327 -0.46080664,-5.6644392 2.70023656 -0.22490224,-5.88030434 2.6906004 -0.32697007,-5.7002883 2.7165072 -0.24128656,-5.91954517 2.66791129 -0.35290545,-5.57951117 2.62088728 -0.18915141,-5.73963022 2.72619963 -0.25978047,-5.95540094 2.63835645 -0.38040665,-5.5967927 2.65300488 -0.198771,-5.78126621 2.72876501 -0.28029388,-5.98671675 2.60258818 -0.40933964,-5.62060165 2.68173981 -0.21070734,-5.82391739 2.72387075 -0.30272686,-6.01246595 2.56145 -0.43956348,-5.65025473 2.70596743 -0.22490224,-5.86626625 2.71141243 -0.32697007,-5.68488121 2.72469926 -0.24128656,-5.90699387 2.69151592 -0.35290545,-5.72345161 2.73711228 -0.25978047,-5.94482422 2.66453433 -0.38040665,-5.58606768 2.65413213 -0.198771,-5.76480722 2.74257565 -0.28029388,-5.97855806 2.63103771 -0.40933964,-5.60781431 2.68445778 -0.21070734,-5.80769587 2.74066854 -0.30272686,-6.00711441 2.59179568 -0.43956348,-5.63570452 2.71069503 -0.22490224,-5.85081005 2.73119473 -0.32697007,-6.02955914 2.547755 -0.47093093,-6.0367732 2.52279806 -0.48321465,-5.66894007 2.7317965 -0.24128656,-5.89282656 2.71418762 -0.35290545,-5.7065506 2.7468698 -0.25978047,-5.93244648 2.68991065 -0.38040665,-5.7474246 2.75520468 -0.28029388,-5.96843529 2.65884876 -0.40933964,-5.59486818 2.68627715 -0.21070734,-5.79034185 2.75629401 -0.30272686,-5.99965954 2.62169433 -0.43956348,-5.62086058 2.714396 -0.22490224,-5.83401203 2.74985051 -0.32697007,-6.02512169 2.57932639 -0.47093093,-5.65254307 2.73776436 -0.24128656,-5.87711239 2.73581576 -0.35290545,-6.04399061 2.53278446 -0.50328916,-6.04561424 2.52230835 -0.50608224,-6.0533247 2.52176499 -0.52935451,-5.68901014 2.75542474 -0.25978047,-5.91832924 2.71436167 -0.38040665,-5.72920322 2.76659036 -0.28029388,-5.95639706 2.68588591 -0.40933964,-5.58182621 2.6871891 -0.21070734,-5.77193975 2.77067065 -0.30272686,-5.99013662 2.65100002 -0.43956348,-5.60579395 2.71705246 -0.22490224,-5.81595325 2.76728916 -0.32697007,-6.01849222 2.61051154 -0.47093093,-5.63576937 2.74257421 -0.24128656,-5.85992765 2.7562952 -0.35290545,-6.04056215 2.56539917 -0.50328916,-5.67091608 2.76273513 -0.25978047,-5.90254068 2.73776841 -0.38040665,-5.71023226 2.77667737 -0.28029388,-5.94250202 2.7120173 -0.40933964,-5.75258017 2.78372884 -0.30272686,-5.97859335 2.67956996 -0.43956348,-5.59057903 2.71865177 -0.22490224,-5.79672194 2.78342581 -0.32697007,-6.00970411 2.6411581 -0.47093093,-5.61870098 2.74620199 -0.24128656,-5.84135628 2.77552605 -0.35290545,-6.03486681 2.59769511 -0.50328916,-5.65235615 2.76876569 -0.25978047,-5.88515806 2.76001668 -0.38040665,-6.05328655 2.55024934 -0.53648061,-6.05988455 2.52116942 -0.55297542,-5.69060373 2.78541636 -0.28029388,-5.92681837 2.7371161 -0.40933964,-5.73235655 2.79540467 -0.30272686,-5.96508503 2.70726514 -0.43956348,-5.77641201 2.79818153 -0.32697007,-5.99879932 2.67111707 -0.47093093,-5.60142136 2.74863052 -0.24128656,-5.82148886 2.79341435 -0.35290545,-6.02693272 2.62951517 -0.50328916,-5.63342047 2.77348685 -0.25978047,-5.86626577 2.78099847 -0.38040665,-6.04861689 2.58346987 -0.53648061,-5.67041349 2.7927649 -0.28029388,-5.90942192 2.76105952 -0.40933964,-6.06317139 2.53412628 -0.57034343,-6.06527948 2.52052283 -0.57688814,-5.71136808 2.80564141 -0.30272686,-5.94967747 2.73395061 -0.43956348,-5.75512218 2.81148458 -0.32697007,-5.98583126 2.70024228 -0.47093093,-5.58401442 2.74984765 -0.24128656,-5.80042171 2.80987334 -0.35290545,-6.01679802 2.66070437 -0.50328916,-5.61420155 2.7768755 -0.25978047,-5.84595585 2.80061126 -0.38040665,-6.04164171 2.61628366 -0.53648061,-5.64975977 2.79868722 -0.28029388,-5.89039755 2.78373122 -0.40933964,-6.05960274 2.56807542 -0.57034343,-5.68971634 2.81438899 -0.30272686,-5.932446 2.75949645 -0.43956348,-5.73295641 2.82327008 -0.32697007,-5.97086334 2.72839212 -0.47093093,-5.77825785 2.8248229 -0.35290545,-6.00451279 2.69111061 -0.50328916,-5.59479332 2.77891541 -0.25978047,-5.82432699 2.81875944 -0.38040665,-6.03239441 2.64853096 -0.53648061,-5.62874317 2.80315423 -0.28029388,-5.86983824 2.80502057 -0.40933964,-6.05367422 2.60169315 -0.57034343,-5.66750717 2.82160521 -0.30272686,-5.91347504 2.78377795 -0.43956348,-6.0677104 2.55176568 -0.60471272,-6.0694952 2.51982689 -0.60103512,-6.07252264 2.5190835 -0.6253584,-5.71002245 2.83348083 -0.32697007,-5.95396805 2.75542927 -0.47093093,-5.7551055 2.83818984 -0.35290545,-5.99013615 2.72058558 -0.50328916,-5.80148506 2.83535457 -0.38040665,-6.0209198 2.6800549 -0.53648061,-5.60746622 2.80614448 -0.28029388,-5.84784412 2.82482386 -0.40933964,-6.0454154 2.63481545 -0.57034343,-5.64484882 2.82725453 -0.30272686,-5.89285612 2.8066771 -0.43956348,-6.06290007 2.58598852 -0.60471272,-5.68643236 2.842067 -0.32697007,-5.93522787 2.78122187 -0.47093093,-6.07285595 2.53480363 -0.63942105,-5.73107672 2.84990907 -0.35290545,-5.97373867 2.74898624 -0.50328916,-5.77754164 2.85031605 -0.38040665,-6.00727463 2.71070147 -0.53648061,-5.58603287 2.80764318 -0.28029388,-5.82452202 2.84304476 -0.40933964,-6.03486586 2.66728091 -0.57034343,-5.62185144 2.83130932 -0.30272686,-5.87068987 2.82808185 -0.43956348,-6.05571413 2.6197927 -0.60471272,-5.66230059 2.84898639 -0.32697007,-5.91473436 2.80564451 -0.47093093,-6.06921625 2.56942677 -0.63942105,-5.70628929 2.85992384 -0.35290545,-5.95539999 2.77617359 -0.50328916,-5.75261211 2.86357093 -0.38040665,-5.9915247 2.7403214 -0.53648061,-5.79998541 2.85959458 -0.40933964,-6.02207756 2.69893146 -0.57034343,-5.59862757 2.83375025 -0.30272686,-5.847085 2.84788871 -0.43956348,-6.0461874 2.65301299 -0.60471272,-5.6377449 2.85420585 -0.32697007,-5.89258718 2.82857823 -0.47093093,-6.06317043 2.60371184 -0.63942105,-5.68086338 2.86818504 -0.35290545,-5.93520927 2.80201578 -0.50328916,-5.72681952 2.8750546 -0.38040665,-5.97374725 2.76877069 -0.53648061,-5.77435446 2.87439227 -0.40933964,-6.00711298 2.72961283 -0.57034343,-5.82215595 2.86600041 -0.43956348,-6.03436708 2.68548799 -0.60471272,-5.612885 2.85769963 -0.32697007,-5.8688941 2.84991097 -0.47093093,-6.0547471 2.63749146 -0.63942105,-5.65492344 2.87465239 -0.35290545,-5.91326523 2.82638645 -0.50328916,-5.70028782 2.88471103 -0.38040665,-5.95402813 2.7959106 -0.53648061,-5.74775362 2.88736629 -0.40933964,-5.99004412 2.75917554 -0.57034343,-5.79602385 2.88232923 -0.43956348,-6.02030993 2.71705937 -0.60471272,-5.58784199 2.85945082 -0.32697007,-5.84377098 2.86953926 -0.47093093,-6.0439887 2.67060137 -0.63942105,-5.62859535 2.87929487 -0.35290545,-5.88967466 2.84916711 -0.50328916,-5.67314768 2.89249325 -0.38040665,-5.93246412 2.82160902 -0.53648061,-5.7203126 2.898453 -0.40933964,-5.9709549 2.78747559 -0.57034343,-5.76881647 2.89679527 -0.43956348,-6.00408459 2.74757314 -0.60471272,-5.81733942 2.88736701 -0.47093093,-6.03094673 2.70288014 -0.63942105,-5.60200787 2.88208914 -0.35290545,-5.8645525 2.87024665 -0.50328916,-5.6455307 2.89836335 -0.38040665,-5.90916014 2.84574056 -0.53648061,-5.6921649 2.9075985 -0.40933964,-5.9499383 2.81437516 -0.57034343,-5.74066639 2.90932822 -0.43956348,-5.9857707 2.77688098 -0.60471272,-5.78972864 2.90330791 -0.47093093,-6.0156846 2.73417068 -0.63942105,-5.83802128 2.88952231 -0.50328916,-5.61757183 2.90229273 -0.38040665,-5.88422966 2.86818767 -0.53648061,-5.66344786 2.91475844 -0.40933964,-5.92709637 2.83974314 -0.57034343,-5.71171093 2.91986704 -0.43956348,-5.96545696 2.80483985 -0.60471272,-5.76107359 2.91728377 -0.47093093,-5.99827719 2.76432014 -0.63942105,-5.81020975 2.90690064 -0.50328916,-5.58940649 2.90426207 -0.38040665,-5.85779428 2.88884091 -0.53648061,-5.63430166 2.91989756 -0.40933964,-5.90254021 2.86345601 -0.57034343,-5.68209028 2.92836046 -0.43956348,-5.94324207 2.83131361 -0.60471272,-5.73151302 2.92922664 -0.47093093,-5.97880888 2.7931819 -0.63942105,-5.78125429 2.92229629 -0.50328916,-5.82998228 2.90759993 -0.53648061,-5.60486794 2.92299128 -0.40933964,-5.87638998 2.88539815 -0.57034343,-5.65194988 2.93476701 -0.43956348,-5.91923475 2.85617328 -0.60471272,-5.70119143 2.93907857 -0.47093093,-5.95737505 2.82061553 -0.63942105,-5.75129509 2.93563485 -0.50328916,-5.80092955 2.92437339 -0.53648061,-5.848773 2.90546274 -0.57034343,-5.62143564 2.93905544 -0.43956348,-5.8935523 2.87929773 -0.60471272,-5.67025661 2.94679141 -0.47093093,-5.93407965 2.84648705 -0.63942105,-5.72047806 2.94685102 -0.50328916,-5.77077723 2.93907928 -0.53648061,-5.81982374 2.92355204 -0.57034343,-5.59069681 2.94120479 -0.43956348,-5.8663187 2.90057445 -0.60471272,-5.63885927 2.95232749 -0.47093093,-5.90903616 2.87067056 -0.63942105,-5.68895435 2.95589018 -0.50328916,-5.73967314 2.95164609 -0.53648061,-5.78968287 2.93957806 -0.57034343,-5.83766747 2.91989946 -0.60471272,-5.60715199 2.9556601 -0.47093093,-5.88236713 2.89304852 -0.63942105,-5.65687656 2.96270847 -0.50328916,-5.70776796 2.96201253 -0.53648061,-5.75849771 2.95346236 -0.57034343,-5.8077383 2.93717909 -0.60471272,-5.85420179 2.91351128 -0.63942105,-5.62440157 2.96727252 -0.50328916,-5.67521715 2.9701283 -0.53648061,-5.72641993 2.96513748 -0.57034343,-5.77667618 2.95232868 -0.60471272,-5.82467747 2.93195963 -0.63942105,-5.59168673 2.96956015 -0.50328916,-5.64217949 2.97595358 -0.53648061,-5.6936059 2.97454667 -0.57034343,-5.7446332 2.96527457 -0.60471272,-5.79393864 2.9483037 -0.63942105,-5.60881615 2.97946 -0.53648061,-5.66021538 2.98164392 -0.57034343,-5.71176529 2.97595382 -0.60471272,-5.76213408 2.96246362 -0.63942105,-5.62641096 2.98639464 -0.57034343,-5.67823267 2.98431444 -0.60471272,-5.72941971 2.97437048 -0.63942105,-5.59235811 2.98877597 -0.57034343,-5.64419794 2.99031568 -0.60471272,-5.69595432 2.98396659 -0.63942105,-5.609828 2.99392796 -0.60471272,-5.661901 2.9912045 -0.63942105,-5.62742615 2.99604964 -0.63942105,-5.59269667 2.99847817 -0.63942105,-5.77449989 -2.48171616 -0.00063083,-6.24906445 -2.48170614 -0.47519553,-5.75119066 -2.53410053 -0.00086103,-5.75356674 -2.53393435 -0.00086103,-5.75592518 -2.53360271 -0.00086103,-5.7547493 -2.56791759 -0.00435244,-5.75825453 -2.53310776 -0.00086103,-5.75947523 -2.56742072 -0.00435244,-5.75355005 -2.60166597 -0.01015337,-5.76054382 -2.53245115 -0.00086103,-5.76415539 -2.56659555 -0.00435244,-5.76063347 -2.60117078 -0.01015337,-5.7627821 -2.53163671 -0.00086103,-5.7687664 -2.5654459 -0.00435244,-5.76766491 -2.60018253 -0.01015337,-5.7594099 -2.63456988 -0.01823677,-5.7649579 -2.53066802 -0.00086103,-5.77328587 -2.56397748 -0.00435244,-5.77461004 -2.59870625 -0.01015337,-5.76877403 -2.63358545 -0.01823677,-5.75584364 -2.66733789 -0.02856496,-5.76706076 -2.52954984 -0.00086103,-5.77769184 -2.56219721 -0.00435244,-5.78143549 -2.59674907 -0.01015337,-5.77804708 -2.63195062 -0.01823677,-5.76750231 -2.6665225 -0.02856496,-5.76908016 -2.52828765 -0.00086103,-5.78196335 -2.56011391 -0.00435244,-5.78810787 -2.59432054 -0.01015337,-5.78718281 -2.62967277 -0.01823677,-5.77907562 -2.66489601 -0.02856496,-5.77100706 -2.52688789 -0.00086103,-5.76389551 -2.69871521 -0.04108977,-5.78607845 -2.55773783 -0.00435244,-5.79459476 -2.59143257 -0.01015337,-5.79613781 -2.62676311 -0.01823677,-5.79050732 -2.66246605 -0.02856496,-5.77283144 -2.52535701 -0.00086103,-5.77772331 -2.69726205 -0.04108977,-5.79001856 -2.55508065 -0.00435244,-5.75802803 -2.72989249 -0.05575281,-5.80086422 -2.588099 -0.01015337,-5.80486822 -2.6232357 -0.01823677,-5.8017416 -2.65924478 -0.02856496,-5.77454472 -2.52370262 -0.00086103,-5.79141617 -2.69484758 -0.04108977,-5.79376316 -2.55215478 -0.00435244,-5.77404499 -2.7287724 -0.05575281,-5.80688572 -2.58433628 -0.01015337,-5.81333113 -2.6191082 -0.01823677,-5.81272411 -2.65524745 -0.02856496,-5.77613831 -2.5219326 -0.00086103,-5.80490732 -2.69148374 -0.04108977,-5.79729462 -2.54897499 -0.00435244,-5.78994465 -2.7265377 -0.05575281,-5.81263018 -2.58016276 -0.01015337,-5.7681222 -2.75915909 -0.07248572,-5.82148504 -2.61440039 -0.01823677,-5.82340097 -2.65049386 -0.02856496,-5.77760458 -2.52005601 -0.00086103,-5.81813049 -2.68718719 -0.04108977,-5.80059576 -2.54555655 -0.00435244,-5.80564976 -2.72319961 -0.05575281,-5.81806946 -2.57559872 -0.01015337,-5.78615618 -2.75726366 -0.07248572,-5.82929134 -2.60913515 -0.01823677,-5.76006269 -2.78816462 -0.09121047,-5.83371973 -2.64500713 -0.02856496,-5.77893639 -2.51808143 -0.00086103,-5.83102226 -2.6819787 -0.04108977,-5.80365038 -2.54191637 -0.00435244,-5.82108402 -2.71877384 -0.05575281,-5.82317686 -2.57066631 -0.01015337,-5.80401373 -2.75411487 -0.07248572,-5.83671093 -2.60333824 -0.01823677,-5.78013992 -2.78676057 -0.09121047,-5.84363127 -2.63881397 -0.02856496,-5.78012705 -2.51601887 -0.00086103,-5.84351921 -2.67588353 -0.04108977,-5.80644369 -2.53807163 -0.00435244,-5.83617163 -2.71328235 -0.05575281,-5.82792807 -2.56538939 -0.01015337,-5.82160854 -2.74972796 -0.07248572,-5.84370852 -2.59703779 -0.01823677,-5.80006981 -2.78395963 -0.09121047,-5.85308647 -2.63194442 -0.02856496,-5.77201128 -2.81477523 -0.11183977,-5.78117132 -2.51387835 -0.00086103,-5.8555603 -2.66893172 -0.04108977,-5.80896187 -2.53404164 -0.00435244,-5.85083961 -2.70675182 -0.05575281,-5.83229971 -2.55979419 -0.01015337,-5.83885431 -2.74412465 -0.07248572,-5.85024881 -2.59026456 -0.01823677,-5.81975603 -2.77977514 -0.09121047,-5.86203909 -2.62443209 -0.02856496,-5.79391527 -2.81247306 -0.11183977,-5.78206348 -2.51167011 -0.00086103,-5.86708736 -2.66115665 -0.04108977,-5.76191044 -2.84106874 -0.13427743,-5.81119299 -2.52984571 -0.00435244,-5.86501646 -2.69921398 -0.05575281,-5.83627033 -2.55390763 -0.01015337,-5.85566711 -2.73733187 -0.07248572,-5.85630131 -2.58305168 -0.01823677,-5.83910179 -2.77422786 -0.09121047,-5.87044621 -2.61631346 -0.02856496,-5.81560516 -2.80864859 -0.11183977,-5.78279924 -2.50940514 -0.00086103,-5.87804365 -2.65259647 -0.04108977,-5.78567314 -2.83940697 -0.13427743,-5.81312561 -2.52550435 -0.00435244,-5.87863255 -2.69070554 -0.05575281,-5.83982038 -2.54775834 -0.01015337,-5.87196493 -2.72938275 -0.07248572,-5.86183596 -2.57543421 -0.01823677,-5.85801411 -2.76734424 -0.09121047,-5.87826633 -2.60762835 -0.02856496,-5.83697557 -2.80332041 -0.11183977,-5.78337574 -2.50709414 -0.00086103,-5.88837624 -2.6432929 -0.04108977,-5.80926228 -2.83609176 -0.13427743,-5.81475115 -2.52103901 -0.00435244,-5.89162207 -2.68126822 -0.05575281,-5.77549028 -2.86452794 -0.15841885,-5.84293318 -2.54137659 -0.01015337,-5.88766861 -2.72031617 -0.07248572,-5.86682558 -2.56744909 -0.01823677,-5.87639999 -2.75915837 -0.09121047,-5.88546181 -2.59841871 -0.02856496,-5.85792255 -2.79651427 -0.11183977,-5.78378916 -2.50474882 -0.00086103,-5.89803505 -2.63329124 -0.04108977,-5.83256245 -2.83113909 -0.13427743,-5.81606102 -2.51647091 -0.00435244,-5.9039216 -2.67094755 -0.05575281,-5.80085659 -2.86186171 -0.15841885,-5.84559298 -2.53479314 -0.01015337,-5.90270185 -2.71017623 -0.07248572,-5.76353598 -2.88761926 -0.18415144,-5.87124586 -2.55913568 -0.01823677,-5.89417028 -2.74970984 -0.09121047,-5.89199686 -2.58872962 -0.02856496,-5.87834311 -2.7882638 -0.11183977,-5.78403807 -2.50238013 -0.00086103,-5.90697241 -2.62264013 -0.04108977,-5.85546017 -2.82457328 -0.13427743,-5.81704903 -2.51182246 -0.00435244,-5.91547155 -2.65979409 -0.05575281,-5.82597446 -2.8574326 -0.15841885,-5.84778738 -2.52803993 -0.01015337,-5.91699123 -2.69901228 -0.07248572,-5.79054213 -2.88573098 -0.18415144,-5.87507582 -2.55053377 -0.01823677,-5.91123772 -2.7390449 -0.09121047,-5.8978405 -2.57860827 -0.02856496,-5.898139 -2.7786088 -0.11183977,-5.78412104 -2.5 -0.00086103,-5.91514492 -2.61139154 -0.04108977,-5.87784433 -2.81642604 -0.13427743,-5.8177104 -2.50711656 -0.00435244,-5.92621517 -2.64786196 -0.05575281,-5.85072279 -2.85126233 -0.15841885,-5.84950495 -2.52115035 -0.01015337,-5.93046665 -2.68687868 -0.07248572,-5.81735039 -2.88196325 -0.18415144,-5.8782959 -2.54168582 -0.01823677,-5.9275198 -2.72721505 -0.09121047,-5.77849436 -2.90749002 -0.21135525,-5.90296364 -2.56810379 -0.02856496,-5.91721296 -2.76759648 -0.11183977,-5.78403807 -2.49761987 -0.00086103,-5.92251253 -2.59960032 -0.04108977,-5.89960575 -2.80673742 -0.13427743,-5.8180418 -2.50237608 -0.00435244,-5.93610001 -2.6352098 -0.05575281,-5.87498045 -2.84338069 -0.15841885,-5.85073805 -2.51415777 -0.01015337,-5.94306326 -2.6738348 -0.07248572,-5.84383059 -2.87633467 -0.18415144,-5.88089132 -2.53263497 -0.01823677,-5.94293737 -2.71427846 -0.09121047,-5.80684996 -2.90450954 -0.21135525,-5.90734196 -2.5572679 -0.02856496,-5.93547201 -2.75528049 -0.11183977,-5.78378916 -2.49525118 -0.00086103,-5.76490927 -2.9269495 -0.23990344,-5.92904043 -2.58732367 -0.04108977,-5.92063808 -2.79555416 -0.13427743,-5.8180418 -2.49762392 -0.00435244,-5.94507885 -2.62189865 -0.05575281,-5.89862871 -2.83382583 -0.15841885,-5.85148001 -2.50709629 -0.01015337,-5.95471907 -2.65994382 -0.07248572,-5.86985397 -2.86887264 -0.18415144,-5.88284874 -2.52342486 -0.01823677,-5.95741463 -2.70029783 -0.09121047,-5.83492899 -2.89955854 -0.21135525,-5.91095352 -2.54615259 -0.02856496,-5.95282793 -2.74172068 -0.11183977,-5.78337574 -2.49290586 -0.00086103,-5.7946558 -2.9248693 -0.23990344,-5.93469572 -2.57462192 -0.04108977,-5.94083929 -2.78293109 -0.13427743,-5.8177104 -2.49288344 -0.00435244,-5.95310688 -2.60799384 -0.05575281,-5.92155313 -2.82264495 -0.15841885,-5.85172796 -2.5 -0.01015337,-5.96537733 -2.64527392 -0.07248572,-5.89529324 -2.85961342 -0.18415144,-5.88415956 -2.51410079 -0.01823677,-5.97088146 -2.6853416 -0.09121047,-5.86259365 -2.89266086 -0.21135525,-5.91378069 -2.53481269 -0.02856496,-5.96919537 -2.72698331 -0.11183977,-5.78279924 -2.49059486 -0.00086103,-5.82418442 -2.92071939 -0.23990344,-5.93945074 -2.56155634 -0.04108977,-5.96011066 -2.76892972 -0.13427743,-5.81704903 -2.48817754 -0.00435244,-5.82326412 -2.48018193 -0.00548937,-5.84741116 -2.47948551 -0.00970538,-5.78096771 -2.94286108 -0.26966289,-5.960145 -2.5935626 -0.05575281,-5.94364214 -2.80989194 -0.15841885,-5.85148001 -2.49290371 -0.01015337,-5.97498655 -2.62989593 -0.07248572,-5.92002487 -2.84860229 -0.18415144,-5.88481617 -2.50470781 -0.01823677,-5.98327208 -2.66948199 -0.09121047,-5.88970995 -2.88385034 -0.21135525,-5.91581011 -2.52330303 -0.02856496,-5.98449469 -2.71114016 -0.11183977,-5.78206348 -2.48832989 -0.00086103,-5.79894066 -2.48092604 -0.00246209,-5.85335159 -2.91451979 -0.23990344,-5.94328356 -2.54819107 -0.04108977,-5.97835875 -2.753618 -0.13427743,-5.81606102 -2.48352909 -0.00435244,-5.81178474 -2.93962216 -0.26966289,-5.96615982 -2.57867575 -0.05575281,-5.96478748 -2.79562926 -0.15841885,-5.85073805 -2.48584223 -0.01015337,-5.87132359 -2.47883821 -0.0151,-5.76600504 -2.95832634 -0.30049488,-5.98349953 -2.6138854 -0.07248572,-5.94392776 -2.83589292 -0.18415144,-5.88481617 -2.49529219 -0.01823677,-5.99452639 -2.65279698 -0.09121047,-5.9161458 -2.87316966 -0.21135525,-5.91703176 -2.51168013 -0.02856496,-5.99865198 -2.69426823 -0.11183977,-5.78117132 -2.48612165 -0.00086103,-5.88201523 -2.90630054 -0.23990344,-5.94617414 -2.53459072 -0.04108977,-5.99549389 -2.73707056 -0.13427743,-5.84230089 -2.93424129 -0.26966289,-5.97112131 -2.56340551 -0.05575281,-5.98488617 -2.7799263 -0.15841885,-5.79793739 -2.95609331 -0.30049488,-5.99087477 -2.59731984 -0.07248572,-5.96688604 -2.82154679 -0.18415144,-5.88415956 -2.48589921 -0.01823677,-5.89494467 -2.47824192 -0.02166023,-6.00458908 -2.63536739 -0.09121047,-5.94177198 -2.8606708 -0.21135525,-5.91743994 -2.5 -0.02856496,-6.01159763 -2.67645001 -0.11183977,-5.78012705 -2.48398113 -0.00086103,-5.91003561 -2.89610195 -0.23990344,-5.94810915 -2.52082205 -0.04108977,-6.01143312 -2.71936846 -0.13427743,-5.87236738 -2.92674494 -0.26966289,-5.97500563 -2.54782653 -0.05575281,-6.00384045 -2.76285958 -0.15841885,-5.8296361 -2.95163846 -0.30049488,-5.99707699 -2.58028007 -0.07248572,-5.98878765 -2.8056345 -0.18415144,-5.78286457 -2.96998286 -0.3322556,-6.013412 -2.61727858 -0.09121047,-5.96646404 -2.8464148 -0.21135525,-5.91703176 -2.48831987 -0.02856496,-5.91821671 -2.47769809 -0.02937031,-5.94108438 -2.47720766 -0.03821169,-6.02326918 -2.65777206 -0.11183977,-5.77893639 -2.48191857 -0.00086103,-5.93727636 -2.8839736 -0.23990344,-5.94907904 -2.50695205 -0.04108977,-6.02609873 -2.70059729 -0.13427743,-5.90183735 -2.91716957 -0.26966289,-5.97779369 -2.53201437 -0.05575281,-6.02155828 -2.74451232 -0.15841885,-5.86094666 -2.94498301 -0.30049488,-6.0020752 -2.56284928 -0.07248572,-6.00952625 -2.7882328 -0.18415144,-5.81556892 -2.96654534 -0.3322556,-6.02095127 -2.59861803 -0.09121047,-5.99010134 -2.83047128 -0.21135525,-5.76680279 -2.98116541 -0.36479703,-6.03360891 -2.63832545 -0.11183977,-5.96360493 -2.86997437 -0.23990344,-5.94907904 -2.49304795 -0.04108977,-5.96349239 -2.47677231 -0.0481631,-6.03941917 -2.68084908 -0.13427743,-5.93056774 -2.90556169 -0.26966289,-5.97947216 -2.51604629 -0.05575281,-6.03795338 -2.72497368 -0.15841885,-5.89171696 -2.93615985 -0.30049488,-6.00584507 -2.54511237 -0.07248572,-6.02899981 -2.76942706 -0.18415144,-5.84795332 -2.96083522 -0.3322556,-6.02717018 -2.57947731 -0.09121047,-6.01256895 -2.81291771 -0.21135525,-5.80032635 -2.97882128 -0.36479703,-6.04256725 -2.61820483 -0.11183977,-5.98889256 -2.85417295 -0.23990344,-6.05132914 -2.66021967 -0.13427743,-5.95841837 -2.89197803 -0.26966289,-5.98003244 -2.5 -0.05575281,-6.05294514 -2.70433903 -0.15841885,-5.9217968 -2.92521167 -0.30049488,-6.00836897 -2.52715564 -0.07248572,-6.04711485 -2.74930882 -0.18415144,-5.87986135 -2.95287967 -0.3322556,-6.03203917 -2.5599494 -0.09121047,-6.03375769 -2.79383945 -0.21135525,-5.83360434 -2.97414422 -0.36479703,-6.05010033 -2.59750843 -0.11183977,-6.0130167 -2.83664584 -0.23990344,-5.78414869 -2.98834944 -0.3979674,-6.06177187 -2.63880968 -0.13427743,-5.98525381 -2.87648463 -0.26966289,-5.97947216 -2.48395371 -0.05575281,-5.98538685 -2.47639275 -0.0592006,-6.06646109 -2.68270898 -0.15841885,-5.95103931 -2.91219211 -0.30049488,-6.00963354 -2.50906658 -0.07248572,-6.06378174 -2.72797585 -0.18415144,-5.91113615 -2.94271779 -0.3322556,-6.03553391 -2.54012918 -0.09121047,-6.05356359 -2.77332973 -0.21135525,-5.86647558 -2.96715736 -0.36479703,-6.05617094 -2.5763371 -0.11183977,-6.03585911 -2.81747866 -0.23990344,-5.81813097 -2.98477793 -0.3979674,-6.07069492 -2.61672354 -0.13427743,-6.01094294 -2.85915709 -0.26966289,-5.76728725 -2.99504113 -0.4316121,-6.07843542 -2.66018867 -0.15841885,-5.97930288 -2.89716411 -0.30049488,-6.00963354 -2.49093342 -0.07248572,-6.0067153 -2.47606993 -0.07129765,-6.02742577 -2.47580457 -0.08442514,-6.07892036 -2.70553207 -0.18415144,-5.94162607 -2.93039918 -0.3322556,-6.03763771 -2.52011371 -0.09121047,-6.07189035 -2.75148845 -0.21135525,-5.89877892 -2.95789433 -0.36479703,-6.06075001 -2.5547936 -0.11183977,-6.05730915 -2.79676485 -0.23990344,-5.85178137 -2.9788444 -0.3979674,-6.07805586 -2.59406853 -0.13427743,-6.03536081 -2.84007978 -0.26966289,-5.80177736 -2.99262953 -0.4316121,-6.08880949 -2.63688803 -0.15841885,-6.00644922 -2.88020134 -0.30049488,-6.09245634 -2.68208718 -0.18415144,-5.97118235 -2.91598344 -0.3322556,-6.03834009 -2.5 -0.09121047,-6.04746962 -2.47559762 -0.0985515,-6.08864927 -2.72842193 -0.21135525,-5.93035746 -2.94640064 -0.36479703,-6.06381559 -2.5329833 -0.11183977,-6.07726145 -2.77460504 -0.23990344,-5.88493586 -2.97057796 -0.3979674,-6.08381891 -2.57095528 -0.13427743,-6.05838823 -2.81934547 -0.26966289,-5.83601522 -2.98781753 -0.4316121,-6.09753323 -2.61292028 -0.15841885,-6.03234577 -2.8613863 -0.30049488,-5.78479671 -2.99761915 -0.4655742,-6.10432386 -2.65775514 -0.18415144,-5.99966097 -2.89954138 -0.3322556,-6.10375834 -2.70424247 -0.21135525,-5.96105766 -2.93273211 -0.36479703,-6.06535196 -2.51101232 -0.11183977,-6.09561968 -2.75110745 -0.23990344,-5.91743326 -2.96001911 -0.3979674,-6.08795547 -2.54749656 -0.13427743,-6.07991362 -2.79705548 -0.26966289,-5.86983442 -2.98062921 -0.4316121,-6.10456371 -2.58840251 -0.15841885,-6.05686712 -2.8408103 -0.30049488,-5.81942415 -2.99397969 -0.4655742,-6.11446524 -2.63265443 -0.18415144,-6.02692366 -2.88115263 -0.3322556,-6.11714363 -2.67906809 -0.21135525,-5.99072933 -2.91695547 -0.36479703,-6.06535196 -2.48898768 -0.11183977,-6.06679726 -2.47544909 -0.11364276,-6.08536339 -2.47535992 -0.1296626,-6.1122942 -2.72638655 -0.23990344,-5.9491148 -2.94721889 -0.3979674,-6.09044504 -2.52380633 -0.13427743,-6.09983158 -2.77331829 -0.26966289,-5.9030695 -2.97109914 -0.4316121,-6.10986662 -2.56345415 -0.15841885,-6.07989311 -2.81857419 -0.30049488,-5.85371351 -2.98793364 -0.4655742,-6.12283087 -2.60690761 -0.18415144,-6.05283689 -2.86090684 -0.3322556,-6.12874079 -2.6530211 -0.21135525,-6.01922846 -2.89914727 -0.36479703,-6.12720394 -2.70056272 -0.23990344,-5.97982597 -2.93224001 -0.3979674,-6.09127665 -2.5 -0.13427743,-6.10312271 -2.47532988 -0.14657252,-6.11804533 -2.74824953 -0.26966289,-5.9355588 -2.95927405 -0.4316121,-6.11341619 -2.53819656 -0.15841885,-6.10131216 -2.79478598 -0.30049488,-5.88749743 -2.97951031 -0.4655742,-6.12938023 -2.58063984 -0.18415144,-6.0772748 -2.83890295 -0.3322556,-6.13849211 -2.62622881 -0.21135525,-6.04641533 -2.87939453 -0.36479703,-6.14027548 -2.67376184 -0.23990344,-6.00941753 -2.91515517 -0.3979674,-6.13446569 -2.72197127 -0.26966289,-5.96714401 -2.94521141 -0.4316121,-6.11519527 -2.51275301 -0.15841885,-6.12101984 -2.76956153 -0.30049488,-5.92061138 -2.96875095 -0.4655742,-6.13408089 -2.55397916 -0.18415144,-6.10011816 -2.81524777 -0.3322556,-6.14635134 -2.5988214 -0.21135525,-6.07215881 -2.85779357 -0.36479703,-6.15144587 -2.64611435 -0.23990344,-6.03774548 -2.89604783 -0.3979674,-6.14901304 -2.69461155 -0.26966289,-5.9976716 -2.92897964 -0.4316121,-6.11519527 -2.48724699 -0.15841885,-6.12003231 -2.4753592 -0.16433181,-6.13891983 -2.74302387 -0.30049488,-5.95289421 -2.95570779 -0.4655742,-6.13691092 -2.5270555 -0.18415144,-6.12125587 -2.79005694 -0.3322556,-6.15227938 -2.57093263 -0.21135525,-6.09633255 -2.83444929 -0.36479703,-6.16066027 -2.61775494 -0.23990344,-6.06467152 -2.87501097 -0.3979674,-6.16161633 -2.66630387 -0.26966289,-6.02699232 -2.91065788 -0.4316121,-6.15492487 -2.71530223 -0.30049488,-5.98418856 -2.94044471 -0.4655742,-6.13785553 -2.5 -0.18415144,-6.13605261 -2.47544765 -0.18289776,-6.15114355 -2.47559524 -0.20222573,-6.14058495 -2.76345277 -0.3322556,-6.15624714 -2.54269838 -0.21135525,-6.11881876 -2.80947566 -0.36479703,-6.16787434 -2.58882189 -0.23990344,-6.09006453 -2.8521471 -0.3979674,-6.17221451 -2.63718581 -0.26966289,-6.05496359 -2.89033556 -0.4316121,-6.16895723 -2.68653178 -0.30049488,-6.01434183 -2.92303562 -0.4655742,-6.15801096 -2.73556519 -0.3322556,-6.15823603 -2.514256 -0.21135525,-6.13950825 -2.78299427 -0.36479703,-6.17305231 -2.55945611 -0.23990344,-6.11380053 -2.82756758 -0.3979674,-6.18075562 -2.60739946 -0.26966289,-6.08144903 -2.86811161 -0.4316121,-6.18094826 -2.65685248 -0.30049488,-6.04320765 -2.90356541 -0.4655742,-6.17344904 -2.70653009 -0.3322556,-6.15823603 -2.485744 -0.21135525,-6.16526985 -2.47580171 -0.22226922,-6.15829992 -2.75513411 -0.36479703,-6.17616892 -2.52980065 -0.23990344,-6.1357646 -2.80139208 -0.3979674,-6.18719816 -2.57708979 -0.26966289,-6.1063199 -2.84409404 -0.4316121,-6.19084024 -2.62640882 -0.30049488,-6.07064438 -2.88212919 -0.4655742,-6.18682432 -2.67648864 -0.3322556,-6.17510271 -2.72603106 -0.36479703,-6.17720985 -2.5 -0.23990344,-6.17839766 -2.47606611 -0.24298002,-6.19049454 -2.47638822 -0.2643083,-6.15584898 -2.7737484 -0.3979674,-6.19151068 -2.5464046 -0.26966289,-6.12945461 -2.81840038 -0.4316121,-6.19858408 -2.59534955 -0.30049488,-6.09651947 -2.85883141 -0.4655742,-6.19807148 -2.64558721 -0.3322556,-6.18983412 -2.69582677 -0.36479703,-6.17395592 -2.744771 -0.3979674,-6.19367218 -2.51549339 -0.26966289,-6.1507411 -2.79115534 -0.4316121,-6.20414257 -2.56382561 -0.30049488,-6.12070608 -2.8337853 -0.4655742,-6.20713568 -2.61397672 -0.3322556,-6.2024231 -2.66466856 -0.36479703,-6.18999767 -2.71460104 -0.3979674,-6.19367218 -2.48450661 -0.26966289,-6.20153189 -2.4767673 -0.28620279,-6.17007446 -2.7624917 -0.4316121,-6.20748854 -2.53199077 -0.30049488,-6.14308691 -2.80711317 -0.4655742,-6.21397305 -2.58181095 -0.3322556,-6.21280766 -2.63270807 -0.36479703,-6.20389557 -2.68338561 -0.3979674,-6.18736172 -2.73254943 -0.4316121,-6.20860577 -2.5 -0.30049488,-6.21148348 -2.47720194 -0.3086108,-6.16355228 -2.77894473 -0.4655742,-6.21854973 -2.54924655 -0.3322556,-6.22093773 -2.60010099 -0.36479703,-6.21558237 -2.65127683 -0.3979674,-6.20251846 -2.70147419 -0.4316121,-6.18200302 -2.7494173 -0.4655742,-6.22084332 -2.5164423 -0.3322556,-6.22677326 -2.56700611 -0.36479703,-6.22500038 -2.61843085 -0.3979674,-6.21547031 -2.66941738 -0.4316121,-6.19834948 -2.71867466 -0.4655742,-6.22084332 -2.4835577 -0.3322556,-6.22032452 -2.47769165 -0.33147842,-6.22803497 -2.47823501 -0.35475066,-6.23028564 -2.53358483 -0.36479703,-6.23210478 -2.58500814 -0.3979674,-6.22615433 -2.63653493 -0.4316121,-6.21251106 -2.68686676 -0.4655742,-6.23145866 -2.5 -0.36479703,-6.23459482 -2.47883058 -0.37837154,-6.23686028 -2.55117106 -0.3979674,-6.23451853 -2.60298753 -0.4316121,-6.22441959 -2.65414834 -0.4655742,-6.23924398 -2.51708484 -0.3979674,-6.23998976 -2.47947717 -0.40228426,-6.24052238 -2.56893849 -0.4316121,-6.2340169 -2.6206789 -0.4655742,-6.24413633 -2.53455329 -0.4316121,-6.24125576 -2.58662176 -0.4655742,-6.24534321 -2.5 -0.4316121,-6.24420547 -2.48017311 -0.4264313,-6.24723291 -2.4809165 -0.45075455,-6.24610186 -2.55214238 -0.4655742,-6.24853039 -2.51740909 -0.4655742,-3.20000005 1.89999998 -13.55000019,-3.20000005 1.89999998 -12.14999962,-1.79999995 1.89999998 -13.55000019,-1.79999995 1.89999998 -12.14999962,-0.69999999 1.89999998 -3.54999995,-0.69999999 1.89999998 -2.1500001,0.69999999 1.89999998 -3.54999995,0.69999999 1.89999998 -2.1500001,1.79999995 1.89999998 -3.54999995,1.79999995 1.89999998 -2.1500001,3.20000005 1.89999998 -3.54999995,3.20000005 1.89999998 -2.1500001,-3.20000005 1.89999998 -11.05000019,-3.20000005 1.89999998 -9.64999962,-1.79999995 1.89999998 -11.05000019,-1.79999995 1.89999998 -9.64999962,-3.20000005 1.89999998 -8.55000019,-3.20000005 1.89999998 -7.1500001,-1.79999995 1.89999998 -8.55000019,-1.79999995 1.89999998 -7.1500001,-3.20000005 1.89999998 -6.05000019,-3.20000005 1.89999998 -4.6500001,-1.79999995 1.89999998 -6.05000019,-1.79999995 1.89999998 -4.6500001,-3.20000005 1.89999998 -3.54999995,-3.20000005 1.89999998 -2.1500001,-1.79999995 1.89999998 -3.54999995,-1.79999995 1.89999998 -2.1500001,1.79999995 1.89999998 -6.05000019,1.79999995 1.89999998 -4.6500001,3.20000005 1.89999998 -6.05000019,3.20000005 1.89999998 -4.6500001,-0.69999999 1.89999998 -6.05000019,-0.69999999 1.89999998 -4.6500001,0.69999999 1.89999998 -6.05000019,0.69999999 1.89999998 -4.6500001,1.79999995 1.89999998 -8.55000019,1.79999995 1.89999998 -7.1500001,3.20000005 1.89999998 -8.55000019,3.20000005 1.89999998 -7.1500001,-0.69999999 1.89999998 -8.55000019,-0.69999999 1.89999998 -7.1500001,0.69999999 1.89999998 -8.55000019,0.69999999 1.89999998 -7.1500001,1.79999995 1.89999998 -11.05000019,1.79999995 1.89999998 -9.64999962,3.20000005 1.89999998 -11.05000019,3.20000005 1.89999998 -9.64999962,-0.69999999 1.89999998 -11.05000019,-0.69999999 1.89999998 -9.64999962,0.69999999 1.89999998 -11.05000019,0.69999999 1.89999998 -9.64999962,1.79999995 1.89999998 -13.55000019,1.79999995 1.89999998 -12.14999962,3.20000005 1.89999998 -13.55000019,3.20000005 1.89999998 -12.14999962,-0.69999999 1.89999998 -13.55000019,-0.69999999 1.89999998 -12.14999962,0.69999999 1.89999998 -13.55000019,0.69999999 1.89999998 -12.14999962,-5 0.34999999 -14.85000038,-5 1.89999998 -14.85000038,-5 1.89999998 -0.85000002,-5 0.34999999 -0.85000002,5 0.34999999 -0.85000002,5 1.89999998 -0.85000002,5 1.89999998 -14.85000038,5 0.34999999 -14.85000038              ]
            }
            coordIndex [
0,1,2,-1,3,1,0,-1,3,4,1,-1,5,6,7,-1,4,6,5,-1,3,6,4,-1,6,8,9,-1,6,10,8,-1,10,11,12,-1,11,13,14,-1,10,13,11,-1,15,16,17,-1,17,16,3,-1,18,19,20,-1,13,19,18,-1,13,21,19,-1,21,22,23,-1,6,22,10,-1,10,22,13,-1,13,22,21,-1,22,24,25,-1,6,24,22,-1,24,26,27,-1,24,28,26,-1,6,28,24,-1,28,29,30,-1,29,31,32,-1,28,31,29,-1,28,33,31,-1,28,34,33,-1,16,34,3,-1,3,34,6,-1,6,34,28,-1,16,35,34,-1,36,35,16,-1,37,38,39,-1,40,38,37,-1,41,38,40,-1,42,38,41,-1,43,38,42,-1,44,38,43,-1,45,38,44,-1,46,38,45,-1,47,38,46,-1,48,38,47,-1,49,38,48,-1,50,38,49,-1,51,38,50,-1,52,38,51,-1,53,38,52,-1,54,38,53,-1,55,38,54,-1,56,38,55,-1,57,38,56,-1,58,38,57,-1,59,38,58,-1,60,38,59,-1,61,38,60,-1,62,38,61,-1,63,38,62,-1,64,38,63,-1,65,38,64,-1,66,38,65,-1,67,38,66,-1,67,68,38,-1,69,70,68,-1,68,70,38,-1,70,71,38,-1,69,72,70,-1,70,73,71,-1,74,75,76,-1,77,75,74,-1,77,78,75,-1,79,80,81,-1,78,80,79,-1,77,80,78,-1,80,82,83,-1,80,84,82,-1,84,85,86,-1,85,87,88,-1,84,87,85,-1,89,90,91,-1,91,90,77,-1,92,93,94,-1,87,93,92,-1,87,95,93,-1,95,96,97,-1,80,96,84,-1,84,96,87,-1,87,96,95,-1,96,98,99,-1,80,98,96,-1,98,100,101,-1,98,102,100,-1,80,102,98,-1,102,103,104,-1,103,105,106,-1,102,105,103,-1,102,107,105,-1,102,108,107,-1,90,108,77,-1,77,108,80,-1,80,108,102,-1,90,109,108,-1,110,109,90,-1,111,112,113,-1,114,112,111,-1,115,112,114,-1,116,112,115,-1,117,112,116,-1,118,112,117,-1,119,112,118,-1,120,112,119,-1,121,112,120,-1,122,112,121,-1,123,112,122,-1,124,112,123,-1,125,112,124,-1,126,112,125,-1,127,112,126,-1,128,112,127,-1,129,112,128,-1,130,112,129,-1,131,112,130,-1,132,112,131,-1,133,112,132,-1,134,112,133,-1,135,112,134,-1,136,112,135,-1,137,112,136,-1,138,112,137,-1,139,112,138,-1,140,112,139,-1,141,112,140,-1,141,142,112,-1,143,144,142,-1,142,144,112,-1,144,145,112,-1,143,146,144,-1,144,147,145,-1,148,149,150,-1,151,149,148,-1,151,152,149,-1,153,154,155,-1,152,154,153,-1,151,154,152,-1,154,156,157,-1,154,158,156,-1,158,159,160,-1,159,161,162,-1,158,161,159,-1,163,164,165,-1,165,164,151,-1,166,167,168,-1,161,167,166,-1,161,169,167,-1,169,170,171,-1,154,170,158,-1,158,170,161,-1,161,170,169,-1,170,172,173,-1,154,172,170,-1,172,174,175,-1,172,176,174,-1,154,176,172,-1,176,177,178,-1,177,179,180,-1,176,179,177,-1,176,181,179,-1,176,182,181,-1,164,182,151,-1,151,182,154,-1,154,182,176,-1,164,183,182,-1,184,183,164,-1,185,186,187,-1,188,186,185,-1,189,186,188,-1,190,186,189,-1,191,186,190,-1,192,186,191,-1,193,186,192,-1,194,186,193,-1,195,186,194,-1,196,186,195,-1,197,186,196,-1,198,186,197,-1,199,186,198,-1,200,186,199,-1,201,186,200,-1,202,186,201,-1,203,186,202,-1,204,186,203,-1,205,186,204,-1,206,186,205,-1,207,186,206,-1,208,186,207,-1,209,186,208,-1,210,186,209,-1,211,186,210,-1,212,186,211,-1,213,186,212,-1,214,186,213,-1,215,186,214,-1,215,216,186,-1,217,218,216,-1,216,218,186,-1,218,219,186,-1,217,220,218,-1,218,221,219,-1,222,223,224,-1,223,225,226,-1,223,227,225,-1,222,228,223,-1,223,228,227,-1,228,229,227,-1,228,230,229,-1,231,232,228,-1,228,233,230,-1,232,234,228,-1,228,235,233,-1,234,236,228,-1,228,237,235,-1,236,238,228,-1,228,239,237,-1,238,240,228,-1,228,241,239,-1,240,242,228,-1,228,243,241,-1,242,244,228,-1,228,245,243,-1,244,246,228,-1,228,247,245,-1,246,248,228,-1,228,249,247,-1,248,250,228,-1,228,251,249,-1,250,252,228,-1,228,253,251,-1,252,254,228,-1,228,255,253,-1,254,256,228,-1,228,257,255,-1,256,258,228,-1,228,258,257,-1,259,260,261,-1,260,262,261,-1,262,263,261,-1,264,265,263,-1,266,265,264,-1,267,265,266,-1,268,269,265,-1,270,269,268,-1,265,269,263,-1,271,272,269,-1,273,272,271,-1,261,274,275,-1,263,274,261,-1,269,274,263,-1,272,274,269,-1,275,276,277,-1,277,276,278,-1,274,279,275,-1,279,280,275,-1,281,282,280,-1,282,283,280,-1,283,284,280,-1,285,286,284,-1,287,286,285,-1,288,289,286,-1,286,289,284,-1,289,290,284,-1,291,292,290,-1,293,292,291,-1,275,292,276,-1,280,292,275,-1,290,292,284,-1,284,292,280,-1,292,294,276,-1,276,294,295,-1,296,297,298,-1,297,299,300,-1,297,301,299,-1,296,302,297,-1,297,302,301,-1,302,303,301,-1,302,304,303,-1,305,306,302,-1,302,307,304,-1,306,308,302,-1,302,309,307,-1,308,310,302,-1,302,311,309,-1,310,312,302,-1,302,313,311,-1,312,314,302,-1,302,315,313,-1,314,316,302,-1,302,317,315,-1,316,318,302,-1,302,319,317,-1,318,320,302,-1,302,321,319,-1,320,322,302,-1,302,323,321,-1,322,324,302,-1,302,325,323,-1,324,326,302,-1,302,327,325,-1,326,328,302,-1,302,329,327,-1,328,330,302,-1,302,331,329,-1,330,332,302,-1,302,332,331,-1,333,334,335,-1,334,336,335,-1,336,337,335,-1,338,339,337,-1,340,339,338,-1,341,339,340,-1,342,343,339,-1,344,343,342,-1,339,343,337,-1,345,346,343,-1,347,346,345,-1,335,348,349,-1,337,348,335,-1,343,348,337,-1,346,348,343,-1,349,350,351,-1,351,350,352,-1,348,353,349,-1,353,354,349,-1,355,356,354,-1,356,357,354,-1,357,358,354,-1,359,360,358,-1,361,360,359,-1,362,363,360,-1,360,363,358,-1,363,364,358,-1,365,366,364,-1,367,366,365,-1,349,366,350,-1,354,366,349,-1,364,366,358,-1,358,366,354,-1,366,368,350,-1,350,368,369,-1,370,371,372,-1,371,373,374,-1,371,375,373,-1,370,376,371,-1,371,376,375,-1,376,377,375,-1,376,378,377,-1,379,380,376,-1,376,381,378,-1,380,382,376,-1,376,383,381,-1,382,384,376,-1,376,385,383,-1,384,386,376,-1,376,387,385,-1,386,388,376,-1,376,389,387,-1,388,390,376,-1,376,391,389,-1,390,392,376,-1,376,393,391,-1,392,394,376,-1,376,395,393,-1,394,396,376,-1,376,397,395,-1,396,398,376,-1,376,399,397,-1,398,400,376,-1,376,401,399,-1,400,402,376,-1,376,403,401,-1,402,404,376,-1,376,405,403,-1,404,406,376,-1,376,406,405,-1,407,408,409,-1,408,410,409,-1,410,411,409,-1,412,413,411,-1,414,413,412,-1,415,413,414,-1,416,417,413,-1,418,417,416,-1,413,417,411,-1,419,420,417,-1,421,420,419,-1,409,422,423,-1,411,422,409,-1,417,422,411,-1,420,422,417,-1,423,424,425,-1,425,424,426,-1,422,427,423,-1,427,428,423,-1,429,430,428,-1,430,431,428,-1,431,432,428,-1,433,434,432,-1,435,434,433,-1,436,437,434,-1,434,437,432,-1,437,438,432,-1,439,440,438,-1,441,440,439,-1,423,440,424,-1,428,440,423,-1,438,440,432,-1,432,440,428,-1,440,442,424,-1,424,442,443,-1,444,445,446,-1,445,447,448,-1,445,449,447,-1,444,450,445,-1,445,450,449,-1,450,451,449,-1,452,453,454,-1,455,456,451,-1,457,456,455,-1,453,458,459,-1,452,458,453,-1,460,461,456,-1,461,462,456,-1,456,462,451,-1,462,463,451,-1,464,465,466,-1,467,465,464,-1,458,468,467,-1,467,468,465,-1,469,470,463,-1,471,470,469,-1,468,472,473,-1,458,472,468,-1,474,475,470,-1,470,475,463,-1,472,476,477,-1,475,478,463,-1,449,479,452,-1,452,479,458,-1,472,479,476,-1,458,479,472,-1,449,480,479,-1,451,480,449,-1,463,480,451,-1,478,480,463,-1,481,482,483,-1,484,485,482,-1,485,486,482,-1,482,487,483,-1,486,487,482,-1,488,489,490,-1,491,492,493,-1,494,492,491,-1,489,495,490,-1,494,496,492,-1,490,497,498,-1,495,497,490,-1,494,499,496,-1,497,500,498,-1,494,501,499,-1,502,503,500,-1,501,504,505,-1,494,504,501,-1,503,506,500,-1,498,507,486,-1,487,507,494,-1,486,507,487,-1,494,507,504,-1,506,508,500,-1,508,509,500,-1,507,510,511,-1,509,512,500,-1,510,513,514,-1,507,513,510,-1,512,515,500,-1,507,515,513,-1,516,515,512,-1,517,515,516,-1,500,515,498,-1,498,515,507,-1,518,519,520,-1,519,521,522,-1,519,523,521,-1,518,524,519,-1,519,524,523,-1,524,525,523,-1,526,527,528,-1,529,530,525,-1,531,530,529,-1,527,532,533,-1,526,532,527,-1,534,535,530,-1,535,536,530,-1,530,536,525,-1,536,537,525,-1,538,539,540,-1,541,539,538,-1,532,542,541,-1,541,542,539,-1,543,544,537,-1,545,544,543,-1,542,546,547,-1,532,546,542,-1,548,549,544,-1,544,549,537,-1,546,550,551,-1,549,552,537,-1,523,553,526,-1,526,553,532,-1,546,553,550,-1,532,553,546,-1,523,554,553,-1,525,554,523,-1,537,554,525,-1,552,554,537,-1,555,556,557,-1,558,559,556,-1,559,560,556,-1,556,561,557,-1,560,561,556,-1,562,563,564,-1,565,566,567,-1,568,566,565,-1,563,569,564,-1,568,570,566,-1,564,571,572,-1,569,571,564,-1,568,573,570,-1,571,574,572,-1,568,575,573,-1,576,577,574,-1,575,578,579,-1,568,578,575,-1,577,580,574,-1,572,581,560,-1,561,581,568,-1,560,581,561,-1,568,581,578,-1,580,582,574,-1,582,583,574,-1,581,584,585,-1,583,586,574,-1,584,587,588,-1,581,587,584,-1,586,589,574,-1,581,589,587,-1,590,589,586,-1,591,589,590,-1,574,589,572,-1,572,589,581,-1,592,593,594,-1,593,595,596,-1,593,597,595,-1,592,598,593,-1,593,598,597,-1,598,599,597,-1,600,601,602,-1,603,604,599,-1,605,604,603,-1,601,606,607,-1,600,606,601,-1,608,609,604,-1,609,610,604,-1,604,610,599,-1,610,611,599,-1,612,613,614,-1,615,613,612,-1,606,616,615,-1,615,616,613,-1,617,618,611,-1,619,618,617,-1,616,620,621,-1,606,620,616,-1,622,623,618,-1,618,623,611,-1,620,624,625,-1,623,626,611,-1,597,627,600,-1,600,627,606,-1,620,627,624,-1,606,627,620,-1,597,628,627,-1,599,628,597,-1,611,628,599,-1,626,628,611,-1,629,630,631,-1,632,633,630,-1,633,634,630,-1,630,635,631,-1,634,635,630,-1,636,637,638,-1,639,640,641,-1,642,640,639,-1,637,643,638,-1,642,644,640,-1,638,645,646,-1,643,645,638,-1,642,647,644,-1,645,648,646,-1,642,649,647,-1,650,651,648,-1,649,652,653,-1,642,652,649,-1,651,654,648,-1,646,655,634,-1,635,655,642,-1,634,655,635,-1,642,655,652,-1,654,656,648,-1,656,657,648,-1,655,658,659,-1,657,660,648,-1,658,661,662,-1,655,661,658,-1,660,663,648,-1,655,663,661,-1,664,663,660,-1,665,663,664,-1,648,663,646,-1,646,663,655,-1,666,597,600,-1,666,667,597,-1,668,600,602,-1,668,666,600,-1,669,602,601,-1,669,668,602,-1,670,601,607,-1,670,669,601,-1,671,607,606,-1,671,670,607,-1,672,606,615,-1,672,671,606,-1,673,615,612,-1,673,672,615,-1,674,673,612,-1,674,612,614,-1,675,674,614,-1,675,614,613,-1,676,675,613,-1,676,613,616,-1,677,676,616,-1,677,616,621,-1,678,677,621,-1,678,621,620,-1,679,620,625,-1,679,678,620,-1,680,625,624,-1,680,679,625,-1,681,624,627,-1,681,680,624,-1,682,627,628,-1,682,681,627,-1,683,628,626,-1,683,682,628,-1,684,626,623,-1,684,683,626,-1,685,623,622,-1,685,684,623,-1,686,622,618,-1,686,685,622,-1,687,618,619,-1,687,686,618,-1,688,619,617,-1,688,687,619,-1,689,617,611,-1,689,688,617,-1,690,611,610,-1,690,689,611,-1,691,610,609,-1,691,690,610,-1,692,609,608,-1,692,691,609,-1,693,608,604,-1,693,692,608,-1,694,604,605,-1,694,693,604,-1,695,603,599,-1,695,605,603,-1,695,694,605,-1,696,695,599,-1,697,599,598,-1,697,696,599,-1,646,634,523,-1,646,523,526,-1,638,526,528,-1,638,646,526,-1,636,528,527,-1,636,638,528,-1,637,527,533,-1,637,636,527,-1,643,533,532,-1,643,637,533,-1,645,532,541,-1,645,643,532,-1,648,541,538,-1,648,645,541,-1,650,648,538,-1,650,538,540,-1,651,650,540,-1,651,540,539,-1,654,651,539,-1,654,539,542,-1,656,654,542,-1,656,542,547,-1,657,656,547,-1,657,547,546,-1,660,657,546,-1,660,546,551,-1,664,660,551,-1,664,551,550,-1,665,664,550,-1,665,550,553,-1,663,665,553,-1,663,553,554,-1,661,663,554,-1,661,554,552,-1,662,661,552,-1,662,552,549,-1,658,549,548,-1,658,662,549,-1,659,548,544,-1,659,658,548,-1,655,659,544,-1,655,544,545,-1,652,545,543,-1,652,655,545,-1,653,543,537,-1,653,652,543,-1,649,537,536,-1,649,653,537,-1,647,536,535,-1,647,649,536,-1,644,535,534,-1,644,647,535,-1,640,534,530,-1,640,644,534,-1,641,530,531,-1,641,640,530,-1,639,531,529,-1,639,641,531,-1,642,529,525,-1,642,639,529,-1,635,525,524,-1,635,642,525,-1,572,560,449,-1,572,449,452,-1,564,452,454,-1,564,572,452,-1,562,454,453,-1,562,564,454,-1,563,453,459,-1,563,562,453,-1,569,459,458,-1,569,563,459,-1,571,458,467,-1,571,569,458,-1,574,467,464,-1,574,571,467,-1,576,574,464,-1,576,464,466,-1,577,576,466,-1,577,466,465,-1,580,577,465,-1,580,465,468,-1,582,580,468,-1,582,468,473,-1,583,582,473,-1,583,473,472,-1,586,583,472,-1,586,472,477,-1,590,586,477,-1,590,477,476,-1,591,590,476,-1,591,476,479,-1,589,591,479,-1,589,479,480,-1,587,589,480,-1,587,480,478,-1,588,587,478,-1,588,478,475,-1,584,475,474,-1,584,588,475,-1,585,474,470,-1,585,584,474,-1,581,585,470,-1,581,470,471,-1,578,471,469,-1,578,581,471,-1,579,469,463,-1,579,578,469,-1,575,463,462,-1,575,579,463,-1,573,462,461,-1,573,575,462,-1,570,461,460,-1,570,573,461,-1,566,460,456,-1,566,570,460,-1,567,456,457,-1,567,566,456,-1,565,457,455,-1,565,567,457,-1,568,455,451,-1,568,565,455,-1,561,451,450,-1,561,568,451,-1,698,375,377,-1,699,377,378,-1,699,698,377,-1,700,378,381,-1,700,699,378,-1,701,381,383,-1,701,700,381,-1,702,383,385,-1,702,701,383,-1,703,385,387,-1,703,702,385,-1,704,387,389,-1,704,703,387,-1,705,389,391,-1,705,704,389,-1,706,705,391,-1,706,391,393,-1,707,706,393,-1,707,393,395,-1,708,707,395,-1,708,395,397,-1,709,708,397,-1,709,397,399,-1,710,399,401,-1,710,709,399,-1,711,401,403,-1,711,710,401,-1,712,711,403,-1,712,403,405,-1,713,712,405,-1,713,405,406,-1,714,406,404,-1,714,713,406,-1,715,404,402,-1,715,714,404,-1,716,402,400,-1,716,715,402,-1,717,400,398,-1,717,716,400,-1,718,717,398,-1,719,396,394,-1,719,398,396,-1,719,718,398,-1,720,394,392,-1,720,719,394,-1,721,720,392,-1,722,392,390,-1,722,721,392,-1,723,390,388,-1,723,722,390,-1,724,386,384,-1,724,388,386,-1,724,723,388,-1,725,724,384,-1,726,382,380,-1,726,384,382,-1,726,725,384,-1,727,726,380,-1,728,380,379,-1,728,727,380,-1,729,379,376,-1,729,728,379,-1,423,301,303,-1,409,303,304,-1,409,423,303,-1,407,304,307,-1,407,409,304,-1,408,307,309,-1,408,407,307,-1,410,309,311,-1,410,408,309,-1,411,311,313,-1,411,410,311,-1,412,313,315,-1,412,411,313,-1,414,315,317,-1,414,412,315,-1,415,414,317,-1,415,317,319,-1,413,415,319,-1,413,319,321,-1,416,413,321,-1,416,321,323,-1,418,416,323,-1,418,323,325,-1,417,418,325,-1,417,325,327,-1,419,417,327,-1,419,327,329,-1,421,419,329,-1,421,329,331,-1,420,421,331,-1,420,331,332,-1,422,420,332,-1,422,332,330,-1,427,422,330,-1,427,330,328,-1,428,427,328,-1,428,328,326,-1,429,326,324,-1,429,428,326,-1,430,324,322,-1,430,429,324,-1,431,322,320,-1,431,430,322,-1,432,320,318,-1,432,431,320,-1,433,318,316,-1,433,432,318,-1,435,316,314,-1,435,433,316,-1,434,314,312,-1,434,435,314,-1,436,312,310,-1,436,434,312,-1,437,310,308,-1,437,436,310,-1,438,308,306,-1,438,437,308,-1,439,306,305,-1,439,438,306,-1,441,439,305,-1,440,305,302,-1,440,441,305,-1,349,227,229,-1,335,229,230,-1,335,349,229,-1,333,230,233,-1,333,335,230,-1,334,233,235,-1,334,333,233,-1,336,235,237,-1,336,334,235,-1,337,237,239,-1,337,336,237,-1,338,239,241,-1,338,337,239,-1,340,241,243,-1,340,338,241,-1,341,340,243,-1,341,243,245,-1,339,341,245,-1,339,245,247,-1,342,339,247,-1,342,247,249,-1,344,342,249,-1,344,249,251,-1,343,344,251,-1,343,251,253,-1,345,343,253,-1,345,253,255,-1,347,345,255,-1,347,255,257,-1,346,347,257,-1,346,257,258,-1,348,346,258,-1,348,258,256,-1,353,348,256,-1,353,256,254,-1,354,353,254,-1,354,254,252,-1,355,252,250,-1,355,354,252,-1,356,355,250,-1,356,250,248,-1,357,248,246,-1,357,356,248,-1,358,246,244,-1,358,357,246,-1,359,244,242,-1,359,358,244,-1,361,242,240,-1,361,359,242,-1,360,240,238,-1,360,361,240,-1,362,238,236,-1,362,360,238,-1,363,362,236,-1,364,234,232,-1,364,236,234,-1,364,363,236,-1,365,232,231,-1,365,364,232,-1,367,231,228,-1,367,365,231,-1,366,367,228,-1,182,142,141,-1,181,141,140,-1,181,182,141,-1,179,140,139,-1,179,181,140,-1,180,139,138,-1,180,179,139,-1,177,138,137,-1,177,180,138,-1,178,137,136,-1,178,177,137,-1,176,136,135,-1,176,178,136,-1,174,135,134,-1,174,176,135,-1,175,174,134,-1,175,134,133,-1,172,175,133,-1,172,133,132,-1,173,172,132,-1,173,132,131,-1,170,173,131,-1,170,131,130,-1,171,170,130,-1,171,130,129,-1,169,171,129,-1,169,129,128,-1,167,169,128,-1,168,167,128,-1,168,127,126,-1,168,128,127,-1,166,168,126,-1,166,126,125,-1,161,166,125,-1,162,161,125,-1,162,124,123,-1,162,125,124,-1,159,162,123,-1,160,123,122,-1,160,159,123,-1,158,122,121,-1,158,160,122,-1,156,121,120,-1,156,158,121,-1,157,120,119,-1,157,156,120,-1,154,119,118,-1,154,157,119,-1,155,118,117,-1,155,154,118,-1,153,116,115,-1,153,117,116,-1,153,155,117,-1,152,153,115,-1,149,115,114,-1,149,152,115,-1,150,114,111,-1,150,149,114,-1,148,111,113,-1,148,150,111,-1,151,113,112,-1,151,148,113,-1,108,68,67,-1,107,67,66,-1,107,108,67,-1,105,66,65,-1,105,107,66,-1,106,65,64,-1,106,105,65,-1,103,64,63,-1,103,106,64,-1,104,63,62,-1,104,103,63,-1,102,62,61,-1,102,104,62,-1,100,61,60,-1,100,102,61,-1,101,100,60,-1,101,60,59,-1,98,101,59,-1,98,59,58,-1,99,98,58,-1,99,58,57,-1,96,99,57,-1,96,57,56,-1,97,96,56,-1,97,56,55,-1,95,97,55,-1,95,55,54,-1,93,95,54,-1,94,93,54,-1,94,53,52,-1,94,54,53,-1,92,94,52,-1,92,52,51,-1,87,92,51,-1,87,51,50,-1,88,87,50,-1,85,49,48,-1,85,50,49,-1,85,88,50,-1,86,85,48,-1,86,48,47,-1,84,86,47,-1,82,46,45,-1,82,47,46,-1,82,84,47,-1,83,82,45,-1,80,45,44,-1,80,83,45,-1,81,44,43,-1,81,80,44,-1,79,43,42,-1,79,81,43,-1,78,42,41,-1,78,79,42,-1,75,41,40,-1,75,78,41,-1,76,40,37,-1,76,75,40,-1,74,37,39,-1,74,76,37,-1,77,39,38,-1,77,74,39,-1,34,667,730,-1,33,730,731,-1,33,34,730,-1,31,731,732,-1,31,33,731,-1,32,732,733,-1,32,31,732,-1,29,733,734,-1,29,32,733,-1,30,734,735,-1,30,29,734,-1,28,735,736,-1,28,30,735,-1,26,736,737,-1,26,28,736,-1,27,26,737,-1,27,737,738,-1,24,27,738,-1,24,738,739,-1,25,24,739,-1,25,739,740,-1,22,25,740,-1,22,740,741,-1,23,22,741,-1,23,741,742,-1,21,23,742,-1,21,742,743,-1,19,21,743,-1,19,743,744,-1,20,19,744,-1,20,744,745,-1,18,20,745,-1,18,745,746,-1,13,18,746,-1,13,746,747,-1,14,13,747,-1,14,747,748,-1,11,748,749,-1,11,14,748,-1,12,11,749,-1,10,750,751,-1,10,749,750,-1,10,12,749,-1,8,751,752,-1,8,10,751,-1,9,8,752,-1,6,752,753,-1,6,9,752,-1,7,753,754,-1,7,6,753,-1,5,755,756,-1,5,754,755,-1,5,7,754,-1,4,5,756,-1,1,757,758,-1,1,756,757,-1,1,4,756,-1,2,1,758,-1,0,758,759,-1,0,2,758,-1,3,759,760,-1,3,0,759,-1,217,216,761,-1,762,217,761,-1,763,217,762,-1,763,183,217,-1,764,762,761,-1,765,764,761,-1,766,183,763,-1,766,182,183,-1,767,764,765,-1,767,768,764,-1,769,182,766,-1,769,142,182,-1,770,766,763,-1,770,763,768,-1,143,142,769,-1,771,143,769,-1,772,768,767,-1,772,770,768,-1,773,772,767,-1,773,774,775,-1,776,773,775,-1,777,770,772,-1,777,778,770,-1,779,109,143,-1,779,143,771,-1,780,771,769,-1,780,769,778,-1,781,772,773,-1,781,773,776,-1,69,68,108,-1,69,108,109,-1,782,765,761,-1,782,775,774,-1,782,783,775,-1,782,774,765,-1,277,783,782,-1,784,781,776,-1,785,109,779,-1,785,69,109,-1,786,778,777,-1,786,780,778,-1,787,786,777,-1,788,785,779,-1,275,277,782,-1,225,783,277,-1,225,789,783,-1,790,781,784,-1,790,787,781,-1,791,35,69,-1,791,69,785,-1,792,785,788,-1,793,784,776,-1,793,776,789,-1,793,789,225,-1,794,788,780,-1,794,780,786,-1,795,786,787,-1,796,788,794,-1,796,792,788,-1,797,34,35,-1,797,35,791,-1,798,787,790,-1,798,795,787,-1,227,793,225,-1,799,795,798,-1,799,796,794,-1,800,797,791,-1,800,791,801,-1,802,790,803,-1,802,798,790,-1,804,792,796,-1,804,800,801,-1,804,801,792,-1,805,667,34,-1,805,34,797,-1,806,796,799,-1,807,799,798,-1,595,667,805,-1,351,802,803,-1,808,800,804,-1,809,806,799,-1,809,799,807,-1,810,806,809,-1,811,809,807,-1,812,800,808,-1,597,667,595,-1,633,595,805,-1,633,805,812,-1,349,793,227,-1,349,351,803,-1,349,803,793,-1,299,811,802,-1,299,802,351,-1,813,812,808,-1,814,808,804,-1,814,804,810,-1,815,810,809,-1,816,809,811,-1,816,811,299,-1,521,633,812,-1,521,812,813,-1,425,816,299,-1,817,810,815,-1,817,814,810,-1,818,814,817,-1,523,634,633,-1,523,633,521,-1,559,813,818,-1,559,521,813,-1,423,299,301,-1,423,425,299,-1,373,816,425,-1,373,819,816,-1,820,818,817,-1,821,815,819,-1,821,819,373,-1,821,817,815,-1,447,559,818,-1,447,818,820,-1,375,821,373,-1,822,821,375,-1,449,560,559,-1,449,559,447,-1,485,820,822,-1,485,447,820,-1,698,486,485,-1,698,822,375,-1,698,485,822,-1,823,824,825,-1,825,824,826,-1,827,828,829,-1,827,829,830,-1,831,830,832,-1,831,827,830,-1,833,832,834,-1,833,831,832,-1,835,834,836,-1,835,833,834,-1,837,836,838,-1,837,835,836,-1,839,837,838,-1,839,838,840,-1,841,839,840,-1,841,840,842,-1,843,841,842,-1,843,842,844,-1,845,843,844,-1,845,844,846,-1,847,845,846,-1,847,846,848,-1,849,847,848,-1,849,848,850,-1,851,849,850,-1,851,850,852,-1,853,851,852,-1,853,852,854,-1,855,853,854,-1,855,854,856,-1,857,855,856,-1,857,856,858,-1,859,857,858,-1,859,858,860,-1,861,859,860,-1,861,860,862,-1,863,861,862,-1,863,862,864,-1,865,863,864,-1,865,864,866,-1,867,866,868,-1,867,865,866,-1,869,868,870,-1,869,867,868,-1,871,869,870,-1,871,870,872,-1,873,872,874,-1,873,871,872,-1,875,873,874,-1,875,874,876,-1,877,876,878,-1,877,875,876,-1,879,878,880,-1,879,877,878,-1,881,880,882,-1,881,879,880,-1,883,882,884,-1,883,881,882,-1,885,884,886,-1,885,883,884,-1,887,886,888,-1,887,885,886,-1,889,888,890,-1,889,887,888,-1,891,889,890,-1,891,890,892,-1,893,891,892,-1,893,892,894,-1,895,893,894,-1,895,894,896,-1,826,895,896,-1,826,896,825,-1,828,897,829,-1,829,897,898,-1,899,898,897,-1,899,900,901,-1,899,897,900,-1,902,901,903,-1,902,899,901,-1,904,902,903,-1,905,903,906,-1,905,904,903,-1,907,906,908,-1,907,905,906,-1,909,908,910,-1,909,907,908,-1,911,910,912,-1,911,909,910,-1,913,911,912,-1,913,912,914,-1,915,913,914,-1,915,914,916,-1,917,915,916,-1,917,916,918,-1,919,917,918,-1,919,918,920,-1,921,919,920,-1,921,920,922,-1,923,922,924,-1,923,921,922,-1,925,924,926,-1,925,923,924,-1,927,926,928,-1,927,925,926,-1,929,928,930,-1,929,927,928,-1,931,930,932,-1,931,929,930,-1,933,932,934,-1,933,931,932,-1,935,934,936,-1,935,933,934,-1,937,936,938,-1,937,935,936,-1,939,938,940,-1,939,937,938,-1,941,940,942,-1,941,939,940,-1,943,942,944,-1,943,941,942,-1,945,944,946,-1,945,943,944,-1,947,946,948,-1,947,945,946,-1,949,948,950,-1,949,947,948,-1,951,950,952,-1,951,949,950,-1,953,952,954,-1,953,951,952,-1,955,954,956,-1,955,953,954,-1,957,956,958,-1,957,955,956,-1,761,958,782,-1,761,957,958,-1,486,698,959,-1,498,959,960,-1,498,486,959,-1,490,960,961,-1,490,498,960,-1,488,961,962,-1,488,490,961,-1,489,488,962,-1,495,962,963,-1,495,489,962,-1,497,963,964,-1,497,495,963,-1,500,964,965,-1,500,497,964,-1,502,500,965,-1,502,965,966,-1,503,502,966,-1,503,966,967,-1,506,503,967,-1,506,967,968,-1,508,506,968,-1,508,968,969,-1,509,508,969,-1,509,969,970,-1,512,509,970,-1,512,970,971,-1,516,512,971,-1,516,971,972,-1,517,516,972,-1,517,972,973,-1,515,517,973,-1,515,973,974,-1,513,515,974,-1,513,974,975,-1,514,513,975,-1,514,975,976,-1,510,976,977,-1,510,514,976,-1,511,977,978,-1,511,510,977,-1,507,511,978,-1,507,978,979,-1,504,979,980,-1,504,507,979,-1,505,980,981,-1,505,504,980,-1,501,981,982,-1,501,505,981,-1,499,982,983,-1,499,501,982,-1,496,983,984,-1,496,499,983,-1,492,984,985,-1,492,496,984,-1,493,985,986,-1,493,492,985,-1,491,986,987,-1,491,493,986,-1,494,987,988,-1,494,491,987,-1,487,988,989,-1,487,494,988,-1,598,592,697,-1,592,990,697,-1,592,631,990,-1,524,518,635,-1,635,518,631,-1,631,518,990,-1,518,557,990,-1,450,444,561,-1,561,444,557,-1,487,989,483,-1,483,991,444,-1,989,991,483,-1,444,991,557,-1,557,991,990,-1,990,991,992,-1,993,992,994,-1,993,990,992,-1,995,994,996,-1,995,993,994,-1,997,996,998,-1,997,995,996,-1,999,998,1000,-1,999,997,998,-1,1001,1000,1002,-1,1001,999,1000,-1,1003,1001,1002,-1,1003,1002,1004,-1,1005,1003,1004,-1,1005,1004,1006,-1,1007,1006,1008,-1,1007,1005,1006,-1,1009,1008,1010,-1,1009,1007,1008,-1,1011,1010,1012,-1,1011,1009,1010,-1,1013,1012,1014,-1,1013,1011,1012,-1,1015,1014,1016,-1,1015,1013,1014,-1,1017,1016,1018,-1,1017,1015,1016,-1,1019,1018,1020,-1,1019,1017,1018,-1,1021,1020,1022,-1,1021,1019,1020,-1,1023,1022,1024,-1,1023,1021,1022,-1,1025,1024,1026,-1,1025,1023,1024,-1,1027,1026,1028,-1,1027,1025,1026,-1,1029,1028,1030,-1,1029,1027,1028,-1,1031,1030,1032,-1,1031,1029,1030,-1,1033,1032,1034,-1,1033,1031,1032,-1,1035,1034,1036,-1,1035,1033,1034,-1,1037,1036,1038,-1,1037,1035,1036,-1,1039,1038,1040,-1,1039,1037,1038,-1,1041,1040,1042,-1,1041,1039,1040,-1,1043,1042,1044,-1,1043,1041,1042,-1,1045,1044,1046,-1,1045,1043,1044,-1,1047,1046,1048,-1,1047,1045,1046,-1,1049,1048,1050,-1,1049,1047,1048,-1,1051,1050,1052,-1,1051,1049,1050,-1,1053,1052,1054,-1,1053,1051,1052,-1,1055,1053,1054,-1,1055,1054,1056,-1,1057,1055,1056,-1,1057,1056,1058,-1,1059,1057,1058,-1,1059,1058,824,-1,823,1059,824,-1,959,698,699,-1,1060,728,729,-1,1061,960,959,-1,1061,959,699,-1,1062,1061,699,-1,1062,699,700,-1,1062,700,701,-1,1063,701,702,-1,1063,1062,701,-1,1064,1061,1062,-1,1064,962,961,-1,1064,961,960,-1,1064,960,1061,-1,1065,1063,702,-1,1065,702,703,-1,1065,703,704,-1,1066,1062,1063,-1,1066,1064,1062,-1,1067,962,1064,-1,1067,963,962,-1,1068,704,705,-1,1068,1065,704,-1,1069,1063,1065,-1,1069,1066,1063,-1,1070,1067,1064,-1,1070,1064,1066,-1,1071,705,706,-1,1071,1068,705,-1,1072,1069,1065,-1,1072,1065,1068,-1,1073,1070,1066,-1,1073,1066,1069,-1,1074,1067,1070,-1,1074,964,963,-1,1074,963,1067,-1,1075,1071,706,-1,1075,706,707,-1,1075,707,708,-1,1076,1068,1071,-1,1076,1072,1068,-1,1077,1073,1069,-1,1077,1069,1072,-1,1078,1074,1070,-1,1078,1070,1073,-1,1079,966,965,-1,1079,965,964,-1,1079,964,1074,-1,1080,708,709,-1,1080,1075,708,-1,1081,1076,1071,-1,1081,1071,1075,-1,1082,1072,1076,-1,1082,1077,1072,-1,1083,1073,1077,-1,1083,1078,1073,-1,1084,1074,1078,-1,1084,1079,1074,-1,1085,1080,709,-1,1085,709,710,-1,1085,710,711,-1,1086,1081,1075,-1,1086,1075,1080,-1,1087,1082,1076,-1,1087,1076,1081,-1,1088,1083,1077,-1,1088,1077,1082,-1,1089,1084,1078,-1,1089,1078,1083,-1,1090,1085,711,-1,1090,711,712,-1,1091,1079,1084,-1,1091,967,966,-1,1091,966,1079,-1,1092,1080,1085,-1,1092,1086,1080,-1,1093,1081,1086,-1,1093,1087,1081,-1,1094,1082,1087,-1,1094,1088,1082,-1,1095,1083,1088,-1,1095,1089,1083,-1,1096,712,713,-1,1096,713,714,-1,1096,1090,712,-1,1097,1091,1084,-1,1097,1084,1089,-1,1098,1092,1085,-1,1098,1085,1090,-1,1099,969,968,-1,1099,968,967,-1,1099,967,1091,-1,1100,1086,1092,-1,1100,1093,1086,-1,1101,1087,1093,-1,1101,1094,1087,-1,1102,1095,1088,-1,1102,1088,1094,-1,1103,1096,714,-1,1103,714,715,-1,1104,1097,1089,-1,1104,1089,1095,-1,1105,1090,1096,-1,1105,1098,1090,-1,1106,1091,1097,-1,1106,1099,1091,-1,1107,1092,1098,-1,1107,1100,1092,-1,1108,1093,1100,-1,1108,1101,1093,-1,1109,1102,1094,-1,1109,1094,1101,-1,1110,1103,715,-1,1110,715,716,-1,1111,1104,1095,-1,1111,1095,1102,-1,1112,1105,1096,-1,1112,1096,1103,-1,1113,1097,1104,-1,1113,1106,1097,-1,1114,1107,1098,-1,1114,1098,1105,-1,1115,1099,1106,-1,1115,970,969,-1,1115,969,1099,-1,1116,1108,1100,-1,1116,1100,1107,-1,1117,1101,1108,-1,1117,1109,1101,-1,1118,1110,716,-1,1118,716,717,-1,1118,717,718,-1,1119,1102,1109,-1,1119,1111,1102,-1,1120,1103,1110,-1,1120,1112,1103,-1,1121,1104,1111,-1,1121,1113,1104,-1,1122,1105,1112,-1,1122,1114,1105,-1,1123,1115,1106,-1,1123,1106,1113,-1,1124,1116,1107,-1,1124,1107,1114,-1,1125,971,970,-1,1125,970,1115,-1,1126,1117,1108,-1,1126,1108,1116,-1,1127,1118,718,-1,1127,718,719,-1,1128,1119,1109,-1,1128,1109,1117,-1,1129,1110,1118,-1,1129,1120,1110,-1,1130,1111,1119,-1,1130,1121,1111,-1,1131,1122,1112,-1,1131,1112,1120,-1,1132,1113,1121,-1,1132,1123,1113,-1,1133,1124,1114,-1,1133,1114,1122,-1,1134,1115,1123,-1,1134,1125,1115,-1,1135,1116,1124,-1,1135,1126,1116,-1,1136,1127,719,-1,1136,719,720,-1,1136,720,721,-1,1137,1117,1126,-1,1137,1128,1117,-1,1138,1129,1118,-1,1138,1118,1127,-1,1139,1130,1119,-1,1139,1119,1128,-1,1140,1120,1129,-1,1140,1131,1120,-1,1141,1132,1121,-1,1141,1121,1130,-1,1142,1122,1131,-1,1142,1133,1122,-1,1143,1123,1132,-1,1143,1134,1123,-1,1144,1124,1133,-1,1144,1135,1124,-1,1145,1125,1134,-1,1145,973,972,-1,1145,972,971,-1,1145,971,1125,-1,1146,721,722,-1,1146,1136,721,-1,1147,1126,1135,-1,1147,1137,1126,-1,1148,1127,1136,-1,1148,1138,1127,-1,1149,1139,1128,-1,1149,1128,1137,-1,1150,1129,1138,-1,1150,1140,1129,-1,1151,1141,1130,-1,1151,1130,1139,-1,1152,1142,1131,-1,1152,1131,1140,-1,1153,1143,1132,-1,1153,1132,1141,-1,1154,1133,1142,-1,1154,1144,1133,-1,1155,1145,1134,-1,1155,1134,1143,-1,1156,1146,722,-1,1156,722,723,-1,1157,1147,1135,-1,1157,1135,1144,-1,1158,974,973,-1,1158,973,1145,-1,1159,1136,1146,-1,1159,1148,1136,-1,1160,1149,1137,-1,1160,1137,1147,-1,1161,1138,1148,-1,1161,1150,1138,-1,1162,1151,1139,-1,1162,1139,1149,-1,1163,1140,1150,-1,1163,1152,1140,-1,1164,1141,1151,-1,1164,1153,1141,-1,1165,1154,1142,-1,1165,1142,1152,-1,1166,1143,1153,-1,1166,1155,1143,-1,1167,1156,723,-1,1167,723,724,-1,1167,724,725,-1,1168,1144,1154,-1,1168,1157,1144,-1,1169,1158,1145,-1,1169,1145,1155,-1,1170,1146,1156,-1,1170,1159,1146,-1,1171,1147,1157,-1,1171,1160,1147,-1,1172,1148,1159,-1,1172,1161,1148,-1,1173,1149,1160,-1,1173,1162,1149,-1,1174,1163,1150,-1,1174,1150,1161,-1,1175,1151,1162,-1,1175,1164,1151,-1,1176,1152,1163,-1,1176,1165,1152,-1,1177,1166,1153,-1,1177,1153,1164,-1,1178,1167,725,-1,1178,725,726,-1,1179,1154,1165,-1,1179,1168,1154,-1,1180,1169,1155,-1,1180,1155,1166,-1,1181,1156,1167,-1,1181,1170,1156,-1,1182,1157,1168,-1,1182,1171,1157,-1,1183,976,975,-1,1183,975,974,-1,1183,974,1158,-1,1183,1158,1169,-1,1184,1159,1170,-1,1184,1172,1159,-1,1185,1160,1171,-1,1185,1173,1160,-1,1186,1161,1172,-1,1186,1174,1161,-1,1187,1162,1173,-1,1187,1175,1162,-1,1188,1163,1174,-1,1188,1176,1163,-1,1189,1177,1164,-1,1189,1164,1175,-1,1190,726,727,-1,1190,727,728,-1,1190,1178,726,-1,1191,1165,1176,-1,1191,1179,1165,-1,1192,1166,1177,-1,1192,1180,1166,-1,1193,1181,1167,-1,1193,1167,1178,-1,1194,1182,1168,-1,1194,1168,1179,-1,1195,1169,1180,-1,1195,1183,1169,-1,1196,1170,1181,-1,1196,1184,1170,-1,1197,1185,1171,-1,1197,1171,1182,-1,1198,977,976,-1,1198,976,1183,-1,1199,1186,1172,-1,1199,1172,1184,-1,1200,1187,1173,-1,1200,1173,1185,-1,1201,1188,1174,-1,1201,1174,1186,-1,1202,1175,1187,-1,1202,1189,1175,-1,1203,1190,728,-1,1203,728,1060,-1,1203,1060,1204,-1,1205,1191,1176,-1,1205,1176,1188,-1,1206,1177,1189,-1,1206,1192,1177,-1,1207,1178,1190,-1,1207,1193,1178,-1,1208,1179,1191,-1,1208,1194,1179,-1,1209,1195,1180,-1,1209,1180,1192,-1,1210,1181,1193,-1,1210,1196,1181,-1,1211,1182,1194,-1,1211,1197,1182,-1,1212,1183,1195,-1,1212,1198,1183,-1,1213,1199,1184,-1,1213,1184,1196,-1,1214,1185,1197,-1,1214,1200,1185,-1,1215,1186,1199,-1,1215,1201,1186,-1,1216,1202,1187,-1,1216,1187,1200,-1,1217,1205,1188,-1,1217,1188,1201,-1,1218,1206,1189,-1,1218,1189,1202,-1,1219,1203,1204,-1,1219,1207,1190,-1,1219,1190,1203,-1,1219,1220,1221,-1,1219,1204,1220,-1,1222,1191,1205,-1,1222,1208,1191,-1,1223,1192,1206,-1,1223,1209,1192,-1,1224,1210,1193,-1,1224,1193,1207,-1,1225,1211,1194,-1,1225,1194,1208,-1,1226,1212,1195,-1,1226,1195,1209,-1,1227,1213,1196,-1,1227,1196,1210,-1,1228,1214,1197,-1,1228,1197,1211,-1,1229,978,977,-1,1229,1198,1212,-1,1229,977,1198,-1,1230,1199,1213,-1,1230,1215,1199,-1,1231,1200,1214,-1,1231,1216,1200,-1,1232,1217,1201,-1,1232,1201,1215,-1,1233,1218,1202,-1,1233,1202,1216,-1,1234,1205,1217,-1,1234,1222,1205,-1,1235,1206,1218,-1,1235,1223,1206,-1,1236,1207,1219,-1,1236,1224,1207,-1,1237,1208,1222,-1,1237,1225,1208,-1,1238,1226,1209,-1,1238,1209,1223,-1,1239,1227,1210,-1,1239,1210,1224,-1,1240,1228,1211,-1,1240,1211,1225,-1,1241,1212,1226,-1,1241,1229,1212,-1,1242,1213,1227,-1,1242,1230,1213,-1,1243,1214,1228,-1,1243,1231,1214,-1,1244,980,979,-1,1244,979,978,-1,1244,978,1229,-1,1245,1215,1230,-1,1245,1232,1215,-1,1246,1233,1216,-1,1246,1216,1231,-1,1247,1234,1217,-1,1247,1217,1232,-1,1248,1218,1233,-1,1248,1235,1218,-1,1249,1219,1221,-1,1249,1221,1250,-1,1249,1236,1219,-1,1249,1250,1236,-1,1251,1222,1234,-1,1251,1237,1222,-1,1252,1238,1223,-1,1252,1223,1235,-1,1253,1224,1236,-1,1253,1239,1224,-1,1254,1225,1237,-1,1254,1240,1225,-1,1255,1226,1238,-1,1255,1241,1226,-1,1256,1227,1239,-1,1256,1242,1227,-1,1257,1228,1240,-1,1257,1243,1228,-1,1258,1229,1241,-1,1258,1244,1229,-1,1259,1230,1242,-1,1259,1245,1230,-1,1260,1246,1231,-1,1260,1231,1243,-1,1261,1247,1232,-1,1261,1232,1245,-1,1262,1248,1233,-1,1262,1233,1246,-1,1263,1251,1234,-1,1263,1234,1247,-1,1264,1235,1248,-1,1264,1252,1235,-1,1265,1253,1236,-1,1265,1250,1266,-1,1265,1236,1250,-1,1267,1254,1237,-1,1267,1237,1251,-1,1268,1255,1238,-1,1268,1238,1252,-1,1269,1256,1239,-1,1269,1239,1253,-1,1270,1257,1240,-1,1270,1240,1254,-1,1271,1258,1241,-1,1271,1241,1255,-1,1272,1242,1256,-1,1272,1259,1242,-1,1273,1243,1257,-1,1273,1260,1243,-1,1274,981,980,-1,1274,1244,1258,-1,1274,980,1244,-1,1275,1245,1259,-1,1275,1261,1245,-1,1276,1262,1246,-1,1276,1246,1260,-1,1277,1247,1261,-1,1277,1263,1247,-1,1278,1264,1248,-1,1278,1248,1262,-1,1279,1251,1263,-1,1279,1267,1251,-1,1280,1252,1264,-1,1280,1268,1252,-1,1281,1269,1253,-1,1281,1253,1265,-1,1282,1254,1267,-1,1282,1270,1254,-1,1283,1255,1268,-1,1283,1271,1255,-1,1284,1272,1256,-1,1284,1256,1269,-1,1285,1257,1270,-1,1285,1273,1257,-1,1286,1274,1258,-1,1286,1258,1271,-1,1287,1259,1272,-1,1287,1275,1259,-1,1288,1260,1273,-1,1288,1276,1260,-1,1289,983,982,-1,1289,982,981,-1,1289,981,1274,-1,1290,1277,1261,-1,1290,1261,1275,-1,1291,1278,1262,-1,1291,1262,1276,-1,1292,1263,1277,-1,1292,1279,1263,-1,1293,1264,1278,-1,1293,1280,1264,-1,1294,1295,1281,-1,1294,1265,1266,-1,1294,1296,1295,-1,1294,1266,1296,-1,1294,1281,1265,-1,1297,1282,1267,-1,1297,1267,1279,-1,1298,1268,1280,-1,1298,1283,1268,-1,1299,1284,1269,-1,1299,1269,1281,-1,1300,1270,1282,-1,1300,1285,1270,-1,1301,1286,1271,-1,1301,1271,1283,-1,1302,1287,1272,-1,1302,1272,1284,-1,1303,1288,1273,-1,1303,1273,1285,-1,1304,1289,1274,-1,1304,1274,1286,-1,1305,1290,1275,-1,1305,1275,1287,-1,1306,1291,1276,-1,1306,1276,1288,-1,1307,1277,1290,-1,1307,1292,1277,-1,1308,1293,1278,-1,1308,1278,1291,-1,1309,1297,1279,-1,1309,1279,1292,-1,1310,1280,1293,-1,1310,1298,1280,-1,1311,1299,1281,-1,1311,1281,1295,-1,1311,1295,1312,-1,1313,1282,1297,-1,1313,1300,1282,-1,1314,1283,1298,-1,1314,1301,1283,-1,1315,1284,1299,-1,1315,1302,1284,-1,1316,1285,1300,-1,1316,1303,1285,-1,1317,1286,1301,-1,1317,1304,1286,-1,1318,1287,1302,-1,1318,1305,1287,-1,1319,1288,1303,-1,1319,1306,1288,-1,1320,984,983,-1,1320,983,1289,-1,1320,1289,1304,-1,1321,1307,1290,-1,1321,1290,1305,-1,1322,1291,1306,-1,1322,1308,1291,-1,1323,1309,1292,-1,1323,1292,1307,-1,1324,1293,1308,-1,1324,1310,1293,-1,1325,1313,1297,-1,1325,1297,1309,-1,1326,1298,1310,-1,1326,1314,1298,-1,1327,1311,1312,-1,1327,1315,1299,-1,1327,1299,1311,-1,1328,1300,1313,-1,1328,1316,1300,-1,1329,1301,1314,-1,1329,1317,1301,-1,1330,1302,1315,-1,1330,1318,1302,-1,1331,1319,1303,-1,1331,1303,1316,-1,1332,1304,1317,-1,1332,1320,1304,-1,1333,1321,1305,-1,1333,1305,1318,-1,1334,1322,1306,-1,1334,1306,1319,-1,1335,984,1320,-1,1335,985,984,-1,1336,1323,1307,-1,1336,1307,1321,-1,1337,1324,1308,-1,1337,1308,1322,-1,1338,1325,1309,-1,1338,1309,1323,-1,1339,1310,1324,-1,1339,1326,1310,-1,1340,1327,1312,-1,1340,1341,1327,-1,1340,1342,1341,-1,1340,1312,1342,-1,1343,1328,1313,-1,1343,1313,1325,-1,1344,1329,1314,-1,1344,1314,1326,-1,1345,1315,1327,-1,1345,1330,1315,-1,1346,1316,1328,-1,1346,1331,1316,-1,1347,1332,1317,-1,1347,1317,1329,-1,1348,1333,1318,-1,1348,1318,1330,-1,1349,1319,1331,-1,1349,1334,1319,-1,1350,1335,1320,-1,1350,1320,1332,-1,1351,1336,1321,-1,1351,1321,1333,-1,1352,1322,1334,-1,1352,1337,1322,-1,1353,1338,1323,-1,1353,1323,1336,-1,1354,1324,1337,-1,1354,1339,1324,-1,1355,1325,1338,-1,1355,1343,1325,-1,1356,1344,1326,-1,1356,1326,1339,-1,1357,1327,1341,-1,1357,1345,1327,-1,1357,1341,1358,-1,1359,1328,1343,-1,1359,1346,1328,-1,1360,1347,1329,-1,1360,1329,1344,-1,1361,1330,1345,-1,1361,1348,1330,-1,1362,1349,1331,-1,1362,1331,1346,-1,1363,1350,1332,-1,1363,1332,1347,-1,1364,1333,1348,-1,1364,1351,1333,-1,1365,1334,1349,-1,1365,1352,1334,-1,1366,987,986,-1,1366,986,985,-1,1366,1335,1350,-1,1366,985,1335,-1,1367,1353,1336,-1,1367,1336,1351,-1,1368,1337,1352,-1,1368,1354,1337,-1,1369,1355,1338,-1,1369,1338,1353,-1,1370,1339,1354,-1,1370,1356,1339,-1,1371,1359,1343,-1,1371,1343,1355,-1,1372,1360,1344,-1,1372,1344,1356,-1,1373,1361,1345,-1,1373,1345,1357,-1,1373,1357,1358,-1,1373,1374,1375,-1,1373,1358,1374,-1,1376,1346,1359,-1,1376,1362,1346,-1,1377,1347,1360,-1,1377,1363,1347,-1,1378,1364,1348,-1,1378,1348,1361,-1,1379,1349,1362,-1,1379,1365,1349,-1,1380,1350,1363,-1,1380,1366,1350,-1,1381,1351,1364,-1,1381,1367,1351,-1,1382,1368,1352,-1,1382,1352,1365,-1,1383,988,987,-1,1383,987,1366,-1,1384,1353,1367,-1,1384,1369,1353,-1,1385,1370,1354,-1,1385,1354,1368,-1,1386,1355,1369,-1,1386,1371,1355,-1,1387,1356,1370,-1,1387,1372,1356,-1,1388,1359,1371,-1,1388,1376,1359,-1,1389,1360,1372,-1,1389,1377,1360,-1,1390,1378,1361,-1,1390,1361,1373,-1,1391,1379,1362,-1,1391,1362,1376,-1,1392,1363,1377,-1,1392,1380,1363,-1,1393,1381,1364,-1,1393,1364,1378,-1,1394,1365,1379,-1,1394,1382,1365,-1,1395,989,988,-1,1395,1383,1366,-1,1395,988,1383,-1,1395,1366,1380,-1,1396,1367,1381,-1,1396,1384,1367,-1,1397,1368,1382,-1,1397,1385,1368,-1,1398,1369,1384,-1,1398,1386,1369,-1,1399,1370,1385,-1,1399,1387,1370,-1,1400,1388,1371,-1,1400,1371,1386,-1,1401,1372,1387,-1,1401,1389,1372,-1,1402,1390,1373,-1,1402,1373,1375,-1,1402,1375,1403,-1,1404,1376,1388,-1,1404,1391,1376,-1,1405,1377,1389,-1,1405,1392,1377,-1,1406,1393,1378,-1,1406,1378,1390,-1,1407,1394,1379,-1,1407,1379,1391,-1,1408,989,1395,-1,1408,1395,1380,-1,1408,1380,1392,-1,1409,1396,1381,-1,1409,1381,1393,-1,1410,1382,1394,-1,1410,1397,1382,-1,1411,1398,1384,-1,1411,1384,1396,-1,1412,1399,1385,-1,1412,1385,1397,-1,1413,1386,1398,-1,1413,1400,1386,-1,1414,1401,1387,-1,1414,1387,1399,-1,1415,1404,1388,-1,1415,1388,1400,-1,1416,1405,1389,-1,1416,1389,1401,-1,1417,1402,1403,-1,1417,1406,1390,-1,1417,1390,1402,-1,1417,1403,1418,-1,1419,1391,1404,-1,1419,1407,1391,-1,1420,989,1408,-1,1420,1392,1405,-1,1420,1408,1392,-1,1421,1393,1406,-1,1421,1409,1393,-1,1422,1394,1407,-1,1422,1410,1394,-1,1423,1411,1396,-1,1423,1396,1409,-1,1424,1397,1410,-1,1424,1412,1397,-1,1425,1413,1398,-1,1425,1398,1411,-1,1426,1399,1412,-1,1426,1414,1399,-1,1427,1415,1400,-1,1427,1400,1413,-1,1428,1416,1401,-1,1428,1401,1414,-1,1429,1404,1415,-1,1429,1419,1404,-1,1430,1420,1405,-1,1430,1405,1416,-1,1430,989,1420,-1,1431,1406,1417,-1,1431,1421,1406,-1,1432,1407,1419,-1,1432,1422,1407,-1,1433,1423,1409,-1,1433,1409,1421,-1,1434,1424,1410,-1,1434,1410,1422,-1,1435,1425,1411,-1,1435,1411,1423,-1,1436,1412,1424,-1,1436,1426,1412,-1,1437,1427,1413,-1,1437,1413,1425,-1,1438,1414,1426,-1,1438,1428,1414,-1,1439,1415,1427,-1,1439,1429,1415,-1,1440,989,1430,-1,1440,1430,1416,-1,1440,1416,1428,-1,1441,1417,1418,-1,1441,1431,1417,-1,1441,1442,1443,-1,1441,1418,1442,-1,1444,1419,1429,-1,1444,1432,1419,-1,1445,1433,1421,-1,1445,1421,1431,-1,1446,1434,1422,-1,1446,1422,1432,-1,1447,1423,1433,-1,1447,1435,1423,-1,1448,1424,1434,-1,1448,1436,1424,-1,1449,1437,1425,-1,1449,1425,1435,-1,1450,1438,1426,-1,1450,1426,1436,-1,1451,1439,1427,-1,1451,1427,1437,-1,1452,989,1440,-1,1452,1440,1428,-1,1452,1428,1438,-1,1453,1444,1429,-1,1453,1429,1439,-1,1454,1431,1441,-1,1454,1441,1443,-1,1454,1445,1431,-1,1454,1443,1455,-1,1456,1432,1444,-1,1456,1446,1432,-1,1457,1447,1433,-1,1457,1433,1445,-1,1458,1434,1446,-1,1458,1448,1434,-1,1459,1449,1435,-1,1459,1435,1447,-1,1460,1450,1436,-1,1460,1436,1448,-1,1461,1437,1449,-1,1461,1451,1437,-1,1462,1463,989,-1,1462,1438,1450,-1,1462,989,1452,-1,1462,1452,1438,-1,1464,1439,1451,-1,1464,1453,1439,-1,1465,1456,1444,-1,1465,1444,1453,-1,1466,1445,1454,-1,1466,1454,1455,-1,1466,1457,1445,-1,1467,1458,1446,-1,1467,1446,1456,-1,1468,1459,1447,-1,1468,1447,1457,-1,1469,1448,1458,-1,1469,1460,1448,-1,1470,1461,1449,-1,1470,1449,1459,-1,1471,1462,1450,-1,1471,1450,1460,-1,1471,1463,1462,-1,1472,1451,1461,-1,1472,1464,1451,-1,1473,1465,1453,-1,1473,1453,1464,-1,1474,1466,1455,-1,1474,1475,1466,-1,1474,1476,1475,-1,1474,1455,1476,-1,1477,1456,1465,-1,1477,1467,1456,-1,1478,1468,1457,-1,1478,1457,1466,-1,1479,1469,1458,-1,1479,1458,1467,-1,1480,1459,1468,-1,1480,1470,1459,-1,1481,1463,1471,-1,1481,1471,1460,-1,1481,1460,1469,-1,1482,1472,1461,-1,1482,1461,1470,-1,1483,1464,1472,-1,1483,1473,1464,-1,1484,1477,1465,-1,1484,1465,1473,-1,1485,1478,1466,-1,1485,1466,1475,-1,1485,1475,1486,-1,1487,1479,1467,-1,1487,1467,1477,-1,1488,1468,1478,-1,1488,1480,1468,-1,1489,1469,1479,-1,1489,1481,1469,-1,1489,1463,1481,-1,1490,1482,1470,-1,1490,1470,1480,-1,1491,1472,1482,-1,1491,1483,1472,-1,1492,1473,1483,-1,1492,1484,1473,-1,1493,1477,1484,-1,1493,1487,1477,-1,1494,1478,1485,-1,1494,1488,1478,-1,1494,1495,1496,-1,1494,1486,1495,-1,1494,1485,1486,-1,1497,1489,1479,-1,1497,1479,1487,-1,1497,1463,1489,-1,1498,1480,1488,-1,1498,1490,1480,-1,1499,1482,1490,-1,1499,1491,1482,-1,1500,1492,1483,-1,1500,1483,1491,-1,1501,1493,1484,-1,1501,1484,1492,-1,1502,1487,1493,-1,1502,1497,1487,-1,1502,1463,1497,-1,1503,1498,1488,-1,1503,1488,1494,-1,1504,1490,1498,-1,1504,1499,1490,-1,1505,1500,1491,-1,1505,1491,1499,-1,1506,1501,1492,-1,1506,1492,1500,-1,1507,1493,1501,-1,1507,1502,1493,-1,1507,1463,1502,-1,1508,1494,1496,-1,1508,1509,1503,-1,1508,1503,1494,-1,1508,1496,1509,-1,1510,1498,1503,-1,1510,1504,1498,-1,1511,1505,1499,-1,1511,1499,1504,-1,1512,1506,1500,-1,1512,1500,1505,-1,1513,1501,1506,-1,1513,1507,1501,-1,1513,1463,1507,-1,1514,1503,1509,-1,1514,1509,1515,-1,1514,1510,1503,-1,1516,1504,1510,-1,1516,1511,1504,-1,1517,1505,1511,-1,1517,1512,1505,-1,1518,1506,1512,-1,1518,1513,1506,-1,1518,1463,1513,-1,1519,1516,1510,-1,1519,1514,1515,-1,1519,1510,1514,-1,1519,1520,1516,-1,1519,1521,1520,-1,1519,1515,1521,-1,1522,1517,1511,-1,1522,1511,1516,-1,1522,1516,1520,-1,1522,1523,1524,-1,1522,1520,1523,-1,1525,1518,1512,-1,1525,1512,1517,-1,1525,1524,1463,-1,1525,1463,1518,-1,1526,1517,1522,-1,1526,1522,1524,-1,1526,1525,1517,-1,1526,1524,1525,-1,261,275,782,-1,261,782,1527,-1,259,1527,1528,-1,259,261,1527,-1,260,1528,1529,-1,260,259,1528,-1,262,1529,1530,-1,262,260,1529,-1,263,1530,1531,-1,263,262,1530,-1,264,1531,1532,-1,264,263,1531,-1,266,1532,1533,-1,266,1533,1534,-1,266,264,1532,-1,267,266,1534,-1,265,267,1534,-1,265,1534,1535,-1,268,265,1535,-1,268,1535,1536,-1,268,1536,1537,-1,270,268,1537,-1,269,270,1537,-1,269,1537,1538,-1,271,269,1538,-1,271,1538,1539,-1,273,271,1539,-1,273,1539,1540,-1,273,1540,1541,-1,272,273,1541,-1,274,272,1541,-1,274,1541,1542,-1,279,274,1542,-1,279,1542,1543,-1,279,1543,1544,-1,280,279,1544,-1,280,1544,1545,-1,281,280,1545,-1,282,281,1545,-1,282,1545,1546,-1,282,1546,1547,-1,283,282,1547,-1,284,1547,1548,-1,284,283,1547,-1,285,1548,1549,-1,285,284,1548,-1,287,1549,1550,-1,287,285,1549,-1,286,1550,1551,-1,286,287,1550,-1,288,1551,1552,-1,288,286,1551,-1,289,1552,1553,-1,289,288,1552,-1,290,1553,1554,-1,290,1554,1555,-1,290,289,1553,-1,291,290,1555,-1,293,1555,1556,-1,293,291,1555,-1,292,293,1556,-1,292,1556,1557,-1,729,1558,1559,-1,1060,1559,1560,-1,1060,729,1559,-1,1204,1560,1561,-1,1204,1060,1560,-1,1220,1561,1562,-1,1220,1204,1561,-1,1221,1562,1563,-1,1221,1220,1562,-1,1250,1563,1564,-1,1250,1221,1563,-1,1266,1564,1565,-1,1266,1250,1564,-1,1296,1565,1566,-1,1296,1266,1565,-1,1295,1566,1567,-1,1295,1296,1566,-1,1312,1295,1567,-1,1312,1567,1568,-1,1342,1312,1568,-1,1342,1568,1569,-1,1341,1342,1569,-1,1341,1569,1570,-1,1358,1341,1570,-1,1358,1570,1571,-1,1374,1358,1571,-1,1374,1571,1572,-1,1375,1374,1572,-1,1375,1572,1573,-1,1403,1375,1573,-1,1403,1573,1574,-1,1418,1403,1574,-1,1418,1574,1575,-1,1442,1418,1575,-1,1442,1575,1576,-1,1443,1442,1576,-1,1443,1576,1577,-1,1455,1577,1578,-1,1455,1443,1577,-1,1476,1455,1578,-1,1476,1578,1579,-1,1475,1579,1580,-1,1475,1476,1579,-1,1486,1580,1581,-1,1486,1475,1580,-1,1495,1581,1582,-1,1495,1486,1581,-1,1496,1582,1583,-1,1496,1495,1582,-1,1509,1583,1584,-1,1509,1496,1583,-1,1515,1584,1585,-1,1515,1509,1584,-1,1521,1585,1586,-1,1521,1515,1585,-1,1520,1586,1587,-1,1520,1521,1586,-1,1523,1587,1588,-1,1523,1520,1587,-1,1524,1588,1589,-1,1524,1523,1588,-1,1463,1589,991,-1,1463,1524,1589,-1,989,1463,991,-1,294,1557,1590,-1,1590,222,294,-1,294,292,1557,-1,1590,368,222,-1,1590,296,368,-1,222,366,228,-1,368,366,222,-1,296,440,302,-1,442,440,296,-1,442,1558,370,-1,1590,1558,296,-1,296,1558,442,-1,370,729,376,-1,1558,729,370,-1,1559,1558,1591,-1,1058,1592,824,-1,1589,996,994,-1,1589,992,991,-1,1589,994,992,-1,1593,1559,1591,-1,1593,1560,1559,-1,1594,1591,1595,-1,1594,1593,1591,-1,1594,1595,1596,-1,1597,1596,1598,-1,1597,1594,1596,-1,1599,1593,1594,-1,1599,1560,1593,-1,1599,1561,1560,-1,1600,1597,1598,-1,1600,1598,1601,-1,1600,1601,1602,-1,1603,1594,1597,-1,1603,1599,1594,-1,1604,1563,1562,-1,1604,1562,1561,-1,1604,1561,1599,-1,1605,1602,1606,-1,1605,1600,1602,-1,1607,1597,1600,-1,1607,1603,1597,-1,1608,1604,1599,-1,1608,1599,1603,-1,1609,1606,1610,-1,1609,1605,1606,-1,1609,1610,1611,-1,1612,1600,1605,-1,1612,1607,1600,-1,1613,1603,1607,-1,1613,1608,1603,-1,1614,1564,1563,-1,1614,1604,1608,-1,1614,1563,1604,-1,1615,1609,1611,-1,1615,1611,1616,-1,1617,1605,1609,-1,1617,1612,1605,-1,1618,1613,1607,-1,1618,1607,1612,-1,1619,1608,1613,-1,1619,1614,1608,-1,1620,1566,1565,-1,1620,1565,1564,-1,1620,1564,1614,-1,1621,1615,1616,-1,1621,1616,1622,-1,1623,1617,1609,-1,1623,1609,1615,-1,1624,1618,1612,-1,1624,1612,1617,-1,1625,1613,1618,-1,1625,1619,1613,-1,1626,1620,1614,-1,1626,1614,1619,-1,1627,1621,1622,-1,1627,1622,1628,-1,1627,1628,1629,-1,1630,1615,1621,-1,1630,1623,1615,-1,1631,1617,1623,-1,1631,1624,1617,-1,1632,1618,1624,-1,1632,1625,1618,-1,1633,1619,1625,-1,1633,1626,1619,-1,1634,1629,1635,-1,1634,1627,1629,-1,1636,1566,1620,-1,1636,1567,1566,-1,1636,1620,1626,-1,1637,1621,1627,-1,1637,1630,1621,-1,1638,1623,1630,-1,1638,1631,1623,-1,1639,1632,1624,-1,1639,1624,1631,-1,1640,1625,1632,-1,1640,1633,1625,-1,1641,1635,1642,-1,1641,1634,1635,-1,1641,1642,1643,-1,1644,1636,1626,-1,1644,1626,1633,-1,1645,1637,1627,-1,1645,1627,1634,-1,1646,1568,1567,-1,1646,1567,1636,-1,1647,1630,1637,-1,1647,1638,1630,-1,1648,1631,1638,-1,1648,1639,1631,-1,1649,1640,1632,-1,1649,1632,1639,-1,1650,1641,1643,-1,1650,1643,1651,-1,1652,1644,1633,-1,1652,1633,1640,-1,1653,1634,1641,-1,1653,1645,1634,-1,1654,1646,1636,-1,1654,1636,1644,-1,1655,1647,1637,-1,1655,1637,1645,-1,1656,1570,1569,-1,1656,1569,1568,-1,1656,1568,1646,-1,1657,1638,1647,-1,1657,1648,1638,-1,1658,1639,1648,-1,1658,1649,1639,-1,1659,1650,1651,-1,1659,1651,1660,-1,1659,1660,1661,-1,1662,1652,1640,-1,1662,1640,1649,-1,1663,1653,1641,-1,1663,1641,1650,-1,1664,1654,1644,-1,1664,1644,1652,-1,1665,1655,1645,-1,1665,1645,1653,-1,1666,1646,1654,-1,1666,1570,1656,-1,1666,1656,1646,-1,1667,1657,1647,-1,1667,1647,1655,-1,1668,1648,1657,-1,1668,1658,1648,-1,1669,1661,1670,-1,1669,1659,1661,-1,1671,1649,1658,-1,1671,1662,1649,-1,1672,1663,1650,-1,1672,1650,1659,-1,1673,1652,1662,-1,1673,1664,1652,-1,1674,1653,1663,-1,1674,1665,1653,-1,1675,1654,1664,-1,1675,1666,1654,-1,1676,1667,1655,-1,1676,1655,1665,-1,1677,1571,1570,-1,1677,1570,1666,-1,1678,1657,1667,-1,1678,1668,1657,-1,1679,1669,1670,-1,1679,1670,1680,-1,1679,1680,1681,-1,1682,1671,1658,-1,1682,1658,1668,-1,1683,1672,1659,-1,1683,1659,1669,-1,1684,1662,1671,-1,1684,1673,1662,-1,1685,1663,1672,-1,1685,1674,1663,-1,1686,1664,1673,-1,1686,1675,1664,-1,1687,1676,1665,-1,1687,1665,1674,-1,1688,1666,1675,-1,1688,1677,1666,-1,1689,1667,1676,-1,1689,1678,1667,-1,1690,1573,1572,-1,1690,1572,1571,-1,1690,1571,1677,-1,1691,1681,1692,-1,1691,1679,1681,-1,1693,1682,1668,-1,1693,1668,1678,-1,1694,1669,1679,-1,1694,1683,1669,-1,1695,1671,1682,-1,1695,1684,1671,-1,1696,1685,1672,-1,1696,1672,1683,-1,1697,1673,1684,-1,1697,1686,1673,-1,1698,1674,1685,-1,1698,1687,1674,-1,1699,1675,1686,-1,1699,1688,1675,-1,1700,1689,1676,-1,1700,1676,1687,-1,1701,1677,1688,-1,1701,1690,1677,-1,1702,1691,1692,-1,1702,1692,1703,-1,1704,1678,1689,-1,1704,1693,1678,-1,1705,1694,1679,-1,1705,1679,1691,-1,1706,1682,1693,-1,1706,1695,1682,-1,1707,1683,1694,-1,1707,1696,1683,-1,1708,1684,1695,-1,1708,1697,1684,-1,1709,1685,1696,-1,1709,1698,1685,-1,1710,1686,1697,-1,1710,1699,1686,-1,1711,1687,1698,-1,1711,1700,1687,-1,1712,1701,1688,-1,1712,1688,1699,-1,1713,1703,1714,-1,1713,1714,1715,-1,1713,1702,1703,-1,1716,1689,1700,-1,1716,1704,1689,-1,1717,1574,1573,-1,1717,1573,1690,-1,1717,1690,1701,-1,1718,1691,1702,-1,1718,1705,1691,-1,1719,1693,1704,-1,1719,1706,1693,-1,1720,1694,1705,-1,1720,1707,1694,-1,1721,1695,1706,-1,1721,1708,1695,-1,1722,1696,1707,-1,1722,1709,1696,-1,1723,1710,1697,-1,1723,1697,1708,-1,1724,1698,1709,-1,1724,1711,1698,-1,1725,1699,1710,-1,1725,1712,1699,-1,1726,1713,1715,-1,1726,1715,1727,-1,1728,1700,1711,-1,1728,1716,1700,-1,1729,1701,1712,-1,1729,1717,1701,-1,1730,1702,1713,-1,1730,1718,1702,-1,1731,1704,1716,-1,1731,1719,1704,-1,1732,1575,1574,-1,1732,1574,1717,-1,1733,1720,1705,-1,1733,1705,1718,-1,1734,1721,1706,-1,1734,1706,1719,-1,1735,1707,1720,-1,1735,1722,1707,-1,1736,1708,1721,-1,1736,1723,1708,-1,1737,1709,1722,-1,1737,1724,1709,-1,1738,1710,1723,-1,1738,1725,1710,-1,1739,1727,1740,-1,1739,1740,1741,-1,1739,1726,1727,-1,1742,1711,1724,-1,1742,1728,1711,-1,1743,1712,1725,-1,1743,1729,1712,-1,1744,1730,1713,-1,1744,1713,1726,-1,1745,1716,1728,-1,1745,1731,1716,-1,1746,1732,1717,-1,1746,1717,1729,-1,1747,1733,1718,-1,1747,1718,1730,-1,1748,1734,1719,-1,1748,1719,1731,-1,1749,1735,1720,-1,1749,1720,1733,-1,1750,1721,1734,-1,1750,1736,1721,-1,1751,1737,1722,-1,1751,1722,1735,-1,1752,1738,1723,-1,1752,1723,1736,-1,1753,1739,1741,-1,1753,1741,1754,-1,1755,1742,1724,-1,1755,1724,1737,-1,1756,1725,1738,-1,1756,1743,1725,-1,1757,1726,1739,-1,1757,1744,1726,-1,1758,1728,1742,-1,1758,1745,1728,-1,1759,1746,1729,-1,1759,1729,1743,-1,1760,1747,1730,-1,1760,1730,1744,-1,1761,1748,1731,-1,1761,1731,1745,-1,1762,1575,1732,-1,1762,1577,1576,-1,1762,1576,1575,-1,1762,1732,1746,-1,1763,1749,1733,-1,1763,1733,1747,-1,1764,1734,1748,-1,1764,1750,1734,-1,1765,1735,1749,-1,1765,1751,1735,-1,1766,1736,1750,-1,1766,1752,1736,-1,1767,1753,1754,-1,1767,1754,1768,-1,1767,1768,1592,-1,1769,1737,1751,-1,1769,1755,1737,-1,1770,1756,1738,-1,1770,1738,1752,-1,1771,1739,1753,-1,1771,1757,1739,-1,1772,1742,1755,-1,1772,1758,1742,-1,1773,1743,1756,-1,1773,1759,1743,-1,1774,1744,1757,-1,1774,1760,1744,-1,1775,1745,1758,-1,1775,1761,1745,-1,1776,1762,1746,-1,1776,1746,1759,-1,1777,1763,1747,-1,1777,1747,1760,-1,1778,1748,1761,-1,1778,1764,1748,-1,1779,1578,1577,-1,1779,1577,1762,-1,1780,1749,1763,-1,1780,1765,1749,-1,1781,1766,1750,-1,1781,1750,1764,-1,1782,1592,1058,-1,1782,1767,1592,-1,1782,1058,1056,-1,1783,1769,1751,-1,1783,1751,1765,-1,1784,1752,1766,-1,1784,1770,1752,-1,1785,1753,1767,-1,1785,1771,1753,-1,1786,1755,1769,-1,1786,1772,1755,-1,1787,1773,1756,-1,1787,1756,1770,-1,1788,1774,1757,-1,1788,1757,1771,-1,1789,1775,1758,-1,1789,1758,1772,-1,1790,1776,1759,-1,1790,1759,1773,-1,1791,1760,1774,-1,1791,1777,1760,-1,1792,1778,1761,-1,1792,1761,1775,-1,1793,1762,1776,-1,1793,1779,1762,-1,1794,1763,1777,-1,1794,1780,1763,-1,1795,1764,1778,-1,1795,1781,1764,-1,1796,1580,1579,-1,1796,1579,1578,-1,1797,1783,1765,-1,1797,1765,1780,-1,1798,1766,1781,-1,1798,1784,1766,-1,1799,1782,1056,-1,1799,1767,1782,-1,1799,1785,1767,-1,1799,1056,1054,-1,1800,1786,1769,-1,1800,1769,1783,-1,1801,1787,1770,-1,1801,1770,1784,-1,1802,1771,1785,-1,1802,1788,1771,-1,1803,1772,1786,-1,1803,1789,1772,-1,1804,1773,1787,-1,1804,1790,1773,-1,1805,1791,1774,-1,1805,1774,1788,-1,1806,1775,1789,-1,1806,1792,1775,-1,1807,1776,1790,-1,1807,1793,1776,-1,1808,1777,1791,-1,1808,1794,1777,-1,1809,1778,1792,-1,1809,1795,1778,-1,1810,1779,1793,-1,1810,1796,1578,-1,1810,1578,1779,-1,1811,1780,1794,-1,1811,1797,1780,-1,1812,1781,1795,-1,1812,1798,1781,-1,1813,1783,1797,-1,1813,1800,1783,-1,1814,1784,1798,-1,1814,1801,1784,-1,1815,1785,1799,-1,1815,1802,1785,-1,1816,1786,1800,-1,1816,1803,1786,-1,1817,1804,1787,-1,1817,1787,1801,-1,1818,1788,1802,-1,1818,1805,1788,-1,1819,1806,1789,-1,1819,1789,1803,-1,1820,1807,1790,-1,1820,1790,1804,-1,1821,1808,1791,-1,1821,1791,1805,-1,1822,1809,1792,-1,1822,1792,1806,-1,1823,1810,1793,-1,1823,1793,1807,-1,1824,1794,1808,-1,1824,1811,1794,-1,1825,1795,1809,-1,1825,1812,1795,-1,1826,1581,1580,-1,1826,1580,1796,-1,1826,1796,1810,-1,1827,1797,1811,-1,1827,1813,1797,-1,1828,1798,1812,-1,1828,1814,1798,-1,1829,1799,1054,-1,1829,1815,1799,-1,1829,1052,1050,-1,1829,1054,1052,-1,1830,1816,1800,-1,1830,1800,1813,-1,1831,1801,1814,-1,1831,1817,1801,-1,1832,1818,1802,-1,1832,1802,1815,-1,1833,1819,1803,-1,1833,1803,1816,-1,1834,1804,1817,-1,1834,1820,1804,-1,1835,1821,1805,-1,1835,1805,1818,-1,1836,1806,1819,-1,1836,1822,1806,-1,1837,1807,1820,-1,1837,1823,1807,-1,1838,1824,1808,-1,1838,1808,1821,-1,1839,1809,1822,-1,1839,1825,1809,-1,1840,1826,1810,-1,1840,1810,1823,-1,1841,1811,1824,-1,1841,1827,1811,-1,1842,1812,1825,-1,1842,1828,1812,-1,1843,1582,1581,-1,1843,1581,1826,-1,1844,1830,1813,-1,1844,1813,1827,-1,1845,1831,1814,-1,1845,1814,1828,-1,1846,1815,1829,-1,1846,1829,1050,-1,1846,1832,1815,-1,1846,1050,1048,-1,1847,1833,1816,-1,1847,1816,1830,-1,1848,1817,1831,-1,1848,1834,1817,-1,1849,1818,1832,-1,1849,1835,1818,-1,1850,1819,1833,-1,1850,1836,1819,-1,1851,1837,1820,-1,1851,1820,1834,-1,1852,1838,1821,-1,1852,1821,1835,-1,1853,1839,1822,-1,1853,1822,1836,-1,1854,1823,1837,-1,1854,1840,1823,-1,1855,1841,1824,-1,1855,1824,1838,-1,1856,1825,1839,-1,1856,1842,1825,-1,1857,1843,1826,-1,1857,1826,1840,-1,1858,1844,1827,-1,1858,1827,1841,-1,1859,1828,1842,-1,1859,1845,1828,-1,1860,1584,1583,-1,1860,1583,1582,-1,1861,1847,1830,-1,1861,1830,1844,-1,1862,1831,1845,-1,1862,1848,1831,-1,1863,1832,1846,-1,1863,1849,1832,-1,1864,1850,1833,-1,1864,1833,1847,-1,1865,1851,1834,-1,1865,1834,1848,-1,1866,1835,1849,-1,1866,1852,1835,-1,1867,1836,1850,-1,1867,1853,1836,-1,1868,1837,1851,-1,1868,1854,1837,-1,1869,1838,1852,-1,1869,1855,1838,-1,1870,1839,1853,-1,1870,1856,1839,-1,1871,1840,1854,-1,1871,1857,1840,-1,1872,1841,1855,-1,1872,1858,1841,-1,1873,1589,1588,-1,1874,1842,1856,-1,1874,1859,1842,-1,1875,1860,1582,-1,1875,1582,1843,-1,1875,1843,1857,-1,1876,1844,1858,-1,1876,1861,1844,-1,1877,1845,1859,-1,1877,1862,1845,-1,1878,1846,1048,-1,1878,1863,1846,-1,1878,1046,1044,-1,1878,1048,1046,-1,1879,1585,1584,-1,1880,1864,1847,-1,1880,1847,1861,-1,1881,1865,1848,-1,1881,1848,1862,-1,1882,1849,1863,-1,1882,1866,1849,-1,1883,1850,1864,-1,1883,1867,1850,-1,1884,1868,1851,-1,1884,1851,1865,-1,1885,1852,1866,-1,1885,1869,1852,-1,1886,1870,1853,-1,1886,1853,1867,-1,1887,1854,1868,-1,1887,1871,1854,-1,1888,1872,1855,-1,1888,1855,1869,-1,1889,1589,1873,-1,1889,1873,1588,-1,1890,1856,1870,-1,1890,1874,1856,-1,1891,1875,1857,-1,1891,1857,1871,-1,1892,1876,1858,-1,1892,1858,1872,-1,1893,1859,1874,-1,1893,1877,1859,-1,1894,1584,1860,-1,1894,1879,1584,-1,1894,1860,1875,-1,1895,1861,1876,-1,1895,1880,1861,-1,1896,1881,1862,-1,1896,1862,1877,-1,1897,1878,1044,-1,1897,1882,1863,-1,1897,1863,1878,-1,1897,1044,1042,-1,1898,1586,1585,-1,1899,1864,1880,-1,1899,1883,1864,-1,1900,1865,1881,-1,1900,1884,1865,-1,1901,1866,1882,-1,1901,1885,1866,-1,1902,1886,1867,-1,1902,1867,1883,-1,1903,1887,1868,-1,1903,1868,1884,-1,1904,1888,1869,-1,1904,1869,1885,-1,1905,1889,1588,-1,1905,1589,1889,-1,1906,1890,1870,-1,1906,1870,1886,-1,1907,1871,1887,-1,1907,1891,1871,-1,1908,1872,1888,-1,1908,1892,1872,-1,1909,1893,1874,-1,1909,1874,1890,-1,1910,1894,1875,-1,1910,1875,1891,-1,1911,1876,1892,-1,1911,1895,1876,-1,1912,1896,1877,-1,1912,1877,1893,-1,1913,1879,1894,-1,1913,1898,1585,-1,1913,1585,1879,-1,1914,1880,1895,-1,1914,1899,1880,-1,1915,1900,1881,-1,1915,1881,1896,-1,1916,1882,1897,-1,1916,1901,1882,-1,1917,1586,1898,-1,1917,1587,1586,-1,1918,1883,1899,-1,1918,1902,1883,-1,1919,1884,1900,-1,1919,1903,1884,-1,1920,1885,1901,-1,1920,1904,1885,-1,1921,996,1589,-1,1921,1589,1905,-1,1921,1905,1588,-1,1922,1906,1886,-1,1922,1886,1902,-1,1923,1907,1887,-1,1923,1887,1903,-1,1924,1888,1904,-1,1924,1908,1888,-1,1925,1890,1906,-1,1925,1909,1890,-1,1926,1891,1907,-1,1926,1910,1891,-1,1927,1892,1908,-1,1927,1911,1892,-1,1928,1912,1893,-1,1928,1893,1909,-1,1929,1913,1894,-1,1929,1894,1910,-1,1930,1895,1911,-1,1930,1914,1895,-1,1931,1896,1912,-1,1931,1915,1896,-1,1932,1897,1042,-1,1932,1916,1897,-1,1932,1042,1040,-1,1933,1917,1898,-1,1933,1898,1913,-1,1934,1899,1914,-1,1934,1918,1899,-1,1935,1919,1900,-1,1935,1900,1915,-1,1936,1920,1901,-1,1936,1901,1916,-1,1937,1588,1587,-1,1937,1587,1917,-1,1937,996,1921,-1,1937,1921,1588,-1,1938,1922,1902,-1,1938,1902,1918,-1,1939,1923,1903,-1,1939,1903,1919,-1,1940,1924,1904,-1,1940,1904,1920,-1,1941,1906,1922,-1,1941,1925,1906,-1,1942,1907,1923,-1,1942,1926,1907,-1,1943,1927,1908,-1,1943,1908,1924,-1,1944,1928,1909,-1,1944,1909,1925,-1,1945,1929,1910,-1,1945,1910,1926,-1,1946,1911,1927,-1,1946,1930,1911,-1,1947,1912,1928,-1,1947,1931,1912,-1,1948,1913,1929,-1,1948,1933,1913,-1,1949,1914,1930,-1,1949,1934,1914,-1,1950,1915,1931,-1,1950,1935,1915,-1,1951,1916,1932,-1,1951,1932,1040,-1,1951,1936,1916,-1,1951,1038,1036,-1,1951,1040,1038,-1,1952,1917,1933,-1,1952,996,1937,-1,1952,1937,1917,-1,1953,1918,1934,-1,1953,1938,1918,-1,1954,1939,1919,-1,1954,1919,1935,-1,1955,1920,1936,-1,1955,1940,1920,-1,1956,1922,1938,-1,1956,1941,1922,-1,1957,1923,1939,-1,1957,1942,1923,-1,1958,1943,1924,-1,1958,1924,1940,-1,1959,1944,1925,-1,1959,1925,1941,-1,1960,1926,1942,-1,1960,1945,1926,-1,1961,1946,1927,-1,1961,1927,1943,-1,1962,1928,1944,-1,1962,1947,1928,-1,1963,1948,1929,-1,1963,1929,1945,-1,1964,1949,1930,-1,1964,1930,1946,-1,1965,1931,1947,-1,1965,1950,1931,-1,1966,1933,1948,-1,1966,1952,1933,-1,1966,996,1952,-1,1967,1953,1934,-1,1967,1934,1949,-1,1968,1935,1950,-1,1968,1954,1935,-1,1969,1936,1951,-1,1969,1955,1936,-1,1970,1956,1938,-1,1970,1938,1953,-1,1971,1939,1954,-1,1971,1957,1939,-1,1972,1940,1955,-1,1972,1958,1940,-1,1973,1941,1956,-1,1973,1959,1941,-1,1974,1960,1942,-1,1974,1942,1957,-1,1975,1943,1958,-1,1975,1961,1943,-1,1976,1944,1959,-1,1976,1962,1944,-1,1977,1963,1945,-1,1977,1945,1960,-1,1978,1946,1961,-1,1978,1964,1946,-1,1979,1947,1962,-1,1979,1965,1947,-1,1980,996,1966,-1,1980,1948,1963,-1,1980,1966,1948,-1,1981,1967,1949,-1,1981,1949,1964,-1,1982,1950,1965,-1,1982,1968,1950,-1,1983,1951,1036,-1,1983,1969,1951,-1,1983,1036,1034,-1,1984,1970,1953,-1,1984,1953,1967,-1,1985,1971,1954,-1,1985,1954,1968,-1,1986,1955,1969,-1,1986,1972,1955,-1,1987,1973,1956,-1,1987,1956,1970,-1,1988,1957,1971,-1,1988,1974,1957,-1,1989,1975,1958,-1,1989,1958,1972,-1,1990,1959,1973,-1,1990,1976,1959,-1,1991,1960,1974,-1,1991,1977,1960,-1,1992,1961,1975,-1,1992,1978,1961,-1,1993,1979,1962,-1,1993,1962,1976,-1,1994,1980,1963,-1,1994,1963,1977,-1,1994,996,1980,-1,1995,1981,1964,-1,1995,1964,1978,-1,1996,1982,1965,-1,1996,1965,1979,-1,1997,1967,1981,-1,1997,1984,1967,-1,1998,1968,1982,-1,1998,1985,1968,-1,1999,1983,1034,-1,1999,1969,1983,-1,1999,1032,1030,-1,1999,1034,1032,-1,1999,1986,1969,-1,2000,1970,1984,-1,2000,1987,1970,-1,2001,1971,1985,-1,2001,1988,1971,-1,2002,1972,1986,-1,2002,1989,1972,-1,2003,1973,1987,-1,2003,1990,1973,-1,2004,1974,1988,-1,2004,1991,1974,-1,2005,1992,1975,-1,2005,1975,1989,-1,2006,1993,1976,-1,2006,1976,1990,-1,2007,996,1994,-1,2007,1994,1977,-1,2007,1977,1991,-1,2008,1978,1992,-1,2008,1995,1978,-1,2009,1979,1993,-1,2009,1996,1979,-1,2010,1981,1995,-1,2010,1997,1981,-1,2011,1998,1982,-1,2011,1982,1996,-1,2012,2000,1984,-1,2012,1984,1997,-1,2013,1985,1998,-1,2013,2001,1985,-1,2014,1986,1999,-1,2014,2002,1986,-1,2015,2003,1987,-1,2015,1987,2000,-1,2016,1988,2001,-1,2016,2004,1988,-1,2017,2005,1989,-1,2017,1989,2002,-1,2018,2006,1990,-1,2018,1990,2003,-1,2019,1991,2004,-1,2019,996,2007,-1,2019,2007,1991,-1,2020,1992,2005,-1,2020,2008,1992,-1,2021,1993,2006,-1,2021,2009,1993,-1,2022,1995,2008,-1,2022,2010,1995,-1,2023,2011,1996,-1,2023,1996,2009,-1,2024,1997,2010,-1,2024,2012,1997,-1,2025,2013,1998,-1,2025,1998,2011,-1,2026,1999,1030,-1,2026,2014,1999,-1,2026,1030,1028,-1,2027,2000,2012,-1,2027,2015,2000,-1,2028,2001,2013,-1,2028,2016,2001,-1,2029,2002,2014,-1,2029,2017,2002,-1,2030,2003,2015,-1,2030,2018,2003,-1,2031,2019,2004,-1,2031,2004,2016,-1,2031,996,2019,-1,2032,2020,2005,-1,2032,2005,2017,-1,2033,2021,2006,-1,2033,2006,2018,-1,2034,2022,2008,-1,2034,2008,2020,-1,2035,2009,2021,-1,2035,2023,2009,-1,2036,2010,2022,-1,2036,2024,2010,-1,2037,2011,2023,-1,2037,2025,2011,-1,2038,2012,2024,-1,2038,2027,2012,-1,2039,2013,2025,-1,2039,2028,2013,-1,2040,2029,2014,-1,2040,1028,1026,-1,2040,2014,2026,-1,2040,2026,1028,-1,2041,2015,2027,-1,2041,2030,2015,-1,2042,2016,2028,-1,2042,2031,2016,-1,2042,996,2031,-1,2043,2032,2017,-1,2043,2017,2029,-1,2044,2033,2018,-1,2044,2018,2030,-1,2045,2020,2032,-1,2045,2034,2020,-1,2046,2035,2021,-1,2046,2021,2033,-1,2047,2022,2034,-1,2047,2036,2022,-1,2048,2023,2035,-1,2048,2037,2023,-1,2049,2038,2024,-1,2049,2024,2036,-1,2050,2025,2037,-1,2050,2039,2025,-1,2051,2027,2038,-1,2051,2041,2027,-1,2052,2028,2039,-1,2052,996,2042,-1,2052,2042,2028,-1,2053,2043,2029,-1,2053,2029,2040,-1,2054,2030,2041,-1,2054,2044,2030,-1,2055,2032,2043,-1,2055,2045,2032,-1,2056,2033,2044,-1,2056,2046,2033,-1,2057,2047,2034,-1,2057,2034,2045,-1,2058,2035,2046,-1,2058,2048,2035,-1,2059,2049,2036,-1,2059,2036,2047,-1,2060,2050,2037,-1,2060,2037,2048,-1,2061,2038,2049,-1,2061,2051,2038,-1,2062,2039,2050,-1,2062,2052,2039,-1,2062,996,2052,-1,2063,2040,1026,-1,2063,1024,1022,-1,2063,1026,1024,-1,2063,2053,2040,-1,2064,2041,2051,-1,2064,2054,2041,-1,2065,2055,2043,-1,2065,2043,2053,-1,2066,2044,2054,-1,2066,2056,2044,-1,2067,2045,2055,-1,2067,2057,2045,-1,2068,2058,2046,-1,2068,2046,2056,-1,2069,2047,2057,-1,2069,2059,2047,-1,2070,2048,2058,-1,2070,2060,2048,-1,2071,2061,2049,-1,2071,2049,2059,-1,2072,996,2062,-1,2072,2062,2050,-1,2072,2050,2060,-1,2073,2051,2061,-1,2073,2064,2051,-1,2074,2063,1022,-1,2074,2053,2063,-1,2074,2065,2053,-1,2074,1022,1020,-1,2075,2054,2064,-1,2075,2066,2054,-1,2076,2055,2065,-1,2076,2067,2055,-1,2077,2056,2066,-1,2077,2068,2056,-1,2078,2057,2067,-1,2078,2069,2057,-1,2079,2070,2058,-1,2079,2058,2068,-1,2080,2071,2059,-1,2080,2059,2069,-1,2081,996,2072,-1,2081,2072,2060,-1,2081,2060,2070,-1,2082,2061,2071,-1,2082,2073,2061,-1,2083,2075,2064,-1,2083,2064,2073,-1,2084,2065,2074,-1,2084,2076,2065,-1,2085,2066,2075,-1,2085,2077,2066,-1,2086,2067,2076,-1,2086,2078,2067,-1,2087,2079,2068,-1,2087,2068,2077,-1,2088,2069,2078,-1,2088,2080,2069,-1,2089,996,2081,-1,2089,2070,2079,-1,2089,2081,2070,-1,2090,2082,2071,-1,2090,2071,2080,-1,2091,2073,2082,-1,2091,2083,2073,-1,2092,2084,2074,-1,2092,2074,1020,-1,2092,1018,1016,-1,2092,1020,1018,-1,2093,2085,2075,-1,2093,2075,2083,-1,2094,2076,2084,-1,2094,2086,2076,-1,2095,2077,2085,-1,2095,2087,2077,-1,2096,2078,2086,-1,2096,2088,2078,-1,2097,2079,2087,-1,2097,2089,2079,-1,2097,996,2089,-1,2098,2080,2088,-1,2098,2090,2080,-1,2099,2091,2082,-1,2099,2082,2090,-1,2100,2083,2091,-1,2100,2093,2083,-1,2101,2094,2084,-1,2101,2084,2092,-1,2101,1016,1014,-1,2101,2092,1016,-1,2102,2095,2085,-1,2102,2085,2093,-1,2103,2086,2094,-1,2103,2096,2086,-1,2104,996,2097,-1,2104,2087,2095,-1,2104,2097,2087,-1,2105,2088,2096,-1,2105,2098,2088,-1,2106,2099,2090,-1,2106,2090,2098,-1,2107,2100,2091,-1,2107,2091,2099,-1,2108,2102,2093,-1,2108,2093,2100,-1,2109,2103,2094,-1,2109,2094,2101,-1,2110,996,2104,-1,2110,2104,2095,-1,2110,2095,2102,-1,2111,2105,2096,-1,2111,2096,2103,-1,2112,2106,2098,-1,2112,2098,2105,-1,2113,2099,2106,-1,2113,2107,2099,-1,2114,2108,2100,-1,2114,2100,2107,-1,2115,2101,1014,-1,2115,2109,2101,-1,2115,1014,1012,-1,2116,2110,2102,-1,2116,996,2110,-1,2116,2102,2108,-1,2117,2111,2103,-1,2117,2103,2109,-1,2118,2105,2111,-1,2118,2112,2105,-1,2119,2113,2106,-1,2119,2106,2112,-1,2120,2114,2107,-1,2120,2107,2113,-1,2121,2108,2114,-1,2121,2116,2108,-1,2121,996,2116,-1,2122,2117,2109,-1,2122,2109,2115,-1,2122,2115,1012,-1,2122,1010,1008,-1,2122,1012,1010,-1,2123,2118,2111,-1,2123,2111,2117,-1,2124,2119,2112,-1,2124,2112,2118,-1,2125,2113,2119,-1,2125,2120,2113,-1,2126,2114,2120,-1,2126,2121,2114,-1,2126,996,2121,-1,2127,2117,2122,-1,2127,2123,2117,-1,2128,2118,2123,-1,2128,2124,2118,-1,2129,2125,2119,-1,2129,2119,2124,-1,2130,2126,2120,-1,2130,2120,2125,-1,2130,996,2126,-1,2131,1008,1006,-1,2131,2122,1008,-1,2131,2127,2122,-1,2132,2123,2127,-1,2132,2128,2123,-1,2133,2129,2124,-1,2133,2124,2128,-1,2134,2125,2129,-1,2134,2130,2125,-1,2134,996,2130,-1,2135,2131,1006,-1,2135,2127,2131,-1,2135,2132,2127,-1,2135,1006,1004,-1,2136,2133,2128,-1,2136,2128,2132,-1,2137,996,2134,-1,2137,2129,2133,-1,2137,2134,2129,-1,2138,2132,2135,-1,2138,2136,2132,-1,2139,2137,2133,-1,2139,2133,2136,-1,2139,996,2137,-1,2140,2135,1004,-1,2140,2138,2135,-1,2140,1002,1000,-1,2140,1004,1002,-1,2141,996,2139,-1,2141,2139,2136,-1,2141,2136,2138,-1,2142,996,2141,-1,2142,2138,2140,-1,2142,2140,1000,-1,2142,2141,2138,-1,2142,998,996,-1,2142,1000,998,-1,1591,1558,1590,-1,1591,1590,2143,-1,1595,2143,2144,-1,1595,1591,2143,-1,1596,2144,2145,-1,1596,1595,2144,-1,1598,2145,2146,-1,1598,1596,2145,-1,1601,2146,2147,-1,1601,1598,2146,-1,1602,2147,2148,-1,1602,1601,2147,-1,1606,1602,2148,-1,1606,2148,2149,-1,1610,1606,2149,-1,1610,2149,2150,-1,1611,2150,2151,-1,1611,1610,2150,-1,1616,2151,2152,-1,1616,1611,2151,-1,1622,2152,2153,-1,1622,1616,2152,-1,1628,2153,2154,-1,1628,1622,2153,-1,1629,2154,2155,-1,1629,1628,2154,-1,1635,2155,2156,-1,1635,1629,2155,-1,1642,2156,2157,-1,1642,1635,2156,-1,1643,2157,2158,-1,1643,1642,2157,-1,1651,2158,2159,-1,1651,1643,2158,-1,1660,2159,2160,-1,1660,1651,2159,-1,1661,2160,2161,-1,1661,1660,2160,-1,1670,2161,2162,-1,1670,1661,2161,-1,1680,2162,2163,-1,1680,1670,2162,-1,1681,2163,2164,-1,1681,1680,2163,-1,1692,2164,2165,-1,1692,1681,2164,-1,1703,2165,2166,-1,1703,1692,2165,-1,1714,2166,2167,-1,1714,1703,2166,-1,1715,2167,2168,-1,1715,1714,2167,-1,1727,2168,2169,-1,1727,1715,2168,-1,1740,2169,2170,-1,1740,1727,2169,-1,1741,2170,2171,-1,1741,1740,2170,-1,1754,2171,2172,-1,1754,1741,2171,-1,1768,2172,2173,-1,1768,1754,2172,-1,1592,2173,2174,-1,1592,1768,2173,-1,824,1592,2174,-1,824,2174,826,-1,1527,782,958,-1,1557,1556,2175,-1,2176,901,900,-1,2177,900,897,-1,2177,2176,900,-1,2178,2177,897,-1,2179,901,2176,-1,2179,2176,2177,-1,2179,906,903,-1,2179,903,901,-1,2180,2178,897,-1,2181,2177,2178,-1,2181,2179,2177,-1,2182,908,906,-1,2182,906,2179,-1,2183,2180,897,-1,2184,2181,2178,-1,2184,2178,2180,-1,2185,2182,2179,-1,2185,2179,2181,-1,2186,2183,897,-1,2187,2184,2180,-1,2187,2180,2183,-1,2188,2185,2181,-1,2188,2181,2184,-1,2189,908,2182,-1,2189,2182,2185,-1,2189,910,908,-1,2190,2186,897,-1,2191,2187,2183,-1,2191,2183,2186,-1,2192,2188,2184,-1,2192,2184,2187,-1,2193,2185,2188,-1,2193,2189,2185,-1,2194,910,2189,-1,2194,914,912,-1,2194,912,910,-1,2195,897,2196,-1,2195,2190,897,-1,2197,2191,2186,-1,2197,2186,2190,-1,2198,2187,2191,-1,2198,2192,2187,-1,2199,2188,2192,-1,2199,2193,2188,-1,2200,2194,2189,-1,2200,2189,2193,-1,2201,2195,2196,-1,2202,2197,2190,-1,2202,2190,2195,-1,2203,2191,2197,-1,2203,2198,2191,-1,2204,2192,2198,-1,2204,2199,2192,-1,2205,2200,2193,-1,2205,2193,2199,-1,2206,2201,2196,-1,2207,2194,2200,-1,2207,916,914,-1,2207,914,2194,-1,2208,2195,2201,-1,2208,2202,2195,-1,2209,2203,2197,-1,2209,2197,2202,-1,2210,2204,2198,-1,2210,2198,2203,-1,2211,2199,2204,-1,2211,2205,2199,-1,2212,2206,2196,-1,2213,2207,2200,-1,2213,2200,2205,-1,2214,2201,2206,-1,2214,2208,2201,-1,2215,920,918,-1,2215,918,916,-1,2215,916,2207,-1,2216,2209,2202,-1,2216,2202,2208,-1,2217,2203,2209,-1,2217,2210,2203,-1,2218,2204,2210,-1,2218,2211,2204,-1,2219,2212,2196,-1,2220,2213,2205,-1,2220,2205,2211,-1,2221,2214,2206,-1,2221,2206,2212,-1,2222,2207,2213,-1,2222,2215,2207,-1,2223,2208,2214,-1,2223,2216,2208,-1,2224,2217,2209,-1,2224,2209,2216,-1,2225,2210,2217,-1,2225,2218,2210,-1,2226,2219,2196,-1,2227,2220,2211,-1,2227,2211,2218,-1,2228,2221,2212,-1,2228,2212,2219,-1,2229,2213,2220,-1,2229,2222,2213,-1,2230,2223,2214,-1,2230,2214,2221,-1,2231,2215,2222,-1,2231,922,920,-1,2231,920,2215,-1,2232,2216,2223,-1,2232,2224,2216,-1,2233,2225,2217,-1,2233,2217,2224,-1,2234,2226,2196,-1,2235,2227,2218,-1,2235,2218,2225,-1,2236,2228,2219,-1,2236,2219,2226,-1,2237,2229,2220,-1,2237,2220,2227,-1,2238,2221,2228,-1,2238,2230,2221,-1,2239,2231,2222,-1,2239,2222,2229,-1,2240,2223,2230,-1,2240,2232,2223,-1,2241,922,2231,-1,2241,924,922,-1,2242,2224,2232,-1,2242,2233,2224,-1,2243,2234,2196,-1,2244,2225,2233,-1,2244,2235,2225,-1,2245,2226,2234,-1,2245,2236,2226,-1,2246,2237,2227,-1,2246,2227,2235,-1,2247,2228,2236,-1,2247,2238,2228,-1,2248,2229,2237,-1,2248,2239,2229,-1,2249,2230,2238,-1,2249,2240,2230,-1,2250,2241,2231,-1,2250,2231,2239,-1,2251,2232,2240,-1,2251,2242,2232,-1,2252,2243,2196,-1,2253,2233,2242,-1,2253,2244,2233,-1,2254,2234,2243,-1,2254,2245,2234,-1,2255,2246,2235,-1,2255,2235,2244,-1,2256,2236,2245,-1,2256,2247,2236,-1,2257,2248,2237,-1,2257,2237,2246,-1,2258,2249,2238,-1,2258,2238,2247,-1,2259,2250,2239,-1,2259,2239,2248,-1,2260,2251,2240,-1,2260,2240,2249,-1,2261,928,926,-1,2261,926,924,-1,2261,924,2241,-1,2261,2241,2250,-1,2262,2252,2196,-1,2262,2196,2263,-1,2264,2242,2251,-1,2264,2253,2242,-1,2265,2243,2252,-1,2265,2254,2243,-1,2266,2244,2253,-1,2266,2255,2244,-1,2267,2245,2254,-1,2267,2256,2245,-1,2268,2246,2255,-1,2268,2257,2246,-1,2269,2258,2247,-1,2269,2247,2256,-1,2270,2259,2248,-1,2270,2248,2257,-1,2271,2249,2258,-1,2271,2260,2249,-1,2272,2250,2259,-1,2272,2261,2250,-1,2273,2262,2263,-1,2274,2264,2251,-1,2274,2251,2260,-1,2275,930,928,-1,2275,928,2261,-1,2276,2265,2252,-1,2276,2252,2262,-1,2277,2253,2264,-1,2277,2266,2253,-1,2278,2267,2254,-1,2278,2254,2265,-1,2279,2268,2255,-1,2279,2255,2266,-1,2280,2256,2267,-1,2280,2269,2256,-1,2281,2270,2257,-1,2281,2257,2268,-1,2282,2258,2269,-1,2282,2271,2258,-1,2283,2272,2259,-1,2283,2259,2270,-1,2284,2260,2271,-1,2284,2274,2260,-1,2285,2261,2272,-1,2285,2275,2261,-1,2286,2276,2262,-1,2286,2262,2273,-1,2287,2264,2274,-1,2287,2277,2264,-1,2288,2278,2265,-1,2288,2265,2276,-1,2289,2266,2277,-1,2289,2279,2266,-1,2290,2280,2267,-1,2290,2267,2278,-1,2291,2268,2279,-1,2291,2281,2268,-1,2292,2269,2280,-1,2292,2282,2269,-1,2293,2270,2281,-1,2293,2283,2270,-1,2294,2284,2271,-1,2294,2271,2282,-1,2295,2272,2283,-1,2295,2285,2272,-1,2296,2273,2263,-1,2296,2286,2273,-1,2296,2297,2298,-1,2296,2263,2297,-1,2299,2287,2274,-1,2299,2274,2284,-1,2300,2275,2285,-1,2300,934,932,-1,2300,932,930,-1,2300,930,2275,-1,2301,2276,2286,-1,2301,2288,2276,-1,2302,2289,2277,-1,2302,2277,2287,-1,2303,2278,2288,-1,2303,2290,2278,-1,2304,2279,2289,-1,2304,2291,2279,-1,2305,2280,2290,-1,2305,2292,2280,-1,2306,2281,2291,-1,2306,2293,2281,-1,2307,2282,2292,-1,2307,2294,2282,-1,2308,2283,2293,-1,2308,2295,2283,-1,2309,2284,2294,-1,2309,2299,2284,-1,2310,2285,2295,-1,2310,2300,2285,-1,2311,2301,2286,-1,2311,2286,2296,-1,2312,2302,2287,-1,2312,2287,2299,-1,2313,934,2300,-1,2313,936,934,-1,2314,2288,2301,-1,2314,2303,2288,-1,2315,2304,2289,-1,2315,2289,2302,-1,2316,2290,2303,-1,2316,2305,2290,-1,2317,2291,2304,-1,2317,2306,2291,-1,2318,2307,2292,-1,2318,2292,2305,-1,2319,2308,2293,-1,2319,2293,2306,-1,2320,2294,2307,-1,2320,2309,2294,-1,2321,2310,2295,-1,2321,2295,2308,-1,2322,2311,2296,-1,2322,2296,2298,-1,2323,2299,2309,-1,2323,2312,2299,-1,2324,2300,2310,-1,2324,2313,2300,-1,2325,2314,2301,-1,2325,2301,2311,-1,2326,2302,2312,-1,2326,2315,2302,-1,2327,2303,2314,-1,2327,2316,2303,-1,2328,2317,2304,-1,2328,2304,2315,-1,2329,2305,2316,-1,2329,2318,2305,-1,2330,2319,2306,-1,2330,2306,2317,-1,2331,2307,2318,-1,2331,2320,2307,-1,2332,2308,2319,-1,2332,2321,2308,-1,2333,2322,2298,-1,2333,2334,2335,-1,2333,2298,2334,-1,2336,2309,2320,-1,2336,2323,2309,-1,2337,2324,2310,-1,2337,2310,2321,-1,2338,2311,2322,-1,2338,2325,2311,-1,2339,2326,2312,-1,2339,2312,2323,-1,2340,2313,2324,-1,2340,938,936,-1,2340,936,2313,-1,2341,2314,2325,-1,2341,2327,2314,-1,2342,2328,2315,-1,2342,2315,2326,-1,2343,2329,2316,-1,2343,2316,2327,-1,2344,2317,2328,-1,2344,2330,2317,-1,2345,2331,2318,-1,2345,2318,2329,-1,2346,2319,2330,-1,2346,2332,2319,-1,2347,2336,2320,-1,2347,2320,2331,-1,2348,2321,2332,-1,2348,2337,2321,-1,2349,2338,2322,-1,2349,2322,2333,-1,2350,2339,2323,-1,2350,2323,2336,-1,2351,2340,2324,-1,2351,2324,2337,-1,2352,2341,2325,-1,2352,2325,2338,-1,2353,2326,2339,-1,2353,2342,2326,-1,2354,942,940,-1,2354,940,938,-1,2354,938,2340,-1,2355,2343,2327,-1,2355,2327,2341,-1,2356,2328,2342,-1,2356,2344,2328,-1,2357,2345,2329,-1,2357,2329,2343,-1,2358,2346,2330,-1,2358,2330,2344,-1,2359,2347,2331,-1,2359,2331,2345,-1,2360,2348,2332,-1,2360,2332,2346,-1,2361,2333,2335,-1,2361,2349,2333,-1,2361,2335,2362,-1,2363,2336,2347,-1,2363,2350,2336,-1,2364,2337,2348,-1,2364,2351,2337,-1,2365,2338,2349,-1,2365,2352,2338,-1,2366,2339,2350,-1,2366,2353,2339,-1,2367,2340,2351,-1,2367,2354,2340,-1,2368,2355,2341,-1,2368,2341,2352,-1,2369,2356,2342,-1,2369,2342,2353,-1,2370,2343,2355,-1,2370,2357,2343,-1,2371,2358,2344,-1,2371,2344,2356,-1,2372,2359,2345,-1,2372,2345,2357,-1,2373,2360,2346,-1,2373,2346,2358,-1,2374,2363,2347,-1,2374,2347,2359,-1,2375,2364,2348,-1,2375,2348,2360,-1,2376,2349,2361,-1,2376,2361,2362,-1,2376,2365,2349,-1,2377,2366,2350,-1,2377,2350,2363,-1,2378,2367,2351,-1,2378,2351,2364,-1,2379,2368,2352,-1,2379,2352,2365,-1,2380,2369,2353,-1,2380,2353,2366,-1,2381,2354,2367,-1,2381,942,2354,-1,2381,944,942,-1,2382,2370,2355,-1,2382,2355,2368,-1,2383,2371,2356,-1,2383,2356,2369,-1,2384,2372,2357,-1,2384,2357,2370,-1,2385,2358,2371,-1,2385,2373,2358,-1,2386,2359,2372,-1,2386,2374,2359,-1,2387,2360,2373,-1,2387,2375,2360,-1,2388,2376,2362,-1,2388,2362,2389,-1,2390,2377,2363,-1,2390,2363,2374,-1,2391,2364,2375,-1,2391,2378,2364,-1,2392,2379,2365,-1,2392,2365,2376,-1,2393,2366,2377,-1,2393,2380,2366,-1,2394,2381,2367,-1,2394,2367,2378,-1,2395,2368,2379,-1,2395,2382,2368,-1,2396,2369,2380,-1,2396,2383,2369,-1,2397,948,946,-1,2397,946,944,-1,2397,944,2381,-1,2398,2370,2382,-1,2398,2384,2370,-1,2399,2385,2371,-1,2399,2371,2383,-1,2400,2372,2384,-1,2400,2386,2372,-1,2401,2387,2373,-1,2401,2373,2385,-1,2402,2390,2374,-1,2402,2374,2386,-1,2403,2375,2387,-1,2403,2391,2375,-1,2404,2392,2376,-1,2404,2405,2406,-1,2404,2389,2405,-1,2404,2388,2389,-1,2404,2376,2388,-1,2407,2377,2390,-1,2407,2393,2377,-1,2408,2394,2378,-1,2408,2378,2391,-1,2409,2395,2379,-1,2409,2379,2392,-1,2410,2380,2393,-1,2410,2396,2380,-1,2411,2381,2394,-1,2411,2397,2381,-1,2412,2382,2395,-1,2412,2398,2382,-1,2413,2383,2396,-1,2413,2399,2383,-1,2414,2384,2398,-1,2414,2400,2384,-1,2415,2401,2385,-1,2415,2385,2399,-1,2416,2402,2386,-1,2416,2386,2400,-1,2417,2387,2401,-1,2417,2403,2387,-1,2418,2407,2390,-1,2418,2390,2402,-1,2419,2391,2403,-1,2419,2408,2391,-1,2420,2392,2404,-1,2420,2409,2392,-1,2421,2393,2407,-1,2421,2410,2393,-1,2422,2411,2394,-1,2422,2394,2408,-1,2423,2412,2395,-1,2423,2395,2409,-1,2424,2396,2410,-1,2424,2413,2396,-1,2425,2397,2411,-1,2425,948,2397,-1,2425,950,948,-1,2426,2414,2398,-1,2426,2398,2412,-1,2427,2399,2413,-1,2427,2415,2399,-1,2428,2416,2400,-1,2428,2400,2414,-1,2429,2401,2415,-1,2429,2417,2401,-1,2430,2418,2402,-1,2430,2402,2416,-1,2431,2403,2417,-1,2431,2419,2403,-1,2432,2420,2404,-1,2432,2404,2406,-1,2432,2406,2433,-1,2434,2421,2407,-1,2434,2407,2418,-1,2435,2408,2419,-1,2435,2422,2408,-1,2436,2409,2420,-1,2436,2423,2409,-1,2437,2424,2410,-1,2437,2410,2421,-1,2438,2411,2422,-1,2438,2425,2411,-1,2439,2426,2412,-1,2439,2412,2423,-1,2440,2413,2424,-1,2440,2427,2413,-1,2441,952,950,-1,2441,950,2425,-1,2442,2428,2414,-1,2442,2414,2426,-1,2443,2415,2427,-1,2443,2429,2415,-1,2444,2416,2428,-1,2444,2430,2416,-1,2445,2417,2429,-1,2445,2431,2417,-1,2446,2418,2430,-1,2446,2434,2418,-1,2447,2419,2431,-1,2447,2435,2419,-1,2448,2432,2433,-1,2448,2420,2432,-1,2448,2436,2420,-1,2449,2421,2434,-1,2449,2437,2421,-1,2450,2422,2435,-1,2450,2438,2422,-1,2451,2439,2423,-1,2451,2423,2436,-1,2452,2440,2424,-1,2452,2424,2437,-1,2453,2441,2425,-1,2453,2425,2438,-1,2454,2442,2426,-1,2454,2426,2439,-1,2455,2427,2440,-1,2455,2443,2427,-1,2456,2444,2428,-1,2456,2428,2442,-1,2457,2445,2429,-1,2457,2429,2443,-1,2458,2446,2430,-1,2458,2430,2444,-1,2459,2431,2445,-1,2459,2447,2431,-1,2460,2448,2433,-1,2460,2461,2448,-1,2460,2462,2461,-1,2460,2433,2462,-1,2463,2434,2446,-1,2463,2449,2434,-1,2464,2435,2447,-1,2464,2450,2435,-1,2465,2451,2436,-1,2465,2436,2448,-1,2466,2437,2449,-1,2466,2452,2437,-1,2467,2438,2450,-1,2467,2453,2438,-1,2468,2454,2439,-1,2468,2439,2451,-1,2469,2440,2452,-1,2469,2455,2440,-1,2470,956,954,-1,2470,954,952,-1,2470,952,2441,-1,2470,2441,2453,-1,2471,2456,2442,-1,2471,2442,2454,-1,2472,2443,2455,-1,2472,2457,2443,-1,2473,2444,2456,-1,2473,2458,2444,-1,2474,2445,2457,-1,2474,2459,2445,-1,2475,2463,2446,-1,2475,2446,2458,-1,2476,2464,2447,-1,2476,2447,2459,-1,2477,2465,2448,-1,2477,2448,2461,-1,2477,2461,2478,-1,2479,2449,2463,-1,2479,2466,2449,-1,2480,2467,2450,-1,2480,2450,2464,-1,2481,2468,2451,-1,2481,2451,2465,-1,2482,2469,2452,-1,2482,2452,2466,-1,2483,2453,2467,-1,2483,2470,2453,-1,2484,2454,2468,-1,2484,2471,2454,-1,2485,2455,2469,-1,2485,2472,2455,-1,2486,958,956,-1,2486,1527,958,-1,2486,956,2470,-1,2487,2473,2456,-1,2487,2456,2471,-1,2488,2474,2457,-1,2488,2457,2472,-1,2489,2475,2458,-1,2489,2458,2473,-1,2490,2459,2474,-1,2490,2476,2459,-1,2491,2463,2475,-1,2491,2479,2463,-1,2492,2464,2476,-1,2492,2480,2464,-1,2493,2465,2477,-1,2493,2481,2465,-1,2494,2466,2479,-1,2494,2482,2466,-1,2495,2483,2467,-1,2495,2467,2480,-1,2496,2468,2481,-1,2496,2484,2468,-1,2497,2485,2469,-1,2497,2469,2482,-1,2498,1528,1527,-1,2498,1529,1528,-1,2498,1527,2486,-1,2498,2470,2483,-1,2498,2486,2470,-1,2499,2487,2471,-1,2499,2471,2484,-1,2500,2472,2485,-1,2500,2488,2472,-1,2501,2489,2473,-1,2501,2473,2487,-1,2502,2474,2488,-1,2502,2490,2474,-1,2503,2475,2489,-1,2503,2491,2475,-1,2504,2492,2476,-1,2504,2476,2490,-1,2505,2477,2478,-1,2505,2493,2477,-1,2505,2506,2507,-1,2505,2478,2506,-1,2508,2494,2479,-1,2508,2479,2491,-1,2509,2480,2492,-1,2509,2495,2480,-1,2510,2481,2493,-1,2510,2496,2481,-1,2511,2482,2494,-1,2511,2497,2482,-1,2512,2498,2483,-1,2512,1530,1529,-1,2512,2483,2495,-1,2512,1529,2498,-1,2513,2484,2496,-1,2513,2499,2484,-1,2514,2485,2497,-1,2514,2500,2485,-1,2515,2501,2487,-1,2515,2487,2499,-1,2516,2488,2500,-1,2516,2502,2488,-1,2517,2503,2489,-1,2517,2489,2501,-1,2518,2490,2502,-1,2518,2504,2490,-1,2519,2491,2503,-1,2519,2508,2491,-1,2520,2492,2504,-1,2520,2509,2492,-1,2521,2493,2505,-1,2521,2505,2507,-1,2521,2510,2493,-1,2521,2507,2522,-1,2523,2511,2494,-1,2523,2494,2508,-1,2524,1530,2512,-1,2524,1531,1530,-1,2524,1532,1531,-1,2524,2495,2509,-1,2524,2512,2495,-1,2525,2513,2496,-1,2525,2496,2510,-1,2526,2514,2497,-1,2526,2497,2511,-1,2527,2515,2499,-1,2527,2499,2513,-1,2528,2516,2500,-1,2528,2500,2514,-1,2529,2501,2515,-1,2529,2517,2501,-1,2530,2502,2516,-1,2530,2518,2502,-1,2531,2503,2517,-1,2531,2519,2503,-1,2532,2504,2518,-1,2532,2520,2504,-1,2533,2508,2519,-1,2533,2523,2508,-1,2534,1533,1532,-1,2534,1532,2524,-1,2534,2509,2520,-1,2534,2524,2509,-1,2535,2525,2510,-1,2535,2510,2521,-1,2536,2511,2523,-1,2536,2526,2511,-1,2537,2527,2513,-1,2537,2513,2525,-1,2538,2514,2526,-1,2538,2528,2514,-1,2539,2529,2515,-1,2539,2515,2527,-1,2540,2516,2528,-1,2540,2530,2516,-1,2541,2531,2517,-1,2541,2517,2529,-1,2542,2518,2530,-1,2542,2532,2518,-1,2543,2519,2531,-1,2543,2533,2519,-1,2544,1534,1533,-1,2544,1533,2534,-1,2544,2520,2532,-1,2544,2534,2520,-1,2545,2521,2522,-1,2545,2535,2521,-1,2545,2522,2546,-1,2547,2536,2523,-1,2547,2523,2533,-1,2548,2537,2525,-1,2548,2525,2535,-1,2549,2526,2536,-1,2549,2538,2526,-1,2550,2527,2537,-1,2550,2539,2527,-1,2551,2540,2528,-1,2551,2528,2538,-1,2552,2529,2539,-1,2552,2541,2529,-1,2553,2530,2540,-1,2553,2542,2530,-1,2554,2543,2531,-1,2554,2531,2541,-1,2555,1535,1534,-1,2555,1536,1535,-1,2555,2532,2542,-1,2555,2544,2532,-1,2555,1534,2544,-1,2556,2533,2543,-1,2556,2547,2533,-1,2557,2548,2535,-1,2557,2535,2545,-1,2557,2545,2546,-1,2557,2558,2559,-1,2557,2546,2558,-1,2560,2549,2536,-1,2560,2536,2547,-1,2561,2537,2548,-1,2561,2550,2537,-1,2562,2538,2549,-1,2562,2551,2538,-1,2563,2552,2539,-1,2563,2539,2550,-1,2564,2540,2551,-1,2564,2553,2540,-1,2565,2541,2552,-1,2565,2554,2541,-1,2566,1537,1536,-1,2566,2542,2553,-1,2566,2555,2542,-1,2566,1536,2555,-1,2567,2543,2554,-1,2567,2556,2543,-1,2568,2547,2556,-1,2568,2560,2547,-1,2569,2548,2557,-1,2569,2561,2548,-1,2570,2549,2560,-1,2570,2562,2549,-1,2571,2563,2550,-1,2571,2550,2561,-1,2572,2551,2562,-1,2572,2564,2551,-1,2573,2565,2552,-1,2573,2552,2563,-1,2574,1538,1537,-1,2574,1539,1538,-1,2574,1537,2566,-1,2574,2553,2564,-1,2574,2566,2553,-1,2575,2567,2554,-1,2575,2554,2565,-1,2576,2568,2556,-1,2576,2556,2567,-1,2577,2569,2557,-1,2577,2557,2559,-1,2577,2559,2578,-1,2579,2560,2568,-1,2579,2570,2560,-1,2580,2561,2569,-1,2580,2571,2561,-1,2581,2572,2562,-1,2581,2562,2570,-1,2582,2573,2563,-1,2582,2563,2571,-1,2583,2564,2572,-1,2583,1540,1539,-1,2583,1539,2574,-1,2583,2574,2564,-1,2584,2565,2573,-1,2584,2575,2565,-1,2585,2576,2567,-1,2585,2567,2575,-1,2586,2568,2576,-1,2586,2579,2568,-1,2587,2577,2578,-1,2587,2580,2569,-1,2587,2569,2577,-1,2588,2570,2579,-1,2588,2581,2570,-1,2589,2582,2571,-1,2589,2571,2580,-1,2590,1541,1540,-1,2590,1542,1541,-1,2590,2572,2581,-1,2590,1540,2583,-1,2590,2583,2572,-1,2591,2584,2573,-1,2591,2573,2582,-1,2592,2575,2584,-1,2592,2585,2575,-1,2593,2576,2585,-1,2593,2586,2576,-1,2594,2595,2587,-1,2594,2587,2578,-1,2594,2596,2595,-1,2594,2578,2596,-1,2597,2579,2586,-1,2597,2588,2579,-1,2598,2580,2587,-1,2598,2589,2580,-1,2599,1543,1542,-1,2599,1542,2590,-1,2599,2581,2588,-1,2599,2590,2581,-1,2600,2582,2589,-1,2600,2591,2582,-1,2601,2592,2584,-1,2601,2584,2591,-1,2602,2585,2592,-1,2602,2593,2585,-1,2603,2586,2593,-1,2603,2597,2586,-1,2604,2587,2595,-1,2604,2598,2587,-1,2604,2595,2605,-1,2606,1544,1543,-1,2606,1543,2599,-1,2606,2588,2597,-1,2606,2599,2588,-1,2607,2600,2589,-1,2607,2589,2598,-1,2608,2591,2600,-1,2608,2601,2591,-1,2609,2592,2601,-1,2609,2602,2592,-1,2610,2593,2602,-1,2610,2603,2593,-1,2611,1545,1544,-1,2611,1546,1545,-1,2611,1544,2606,-1,2611,2597,2603,-1,2611,2606,2597,-1,2612,2598,2604,-1,2612,2604,2605,-1,2612,2607,2598,-1,2613,2600,2607,-1,2613,2608,2600,-1,2614,2601,2608,-1,2614,2609,2601,-1,2615,2610,2602,-1,2615,2602,2609,-1,2616,2603,2610,-1,2616,1547,1546,-1,2616,2611,2603,-1,2616,1546,2611,-1,2617,2612,2605,-1,2617,2618,2619,-1,2617,2605,2618,-1,2620,2607,2612,-1,2620,2613,2607,-1,2621,2608,2613,-1,2621,2614,2608,-1,2622,2609,2614,-1,2622,2615,2609,-1,2623,2610,2615,-1,2623,1548,1547,-1,2623,1549,1548,-1,2623,1547,2616,-1,2623,2616,2610,-1,2624,2617,2619,-1,2624,2620,2612,-1,2624,2619,2625,-1,2624,2612,2617,-1,2626,2613,2620,-1,2626,2621,2613,-1,2627,2614,2621,-1,2627,2622,2614,-1,2628,2623,2615,-1,2628,1550,1549,-1,2628,2615,2622,-1,2628,1549,2623,-1,2629,2626,2620,-1,2629,2624,2625,-1,2629,2620,2624,-1,2630,2627,2621,-1,2630,2621,2626,-1,2631,2622,2627,-1,2631,1551,1550,-1,2631,1550,2628,-1,2631,2628,2622,-1,2632,2629,2625,-1,2632,2625,2633,-1,2634,2630,2626,-1,2634,2626,2629,-1,2635,1552,1551,-1,2635,1553,1552,-1,2635,2627,2630,-1,2635,1551,2631,-1,2635,2631,2627,-1,2636,2629,2632,-1,2636,2632,2633,-1,2636,2637,2638,-1,2636,2633,2637,-1,2636,2634,2629,-1,2639,1554,1553,-1,2639,1553,2635,-1,2639,2635,2630,-1,2639,2630,2634,-1,2640,1555,1554,-1,2640,1556,1555,-1,2640,1554,2639,-1,2640,2634,2636,-1,2640,2639,2634,-1,2641,2638,2175,-1,2641,2636,2638,-1,2641,1556,2640,-1,2641,2640,2636,-1,2641,2175,1556,-1,2196,897,828,-1,2196,828,2642,-1,2263,2642,2643,-1,2263,2196,2642,-1,2297,2643,2644,-1,2297,2263,2643,-1,2298,2644,2645,-1,2298,2297,2644,-1,2334,2645,2646,-1,2334,2298,2645,-1,2335,2646,2647,-1,2335,2334,2646,-1,2362,2647,2648,-1,2362,2335,2647,-1,2389,2362,2648,-1,2389,2648,2649,-1,2405,2389,2649,-1,2405,2649,2650,-1,2406,2405,2650,-1,2406,2650,2651,-1,2433,2406,2651,-1,2433,2651,2652,-1,2462,2433,2652,-1,2462,2652,2653,-1,2461,2462,2653,-1,2461,2653,2654,-1,2478,2461,2654,-1,2478,2654,2655,-1,2506,2478,2655,-1,2506,2655,2656,-1,2507,2506,2656,-1,2507,2656,2657,-1,2522,2507,2657,-1,2522,2657,2658,-1,2546,2522,2658,-1,2546,2658,2659,-1,2558,2659,2660,-1,2558,2546,2659,-1,2559,2660,2661,-1,2559,2558,2660,-1,2578,2559,2661,-1,2578,2661,2662,-1,2596,2662,2663,-1,2596,2578,2662,-1,2595,2596,2663,-1,2595,2663,2664,-1,2605,2664,2665,-1,2605,2595,2664,-1,2618,2665,2666,-1,2618,2605,2665,-1,2619,2666,2667,-1,2619,2618,2666,-1,2625,2667,2668,-1,2625,2619,2667,-1,2633,2668,2669,-1,2633,2625,2668,-1,2637,2669,2670,-1,2637,2633,2669,-1,2638,2670,2671,-1,2638,2637,2670,-1,2175,2672,1590,-1,2175,2671,2672,-1,2175,2638,2671,-1,1557,2175,1590,-1,2642,828,827,-1,2642,827,831,-1,2642,831,833,-1,2143,1590,2672,-1,826,2174,895,-1,2673,2643,2642,-1,2674,2673,2642,-1,2674,2643,2673,-1,2675,2643,2674,-1,2675,2674,2642,-1,2676,2642,833,-1,2676,2643,2675,-1,2676,2675,2642,-1,2677,2643,2676,-1,2677,2676,833,-1,2678,2677,833,-1,2679,2678,833,-1,2680,2643,2677,-1,2680,2644,2643,-1,2680,2677,2678,-1,2681,2679,833,-1,2682,2644,2680,-1,2682,2680,2678,-1,2682,2645,2644,-1,2682,2678,2679,-1,2683,2681,833,-1,2684,2682,2679,-1,2684,2679,2681,-1,2685,2683,833,-1,2686,2681,2683,-1,2686,2684,2681,-1,2687,2645,2682,-1,2687,2646,2645,-1,2687,2682,2684,-1,2688,2685,833,-1,2689,2683,2685,-1,2689,2686,2683,-1,2690,2687,2684,-1,2690,2684,2686,-1,2691,2688,833,-1,2692,2685,2688,-1,2692,2689,2685,-1,2693,2690,2686,-1,2693,2686,2689,-1,2694,2647,2646,-1,2694,2646,2687,-1,2694,2687,2690,-1,2695,2691,833,-1,2696,2688,2691,-1,2696,2692,2688,-1,2697,2689,2692,-1,2697,2693,2689,-1,2698,2694,2690,-1,2698,2690,2693,-1,2699,2695,833,-1,2700,2696,2691,-1,2700,2691,2695,-1,2701,2692,2696,-1,2701,2697,2692,-1,2702,2698,2693,-1,2702,2693,2697,-1,2703,2694,2698,-1,2703,2647,2694,-1,2703,2649,2648,-1,2703,2648,2647,-1,2704,2699,833,-1,2705,2695,2699,-1,2705,2700,2695,-1,2706,2701,2696,-1,2706,2696,2700,-1,2707,2702,2697,-1,2707,2697,2701,-1,2708,2703,2698,-1,2708,2698,2702,-1,2709,2704,833,-1,2710,2699,2704,-1,2710,2705,2699,-1,2711,2700,2705,-1,2711,2706,2700,-1,2712,2701,2706,-1,2712,2707,2701,-1,2713,2708,2702,-1,2713,2702,2707,-1,2714,2709,833,-1,2715,2703,2708,-1,2715,2650,2649,-1,2715,2649,2703,-1,2716,2710,2704,-1,2716,2704,2709,-1,2717,2705,2710,-1,2717,2711,2705,-1,2718,2706,2711,-1,2718,2712,2706,-1,2719,2707,2712,-1,2719,2713,2707,-1,2720,2714,833,-1,2721,2708,2713,-1,2721,2715,2708,-1,2722,2709,2714,-1,2722,2716,2709,-1,2723,2651,2650,-1,2723,2650,2715,-1,2724,2717,2710,-1,2724,2710,2716,-1,2725,2711,2717,-1,2725,2718,2711,-1,2726,2719,2712,-1,2726,2712,2718,-1,2727,2720,833,-1,2728,2721,2713,-1,2728,2713,2719,-1,2729,2714,2720,-1,2729,2722,2714,-1,2730,2715,2721,-1,2730,2723,2715,-1,2731,2724,2716,-1,2731,2716,2722,-1,2732,2717,2724,-1,2732,2725,2717,-1,2733,2718,2725,-1,2733,2726,2718,-1,2734,2727,833,-1,2735,2719,2726,-1,2735,2728,2719,-1,2736,2720,2727,-1,2736,2729,2720,-1,2737,2730,2721,-1,2737,2721,2728,-1,2738,2731,2722,-1,2738,2722,2729,-1,2739,2653,2652,-1,2739,2652,2651,-1,2739,2651,2723,-1,2739,2723,2730,-1,2740,2732,2724,-1,2740,2724,2731,-1,2741,2725,2732,-1,2741,2733,2725,-1,2742,2734,833,-1,2743,2735,2726,-1,2743,2726,2733,-1,2744,2736,2727,-1,2744,2727,2734,-1,2745,2728,2735,-1,2745,2737,2728,-1,2746,2729,2736,-1,2746,2738,2729,-1,2747,2730,2737,-1,2747,2739,2730,-1,2748,2731,2738,-1,2748,2740,2731,-1,2749,2732,2740,-1,2749,2741,2732,-1,2750,2742,833,-1,2751,2733,2741,-1,2751,2743,2733,-1,2752,2734,2742,-1,2752,2744,2734,-1,2753,2735,2743,-1,2753,2745,2735,-1,2754,2746,2736,-1,2754,2736,2744,-1,2755,2747,2737,-1,2755,2737,2745,-1,2756,2748,2738,-1,2756,2738,2746,-1,2757,2739,2747,-1,2757,2654,2653,-1,2757,2653,2739,-1,2758,2749,2740,-1,2758,2740,2748,-1,2759,2750,833,-1,2760,2751,2741,-1,2760,2741,2749,-1,2761,2752,2742,-1,2761,2742,2750,-1,2762,2743,2751,-1,2762,2753,2743,-1,2763,2754,2744,-1,2763,2744,2752,-1,2764,2745,2753,-1,2764,2755,2745,-1,2765,2746,2754,-1,2765,2756,2746,-1,2766,2747,2755,-1,2766,2757,2747,-1,2767,2748,2756,-1,2767,2758,2748,-1,2768,2656,2655,-1,2768,2655,2654,-1,2768,2654,2757,-1,2769,2759,833,-1,2770,2749,2758,-1,2770,2760,2749,-1,2771,2750,2759,-1,2771,2761,2750,-1,2772,2751,2760,-1,2772,2762,2751,-1,2773,2752,2761,-1,2773,2763,2752,-1,2774,2753,2762,-1,2774,2764,2753,-1,2775,2754,2763,-1,2775,2765,2754,-1,2776,2755,2764,-1,2776,2766,2755,-1,2777,2756,2765,-1,2777,2767,2756,-1,2778,2757,2766,-1,2778,2768,2757,-1,2779,2769,833,-1,2780,2758,2767,-1,2780,2770,2758,-1,2781,2759,2769,-1,2781,2771,2759,-1,2782,2772,2760,-1,2782,2760,2770,-1,2783,2761,2771,-1,2783,2773,2761,-1,2784,2774,2762,-1,2784,2762,2772,-1,2785,2763,2773,-1,2785,2775,2763,-1,2786,2764,2774,-1,2786,2776,2764,-1,2787,2777,2765,-1,2787,2765,2775,-1,2788,2778,2766,-1,2788,2766,2776,-1,2789,2779,833,-1,2790,2780,2767,-1,2790,2767,2777,-1,2791,2768,2778,-1,2791,2657,2656,-1,2791,2656,2768,-1,2792,2769,2779,-1,2792,2781,2769,-1,2793,2770,2780,-1,2793,2782,2770,-1,2794,2783,2771,-1,2794,2771,2781,-1,2795,2784,2772,-1,2795,2772,2782,-1,2796,2785,2773,-1,2796,2773,2783,-1,2797,2774,2784,-1,2797,2786,2774,-1,2798,2787,2775,-1,2798,2775,2785,-1,2799,2776,2786,-1,2799,2788,2776,-1,2800,2789,833,-1,2801,2790,2777,-1,2801,2777,2787,-1,2802,2791,2778,-1,2802,2778,2788,-1,2803,2792,2779,-1,2803,2779,2789,-1,2804,2780,2790,-1,2804,2793,2780,-1,2805,2658,2657,-1,2805,2657,2791,-1,2806,2794,2781,-1,2806,2781,2792,-1,2807,2782,2793,-1,2807,2795,2782,-1,2808,2796,2783,-1,2808,2783,2794,-1,2809,2797,2784,-1,2809,2784,2795,-1,2810,2798,2785,-1,2810,2785,2796,-1,2811,2799,2786,-1,2811,2786,2797,-1,2812,2800,833,-1,2813,2787,2798,-1,2813,2801,2787,-1,2814,2788,2799,-1,2814,2802,2788,-1,2815,2789,2800,-1,2815,2803,2789,-1,2816,2790,2801,-1,2816,2804,2790,-1,2817,2791,2802,-1,2817,2805,2791,-1,2818,2792,2803,-1,2818,2806,2792,-1,2819,2793,2804,-1,2819,2807,2793,-1,2820,2808,2794,-1,2820,2794,2806,-1,2821,2809,2795,-1,2821,2795,2807,-1,2822,2810,2796,-1,2822,2796,2808,-1,2823,2811,2797,-1,2823,2797,2809,-1,2824,2812,833,-1,2825,2798,2810,-1,2825,2813,2798,-1,2826,2799,2811,-1,2826,2814,2799,-1,2827,2800,2812,-1,2827,2815,2800,-1,2828,2816,2801,-1,2828,2801,2813,-1,2829,2802,2814,-1,2829,2817,2802,-1,2830,2818,2803,-1,2830,2803,2815,-1,2831,2804,2816,-1,2831,2819,2804,-1,2832,2660,2659,-1,2832,2659,2658,-1,2832,2805,2817,-1,2832,2658,2805,-1,2833,2806,2818,-1,2833,2820,2806,-1,2834,2821,2807,-1,2834,2807,2819,-1,2835,2822,2808,-1,2835,2808,2820,-1,2836,2823,2809,-1,2836,2809,2821,-1,2837,833,835,-1,2837,2824,833,-1,2838,2810,2822,-1,2838,2825,2810,-1,2839,2826,2811,-1,2839,2811,2823,-1,2840,2812,2824,-1,2840,2827,2812,-1,2841,2828,2813,-1,2841,2813,2825,-1,2842,2814,2826,-1,2842,2829,2814,-1,2843,2830,2815,-1,2843,2815,2827,-1,2844,2831,2816,-1,2844,2816,2828,-1,2845,2817,2829,-1,2845,2832,2817,-1,2846,2818,2830,-1,2846,2833,2818,-1,2847,2834,2819,-1,2847,2819,2831,-1,2848,2661,2660,-1,2849,2820,2833,-1,2849,2835,2820,-1,2850,2836,2821,-1,2850,2821,2834,-1,2851,835,837,-1,2851,2837,835,-1,2852,2822,2835,-1,2852,2838,2822,-1,2853,2839,2823,-1,2853,2823,2836,-1,2854,2840,2824,-1,2854,2824,2837,-1,2855,2825,2838,-1,2855,2841,2825,-1,2856,2842,2826,-1,2856,2826,2839,-1,2857,2843,2827,-1,2857,2827,2840,-1,2858,2844,2828,-1,2858,2828,2841,-1,2859,2845,2829,-1,2859,2829,2842,-1,2860,2830,2843,-1,2860,2846,2830,-1,2861,2847,2831,-1,2861,2831,2844,-1,2862,2832,2845,-1,2862,2661,2848,-1,2862,2848,2660,-1,2862,2660,2832,-1,2863,2833,2846,-1,2863,2849,2833,-1,2864,2834,2847,-1,2864,2850,2834,-1,2865,2835,2849,-1,2865,2852,2835,-1,2866,2853,2836,-1,2866,2836,2850,-1,2867,2851,837,-1,2867,2837,2851,-1,2867,2854,2837,-1,2867,837,839,-1,2868,2855,2838,-1,2868,2838,2852,-1,2869,2839,2853,-1,2869,2856,2839,-1,2870,2857,2840,-1,2870,2840,2854,-1,2871,2841,2855,-1,2871,2858,2841,-1,2872,2859,2842,-1,2872,2842,2856,-1,2873,2860,2843,-1,2873,2843,2857,-1,2874,2861,2844,-1,2874,2844,2858,-1,2875,2845,2859,-1,2875,2862,2845,-1,2876,2863,2846,-1,2876,2846,2860,-1,2877,2847,2861,-1,2877,2864,2847,-1,2878,2663,2662,-1,2878,2662,2661,-1,2878,2661,2862,-1,2879,2865,2849,-1,2879,2849,2863,-1,2880,2866,2850,-1,2880,2850,2864,-1,2881,2852,2865,-1,2881,2868,2852,-1,2882,2869,2853,-1,2882,2853,2866,-1,2883,2870,2854,-1,2883,2854,2867,-1,2884,2871,2855,-1,2884,2855,2868,-1,2885,2856,2869,-1,2885,2872,2856,-1,2886,2857,2870,-1,2886,2873,2857,-1,2887,2874,2858,-1,2887,2858,2871,-1,2888,2875,2859,-1,2888,2859,2872,-1,2889,2876,2860,-1,2889,2860,2873,-1,2890,2877,2861,-1,2890,2861,2874,-1,2891,2878,2862,-1,2891,2862,2875,-1,2892,2879,2863,-1,2892,2863,2876,-1,2893,2880,2864,-1,2893,2864,2877,-1,2894,2664,2663,-1,2895,2865,2879,-1,2895,2881,2865,-1,2896,2866,2880,-1,2896,2882,2866,-1,2897,2883,2867,-1,2897,839,841,-1,2897,841,843,-1,2897,2867,839,-1,2898,2884,2868,-1,2898,2868,2881,-1,2899,2869,2882,-1,2899,2885,2869,-1,2900,2886,2870,-1,2900,2870,2883,-1,2901,2887,2871,-1,2901,2871,2884,-1,2902,2872,2885,-1,2902,2888,2872,-1,2903,2889,2873,-1,2903,2873,2886,-1,2904,2874,2887,-1,2904,2890,2874,-1,2905,2891,2875,-1,2905,2875,2888,-1,2906,2892,2876,-1,2906,2876,2889,-1,2907,2893,2877,-1,2907,2877,2890,-1,2908,2664,2894,-1,2908,2663,2878,-1,2908,2894,2663,-1,2908,2878,2891,-1,2909,2879,2892,-1,2909,2895,2879,-1,2910,2880,2893,-1,2910,2896,2880,-1,2911,2898,2881,-1,2911,2881,2895,-1,2912,2899,2882,-1,2912,2882,2896,-1,2913,843,845,-1,2913,2883,2897,-1,2913,2897,843,-1,2913,2900,2883,-1,2914,2884,2898,-1,2914,2901,2884,-1,2915,2885,2899,-1,2915,2902,2885,-1,2916,2903,2886,-1,2916,2886,2900,-1,2917,2887,2901,-1,2917,2904,2887,-1,2918,2905,2888,-1,2918,2888,2902,-1,2919,2906,2889,-1,2919,2889,2903,-1,2920,2890,2904,-1,2920,2907,2890,-1,2921,2891,2905,-1,2921,2908,2891,-1,2922,2909,2892,-1,2922,2892,2906,-1,2923,2910,2893,-1,2923,2893,2907,-1,2924,2665,2664,-1,2924,2664,2908,-1,2925,2911,2895,-1,2925,2895,2909,-1,2926,2896,2910,-1,2926,2912,2896,-1,2927,2898,2911,-1,2927,2914,2898,-1,2928,2915,2899,-1,2928,2899,2912,-1,2929,2900,2913,-1,2929,2916,2900,-1,2930,2901,2914,-1,2930,2917,2901,-1,2931,2902,2915,-1,2931,2918,2902,-1,2932,2919,2903,-1,2932,2903,2916,-1,2933,2920,2904,-1,2933,2904,2917,-1,2934,2921,2905,-1,2934,2905,2918,-1,2935,2922,2906,-1,2935,2906,2919,-1,2936,2907,2920,-1,2936,2923,2907,-1,2937,2908,2921,-1,2937,2924,2908,-1,2938,2909,2922,-1,2938,2925,2909,-1,2939,2910,2923,-1,2939,2926,2910,-1,2940,2667,2666,-1,2940,2666,2665,-1,2941,2911,2925,-1,2941,2927,2911,-1,2942,2928,2912,-1,2942,2912,2926,-1,2943,2929,2913,-1,2943,2913,845,-1,2943,845,847,-1,2943,847,849,-1,2944,2914,2927,-1,2944,2930,2914,-1,2945,2915,2928,-1,2945,2931,2915,-1,2946,2932,2916,-1,2946,2916,2929,-1,2947,2933,2917,-1,2947,2917,2930,-1,2948,2934,2918,-1,2948,2918,2931,-1,2949,2919,2932,-1,2949,2935,2919,-1,2950,2936,2920,-1,2950,2920,2933,-1,2951,2937,2921,-1,2951,2921,2934,-1,2952,2922,2935,-1,2952,2938,2922,-1,2953,2939,2923,-1,2953,2923,2936,-1,2954,2667,2940,-1,2954,2665,2924,-1,2954,2924,2937,-1,2954,2940,2665,-1,2955,2941,2925,-1,2955,2925,2938,-1,2956,2926,2939,-1,2956,2942,2926,-1,2957,2944,2927,-1,2957,2927,2941,-1,2958,2928,2942,-1,2958,2945,2928,-1,2959,2943,849,-1,2959,2929,2943,-1,2959,2946,2929,-1,2959,849,851,-1,2960,2947,2930,-1,2960,2930,2944,-1,2961,2948,2931,-1,2961,2931,2945,-1,2962,2932,2946,-1,2962,2949,2932,-1,2963,2933,2947,-1,2963,2950,2933,-1,2964,2951,2934,-1,2964,2934,2948,-1,2965,2935,2949,-1,2965,2952,2935,-1,2966,2953,2936,-1,2966,2936,2950,-1,2967,2954,2937,-1,2967,2937,2951,-1,2968,2938,2952,-1,2968,2955,2938,-1,2969,2956,2939,-1,2969,2939,2953,-1,2970,2668,2667,-1,2970,2667,2954,-1,2971,2957,2941,-1,2971,2941,2955,-1,2972,2958,2942,-1,2972,2942,2956,-1,2973,2944,2957,-1,2973,2960,2944,-1,2974,2945,2958,-1,2974,2961,2945,-1,2975,2946,2959,-1,2975,2962,2946,-1,2976,2947,2960,-1,2976,2963,2947,-1,2977,2948,2961,-1,2977,2964,2948,-1,2978,2949,2962,-1,2978,2965,2949,-1,2979,2950,2963,-1,2979,2966,2950,-1,2980,2951,2964,-1,2980,2967,2951,-1,2981,2952,2965,-1,2981,2968,2952,-1,2982,2953,2966,-1,2982,2969,2953,-1,2983,2954,2967,-1,2983,2970,2954,-1,2984,2955,2968,-1,2984,2971,2955,-1,2985,2956,2969,-1,2985,2972,2956,-1,2986,2669,2668,-1,2987,2973,2957,-1,2987,2957,2971,-1,2988,2958,2972,-1,2988,2974,2958,-1,2989,851,853,-1,2989,2959,851,-1,2989,2975,2959,-1,2990,2976,2960,-1,2990,2960,2973,-1,2991,2961,2974,-1,2991,2977,2961,-1,2992,2962,2975,-1,2992,2978,2962,-1,2993,2979,2963,-1,2993,2963,2976,-1,2994,2964,2977,-1,2994,2980,2964,-1,2995,2981,2965,-1,2995,2965,2978,-1,2996,2966,2979,-1,2996,2982,2966,-1,2997,2983,2967,-1,2997,2967,2980,-1,2998,2968,2981,-1,2998,2984,2968,-1,2999,2985,2969,-1,2999,2969,2982,-1,3000,2668,2970,-1,3000,2669,2986,-1,3000,2986,2668,-1,3000,2970,2983,-1,3001,2971,2984,-1,3001,2987,2971,-1,3002,2972,2985,-1,3002,2988,2972,-1,3003,2990,2973,-1,3003,2973,2987,-1,3004,2991,2974,-1,3004,2974,2988,-1,3005,2975,2989,-1,3005,853,855,-1,3005,2992,2975,-1,3005,855,857,-1,3005,2989,853,-1,3006,2993,2976,-1,3006,2976,2990,-1,3007,2994,2977,-1,3007,2977,2991,-1,3008,2995,2978,-1,3008,2978,2992,-1,3009,2979,2993,-1,3009,2996,2979,-1,3010,2980,2994,-1,3010,2997,2980,-1,3011,2998,2981,-1,3011,2981,2995,-1,3012,2999,2982,-1,3012,2982,2996,-1,3013,2983,2997,-1,3013,3000,2983,-1,3014,3001,2984,-1,3014,2984,2998,-1,3015,2985,2999,-1,3015,3002,2985,-1,3016,2671,2670,-1,3016,2670,2669,-1,3016,2669,3000,-1,3017,3003,2987,-1,3017,2987,3001,-1,3018,3004,2988,-1,3018,2988,3002,-1,3019,3006,2990,-1,3019,2990,3003,-1,3020,3007,2991,-1,3020,2991,3004,-1,3021,3008,2992,-1,3021,2992,3005,-1,3022,3009,2993,-1,3022,2993,3006,-1,3023,2994,3007,-1,3023,3010,2994,-1,3024,3011,2995,-1,3024,2995,3008,-1,3025,3012,2996,-1,3025,2996,3009,-1,3026,2997,3010,-1,3026,3013,2997,-1,3027,2998,3011,-1,3027,3014,2998,-1,3028,3015,2999,-1,3028,2999,3012,-1,3029,3016,3000,-1,3029,3000,3013,-1,3030,3017,3001,-1,3030,3001,3014,-1,3031,3002,3015,-1,3031,3018,3002,-1,3032,3003,3017,-1,3032,3019,3003,-1,3033,3020,3004,-1,3033,3004,3018,-1,3034,3021,3005,-1,3034,857,859,-1,3034,3005,857,-1,3035,3022,3006,-1,3035,3006,3019,-1,3036,3023,3007,-1,3036,3007,3020,-1,3037,3008,3021,-1,3037,3024,3008,-1,3038,3009,3022,-1,3038,3025,3009,-1,3039,3026,3010,-1,3039,3010,3023,-1,3040,3027,3011,-1,3040,3011,3024,-1,3041,3012,3025,-1,3041,3028,3012,-1,3042,3013,3026,-1,3042,3029,3013,-1,3043,3014,3027,-1,3043,3030,3014,-1,3044,3031,3015,-1,3044,3015,3028,-1,3045,2672,2671,-1,3045,2143,2672,-1,3045,3016,3029,-1,3045,2671,3016,-1,3045,2144,2143,-1,3046,3032,3017,-1,3046,3017,3030,-1,3047,3033,3018,-1,3047,3018,3031,-1,3048,3019,3032,-1,3048,3035,3019,-1,3049,3036,3020,-1,3049,3020,3033,-1,3050,3037,3021,-1,3050,859,861,-1,3050,861,863,-1,3050,3021,3034,-1,3050,3034,859,-1,3051,3038,3022,-1,3051,3022,3035,-1,3052,3039,3023,-1,3052,3023,3036,-1,3053,3024,3037,-1,3053,3040,3024,-1,3054,3025,3038,-1,3054,3041,3025,-1,3055,3042,3026,-1,3055,3026,3039,-1,3056,3027,3040,-1,3056,3043,3027,-1,3057,3028,3041,-1,3057,3044,3028,-1,3058,2144,3045,-1,3058,3029,3042,-1,3058,3045,3029,-1,3058,2145,2144,-1,3058,2146,2145,-1,3059,3046,3030,-1,3059,3030,3043,-1,3060,3047,3031,-1,3060,3031,3044,-1,3061,3048,3032,-1,3061,3032,3046,-1,3062,3049,3033,-1,3062,3033,3047,-1,3063,3035,3048,-1,3063,3051,3035,-1,3064,3036,3049,-1,3064,3052,3036,-1,3065,3053,3037,-1,3065,3037,3050,-1,3066,3038,3051,-1,3066,3054,3038,-1,3067,3039,3052,-1,3067,3055,3039,-1,3068,3056,3040,-1,3068,3040,3053,-1,3069,3041,3054,-1,3069,3057,3041,-1,3070,3058,3042,-1,3070,2146,3058,-1,3070,3042,3055,-1,3070,2147,2146,-1,3071,3059,3043,-1,3071,3043,3056,-1,3072,3060,3044,-1,3072,3044,3057,-1,3073,3061,3046,-1,3073,3046,3059,-1,3074,3047,3060,-1,3074,3062,3047,-1,3075,3048,3061,-1,3075,3063,3048,-1,3076,3049,3062,-1,3076,3064,3049,-1,3077,3050,863,-1,3077,863,865,-1,3077,3065,3050,-1,3078,3051,3063,-1,3078,3066,3051,-1,3079,3067,3052,-1,3079,3052,3064,-1,3080,3068,3053,-1,3080,3053,3065,-1,3081,3054,3066,-1,3081,3069,3054,-1,3082,3055,3067,-1,3082,2148,2147,-1,3082,2147,3070,-1,3082,3070,3055,-1,3083,3071,3056,-1,3083,3056,3068,-1,3084,3057,3069,-1,3084,3072,3057,-1,3085,3059,3071,-1,3085,3073,3059,-1,3086,3060,3072,-1,3086,3074,3060,-1,3087,3061,3073,-1,3087,3075,3061,-1,3088,3076,3062,-1,3088,3062,3074,-1,3089,3078,3063,-1,3089,3063,3075,-1,3090,3064,3076,-1,3090,3079,3064,-1,3091,3065,3077,-1,3091,3080,3065,-1,3091,865,867,-1,3091,3077,865,-1,3092,3081,3066,-1,3092,3066,3078,-1,3093,3082,3067,-1,3093,2149,2148,-1,3093,2150,2149,-1,3093,2148,3082,-1,3093,3067,3079,-1,3094,3068,3080,-1,3094,3083,3068,-1,3095,3069,3081,-1,3095,3084,3069,-1,3096,3085,3071,-1,3096,3071,3083,-1,3097,3086,3072,-1,3097,3072,3084,-1,3098,3073,3085,-1,3098,3087,3073,-1,3099,3088,3074,-1,3099,3074,3086,-1,3100,3089,3075,-1,3100,3075,3087,-1,3101,3090,3076,-1,3101,3076,3088,-1,3102,3092,3078,-1,3102,3078,3089,-1,3103,3093,3079,-1,3103,2150,3093,-1,3103,3079,3090,-1,3103,2151,2150,-1,3104,3094,3080,-1,3104,3080,3091,-1,3105,3095,3081,-1,3105,3081,3092,-1,3106,3083,3094,-1,3106,3096,3083,-1,3107,3084,3095,-1,3107,3097,3084,-1,3108,3098,3085,-1,3108,3085,3096,-1,3109,3086,3097,-1,3109,3099,3086,-1,3110,3100,3087,-1,3110,3087,3098,-1,3111,3088,3099,-1,3111,3101,3088,-1,3112,3089,3100,-1,3112,3102,3089,-1,3113,3090,3101,-1,3113,3103,3090,-1,3113,2151,3103,-1,3113,2152,2151,-1,3113,2153,2152,-1,3114,3104,3091,-1,3114,3091,867,-1,3114,867,869,-1,3114,869,871,-1,3115,3105,3092,-1,3115,3092,3102,-1,3116,3106,3094,-1,3116,3094,3104,-1,3117,3095,3105,-1,3117,3107,3095,-1,3118,3096,3106,-1,3118,3108,3096,-1,3119,3109,3097,-1,3119,3097,3107,-1,3120,3110,3098,-1,3120,3098,3108,-1,3121,3111,3099,-1,3121,3099,3109,-1,3122,3112,3100,-1,3122,3100,3110,-1,3123,2153,3113,-1,3123,3101,3111,-1,3123,3113,3101,-1,3123,2154,2153,-1,3124,3102,3112,-1,3124,3115,3102,-1,3125,3114,871,-1,3125,3116,3104,-1,3125,871,873,-1,3125,3104,3114,-1,3126,3105,3115,-1,3126,3117,3105,-1,3127,3106,3116,-1,3127,3118,3106,-1,3128,3119,3107,-1,3128,3107,3117,-1,3129,3108,3118,-1,3129,3120,3108,-1,3130,3121,3109,-1,3130,3109,3119,-1,3131,3122,3110,-1,3131,3110,3120,-1,3132,3123,3111,-1,3132,2154,3123,-1,3132,3111,3121,-1,3132,2155,2154,-1,3132,2156,2155,-1,3133,3112,3122,-1,3133,3124,3112,-1,3134,3126,3115,-1,3134,3115,3124,-1,3135,3127,3116,-1,3135,3116,3125,-1,3136,3128,3117,-1,3136,3117,3126,-1,3137,3129,3118,-1,3137,3118,3127,-1,3138,3130,3119,-1,3138,3119,3128,-1,3139,3131,3120,-1,3139,3120,3129,-1,3140,3132,3121,-1,3140,3121,3130,-1,3140,2156,3132,-1,3140,2157,2156,-1,3141,3122,3131,-1,3141,3133,3122,-1,3142,3134,3124,-1,3142,3124,3133,-1,3143,3135,3125,-1,3143,3125,873,-1,3143,873,875,-1,3143,875,877,-1,3144,3126,3134,-1,3144,3136,3126,-1,3145,3127,3135,-1,3145,3137,3127,-1,3146,3128,3136,-1,3146,3138,3128,-1,3147,3129,3137,-1,3147,3139,3129,-1,3148,3130,3138,-1,3148,2158,2157,-1,3148,2159,2158,-1,3148,2157,3140,-1,3148,3140,3130,-1,3149,3141,3131,-1,3149,3131,3139,-1,3150,3142,3133,-1,3150,3133,3141,-1,3151,3134,3142,-1,3151,3144,3134,-1,3152,877,879,-1,3152,3135,3143,-1,3152,3145,3135,-1,3152,3143,877,-1,3153,3136,3144,-1,3153,3146,3136,-1,3154,3147,3137,-1,3154,3137,3145,-1,3155,2159,3148,-1,3155,3138,3146,-1,3155,3148,3138,-1,3155,2160,2159,-1,3156,3149,3139,-1,3156,3139,3147,-1,3157,3141,3149,-1,3157,3150,3141,-1,3158,3151,3142,-1,3158,3142,3150,-1,3159,3153,3144,-1,3159,3144,3151,-1,3160,3145,3152,-1,3160,3154,3145,-1,3161,3155,3146,-1,3161,2160,3155,-1,3161,3146,3153,-1,3161,2161,2160,-1,3162,3147,3154,-1,3162,3156,3147,-1,3163,3149,3156,-1,3163,3157,3149,-1,3164,3150,3157,-1,3164,3158,3150,-1,3165,3159,3151,-1,3165,3151,3158,-1,3166,3152,879,-1,3166,3160,3152,-1,3166,879,881,-1,3167,3153,3159,-1,3167,3161,3153,-1,3167,2161,3161,-1,3167,2162,2161,-1,3167,2163,2162,-1,3168,3162,3154,-1,3168,3154,3160,-1,3169,3156,3162,-1,3169,3163,3156,-1,3170,3157,3163,-1,3170,3164,3157,-1,3171,3165,3158,-1,3171,3158,3164,-1,3172,3167,3159,-1,3172,3159,3165,-1,3172,2163,3167,-1,3172,2164,2163,-1,3173,3168,3160,-1,3173,881,883,-1,3173,883,885,-1,3173,3160,3166,-1,3173,3166,881,-1,3174,3162,3168,-1,3174,3169,3162,-1,3175,3163,3169,-1,3175,3170,3163,-1,3176,3171,3164,-1,3176,3164,3170,-1,3177,3172,3165,-1,3177,3165,3171,-1,3177,2164,3172,-1,3177,2165,2164,-1,3177,2166,2165,-1,3178,3168,3173,-1,3178,3174,3168,-1,3179,3169,3174,-1,3179,3175,3169,-1,3180,3176,3170,-1,3180,3170,3175,-1,3181,3177,3171,-1,3181,3171,3176,-1,3181,2167,2166,-1,3181,2166,3177,-1,3182,885,887,-1,3182,3173,885,-1,3182,3178,3173,-1,3183,3174,3178,-1,3183,3179,3174,-1,3184,3175,3179,-1,3184,3180,3175,-1,3185,2167,3181,-1,3185,3181,3176,-1,3185,3176,3180,-1,3185,2168,2167,-1,3185,2169,2168,-1,3186,3182,887,-1,3186,3178,3182,-1,3186,887,889,-1,3186,3183,3178,-1,3187,3184,3179,-1,3187,3179,3183,-1,3188,3180,3184,-1,3188,2169,3185,-1,3188,3185,3180,-1,3188,2170,2169,-1,3189,3183,3186,-1,3189,3187,3183,-1,3190,3184,3187,-1,3190,2170,3188,-1,3190,3188,3184,-1,3190,2171,2170,-1,3191,3186,889,-1,3191,889,891,-1,3191,891,893,-1,3191,3189,3186,-1,3192,3190,3187,-1,3192,3187,3189,-1,3192,2171,3190,-1,3192,2172,2171,-1,3192,2173,2172,-1,3193,2173,3192,-1,3193,3192,3189,-1,3193,3191,893,-1,3193,3189,3191,-1,3193,893,895,-1,3193,895,2174,-1,3193,2174,2173,-1,3194,760,759,-1,666,730,667,-1,3195,3196,3194,-1,3195,3194,759,-1,3197,759,758,-1,3197,758,757,-1,3197,3195,759,-1,3198,757,756,-1,3198,3197,757,-1,3199,3196,3195,-1,3199,3195,3197,-1,3199,3200,3196,-1,3199,3201,3200,-1,3202,756,755,-1,3202,755,754,-1,3202,3198,756,-1,3203,3199,3197,-1,3203,3197,3198,-1,3204,3201,3199,-1,3204,3205,3201,-1,3206,754,753,-1,3206,3202,754,-1,3207,3203,3198,-1,3207,3198,3202,-1,3208,3204,3199,-1,3208,3205,3204,-1,3208,3199,3203,-1,3209,753,752,-1,3209,3206,753,-1,3210,3207,3202,-1,3210,3202,3206,-1,3211,3203,3207,-1,3211,3208,3203,-1,3212,3205,3208,-1,3212,3213,3205,-1,3214,752,751,-1,3214,751,750,-1,3214,3209,752,-1,3215,3210,3206,-1,3215,3206,3209,-1,3216,3207,3210,-1,3216,3211,3207,-1,3217,3212,3208,-1,3217,3208,3211,-1,3218,3213,3212,-1,3218,3219,3213,-1,3218,3220,3219,-1,3221,750,749,-1,3221,3214,750,-1,3222,3215,3209,-1,3222,3209,3214,-1,3223,3210,3215,-1,3223,3216,3210,-1,3224,3217,3211,-1,3224,3211,3216,-1,3225,3220,3218,-1,3225,3212,3217,-1,3225,3218,3212,-1,3226,3221,749,-1,3226,749,748,-1,3226,748,747,-1,3227,3222,3214,-1,3227,3214,3221,-1,3228,3215,3222,-1,3228,3223,3215,-1,3229,3224,3216,-1,3229,3216,3223,-1,3230,3217,3224,-1,3230,3225,3217,-1,3231,3226,747,-1,3231,747,746,-1,3232,3220,3225,-1,3232,3233,3220,-1,3234,3227,3221,-1,3234,3221,3226,-1,3235,3222,3227,-1,3235,3228,3222,-1,3236,3223,3228,-1,3236,3229,3223,-1,3237,3230,3224,-1,3237,3224,3229,-1,3238,746,745,-1,3238,3231,746,-1,3239,3232,3225,-1,3239,3225,3230,-1,3240,3226,3231,-1,3240,3234,3226,-1,3241,3242,3233,-1,3241,3243,3242,-1,3244,3227,3234,-1,3244,3235,3227,-1,3245,3236,3228,-1,3245,3228,3235,-1,3246,3237,3229,-1,3246,3229,3236,-1,3247,3238,745,-1,3247,745,744,-1,3247,744,743,-1,3248,3230,3237,-1,3248,3239,3230,-1,3249,3231,3238,-1,3249,3240,3231,-1,3250,3232,3239,-1,3250,3233,3232,-1,3250,3241,3233,-1,3250,3243,3241,-1,3251,3234,3240,-1,3251,3244,3234,-1,3252,3245,3235,-1,3252,3235,3244,-1,3253,3236,3245,-1,3253,3246,3236,-1,3254,743,742,-1,3254,3247,743,-1,3255,3248,3237,-1,3255,3237,3246,-1,3256,3249,3238,-1,3256,3238,3247,-1,3257,3250,3239,-1,3257,3239,3248,-1,3258,3251,3240,-1,3258,3240,3249,-1,3259,3243,3250,-1,3259,3260,3243,-1,3261,3244,3251,-1,3261,3252,3244,-1,3262,3245,3252,-1,3262,3253,3245,-1,3263,3254,742,-1,3263,742,741,-1,3263,741,740,-1,3264,3255,3246,-1,3264,3246,3253,-1,3265,3256,3247,-1,3265,3247,3254,-1,3266,3257,3248,-1,3266,3248,3255,-1,3267,3258,3249,-1,3267,3249,3256,-1,3268,3250,3257,-1,3268,3259,3250,-1,3269,3251,3258,-1,3269,3261,3251,-1,3270,3271,3260,-1,3272,3252,3261,-1,3272,3262,3252,-1,3273,740,739,-1,3273,3263,740,-1,3274,3264,3253,-1,3274,3253,3262,-1,3275,3265,3254,-1,3275,3254,3263,-1,3276,3255,3264,-1,3276,3266,3255,-1,3277,3256,3265,-1,3277,3267,3256,-1,3278,3257,3266,-1,3278,3268,3257,-1,3279,3269,3258,-1,3279,3258,3267,-1,3280,3259,3268,-1,3280,3260,3259,-1,3280,3270,3260,-1,3280,3281,3271,-1,3280,3271,3270,-1,3282,3272,3261,-1,3282,3261,3269,-1,3283,739,738,-1,3283,738,737,-1,3283,3273,739,-1,3284,3262,3272,-1,3284,3274,3262,-1,3285,3275,3263,-1,3285,3263,3273,-1,3286,3264,3274,-1,3286,3276,3264,-1,3287,3265,3275,-1,3287,3277,3265,-1,3288,3266,3276,-1,3288,3278,3266,-1,3289,3267,3277,-1,3289,3279,3267,-1,3290,3268,3278,-1,3290,3280,3268,-1,3291,3282,3269,-1,3291,3269,3279,-1,3292,3281,3280,-1,3292,3293,3281,-1,3294,737,736,-1,3294,3283,737,-1,3295,3284,3272,-1,3295,3272,3282,-1,3296,3273,3283,-1,3296,3285,3273,-1,3297,3274,3284,-1,3297,3286,3274,-1,3298,3287,3275,-1,3298,3275,3285,-1,3299,3276,3286,-1,3299,3288,3276,-1,3300,3289,3277,-1,3300,3277,3287,-1,3301,3278,3288,-1,3301,3290,3278,-1,3302,3291,3279,-1,3302,3279,3289,-1,3303,3280,3290,-1,3303,3292,3280,-1,3304,736,735,-1,3304,3294,736,-1,3305,3282,3291,-1,3305,3295,3282,-1,3306,3296,3283,-1,3306,3283,3294,-1,3307,3284,3295,-1,3307,3297,3284,-1,3308,3298,3285,-1,3308,3285,3296,-1,3309,3299,3286,-1,3309,3286,3297,-1,3310,3287,3298,-1,3310,3300,3287,-1,3311,3288,3299,-1,3311,3301,3288,-1,3312,3289,3300,-1,3312,3302,3289,-1,3313,3290,3301,-1,3313,3303,3290,-1,3314,735,734,-1,3314,734,733,-1,3314,3304,735,-1,3315,3291,3302,-1,3315,3305,3291,-1,3316,3292,3303,-1,3316,3293,3292,-1,3316,3317,3293,-1,3318,3294,3304,-1,3318,3306,3294,-1,3319,3307,3295,-1,3319,3295,3305,-1,3320,3296,3306,-1,3320,3308,3296,-1,3321,3309,3297,-1,3321,3297,3307,-1,3322,3310,3298,-1,3322,3298,3308,-1,3323,3299,3309,-1,3323,3311,3299,-1,3324,3312,3300,-1,3324,3300,3310,-1,3325,3301,3311,-1,3325,3313,3301,-1,3326,733,732,-1,3326,3314,733,-1,3327,3302,3312,-1,3327,3315,3302,-1,3328,3303,3313,-1,3328,3316,3303,-1,3329,3318,3304,-1,3329,3304,3314,-1,3330,3305,3315,-1,3330,3319,3305,-1,3331,3317,3316,-1,3331,3332,3317,-1,3331,3333,3332,-1,3334,3320,3306,-1,3334,3306,3318,-1,3335,3307,3319,-1,3335,3321,3307,-1,3336,3308,3320,-1,3336,3322,3308,-1,3337,3323,3309,-1,3337,3309,3321,-1,3338,3310,3322,-1,3338,3324,3310,-1,3339,3311,3323,-1,3339,3325,3311,-1,3340,732,731,-1,3340,731,730,-1,3340,3326,732,-1,3341,3327,3312,-1,3341,3312,3324,-1,3342,3328,3313,-1,3342,3313,3325,-1,3343,3329,3314,-1,3343,3314,3326,-1,3344,3330,3315,-1,3344,3315,3327,-1,3345,3316,3328,-1,3345,3331,3316,-1,3346,3334,3318,-1,3346,3318,3329,-1,3347,3335,3319,-1,3347,3319,3330,-1,3348,3320,3334,-1,3348,3336,3320,-1,3349,3337,3321,-1,3349,3321,3335,-1,3350,3338,3322,-1,3350,3322,3336,-1,3351,3323,3337,-1,3351,3339,3323,-1,3352,666,668,-1,3352,730,666,-1,3352,3340,730,-1,3353,3324,3338,-1,3353,3341,3324,-1,3354,3325,3339,-1,3354,3342,3325,-1,3355,3326,3340,-1,3355,3343,3326,-1,3356,3327,3341,-1,3356,3344,3327,-1,3357,3328,3342,-1,3357,3345,3328,-1,3358,3329,3343,-1,3358,3346,3329,-1,3359,3330,3344,-1,3359,3347,3330,-1,3360,3333,3331,-1,3360,3361,3333,-1,3360,3331,3345,-1,3362,3348,3334,-1,3362,3334,3346,-1,3363,3335,3347,-1,3363,3349,3335,-1,3364,3336,3348,-1,3364,3350,3336,-1,3365,3351,3337,-1,3365,3337,3349,-1,3366,3353,3338,-1,3366,3338,3350,-1,3367,3354,3339,-1,3367,3339,3351,-1,3368,3352,668,-1,3368,3340,3352,-1,3368,3355,3340,-1,3368,668,669,-1,3368,669,670,-1,3369,3341,3353,-1,3369,3356,3341,-1,3370,3357,3342,-1,3370,3342,3354,-1,3371,3343,3355,-1,3371,3358,3343,-1,3372,3359,3344,-1,3372,3344,3356,-1,3373,3360,3345,-1,3373,3345,3357,-1,3374,3362,3346,-1,3374,3346,3358,-1,3375,3347,3359,-1,3375,3363,3347,-1,3376,3377,3361,-1,3376,3378,3377,-1,3379,3348,3362,-1,3379,3364,3348,-1,3380,3349,3363,-1,3380,3365,3349,-1,3381,3366,3350,-1,3381,3350,3364,-1,3382,3351,3365,-1,3382,3367,3351,-1,3383,3353,3366,-1,3383,3369,3353,-1,3384,3370,3354,-1,3384,3354,3367,-1,3385,3355,3368,-1,3385,3371,3355,-1,3386,3372,3356,-1,3386,3356,3369,-1,3387,3373,3357,-1,3387,3357,3370,-1,3388,3358,3371,-1,3388,3374,3358,-1,3389,3359,3372,-1,3389,3375,3359,-1,3390,3376,3361,-1,3390,3361,3360,-1,3390,3360,3373,-1,3390,3378,3376,-1,3391,3379,3362,-1,3391,3362,3374,-1,3392,3363,3375,-1,3392,3380,3363,-1,3393,3381,3364,-1,3393,3364,3379,-1,3394,3382,3365,-1,3394,3365,3380,-1,3395,3383,3366,-1,3395,3366,3381,-1,3396,3367,3382,-1,3396,3384,3367,-1,3397,670,671,-1,3397,3368,670,-1,3397,3385,3368,-1,3398,3369,3383,-1,3398,3386,3369,-1,3399,3387,3370,-1,3399,3370,3384,-1,3400,3388,3371,-1,3400,3371,3385,-1,3401,3372,3386,-1,3401,3389,3372,-1,3402,3390,3373,-1,3402,3373,3387,-1,3403,3391,3374,-1,3403,3374,3388,-1,3404,3392,3375,-1,3404,3375,3389,-1,3405,3378,3390,-1,3405,3406,3378,-1,3407,3393,3379,-1,3407,3379,3391,-1,3408,3394,3380,-1,3408,3380,3392,-1,3409,3381,3393,-1,3409,3395,3381,-1,3410,3396,3382,-1,3410,3382,3394,-1,3411,3383,3395,-1,3411,3398,3383,-1,3412,3384,3396,-1,3412,3399,3384,-1,3413,3397,671,-1,3413,3385,3397,-1,3413,3400,3385,-1,3413,671,672,-1,3414,3386,3398,-1,3414,3401,3386,-1,3415,3387,3399,-1,3415,3402,3387,-1,3416,3403,3388,-1,3416,3388,3400,-1,3417,3389,3401,-1,3417,3404,3389,-1,3418,3405,3390,-1,3418,3390,3402,-1,3419,3391,3403,-1,3419,3407,3391,-1,3420,3408,3392,-1,3420,3392,3404,-1,3421,3393,3407,-1,3421,3409,3393,-1,3422,3394,3408,-1,3422,3410,3394,-1,3423,3411,3395,-1,3423,3395,3409,-1,3424,3412,3396,-1,3424,3396,3410,-1,3425,3414,3398,-1,3425,3398,3411,-1,3426,3415,3399,-1,3426,3399,3412,-1,3427,3400,3413,-1,3427,3416,3400,-1,3428,3417,3401,-1,3428,3401,3414,-1,3429,3402,3415,-1,3429,3418,3402,-1,3430,3403,3416,-1,3430,3419,3403,-1,3431,3404,3417,-1,3431,3420,3404,-1,3432,3405,3418,-1,3432,3406,3405,-1,3432,3433,3406,-1,3432,3434,3433,-1,3435,3421,3407,-1,3435,3407,3419,-1,3436,3408,3420,-1,3436,3422,3408,-1,3437,3423,3409,-1,3437,3409,3421,-1,3438,3424,3410,-1,3438,3410,3422,-1,3439,3425,3411,-1,3439,3411,3423,-1,3440,3426,3412,-1,3440,3412,3424,-1,3441,3427,3413,-1,3441,672,673,-1,3441,673,674,-1,3441,3413,672,-1,3442,3428,3414,-1,3442,3414,3425,-1,3443,3429,3415,-1,3443,3415,3426,-1,3444,3416,3427,-1,3444,3430,3416,-1,3445,3431,3417,-1,3445,3417,3428,-1,3446,3432,3418,-1,3446,3418,3429,-1,3447,3419,3430,-1,3447,3435,3419,-1,3448,3436,3420,-1,3448,3420,3431,-1,3449,3434,3432,-1,3449,3450,3434,-1,3451,3421,3435,-1,3451,3437,3421,-1,3452,3422,3436,-1,3452,3438,3422,-1,3453,3439,3423,-1,3453,3423,3437,-1,3454,3424,3438,-1,3454,3440,3424,-1,3455,3425,3439,-1,3455,3442,3425,-1,3456,3426,3440,-1,3456,3443,3426,-1,3457,674,675,-1,3457,3441,674,-1,3457,3444,3427,-1,3457,3427,3441,-1,3458,3445,3428,-1,3458,3428,3442,-1,3459,3446,3429,-1,3459,3429,3443,-1,3460,3447,3430,-1,3460,3430,3444,-1,3461,3448,3431,-1,3461,3431,3445,-1,3462,3432,3446,-1,3462,3449,3432,-1,3462,3450,3449,-1,3463,3435,3447,-1,3463,3451,3435,-1,3464,3436,3448,-1,3464,3452,3436,-1,3465,3437,3451,-1,3465,3453,3437,-1,3466,3454,3438,-1,3466,3438,3452,-1,3467,3439,3453,-1,3467,3455,3439,-1,3468,3440,3454,-1,3468,3456,3440,-1,3469,3442,3455,-1,3469,3458,3442,-1,3470,3459,3443,-1,3470,3443,3456,-1,3471,3460,3444,-1,3471,3444,3457,-1,3472,3461,3445,-1,3472,3445,3458,-1,3473,3462,3446,-1,3473,3446,3459,-1,3474,3463,3447,-1,3474,3447,3460,-1,3475,3464,3448,-1,3475,3448,3461,-1,3476,3450,3462,-1,3476,3477,3450,-1,3478,3451,3463,-1,3478,3465,3451,-1,3479,3452,3464,-1,3479,3466,3452,-1,3480,3467,3453,-1,3480,3453,3465,-1,3481,3454,3466,-1,3481,3468,3454,-1,3482,3455,3467,-1,3482,3469,3455,-1,3483,3456,3468,-1,3483,3470,3456,-1,3484,3471,3457,-1,3484,675,676,-1,3484,676,677,-1,3484,3457,675,-1,3485,3472,3458,-1,3485,3458,3469,-1,3486,3473,3459,-1,3486,3459,3470,-1,3487,3460,3471,-1,3487,3474,3460,-1,3488,3461,3472,-1,3488,3475,3461,-1,3489,3462,3473,-1,3489,3476,3462,-1,3490,3478,3463,-1,3490,3463,3474,-1,3491,3464,3475,-1,3491,3479,3464,-1,3492,3465,3478,-1,3492,3480,3465,-1,3493,3481,3466,-1,3493,3466,3479,-1,3494,3482,3467,-1,3494,3467,3480,-1,3495,3468,3481,-1,3495,3483,3468,-1,3496,3469,3482,-1,3496,3485,3469,-1,3497,3486,3470,-1,3497,3470,3483,-1,3498,3487,3471,-1,3498,677,678,-1,3498,3484,677,-1,3498,3471,3484,-1,3499,3488,3472,-1,3499,3472,3485,-1,3500,3489,3473,-1,3500,3473,3486,-1,3501,3490,3474,-1,3501,3474,3487,-1,3502,3475,3488,-1,3502,3491,3475,-1,3503,3476,3489,-1,3503,3477,3476,-1,3503,3504,3477,-1,3503,3505,3504,-1,3506,3492,3478,-1,3506,3478,3490,-1,3507,3493,3479,-1,3507,3479,3491,-1,3508,3480,3492,-1,3508,3494,3480,-1,3509,3495,3481,-1,3509,3481,3493,-1,3510,3482,3494,-1,3510,3496,3482,-1,3511,3497,3483,-1,3511,3483,3495,-1,3512,3485,3496,-1,3512,3499,3485,-1,3513,3486,3497,-1,3513,3500,3486,-1,3514,3501,3487,-1,3514,3487,3498,-1,3515,3502,3488,-1,3515,3488,3499,-1,3516,3489,3500,-1,3516,3503,3489,-1,3516,3505,3503,-1,3517,3506,3490,-1,3517,3490,3501,-1,3518,3491,3502,-1,3518,3507,3491,-1,3519,3508,3492,-1,3519,3492,3506,-1,3520,3509,3493,-1,3520,3493,3507,-1,3521,3494,3508,-1,3521,3510,3494,-1,3522,3495,3509,-1,3522,3511,3495,-1,3523,3512,3496,-1,3523,3496,3510,-1,3524,3497,3511,-1,3524,3513,3497,-1,3525,3498,678,-1,3525,678,679,-1,3525,3514,3498,-1,3526,3499,3512,-1,3526,3515,3499,-1,3527,3500,3513,-1,3527,3516,3500,-1,3528,3517,3501,-1,3528,3501,3514,-1,3529,3518,3502,-1,3529,3502,3515,-1,3530,3519,3506,-1,3530,3506,3517,-1,3531,3507,3518,-1,3531,3520,3507,-1,3532,3508,3519,-1,3532,3521,3508,-1,3533,3509,3520,-1,3533,3522,3509,-1,3534,3523,3510,-1,3534,3510,3521,-1,3535,3524,3511,-1,3535,3511,3522,-1,3536,3526,3512,-1,3536,3512,3523,-1,3537,3527,3513,-1,3537,3513,3524,-1,3538,679,680,-1,3538,680,681,-1,3538,3528,3514,-1,3538,3525,679,-1,3538,3514,3525,-1,3539,3515,3526,-1,3539,3529,3515,-1,3540,3505,3516,-1,3540,3541,3505,-1,3540,3516,3527,-1,3540,3542,3541,-1,3543,3517,3528,-1,3543,3530,3517,-1,3544,3518,3529,-1,3544,3531,3518,-1,3545,3519,3530,-1,3545,3532,3519,-1,3546,3533,3520,-1,3546,3520,3531,-1,3547,3534,3521,-1,3547,3521,3532,-1,3548,3522,3533,-1,3548,3535,3522,-1,3549,3536,3523,-1,3549,3523,3534,-1,3550,3524,3535,-1,3550,3537,3524,-1,3551,3526,3536,-1,3551,3539,3526,-1,3552,3540,3527,-1,3552,3527,3537,-1,3552,3542,3540,-1,3553,3528,3538,-1,3553,3543,3528,-1,3554,3544,3529,-1,3554,3529,3539,-1,3555,3545,3530,-1,3555,3530,3543,-1,3556,3546,3531,-1,3556,3531,3544,-1,3557,3532,3545,-1,3557,3547,3532,-1,3558,3548,3533,-1,3558,3533,3546,-1,3559,3549,3534,-1,3559,3534,3547,-1,3560,3535,3548,-1,3560,3550,3535,-1,3561,3536,3549,-1,3561,3551,3536,-1,3562,3552,3537,-1,3562,3542,3552,-1,3562,3537,3550,-1,3563,3553,3538,-1,3563,681,682,-1,3563,3538,681,-1,3564,3539,3551,-1,3564,3554,3539,-1,3565,3555,3543,-1,3565,3543,3553,-1,3566,3544,3554,-1,3566,3556,3544,-1,3567,3545,3555,-1,3567,3557,3545,-1,3568,3546,3556,-1,3568,3558,3546,-1,3569,3547,3557,-1,3569,3559,3547,-1,3570,3548,3558,-1,3570,3560,3548,-1,3571,3561,3549,-1,3571,3549,3559,-1,3572,3550,3560,-1,3572,3562,3550,-1,3573,3551,3561,-1,3573,3564,3551,-1,3574,682,683,-1,3574,683,684,-1,3574,3553,3563,-1,3574,3563,682,-1,3574,3565,3553,-1,3575,3554,3564,-1,3575,3566,3554,-1,3576,3567,3555,-1,3576,3555,3565,-1,3577,3556,3566,-1,3577,3568,3556,-1,3578,3557,3567,-1,3578,3569,3557,-1,3579,3558,3568,-1,3579,3570,3558,-1,3580,3571,3559,-1,3580,3559,3569,-1,3581,3572,3560,-1,3581,3560,3570,-1,3582,3561,3571,-1,3582,3573,3561,-1,3583,3564,3573,-1,3583,3575,3564,-1,3584,3565,3574,-1,3584,3576,3565,-1,3585,3566,3575,-1,3585,3577,3566,-1,3586,3567,3576,-1,3586,3578,3567,-1,3587,3568,3577,-1,3587,3579,3568,-1,3588,3580,3569,-1,3588,3569,3578,-1,3589,3570,3579,-1,3589,3581,3570,-1,3590,3582,3571,-1,3590,3571,3580,-1,3591,3583,3573,-1,3591,3573,3582,-1,3592,684,685,-1,3592,3584,3574,-1,3592,3574,684,-1,3593,3575,3583,-1,3593,3585,3575,-1,3594,3576,3584,-1,3594,3586,3576,-1,3595,3577,3585,-1,3595,3587,3577,-1,3596,3578,3586,-1,3596,3588,3578,-1,3597,3579,3587,-1,3597,3589,3579,-1,3598,3580,3588,-1,3598,3590,3580,-1,3599,3562,3572,-1,3599,3572,3581,-1,3599,3581,3589,-1,3599,3542,3562,-1,3599,3600,3542,-1,3601,3582,3590,-1,3601,3591,3582,-1,3602,3583,3591,-1,3602,3593,3583,-1,3603,685,686,-1,3603,3594,3584,-1,3603,3592,685,-1,3603,3584,3592,-1,3604,3585,3593,-1,3604,3595,3585,-1,3605,3586,3594,-1,3605,3596,3586,-1,3606,3587,3595,-1,3606,3597,3587,-1,3607,3588,3596,-1,3607,3598,3588,-1,3608,3600,3599,-1,3608,3599,3589,-1,3608,3589,3597,-1,3609,3590,3598,-1,3609,3601,3590,-1,3610,3591,3601,-1,3610,3602,3591,-1,3611,3593,3602,-1,3611,3604,3593,-1,3612,3594,3603,-1,3612,3605,3594,-1,3613,3595,3604,-1,3613,3606,3595,-1,3614,3596,3605,-1,3614,3607,3596,-1,3615,3597,3606,-1,3615,3608,3597,-1,3615,3600,3608,-1,3616,3609,3598,-1,3616,3598,3607,-1,3617,3601,3609,-1,3617,3610,3601,-1,3618,3611,3602,-1,3618,3602,3610,-1,3619,3612,3603,-1,3619,686,687,-1,3619,687,688,-1,3619,3603,686,-1,3620,3613,3604,-1,3620,3604,3611,-1,3621,3614,3605,-1,3621,3605,3612,-1,3622,3606,3613,-1,3622,3615,3606,-1,3622,3600,3615,-1,3623,3616,3607,-1,3623,3607,3614,-1,3624,3609,3616,-1,3624,3617,3609,-1,3625,3618,3610,-1,3625,3610,3617,-1,3626,3620,3611,-1,3626,3611,3618,-1,3627,3612,3619,-1,3627,688,689,-1,3627,3619,688,-1,3627,3621,3612,-1,3628,3613,3620,-1,3628,3622,3613,-1,3628,3600,3622,-1,3629,3623,3614,-1,3629,3614,3621,-1,3630,3624,3616,-1,3630,3616,3623,-1,3631,3617,3624,-1,3631,3625,3617,-1,3632,3618,3625,-1,3632,3626,3618,-1,3633,3620,3626,-1,3633,3628,3620,-1,3633,3600,3628,-1,3634,3621,3627,-1,3634,3629,3621,-1,3635,3623,3629,-1,3635,3630,3623,-1,3636,3631,3624,-1,3636,3624,3630,-1,3637,3625,3631,-1,3637,3632,3625,-1,3638,3626,3632,-1,3638,3633,3626,-1,3638,697,3600,-1,3638,3600,3633,-1,3639,3634,3627,-1,3639,689,690,-1,3639,690,691,-1,3639,3627,689,-1,3640,3635,3629,-1,3640,3629,3634,-1,3641,3630,3635,-1,3641,3636,3630,-1,3642,3631,3636,-1,3642,3637,3631,-1,3643,3632,3637,-1,3643,3638,3632,-1,3643,697,3638,-1,3644,3639,691,-1,3644,3640,3634,-1,3644,3634,3639,-1,3644,691,692,-1,3645,3635,3640,-1,3645,3641,3635,-1,3646,3642,3636,-1,3646,3636,3641,-1,3647,3637,3642,-1,3647,3643,3637,-1,3647,697,3643,-1,3648,3645,3640,-1,3648,3640,3644,-1,3649,3641,3645,-1,3649,3646,3641,-1,3650,3647,3642,-1,3650,697,3647,-1,3650,3642,3646,-1,3651,3648,3644,-1,3651,3644,692,-1,3651,692,693,-1,3652,3649,3645,-1,3652,3645,3648,-1,3653,3650,3646,-1,3653,3646,3649,-1,3653,697,3650,-1,3654,3648,3651,-1,3654,3652,3648,-1,3654,3651,693,-1,3654,693,694,-1,3654,694,695,-1,3655,3649,3652,-1,3655,3653,3649,-1,3655,697,3653,-1,3656,3655,3652,-1,3656,3652,3654,-1,3656,697,3655,-1,3656,696,697,-1,3657,3656,3654,-1,3657,3654,695,-1,3657,695,696,-1,3657,696,3656,-1,3600,697,990,-1,3600,990,3658,-1,3542,3658,3659,-1,3542,3600,3658,-1,3541,3659,3660,-1,3541,3542,3659,-1,3505,3660,3661,-1,3505,3541,3660,-1,3504,3661,3662,-1,3504,3505,3661,-1,3477,3662,3663,-1,3477,3504,3662,-1,3450,3663,3664,-1,3450,3477,3663,-1,3434,3450,3664,-1,3434,3664,3665,-1,3433,3434,3665,-1,3433,3665,3666,-1,3406,3433,3666,-1,3406,3666,3667,-1,3378,3406,3667,-1,3378,3667,3668,-1,3377,3378,3668,-1,3377,3668,3669,-1,3361,3377,3669,-1,3361,3669,3670,-1,3333,3361,3670,-1,3333,3670,3671,-1,3332,3333,3671,-1,3332,3671,3672,-1,3317,3332,3672,-1,3317,3672,3673,-1,3293,3317,3673,-1,3293,3673,3674,-1,3281,3293,3674,-1,3281,3674,3675,-1,3271,3675,3676,-1,3271,3281,3675,-1,3260,3676,3677,-1,3260,3271,3676,-1,3243,3260,3677,-1,3243,3677,3678,-1,3242,3678,3679,-1,3242,3243,3678,-1,3233,3242,3679,-1,3233,3679,3680,-1,3220,3680,3681,-1,3220,3233,3680,-1,3219,3681,3682,-1,3219,3220,3681,-1,3213,3682,3683,-1,3213,3219,3682,-1,3205,3683,3684,-1,3205,3213,3683,-1,3201,3684,3685,-1,3201,3205,3684,-1,3200,3685,3686,-1,3200,3201,3685,-1,3196,3686,3687,-1,3196,3200,3686,-1,3194,3687,3688,-1,3194,3196,3687,-1,760,3688,3689,-1,760,3194,3688,-1,186,219,3690,-1,219,3691,3690,-1,219,165,3691,-1,112,145,151,-1,151,145,165,-1,165,145,3691,-1,145,91,3691,-1,38,71,77,-1,77,71,91,-1,3,760,17,-1,17,3689,71,-1,760,3689,17,-1,71,3689,91,-1,91,3689,3691,-1,3692,216,215,-1,3692,761,216,-1,3693,215,214,-1,3693,3692,215,-1,3694,214,213,-1,3694,3693,214,-1,3695,213,212,-1,3695,3694,213,-1,3696,212,211,-1,3696,3695,212,-1,3697,211,210,-1,3697,3696,211,-1,3698,210,209,-1,3698,3697,210,-1,3699,3698,209,-1,3699,209,208,-1,3700,3699,208,-1,3700,207,206,-1,3700,208,207,-1,3701,3700,206,-1,3702,3701,206,-1,3702,206,205,-1,3703,3702,205,-1,3703,205,204,-1,3704,204,203,-1,3704,3703,204,-1,3705,203,202,-1,3705,3704,203,-1,3706,202,201,-1,3706,3705,202,-1,3707,200,199,-1,3707,201,200,-1,3707,3706,201,-1,3708,3707,199,-1,3709,199,198,-1,3709,3708,199,-1,3710,197,196,-1,3710,198,197,-1,3710,3709,198,-1,3711,196,195,-1,3711,3710,196,-1,3712,195,194,-1,3712,3711,195,-1,3713,3712,194,-1,3714,194,193,-1,3714,3713,194,-1,3715,193,192,-1,3715,3714,193,-1,3716,192,191,-1,3716,3715,192,-1,3717,191,190,-1,3717,3716,191,-1,3718,190,189,-1,3718,3717,190,-1,3719,189,188,-1,3719,3718,189,-1,3720,188,185,-1,3720,3719,188,-1,3721,185,187,-1,3721,3720,185,-1,3690,187,186,-1,3690,3721,187,-1,1059,823,3722,-1,3688,3723,3689,-1,993,3658,990,-1,995,3658,993,-1,997,3658,995,-1,3724,1059,3722,-1,3724,1057,1059,-1,3725,3722,3726,-1,3725,3726,3727,-1,3725,3724,3722,-1,3728,3727,3729,-1,3728,3725,3727,-1,3730,1057,3724,-1,3730,3724,3725,-1,3730,1055,1057,-1,3731,3729,3732,-1,3731,3732,3733,-1,3731,3728,3729,-1,3734,3730,3725,-1,3734,3725,3728,-1,3735,1053,1055,-1,3735,1051,1053,-1,3735,1055,3730,-1,3736,3733,3737,-1,3736,3731,3733,-1,3738,3734,3728,-1,3738,3728,3731,-1,3739,3730,3734,-1,3739,3735,3730,-1,3740,3737,3741,-1,3740,3741,3742,-1,3740,3736,3737,-1,3743,3731,3736,-1,3743,3738,3731,-1,3744,3739,3734,-1,3744,3734,3738,-1,3745,3735,3739,-1,3745,1051,3735,-1,3745,1049,1051,-1,3746,3742,3747,-1,3746,3740,3742,-1,3748,3736,3740,-1,3748,3743,3736,-1,3749,3738,3743,-1,3749,3744,3738,-1,3750,3745,3739,-1,3750,3739,3744,-1,3751,1049,3745,-1,3751,1047,1049,-1,3751,1045,1047,-1,3752,3747,3753,-1,3752,3746,3747,-1,3754,3740,3746,-1,3754,3748,3740,-1,3755,3749,3743,-1,3755,3743,3748,-1,3756,3744,3749,-1,3756,3750,3744,-1,3757,3751,3745,-1,3757,3745,3750,-1,3758,3753,3759,-1,3758,3759,3760,-1,3758,3752,3753,-1,3761,3754,3746,-1,3761,3746,3752,-1,3762,3748,3754,-1,3762,3755,3748,-1,3763,3756,3749,-1,3763,3749,3755,-1,3764,3757,3750,-1,3764,3750,3756,-1,3765,3760,3766,-1,3765,3758,3760,-1,3767,1043,1045,-1,3767,1045,3751,-1,3767,3751,3757,-1,3768,3761,3752,-1,3768,3752,3758,-1,3769,3762,3754,-1,3769,3754,3761,-1,3770,3755,3762,-1,3770,3763,3755,-1,3771,3764,3756,-1,3771,3756,3763,-1,3772,3766,3773,-1,3772,3773,3774,-1,3772,3765,3766,-1,3775,3757,3764,-1,3775,3767,3757,-1,3776,3768,3758,-1,3776,3758,3765,-1,3777,1043,3767,-1,3777,1041,1043,-1,3778,3761,3768,-1,3778,3769,3761,-1,3779,3762,3769,-1,3779,3770,3762,-1,3780,3771,3763,-1,3780,3763,3770,-1,3781,3774,3782,-1,3781,3772,3774,-1,3783,3764,3771,-1,3783,3775,3764,-1,3784,3765,3772,-1,3784,3776,3765,-1,3785,3777,3767,-1,3785,3767,3775,-1,3786,3768,3776,-1,3786,3778,3768,-1,3787,3779,3769,-1,3787,3769,3778,-1,3788,3780,3770,-1,3788,3770,3779,-1,3789,3782,3790,-1,3789,3790,3791,-1,3789,3781,3782,-1,3792,3783,3771,-1,3792,3771,3780,-1,3793,3784,3772,-1,3793,3772,3781,-1,3794,3785,3775,-1,3794,3775,3783,-1,3795,3776,3784,-1,3795,3786,3776,-1,3796,1041,3777,-1,3796,3777,3785,-1,3796,1039,1041,-1,3796,1037,1039,-1,3797,3787,3778,-1,3797,3778,3786,-1,3798,3779,3787,-1,3798,3788,3779,-1,3799,3791,3800,-1,3799,3789,3791,-1,3801,3792,3780,-1,3801,3780,3788,-1,3802,3793,3781,-1,3802,3781,3789,-1,3803,3783,3792,-1,3803,3794,3783,-1,3804,3795,3784,-1,3804,3784,3793,-1,3805,3796,3785,-1,3805,3785,3794,-1,3806,3797,3786,-1,3806,3786,3795,-1,3807,1037,3796,-1,3807,1035,1037,-1,3808,3787,3797,-1,3808,3798,3787,-1,3809,3800,3810,-1,3809,3810,3811,-1,3809,3799,3800,-1,3812,3801,3788,-1,3812,3788,3798,-1,3813,3789,3799,-1,3813,3802,3789,-1,3814,3803,3792,-1,3814,3792,3801,-1,3815,3793,3802,-1,3815,3804,3793,-1,3816,3794,3803,-1,3816,3805,3794,-1,3817,3806,3795,-1,3817,3795,3804,-1,3818,3807,3796,-1,3818,3796,3805,-1,3819,3797,3806,-1,3819,3808,3797,-1,3820,3811,3821,-1,3820,3809,3811,-1,3822,3798,3808,-1,3822,3812,3798,-1,3823,3813,3799,-1,3823,3799,3809,-1,3824,3801,3812,-1,3824,3814,3801,-1,3825,3802,3813,-1,3825,3815,3802,-1,3826,3816,3803,-1,3826,3803,3814,-1,3827,3817,3804,-1,3827,3804,3815,-1,3828,3818,3805,-1,3828,3805,3816,-1,3829,3806,3817,-1,3829,3819,3806,-1,3830,3807,3818,-1,3830,1033,1035,-1,3830,1031,1033,-1,3830,1035,3807,-1,3831,3821,3832,-1,3831,3820,3821,-1,3833,3808,3819,-1,3833,3822,3808,-1,3834,3823,3809,-1,3834,3809,3820,-1,3835,3812,3822,-1,3835,3824,3812,-1,3836,3825,3813,-1,3836,3813,3823,-1,3837,3814,3824,-1,3837,3826,3814,-1,3838,3827,3815,-1,3838,3815,3825,-1,3839,3828,3816,-1,3839,3816,3826,-1,3840,3817,3827,-1,3840,3829,3817,-1,3841,3818,3828,-1,3841,3830,3818,-1,3842,3832,3843,-1,3842,3843,3844,-1,3842,3831,3832,-1,3845,3833,3819,-1,3845,3819,3829,-1,3846,1031,3830,-1,3846,1029,1031,-1,3847,3834,3820,-1,3847,3820,3831,-1,3848,3822,3833,-1,3848,3835,3822,-1,3849,3836,3823,-1,3849,3823,3834,-1,3850,3824,3835,-1,3850,3837,3824,-1,3851,3838,3825,-1,3851,3825,3836,-1,3852,3839,3826,-1,3852,3826,3837,-1,3853,3840,3827,-1,3853,3827,3838,-1,3854,3828,3839,-1,3854,3841,3828,-1,3855,3844,3856,-1,3855,3842,3844,-1,3857,3829,3840,-1,3857,3845,3829,-1,3858,3830,3841,-1,3858,3846,3830,-1,3859,3831,3842,-1,3859,3847,3831,-1,3860,3833,3845,-1,3860,3848,3833,-1,3861,3834,3847,-1,3861,3849,3834,-1,3862,3835,3848,-1,3862,3850,3835,-1,3863,3836,3849,-1,3863,3851,3836,-1,3864,3852,3837,-1,3864,3837,3850,-1,3865,3853,3838,-1,3865,3838,3851,-1,3866,3839,3852,-1,3866,3854,3839,-1,3867,3855,3856,-1,3867,3856,3868,-1,3867,3868,3869,-1,3870,3840,3853,-1,3870,3857,3840,-1,3871,3841,3854,-1,3871,3858,3841,-1,3872,3842,3855,-1,3872,3859,3842,-1,3873,3845,3857,-1,3873,3860,3845,-1,3874,1027,1029,-1,3874,3846,3858,-1,3874,1029,3846,-1,3875,3861,3847,-1,3875,3847,3859,-1,3876,3848,3860,-1,3876,3862,3848,-1,3877,3849,3861,-1,3877,3863,3849,-1,3878,3864,3850,-1,3878,3850,3862,-1,3879,3851,3863,-1,3879,3865,3851,-1,3880,3852,3864,-1,3880,3866,3852,-1,3881,3869,3882,-1,3881,3867,3869,-1,3883,3853,3865,-1,3883,3870,3853,-1,3884,3871,3854,-1,3884,3854,3866,-1,3885,3855,3867,-1,3885,3872,3855,-1,3886,3873,3857,-1,3886,3857,3870,-1,3887,3874,3858,-1,3887,3858,3871,-1,3888,3859,3872,-1,3888,3875,3859,-1,3889,3860,3873,-1,3889,3876,3860,-1,3890,1027,3874,-1,3890,1025,1027,-1,3890,1023,1025,-1,3891,3877,3861,-1,3891,3861,3875,-1,3892,3878,3862,-1,3892,3862,3876,-1,3893,3879,3863,-1,3893,3863,3877,-1,3894,3864,3878,-1,3894,3880,3864,-1,3895,3882,3896,-1,3895,3896,3723,-1,3895,3881,3882,-1,3897,3883,3865,-1,3897,3865,3879,-1,3898,3866,3880,-1,3898,3884,3866,-1,3899,3885,3867,-1,3899,3867,3881,-1,3900,3870,3883,-1,3900,3886,3870,-1,3901,3887,3871,-1,3901,3871,3884,-1,3902,3888,3872,-1,3902,3872,3885,-1,3903,3889,3873,-1,3903,3873,3886,-1,3904,3874,3887,-1,3904,3890,3874,-1,3905,3891,3875,-1,3905,3875,3888,-1,3906,3892,3876,-1,3906,3876,3889,-1,3907,3877,3891,-1,3907,3893,3877,-1,3908,3878,3892,-1,3908,3894,3878,-1,3909,3688,3687,-1,3909,3723,3688,-1,3909,3895,3723,-1,3910,3879,3893,-1,3910,3897,3879,-1,3911,3880,3894,-1,3911,3898,3880,-1,3912,3881,3895,-1,3912,3899,3881,-1,3913,3900,3883,-1,3913,3883,3897,-1,3914,3901,3884,-1,3914,3884,3898,-1,3915,3902,3885,-1,3915,3885,3899,-1,3916,3886,3900,-1,3916,3903,3886,-1,3917,3887,3901,-1,3917,3904,3887,-1,3918,3905,3888,-1,3918,3888,3902,-1,3919,3906,3889,-1,3919,3889,3903,-1,3920,1023,3890,-1,3920,3890,3904,-1,3920,1021,1023,-1,3921,3891,3905,-1,3921,3907,3891,-1,3922,3892,3906,-1,3922,3908,3892,-1,3923,3910,3893,-1,3923,3893,3907,-1,3924,3894,3908,-1,3924,3911,3894,-1,3925,3912,3895,-1,3925,3687,3686,-1,3925,3909,3687,-1,3925,3895,3909,-1,3926,3913,3897,-1,3926,3897,3910,-1,3927,3914,3898,-1,3927,3898,3911,-1,3928,3899,3912,-1,3928,3915,3899,-1,3929,3916,3900,-1,3929,3900,3913,-1,3930,3901,3914,-1,3930,3917,3901,-1,3931,3918,3902,-1,3931,3902,3915,-1,3932,3919,3903,-1,3932,3903,3916,-1,3933,3920,3904,-1,3933,3904,3917,-1,3934,3921,3905,-1,3934,3905,3918,-1,3935,3906,3919,-1,3935,3922,3906,-1,3936,1019,1021,-1,3936,1017,1019,-1,3936,1021,3920,-1,3937,3923,3907,-1,3937,3907,3921,-1,3938,3908,3922,-1,3938,3924,3908,-1,3939,3926,3910,-1,3939,3910,3923,-1,3940,3927,3911,-1,3940,3911,3924,-1,3941,3928,3912,-1,3941,3912,3925,-1,3942,3913,3926,-1,3942,3929,3913,-1,3943,3930,3914,-1,3943,3914,3927,-1,3944,3915,3928,-1,3944,3931,3915,-1,3945,3932,3916,-1,3945,3916,3929,-1,3946,3917,3930,-1,3946,3933,3917,-1,3947,3934,3918,-1,3947,3918,3931,-1,3948,3935,3919,-1,3948,3919,3932,-1,3949,3920,3933,-1,3949,3936,3920,-1,3950,3937,3921,-1,3950,3921,3934,-1,3951,3922,3935,-1,3951,3938,3922,-1,3952,3939,3923,-1,3952,3923,3937,-1,3953,3940,3924,-1,3953,3924,3938,-1,3954,3925,3686,-1,3954,3686,3685,-1,3954,3685,3684,-1,3954,3941,3925,-1,3955,3942,3926,-1,3955,3926,3939,-1,3956,3927,3940,-1,3956,3943,3927,-1,3957,3944,3928,-1,3957,3928,3941,-1,3958,3929,3942,-1,3958,3945,3929,-1,3959,3930,3943,-1,3959,3946,3930,-1,3960,3931,3944,-1,3960,3947,3931,-1,3961,3932,3945,-1,3961,3948,3932,-1,3962,3933,3946,-1,3962,3949,3933,-1,3963,3934,3947,-1,3963,3950,3934,-1,3964,3951,3935,-1,3964,3935,3948,-1,3965,3936,3949,-1,3965,1017,3936,-1,3965,1015,1017,-1,3966,3937,3950,-1,3966,3952,3937,-1,3967,3938,3951,-1,3967,3953,3938,-1,3968,3939,3952,-1,3968,3955,3939,-1,3969,3940,3953,-1,3969,3956,3940,-1,3970,3957,3941,-1,3970,3684,3683,-1,3970,3954,3684,-1,3970,3941,3954,-1,3971,3942,3955,-1,3971,3958,3942,-1,3972,3943,3956,-1,3972,3959,3943,-1,3973,3944,3957,-1,3973,3960,3944,-1,3974,3945,3958,-1,3974,3961,3945,-1,3975,3962,3946,-1,3975,3946,3959,-1,3976,3963,3947,-1,3976,3947,3960,-1,3977,3948,3961,-1,3977,3964,3948,-1,3978,3965,3949,-1,3978,3949,3962,-1,3979,3950,3963,-1,3979,3966,3950,-1,3980,3967,3951,-1,3980,3951,3964,-1,3981,1015,3965,-1,3981,1013,1015,-1,3982,3952,3966,-1,3982,3968,3952,-1,3983,3953,3967,-1,3983,3969,3953,-1,3984,3955,3968,-1,3984,3971,3955,-1,3985,3972,3956,-1,3985,3956,3969,-1,3986,3957,3970,-1,3986,3973,3957,-1,3987,3958,3971,-1,3987,3974,3958,-1,3988,3975,3959,-1,3988,3959,3972,-1,3989,3976,3960,-1,3989,3960,3973,-1,3990,3977,3961,-1,3990,3961,3974,-1,3991,3962,3975,-1,3991,3978,3962,-1,3992,3963,3976,-1,3992,3979,3963,-1,3993,3980,3964,-1,3993,3964,3977,-1,3994,3981,3965,-1,3994,3965,3978,-1,3995,3982,3966,-1,3995,3966,3979,-1,3996,3967,3980,-1,3996,3983,3967,-1,3997,3968,3982,-1,3997,3984,3968,-1,3998,3969,3983,-1,3998,3985,3969,-1,3999,3683,3682,-1,3999,3970,3683,-1,3999,3682,3681,-1,3999,3986,3970,-1,4000,3971,3984,-1,4000,3987,3971,-1,4001,3988,3972,-1,4001,3972,3985,-1,4002,3973,3986,-1,4002,3989,3973,-1,4003,3990,3974,-1,4003,3974,3987,-1,4004,3975,3988,-1,4004,3991,3975,-1,4005,3976,3989,-1,4005,3992,3976,-1,4006,3993,3977,-1,4006,3977,3990,-1,4007,3994,3978,-1,4007,3978,3991,-1,4008,3979,3992,-1,4008,3995,3979,-1,4009,3980,3993,-1,4009,3996,3980,-1,4010,1013,3981,-1,4010,3981,3994,-1,4010,1011,1013,-1,4010,1009,1011,-1,4011,3982,3995,-1,4011,3997,3982,-1,4012,3983,3996,-1,4012,3998,3983,-1,4013,3984,3997,-1,4013,4000,3984,-1,4014,4001,3985,-1,4014,3985,3998,-1,4015,3999,3681,-1,4015,3986,3999,-1,4015,3681,3680,-1,4015,4002,3986,-1,4016,4003,3987,-1,4016,3987,4000,-1,4017,3988,4001,-1,4017,4004,3988,-1,4018,4005,3989,-1,4018,3989,4002,-1,4019,3990,4003,-1,4019,4006,3990,-1,4020,4007,3991,-1,4020,3991,4004,-1,4021,3992,4005,-1,4021,4008,3992,-1,4022,3993,4006,-1,4022,4009,3993,-1,4023,4010,3994,-1,4023,3994,4007,-1,4024,4011,3995,-1,4024,3995,4008,-1,4025,3996,4009,-1,4025,4012,3996,-1,4026,1009,4010,-1,4026,1007,1009,-1,4027,3997,4011,-1,4027,4013,3997,-1,4028,4014,3998,-1,4028,3998,4012,-1,4029,4016,4000,-1,4029,4000,4013,-1,4030,4001,4014,-1,4030,4017,4001,-1,4031,4002,4015,-1,4031,4018,4002,-1,4032,4003,4016,-1,4032,4019,4003,-1,4033,4020,4004,-1,4033,4004,4017,-1,4034,4021,4005,-1,4034,4005,4018,-1,4035,4006,4019,-1,4035,4022,4006,-1,4036,4023,4007,-1,4036,4007,4020,-1,4037,4024,4008,-1,4037,4008,4021,-1,4038,4025,4009,-1,4038,4009,4022,-1,4039,4010,4023,-1,4039,4026,4010,-1,4040,4011,4024,-1,4040,4027,4011,-1,4041,4028,4012,-1,4041,4012,4025,-1,4042,4029,4013,-1,4042,4013,4027,-1,4043,4014,4028,-1,4043,4030,4014,-1,4044,4031,4015,-1,4044,3680,3679,-1,4044,4015,3680,-1,4045,4032,4016,-1,4045,4016,4029,-1,4046,4017,4030,-1,4046,4033,4017,-1,4047,4018,4031,-1,4047,4034,4018,-1,4048,4019,4032,-1,4048,4035,4019,-1,4049,4020,4033,-1,4049,4036,4020,-1,4050,4037,4021,-1,4050,4021,4034,-1,4051,4038,4022,-1,4051,4022,4035,-1,4052,4039,4023,-1,4052,4023,4036,-1,4053,4024,4037,-1,4053,4040,4024,-1,4054,4025,4038,-1,4054,4041,4025,-1,4055,1007,4026,-1,4055,4026,4039,-1,4055,1005,1007,-1,4056,4027,4040,-1,4056,4042,4027,-1,4057,4028,4041,-1,4057,4043,4028,-1,4058,4045,4029,-1,4058,4029,4042,-1,4059,4030,4043,-1,4059,4046,4030,-1,4060,4047,4031,-1,4060,4031,4044,-1,4061,4048,4032,-1,4061,4032,4045,-1,4062,4033,4046,-1,4062,4049,4033,-1,4063,4034,4047,-1,4063,4050,4034,-1,4064,4035,4048,-1,4064,4051,4035,-1,4065,4036,4049,-1,4065,4052,4036,-1,4066,4053,4037,-1,4066,4037,4050,-1,4067,4054,4038,-1,4067,4038,4051,-1,4068,4039,4052,-1,4068,4055,4039,-1,4069,4040,4053,-1,4069,4056,4040,-1,4070,4041,4054,-1,4070,4057,4041,-1,4071,1005,4055,-1,4071,1003,1005,-1,4071,1001,1003,-1,4072,4058,4042,-1,4072,4042,4056,-1,4073,4043,4057,-1,4073,4059,4043,-1,4074,4060,4044,-1,4074,3679,3678,-1,4074,3678,3677,-1,4074,4044,3679,-1,4074,3677,4060,-1,4075,4045,4058,-1,4075,4061,4045,-1,4076,4062,4046,-1,4076,4046,4059,-1,4077,4047,4060,-1,4077,4063,4047,-1,4078,4064,4048,-1,4078,4048,4061,-1,4079,4065,4049,-1,4079,4049,4062,-1,4080,4050,4063,-1,4080,4066,4050,-1,4081,4051,4064,-1,4081,4067,4051,-1,4082,4052,4065,-1,4082,4068,4052,-1,4083,4053,4066,-1,4083,4069,4053,-1,4084,4070,4054,-1,4084,4054,4067,-1,4085,4055,4068,-1,4085,4071,4055,-1,4086,4072,4056,-1,4086,4056,4069,-1,4087,4073,4057,-1,4087,4057,4070,-1,4088,4058,4072,-1,4088,4075,4058,-1,4089,4059,4073,-1,4089,4076,4059,-1,4090,4077,4060,-1,4090,3677,3676,-1,4090,4060,3677,-1,4091,4061,4075,-1,4091,4078,4061,-1,4092,4062,4076,-1,4092,4079,4062,-1,4093,4080,4063,-1,4093,4063,4077,-1,4094,4064,4078,-1,4094,4081,4064,-1,4095,4082,4065,-1,4095,4065,4079,-1,4096,4066,4080,-1,4096,4083,4066,-1,4097,4084,4067,-1,4097,4067,4081,-1,4098,4068,4082,-1,4098,4085,4068,-1,4099,4069,4083,-1,4099,4086,4069,-1,4100,4087,4070,-1,4100,4070,4084,-1,4101,997,999,-1,4101,1001,4071,-1,4101,4071,4085,-1,4101,999,1001,-1,4102,4088,4072,-1,4102,4072,4086,-1,4103,4073,4087,-1,4103,4089,4073,-1,4104,4091,4075,-1,4104,4075,4088,-1,4105,4076,4089,-1,4105,4092,4076,-1,4106,4077,4090,-1,4106,4093,4077,-1,4107,4094,4078,-1,4107,4078,4091,-1,4108,4095,4079,-1,4108,4079,4092,-1,4109,4096,4080,-1,4109,4080,4093,-1,4110,4097,4081,-1,4110,4081,4094,-1,4111,4098,4082,-1,4111,4082,4095,-1,4112,4083,4096,-1,4112,4099,4083,-1,4113,4100,4084,-1,4113,4084,4097,-1,4114,997,4101,-1,4114,4085,4098,-1,4114,4101,4085,-1,4115,4086,4099,-1,4115,4102,4086,-1,4116,4103,4087,-1,4116,4087,4100,-1,4117,4104,4088,-1,4117,4088,4102,-1,4118,4105,4089,-1,4118,4089,4103,-1,4119,4106,4090,-1,4119,3676,3675,-1,4119,3675,3674,-1,4119,4090,3676,-1,4120,4107,4091,-1,4120,4091,4104,-1,4121,4108,4092,-1,4121,4092,4105,-1,4122,4093,4106,-1,4122,4109,4093,-1,4123,4094,4107,-1,4123,4110,4094,-1,4124,4095,4108,-1,4124,4111,4095,-1,4125,4112,4096,-1,4125,4096,4109,-1,4126,4097,4110,-1,4126,4113,4097,-1,4127,4098,4111,-1,4127,997,4114,-1,4127,4114,4098,-1,4128,4099,4112,-1,4128,4115,4099,-1,4129,4116,4100,-1,4129,4100,4113,-1,4130,4117,4102,-1,4130,4102,4115,-1,4131,4103,4116,-1,4131,4118,4103,-1,4132,4120,4104,-1,4132,4104,4117,-1,4133,4105,4118,-1,4133,4121,4105,-1,4134,3674,3673,-1,4134,4122,4106,-1,4134,4106,4119,-1,4134,4119,3674,-1,4135,4123,4107,-1,4135,4107,4120,-1,4136,4124,4108,-1,4136,4108,4121,-1,4137,4125,4109,-1,4137,4109,4122,-1,4138,4126,4110,-1,4138,4110,4123,-1,4139,997,4127,-1,4139,4111,4124,-1,4139,4127,4111,-1,4140,4128,4112,-1,4140,4112,4125,-1,4141,4113,4126,-1,4141,4129,4113,-1,4142,4115,4128,-1,4142,4130,4115,-1,4143,4131,4116,-1,4143,4116,4129,-1,4144,4117,4130,-1,4144,4132,4117,-1,4145,4133,4118,-1,4145,4118,4131,-1,4146,4135,4120,-1,4146,4120,4132,-1,4147,4136,4121,-1,4147,4121,4133,-1,4148,4137,4122,-1,4148,4122,4134,-1,4149,4138,4123,-1,4149,4123,4135,-1,4150,997,4139,-1,4150,4139,4124,-1,4150,4124,4136,-1,4151,4140,4125,-1,4151,4125,4137,-1,4152,4126,4138,-1,4152,4141,4126,-1,4153,4128,4140,-1,4153,4142,4128,-1,4154,4143,4129,-1,4154,4129,4141,-1,4155,4144,4130,-1,4155,4130,4142,-1,4156,4145,4131,-1,4156,4131,4143,-1,4157,4132,4144,-1,4157,4146,4132,-1,4158,4133,4145,-1,4158,4147,4133,-1,4159,3673,3672,-1,4159,4134,3673,-1,4159,4148,4134,-1,4160,4149,4135,-1,4160,4135,4146,-1,4161,4136,4147,-1,4161,4150,4136,-1,4161,997,4150,-1,4162,4151,4137,-1,4162,4137,4148,-1,4163,4152,4138,-1,4163,4138,4149,-1,4164,4140,4151,-1,4164,4153,4140,-1,4165,4141,4152,-1,4165,4154,4141,-1,4166,4155,4142,-1,4166,4142,4153,-1,4167,4143,4154,-1,4167,4156,4143,-1,4168,4144,4155,-1,4168,4157,4144,-1,4169,4145,4156,-1,4169,4158,4145,-1,4170,4160,4146,-1,4170,4146,4157,-1,4171,4147,4158,-1,4171,4161,4147,-1,4171,997,4161,-1,4172,4159,3672,-1,4172,4162,4148,-1,4172,3672,3671,-1,4172,3671,3670,-1,4172,4148,4159,-1,4173,4163,4149,-1,4173,4149,4160,-1,4174,4151,4162,-1,4174,4164,4151,-1,4175,4165,4152,-1,4175,4152,4163,-1,4176,4153,4164,-1,4176,4166,4153,-1,4177,4154,4165,-1,4177,4167,4154,-1,4178,4155,4166,-1,4178,4168,4155,-1,4179,4169,4156,-1,4179,4156,4167,-1,4180,4170,4157,-1,4180,4157,4168,-1,4181,4171,4158,-1,4181,4158,4169,-1,4181,997,4171,-1,4182,4160,4170,-1,4182,4173,4160,-1,4183,4162,4172,-1,4183,4174,4162,-1,4184,4175,4163,-1,4184,4163,4173,-1,4185,4176,4164,-1,4185,4164,4174,-1,4186,4165,4175,-1,4186,4177,4165,-1,4187,4166,4176,-1,4187,4178,4166,-1,4188,4179,4167,-1,4188,4167,4177,-1,4189,4168,4178,-1,4189,4180,4168,-1,4190,997,4181,-1,4190,4169,4179,-1,4190,4181,4169,-1,4191,4170,4180,-1,4191,4182,4170,-1,4192,3670,3669,-1,4192,4172,3670,-1,4192,4183,4172,-1,4193,4173,4182,-1,4193,4184,4173,-1,4194,4185,4174,-1,4194,4174,4183,-1,4195,4175,4184,-1,4195,4186,4175,-1,4196,4176,4185,-1,4196,4187,4176,-1,4197,4177,4186,-1,4197,4188,4177,-1,4198,4178,4187,-1,4198,4189,4178,-1,4199,4179,4188,-1,4199,997,4190,-1,4199,4190,4179,-1,4200,4180,4189,-1,4200,4191,4180,-1,4201,4193,4182,-1,4201,4182,4191,-1,4202,4192,3669,-1,4202,4194,4183,-1,4202,4183,4192,-1,4203,4184,4193,-1,4203,4195,4184,-1,4204,4185,4194,-1,4204,4196,4185,-1,4205,4186,4195,-1,4205,4197,4186,-1,4206,4187,4196,-1,4206,4198,4187,-1,4207,4188,4197,-1,4207,997,4199,-1,4207,4199,4188,-1,4208,4189,4198,-1,4208,4200,4189,-1,4209,4201,4191,-1,4209,4191,4200,-1,4210,3669,3668,-1,4210,3668,3667,-1,4210,4202,3669,-1,4211,4203,4193,-1,4211,4193,4201,-1,4212,4204,4194,-1,4212,4194,4202,-1,4213,4195,4203,-1,4213,4205,4195,-1,4214,4206,4196,-1,4214,4196,4204,-1,4215,997,4207,-1,4215,4197,4205,-1,4215,4207,4197,-1,4216,4208,4198,-1,4216,4198,4206,-1,4217,4200,4208,-1,4217,4209,4200,-1,4218,4211,4201,-1,4218,4201,4209,-1,4219,4210,3667,-1,4219,4202,4210,-1,4219,3667,3666,-1,4219,4212,4202,-1,4220,4213,4203,-1,4220,4203,4211,-1,4221,4214,4204,-1,4221,4204,4212,-1,4222,4205,4213,-1,4222,997,4215,-1,4222,4215,4205,-1,4223,4216,4206,-1,4223,4206,4214,-1,4224,4208,4216,-1,4224,4217,4208,-1,4225,4209,4217,-1,4225,4218,4209,-1,4226,4220,4211,-1,4226,4211,4218,-1,4227,4212,4219,-1,4227,4221,4212,-1,4228,997,4222,-1,4228,4213,4220,-1,4228,4222,4213,-1,4229,4214,4221,-1,4229,4223,4214,-1,4230,4224,4216,-1,4230,4216,4223,-1,4231,4225,4217,-1,4231,4217,4224,-1,4232,4226,4218,-1,4232,4218,4225,-1,4233,4227,4219,-1,4233,3666,3665,-1,4233,4219,3666,-1,4234,4228,4220,-1,4234,997,4228,-1,4234,4220,4226,-1,4235,4221,4227,-1,4235,4229,4221,-1,4236,4223,4229,-1,4236,4230,4223,-1,4237,4224,4230,-1,4237,4231,4224,-1,4238,4225,4231,-1,4238,4232,4225,-1,4239,997,4234,-1,4239,4234,4226,-1,4239,4226,4232,-1,4240,4233,3665,-1,4240,4235,4227,-1,4240,4227,4233,-1,4241,4236,4229,-1,4241,4229,4235,-1,4242,4230,4236,-1,4242,4237,4230,-1,4243,4238,4231,-1,4243,4231,4237,-1,4244,997,4239,-1,4244,4239,4232,-1,4244,4232,4238,-1,4245,3665,3664,-1,4245,3664,3663,-1,4245,4240,3665,-1,4246,4235,4240,-1,4246,4241,4235,-1,4247,4242,4236,-1,4247,4236,4241,-1,4248,4237,4242,-1,4248,4243,4237,-1,4249,4244,4238,-1,4249,4238,4243,-1,4249,997,4244,-1,4250,4245,3663,-1,4250,4246,4240,-1,4250,4240,4245,-1,4251,4247,4241,-1,4251,4241,4246,-1,4252,4242,4247,-1,4252,4248,4242,-1,4253,4243,4248,-1,4253,997,4249,-1,4253,4249,4243,-1,4254,3663,3662,-1,4254,4250,3663,-1,4255,4246,4250,-1,4255,4251,4246,-1,4256,4247,4251,-1,4256,4252,4247,-1,4257,4253,4248,-1,4257,4248,4252,-1,4257,997,4253,-1,4258,4255,4250,-1,4258,4254,3662,-1,4258,4250,4254,-1,4259,4251,4255,-1,4259,4256,4251,-1,4260,4252,4256,-1,4260,4257,4252,-1,4260,997,4257,-1,4261,3662,3661,-1,4261,4258,3662,-1,4262,4255,4258,-1,4262,4259,4255,-1,4263,4256,4259,-1,4263,997,4260,-1,4263,4260,4256,-1,4264,4258,4261,-1,4264,4262,4258,-1,4265,4259,4262,-1,4265,997,4263,-1,4265,4263,4259,-1,4266,4261,3661,-1,4266,4264,4261,-1,4266,3661,3660,-1,4267,997,4265,-1,4267,4262,4264,-1,4267,4265,4262,-1,4268,997,4267,-1,4268,4267,4264,-1,4268,4264,4266,-1,4269,4266,3660,-1,4269,997,4268,-1,4269,4268,4266,-1,4269,3660,3659,-1,4270,3658,997,-1,4270,997,4269,-1,4270,4269,3659,-1,4271,3658,4270,-1,4271,4270,3659,-1,4272,3658,4271,-1,4272,4271,3659,-1,4273,3658,4272,-1,4273,4272,3659,-1,4274,3658,4273,-1,4274,4273,3659,-1,4274,3659,3658,-1,3691,3689,3723,-1,4275,3723,3896,-1,4275,3691,3723,-1,4276,3896,3882,-1,4276,4275,3896,-1,4277,3882,3869,-1,4277,4276,3882,-1,4278,3869,3868,-1,4278,4277,3869,-1,4279,3868,3856,-1,4279,4278,3868,-1,4280,3856,3844,-1,4280,4279,3856,-1,4281,4280,3844,-1,4281,3844,3843,-1,4282,4281,3843,-1,4282,3843,3832,-1,4283,4282,3832,-1,4283,3832,3821,-1,4284,4283,3821,-1,4284,3821,3811,-1,4285,4284,3811,-1,4285,3811,3810,-1,4286,4285,3810,-1,4286,3810,3800,-1,4287,4286,3800,-1,4287,3800,3791,-1,4288,4287,3791,-1,4288,3791,3790,-1,4289,4288,3790,-1,4289,3790,3782,-1,4290,4289,3782,-1,4290,3782,3774,-1,4291,4290,3774,-1,4291,3774,3773,-1,4292,4291,3773,-1,4292,3773,3766,-1,4293,3766,3760,-1,4293,4292,3766,-1,4294,4293,3760,-1,4294,3760,3759,-1,4295,4294,3759,-1,4295,3759,3753,-1,4296,3753,3747,-1,4296,4295,3753,-1,4297,3747,3742,-1,4297,4296,3747,-1,4298,4297,3742,-1,4299,3742,3741,-1,4299,4298,3742,-1,4300,3737,3733,-1,4300,3741,3737,-1,4300,4299,3741,-1,4301,4300,3733,-1,4302,3733,3732,-1,4302,4301,3733,-1,4303,3729,3727,-1,4303,3732,3729,-1,4303,4302,3732,-1,4304,3727,3726,-1,4304,4303,3727,-1,4305,4304,3726,-1,4306,3726,3722,-1,4306,4305,3726,-1,825,3722,823,-1,825,4306,3722,-1,3721,3690,4307,-1,761,3692,957,-1,4308,4309,4310,-1,4308,4311,4309,-1,4312,4313,4311,-1,4312,4314,4313,-1,4315,4310,4316,-1,4317,4308,4310,-1,4317,4310,4315,-1,4318,4311,4308,-1,4318,4312,4311,-1,4319,4320,4314,-1,4319,4314,4312,-1,4321,4315,4316,-1,4322,4317,4315,-1,4323,4318,4308,-1,4323,4308,4317,-1,4324,4319,4312,-1,4324,4312,4318,-1,4325,4326,4320,-1,4327,4321,4316,-1,4328,4315,4321,-1,4328,4322,4315,-1,4329,4323,4317,-1,4329,4317,4322,-1,4330,4324,4318,-1,4330,4318,4323,-1,4331,4319,4324,-1,4331,4325,4320,-1,4331,4320,4319,-1,4332,4327,4316,-1,4333,4321,4327,-1,4333,4328,4321,-1,4334,4329,4322,-1,4334,4322,4328,-1,4335,4323,4329,-1,4335,4330,4323,-1,4336,4324,4330,-1,4336,4331,4324,-1,4337,4332,4316,-1,4338,4339,4326,-1,4338,4340,4339,-1,4338,4326,4325,-1,4338,4325,4331,-1,4341,4333,4327,-1,4341,4327,4332,-1,4342,4334,4328,-1,4342,4328,4333,-1,4343,4329,4334,-1,4343,4335,4329,-1,4344,4330,4335,-1,4344,4336,4330,-1,4345,4337,4316,-1,4346,4331,4336,-1,4346,4338,4331,-1,4347,4332,4337,-1,4347,4341,4332,-1,4348,4349,4340,-1,4348,4340,4338,-1,4350,4333,4341,-1,4350,4342,4333,-1,4351,4343,4334,-1,4351,4334,4342,-1,4352,4344,4335,-1,4352,4335,4343,-1,4353,4345,4316,-1,4354,4346,4336,-1,4354,4336,4344,-1,4355,4337,4345,-1,4355,4347,4337,-1,4356,4348,4338,-1,4356,4338,4346,-1,4357,4341,4347,-1,4357,4350,4341,-1,4358,4359,4349,-1,4358,4360,4359,-1,4361,4342,4350,-1,4361,4351,4342,-1,4362,4352,4343,-1,4362,4343,4351,-1,4363,4353,4316,-1,4364,4344,4352,-1,4364,4354,4344,-1,4365,4345,4353,-1,4365,4355,4345,-1,4366,4346,4354,-1,4366,4356,4346,-1,4367,4347,4355,-1,4367,4357,4347,-1,4368,4360,4358,-1,4368,4358,4349,-1,4368,4349,4348,-1,4368,4348,4356,-1,4369,4361,4350,-1,4369,4350,4357,-1,4370,4351,4361,-1,4370,4362,4351,-1,4371,4316,898,-1,4371,4363,4316,-1,4372,4352,4362,-1,4372,4364,4352,-1,4373,4353,4363,-1,4373,4365,4353,-1,4374,4366,4354,-1,4374,4354,4364,-1,4375,4355,4365,-1,4375,4367,4355,-1,4376,4368,4356,-1,4376,4356,4366,-1,4377,4357,4367,-1,4377,4369,4357,-1,4378,4379,4360,-1,4378,4360,4368,-1,4380,4370,4361,-1,4380,4361,4369,-1,4381,4371,898,-1,4382,4362,4370,-1,4382,4372,4362,-1,4383,4363,4371,-1,4383,4373,4363,-1,4384,4374,4364,-1,4384,4364,4372,-1,4385,4375,4365,-1,4385,4365,4373,-1,4386,4366,4374,-1,4386,4376,4366,-1,4387,4377,4367,-1,4387,4367,4375,-1,4388,4368,4376,-1,4388,4378,4368,-1,4389,4380,4369,-1,4389,4369,4377,-1,4390,4391,4379,-1,4390,4392,4391,-1,4390,4379,4378,-1,4393,4381,898,-1,4394,4370,4380,-1,4394,4382,4370,-1,4395,4371,4381,-1,4395,4383,4371,-1,4396,4384,4372,-1,4396,4372,4382,-1,4397,4373,4383,-1,4397,4385,4373,-1,4398,4374,4384,-1,4398,4386,4374,-1,4399,4375,4385,-1,4399,4387,4375,-1,4400,4376,4386,-1,4400,4388,4376,-1,4401,4389,4377,-1,4401,4377,4387,-1,4402,4378,4388,-1,4402,4390,4378,-1,4403,4393,898,-1,4404,4394,4380,-1,4404,4380,4389,-1,4405,4395,4381,-1,4405,4381,4393,-1,4406,4382,4394,-1,4406,4396,4382,-1,4407,4397,4383,-1,4407,4383,4395,-1,4408,4398,4384,-1,4408,4384,4396,-1,4409,4385,4397,-1,4409,4399,4385,-1,4410,4400,4386,-1,4410,4386,4398,-1,4411,4401,4387,-1,4411,4387,4399,-1,4412,4402,4388,-1,4412,4388,4400,-1,4413,4403,898,-1,4414,4389,4401,-1,4414,4404,4389,-1,4415,4416,4392,-1,4415,4390,4402,-1,4415,4392,4390,-1,4417,4393,4403,-1,4417,4405,4393,-1,4418,4394,4404,-1,4418,4406,4394,-1,4419,4395,4405,-1,4419,4407,4395,-1,4420,4408,4396,-1,4420,4396,4406,-1,4421,4409,4397,-1,4421,4397,4407,-1,4422,4398,4408,-1,4422,4410,4398,-1,4423,4399,4409,-1,4423,4411,4399,-1,4424,4412,4400,-1,4424,4400,4410,-1,4425,4413,898,-1,4426,4401,4411,-1,4426,4414,4401,-1,4427,4402,4412,-1,4427,4415,4402,-1,4428,4417,4403,-1,4428,4403,4413,-1,4429,4404,4414,-1,4429,4418,4404,-1,4430,4431,4416,-1,4430,4416,4415,-1,4432,4405,4417,-1,4432,4419,4405,-1,4433,4406,4418,-1,4433,4420,4406,-1,4434,4421,4407,-1,4434,4407,4419,-1,4435,4422,4408,-1,4435,4408,4420,-1,4436,4423,4409,-1,4436,4409,4421,-1,4437,4424,4410,-1,4437,4410,4422,-1,4438,4425,898,-1,4438,898,899,-1,4439,4426,4411,-1,4439,4411,4423,-1,4440,4427,4412,-1,4440,4412,4424,-1,4441,4413,4425,-1,4441,4428,4413,-1,4442,4414,4426,-1,4442,4429,4414,-1,4443,4415,4427,-1,4443,4430,4415,-1,4444,4417,4428,-1,4444,4432,4417,-1,4445,4433,4418,-1,4445,4418,4429,-1,4446,4419,4432,-1,4446,4434,4419,-1,4447,4435,4420,-1,4447,4420,4433,-1,4448,4421,4434,-1,4448,4436,4421,-1,4449,4437,4422,-1,4449,4422,4435,-1,4450,4438,899,-1,4450,899,902,-1,4451,4423,4436,-1,4451,4439,4423,-1,4452,4440,4424,-1,4452,4424,4437,-1,4453,4441,4425,-1,4453,4425,4438,-1,4454,4426,4439,-1,4454,4442,4426,-1,4455,4427,4440,-1,4455,4443,4427,-1,4456,4444,4428,-1,4456,4428,4441,-1,4457,4445,4429,-1,4457,4429,4442,-1,4458,4431,4430,-1,4458,4459,4431,-1,4458,4460,4459,-1,4458,4430,4443,-1,4461,4432,4444,-1,4461,4446,4432,-1,4462,4447,4433,-1,4462,4433,4445,-1,4463,4434,4446,-1,4463,4448,4434,-1,4464,4435,4447,-1,4464,4449,4435,-1,4465,4451,4436,-1,4465,4436,4448,-1,4466,4452,4437,-1,4466,4437,4449,-1,4467,902,904,-1,4467,904,905,-1,4467,4438,4450,-1,4467,4450,902,-1,4467,4453,4438,-1,4468,4454,4439,-1,4468,4439,4451,-1,4469,4440,4452,-1,4469,4455,4440,-1,4470,4441,4453,-1,4470,4456,4441,-1,4471,4457,4442,-1,4471,4442,4454,-1,4472,4443,4455,-1,4472,4458,4443,-1,4473,4461,4444,-1,4473,4444,4456,-1,4474,4445,4457,-1,4474,4462,4445,-1,4475,4476,4460,-1,4475,4460,4458,-1,4477,4463,4446,-1,4477,4446,4461,-1,4478,4464,4447,-1,4478,4447,4462,-1,4479,4465,4448,-1,4479,4448,4463,-1,4480,4466,4449,-1,4480,4449,4464,-1,4481,4468,4451,-1,4481,4451,4465,-1,4482,4469,4452,-1,4482,4452,4466,-1,4483,4470,4453,-1,4483,4453,4467,-1,4484,4471,4454,-1,4484,4454,4468,-1,4485,4472,4455,-1,4485,4455,4469,-1,4486,4473,4456,-1,4486,4456,4470,-1,4487,4457,4471,-1,4487,4474,4457,-1,4488,4458,4472,-1,4488,4475,4458,-1,4489,4461,4473,-1,4489,4477,4461,-1,4490,4462,4474,-1,4490,4478,4462,-1,4491,4492,4476,-1,4491,4493,4492,-1,4494,4463,4477,-1,4494,4479,4463,-1,4495,4464,4478,-1,4495,4480,4464,-1,4496,4481,4465,-1,4496,4465,4479,-1,4497,4482,4466,-1,4497,4466,4480,-1,4498,4467,905,-1,4498,905,907,-1,4498,4483,4467,-1,4499,4484,4468,-1,4499,4468,4481,-1,4500,4485,4469,-1,4500,4469,4482,-1,4501,4486,4470,-1,4501,4470,4483,-1,4502,4471,4484,-1,4502,4487,4471,-1,4503,4488,4472,-1,4503,4472,4485,-1,4504,4489,4473,-1,4504,4473,4486,-1,4505,4490,4474,-1,4505,4474,4487,-1,4506,4491,4476,-1,4506,4475,4488,-1,4506,4493,4491,-1,4506,4476,4475,-1,4507,4494,4477,-1,4507,4477,4489,-1,4508,4478,4490,-1,4508,4495,4478,-1,4509,4479,4494,-1,4509,4496,4479,-1,4510,4480,4495,-1,4510,4497,4480,-1,4511,4481,4496,-1,4511,4499,4481,-1,4512,4482,4497,-1,4512,4500,4482,-1,4513,907,909,-1,4513,4498,907,-1,4513,4483,4498,-1,4513,4501,4483,-1,4514,4484,4499,-1,4514,4502,4484,-1,4515,4485,4500,-1,4515,4503,4485,-1,4516,4504,4486,-1,4516,4486,4501,-1,4517,4487,4502,-1,4517,4505,4487,-1,4518,4488,4503,-1,4518,4506,4488,-1,4519,4489,4504,-1,4519,4507,4489,-1,4520,4508,4490,-1,4520,4490,4505,-1,4521,4522,4493,-1,4521,4493,4506,-1,4523,4494,4507,-1,4523,4509,4494,-1,4524,4495,4508,-1,4524,4510,4495,-1,4525,4496,4509,-1,4525,4511,4496,-1,4526,4512,4497,-1,4526,4497,4510,-1,4527,4499,4511,-1,4527,4514,4499,-1,4528,4515,4500,-1,4528,4500,4512,-1,4529,4516,4501,-1,4529,4501,4513,-1,4530,4517,4502,-1,4530,4502,4514,-1,4531,4518,4503,-1,4531,4503,4515,-1,4532,4504,4516,-1,4532,4519,4504,-1,4533,4520,4505,-1,4533,4505,4517,-1,4534,4506,4518,-1,4534,4521,4506,-1,4535,4507,4519,-1,4535,4523,4507,-1,4536,4508,4520,-1,4536,4524,4508,-1,4537,4538,4522,-1,4537,4539,4538,-1,4540,4509,4523,-1,4540,4525,4509,-1,4541,4526,4510,-1,4541,4510,4524,-1,4542,4511,4525,-1,4542,4527,4511,-1,4543,4528,4512,-1,4543,4512,4526,-1,4544,4513,909,-1,4544,4529,4513,-1,4544,909,911,-1,4544,911,913,-1,4545,4530,4514,-1,4545,4514,4527,-1,4546,4515,4528,-1,4546,4531,4515,-1,4547,4516,4529,-1,4547,4532,4516,-1,4548,4517,4530,-1,4548,4533,4517,-1,4549,4518,4531,-1,4549,4534,4518,-1,4550,4535,4519,-1,4550,4519,4532,-1,4551,4536,4520,-1,4551,4520,4533,-1,4552,4522,4521,-1,4552,4521,4534,-1,4552,4537,4522,-1,4553,4523,4535,-1,4553,4540,4523,-1,4554,4524,4536,-1,4554,4541,4524,-1,4555,4542,4525,-1,4555,4525,4540,-1,4556,4543,4526,-1,4556,4526,4541,-1,4557,4545,4527,-1,4557,4527,4542,-1,4558,4546,4528,-1,4558,4528,4543,-1,4559,4529,4544,-1,4559,4544,913,-1,4559,913,915,-1,4559,4547,4529,-1,4560,4548,4530,-1,4560,4530,4545,-1,4561,4549,4531,-1,4561,4531,4546,-1,4562,4532,4547,-1,4562,4550,4532,-1,4563,4533,4548,-1,4563,4551,4533,-1,4564,4534,4549,-1,4564,4552,4534,-1,4565,4535,4550,-1,4565,4553,4535,-1,4566,4536,4551,-1,4566,4554,4536,-1,4567,4537,4552,-1,4567,4568,4539,-1,4567,4539,4537,-1,4569,4555,4540,-1,4569,4540,4553,-1,4570,4541,4554,-1,4570,4556,4541,-1,4571,4557,4542,-1,4571,4542,4555,-1,4572,4558,4543,-1,4572,4543,4556,-1,4573,4545,4557,-1,4573,4560,4545,-1,4574,4546,4558,-1,4574,4561,4546,-1,4575,4547,4559,-1,4575,4562,4547,-1,4576,4548,4560,-1,4576,4563,4548,-1,4577,4564,4549,-1,4577,4549,4561,-1,4578,4565,4550,-1,4578,4550,4562,-1,4579,4551,4563,-1,4579,4566,4551,-1,4580,4567,4552,-1,4580,4552,4564,-1,4581,4553,4565,-1,4581,4569,4553,-1,4582,4570,4554,-1,4582,4554,4566,-1,4583,4584,4568,-1,4585,4571,4555,-1,4585,4555,4569,-1,4586,4556,4570,-1,4586,4572,4556,-1,4587,4557,4571,-1,4587,4573,4557,-1,4588,4574,4558,-1,4588,4558,4572,-1,4589,915,917,-1,4589,917,919,-1,4589,4559,915,-1,4589,4575,4559,-1,4590,4560,4573,-1,4590,4576,4560,-1,4591,4561,4574,-1,4591,4577,4561,-1,4592,4578,4562,-1,4592,4562,4575,-1,4593,4563,4576,-1,4593,4579,4563,-1,4594,4580,4564,-1,4594,4564,4577,-1,4595,4581,4565,-1,4595,4565,4578,-1,4596,4566,4579,-1,4596,4582,4566,-1,4597,4583,4568,-1,4597,4567,4580,-1,4597,4568,4567,-1,4598,4569,4581,-1,4598,4585,4569,-1,4599,4586,4570,-1,4599,4570,4582,-1,4600,4587,4571,-1,4600,4571,4585,-1,4601,4588,4572,-1,4601,4572,4586,-1,4602,4590,4573,-1,4602,4573,4587,-1,4603,4591,4574,-1,4603,4574,4588,-1,4604,4589,919,-1,4604,4575,4589,-1,4604,919,921,-1,4604,4592,4575,-1,4605,4576,4590,-1,4605,4593,4576,-1,4606,4594,4577,-1,4606,4577,4591,-1,4607,4595,4578,-1,4607,4578,4592,-1,4608,4579,4593,-1,4608,4596,4579,-1,4609,4580,4594,-1,4609,4597,4580,-1,4610,4598,4581,-1,4610,4581,4595,-1,4611,4599,4582,-1,4611,4582,4596,-1,4612,4613,4584,-1,4612,4614,4613,-1,4612,4583,4597,-1,4612,4584,4583,-1,4615,4585,4598,-1,4615,4600,4585,-1,4616,4601,4586,-1,4616,4586,4599,-1,4617,4602,4587,-1,4617,4587,4600,-1,4618,4603,4588,-1,4618,4588,4601,-1,4619,4590,4602,-1,4619,4605,4590,-1,4620,4606,4591,-1,4620,4591,4603,-1,4621,4592,4604,-1,4621,4607,4592,-1,4622,4608,4593,-1,4622,4593,4605,-1,4623,4594,4606,-1,4623,4609,4594,-1,4624,4595,4607,-1,4624,4610,4595,-1,4625,4611,4596,-1,4625,4596,4608,-1,4626,4612,4597,-1,4626,4597,4609,-1,4627,4598,4610,-1,4627,4615,4598,-1,4628,4616,4599,-1,4628,4599,4611,-1,4629,4307,4614,-1,4629,4614,4612,-1,4629,3721,4307,-1,4630,4600,4615,-1,4630,4617,4600,-1,4631,4618,4601,-1,4631,4601,4616,-1,4632,4619,4602,-1,4632,4602,4617,-1,4633,4620,4603,-1,4633,4603,4618,-1,4634,4621,4604,-1,4634,921,923,-1,4634,4604,921,-1,4635,4622,4605,-1,4635,4605,4619,-1,4636,4606,4620,-1,4636,4623,4606,-1,4637,4624,4607,-1,4637,4607,4621,-1,4638,4625,4608,-1,4638,4608,4622,-1,4639,4626,4609,-1,4639,4609,4623,-1,4640,4627,4610,-1,4640,4610,4624,-1,4641,4611,4625,-1,4641,4628,4611,-1,4642,4612,4626,-1,4642,4629,4612,-1,4642,3721,4629,-1,4642,3720,3721,-1,4642,3719,3720,-1,4643,4630,4615,-1,4643,4615,4627,-1,4644,4631,4616,-1,4644,4616,4628,-1,4645,4632,4617,-1,4645,4617,4630,-1,4646,4618,4631,-1,4646,4633,4618,-1,4647,4619,4632,-1,4647,4635,4619,-1,4648,4636,4620,-1,4648,4620,4633,-1,4649,923,925,-1,4649,925,927,-1,4649,4634,923,-1,4649,4637,4621,-1,4649,4621,4634,-1,4650,4622,4635,-1,4650,4638,4622,-1,4651,4623,4636,-1,4651,4639,4623,-1,4652,4624,4637,-1,4652,4640,4624,-1,4653,4625,4638,-1,4653,4641,4625,-1,4654,4626,4639,-1,4654,4642,4626,-1,4654,3718,3719,-1,4654,3719,4642,-1,4655,4627,4640,-1,4655,4643,4627,-1,4656,4628,4641,-1,4656,4644,4628,-1,4657,4630,4643,-1,4657,4645,4630,-1,4658,4631,4644,-1,4658,4646,4631,-1,4659,4647,4632,-1,4659,4632,4645,-1,4660,4648,4633,-1,4660,4633,4646,-1,4661,4635,4647,-1,4661,4650,4635,-1,4662,4636,4648,-1,4662,4651,4636,-1,4663,4637,4649,-1,4663,4652,4637,-1,4664,4638,4650,-1,4664,4653,4638,-1,4665,3718,4654,-1,4665,3717,3718,-1,4665,3716,3717,-1,4665,4639,4651,-1,4665,4654,4639,-1,4666,4655,4640,-1,4666,4640,4652,-1,4667,4656,4641,-1,4667,4641,4653,-1,4668,4643,4655,-1,4668,4657,4643,-1,4669,4658,4644,-1,4669,4644,4656,-1,4670,4645,4657,-1,4670,4659,4645,-1,4671,4646,4658,-1,4671,4660,4646,-1,4672,4647,4659,-1,4672,4661,4647,-1,4673,4662,4648,-1,4673,4648,4660,-1,4674,927,929,-1,4674,4649,927,-1,4674,4663,4649,-1,4675,4650,4661,-1,4675,4664,4650,-1,4676,3716,4665,-1,4676,4665,4651,-1,4676,3715,3716,-1,4676,4651,4662,-1,4677,4652,4663,-1,4677,4666,4652,-1,4678,4653,4664,-1,4678,4667,4653,-1,4679,4655,4666,-1,4679,4668,4655,-1,4680,4669,4656,-1,4680,4656,4667,-1,4681,4670,4657,-1,4681,4657,4668,-1,4682,4671,4658,-1,4682,4658,4669,-1,4683,4659,4670,-1,4683,4672,4659,-1,4684,4673,4660,-1,4684,4660,4671,-1,4685,4675,4661,-1,4685,4661,4672,-1,4686,4662,4673,-1,4686,3714,3715,-1,4686,4676,4662,-1,4686,3715,4676,-1,4687,929,931,-1,4687,931,933,-1,4687,4674,929,-1,4687,4663,4674,-1,4687,4677,4663,-1,4688,4678,4664,-1,4688,4664,4675,-1,4689,4679,4666,-1,4689,4666,4677,-1,4690,4667,4678,-1,4690,4680,4667,-1,4691,4681,4668,-1,4691,4668,4679,-1,4692,4682,4669,-1,4692,4669,4680,-1,4693,4683,4670,-1,4693,4670,4681,-1,4694,4671,4682,-1,4694,4684,4671,-1,4695,4685,4672,-1,4695,4672,4683,-1,4696,3714,4686,-1,4696,3713,3714,-1,4696,3712,3713,-1,4696,4686,4673,-1,4696,4673,4684,-1,4697,4675,4685,-1,4697,4688,4675,-1,4698,4677,4687,-1,4698,4689,4677,-1,4699,4690,4678,-1,4699,4678,4688,-1,4700,4691,4679,-1,4700,4679,4689,-1,4701,4692,4680,-1,4701,4680,4690,-1,4702,4693,4681,-1,4702,4681,4691,-1,4703,4694,4682,-1,4703,4682,4692,-1,4704,4683,4693,-1,4704,4695,4683,-1,4705,4696,4684,-1,4705,3712,4696,-1,4705,4684,4694,-1,4705,3711,3712,-1,4706,4685,4695,-1,4706,4697,4685,-1,4707,4698,4687,-1,4707,933,935,-1,4707,4687,933,-1,4708,4699,4688,-1,4708,4688,4697,-1,4709,4689,4698,-1,4709,4700,4689,-1,4710,4701,4690,-1,4710,4690,4699,-1,4711,4702,4691,-1,4711,4691,4700,-1,4712,4703,4692,-1,4712,4692,4701,-1,4713,4693,4702,-1,4713,4704,4693,-1,4714,4694,4703,-1,4714,3710,3711,-1,4714,3711,4705,-1,4714,3709,3710,-1,4714,4705,4694,-1,4715,4706,4695,-1,4715,4695,4704,-1,4716,4708,4697,-1,4716,4697,4706,-1,4717,935,937,-1,4717,4698,4707,-1,4717,4707,935,-1,4717,4709,4698,-1,4718,4699,4708,-1,4718,4710,4699,-1,4719,4700,4709,-1,4719,4711,4700,-1,4720,4701,4710,-1,4720,4712,4701,-1,4721,4702,4711,-1,4721,4713,4702,-1,4722,3709,4714,-1,4722,4703,4712,-1,4722,4714,4703,-1,4722,3708,3709,-1,4723,4715,4704,-1,4723,4704,4713,-1,4724,4706,4715,-1,4724,4716,4706,-1,4725,4708,4716,-1,4725,4718,4708,-1,4726,4709,4717,-1,4726,4719,4709,-1,4727,4710,4718,-1,4727,4720,4710,-1,4728,4721,4711,-1,4728,4711,4719,-1,4729,4722,4712,-1,4729,3708,4722,-1,4729,3707,3708,-1,4729,4712,4720,-1,4730,4713,4721,-1,4730,4723,4713,-1,4731,4715,4723,-1,4731,4724,4715,-1,4732,4716,4724,-1,4732,4725,4716,-1,4733,4726,4717,-1,4733,4717,937,-1,4733,937,939,-1,4733,939,941,-1,4734,4718,4725,-1,4734,4727,4718,-1,4735,4728,4719,-1,4735,4719,4726,-1,4736,4720,4727,-1,4736,4729,4720,-1,4736,3707,4729,-1,4736,3706,3707,-1,4736,3705,3706,-1,4737,4730,4721,-1,4737,4721,4728,-1,4738,4723,4730,-1,4738,4731,4723,-1,4739,4732,4724,-1,4739,4724,4731,-1,4740,4725,4732,-1,4740,4734,4725,-1,4741,4726,4733,-1,4741,941,943,-1,4741,4733,941,-1,4741,4735,4726,-1,4742,4727,4734,-1,4742,4736,4727,-1,4742,3705,4736,-1,4742,3704,3705,-1,4743,4728,4735,-1,4743,4737,4728,-1,4744,4738,4730,-1,4744,4730,4737,-1,4745,4739,4731,-1,4745,4731,4738,-1,4746,4740,4732,-1,4746,4732,4739,-1,4747,4742,4734,-1,4747,4734,4740,-1,4747,3703,3704,-1,4747,3702,3703,-1,4747,3704,4742,-1,4748,4743,4735,-1,4748,4735,4741,-1,4749,4737,4743,-1,4749,4744,4737,-1,4750,4738,4744,-1,4750,4745,4738,-1,4751,4739,4745,-1,4751,4746,4739,-1,4752,3702,4747,-1,4752,3701,3702,-1,4752,4747,4740,-1,4752,4740,4746,-1,4753,4748,4741,-1,4753,943,945,-1,4753,945,947,-1,4753,4741,943,-1,4754,4749,4743,-1,4754,4743,4748,-1,4755,4744,4749,-1,4755,4750,4744,-1,4756,4745,4750,-1,4756,4751,4745,-1,4757,4752,4746,-1,4757,3700,3701,-1,4757,3699,3700,-1,4757,3701,4752,-1,4757,4746,4751,-1,4758,4753,947,-1,4758,4754,4748,-1,4758,947,949,-1,4758,4748,4753,-1,4759,4749,4754,-1,4759,4755,4749,-1,4760,4750,4755,-1,4760,4756,4750,-1,4761,4751,4756,-1,4761,4757,4751,-1,4761,3699,4757,-1,4761,3698,3699,-1,4762,4754,4758,-1,4762,4759,4754,-1,4763,4755,4759,-1,4763,4760,4755,-1,4764,4756,4760,-1,4764,3698,4761,-1,4764,4761,4756,-1,4764,3697,3698,-1,4765,4758,949,-1,4765,4762,4758,-1,4765,949,951,-1,4766,4763,4759,-1,4766,4759,4762,-1,4767,4760,4763,-1,4767,4764,4760,-1,4767,3697,4764,-1,4767,3696,3697,-1,4767,3695,3696,-1,4768,4766,4762,-1,4768,4762,4765,-1,4768,4765,951,-1,4768,951,953,-1,4768,953,955,-1,4769,4763,4766,-1,4769,4767,4763,-1,4769,3695,4767,-1,4769,3694,3695,-1,4770,4769,4766,-1,4770,3694,4769,-1,4770,4766,4768,-1,4770,3693,3694,-1,4770,3692,3693,-1,4771,955,957,-1,4771,4768,955,-1,4771,3692,4770,-1,4771,4770,4768,-1,4771,957,3692,-1,4306,825,896,-1,832,4772,834,-1,830,4772,832,-1,829,4772,830,-1,3691,4275,4773,-1,4774,838,836,-1,4775,836,834,-1,4775,4774,836,-1,4776,4775,834,-1,4777,4774,4775,-1,4777,840,838,-1,4777,838,4774,-1,4778,4776,834,-1,4779,4775,4776,-1,4779,4777,4775,-1,4780,840,4777,-1,4780,844,842,-1,4780,842,840,-1,4781,4778,834,-1,4782,4779,4776,-1,4782,4776,4778,-1,4783,4780,4777,-1,4783,4777,4779,-1,4784,4781,834,-1,4785,4782,4778,-1,4785,4778,4781,-1,4786,4783,4779,-1,4786,4779,4782,-1,4787,846,844,-1,4787,844,4780,-1,4787,4780,4783,-1,4788,4784,834,-1,4789,4785,4781,-1,4789,4781,4784,-1,4790,4786,4782,-1,4790,4782,4785,-1,4791,4787,4783,-1,4791,4783,4786,-1,4792,846,4787,-1,4792,850,848,-1,4792,848,846,-1,4793,4788,834,-1,4794,4784,4788,-1,4794,4789,4784,-1,4795,4790,4785,-1,4795,4785,4789,-1,4796,4786,4790,-1,4796,4791,4786,-1,4797,4787,4791,-1,4797,4792,4787,-1,4798,4793,834,-1,4799,4788,4793,-1,4799,4794,4788,-1,4800,4795,4789,-1,4800,4789,4794,-1,4801,4796,4790,-1,4801,4790,4795,-1,4802,4791,4796,-1,4802,4797,4791,-1,4803,4798,834,-1,4804,850,4792,-1,4804,852,850,-1,4804,4792,4797,-1,4805,4793,4798,-1,4805,4799,4793,-1,4806,4800,4794,-1,4806,4794,4799,-1,4807,4795,4800,-1,4807,4801,4795,-1,4808,4802,4796,-1,4808,4796,4801,-1,4809,4803,834,-1,4810,4797,4802,-1,4810,4804,4797,-1,4811,4805,4798,-1,4811,4798,4803,-1,4812,854,852,-1,4812,852,4804,-1,4813,4806,4799,-1,4813,4799,4805,-1,4814,4800,4806,-1,4814,4807,4800,-1,4815,4808,4801,-1,4815,4801,4807,-1,4816,4809,834,-1,4817,4802,4808,-1,4817,4810,4802,-1,4818,4811,4803,-1,4818,4803,4809,-1,4819,4812,4804,-1,4819,4804,4810,-1,4820,4813,4805,-1,4820,4805,4811,-1,4821,4806,4813,-1,4821,4814,4806,-1,4822,4807,4814,-1,4822,4815,4807,-1,4823,4816,834,-1,4824,4817,4808,-1,4824,4808,4815,-1,4825,4818,4809,-1,4825,4809,4816,-1,4826,4819,4810,-1,4826,4810,4817,-1,4827,4811,4818,-1,4827,4820,4811,-1,4828,854,4812,-1,4828,858,856,-1,4828,856,854,-1,4828,4812,4819,-1,4829,4821,4813,-1,4829,4813,4820,-1,4830,4822,4814,-1,4830,4814,4821,-1,4831,4823,834,-1,4832,4824,4815,-1,4832,4815,4822,-1,4833,4825,4816,-1,4833,4816,4823,-1,4834,4817,4824,-1,4834,4826,4817,-1,4835,4818,4825,-1,4835,4827,4818,-1,4836,4819,4826,-1,4836,4828,4819,-1,4837,4820,4827,-1,4837,4829,4820,-1,4838,858,4828,-1,4838,860,858,-1,4839,4821,4829,-1,4839,4830,4821,-1,4840,4831,834,-1,4841,4822,4830,-1,4841,4832,4822,-1,4842,4823,4831,-1,4842,4833,4823,-1,4843,4834,4824,-1,4843,4824,4832,-1,4844,4835,4825,-1,4844,4825,4833,-1,4845,4826,4834,-1,4845,4836,4826,-1,4846,4827,4835,-1,4846,4837,4827,-1,4847,4838,4828,-1,4847,4828,4836,-1,4848,4839,4829,-1,4848,4829,4837,-1,4849,4840,834,-1,4850,4830,4839,-1,4850,4841,4830,-1,4851,4831,4840,-1,4851,4842,4831,-1,4852,4843,4832,-1,4852,4832,4841,-1,4853,4844,4833,-1,4853,4833,4842,-1,4854,4845,4834,-1,4854,4834,4843,-1,4855,4846,4835,-1,4855,4835,4844,-1,4856,4836,4845,-1,4856,4847,4836,-1,4857,4848,4837,-1,4857,4837,4846,-1,4858,864,862,-1,4858,862,860,-1,4858,860,4838,-1,4858,4838,4847,-1,4859,4849,834,-1,4860,4839,4848,-1,4860,4850,4839,-1,4861,4851,4840,-1,4861,4840,4849,-1,4862,4841,4850,-1,4862,4852,4841,-1,4863,4853,4842,-1,4863,4842,4851,-1,4864,4843,4852,-1,4864,4854,4843,-1,4865,4855,4844,-1,4865,4844,4853,-1,4866,4845,4854,-1,4866,4856,4845,-1,4867,4857,4846,-1,4867,4846,4855,-1,4868,4858,4847,-1,4868,4847,4856,-1,4869,4859,834,-1,4870,4848,4857,-1,4870,4860,4848,-1,4871,866,864,-1,4871,864,4858,-1,4872,4849,4859,-1,4872,4861,4849,-1,4873,4862,4850,-1,4873,4850,4860,-1,4874,4851,4861,-1,4874,4863,4851,-1,4875,4864,4852,-1,4875,4852,4862,-1,4876,4853,4863,-1,4876,4865,4853,-1,4877,4854,4864,-1,4877,4866,4854,-1,4878,4855,4865,-1,4878,4867,4855,-1,4879,4856,4866,-1,4879,4868,4856,-1,4880,4869,834,-1,4881,4857,4867,-1,4881,4870,4857,-1,4882,4858,4868,-1,4882,4871,4858,-1,4883,4859,4869,-1,4883,4872,4859,-1,4884,4860,4870,-1,4884,4873,4860,-1,4885,4861,4872,-1,4885,4874,4861,-1,4886,4875,4862,-1,4886,4862,4873,-1,4887,4876,4863,-1,4887,4863,4874,-1,4888,4864,4875,-1,4888,4877,4864,-1,4889,4878,4865,-1,4889,4865,4876,-1,4890,4879,4866,-1,4890,4866,4877,-1,4891,4880,834,-1,4892,4867,4878,-1,4892,4881,4867,-1,4893,4868,4879,-1,4893,4882,4868,-1,4894,4869,4880,-1,4894,4883,4869,-1,4895,4884,4870,-1,4895,4870,4881,-1,4896,866,4871,-1,4896,868,866,-1,4896,4871,4882,-1,4897,4872,4883,-1,4897,4885,4872,-1,4898,4873,4884,-1,4898,4886,4873,-1,4899,4874,4885,-1,4899,4887,4874,-1,4900,4888,4875,-1,4900,4875,4886,-1,4901,4889,4876,-1,4901,4876,4887,-1,4902,4877,4888,-1,4902,4890,4877,-1,4903,4891,834,-1,4904,4892,4878,-1,4904,4878,4889,-1,4905,4893,4879,-1,4905,4879,4890,-1,4906,4894,4880,-1,4906,4880,4891,-1,4907,4881,4892,-1,4907,4895,4881,-1,4908,4882,4893,-1,4908,4896,4882,-1,4909,4883,4894,-1,4909,4897,4883,-1,4910,4884,4895,-1,4910,4898,4884,-1,4911,872,870,-1,4911,870,868,-1,4911,868,4896,-1,4912,4899,4885,-1,4912,4885,4897,-1,4913,4886,4898,-1,4913,4900,4886,-1,4914,4901,4887,-1,4914,4887,4899,-1,4915,4902,4888,-1,4915,4888,4900,-1,4916,4903,834,-1,4917,4889,4901,-1,4917,4904,4889,-1,4918,4890,4902,-1,4918,4905,4890,-1,4919,4891,4903,-1,4919,4906,4891,-1,4920,4907,4892,-1,4920,4892,4904,-1,4921,4908,4893,-1,4921,4893,4905,-1,4922,4894,4906,-1,4922,4909,4894,-1,4923,4910,4895,-1,4923,4895,4907,-1,4924,4911,4896,-1,4924,4896,4908,-1,4925,4897,4909,-1,4925,4912,4897,-1,4926,4898,4910,-1,4926,4913,4898,-1,4927,4899,4912,-1,4927,4914,4899,-1,4928,4900,4913,-1,4928,4915,4900,-1,4929,4916,834,-1,4930,4901,4914,-1,4930,4917,4901,-1,4931,4902,4915,-1,4931,4918,4902,-1,4932,4903,4916,-1,4932,4919,4903,-1,4933,4904,4917,-1,4933,4920,4904,-1,4934,4921,4905,-1,4934,4905,4918,-1,4935,4906,4919,-1,4935,4922,4906,-1,4936,4923,4907,-1,4936,4907,4920,-1,4937,4924,4908,-1,4937,4908,4921,-1,4938,4925,4909,-1,4938,4909,4922,-1,4939,4926,4910,-1,4939,4910,4923,-1,4940,874,872,-1,4940,872,4911,-1,4940,4911,4924,-1,4941,4912,4925,-1,4941,4927,4912,-1,4942,4913,4926,-1,4942,4928,4913,-1,4943,4929,834,-1,4944,4930,4914,-1,4944,4914,4927,-1,4945,4931,4915,-1,4945,4915,4928,-1,4946,4916,4929,-1,4946,4932,4916,-1,4947,4917,4930,-1,4947,4933,4917,-1,4948,4918,4931,-1,4948,4934,4918,-1,4949,4935,4919,-1,4949,4919,4932,-1,4950,4920,4933,-1,4950,4936,4920,-1,4951,4921,4934,-1,4951,4937,4921,-1,4952,4922,4935,-1,4952,4938,4922,-1,4953,4923,4936,-1,4953,4939,4923,-1,4954,4924,4937,-1,4954,4940,4924,-1,4955,4941,4925,-1,4955,4925,4938,-1,4956,4942,4926,-1,4956,4926,4939,-1,4957,4943,834,-1,4958,878,876,-1,4958,876,874,-1,4958,874,4940,-1,4959,4944,4927,-1,4959,4927,4941,-1,4960,4945,4928,-1,4960,4928,4942,-1,4961,4929,4943,-1,4961,4946,4929,-1,4962,4947,4930,-1,4962,4930,4944,-1,4963,4948,4931,-1,4963,4931,4945,-1,4964,4949,4932,-1,4964,4932,4946,-1,4965,4933,4947,-1,4965,4950,4933,-1,4966,4951,4934,-1,4966,4934,4948,-1,4967,4935,4949,-1,4967,4952,4935,-1,4968,4936,4950,-1,4968,4953,4936,-1,4969,4954,4937,-1,4969,4937,4951,-1,4970,4938,4952,-1,4970,4955,4938,-1,4971,4939,4953,-1,4971,4956,4939,-1,4972,4957,834,-1,4973,4940,4954,-1,4973,4958,4940,-1,4974,4959,4941,-1,4974,4941,4955,-1,4975,4960,4942,-1,4975,4942,4956,-1,4976,4943,4957,-1,4976,4961,4943,-1,4977,4944,4959,-1,4977,4962,4944,-1,4978,4963,4945,-1,4978,4945,4960,-1,4979,4946,4961,-1,4979,4964,4946,-1,4980,4965,4947,-1,4980,4947,4962,-1,4981,4966,4948,-1,4981,4948,4963,-1,4982,4949,4964,-1,4982,4967,4949,-1,4983,4950,4965,-1,4983,4968,4950,-1,4984,4951,4966,-1,4984,4969,4951,-1,4985,4970,4952,-1,4985,4952,4967,-1,4986,4971,4953,-1,4986,4953,4968,-1,4987,4972,834,-1,4988,4954,4969,-1,4988,4973,4954,-1,4989,4974,4955,-1,4989,4955,4970,-1,4990,4956,4971,-1,4990,4975,4956,-1,4991,4992,4993,-1,4991,4957,4972,-1,4991,4976,4957,-1,4994,880,878,-1,4994,4958,4973,-1,4994,878,4958,-1,4995,4977,4959,-1,4995,4959,4974,-1,4996,4960,4975,-1,4996,4978,4960,-1,4997,4961,4976,-1,4997,4979,4961,-1,4998,4980,4962,-1,4998,4962,4977,-1,4999,4981,4963,-1,4999,4963,4978,-1,5000,4982,4964,-1,5000,4964,4979,-1,5001,4965,4980,-1,5001,4983,4965,-1,5002,4984,4966,-1,5002,4966,4981,-1,5003,4967,4982,-1,5003,4985,4967,-1,5004,4986,4968,-1,5004,4968,4983,-1,5005,834,4772,-1,5005,5006,4987,-1,5005,4987,834,-1,5007,4988,4969,-1,5007,4969,4984,-1,5008,4989,4970,-1,5008,4970,4985,-1,5009,4971,4986,-1,5009,4990,4971,-1,5010,4987,5006,-1,5010,4972,4987,-1,5010,5006,4992,-1,5010,4991,4972,-1,5010,4992,4991,-1,5011,4973,4988,-1,5011,4994,4973,-1,5012,4974,4989,-1,5012,4995,4974,-1,5013,4975,4990,-1,5013,4996,4975,-1,5014,4997,4976,-1,5014,4993,5015,-1,5014,4976,4991,-1,5014,4991,4993,-1,5016,882,880,-1,5016,880,4994,-1,5017,4998,4977,-1,5017,4977,4995,-1,5018,4999,4978,-1,5018,4978,4996,-1,5019,4979,4997,-1,5019,5000,4979,-1,5020,5001,4980,-1,5020,4980,4998,-1,5021,4981,4999,-1,5021,5002,4981,-1,5022,5003,4982,-1,5022,4982,5000,-1,5023,4983,5001,-1,5023,5004,4983,-1,5024,5005,4772,-1,5024,5006,5005,-1,5025,5007,4984,-1,5025,4984,5002,-1,5026,4985,5003,-1,5026,5008,4985,-1,5027,4986,5004,-1,5027,5009,4986,-1,5028,4988,5007,-1,5028,5011,4988,-1,5029,4989,5008,-1,5029,5012,4989,-1,5030,4990,5009,-1,5030,5013,4990,-1,5031,5016,4994,-1,5031,4994,5011,-1,5032,5017,4995,-1,5032,4995,5012,-1,5033,5018,4996,-1,5033,4996,5013,-1,5034,5014,5015,-1,5034,5019,4997,-1,5034,5015,5035,-1,5034,4997,5014,-1,5036,5020,4998,-1,5036,4998,5017,-1,5037,4999,5018,-1,5037,5021,4999,-1,5038,5022,5000,-1,5038,5000,5019,-1,5039,5001,5020,-1,5039,5023,5001,-1,5040,5024,4772,-1,5040,5006,5024,-1,5041,5002,5021,-1,5041,5025,5002,-1,5042,5003,5022,-1,5042,5026,5003,-1,5043,5004,5023,-1,5043,5027,5004,-1,5044,5028,5007,-1,5044,5007,5025,-1,5045,5008,5026,-1,5045,5029,5008,-1,5046,5030,5009,-1,5046,5009,5027,-1,5047,5031,5011,-1,5047,5011,5028,-1,5048,5032,5012,-1,5048,5012,5029,-1,5049,5033,5013,-1,5049,5013,5030,-1,5050,5016,5031,-1,5050,886,884,-1,5050,884,882,-1,5050,882,5016,-1,5051,5017,5032,-1,5051,5036,5017,-1,5052,5018,5033,-1,5052,5037,5018,-1,5053,5035,5054,-1,5053,5054,5055,-1,5053,5019,5034,-1,5053,5034,5035,-1,5053,5038,5019,-1,5056,5039,5020,-1,5056,5020,5036,-1,5057,4772,5006,-1,5057,5040,4772,-1,5057,5006,5040,-1,5058,5041,5021,-1,5058,5021,5037,-1,5059,5022,5038,-1,5059,5042,5022,-1,5060,5023,5039,-1,5060,5043,5023,-1,5061,5044,5025,-1,5061,5025,5041,-1,5062,5026,5042,-1,5062,5045,5026,-1,5063,5046,5027,-1,5063,5027,5043,-1,5064,5047,5028,-1,5064,5028,5044,-1,5065,5029,5045,-1,5065,5048,5029,-1,5066,5049,5030,-1,5066,5030,5046,-1,5067,5031,5047,-1,5067,5050,5031,-1,5068,5051,5032,-1,5068,5032,5048,-1,5069,5052,5033,-1,5069,5033,5049,-1,5070,886,5050,-1,5070,888,886,-1,5071,5036,5051,-1,5071,5056,5036,-1,5072,5037,5052,-1,5072,5058,5037,-1,5073,5038,5053,-1,5073,5055,5074,-1,5073,5053,5055,-1,5073,5059,5038,-1,5075,5060,5039,-1,5075,5039,5056,-1,5076,5041,5058,-1,5076,5061,5041,-1,5077,5062,5042,-1,5077,5042,5059,-1,5078,5063,5043,-1,5078,5043,5060,-1,5079,5044,5061,-1,5079,5064,5044,-1,5080,5045,5062,-1,5080,5065,5045,-1,5081,5066,5046,-1,5081,5046,5063,-1,5082,5047,5064,-1,5082,5067,5047,-1,5083,5048,5065,-1,5083,5068,5048,-1,5084,5049,5066,-1,5084,5069,5049,-1,5085,5070,5050,-1,5085,5050,5067,-1,5086,5051,5068,-1,5086,5071,5051,-1,5087,5052,5069,-1,5087,5072,5052,-1,5088,5075,5056,-1,5088,5056,5071,-1,5089,5076,5058,-1,5089,5058,5072,-1,5090,5077,5059,-1,5090,5059,5073,-1,5091,5078,5060,-1,5091,5060,5075,-1,5092,5061,5076,-1,5092,5079,5061,-1,5093,5080,5062,-1,5093,5062,5077,-1,5094,5063,5078,-1,5094,5081,5063,-1,5095,5082,5064,-1,5095,5064,5079,-1,5096,5065,5080,-1,5096,5083,5065,-1,5097,5066,5081,-1,5097,5084,5066,-1,5098,5067,5082,-1,5098,5085,5067,-1,5099,5068,5083,-1,5099,5086,5068,-1,5100,5087,5069,-1,5100,5069,5084,-1,5101,890,888,-1,5101,5070,5085,-1,5101,888,5070,-1,5102,5071,5086,-1,5102,5088,5071,-1,5103,5089,5072,-1,5103,5072,5087,-1,5104,5090,5073,-1,5104,5074,5105,-1,5104,5073,5074,-1,5106,5091,5075,-1,5106,5075,5088,-1,5107,5076,5089,-1,5107,5092,5076,-1,5108,5093,5077,-1,5108,5077,5090,-1,5109,5094,5078,-1,5109,5078,5091,-1,5110,5079,5092,-1,5110,5095,5079,-1,5111,5096,5080,-1,5111,5080,5093,-1,5112,5081,5094,-1,5112,5097,5081,-1,5113,5098,5082,-1,5113,5082,5095,-1,5114,5083,5096,-1,5114,5099,5083,-1,5115,5100,5084,-1,5115,5084,5097,-1,5116,5085,5098,-1,5116,5101,5085,-1,5117,5086,5099,-1,5117,5102,5086,-1,5118,5103,5087,-1,5118,5087,5100,-1,5119,894,892,-1,5119,892,890,-1,5119,890,5101,-1,5120,5088,5102,-1,5120,5106,5088,-1,5121,5107,5089,-1,5121,5089,5103,-1,5122,5090,5104,-1,5122,5108,5090,-1,5122,5105,5123,-1,5122,5123,5124,-1,5122,5104,5105,-1,5125,5091,5106,-1,5125,5109,5091,-1,5126,5092,5107,-1,5126,5110,5092,-1,5127,5111,5093,-1,5127,5093,5108,-1,5128,5094,5109,-1,5128,5112,5094,-1,5129,5113,5095,-1,5129,5095,5110,-1,5130,5114,5096,-1,5130,5096,5111,-1,5131,5097,5112,-1,5131,5115,5097,-1,5132,5098,5113,-1,5132,5116,5098,-1,5133,5099,5114,-1,5133,5117,5099,-1,5134,5100,5115,-1,5134,5118,5100,-1,5135,5119,5101,-1,5135,5101,5116,-1,5136,5120,5102,-1,5136,5102,5117,-1,5137,5103,5118,-1,5137,5121,5103,-1,5138,5106,5120,-1,5138,5125,5106,-1,5139,5126,5107,-1,5139,5107,5121,-1,5140,5122,5124,-1,5140,5127,5108,-1,5140,5124,5141,-1,5140,5108,5122,-1,5142,5109,5125,-1,5142,5128,5109,-1,5143,5110,5126,-1,5143,5129,5110,-1,5144,5111,5127,-1,5144,5130,5111,-1,5145,5131,5112,-1,5145,5112,5128,-1,5146,5113,5129,-1,5146,5132,5113,-1,5147,5133,5114,-1,5147,5114,5130,-1,5148,5134,5115,-1,5148,5115,5131,-1,5149,5116,5132,-1,5149,5135,5116,-1,5150,5136,5117,-1,5150,5117,5133,-1,5151,5118,5134,-1,5151,5137,5118,-1,5152,896,894,-1,5152,894,5119,-1,5152,4305,4306,-1,5152,4306,896,-1,5152,5119,5135,-1,5153,5138,5120,-1,5153,5120,5136,-1,5154,5121,5137,-1,5154,5139,5121,-1,5155,5142,5125,-1,5155,5125,5138,-1,5156,5126,5139,-1,5156,5143,5126,-1,5157,5127,5140,-1,5157,5144,5127,-1,5158,5128,5142,-1,5158,5145,5128,-1,5159,5146,5129,-1,5159,5129,5143,-1,5160,5147,5130,-1,5160,5130,5144,-1,5161,5148,5131,-1,5161,5131,5145,-1,5162,5132,5146,-1,5162,5149,5132,-1,5163,5150,5133,-1,5163,5133,5147,-1,5164,5151,5134,-1,5164,5134,5148,-1,5165,4305,5152,-1,5165,4304,4305,-1,5165,4303,4304,-1,5165,5135,5149,-1,5165,5152,5135,-1,5166,5153,5136,-1,5166,5136,5150,-1,5167,5154,5137,-1,5167,5137,5151,-1,5168,5138,5153,-1,5168,5155,5138,-1,5169,5139,5154,-1,5169,5156,5139,-1,5170,5157,5140,-1,5170,5141,5171,-1,5170,5171,5172,-1,5170,5140,5141,-1,5173,5142,5155,-1,5173,5158,5142,-1,5174,5159,5143,-1,5174,5143,5156,-1,5175,5144,5157,-1,5175,5160,5144,-1,5176,5161,5145,-1,5176,5145,5158,-1,5177,5146,5159,-1,5177,5162,5146,-1,5178,5163,5147,-1,5178,5147,5160,-1,5179,5148,5161,-1,5179,5164,5148,-1,5180,5149,5162,-1,5180,4303,5165,-1,5180,4302,4303,-1,5180,5165,5149,-1,5181,5150,5163,-1,5181,5166,5150,-1,5182,5151,5164,-1,5182,5167,5151,-1,5183,5168,5153,-1,5183,5153,5166,-1,5184,5154,5167,-1,5184,5169,5154,-1,5185,5173,5155,-1,5185,5155,5168,-1,5186,5174,5156,-1,5186,5156,5169,-1,5187,5170,5172,-1,5187,5175,5157,-1,5187,5172,5188,-1,5187,5157,5170,-1,5189,5176,5158,-1,5189,5158,5173,-1,5190,5159,5174,-1,5190,5177,5159,-1,5191,5178,5160,-1,5191,5160,5175,-1,5192,5161,5176,-1,5192,5179,5161,-1,5193,5162,5177,-1,5193,5180,5162,-1,5193,4302,5180,-1,5193,4301,4302,-1,5194,5163,5178,-1,5194,5181,5163,-1,5195,5182,5164,-1,5195,5164,5179,-1,5196,5166,5181,-1,5196,5183,5166,-1,5197,5167,5182,-1,5197,5184,5167,-1,5198,5185,5168,-1,5198,5168,5183,-1,5199,5186,5169,-1,5199,5169,5184,-1,5200,5173,5185,-1,5200,5189,5173,-1,5201,5174,5186,-1,5201,5190,5174,-1,5202,5175,5187,-1,5202,5191,5175,-1,5203,5176,5189,-1,5203,5192,5176,-1,5204,5193,5177,-1,5204,4300,4301,-1,5204,4299,4300,-1,5204,5177,5190,-1,5204,4301,5193,-1,5205,5194,5178,-1,5205,5178,5191,-1,5206,5179,5192,-1,5206,5195,5179,-1,5207,5181,5194,-1,5207,5196,5181,-1,5208,5197,5182,-1,5208,5182,5195,-1,5209,5198,5183,-1,5209,5183,5196,-1,5210,5184,5197,-1,5210,5199,5184,-1,5211,5185,5198,-1,5211,5200,5185,-1,5212,5186,5199,-1,5212,5201,5186,-1,5213,5188,5214,-1,5213,5187,5188,-1,5213,5202,5187,-1,5215,5189,5200,-1,5215,5203,5189,-1,5216,4299,5204,-1,5216,5204,5190,-1,5216,4298,4299,-1,5216,5190,5201,-1,5217,5205,5191,-1,5217,5191,5202,-1,5218,5206,5192,-1,5218,5192,5203,-1,5219,5207,5194,-1,5219,5194,5205,-1,5220,5195,5206,-1,5220,5208,5195,-1,5221,5196,5207,-1,5221,5209,5196,-1,5222,5197,5208,-1,5222,5210,5197,-1,5223,5198,5209,-1,5223,5211,5198,-1,5224,5212,5199,-1,5224,5199,5210,-1,5225,5215,5200,-1,5225,5200,5211,-1,5226,5201,5212,-1,5226,5216,5201,-1,5226,4298,5216,-1,5226,4297,4298,-1,5226,4296,4297,-1,5227,5217,5202,-1,5227,5202,5213,-1,5227,5214,5228,-1,5227,5228,5229,-1,5227,5213,5214,-1,5230,5218,5203,-1,5230,5203,5215,-1,5231,5205,5217,-1,5231,5219,5205,-1,5232,5206,5218,-1,5232,5220,5206,-1,5233,5207,5219,-1,5233,5221,5207,-1,5234,5222,5208,-1,5234,5208,5220,-1,5235,5223,5209,-1,5235,5209,5221,-1,5236,5210,5222,-1,5236,5224,5210,-1,5237,5225,5211,-1,5237,5211,5223,-1,5238,5226,5212,-1,5238,4295,4296,-1,5238,5212,5224,-1,5238,4296,5226,-1,5239,5215,5225,-1,5239,5230,5215,-1,5240,5217,5227,-1,5240,5231,5217,-1,5240,5227,5229,-1,5241,5218,5230,-1,5241,5232,5218,-1,5242,5219,5231,-1,5242,5233,5219,-1,5243,5220,5232,-1,5243,5234,5220,-1,5244,5221,5233,-1,5244,5235,5221,-1,5245,5222,5234,-1,5245,5236,5222,-1,5246,5237,5223,-1,5246,5223,5235,-1,5247,5238,5224,-1,5247,4294,4295,-1,5247,4293,4294,-1,5247,5224,5236,-1,5247,4295,5238,-1,5248,5239,5225,-1,5248,5225,5237,-1,5249,5240,5229,-1,5249,5250,5240,-1,5249,5229,5250,-1,5251,5230,5239,-1,5251,5241,5230,-1,5252,5231,5240,-1,5252,5242,5231,-1,5253,5243,5232,-1,5253,5232,5241,-1,5254,5244,5233,-1,5254,5233,5242,-1,5255,5245,5234,-1,5255,5234,5243,-1,5256,5235,5244,-1,5256,5246,5235,-1,5257,5236,5245,-1,5257,4293,5247,-1,5257,5247,5236,-1,5257,4292,4293,-1,5258,5237,5246,-1,5258,5248,5237,-1,5259,5239,5248,-1,5259,5251,5239,-1,5260,5240,5250,-1,5260,5252,5240,-1,5260,5250,5261,-1,5260,5261,5262,-1,5263,5241,5251,-1,5263,5253,5241,-1,5264,5242,5252,-1,5264,5254,5242,-1,5265,5243,5253,-1,5265,5255,5243,-1,5266,5256,5244,-1,5266,5244,5254,-1,5267,5245,5255,-1,5267,5257,5245,-1,5267,4292,5257,-1,5267,4291,4292,-1,5268,5246,5256,-1,5268,5258,5246,-1,5269,5248,5258,-1,5269,5259,5248,-1,5270,5251,5259,-1,5270,5263,5251,-1,5271,5264,5252,-1,5271,5252,5260,-1,5271,5260,5262,-1,5272,5265,5253,-1,5272,5253,5263,-1,5273,5254,5264,-1,5273,5266,5254,-1,5274,4291,5267,-1,5274,5255,5265,-1,5274,5267,5255,-1,5274,4290,4291,-1,5274,4289,4290,-1,5275,5256,5266,-1,5275,5268,5256,-1,5276,5269,5258,-1,5276,5258,5268,-1,5277,5259,5269,-1,5277,5270,5259,-1,5278,5262,5279,-1,5278,5271,5262,-1,5278,5279,5271,-1,5280,5272,5263,-1,5280,5263,5270,-1,5281,5264,5271,-1,5281,5273,5264,-1,5282,4289,5274,-1,5282,5274,5265,-1,5282,4288,4289,-1,5282,5265,5272,-1,5283,5275,5266,-1,5283,5266,5273,-1,5284,5268,5275,-1,5284,5276,5268,-1,5285,5277,5269,-1,5285,5269,5276,-1,5286,5280,5270,-1,5286,5270,5277,-1,5287,5281,5271,-1,5287,5279,5288,-1,5287,5271,5279,-1,5289,4288,5282,-1,5289,5282,5272,-1,5289,4287,4288,-1,5289,4286,4287,-1,5289,5272,5280,-1,5290,5273,5281,-1,5290,5283,5273,-1,5291,5275,5283,-1,5291,5284,5275,-1,5292,5285,5276,-1,5292,5276,5284,-1,5293,5286,5277,-1,5293,5277,5285,-1,5294,5289,5280,-1,5294,5280,5286,-1,5294,4286,5289,-1,5294,4285,4286,-1,5295,5290,5281,-1,5295,5287,5288,-1,5295,5281,5287,-1,5296,5291,5283,-1,5296,5283,5290,-1,5297,5284,5291,-1,5297,5292,5284,-1,5298,5293,5285,-1,5298,5285,5292,-1,5299,5294,5286,-1,5299,5286,5293,-1,5299,4285,5294,-1,5299,4284,4285,-1,5299,4283,4284,-1,5300,5288,5301,-1,5300,5301,5302,-1,5300,5295,5288,-1,5300,5302,5295,-1,5303,5296,5290,-1,5303,5290,5295,-1,5304,5291,5296,-1,5304,5297,5291,-1,5305,5298,5292,-1,5305,5292,5297,-1,5306,5299,5293,-1,5306,5293,5298,-1,5306,4283,5299,-1,5306,4282,4283,-1,5307,5302,5308,-1,5307,5295,5302,-1,5307,5303,5295,-1,5309,5296,5303,-1,5309,5304,5296,-1,5310,5305,5297,-1,5310,5297,5304,-1,5311,5298,5305,-1,5311,4282,5306,-1,5311,5306,5298,-1,5311,4281,4282,-1,5311,4280,4281,-1,5312,5307,5308,-1,5312,5303,5307,-1,5312,5308,5313,-1,5312,5309,5303,-1,5314,5310,5304,-1,5314,5304,5309,-1,5315,5311,5305,-1,5315,5305,5310,-1,5315,4280,5311,-1,5315,4279,4280,-1,5316,5309,5312,-1,5316,5314,5309,-1,5317,5315,5310,-1,5317,4279,5315,-1,5317,5310,5314,-1,5317,4278,4279,-1,5318,5312,5313,-1,5318,5313,5319,-1,5318,5319,5320,-1,5318,5316,5312,-1,5321,5314,5316,-1,5321,5317,5314,-1,5321,4278,5317,-1,5321,4277,4278,-1,5321,4276,4277,-1,5322,4773,4275,-1,5322,4276,5321,-1,5322,5321,5316,-1,5322,5318,5320,-1,5322,5316,5318,-1,5322,5320,4773,-1,5322,4275,4276,-1,829,898,4316,-1,4772,4316,4310,-1,4772,829,4316,-1,5006,4310,4309,-1,5006,4772,4310,-1,4992,4309,4311,-1,4992,5006,4309,-1,4993,4311,4313,-1,4993,4992,4311,-1,5015,4313,4314,-1,5015,4993,4313,-1,5035,4314,4320,-1,5035,5015,4314,-1,5054,4320,4326,-1,5054,5035,4320,-1,5055,5054,4326,-1,5055,4326,4339,-1,5074,5055,4339,-1,5074,4339,4340,-1,5105,4340,4349,-1,5105,5074,4340,-1,5123,4349,4359,-1,5123,5105,4349,-1,5124,4359,4360,-1,5124,5123,4359,-1,5141,4360,4379,-1,5141,5124,4360,-1,5171,4379,4391,-1,5171,5141,4379,-1,5172,4391,4392,-1,5172,5171,4391,-1,5188,4392,4416,-1,5188,5172,4392,-1,5214,4416,4431,-1,5214,5188,4416,-1,5228,4431,4459,-1,5228,5214,4431,-1,5229,4459,4460,-1,5229,5228,4459,-1,5250,4460,4476,-1,5250,5229,4460,-1,5261,4476,4492,-1,5261,5250,4476,-1,5262,4492,4493,-1,5262,5261,4492,-1,5279,4493,4522,-1,5279,5262,4493,-1,5288,4522,4538,-1,5288,5279,4522,-1,5301,4538,4539,-1,5301,5288,4538,-1,5302,4539,4568,-1,5302,5301,4539,-1,5308,4568,4584,-1,5308,5302,4568,-1,5313,4584,4613,-1,5313,5308,4584,-1,5319,4613,4614,-1,5319,5313,4613,-1,5320,4614,4307,-1,5320,5319,4614,-1,4773,4307,3690,-1,4773,5320,4307,-1,3691,4773,3690,-1,5323,805,5324,-1,5324,805,797,-1,5325,812,5323,-1,5323,812,805,-1,812,5325,800,-1,800,5325,5326,-1,800,5326,797,-1,797,5326,5324,-1,5327,767,5328,-1,5328,767,765,-1,5329,773,5327,-1,5327,773,767,-1,773,5329,774,-1,774,5329,5330,-1,774,5330,765,-1,765,5330,5328,-1,5331,776,5332,-1,5332,776,775,-1,5333,789,5331,-1,5331,789,776,-1,789,5333,783,-1,783,5333,5334,-1,783,5334,775,-1,775,5334,5332,-1,5335,791,5336,-1,5336,791,785,-1,5337,801,5335,-1,5335,801,791,-1,801,5337,792,-1,792,5337,5338,-1,792,5338,785,-1,785,5338,5336,-1,5339,779,5340,-1,5340,779,771,-1,5341,788,5339,-1,5339,788,779,-1,788,5341,780,-1,780,5341,5342,-1,780,5342,771,-1,771,5342,5340,-1,5343,769,5344,-1,5344,769,766,-1,5345,778,5343,-1,5343,778,769,-1,778,5345,770,-1,770,5345,5346,-1,770,5346,766,-1,766,5346,5344,-1,5347,763,5348,-1,5348,763,762,-1,5349,768,5347,-1,5347,768,763,-1,768,5349,764,-1,764,5349,5350,-1,764,5350,762,-1,762,5350,5348,-1,5351,790,5352,-1,5352,790,784,-1,5353,803,5351,-1,5351,803,790,-1,803,5353,793,-1,793,5353,5354,-1,793,5354,784,-1,784,5354,5352,-1,5355,777,5356,-1,5356,777,772,-1,5357,787,5355,-1,5355,787,777,-1,787,5357,781,-1,781,5357,5358,-1,781,5358,772,-1,772,5358,5356,-1,5359,807,5360,-1,5360,807,798,-1,5361,811,5359,-1,5359,811,807,-1,811,5361,802,-1,802,5361,5362,-1,802,5362,798,-1,798,5362,5360,-1,5363,794,5364,-1,5364,794,786,-1,5365,799,5363,-1,5363,799,794,-1,799,5365,795,-1,795,5365,5366,-1,795,5366,786,-1,786,5366,5364,-1,5367,815,5368,-1,5368,815,809,-1,5369,819,5367,-1,5367,819,815,-1,819,5369,816,-1,816,5369,5370,-1,816,5370,809,-1,809,5370,5368,-1,5371,804,5372,-1,5372,804,796,-1,5373,810,5371,-1,5371,810,804,-1,810,5373,806,-1,806,5373,5374,-1,806,5374,796,-1,796,5374,5372,-1,5375,820,5376,-1,5376,820,817,-1,5377,822,5375,-1,5375,822,820,-1,822,5377,821,-1,821,5377,5378,-1,821,5378,817,-1,817,5378,5376,-1,5379,813,5380,-1,5380,813,808,-1,5381,818,5379,-1,5379,818,813,-1,818,5381,814,-1,814,5381,5382,-1,814,5382,808,-1,808,5382,5380,-1,35,36,69,-1,69,36,72,-1,109,110,143,-1,143,110,146,-1,183,184,217,-1,217,184,220,-1,226,225,278,-1,278,225,277,-1,300,299,352,-1,352,299,351,-1,374,373,426,-1,426,373,425,-1,485,484,447,-1,447,484,448,-1,559,558,521,-1,521,558,522,-1,633,632,595,-1,595,632,596,-1,5383,16,15,-1,5383,5384,16,-1,73,70,90,-1,73,90,89,-1,147,144,164,-1,147,164,163,-1,221,218,5385,-1,221,5385,5386,-1,350,224,223,-1,350,369,224,-1,276,295,5387,-1,276,5387,5388,-1,424,298,297,-1,424,443,298,-1,5389,372,371,-1,5389,5390,372,-1,446,445,556,-1,446,556,555,-1,5390,482,481,-1,5390,5389,482,-1,520,519,630,-1,520,630,629,-1,594,593,5384,-1,594,5384,5383,-1,218,220,5385,-1,220,5348,5385,-1,184,5347,220,-1,220,5347,5348,-1,5348,5350,5385,-1,164,5344,184,-1,184,5344,5347,-1,5350,5328,5385,-1,144,5343,164,-1,164,5343,5344,-1,5344,5346,5347,-1,5347,5346,5349,-1,5350,5327,5328,-1,5349,5327,5350,-1,144,146,5343,-1,146,5340,5343,-1,5346,5356,5349,-1,5349,5356,5327,-1,5346,5345,5356,-1,5345,5355,5356,-1,110,5339,146,-1,146,5339,5340,-1,5340,5342,5343,-1,5343,5342,5345,-1,5330,5331,5332,-1,5329,5331,5330,-1,5356,5358,5327,-1,5329,5358,5331,-1,5327,5358,5329,-1,70,72,90,-1,90,72,110,-1,5328,5388,5385,-1,5332,5388,5330,-1,5334,5388,5332,-1,5330,5388,5328,-1,5334,278,5388,-1,110,5336,5339,-1,72,5336,110,-1,5345,5364,5355,-1,5342,5364,5345,-1,5358,5352,5331,-1,278,276,5388,-1,5334,226,278,-1,5333,226,5334,-1,36,5335,72,-1,72,5335,5336,-1,5333,5354,226,-1,5352,5354,5331,-1,5331,5354,5333,-1,5357,5351,5358,-1,5358,5351,5352,-1,5336,5338,5339,-1,5339,5338,5341,-1,5342,5363,5364,-1,5341,5363,5342,-1,5338,5363,5341,-1,5355,5366,5357,-1,5364,5366,5355,-1,5357,5366,5351,-1,5354,223,226,-1,16,5324,36,-1,36,5324,5335,-1,5338,5372,5363,-1,5366,5360,5351,-1,5354,5353,223,-1,5384,5323,16,-1,16,5323,5324,-1,5324,5326,5335,-1,5335,5326,5337,-1,5338,5371,5372,-1,5337,5371,5338,-1,5326,5371,5337,-1,5351,5362,5353,-1,5360,5362,5351,-1,5363,5374,5365,-1,5372,5374,5363,-1,5374,5359,5365,-1,5365,5359,5366,-1,5366,5359,5360,-1,5384,596,5323,-1,5362,352,5353,-1,5326,5380,5371,-1,5374,5368,5359,-1,5384,593,596,-1,5362,5361,352,-1,5353,350,223,-1,352,350,5353,-1,596,632,5323,-1,5323,632,5325,-1,5361,300,352,-1,5326,5379,5380,-1,632,5379,5325,-1,5325,5379,5326,-1,5380,5382,5371,-1,5371,5382,5373,-1,5382,5367,5373,-1,5374,5367,5368,-1,5373,5367,5374,-1,5368,5370,5359,-1,5361,5370,300,-1,5359,5370,5361,-1,632,522,5379,-1,5370,426,300,-1,5382,5376,5367,-1,630,519,632,-1,632,519,522,-1,5382,5381,5376,-1,300,424,297,-1,426,424,300,-1,5379,558,5381,-1,522,558,5379,-1,5369,374,5370,-1,5370,374,426,-1,5381,5375,5376,-1,5367,5378,5369,-1,5376,5378,5367,-1,5369,5378,374,-1,5378,371,374,-1,558,448,5381,-1,5381,448,5375,-1,556,445,558,-1,558,445,448,-1,5378,5377,371,-1,5375,484,5377,-1,448,484,5375,-1,482,5389,484,-1,5377,5389,371,-1,484,5389,5377,-1,5385,5387,5386,-1,5385,5388,5387,-1,222,224,294,-1,294,224,295,-1,296,298,368,-1,368,298,369,-1,370,372,442,-1,442,372,443,-1,295,221,5387,-1,5387,221,5386,-1,224,163,295,-1,295,163,221,-1,221,165,219,-1,163,165,221,-1,5390,481,372,-1,369,147,224,-1,224,147,163,-1,481,446,372,-1,443,89,298,-1,298,89,369,-1,369,89,147,-1,483,444,481,-1,481,444,446,-1,372,555,443,-1,446,555,372,-1,443,73,89,-1,147,91,145,-1,89,91,147,-1,443,520,73,-1,557,520,555,-1,555,520,443,-1,520,15,73,-1,557,518,520,-1,520,629,15,-1,15,17,73,-1,73,17,71,-1,629,594,15,-1,631,592,629,-1,629,592,594,-1,594,5383,15            ]
            ccw TRUE
          }
        }
        Shape {
          appearance DEF M0 Appearance {
            material Material {
              diffuseColor 0.79216 0.81961 0.93333
              specularColor 0.05 0.05 0.05
              shininess 0.5
            }
          }
          geometry IndexedFaceSet {
            coord Coordinate {
              point [
-3.55999994 -0.60000002 7.69999981,-3.55999994 -0.60000002 -0.06574011,-3.55999994 -0.30000001 7.69999981,-3.55999994 -0.30000001 -0.07621634,-4.05999994 -0.60000002 -0.06574011,-4.05999994 -0.60000002 7.69999981,-4.05999994 -0.30000001 -0.07621634,-4.05999994 -0.30000001 7.69999981,-1.01999998 -0.60000002 7.69999981,-1.01999998 -0.60000002 -0.06574011,-1.01999998 -0.30000001 7.69999981,-1.01999998 -0.30000001 -0.07621634,-1.51999998 -0.60000002 -0.06574011,-1.51999998 -0.60000002 7.69999981,-1.51999998 -0.30000001 -0.07621634,-1.51999998 -0.30000001 7.69999981,1.51999998 -0.60000002 7.69999981,1.51999998 -0.60000002 -0.06574011,1.51999998 -0.30000001 7.69999981,1.51999998 -0.30000001 -0.07621634,1.01999998 -0.60000002 -0.06574011,1.01999998 -0.60000002 7.69999981,1.01999998 -0.30000001 -0.07621634,1.01999998 -0.30000001 7.69999981,4.05999994 -0.60000002 7.69999981,4.05999994 -0.60000002 -0.06574011,4.05999994 -0.30000001 7.69999981,4.05999994 -0.30000001 -0.07621634,3.55999994 -0.60000002 -0.06574011,3.55999994 -0.60000002 7.69999981,3.55999994 -0.30000001 -0.07621634,3.55999994 -0.30000001 7.69999981              ]
            }
            coordIndex [
0,1,2,-1,1,3,2,-1,4,1,5,-1,5,1,0,-1,6,4,7,-1,7,4,5,-1,3,6,2,-1,2,6,7,-1,0,2,5,-1,5,2,7,-1,3,1,4,-1,3,4,6,-1,8,9,10,-1,9,11,10,-1,12,9,13,-1,13,9,8,-1,14,12,15,-1,15,12,13,-1,11,14,10,-1,10,14,15,-1,8,10,13,-1,13,10,15,-1,11,9,12,-1,11,12,14,-1,16,17,18,-1,17,19,18,-1,20,17,21,-1,21,17,16,-1,22,20,23,-1,23,20,21,-1,19,22,18,-1,18,22,23,-1,16,18,21,-1,21,18,23,-1,19,17,20,-1,19,20,22,-1,24,25,26,-1,25,27,26,-1,28,25,29,-1,29,25,24,-1,30,28,31,-1,31,28,29,-1,27,30,26,-1,26,30,31,-1,24,26,29,-1,29,26,31,-1,27,25,28,-1,27,28,30            ]
            ccw TRUE
          }
        }
        Shape {
          appearance DEF M2 Appearance {
            material Material {
              diffuseColor 0.75294 0.75294 0.75294
              specularColor 0.05 0.05 0.05
              shininess 0.5
            }
          }
          geometry IndexedFaceSet {
            coord Coordinate {
              point [
-5 1.89999998 -14.85000038,-5 0.34999999 -14.85000038,-5 1.89999998 -0.85000002,-5 0.34999999 -0.85000002,5 1.89999998 -0.85000002,5 0.34999999 -0.85000002,5 1.89999998 -14.85000038,5 0.34999999 -14.85000038              ]
            }
            coordIndex [
0,1,2,-1,2,1,3,-1,4,2,5,-1,5,2,3,-1,5,6,4,-1,7,6,5,-1,6,7,0,-1,0,7,1,-1,6,0,2,-1,6,2,4,-1,3,7,5,-1,1,7,3            ]
            ccw TRUE
          }
        }
      ]
    }
  ]
}
