#VRML V2.0 utf8
# File generated by ImageToStl.com - Free Image and 3D model conversion tools

Group {
  children [
    Group {
      children [
        Shape {
          appearance DEF M1 Appearance {
            material Material {
              diffuseColor 0.96863 0.87843 0.6
              specularColor 0.05 0.05 0.05
              shininess 0.5
            }
          }
          geometry IndexedFaceSet {
            coord Coordinate {
              point [
-37.5 -16.75 -0,-37.5 -16.75 -1.60000002,-37.56230545 -16.74844551 -0,-37.56230545 -16.74844551 -1.60000002,-37.62445831 -16.74378777 -0,-37.62445831 -16.74378777 -1.60000002,-37.68630219 -16.73603821 -0,-37.68630219 -16.73603821 -1.60000002,-37.74768448 -16.72521591 -0,-37.74768448 -16.72521591 -1.60000002,-37.80844498 -16.71134567 -0,-37.80844498 -16.71134567 -1.60000002,-37.86844254 -16.69446564 -0,-37.86844254 -16.69446564 -1.60000002,-37.92752457 -16.67461586 -0,-37.92752457 -16.67461586 -1.60000002,-37.9855423 -16.65184593 -0,-37.9855423 -16.65184593 -1.60000002,-38.04235458 -16.62621117 -0,-38.04235458 -16.62621117 -1.60000002,-38.09781647 -16.59777641 -0,-38.09781647 -16.59777641 -1.60000002,-38.15179443 -16.56661415 -0,-38.15179443 -16.56661415 -1.60000002,-38.20415115 -16.53279877 -0,-38.20415115 -16.53279877 -1.60000002,-38.25475693 -16.49641609 -0,-38.25475693 -16.49641609 -1.60000002,-38.30348587 -16.45755577 -0,-38.30348587 -16.45755577 -1.60000002,-38.35021591 -16.41631508 -0,-38.35021591 -16.41631508 -1.60000002,-38.39483261 -16.3727951 -0,-38.39483261 -16.3727951 -1.60000002,-38.43722534 -16.32710648 -0,-38.43722534 -16.32710648 -1.60000002,-38.47729111 -16.27936172 -0,-38.47729111 -16.27936172 -1.60000002,-38.5149231 -16.22967911 -0,-38.5149231 -16.22967911 -1.60000002,-38.55003357 -16.1781826 -0,-38.55003357 -16.1781826 -1.60000002,-38.58253098 -16.125 -0,-38.58253098 -16.125 -1.60000002,-38.61233902 -16.07026291 -0,-38.61233902 -16.07026291 -1.60000002,-38.63938141 -16.01410866 -0,-38.63938141 -16.01410866 -1.60000002,-38.66359329 -15.95667648 -0,-38.66359329 -15.95667648 -1.60000002,-38.68490982 -15.89810848 -0,-38.68490982 -15.89810848 -1.60000002,-38.7032814 -15.83855057 -0,-38.7032814 -15.83855057 -1.60000002,-38.71865845 -15.77815151 -0,-38.71865845 -15.77815151 -1.60000002,-38.73101044 -15.71706009 -1.60000002,-38.73101044 -15.71706009 -0,-38.74029922 -15.65542984 -0,-38.74029922 -15.65542984 -1.60000002,-38.74650574 -15.5934124 -1.60000002,-38.74650574 -15.5934124 -0,-38.7496109 -15.53116322 -0,-38.7496109 -15.53116322 -1.60000002,-38.7496109 -15.46883678 -0,-38.7496109 -15.46883678 -1.60000002,-38.74650574 -15.4065876 -0,-38.74650574 -15.4065876 -1.60000002,-38.74029922 -15.34457016 -0,-38.74029922 -15.34457016 -1.60000002,-38.73101044 -15.28293991 -0,-38.73101044 -15.28293991 -1.60000002,-38.71865845 -15.22184849 -0,-38.71865845 -15.22184849 -1.60000002,-38.7032814 -15.16144943 -1.60000002,-38.7032814 -15.16144943 -0,-38.68490982 -15.10189152 -0,-38.68490982 -15.10189152 -1.60000002,-38.66359329 -15.04332352 -0,-38.66359329 -15.04332352 -1.60000002,-38.63938141 -14.98589134 -0,-38.63938141 -14.98589134 -1.60000002,-38.61233902 -14.92973709 -0,-38.61233902 -14.92973709 -1.60000002,-38.58253098 -14.875 -0,-38.58253098 -14.875 -1.60000002,-38.55003357 -14.8218174 -1.60000002,-38.55003357 -14.8218174 -0,-38.5149231 -14.77031994 -0,-38.5149231 -14.77031994 -1.60000002,-38.47729111 -14.72063732 -0,-38.47729111 -14.72063732 -1.60000002,-38.43722534 -14.67289257 -0,-38.43722534 -14.67289257 -1.60000002,-38.39483261 -14.62720394 -0,-38.39483261 -14.62720394 -1.60000002,-38.35021591 -14.58368492 -1.60000002,-38.35021591 -14.58368492 -0,-38.30348587 -14.54244423 -0,-38.30348587 -14.54244423 -1.60000002,-38.25475693 -14.50358391 -1.60000002,-38.25475693 -14.50358391 -0,-38.20415115 -14.46720123 -0,-38.20415115 -14.46720123 -1.60000002,-38.15179443 -14.4333868 -0,-38.15179443 -14.4333868 -1.60000002,-38.09781647 -14.40222263 -0,-38.09781647 -14.40222263 -1.60000002,-38.04235458 -14.37378883 -1.60000002,-38.04235458 -14.37378883 -0,-37.9855423 -14.34815502 -0,-37.9855423 -14.34815502 -1.60000002,-37.92752457 -14.32538414 -0,-37.92752457 -14.32538414 -1.60000002,-37.86844254 -14.30553436 -1.60000002,-37.86844254 -14.30553436 -0,-37.80844498 -14.28865337 -0,-37.80844498 -14.28865337 -1.60000002,-37.74768448 -14.27478409 -0,-37.74768448 -14.27478409 -1.60000002,-37.68630219 -14.26396179 -0,-37.68630219 -14.26396179 -1.60000002,-37.62445831 -14.25621128 -0,-37.62445831 -14.25621128 -1.60000002,-37.56230545 -14.25155354 -0,-37.56230545 -14.25155354 -1.60000002,-37.5 -14.25 -1.60000002,-37.5 -14.25 -0,-37.5 -13 -1.60000002,-37.5 -13 -0,-37.37538528 -13.00310802 -0,-37.37538528 -13.00310802 -1.60000002,-37.25107956 -13.01242352 -0,-37.25107956 -13.01242352 -1.60000002,-37.12739563 -13.02792263 -0,-37.12739563 -13.02792263 -1.60000002,-37.00463486 -13.04956913 -0,-37.00463486 -13.04956913 -1.60000002,-36.88310623 -13.07730675 -0,-36.88310623 -13.07730675 -1.60000002,-36.76311111 -13.11106777 -0,-36.76311111 -13.11106777 -1.60000002,-36.64495087 -13.15076828 -0,-36.64495087 -13.15076828 -1.60000002,-36.52891159 -13.19630909 -0,-36.52891159 -13.19630909 -1.60000002,-36.41529083 -13.24757767 -0,-36.41529083 -13.24757767 -1.60000002,-36.30436325 -13.30444622 -0,-36.30436325 -13.30444622 -1.60000002,-36.19641113 -13.36677265 -0,-36.19641113 -13.36677265 -1.60000002,-36.09170151 -13.43440342 -0,-36.09170151 -13.43440342 -1.60000002,-35.99048996 -13.50716877 -0,-35.99048996 -13.50716877 -1.60000002,-35.89303207 -13.58488846 -0,-35.89303207 -13.58488846 -1.60000002,-35.79956818 -13.6673708 -0,-35.79956818 -13.6673708 -1.60000002,-35.71033478 -13.75440788 -0,-35.71033478 -13.75440788 -1.60000002,-35.6255455 -13.84578514 -0,-35.6255455 -13.84578514 -1.60000002,-35.5454216 -13.9412756 -0,-35.5454216 -13.9412756 -1.60000002,-35.47015381 -14.04064083 -0,-35.47015381 -14.04064083 -1.60000002,-35.39993668 -14.1436348 -0,-35.39993668 -14.1436348 -1.60000002,-35.33493805 -14.25 -0,-35.33493805 -14.25 -1.60000002,-35.27532196 -14.35947323 -0,-35.27532196 -14.35947323 -1.60000002,-35.22123718 -14.47178268 -0,-35.22123718 -14.47178268 -1.60000002,-35.17281723 -14.58664703 -0,-35.17281723 -14.58664703 -1.60000002,-35.13018036 -14.70378304 -0,-35.13018036 -14.70378304 -1.60000002,-35.09344101 -14.82289886 -0,-35.09344101 -14.82289886 -1.60000002,-35.06267929 -14.94369793 -0,-35.06267929 -14.94369793 -1.60000002,-35.03797913 -15.06587982 -0,-35.03797913 -15.06587982 -1.60000002,-35.01940155 -15.18914032 -0,-35.01940155 -15.18914032 -1.60000002,-35.00699234 -15.3131752 -0,-35.00699234 -15.3131752 -1.60000002,-35.0007782 -15.43767357 -0,-35.0007782 -15.43767357 -1.60000002,-35.0007782 -15.56232643 -0,-35.0007782 -15.56232643 -1.60000002,-35.00699234 -15.6868248 -0,-35.00699234 -15.6868248 -1.60000002,-35.01940155 -15.81085968 -1.60000002,-35.01940155 -15.81085968 -0,-35.03797913 -15.93412018 -0,-35.03797913 -15.93412018 -1.60000002,-35.06267929 -16.05630302 -0,-35.06267929 -16.05630302 -1.60000002,-35.09344101 -16.17710114 -1.60000002,-35.09344101 -16.17710114 -0,-35.13018036 -16.29621696 -0,-35.13018036 -16.29621696 -1.60000002,-35.17281723 -16.41335297 -0,-35.17281723 -16.41335297 -1.60000002,-35.22123718 -16.52821732 -1.60000002,-35.22123718 -16.52821732 -0,-35.27532196 -16.64052582 -0,-35.27532196 -16.64052582 -1.60000002,-35.33493805 -16.75 -0,-35.33493805 -16.75 -1.60000002,-35.39993668 -16.8563652 -1.60000002,-35.39993668 -16.8563652 -0,-35.47015381 -16.95936012 -1.60000002,-35.47015381 -16.95936012 -0,-35.5454216 -17.05872536 -1.60000002,-35.5454216 -17.05872536 -0,-35.6255455 -17.15421486 -0,-35.6255455 -17.15421486 -1.60000002,-35.71033478 -17.24559212 -1.60000002,-35.71033478 -17.24559212 -0,-35.79956818 -17.33263016 -1.60000002,-35.79956818 -17.33263016 -0,-35.89303207 -17.41511154 -0,-35.89303207 -17.41511154 -1.60000002,-35.99048996 -17.49283218 -1.60000002,-35.99048996 -17.49283218 -0,-36.09170151 -17.56559753 -0,-36.09170151 -17.56559753 -1.60000002,-36.19641113 -17.63322639 -0,-36.19641113 -17.63322639 -1.60000002,-36.30436325 -17.69555473 -1.60000002,-36.30436325 -17.69555473 -0,-36.41529083 -17.75242233 -0,-36.41529083 -17.75242233 -1.60000002,-36.52891159 -17.80368996 -0,-36.52891159 -17.80368996 -1.60000002,-36.64495087 -17.84923172 -0,-36.64495087 -17.84923172 -1.60000002,-36.76311111 -17.88893127 -0,-36.76311111 -17.88893127 -1.60000002,-36.88310623 -17.92269325 -0,-36.88310623 -17.92269325 -1.60000002,-37.00463486 -17.95043182 -1.60000002,-37.00463486 -17.95043182 -0,-37.12739563 -17.97207642 -1.60000002,-37.12739563 -17.97207642 -0,-37.25107956 -17.98757744 -0,-37.25107956 -17.98757744 -1.60000002,-37.37538528 -17.99689293 -0,-37.37538528 -17.99689293 -1.60000002,-37.5 -18 -1.60000002,-37.5 -18 -0,-37.62461472 -17.99689293 -0,-37.62461472 -17.99689293 -1.60000002,-37.74892044 -17.98757744 -0,-37.74892044 -17.98757744 -1.60000002,-37.87260437 -17.97207642 -0,-37.87260437 -17.97207642 -1.60000002,-37.99536514 -17.95043182 -0,-37.99536514 -17.95043182 -1.60000002,-38.11689377 -17.92269325 -0,-38.11689377 -17.92269325 -1.60000002,-38.23688889 -17.88893127 -0,-38.23688889 -17.88893127 -1.60000002,-38.35504913 -17.84923172 -0,-38.35504913 -17.84923172 -1.60000002,-38.47108841 -17.80368996 -0,-38.47108841 -17.80368996 -1.60000002,-38.58470917 -17.75242233 -0,-38.58470917 -17.75242233 -1.60000002,-38.69563675 -17.69555473 -0,-38.69563675 -17.69555473 -1.60000002,-38.80358887 -17.63322639 -0,-38.80358887 -17.63322639 -1.60000002,-38.90829849 -17.56559753 -0,-38.90829849 -17.56559753 -1.60000002,-39.00951004 -17.49283218 -0,-39.00951004 -17.49283218 -1.60000002,-39.10696793 -17.41511154 -0,-39.10696793 -17.41511154 -1.60000002,-39.20043182 -17.33263016 -0,-39.20043182 -17.33263016 -1.60000002,-39.28966522 -17.24559212 -0,-39.28966522 -17.24559212 -1.60000002,-39.3744545 -17.15421486 -0,-39.3744545 -17.15421486 -1.60000002,-39.4545784 -17.05872536 -0,-39.4545784 -17.05872536 -1.60000002,-39.52984619 -16.95936012 -0,-39.52984619 -16.95936012 -1.60000002,-39.60006332 -16.8563652 -0,-39.60006332 -16.8563652 -1.60000002,-39.66506195 -16.75 -0,-39.66506195 -16.75 -1.60000002,-39.72467804 -16.64052582 -1.60000002,-39.72467804 -16.64052582 -0,-39.77876282 -16.52821732 -0,-39.77876282 -16.52821732 -1.60000002,-39.82718277 -16.41335297 -0,-39.82718277 -16.41335297 -1.60000002,-39.86981964 -16.29621696 -0,-39.86981964 -16.29621696 -1.60000002,-39.90655899 -16.17710114 -0,-39.90655899 -16.17710114 -1.60000002,-39.93732071 -16.05630302 -0,-39.93732071 -16.05630302 -1.60000002,-39.96202087 -15.93412018 -1.60000002,-39.96202087 -15.93412018 -0,-39.98059845 -15.81085968 -0,-39.98059845 -15.81085968 -1.60000002,-39.99300766 -15.6868248 -1.60000002,-39.99300766 -15.6868248 -0,-39.9992218 -15.56232643 -0,-39.9992218 -15.56232643 -1.60000002,-39.9992218 -15.43767357 -0,-39.9992218 -15.43767357 -1.60000002,-39.99300766 -15.3131752 -0,-39.99300766 -15.3131752 -1.60000002,-39.98059845 -15.18914032 -0,-39.98059845 -15.18914032 -1.60000002,-39.96202087 -15.06587982 -0,-39.96202087 -15.06587982 -1.60000002,-39.93732071 -14.94369793 -0,-39.93732071 -14.94369793 -1.60000002,-39.90655899 -14.82289886 -1.60000002,-39.90655899 -14.82289886 -0,-39.86981964 -14.70378304 -0,-39.86981964 -14.70378304 -1.60000002,-39.82718277 -14.58664703 -0,-39.82718277 -14.58664703 -1.60000002,-39.77876282 -14.47178268 -0,-39.77876282 -14.47178268 -1.60000002,-39.72467804 -14.35947323 -0,-39.72467804 -14.35947323 -1.60000002,-39.66506195 -14.25 -0,-39.66506195 -14.25 -1.60000002,-39.60006332 -14.1436348 -1.60000002,-39.60006332 -14.1436348 -0,-39.52984619 -14.04064083 -0,-39.52984619 -14.04064083 -1.60000002,-39.4545784 -13.9412756 -0,-39.4545784 -13.9412756 -1.60000002,-39.3744545 -13.84578514 -0,-39.3744545 -13.84578514 -1.60000002,-39.28966522 -13.75440788 -0,-39.28966522 -13.75440788 -1.60000002,-39.20043182 -13.6673708 -1.60000002,-39.20043182 -13.6673708 -0,-39.10696793 -13.58488846 -0,-39.10696793 -13.58488846 -1.60000002,-39.00951004 -13.50716877 -1.60000002,-39.00951004 -13.50716877 -0,-38.90829849 -13.43440342 -0,-38.90829849 -13.43440342 -1.60000002,-38.80358887 -13.36677265 -0,-38.80358887 -13.36677265 -1.60000002,-38.69563675 -13.30444622 -0,-38.69563675 -13.30444622 -1.60000002,-38.58470917 -13.24757767 -1.60000002,-38.58470917 -13.24757767 -0,-38.47108841 -13.19630909 -0,-38.47108841 -13.19630909 -1.60000002,-38.35504913 -13.15076828 -0,-38.35504913 -13.15076828 -1.60000002,-38.23688889 -13.11106777 -1.60000002,-38.23688889 -13.11106777 -0,-38.11689377 -13.07730675 -0,-38.11689377 -13.07730675 -1.60000002,-37.99536514 -13.04956913 -0,-37.99536514 -13.04956913 -1.60000002,-37.87260437 -13.02792263 -0,-37.87260437 -13.02792263 -1.60000002,-37.74892044 -13.01242352 -0,-37.74892044 -13.01242352 -1.60000002,-37.62461472 -13.00310802 -0,-37.62461472 -13.00310802 -1.60000002,-37.43769455 -16.74844551 -1.60000002,-37.37554169 -16.74378777 -1.60000002,-37.31369781 -16.73603821 -1.60000002,-37.25231552 -16.72521591 -1.60000002,-37.19155502 -16.71134567 -1.60000002,-37.13155746 -16.69446564 -1.60000002,-37.07247543 -16.67461586 -1.60000002,-37.0144577 -16.65184593 -1.60000002,-36.95764542 -16.62621117 -1.60000002,-36.90218353 -16.59777641 -1.60000002,-36.84820557 -16.56661415 -1.60000002,-36.79584885 -16.53279877 -1.60000002,-36.74524307 -16.49641609 -1.60000002,-36.69651413 -16.45755577 -1.60000002,-36.64978409 -16.41631508 -1.60000002,-36.60516739 -16.3727951 -1.60000002,-36.56277466 -16.32710648 -1.60000002,-36.52270889 -16.27936172 -1.60000002,-36.4850769 -16.22967911 -1.60000002,-36.44996643 -16.1781826 -1.60000002,-36.41746902 -16.125 -1.60000002,-36.38766098 -16.07026291 -1.60000002,-36.36061859 -16.01410866 -1.60000002,-36.33640671 -15.95667648 -1.60000002,-36.31509018 -15.89810848 -1.60000002,-36.2967186 -15.83855057 -1.60000002,-36.28134155 -15.77815151 -1.60000002,-36.26898956 -15.71706009 -1.60000002,-36.25970078 -15.65542984 -1.60000002,-36.25349426 -15.5934124 -1.60000002,-36.2503891 -15.53116322 -1.60000002,-37.43769455 -14.25155354 -1.60000002,-36.2503891 -15.46883678 -1.60000002,-36.25349426 -15.4065876 -1.60000002,-37.37554169 -14.25621128 -1.60000002,-36.25970078 -15.34457016 -1.60000002,-37.31369781 -14.26396179 -1.60000002,-37.25231552 -14.27478409 -1.60000002,-36.26898956 -15.28293991 -1.60000002,-36.28134155 -15.22184849 -1.60000002,-37.19155502 -14.28865337 -1.60000002,-37.13155746 -14.30553436 -1.60000002,-36.2967186 -15.16144943 -1.60000002,-37.07247543 -14.32538414 -1.60000002,-36.31509018 -15.10189152 -1.60000002,-36.33640671 -15.04332352 -1.60000002,-36.36061859 -14.98589134 -1.60000002,-37.0144577 -14.34815502 -1.60000002,-36.95764542 -14.37378883 -1.60000002,-36.90218353 -14.40222263 -1.60000002,-36.38766098 -14.92973709 -1.60000002,-36.41746902 -14.875 -1.60000002,-36.84820557 -14.4333868 -1.60000002,-36.44996643 -14.8218174 -1.60000002,-36.4850769 -14.77031994 -1.60000002,-36.79584885 -14.46720123 -1.60000002,-36.74524307 -14.50358391 -1.60000002,-36.52270889 -14.72063732 -1.60000002,-36.56277466 -14.67289257 -1.60000002,-36.69651413 -14.54244423 -1.60000002,-36.64978409 -14.58368492 -1.60000002,-36.60516739 -14.62720394 -1.60000002,-37.43769455 -14.25155354 -0,-37.37554169 -14.25621128 -0,-37.31369781 -14.26396179 -0,-37.25231552 -14.27478409 -0,-37.19155502 -14.28865337 -0,-37.13155746 -14.30553436 -0,-37.07247543 -14.32538414 -0,-37.0144577 -14.34815502 -0,-36.95764542 -14.37378883 -0,-36.90218353 -14.40222263 -0,-36.84820557 -14.4333868 -0,-36.79584885 -14.46720123 -0,-36.74524307 -14.50358391 -0,-36.69651413 -14.54244423 -0,-36.64978409 -14.58368492 -0,-36.60516739 -14.62720394 -0,-36.56277466 -14.67289257 -0,-36.52270889 -14.72063732 -0,-36.4850769 -14.77031994 -0,-36.44996643 -14.8218174 -0,-36.41746902 -14.875 -0,-36.38766098 -14.92973709 -0,-36.36061859 -14.98589134 -0,-36.33640671 -15.04332352 -0,-36.31509018 -15.10189152 -0,-36.2967186 -15.16144943 -0,-36.28134155 -15.22184849 -0,-36.26898956 -15.28293991 -0,-36.25970078 -15.34457016 -0,-36.25349426 -15.4065876 -0,-36.2503891 -15.46883678 -0,-36.2503891 -15.53116322 -0,-36.25349426 -15.5934124 -0,-36.25970078 -15.65542984 -0,-36.26898956 -15.71706009 -0,-36.28134155 -15.77815151 -0,-36.2967186 -15.83855057 -0,-36.31509018 -15.89810848 -0,-36.33640671 -15.95667648 -0,-36.36061859 -16.01410866 -0,-36.38766098 -16.07026291 -0,-36.41746902 -16.125 -0,-36.44996643 -16.1781826 -0,-36.4850769 -16.22967911 -0,-36.52270889 -16.27936172 -0,-36.56277466 -16.32710648 -0,-36.60516739 -16.3727951 -0,-36.64978409 -16.41631508 -0,-36.69651413 -16.45755577 -0,-36.74524307 -16.49641609 -0,-36.79584885 -16.53279877 -0,-36.84820557 -16.56661415 -0,-36.90218353 -16.59777641 -0,-36.95764542 -16.62621117 -0,-37.0144577 -16.65184593 -0,-37.07247543 -16.67461586 -0,-37.13155746 -16.69446564 -0,-37.19155502 -16.71134567 -0,-37.25231552 -16.72521591 -0,-37.31369781 -16.73603821 -0,-37.37554169 -16.74378777 -0,-37.43769455 -16.74844551 -0,-37.5 14.25 0,-37.5 14.25 -1.60000002,-37.56230545 14.25155354 0,-37.56230545 14.25155354 -1.60000002,-37.62445831 14.25621128 0,-37.62445831 14.25621128 -1.60000002,-37.68630219 14.26396179 0,-37.68630219 14.26396179 -1.60000002,-37.74768448 14.27478409 0,-37.74768448 14.27478409 -1.60000002,-37.80844498 14.28865337 0,-37.80844498 14.28865337 -1.60000002,-37.86844254 14.30553436 0,-37.86844254 14.30553436 -1.60000002,-37.92752457 14.32538414 0,-37.92752457 14.32538414 -1.60000002,-37.9855423 14.34815502 0,-37.9855423 14.34815502 -1.60000002,-38.04235458 14.37378883 0,-38.04235458 14.37378883 -1.60000002,-38.09781647 14.40222263 0,-38.09781647 14.40222263 -1.60000002,-38.15179443 14.4333868 0,-38.15179443 14.4333868 -1.60000002,-38.20415115 14.46720123 0,-38.20415115 14.46720123 -1.60000002,-38.25475693 14.50358391 0,-38.25475693 14.50358391 -1.60000002,-38.30348587 14.54244423 0,-38.30348587 14.54244423 -1.60000002,-38.35021591 14.58368492 -1.60000002,-38.35021591 14.58368492 0,-38.39483261 14.62720394 -1.60000002,-38.39483261 14.62720394 0,-38.43722534 14.67289257 0,-38.43722534 14.67289257 -1.60000002,-38.47729111 14.72063732 0,-38.47729111 14.72063732 -1.60000002,-38.5149231 14.77031994 -1.60000002,-38.5149231 14.77031994 0,-38.55003357 14.8218174 0,-38.55003357 14.8218174 -1.60000002,-38.58253098 14.875 0,-38.58253098 14.875 -1.60000002,-38.61233902 14.92973709 -1.60000002,-38.61233902 14.92973709 0,-38.63938141 14.98589134 -1.60000002,-38.63938141 14.98589134 0,-38.66359329 15.04332352 -1.60000002,-38.66359329 15.04332352 0,-38.68490982 15.10189152 -1.60000002,-38.68490982 15.10189152 0,-38.7032814 15.16144943 -1.60000002,-38.7032814 15.16144943 0,-38.71865845 15.22184849 -1.60000002,-38.71865845 15.22184849 0,-38.73101044 15.28293991 -1.60000002,-38.73101044 15.28293991 0,-38.74029922 15.34457016 0,-38.74029922 15.34457016 -1.60000002,-38.74650574 15.4065876 -1.60000002,-38.74650574 15.4065876 0,-38.7496109 15.46883678 0,-38.7496109 15.46883678 -1.60000002,-38.7496109 15.53116322 -1.60000002,-38.7496109 15.53116322 0,-38.74650574 15.5934124 -1.60000002,-38.74650574 15.5934124 0,-38.74029922 15.65542984 0,-38.74029922 15.65542984 -1.60000002,-38.73101044 15.71706009 -1.60000002,-38.73101044 15.71706009 0,-38.71865845 15.77815151 0,-38.71865845 15.77815151 -1.60000002,-38.7032814 15.83855057 -1.60000002,-38.7032814 15.83855057 0,-38.68490982 15.89810848 0,-38.68490982 15.89810848 -1.60000002,-38.66359329 15.95667648 0,-38.66359329 15.95667648 -1.60000002,-38.63938141 16.01410866 -1.60000002,-38.63938141 16.01410866 0,-38.61233902 16.07026291 0,-38.61233902 16.07026291 -1.60000002,-38.58253098 16.125 0,-38.58253098 16.125 -1.60000002,-38.55003357 16.1781826 -1.60000002,-38.55003357 16.1781826 0,-38.5149231 16.22967911 0,-38.5149231 16.22967911 -1.60000002,-38.47729111 16.27936172 0,-38.47729111 16.27936172 -1.60000002,-38.43722534 16.32710648 -1.60000002,-38.43722534 16.32710648 0,-38.39483261 16.3727951 -1.60000002,-38.39483261 16.3727951 0,-38.35021591 16.41631508 -1.60000002,-38.35021591 16.41631508 0,-38.30348587 16.45755577 -1.60000002,-38.30348587 16.45755577 0,-38.25475693 16.49641609 -1.60000002,-38.25475693 16.49641609 0,-38.20415115 16.53279877 -1.60000002,-38.20415115 16.53279877 0,-38.15179443 16.56661415 0,-38.15179443 16.56661415 -1.60000002,-38.09781647 16.59777641 0,-38.09781647 16.59777641 -1.60000002,-38.04235458 16.62621117 -1.60000002,-38.04235458 16.62621117 0,-37.9855423 16.65184593 0,-37.9855423 16.65184593 -1.60000002,-37.92752457 16.67461586 0,-37.92752457 16.67461586 -1.60000002,-37.86844254 16.69446564 -1.60000002,-37.86844254 16.69446564 0,-37.80844498 16.71134567 0,-37.80844498 16.71134567 -1.60000002,-37.74768448 16.72521591 -1.60000002,-37.74768448 16.72521591 0,-37.68630219 16.73603821 0,-37.68630219 16.73603821 -1.60000002,-37.62445831 16.74378777 0,-37.62445831 16.74378777 -1.60000002,-37.56230545 16.74844551 0,-37.56230545 16.74844551 -1.60000002,-37.5 16.75 -1.60000002,-37.5 16.75 0,-37.5 18 -1.60000002,-37.5 18 0,-37.37538528 17.99689293 0,-37.37538528 17.99689293 -1.60000002,-37.25107956 17.98757744 0,-37.25107956 17.98757744 -1.60000002,-37.12739563 17.97207642 0,-37.12739563 17.97207642 -1.60000002,-37.00463486 17.95043182 0,-37.00463486 17.95043182 -1.60000002,-36.88310623 17.92269325 0,-36.88310623 17.92269325 -1.60000002,-36.76311111 17.88893127 0,-36.76311111 17.88893127 -1.60000002,-36.64495087 17.84923172 0,-36.64495087 17.84923172 -1.60000002,-36.52891159 17.80368996 0,-36.52891159 17.80368996 -1.60000002,-36.41529083 17.75242233 0,-36.41529083 17.75242233 -1.60000002,-36.30436325 17.69555473 0,-36.30436325 17.69555473 -1.60000002,-36.19641113 17.63322639 0,-36.19641113 17.63322639 -1.60000002,-36.09170151 17.56559753 0,-36.09170151 17.56559753 -1.60000002,-35.99048996 17.49283218 0,-35.99048996 17.49283218 -1.60000002,-35.89303207 17.41511154 0,-35.89303207 17.41511154 -1.60000002,-35.79956818 17.33263016 0,-35.79956818 17.33263016 -1.60000002,-35.71033478 17.24559212 0,-35.71033478 17.24559212 -1.60000002,-35.6255455 17.15421486 0,-35.6255455 17.15421486 -1.60000002,-35.5454216 17.05872536 0,-35.5454216 17.05872536 -1.60000002,-35.47015381 16.95936012 0,-35.47015381 16.95936012 -1.60000002,-35.39993668 16.8563652 0,-35.39993668 16.8563652 -1.60000002,-35.33493805 16.75 0,-35.33493805 16.75 -1.60000002,-35.27532196 16.64052582 0,-35.27532196 16.64052582 -1.60000002,-35.22123718 16.52821732 0,-35.22123718 16.52821732 -1.60000002,-35.17281723 16.41335297 0,-35.17281723 16.41335297 -1.60000002,-35.13018036 16.29621696 0,-35.13018036 16.29621696 -1.60000002,-35.09344101 16.17710114 0,-35.09344101 16.17710114 -1.60000002,-35.06267929 16.05630302 0,-35.06267929 16.05630302 -1.60000002,-35.03797913 15.93412018 0,-35.03797913 15.93412018 -1.60000002,-35.01940155 15.81085968 0,-35.01940155 15.81085968 -1.60000002,-35.00699234 15.6868248 0,-35.00699234 15.6868248 -1.60000002,-35.0007782 15.56232643 0,-35.0007782 15.56232643 -1.60000002,-35.0007782 15.43767357 0,-35.0007782 15.43767357 -1.60000002,-35.00699234 15.3131752 0,-35.00699234 15.3131752 -1.60000002,-35.01940155 15.18914032 0,-35.01940155 15.18914032 -1.60000002,-35.03797913 15.06587982 0,-35.03797913 15.06587982 -1.60000002,-35.06267929 14.94369793 0,-35.06267929 14.94369793 -1.60000002,-35.09344101 14.82289886 0,-35.09344101 14.82289886 -1.60000002,-35.13018036 14.70378304 0,-35.13018036 14.70378304 -1.60000002,-35.17281723 14.58664703 0,-35.17281723 14.58664703 -1.60000002,-35.22123718 14.47178268 0,-35.22123718 14.47178268 -1.60000002,-35.27532196 14.35947323 0,-35.27532196 14.35947323 -1.60000002,-35.33493805 14.25 0,-35.33493805 14.25 -1.60000002,-35.39993668 14.1436348 0,-35.39993668 14.1436348 -1.60000002,-35.47015381 14.04064083 0,-35.47015381 14.04064083 -1.60000002,-35.5454216 13.9412756 -1.60000002,-35.5454216 13.9412756 0,-35.6255455 13.84578514 0,-35.6255455 13.84578514 -1.60000002,-35.71033478 13.75440788 0,-35.71033478 13.75440788 -1.60000002,-35.79956818 13.6673708 -1.60000002,-35.79956818 13.6673708 0,-35.89303207 13.58488846 0,-35.89303207 13.58488846 -1.60000002,-35.99048996 13.50716877 0,-35.99048996 13.50716877 -1.60000002,-36.09170151 13.43440342 0,-36.09170151 13.43440342 -1.60000002,-36.19641113 13.36677265 0,-36.19641113 13.36677265 -1.60000002,-36.30436325 13.30444622 -1.60000002,-36.30436325 13.30444622 0,-36.41529083 13.24757767 0,-36.41529083 13.24757767 -1.60000002,-36.52891159 13.19630909 0,-36.52891159 13.19630909 -1.60000002,-36.64495087 13.15076828 0,-36.64495087 13.15076828 -1.60000002,-36.76311111 13.11106777 0,-36.76311111 13.11106777 -1.60000002,-36.88310623 13.07730675 0,-36.88310623 13.07730675 -1.60000002,-37.00463486 13.04956913 -1.60000002,-37.00463486 13.04956913 0,-37.12739563 13.02792263 0,-37.12739563 13.02792263 -1.60000002,-37.25107956 13.01242352 0,-37.25107956 13.01242352 -1.60000002,-37.37538528 13.00310802 0,-37.37538528 13.00310802 -1.60000002,-37.5 13 -1.60000002,-37.5 13 0,-37.62461472 13.00310802 0,-37.62461472 13.00310802 -1.60000002,-37.74892044 13.01242352 0,-37.74892044 13.01242352 -1.60000002,-37.87260437 13.02792263 0,-37.87260437 13.02792263 -1.60000002,-37.99536514 13.04956913 0,-37.99536514 13.04956913 -1.60000002,-38.11689377 13.07730675 0,-38.11689377 13.07730675 -1.60000002,-38.23688889 13.11106777 0,-38.23688889 13.11106777 -1.60000002,-38.35504913 13.15076828 0,-38.35504913 13.15076828 -1.60000002,-38.47108841 13.19630909 0,-38.47108841 13.19630909 -1.60000002,-38.58470917 13.24757767 0,-38.58470917 13.24757767 -1.60000002,-38.69563675 13.30444622 0,-38.69563675 13.30444622 -1.60000002,-38.80358887 13.36677265 0,-38.80358887 13.36677265 -1.60000002,-38.90829849 13.43440342 0,-38.90829849 13.43440342 -1.60000002,-39.00951004 13.50716877 0,-39.00951004 13.50716877 -1.60000002,-39.10696793 13.58488846 0,-39.10696793 13.58488846 -1.60000002,-39.20043182 13.6673708 -1.60000002,-39.20043182 13.6673708 0,-39.28966522 13.75440788 -1.60000002,-39.28966522 13.75440788 0,-39.3744545 13.84578514 -1.60000002,-39.3744545 13.84578514 0,-39.4545784 13.9412756 0,-39.4545784 13.9412756 -1.60000002,-39.52984619 14.04064083 -1.60000002,-39.52984619 14.04064083 0,-39.60006332 14.1436348 -1.60000002,-39.60006332 14.1436348 0,-39.66506195 14.25 0,-39.66506195 14.25 -1.60000002,-39.72467804 14.35947323 -1.60000002,-39.72467804 14.35947323 0,-39.77876282 14.47178268 -1.60000002,-39.77876282 14.47178268 0,-39.82718277 14.58664703 -1.60000002,-39.82718277 14.58664703 0,-39.86981964 14.70378304 -1.60000002,-39.86981964 14.70378304 0,-39.90655899 14.82289886 -1.60000002,-39.90655899 14.82289886 0,-39.93732071 14.94369793 -1.60000002,-39.93732071 14.94369793 0,-39.96202087 15.06587982 -1.60000002,-39.96202087 15.06587982 0,-39.98059845 15.18914032 0,-39.98059845 15.18914032 -1.60000002,-39.99300766 15.3131752 -1.60000002,-39.99300766 15.3131752 0,-39.9992218 15.43767357 0,-39.9992218 15.43767357 -1.60000002,-39.9992218 15.56232643 -1.60000002,-39.9992218 15.56232643 0,-39.99300766 15.6868248 -1.60000002,-39.99300766 15.6868248 0,-39.98059845 15.81085968 0,-39.98059845 15.81085968 -1.60000002,-39.96202087 15.93412018 -1.60000002,-39.96202087 15.93412018 0,-39.93732071 16.05630302 0,-39.93732071 16.05630302 -1.60000002,-39.90655899 16.17710114 -1.60000002,-39.90655899 16.17710114 0,-39.86981964 16.29621696 0,-39.86981964 16.29621696 -1.60000002,-39.82718277 16.41335297 0,-39.82718277 16.41335297 -1.60000002,-39.77876282 16.52821732 -1.60000002,-39.77876282 16.52821732 0,-39.72467804 16.64052582 -1.60000002,-39.72467804 16.64052582 0,-39.66506195 16.75 0,-39.66506195 16.75 -1.60000002,-39.60006332 16.8563652 -1.60000002,-39.60006332 16.8563652 0,-39.52984619 16.95936012 0,-39.52984619 16.95936012 -1.60000002,-39.4545784 17.05872536 0,-39.4545784 17.05872536 -1.60000002,-39.3744545 17.15421486 -1.60000002,-39.3744545 17.15421486 0,-39.28966522 17.24559212 -1.60000002,-39.28966522 17.24559212 0,-39.20043182 17.33263016 -1.60000002,-39.20043182 17.33263016 0,-39.10696793 17.41511154 -1.60000002,-39.10696793 17.41511154 0,-39.00951004 17.49283218 -1.60000002,-39.00951004 17.49283218 0,-38.90829849 17.56559753 -1.60000002,-38.90829849 17.56559753 0,-38.80358887 17.63322639 0,-38.80358887 17.63322639 -1.60000002,-38.69563675 17.69555473 0,-38.69563675 17.69555473 -1.60000002,-38.58470917 17.75242233 -1.60000002,-38.58470917 17.75242233 0,-38.47108841 17.80368996 0,-38.47108841 17.80368996 -1.60000002,-38.35504913 17.84923172 0,-38.35504913 17.84923172 -1.60000002,-38.23688889 17.88893127 -1.60000002,-38.23688889 17.88893127 0,-38.11689377 17.92269325 0,-38.11689377 17.92269325 -1.60000002,-37.99536514 17.95043182 -1.60000002,-37.99536514 17.95043182 0,-37.87260437 17.97207642 -1.60000002,-37.87260437 17.97207642 0,-37.74892044 17.98757744 0,-37.74892044 17.98757744 -1.60000002,-37.62461472 17.99689293 0,-37.62461472 17.99689293 -1.60000002,-37.43769455 16.74844551 -1.60000002,-37.37554169 16.74378777 -1.60000002,-37.31369781 16.73603821 -1.60000002,-37.25231552 16.72521591 -1.60000002,-37.19155502 16.71134567 -1.60000002,-37.13155746 16.69446564 -1.60000002,-37.07247543 16.67461586 -1.60000002,-37.0144577 16.65184593 -1.60000002,-36.95764542 16.62621117 -1.60000002,-36.90218353 16.59777641 -1.60000002,-36.84820557 16.56661415 -1.60000002,-36.79584885 16.53279877 -1.60000002,-36.74524307 16.49641609 -1.60000002,-36.69651413 16.45755577 -1.60000002,-36.64978409 16.41631508 -1.60000002,-36.60516739 16.3727951 -1.60000002,-36.56277466 16.32710648 -1.60000002,-36.52270889 16.27936172 -1.60000002,-36.4850769 16.22967911 -1.60000002,-36.44996643 16.1781826 -1.60000002,-36.41746902 16.125 -1.60000002,-36.38766098 16.07026291 -1.60000002,-36.36061859 16.01410866 -1.60000002,-36.33640671 15.95667648 -1.60000002,-36.31509018 15.89810848 -1.60000002,-36.2967186 15.83855057 -1.60000002,-36.28134155 15.77815151 -1.60000002,-36.26898956 15.71706009 -1.60000002,-36.25970078 15.65542984 -1.60000002,-36.25349426 15.5934124 -1.60000002,-36.2503891 15.53116322 -1.60000002,-36.2503891 15.46883678 -1.60000002,-37.43769455 14.25155354 -1.60000002,-37.37554169 14.25621128 -1.60000002,-36.25349426 15.4065876 -1.60000002,-36.25970078 15.34457016 -1.60000002,-36.26898956 15.28293991 -1.60000002,-37.31369781 14.26396179 -1.60000002,-37.19155502 14.28865337 -1.60000002,-37.25231552 14.27478409 -1.60000002,-36.28134155 15.22184849 -1.60000002,-36.2967186 15.16144943 -1.60000002,-36.31509018 15.10189152 -1.60000002,-37.13155746 14.30553436 -1.60000002,-36.33640671 15.04332352 -1.60000002,-37.07247543 14.32538414 -1.60000002,-37.0144577 14.34815502 -1.60000002,-36.36061859 14.98589134 -1.60000002,-36.38766098 14.92973709 -1.60000002,-36.95764542 14.37378883 -1.60000002,-36.90218353 14.40222263 -1.60000002,-36.41746902 14.875 -1.60000002,-36.79584885 14.46720123 -1.60000002,-36.84820557 14.4333868 -1.60000002,-36.44996643 14.8218174 -1.60000002,-36.4850769 14.77031994 -1.60000002,-36.52270889 14.72063732 -1.60000002,-36.74524307 14.50358391 -1.60000002,-36.64978409 14.58368492 -1.60000002,-36.69651413 14.54244423 -1.60000002,-36.56277466 14.67289257 -1.60000002,-36.60516739 14.62720394 -1.60000002,-37.43769455 16.74844551 0,-37.37554169 16.74378777 0,-37.31369781 16.73603821 0,-37.25231552 16.72521591 0,-37.19155502 16.71134567 0,-37.13155746 16.69446564 0,-37.07247543 16.67461586 0,-37.0144577 16.65184593 0,-36.95764542 16.62621117 0,-36.90218353 16.59777641 0,-36.84820557 16.56661415 0,-36.79584885 16.53279877 0,-36.74524307 16.49641609 0,-36.69651413 16.45755577 0,-36.64978409 16.41631508 0,-36.60516739 16.3727951 0,-36.56277466 16.32710648 0,-36.52270889 16.27936172 0,-36.4850769 16.22967911 0,-36.44996643 16.1781826 0,-36.41746902 16.125 0,-36.38766098 16.07026291 0,-36.36061859 16.01410866 0,-36.33640671 15.95667648 0,-36.31509018 15.89810848 0,-36.2967186 15.83855057 0,-36.28134155 15.77815151 0,-36.26898956 15.71706009 0,-36.25970078 15.65542984 0,-36.25349426 15.5934124 0,-36.2503891 15.53116322 0,-36.2503891 15.46883678 0,-36.25349426 15.4065876 0,-36.25970078 15.34457016 0,-36.26898956 15.28293991 0,-36.28134155 15.22184849 0,-36.2967186 15.16144943 0,-36.31509018 15.10189152 0,-36.33640671 15.04332352 0,-36.36061859 14.98589134 0,-36.38766098 14.92973709 0,-36.41746902 14.875 0,-36.44996643 14.8218174 0,-36.4850769 14.77031994 0,-36.52270889 14.72063732 0,-36.56277466 14.67289257 0,-36.60516739 14.62720394 0,-36.64978409 14.58368492 0,-36.69651413 14.54244423 0,-36.74524307 14.50358391 0,-36.79584885 14.46720123 0,-36.84820557 14.4333868 0,-36.90218353 14.40222263 0,-36.95764542 14.37378883 0,-37.0144577 14.34815502 0,-37.07247543 14.32538414 0,-37.13155746 14.30553436 0,-37.19155502 14.28865337 0,-37.25231552 14.27478409 0,-37.31369781 14.26396179 0,-37.37554169 14.25621128 0,-37.43769455 14.25155354 0,37.5 14.25 0,37.5 14.25 -1.60000002,37.43769455 14.25155354 0,37.43769455 14.25155354 -1.60000002,37.37554169 14.25621128 0,37.37554169 14.25621128 -1.60000002,37.31369781 14.26396179 0,37.31369781 14.26396179 -1.60000002,37.25231552 14.27478409 0,37.25231552 14.27478409 -1.60000002,37.19155502 14.28865337 0,37.19155502 14.28865337 -1.60000002,37.13155746 14.30553436 0,37.13155746 14.30553436 -1.60000002,37.07247543 14.32538414 0,37.07247543 14.32538414 -1.60000002,37.0144577 14.34815502 0,37.0144577 14.34815502 -1.60000002,36.95764542 14.37378883 0,36.95764542 14.37378883 -1.60000002,36.90218353 14.40222263 0,36.90218353 14.40222263 -1.60000002,36.84820557 14.4333868 0,36.84820557 14.4333868 -1.60000002,36.79584885 14.46720123 0,36.79584885 14.46720123 -1.60000002,36.74524307 14.50358391 0,36.74524307 14.50358391 -1.60000002,36.69651413 14.54244423 0,36.69651413 14.54244423 -1.60000002,36.64978409 14.58368492 0,36.64978409 14.58368492 -1.60000002,36.60516739 14.62720394 0,36.60516739 14.62720394 -1.60000002,36.56277466 14.67289257 0,36.56277466 14.67289257 -1.60000002,36.52270889 14.72063732 0,36.52270889 14.72063732 -1.60000002,36.4850769 14.77031994 0,36.4850769 14.77031994 -1.60000002,36.44996643 14.8218174 0,36.44996643 14.8218174 -1.60000002,36.41746902 14.875 0,36.41746902 14.875 -1.60000002,36.38766098 14.92973709 0,36.38766098 14.92973709 -1.60000002,36.36061859 14.98589134 0,36.36061859 14.98589134 -1.60000002,36.33640671 15.04332352 0,36.33640671 15.04332352 -1.60000002,36.31509018 15.10189152 0,36.31509018 15.10189152 -1.60000002,36.2967186 15.16144943 0,36.2967186 15.16144943 -1.60000002,36.28134155 15.22184849 0,36.28134155 15.22184849 -1.60000002,36.26898956 15.28293991 -1.60000002,36.26898956 15.28293991 0,36.25970078 15.34457016 0,36.25970078 15.34457016 -1.60000002,36.25349426 15.4065876 -1.60000002,36.25349426 15.4065876 0,36.2503891 15.46883678 0,36.2503891 15.46883678 -1.60000002,36.2503891 15.53116322 0,36.2503891 15.53116322 -1.60000002,36.25349426 15.5934124 0,36.25349426 15.5934124 -1.60000002,36.25970078 15.65542984 0,36.25970078 15.65542984 -1.60000002,36.26898956 15.71706009 0,36.26898956 15.71706009 -1.60000002,36.28134155 15.77815151 0,36.28134155 15.77815151 -1.60000002,36.2967186 15.83855057 -1.60000002,36.2967186 15.83855057 0,36.31509018 15.89810848 0,36.31509018 15.89810848 -1.60000002,36.33640671 15.95667648 0,36.33640671 15.95667648 -1.60000002,36.36061859 16.01410866 0,36.36061859 16.01410866 -1.60000002,36.38766098 16.07026291 0,36.38766098 16.07026291 -1.60000002,36.41746902 16.125 0,36.41746902 16.125 -1.60000002,36.44996643 16.1781826 -1.60000002,36.44996643 16.1781826 0,36.4850769 16.22967911 0,36.4850769 16.22967911 -1.60000002,36.52270889 16.27936172 0,36.52270889 16.27936172 -1.60000002,36.56277466 16.32710648 0,36.56277466 16.32710648 -1.60000002,36.60516739 16.3727951 0,36.60516739 16.3727951 -1.60000002,36.64978409 16.41631508 -1.60000002,36.64978409 16.41631508 0,36.69651413 16.45755577 0,36.69651413 16.45755577 -1.60000002,36.74524307 16.49641609 -1.60000002,36.74524307 16.49641609 0,36.79584885 16.53279877 0,36.79584885 16.53279877 -1.60000002,36.84820557 16.56661415 0,36.84820557 16.56661415 -1.60000002,36.90218353 16.59777641 0,36.90218353 16.59777641 -1.60000002,36.95764542 16.62621117 -1.60000002,36.95764542 16.62621117 0,37.0144577 16.65184593 0,37.0144577 16.65184593 -1.60000002,37.07247543 16.67461586 0,37.07247543 16.67461586 -1.60000002,37.13155746 16.69446564 -1.60000002,37.13155746 16.69446564 0,37.19155502 16.71134567 0,37.19155502 16.71134567 -1.60000002,37.25231552 16.72521591 0,37.25231552 16.72521591 -1.60000002,37.31369781 16.73603821 0,37.31369781 16.73603821 -1.60000002,37.37554169 16.74378777 0,37.37554169 16.74378777 -1.60000002,37.43769455 16.74844551 0,37.43769455 16.74844551 -1.60000002,37.5 16.75 -1.60000002,37.5 16.75 0,37.5 18 -1.60000002,37.5 18 0,37.62461472 17.99689293 0,37.62461472 17.99689293 -1.60000002,37.74892044 17.98757744 0,37.74892044 17.98757744 -1.60000002,37.87260437 17.97207642 0,37.87260437 17.97207642 -1.60000002,37.99536514 17.95043182 0,37.99536514 17.95043182 -1.60000002,38.11689377 17.92269325 0,38.11689377 17.92269325 -1.60000002,38.23688889 17.88893127 0,38.23688889 17.88893127 -1.60000002,38.35504913 17.84923172 0,38.35504913 17.84923172 -1.60000002,38.47108841 17.80368996 0,38.47108841 17.80368996 -1.60000002,38.58470917 17.75242233 0,38.58470917 17.75242233 -1.60000002,38.69563675 17.69555473 0,38.69563675 17.69555473 -1.60000002,38.80358887 17.63322639 0,38.80358887 17.63322639 -1.60000002,38.90829849 17.56559753 0,38.90829849 17.56559753 -1.60000002,39.00951004 17.49283218 0,39.00951004 17.49283218 -1.60000002,39.10696793 17.41511154 0,39.10696793 17.41511154 -1.60000002,39.20043182 17.33263016 0,39.20043182 17.33263016 -1.60000002,39.28966522 17.24559212 0,39.28966522 17.24559212 -1.60000002,39.3744545 17.15421486 0,39.3744545 17.15421486 -1.60000002,39.4545784 17.05872536 0,39.4545784 17.05872536 -1.60000002,39.52984619 16.95936012 0,39.52984619 16.95936012 -1.60000002,39.60006332 16.8563652 0,39.60006332 16.8563652 -1.60000002,39.66506195 16.75 0,39.66506195 16.75 -1.60000002,39.72467804 16.64052582 0,39.72467804 16.64052582 -1.60000002,39.77876282 16.52821732 0,39.77876282 16.52821732 -1.60000002,39.82718277 16.41335297 0,39.82718277 16.41335297 -1.60000002,39.86981964 16.29621696 0,39.86981964 16.29621696 -1.60000002,39.90655899 16.17710114 0,39.90655899 16.17710114 -1.60000002,39.93732071 16.05630302 0,39.93732071 16.05630302 -1.60000002,39.96202087 15.93412018 0,39.96202087 15.93412018 -1.60000002,39.98059845 15.81085968 0,39.98059845 15.81085968 -1.60000002,39.99300766 15.6868248 0,39.99300766 15.6868248 -1.60000002,39.9992218 15.56232643 0,39.9992218 15.56232643 -1.60000002,39.9992218 15.43767357 0,39.9992218 15.43767357 -1.60000002,39.99300766 15.3131752 0,39.99300766 15.3131752 -1.60000002,39.98059845 15.18914032 -1.60000002,39.98059845 15.18914032 0,39.96202087 15.06587982 0,39.96202087 15.06587982 -1.60000002,39.93732071 14.94369793 0,39.93732071 14.94369793 -1.60000002,39.90655899 14.82289886 -1.60000002,39.90655899 14.82289886 0,39.86981964 14.70378304 0,39.86981964 14.70378304 -1.60000002,39.82718277 14.58664703 0,39.82718277 14.58664703 -1.60000002,39.77876282 14.47178268 -1.60000002,39.77876282 14.47178268 0,39.72467804 14.35947323 0,39.72467804 14.35947323 -1.60000002,39.66506195 14.25 0,39.66506195 14.25 -1.60000002,39.60006332 14.1436348 -1.60000002,39.60006332 14.1436348 0,39.52984619 14.04064083 -1.60000002,39.52984619 14.04064083 0,39.4545784 13.9412756 -1.60000002,39.4545784 13.9412756 0,39.3744545 13.84578514 0,39.3744545 13.84578514 -1.60000002,39.28966522 13.75440788 -1.60000002,39.28966522 13.75440788 0,39.20043182 13.6673708 -1.60000002,39.20043182 13.6673708 0,39.10696793 13.58488846 0,39.10696793 13.58488846 -1.60000002,39.00951004 13.50716877 -1.60000002,39.00951004 13.50716877 0,38.90829849 13.43440342 0,38.90829849 13.43440342 -1.60000002,38.80358887 13.36677265 0,38.80358887 13.36677265 -1.60000002,38.69563675 13.30444622 -1.60000002,38.69563675 13.30444622 0,38.58470917 13.24757767 0,38.58470917 13.24757767 -1.60000002,38.47108841 13.19630909 0,38.47108841 13.19630909 -1.60000002,38.35504913 13.15076828 0,38.35504913 13.15076828 -1.60000002,38.23688889 13.11106777 0,38.23688889 13.11106777 -1.60000002,38.11689377 13.07730675 0,38.11689377 13.07730675 -1.60000002,37.99536514 13.04956913 -1.60000002,37.99536514 13.04956913 0,37.87260437 13.02792263 -1.60000002,37.87260437 13.02792263 0,37.74892044 13.01242352 0,37.74892044 13.01242352 -1.60000002,37.62461472 13.00310802 0,37.62461472 13.00310802 -1.60000002,37.5 13 -1.60000002,37.5 13 0,37.37538528 13.00310802 0,37.37538528 13.00310802 -1.60000002,37.25107956 13.01242352 0,37.25107956 13.01242352 -1.60000002,37.12739563 13.02792263 0,37.12739563 13.02792263 -1.60000002,37.00463486 13.04956913 0,37.00463486 13.04956913 -1.60000002,36.88310623 13.07730675 0,36.88310623 13.07730675 -1.60000002,36.76311111 13.11106777 0,36.76311111 13.11106777 -1.60000002,36.64495087 13.15076828 0,36.64495087 13.15076828 -1.60000002,36.52891159 13.19630909 0,36.52891159 13.19630909 -1.60000002,36.41529083 13.24757767 0,36.41529083 13.24757767 -1.60000002,36.30436325 13.30444622 0,36.30436325 13.30444622 -1.60000002,36.19641113 13.36677265 0,36.19641113 13.36677265 -1.60000002,36.09170151 13.43440342 0,36.09170151 13.43440342 -1.60000002,35.99048996 13.50716877 0,35.99048996 13.50716877 -1.60000002,35.89303207 13.58488846 0,35.89303207 13.58488846 -1.60000002,35.79956818 13.6673708 0,35.79956818 13.6673708 -1.60000002,35.71033478 13.75440788 0,35.71033478 13.75440788 -1.60000002,35.6255455 13.84578514 0,35.6255455 13.84578514 -1.60000002,35.5454216 13.9412756 0,35.5454216 13.9412756 -1.60000002,35.47015381 14.04064083 0,35.47015381 14.04064083 -1.60000002,35.39993668 14.1436348 0,35.39993668 14.1436348 -1.60000002,35.33493805 14.25 0,35.33493805 14.25 -1.60000002,35.27532196 14.35947323 -1.60000002,35.27532196 14.35947323 0,35.22123718 14.47178268 0,35.22123718 14.47178268 -1.60000002,35.17281723 14.58664703 0,35.17281723 14.58664703 -1.60000002,35.13018036 14.70378304 0,35.13018036 14.70378304 -1.60000002,35.09344101 14.82289886 0,35.09344101 14.82289886 -1.60000002,35.06267929 14.94369793 0,35.06267929 14.94369793 -1.60000002,35.03797913 15.06587982 -1.60000002,35.03797913 15.06587982 0,35.01940155 15.18914032 0,35.01940155 15.18914032 -1.60000002,35.00699234 15.3131752 -1.60000002,35.00699234 15.3131752 0,35.0007782 15.43767357 0,35.0007782 15.43767357 -1.60000002,35.0007782 15.56232643 0,35.0007782 15.56232643 -1.60000002,35.00699234 15.6868248 0,35.00699234 15.6868248 -1.60000002,35.01940155 15.81085968 0,35.01940155 15.81085968 -1.60000002,35.03797913 15.93412018 0,35.03797913 15.93412018 -1.60000002,35.06267929 16.05630302 0,35.06267929 16.05630302 -1.60000002,35.09344101 16.17710114 -1.60000002,35.09344101 16.17710114 0,35.13018036 16.29621696 0,35.13018036 16.29621696 -1.60000002,35.17281723 16.41335297 0,35.17281723 16.41335297 -1.60000002,35.22123718 16.52821732 0,35.22123718 16.52821732 -1.60000002,35.27532196 16.64052582 0,35.27532196 16.64052582 -1.60000002,35.33493805 16.75 0,35.33493805 16.75 -1.60000002,35.39993668 16.8563652 -1.60000002,35.39993668 16.8563652 0,35.47015381 16.95936012 0,35.47015381 16.95936012 -1.60000002,35.5454216 17.05872536 0,35.5454216 17.05872536 -1.60000002,35.6255455 17.15421486 0,35.6255455 17.15421486 -1.60000002,35.71033478 17.24559212 0,35.71033478 17.24559212 -1.60000002,35.79956818 17.33263016 -1.60000002,35.79956818 17.33263016 0,35.89303207 17.41511154 0,35.89303207 17.41511154 -1.60000002,35.99048996 17.49283218 -1.60000002,35.99048996 17.49283218 0,36.09170151 17.56559753 0,36.09170151 17.56559753 -1.60000002,36.19641113 17.63322639 0,36.19641113 17.63322639 -1.60000002,36.30436325 17.69555473 0,36.30436325 17.69555473 -1.60000002,36.41529083 17.75242233 -1.60000002,36.41529083 17.75242233 0,36.52891159 17.80368996 0,36.52891159 17.80368996 -1.60000002,36.64495087 17.84923172 0,36.64495087 17.84923172 -1.60000002,36.76311111 17.88893127 -1.60000002,36.76311111 17.88893127 0,36.88310623 17.92269325 0,36.88310623 17.92269325 -1.60000002,37.00463486 17.95043182 0,37.00463486 17.95043182 -1.60000002,37.12739563 17.97207642 0,37.12739563 17.97207642 -1.60000002,37.25107956 17.98757744 0,37.25107956 17.98757744 -1.60000002,37.37538528 17.99689293 0,37.37538528 17.99689293 -1.60000002,37.56230545 14.25155354 -1.60000002,37.62445831 14.25621128 -1.60000002,37.68630219 14.26396179 -1.60000002,37.74768448 14.27478409 -1.60000002,37.80844498 14.28865337 -1.60000002,37.86844254 14.30553436 -1.60000002,37.92752457 14.32538414 -1.60000002,37.9855423 14.34815502 -1.60000002,38.04235458 14.37378883 -1.60000002,38.09781647 14.40222263 -1.60000002,38.15179443 14.4333868 -1.60000002,38.20415115 14.46720123 -1.60000002,38.25475693 14.50358391 -1.60000002,38.30348587 14.54244423 -1.60000002,38.35021591 14.58368492 -1.60000002,38.39483261 14.62720394 -1.60000002,38.43722534 14.67289257 -1.60000002,38.47729111 14.72063732 -1.60000002,38.5149231 14.77031994 -1.60000002,38.55003357 14.8218174 -1.60000002,38.58253098 14.875 -1.60000002,38.61233902 14.92973709 -1.60000002,38.63938141 14.98589134 -1.60000002,38.66359329 15.04332352 -1.60000002,38.68490982 15.10189152 -1.60000002,38.7032814 15.16144943 -1.60000002,38.71865845 15.22184849 -1.60000002,38.73101044 15.28293991 -1.60000002,38.74029922 15.34457016 -1.60000002,38.74650574 15.4065876 -1.60000002,38.7496109 15.46883678 -1.60000002,37.56230545 16.74844551 -1.60000002,38.7496109 15.53116322 -1.60000002,38.74650574 15.5934124 -1.60000002,37.62445831 16.74378777 -1.60000002,37.68630219 16.73603821 -1.60000002,38.74029922 15.65542984 -1.60000002,37.74768448 16.72521591 -1.60000002,38.73101044 15.71706009 -1.60000002,38.71865845 15.77815151 -1.60000002,37.80844498 16.71134567 -1.60000002,38.7032814 15.83855057 -1.60000002,38.68490982 15.89810848 -1.60000002,37.86844254 16.69446564 -1.60000002,37.92752457 16.67461586 -1.60000002,38.66359329 15.95667648 -1.60000002,38.63938141 16.01410866 -1.60000002,37.9855423 16.65184593 -1.60000002,38.61233902 16.07026291 -1.60000002,38.04235458 16.62621117 -1.60000002,38.58253098 16.125 -1.60000002,38.09781647 16.59777641 -1.60000002,38.15179443 16.56661415 -1.60000002,38.20415115 16.53279877 -1.60000002,38.55003357 16.1781826 -1.60000002,38.5149231 16.22967911 -1.60000002,38.25475693 16.49641609 -1.60000002,38.47729111 16.27936172 -1.60000002,38.30348587 16.45755577 -1.60000002,38.43722534 16.32710648 -1.60000002,38.35021591 16.41631508 -1.60000002,38.39483261 16.3727951 -1.60000002,37.56230545 16.74844551 0,37.62445831 16.74378777 0,37.68630219 16.73603821 0,37.74768448 16.72521591 0,37.80844498 16.71134567 0,37.86844254 16.69446564 0,37.92752457 16.67461586 0,37.9855423 16.65184593 0,38.04235458 16.62621117 0,38.09781647 16.59777641 0,38.15179443 16.56661415 0,38.20415115 16.53279877 0,38.25475693 16.49641609 0,38.30348587 16.45755577 0,38.35021591 16.41631508 0,38.39483261 16.3727951 0,38.43722534 16.32710648 0,38.47729111 16.27936172 0,38.5149231 16.22967911 0,38.55003357 16.1781826 0,38.58253098 16.125 0,38.61233902 16.07026291 0,38.63938141 16.01410866 0,38.66359329 15.95667648 0,38.68490982 15.89810848 0,38.7032814 15.83855057 0,38.71865845 15.77815151 0,38.73101044 15.71706009 0,38.74029922 15.65542984 0,38.74650574 15.5934124 0,38.7496109 15.53116322 0,38.7496109 15.46883678 0,38.74650574 15.4065876 0,38.74029922 15.34457016 0,38.73101044 15.28293991 0,38.71865845 15.22184849 0,38.7032814 15.16144943 0,38.68490982 15.10189152 0,38.66359329 15.04332352 0,38.63938141 14.98589134 0,38.61233902 14.92973709 0,38.58253098 14.875 0,38.55003357 14.8218174 0,38.5149231 14.77031994 0,38.47729111 14.72063732 0,38.43722534 14.67289257 0,38.39483261 14.62720394 0,38.35021591 14.58368492 0,38.30348587 14.54244423 0,38.25475693 14.50358391 0,38.20415115 14.46720123 0,38.15179443 14.4333868 0,38.09781647 14.40222263 0,38.04235458 14.37378883 0,37.9855423 14.34815502 0,37.92752457 14.32538414 0,37.86844254 14.30553436 0,37.80844498 14.28865337 0,37.74768448 14.27478409 0,37.68630219 14.26396179 0,37.62445831 14.25621128 0,37.56230545 14.25155354 0,37.5 -16.75 -0,37.5 -16.75 -1.60000002,37.43769455 -16.74844551 -0,37.43769455 -16.74844551 -1.60000002,37.37554169 -16.74378777 -0,37.37554169 -16.74378777 -1.60000002,37.31369781 -16.73603821 -0,37.31369781 -16.73603821 -1.60000002,37.25231552 -16.72521591 -0,37.25231552 -16.72521591 -1.60000002,37.19155502 -16.71134567 -0,37.19155502 -16.71134567 -1.60000002,37.13155746 -16.69446564 -0,37.13155746 -16.69446564 -1.60000002,37.07247543 -16.67461586 -0,37.07247543 -16.67461586 -1.60000002,37.0144577 -16.65184593 -0,37.0144577 -16.65184593 -1.60000002,36.95764542 -16.62621117 -0,36.95764542 -16.62621117 -1.60000002,36.90218353 -16.59777641 -0,36.90218353 -16.59777641 -1.60000002,36.84820557 -16.56661415 -0,36.84820557 -16.56661415 -1.60000002,36.79584885 -16.53279877 -0,36.79584885 -16.53279877 -1.60000002,36.74524307 -16.49641609 -0,36.74524307 -16.49641609 -1.60000002,36.69651413 -16.45755577 -0,36.69651413 -16.45755577 -1.60000002,36.64978409 -16.41631508 -1.60000002,36.64978409 -16.41631508 -0,36.60516739 -16.3727951 -1.60000002,36.60516739 -16.3727951 -0,36.56277466 -16.32710648 -0,36.56277466 -16.32710648 -1.60000002,36.52270889 -16.27936172 -0,36.52270889 -16.27936172 -1.60000002,36.4850769 -16.22967911 -1.60000002,36.4850769 -16.22967911 -0,36.44996643 -16.1781826 -0,36.44996643 -16.1781826 -1.60000002,36.41746902 -16.125 -0,36.41746902 -16.125 -1.60000002,36.38766098 -16.07026291 -1.60000002,36.38766098 -16.07026291 -0,36.36061859 -16.01410866 -1.60000002,36.36061859 -16.01410866 -0,36.33640671 -15.95667648 -1.60000002,36.33640671 -15.95667648 -0,36.31509018 -15.89810848 -1.60000002,36.31509018 -15.89810848 -0,36.2967186 -15.83855057 -1.60000002,36.2967186 -15.83855057 -0,36.28134155 -15.77815151 -1.60000002,36.28134155 -15.77815151 -0,36.26898956 -15.71706009 -1.60000002,36.26898956 -15.71706009 -0,36.25970078 -15.65542984 -0,36.25970078 -15.65542984 -1.60000002,36.25349426 -15.5934124 -1.60000002,36.25349426 -15.5934124 -0,36.2503891 -15.53116322 -0,36.2503891 -15.53116322 -1.60000002,36.2503891 -15.46883678 -1.60000002,36.2503891 -15.46883678 -0,36.25349426 -15.4065876 -1.60000002,36.25349426 -15.4065876 -0,36.25970078 -15.34457016 -0,36.25970078 -15.34457016 -1.60000002,36.26898956 -15.28293991 -1.60000002,36.26898956 -15.28293991 -0,36.28134155 -15.22184849 -0,36.28134155 -15.22184849 -1.60000002,36.2967186 -15.16144943 -1.60000002,36.2967186 -15.16144943 -0,36.31509018 -15.10189152 -0,36.31509018 -15.10189152 -1.60000002,36.33640671 -15.04332352 -0,36.33640671 -15.04332352 -1.60000002,36.36061859 -14.98589134 -1.60000002,36.36061859 -14.98589134 -0,36.38766098 -14.92973709 -0,36.38766098 -14.92973709 -1.60000002,36.41746902 -14.875 -0,36.41746902 -14.875 -1.60000002,36.44996643 -14.8218174 -1.60000002,36.44996643 -14.8218174 -0,36.4850769 -14.77031994 -0,36.4850769 -14.77031994 -1.60000002,36.52270889 -14.72063732 -0,36.52270889 -14.72063732 -1.60000002,36.56277466 -14.67289257 -1.60000002,36.56277466 -14.67289257 -0,36.60516739 -14.62720394 -1.60000002,36.60516739 -14.62720394 -0,36.64978409 -14.58368492 -1.60000002,36.64978409 -14.58368492 -0,36.69651413 -14.54244423 -1.60000002,36.69651413 -14.54244423 -0,36.74524307 -14.50358391 -1.60000002,36.74524307 -14.50358391 -0,36.79584885 -14.46720123 -1.60000002,36.79584885 -14.46720123 -0,36.84820557 -14.4333868 -0,36.84820557 -14.4333868 -1.60000002,36.90218353 -14.40222263 -0,36.90218353 -14.40222263 -1.60000002,36.95764542 -14.37378883 -1.60000002,36.95764542 -14.37378883 -0,37.0144577 -14.34815502 -0,37.0144577 -14.34815502 -1.60000002,37.07247543 -14.32538414 -0,37.07247543 -14.32538414 -1.60000002,37.13155746 -14.30553436 -1.60000002,37.13155746 -14.30553436 -0,37.19155502 -14.28865337 -0,37.19155502 -14.28865337 -1.60000002,37.25231552 -14.27478409 -1.60000002,37.25231552 -14.27478409 -0,37.31369781 -14.26396179 -0,37.31369781 -14.26396179 -1.60000002,37.37554169 -14.25621128 -0,37.37554169 -14.25621128 -1.60000002,37.43769455 -14.25155354 -0,37.43769455 -14.25155354 -1.60000002,37.5 -14.25 -1.60000002,37.5 -14.25 -0,37.5 -13 -1.60000002,37.5 -13 -0,37.62461472 -13.00310802 -0,37.62461472 -13.00310802 -1.60000002,37.74892044 -13.01242352 -0,37.74892044 -13.01242352 -1.60000002,37.87260437 -13.02792263 -0,37.87260437 -13.02792263 -1.60000002,37.99536514 -13.04956913 -0,37.99536514 -13.04956913 -1.60000002,38.11689377 -13.07730675 -0,38.11689377 -13.07730675 -1.60000002,38.23688889 -13.11106777 -0,38.23688889 -13.11106777 -1.60000002,38.35504913 -13.15076828 -0,38.35504913 -13.15076828 -1.60000002,38.47108841 -13.19630909 -0,38.47108841 -13.19630909 -1.60000002,38.58470917 -13.24757767 -0,38.58470917 -13.24757767 -1.60000002,38.69563675 -13.30444622 -0,38.69563675 -13.30444622 -1.60000002,38.80358887 -13.36677265 -0,38.80358887 -13.36677265 -1.60000002,38.90829849 -13.43440342 -0,38.90829849 -13.43440342 -1.60000002,39.00951004 -13.50716877 -0,39.00951004 -13.50716877 -1.60000002,39.10696793 -13.58488846 -0,39.10696793 -13.58488846 -1.60000002,39.20043182 -13.6673708 -0,39.20043182 -13.6673708 -1.60000002,39.28966522 -13.75440788 -0,39.28966522 -13.75440788 -1.60000002,39.3744545 -13.84578514 -0,39.3744545 -13.84578514 -1.60000002,39.4545784 -13.9412756 -0,39.4545784 -13.9412756 -1.60000002,39.52984619 -14.04064083 -0,39.52984619 -14.04064083 -1.60000002,39.60006332 -14.1436348 -0,39.60006332 -14.1436348 -1.60000002,39.66506195 -14.25 -0,39.66506195 -14.25 -1.60000002,39.72467804 -14.35947323 -0,39.72467804 -14.35947323 -1.60000002,39.77876282 -14.47178268 -0,39.77876282 -14.47178268 -1.60000002,39.82718277 -14.58664703 -0,39.82718277 -14.58664703 -1.60000002,39.86981964 -14.70378304 -0,39.86981964 -14.70378304 -1.60000002,39.90655899 -14.82289886 -0,39.90655899 -14.82289886 -1.60000002,39.93732071 -14.94369793 -0,39.93732071 -14.94369793 -1.60000002,39.96202087 -15.06587982 -0,39.96202087 -15.06587982 -1.60000002,39.98059845 -15.18914032 -0,39.98059845 -15.18914032 -1.60000002,39.99300766 -15.3131752 -0,39.99300766 -15.3131752 -1.60000002,39.9992218 -15.43767357 -0,39.9992218 -15.43767357 -1.60000002,39.9992218 -15.56232643 -0,39.9992218 -15.56232643 -1.60000002,39.99300766 -15.6868248 -0,39.99300766 -15.6868248 -1.60000002,39.98059845 -15.81085968 -0,39.98059845 -15.81085968 -1.60000002,39.96202087 -15.93412018 -0,39.96202087 -15.93412018 -1.60000002,39.93732071 -16.05630302 -0,39.93732071 -16.05630302 -1.60000002,39.90655899 -16.17710114 -0,39.90655899 -16.17710114 -1.60000002,39.86981964 -16.29621696 -0,39.86981964 -16.29621696 -1.60000002,39.82718277 -16.41335297 -0,39.82718277 -16.41335297 -1.60000002,39.77876282 -16.52821732 -0,39.77876282 -16.52821732 -1.60000002,39.72467804 -16.64052582 -0,39.72467804 -16.64052582 -1.60000002,39.66506195 -16.75 -0,39.66506195 -16.75 -1.60000002,39.60006332 -16.8563652 -0,39.60006332 -16.8563652 -1.60000002,39.52984619 -16.95936012 -0,39.52984619 -16.95936012 -1.60000002,39.4545784 -17.05872536 -1.60000002,39.4545784 -17.05872536 -0,39.3744545 -17.15421486 -0,39.3744545 -17.15421486 -1.60000002,39.28966522 -17.24559212 -0,39.28966522 -17.24559212 -1.60000002,39.20043182 -17.33263016 -1.60000002,39.20043182 -17.33263016 -0,39.10696793 -17.41511154 -0,39.10696793 -17.41511154 -1.60000002,39.00951004 -17.49283218 -0,39.00951004 -17.49283218 -1.60000002,38.90829849 -17.56559753 -0,38.90829849 -17.56559753 -1.60000002,38.80358887 -17.63322639 -0,38.80358887 -17.63322639 -1.60000002,38.69563675 -17.69555473 -1.60000002,38.69563675 -17.69555473 -0,38.58470917 -17.75242233 -0,38.58470917 -17.75242233 -1.60000002,38.47108841 -17.80368996 -0,38.47108841 -17.80368996 -1.60000002,38.35504913 -17.84923172 -0,38.35504913 -17.84923172 -1.60000002,38.23688889 -17.88893127 -0,38.23688889 -17.88893127 -1.60000002,38.11689377 -17.92269325 -0,38.11689377 -17.92269325 -1.60000002,37.99536514 -17.95043182 -1.60000002,37.99536514 -17.95043182 -0,37.87260437 -17.97207642 -0,37.87260437 -17.97207642 -1.60000002,37.74892044 -17.98757744 -0,37.74892044 -17.98757744 -1.60000002,37.62461472 -17.99689293 -0,37.62461472 -17.99689293 -1.60000002,37.5 -18 -1.60000002,37.5 -18 -0,37.37538528 -17.99689293 -0,37.37538528 -17.99689293 -1.60000002,37.25107956 -17.98757744 -0,37.25107956 -17.98757744 -1.60000002,37.12739563 -17.97207642 -0,37.12739563 -17.97207642 -1.60000002,37.00463486 -17.95043182 -0,37.00463486 -17.95043182 -1.60000002,36.88310623 -17.92269325 -0,36.88310623 -17.92269325 -1.60000002,36.76311111 -17.88893127 -0,36.76311111 -17.88893127 -1.60000002,36.64495087 -17.84923172 -0,36.64495087 -17.84923172 -1.60000002,36.52891159 -17.80368996 -0,36.52891159 -17.80368996 -1.60000002,36.41529083 -17.75242233 -0,36.41529083 -17.75242233 -1.60000002,36.30436325 -17.69555473 -0,36.30436325 -17.69555473 -1.60000002,36.19641113 -17.63322639 -0,36.19641113 -17.63322639 -1.60000002,36.09170151 -17.56559753 -0,36.09170151 -17.56559753 -1.60000002,35.99048996 -17.49283218 -0,35.99048996 -17.49283218 -1.60000002,35.89303207 -17.41511154 -0,35.89303207 -17.41511154 -1.60000002,35.79956818 -17.33263016 -1.60000002,35.79956818 -17.33263016 -0,35.71033478 -17.24559212 -1.60000002,35.71033478 -17.24559212 -0,35.6255455 -17.15421486 -1.60000002,35.6255455 -17.15421486 -0,35.5454216 -17.05872536 -0,35.5454216 -17.05872536 -1.60000002,35.47015381 -16.95936012 -1.60000002,35.47015381 -16.95936012 -0,35.39993668 -16.8563652 -1.60000002,35.39993668 -16.8563652 -0,35.33493805 -16.75 -0,35.33493805 -16.75 -1.60000002,35.27532196 -16.64052582 -1.60000002,35.27532196 -16.64052582 -0,35.22123718 -16.52821732 -1.60000002,35.22123718 -16.52821732 -0,35.17281723 -16.41335297 -1.60000002,35.17281723 -16.41335297 -0,35.13018036 -16.29621696 -1.60000002,35.13018036 -16.29621696 -0,35.09344101 -16.17710114 -1.60000002,35.09344101 -16.17710114 -0,35.06267929 -16.05630302 -1.60000002,35.06267929 -16.05630302 -0,35.03797913 -15.93412018 -1.60000002,35.03797913 -15.93412018 -0,35.01940155 -15.81085968 -0,35.01940155 -15.81085968 -1.60000002,35.00699234 -15.6868248 -1.60000002,35.00699234 -15.6868248 -0,35.0007782 -15.56232643 -0,35.0007782 -15.56232643 -1.60000002,35.0007782 -15.43767357 -1.60000002,35.0007782 -15.43767357 -0,35.00699234 -15.3131752 -1.60000002,35.00699234 -15.3131752 -0,35.01940155 -15.18914032 -0,35.01940155 -15.18914032 -1.60000002,35.03797913 -15.06587982 -1.60000002,35.03797913 -15.06587982 -0,35.06267929 -14.94369793 -0,35.06267929 -14.94369793 -1.60000002,35.09344101 -14.82289886 -1.60000002,35.09344101 -14.82289886 -0,35.13018036 -14.70378304 -0,35.13018036 -14.70378304 -1.60000002,35.17281723 -14.58664703 -0,35.17281723 -14.58664703 -1.60000002,35.22123718 -14.47178268 -1.60000002,35.22123718 -14.47178268 -0,35.27532196 -14.35947323 -1.60000002,35.27532196 -14.35947323 -0,35.33493805 -14.25 -0,35.33493805 -14.25 -1.60000002,35.39993668 -14.1436348 -1.60000002,35.39993668 -14.1436348 -0,35.47015381 -14.04064083 -0,35.47015381 -14.04064083 -1.60000002,35.5454216 -13.9412756 -0,35.5454216 -13.9412756 -1.60000002,35.6255455 -13.84578514 -1.60000002,35.6255455 -13.84578514 -0,35.71033478 -13.75440788 -1.60000002,35.71033478 -13.75440788 -0,35.79956818 -13.6673708 -1.60000002,35.79956818 -13.6673708 -0,35.89303207 -13.58488846 -1.60000002,35.89303207 -13.58488846 -0,35.99048996 -13.50716877 -1.60000002,35.99048996 -13.50716877 -0,36.09170151 -13.43440342 -1.60000002,36.09170151 -13.43440342 -0,36.19641113 -13.36677265 -0,36.19641113 -13.36677265 -1.60000002,36.30436325 -13.30444622 -0,36.30436325 -13.30444622 -1.60000002,36.41529083 -13.24757767 -1.60000002,36.41529083 -13.24757767 -0,36.52891159 -13.19630909 -0,36.52891159 -13.19630909 -1.60000002,36.64495087 -13.15076828 -0,36.64495087 -13.15076828 -1.60000002,36.76311111 -13.11106777 -1.60000002,36.76311111 -13.11106777 -0,36.88310623 -13.07730675 -0,36.88310623 -13.07730675 -1.60000002,37.00463486 -13.04956913 -1.60000002,37.00463486 -13.04956913 -0,37.12739563 -13.02792263 -1.60000002,37.12739563 -13.02792263 -0,37.25107956 -13.01242352 -0,37.25107956 -13.01242352 -1.60000002,37.37538528 -13.00310802 -0,37.37538528 -13.00310802 -1.60000002,37.56230545 -14.25155354 -1.60000002,37.62445831 -14.25621128 -1.60000002,37.68630219 -14.26396179 -1.60000002,37.74768448 -14.27478409 -1.60000002,37.80844498 -14.28865337 -1.60000002,37.86844254 -14.30553436 -1.60000002,37.92752457 -14.32538414 -1.60000002,37.9855423 -14.34815502 -1.60000002,38.04235458 -14.37378883 -1.60000002,38.09781647 -14.40222263 -1.60000002,38.15179443 -14.4333868 -1.60000002,38.20415115 -14.46720123 -1.60000002,38.25475693 -14.50358391 -1.60000002,38.30348587 -14.54244423 -1.60000002,38.35021591 -14.58368492 -1.60000002,38.39483261 -14.62720394 -1.60000002,38.43722534 -14.67289257 -1.60000002,38.47729111 -14.72063732 -1.60000002,38.5149231 -14.77031994 -1.60000002,38.55003357 -14.8218174 -1.60000002,38.58253098 -14.875 -1.60000002,38.61233902 -14.92973709 -1.60000002,38.63938141 -14.98589134 -1.60000002,38.66359329 -15.04332352 -1.60000002,38.68490982 -15.10189152 -1.60000002,38.7032814 -15.16144943 -1.60000002,38.71865845 -15.22184849 -1.60000002,38.73101044 -15.28293991 -1.60000002,38.74029922 -15.34457016 -1.60000002,38.74650574 -15.4065876 -1.60000002,38.7496109 -15.46883678 -1.60000002,38.7496109 -15.53116322 -1.60000002,37.62445831 -16.74378777 -1.60000002,37.56230545 -16.74844551 -1.60000002,38.74650574 -15.5934124 -1.60000002,38.74029922 -15.65542984 -1.60000002,37.68630219 -16.73603821 -1.60000002,38.73101044 -15.71706009 -1.60000002,37.80844498 -16.71134567 -1.60000002,37.74768448 -16.72521591 -1.60000002,38.71865845 -15.77815151 -1.60000002,38.7032814 -15.83855057 -1.60000002,37.86844254 -16.69446564 -1.60000002,38.68490982 -15.89810848 -1.60000002,37.92752457 -16.67461586 -1.60000002,38.66359329 -15.95667648 -1.60000002,38.04235458 -16.62621117 -1.60000002,37.9855423 -16.65184593 -1.60000002,38.63938141 -16.01410866 -1.60000002,38.61233902 -16.07026291 -1.60000002,38.09781647 -16.59777641 -1.60000002,38.58253098 -16.125 -1.60000002,38.20415115 -16.53279877 -1.60000002,38.15179443 -16.56661415 -1.60000002,38.55003357 -16.1781826 -1.60000002,38.5149231 -16.22967911 -1.60000002,38.25475693 -16.49641609 -1.60000002,38.47729111 -16.27936172 -1.60000002,38.35021591 -16.41631508 -1.60000002,38.30348587 -16.45755577 -1.60000002,38.43722534 -16.32710648 -1.60000002,38.39483261 -16.3727951 -1.60000002,37.56230545 -14.25155354 -0,37.62445831 -14.25621128 -0,37.68630219 -14.26396179 -0,37.74768448 -14.27478409 -0,37.80844498 -14.28865337 -0,37.86844254 -14.30553436 -0,37.92752457 -14.32538414 -0,37.9855423 -14.34815502 -0,38.04235458 -14.37378883 -0,38.09781647 -14.40222263 -0,38.15179443 -14.4333868 -0,38.20415115 -14.46720123 -0,38.25475693 -14.50358391 -0,38.30348587 -14.54244423 -0,38.35021591 -14.58368492 -0,38.39483261 -14.62720394 -0,38.43722534 -14.67289257 -0,38.47729111 -14.72063732 -0,38.5149231 -14.77031994 -0,38.55003357 -14.8218174 -0,38.58253098 -14.875 -0,38.61233902 -14.92973709 -0,38.63938141 -14.98589134 -0,38.66359329 -15.04332352 -0,38.68490982 -15.10189152 -0,38.7032814 -15.16144943 -0,38.71865845 -15.22184849 -0,38.73101044 -15.28293991 -0,38.74029922 -15.34457016 -0,38.74650574 -15.4065876 -0,38.7496109 -15.46883678 -0,38.7496109 -15.53116322 -0,38.74650574 -15.5934124 -0,38.74029922 -15.65542984 -0,38.73101044 -15.71706009 -0,38.71865845 -15.77815151 -0,38.7032814 -15.83855057 -0,38.68490982 -15.89810848 -0,38.66359329 -15.95667648 -0,38.63938141 -16.01410866 -0,38.61233902 -16.07026291 -0,38.58253098 -16.125 -0,38.55003357 -16.1781826 -0,38.5149231 -16.22967911 -0,38.47729111 -16.27936172 -0,38.43722534 -16.32710648 -0,38.39483261 -16.3727951 -0,38.35021591 -16.41631508 -0,38.30348587 -16.45755577 -0,38.25475693 -16.49641609 -0,38.20415115 -16.53279877 -0,38.15179443 -16.56661415 -0,38.09781647 -16.59777641 -0,38.04235458 -16.62621117 -0,37.9855423 -16.65184593 -0,37.92752457 -16.67461586 -0,37.86844254 -16.69446564 -0,37.80844498 -16.71134567 -0,37.74768448 -16.72521591 -0,37.68630219 -16.73603821 -0,37.62445831 -16.74378777 -0,37.56230545 -16.74844551 -0,-32 -16.5 -0,-32 -16.5 -1.60000002,-32.02492142 -16.4993782 -0,-32.02492142 -16.4993782 -1.60000002,-32.04978561 -16.49751472 -0,-32.04978561 -16.49751472 -1.60000002,-32.07452011 -16.49441528 -0,-32.07452011 -16.49441528 -1.60000002,-32.0990715 -16.4900856 -0,-32.0990715 -16.4900856 -1.60000002,-32.12337875 -16.48453903 -0,-32.12337875 -16.48453903 -1.60000002,-32.14737701 -16.47778702 -0,-32.14737701 -16.47778702 -1.60000002,-32.17100906 -16.46984673 -0,-32.17100906 -16.46984673 -1.60000002,-32.19421768 -16.46073723 -0,-32.19421768 -16.46073723 -1.60000002,-32.21694183 -16.45048523 -0,-32.21694183 -16.45048523 -1.60000002,-32.23912811 -16.43911171 -0,-32.23912811 -16.43911171 -1.60000002,-32.2607193 -16.42664528 -0,-32.2607193 -16.42664528 -1.60000002,-32.28165817 -16.41312027 -0,-32.28165817 -16.41312027 -1.60000002,-32.30190277 -16.3985672 -0,-32.30190277 -16.3985672 -1.60000002,-32.32139206 -16.38302231 -0,-32.32139206 -16.38302231 -1.60000002,-32.34008789 -16.36652565 -0,-32.34008789 -16.36652565 -1.60000002,-32.35793304 -16.34911919 -0,-32.35793304 -16.34911919 -1.60000002,-32.37488937 -16.33084297 -0,-32.37488937 -16.33084297 -1.60000002,-32.39091492 -16.31174469 -0,-32.39091492 -16.31174469 -1.60000002,-32.40596771 -16.29187202 -0,-32.40596771 -16.29187202 -1.60000002,-32.42001343 -16.27127266 -0,-32.42001343 -16.27127266 -1.60000002,-32.43301392 -16.25 -0,-32.43301392 -16.25 -1.60000002,-32.44493484 -16.22810555 -0,-32.44493484 -16.22810555 -1.60000002,-32.45575333 -16.2056427 -0,-32.45575333 -16.2056427 -1.60000002,-32.46543503 -16.18267059 -0,-32.46543503 -16.18267059 -1.60000002,-32.47396469 -16.15924263 -0,-32.47396469 -16.15924263 -1.60000002,-32.4813118 -16.13541985 -0,-32.4813118 -16.13541985 -1.60000002,-32.4874649 -16.11126137 -0,-32.4874649 -16.11126137 -1.60000002,-32.49240494 -16.08682442 -0,-32.49240494 -16.08682442 -1.60000002,-32.49612045 -16.06217194 -0,-32.49612045 -16.06217194 -1.60000002,-32.49860001 -16.03736496 -0,-32.49860001 -16.03736496 -1.60000002,-32.4998436 -16.01246452 -0,-32.4998436 -16.01246452 -1.60000002,-32.4998436 -15.98753452 -0,-32.4998436 -15.98753452 -1.60000002,-32.49860001 -15.96263504 -1.60000002,-32.49860001 -15.96263504 -0,-32.49612045 -15.93782806 -0,-32.49612045 -15.93782806 -1.60000002,-32.49240494 -15.91317558 -1.60000002,-32.49240494 -15.91317558 -0,-32.4874649 -15.88873959 -0,-32.4874649 -15.88873959 -1.60000002,-32.4813118 -15.86458015 -0,-32.4813118 -15.86458015 -1.60000002,-32.47396469 -15.84075642 -0,-32.47396469 -15.84075642 -1.60000002,-32.46543503 -15.81732941 -0,-32.46543503 -15.81732941 -1.60000002,-32.45575333 -15.79435635 -0,-32.45575333 -15.79435635 -1.60000002,-32.44493484 -15.77189445 -0,-32.44493484 -15.77189445 -1.60000002,-32.43301392 -15.75 -0,-32.43301392 -15.75 -1.60000002,-32.42001343 -15.72872734 -0,-32.42001343 -15.72872734 -1.60000002,-32.40596771 -15.70812798 -0,-32.40596771 -15.70812798 -1.60000002,-32.39091492 -15.68825531 -0,-32.39091492 -15.68825531 -1.60000002,-32.37488937 -15.66915703 -0,-32.37488937 -15.66915703 -1.60000002,-32.35793304 -15.65088177 -0,-32.35793304 -15.65088177 -1.60000002,-32.34008789 -15.63347435 -0,-32.34008789 -15.63347435 -1.60000002,-32.32139206 -15.61697769 -0,-32.32139206 -15.61697769 -1.60000002,-32.30190277 -15.60143375 -1.60000002,-32.30190277 -15.60143375 -0,-32.28165817 -15.58688068 -0,-32.28165817 -15.58688068 -1.60000002,-32.2607193 -15.57335472 -0,-32.2607193 -15.57335472 -1.60000002,-32.23912811 -15.56088924 -0,-32.23912811 -15.56088924 -1.60000002,-32.21694183 -15.54951572 -0,-32.21694183 -15.54951572 -1.60000002,-32.19421768 -15.53926182 -1.60000002,-32.19421768 -15.53926182 -0,-32.17100906 -15.53015327 -0,-32.17100906 -15.53015327 -1.60000002,-32.14737701 -15.52221394 -0,-32.14737701 -15.52221394 -1.60000002,-32.12337875 -15.51546097 -1.60000002,-32.12337875 -15.51546097 -0,-32.0990715 -15.50991344 -0,-32.0990715 -15.50991344 -1.60000002,-32.07452011 -15.50558472 -0,-32.07452011 -15.50558472 -1.60000002,-32.04978561 -15.50248432 -0,-32.04978561 -15.50248432 -1.60000002,-32.02492142 -15.5006218 -0,-32.02492142 -15.5006218 -1.60000002,-32 -15.5 -0,-32 -15.5 -1.60000002,-32.90000153 -16 -1.60000002,-32.90000153 -16 -0,-32.89891434 -15.95583916 -0,-32.89891434 -15.95583916 -1.60000002,-32.89566803 -15.91178417 -0,-32.89566803 -15.91178417 -1.60000002,-32.89025879 -15.86794281 -0,-32.89025879 -15.86794281 -1.60000002,-32.88270569 -15.82441902 -0,-32.88270569 -15.82441902 -1.60000002,-32.8730278 -15.78131771 -1.60000002,-32.8730278 -15.78131771 -0,-32.86124802 -15.73874378 -1.60000002,-32.86124802 -15.73874378 -0,-32.84738922 -15.69679928 -1.60000002,-32.84738922 -15.69679928 -0,-32.83149338 -15.65558529 -1.60000002,-32.83149338 -15.65558529 -0,-32.813591 -15.61520004 -1.60000002,-32.813591 -15.61520004 -0,-32.79372787 -15.57574272 -1.60000002,-32.79372787 -15.57574272 -0,-32.7719574 -15.53730774 -1.60000002,-32.7719574 -15.53730774 -0,-32.74832153 -15.49998665 -1.60000002,-32.74832153 -15.49998665 -0,-32.72288513 -15.463871 -1.60000002,-32.72288513 -15.463871 -0,-32.69570923 -15.42904568 -1.60000002,-32.69570923 -15.42904568 -0,-32.66685486 -15.3955965 -1.60000002,-32.66685486 -15.3955965 -0,-32.6363945 -15.36360359 -1.60000002,-32.6363945 -15.36360359 -0,-32.60440445 -15.33314419 -1.60000002,-32.60440445 -15.33314419 -0,-32.57095337 -15.30429077 -1.60000002,-32.57095337 -15.30429077 -0,-32.536129 -15.27711296 -1.60000002,-32.536129 -15.27711296 -0,-32.50001144 -15.25167751 -1.60000002,-32.50001144 -15.25167751 -0,-32.46269226 -15.22804451 -1.60000002,-32.46269226 -15.22804451 -0,-32.42425537 -15.20627117 -1.60000002,-32.42425537 -15.20627117 -0,-32.38479996 -15.18640995 -1.60000002,-32.38479996 -15.18640995 -0,-32.34441376 -15.16850853 -1.60000002,-32.34441376 -15.16850853 -0,-32.30319977 -15.15261078 -1.60000002,-32.30319977 -15.15261078 -0,-32.26125717 -15.13875389 -1.60000002,-32.26125717 -15.13875389 -0,-32.21868134 -15.1269722 -1.60000002,-32.21868134 -15.1269722 -0,-32.17558289 -15.11729336 -1.60000002,-32.17558289 -15.11729336 -0,-32.13205719 -15.10974121 -1.60000002,-32.13205719 -15.10974121 -0,-32.08821487 -15.10433388 -1.60000002,-32.08821487 -15.10433388 -0,-32.04416275 -15.10108376 -1.60000002,-32.04416275 -15.10108376 -0,-32 -15.10000038 -1.60000002,-32 -15.10000038 -0,-32.90000153 -18 -0,-32.90000153 -18 -1.60000002,-31.95583916 -15.10108376 -1.60000002,-31.95583916 -15.10108376 -0,-31.91178513 -15.10433388 -1.60000002,-31.91178513 -15.10433388 -0,-31.86794281 -15.10974121 -1.60000002,-31.86794281 -15.10974121 -0,-31.82441902 -15.11729336 -1.60000002,-31.82441902 -15.11729336 -0,-31.78131866 -15.1269722 -1.60000002,-31.78131866 -15.1269722 -0,-31.73874474 -15.13875389 -1.60000002,-31.73874474 -15.13875389 -0,-31.69679832 -15.15261078 -1.60000002,-31.69679832 -15.15261078 -0,-31.65558434 -15.16850853 -1.60000002,-31.65558434 -15.16850853 -0,-31.61520004 -15.18640995 -1.60000002,-31.61520004 -15.18640995 -0,-31.57574272 -15.20627117 -1.60000002,-31.57574272 -15.20627117 -0,-31.53730774 -15.22804451 -1.60000002,-31.53730774 -15.22804451 -0,-31.49998665 -15.25167751 -1.60000002,-31.49998665 -15.25167751 -0,-31.463871 -15.27711296 -1.60000002,-31.463871 -15.27711296 -0,-31.42904663 -15.30429077 -1.60000002,-31.42904663 -15.30429077 -0,-31.39559746 -15.33314419 -1.60000002,-31.39559746 -15.33314419 -0,-31.36360359 -15.36360359 -1.60000002,-31.36360359 -15.36360359 -0,-31.33314323 -15.3955965 -1.60000002,-31.33314323 -15.3955965 -0,-31.30429077 -15.42904568 -1.60000002,-31.30429077 -15.42904568 -0,-31.27711296 -15.463871 -1.60000002,-31.27711296 -15.463871 -0,-31.25167656 -15.49998665 -1.60000002,-31.25167656 -15.49998665 -0,-31.22804451 -15.53730774 -1.60000002,-31.22804451 -15.53730774 -0,-31.20627022 -15.57574272 -1.60000002,-31.20627022 -15.57574272 -0,-31.186409 -15.61520004 -1.60000002,-31.186409 -15.61520004 -0,-31.16850853 -15.65558529 -1.60000002,-31.16850853 -15.65558529 -0,-31.15261078 -15.69679928 -1.60000002,-31.15261078 -15.69679928 -0,-31.13875389 -15.73874378 -1.60000002,-31.13875389 -15.73874378 -0,-31.1269722 -15.78131771 -0,-31.1269722 -15.78131771 -1.60000002,-31.1172924 -15.82441902 -1.60000002,-31.1172924 -15.82441902 -0,-31.10974121 -15.86794281 -0,-31.10974121 -15.86794281 -1.60000002,-31.10433388 -15.91178417 -1.60000002,-31.10433388 -15.91178417 -0,-31.10108376 -15.95583916 -0,-31.10108376 -15.95583916 -1.60000002,-31.10000038 -16 -0,-31.10000038 -16 -1.60000002,-31.10000038 -18 -1.60000002,-31.10000038 -18 -0,-31.97507668 -16.4993782 -1.60000002,-31.95021629 -16.49751472 -1.60000002,-31.92547798 -16.49441528 -1.60000002,-31.90092659 -16.4900856 -1.60000002,-31.87662125 -16.48453903 -1.60000002,-31.85262299 -16.47778702 -1.60000002,-31.82898903 -16.46984673 -1.60000002,-31.80578232 -16.46073723 -1.60000002,-31.78305817 -16.45048523 -1.60000002,-31.76087379 -16.43911171 -1.60000002,-31.73928261 -16.42664528 -1.60000002,-31.71833992 -16.41312027 -1.60000002,-31.69809723 -16.3985672 -1.60000002,-31.67860603 -16.38302231 -1.60000002,-31.65991402 -16.36652565 -1.60000002,-31.64206696 -16.34911919 -1.60000002,-31.62510872 -16.33084297 -1.60000002,-31.50387955 -16.06217194 -1.60000002,-31.50139809 -16.03736496 -1.60000002,-31.50759697 -16.08682442 -1.60000002,-31.5125351 -16.11126137 -1.60000002,-31.5186882 -16.13541985 -1.60000002,-31.52603722 -16.15924263 -1.60000002,-31.53456306 -16.18267059 -1.60000002,-31.54424667 -16.2056427 -1.60000002,-31.55506325 -16.22810555 -1.60000002,-31.56698799 -16.25 -1.60000002,-31.57998657 -16.27127266 -1.60000002,-31.59403038 -16.29187202 -1.60000002,-31.60908508 -16.31174469 -1.60000002,-31.5001545 -16.01246452 -1.60000002,-31.5001545 -15.98753452 -1.60000002,-31.50139809 -15.96263504 -1.60000002,-31.97507668 -15.5006218 -1.60000002,-31.50387955 -15.93782806 -1.60000002,-31.95021629 -15.50248432 -1.60000002,-31.50759697 -15.91317558 -1.60000002,-31.92547798 -15.50558472 -1.60000002,-31.5125351 -15.88873959 -1.60000002,-31.90092659 -15.50991344 -1.60000002,-31.5186882 -15.86458015 -1.60000002,-31.87662125 -15.51546097 -1.60000002,-31.85262299 -15.52221394 -1.60000002,-31.52603722 -15.84075642 -1.60000002,-31.53456306 -15.81732941 -1.60000002,-31.82898903 -15.53015327 -1.60000002,-31.80578232 -15.53926182 -1.60000002,-31.54424667 -15.79435635 -1.60000002,-31.78305817 -15.54951572 -1.60000002,-31.55506325 -15.77189445 -1.60000002,-31.56698799 -15.75 -1.60000002,-31.76087379 -15.56088924 -1.60000002,-31.73928261 -15.57335472 -1.60000002,-31.57998657 -15.72872734 -1.60000002,-31.71833992 -15.58688068 -1.60000002,-31.59403038 -15.70812798 -1.60000002,-31.69809723 -15.60143375 -1.60000002,-31.60908508 -15.68825531 -1.60000002,-31.67860603 -15.61697769 -1.60000002,-31.62510872 -15.66915703 -1.60000002,-31.64206696 -15.65088177 -1.60000002,-31.65991402 -15.63347435 -1.60000002,-31.97507668 -15.5006218 -0,-31.95021629 -15.50248432 -0,-31.92547798 -15.50558472 -0,-31.90092659 -15.50991344 -0,-31.87662125 -15.51546097 -0,-31.85262299 -15.52221394 -0,-31.82898903 -15.53015327 -0,-31.80578232 -15.53926182 -0,-31.78305817 -15.54951572 -0,-31.76087379 -15.56088924 -0,-31.73928261 -15.57335472 -0,-31.71833992 -15.58688068 -0,-31.69809723 -15.60143375 -0,-31.67860603 -15.61697769 -0,-31.65991402 -15.63347435 -0,-31.64206696 -15.65088177 -0,-31.62510872 -15.66915703 -0,-31.60908508 -15.68825531 -0,-31.59403038 -15.70812798 -0,-31.57998657 -15.72872734 -0,-31.56698799 -15.75 -0,-31.55506325 -15.77189445 -0,-31.54424667 -15.79435635 -0,-31.53456306 -15.81732941 -0,-31.52603722 -15.84075642 -0,-31.5186882 -15.86458015 -0,-31.5125351 -15.88873959 -0,-31.50759697 -15.91317558 -0,-31.50387955 -15.93782806 -0,-31.50139809 -15.96263504 -0,-31.5001545 -15.98753452 -0,-31.5001545 -16.01246452 -0,-31.50139809 -16.03736496 -0,-31.50387955 -16.06217194 -0,-31.50759697 -16.08682442 -0,-31.5125351 -16.11126137 -0,-31.5186882 -16.13541985 -0,-31.52603722 -16.15924263 -0,-31.53456306 -16.18267059 -0,-31.54424667 -16.2056427 -0,-31.55506325 -16.22810555 -0,-31.56698799 -16.25 -0,-31.57998657 -16.27127266 -0,-31.59403038 -16.29187202 -0,-31.60908508 -16.31174469 -0,-31.62510872 -16.33084297 -0,-31.64206696 -16.34911919 -0,-31.65991402 -16.36652565 -0,-31.67860603 -16.38302231 -0,-31.69809723 -16.3985672 -0,-31.71833992 -16.41312027 -0,-31.73928261 -16.42664528 -0,-31.76087379 -16.43911171 -0,-31.78305817 -16.45048523 -0,-31.80578232 -16.46073723 -0,-31.82898903 -16.46984673 -0,-31.85262299 -16.47778702 -0,-31.87662125 -16.48453903 -0,-31.90092659 -16.4900856 -0,-31.92547798 -16.49441528 -0,-31.95021629 -16.49751472 -0,-31.97507668 -16.4993782 -0,-29.45999908 -16.5 -0,-29.45999908 -16.5 -1.60000002,-29.48492241 -16.4993782 -0,-29.48492241 -16.4993782 -1.60000002,-29.5097847 -16.49751472 -0,-29.5097847 -16.49751472 -1.60000002,-29.5345211 -16.49441528 -0,-29.5345211 -16.49441528 -1.60000002,-29.55907249 -16.4900856 -0,-29.55907249 -16.4900856 -1.60000002,-29.58337784 -16.48453903 -0,-29.58337784 -16.48453903 -1.60000002,-29.60737801 -16.47778702 -0,-29.60737801 -16.47778702 -1.60000002,-29.63101006 -16.46984673 -0,-29.63101006 -16.46984673 -1.60000002,-29.65421677 -16.46073723 -0,-29.65421677 -16.46073723 -1.60000002,-29.67694092 -16.45048523 -0,-29.67694092 -16.45048523 -1.60000002,-29.6991272 -16.43911171 -0,-29.6991272 -16.43911171 -1.60000002,-29.72071838 -16.42664528 -0,-29.72071838 -16.42664528 -1.60000002,-29.74165916 -16.41312027 -0,-29.74165916 -16.41312027 -1.60000002,-29.76190186 -16.3985672 -0,-29.76190186 -16.3985672 -1.60000002,-29.78139305 -16.38302231 -0,-29.78139305 -16.38302231 -1.60000002,-29.80008698 -16.36652565 -0,-29.80008698 -16.36652565 -1.60000002,-29.81793404 -16.34911919 -0,-29.81793404 -16.34911919 -1.60000002,-29.83489037 -16.33084297 -0,-29.83489037 -16.33084297 -1.60000002,-29.85091591 -16.31174469 -0,-29.85091591 -16.31174469 -1.60000002,-29.8659687 -16.29187202 -0,-29.8659687 -16.29187202 -1.60000002,-29.88001251 -16.27127266 -0,-29.88001251 -16.27127266 -1.60000002,-29.893013 -16.25 -0,-29.893013 -16.25 -1.60000002,-29.90493584 -16.22810555 -0,-29.90493584 -16.22810555 -1.60000002,-29.91575241 -16.2056427 -0,-29.91575241 -16.2056427 -1.60000002,-29.92543602 -16.18267059 -0,-29.92543602 -16.18267059 -1.60000002,-29.93396378 -16.15924263 -0,-29.93396378 -16.15924263 -1.60000002,-29.94131279 -16.13541985 -0,-29.94131279 -16.13541985 -1.60000002,-29.94746399 -16.11126137 -0,-29.94746399 -16.11126137 -1.60000002,-29.95240402 -16.08682442 -0,-29.95240402 -16.08682442 -1.60000002,-29.95611954 -16.06217194 -0,-29.95611954 -16.06217194 -1.60000002,-29.958601 -16.03736496 -0,-29.958601 -16.03736496 -1.60000002,-29.95984459 -16.01246452 -0,-29.95984459 -16.01246452 -1.60000002,-29.95984459 -15.98753452 -0,-29.95984459 -15.98753452 -1.60000002,-29.958601 -15.96263504 -1.60000002,-29.958601 -15.96263504 -0,-29.95611954 -15.93782806 -0,-29.95611954 -15.93782806 -1.60000002,-29.95240402 -15.91317558 -1.60000002,-29.95240402 -15.91317558 -0,-29.94746399 -15.88873959 -0,-29.94746399 -15.88873959 -1.60000002,-29.94131279 -15.86458015 -0,-29.94131279 -15.86458015 -1.60000002,-29.93396378 -15.84075642 -0,-29.93396378 -15.84075642 -1.60000002,-29.92543602 -15.81732941 -0,-29.92543602 -15.81732941 -1.60000002,-29.91575241 -15.79435635 -0,-29.91575241 -15.79435635 -1.60000002,-29.90493584 -15.77189445 -0,-29.90493584 -15.77189445 -1.60000002,-29.893013 -15.75 -0,-29.893013 -15.75 -1.60000002,-29.88001251 -15.72872734 -0,-29.88001251 -15.72872734 -1.60000002,-29.8659687 -15.70812798 -0,-29.8659687 -15.70812798 -1.60000002,-29.85091591 -15.68825531 -0,-29.85091591 -15.68825531 -1.60000002,-29.83489037 -15.66915703 -0,-29.83489037 -15.66915703 -1.60000002,-29.81793404 -15.65088177 -0,-29.81793404 -15.65088177 -1.60000002,-29.80008698 -15.63347435 -0,-29.80008698 -15.63347435 -1.60000002,-29.78139305 -15.61697769 -0,-29.78139305 -15.61697769 -1.60000002,-29.76190186 -15.60143375 -1.60000002,-29.76190186 -15.60143375 -0,-29.74165916 -15.58688068 -0,-29.74165916 -15.58688068 -1.60000002,-29.72071838 -15.57335472 -0,-29.72071838 -15.57335472 -1.60000002,-29.6991272 -15.56088924 -0,-29.6991272 -15.56088924 -1.60000002,-29.67694092 -15.54951572 -0,-29.67694092 -15.54951572 -1.60000002,-29.65421677 -15.53926182 -1.60000002,-29.65421677 -15.53926182 -0,-29.63101006 -15.53015327 -0,-29.63101006 -15.53015327 -1.60000002,-29.60737801 -15.52221394 -0,-29.60737801 -15.52221394 -1.60000002,-29.58337784 -15.51546097 -1.60000002,-29.58337784 -15.51546097 -0,-29.55907249 -15.50991344 -0,-29.55907249 -15.50991344 -1.60000002,-29.5345211 -15.50558472 -0,-29.5345211 -15.50558472 -1.60000002,-29.5097847 -15.50248432 -0,-29.5097847 -15.50248432 -1.60000002,-29.48492241 -15.5006218 -0,-29.48492241 -15.5006218 -1.60000002,-29.45999908 -15.5 -0,-29.45999908 -15.5 -1.60000002,-30.36000061 -16 -1.60000002,-30.36000061 -16 -0,-30.35891533 -15.95583916 -0,-30.35891533 -15.95583916 -1.60000002,-30.35566711 -15.91178417 -0,-30.35566711 -15.91178417 -1.60000002,-30.35025978 -15.86794281 -0,-30.35025978 -15.86794281 -1.60000002,-30.34270668 -15.82441902 -0,-30.34270668 -15.82441902 -1.60000002,-30.33302879 -15.78131771 -1.60000002,-30.33302879 -15.78131771 -0,-30.3212471 -15.73874378 -1.60000002,-30.3212471 -15.73874378 -0,-30.30739021 -15.69679928 -1.60000002,-30.30739021 -15.69679928 -0,-30.29149246 -15.65558529 -1.60000002,-30.29149246 -15.65558529 -0,-30.27359009 -15.61520004 -1.60000002,-30.27359009 -15.61520004 -0,-30.25372887 -15.57574272 -1.60000002,-30.25372887 -15.57574272 -0,-30.23195648 -15.53730774 -1.60000002,-30.23195648 -15.53730774 -0,-30.20832253 -15.49998665 -1.60000002,-30.20832253 -15.49998665 -0,-30.18288612 -15.463871 -1.60000002,-30.18288612 -15.463871 -0,-30.15571022 -15.42904568 -1.60000002,-30.15571022 -15.42904568 -0,-30.12685585 -15.3955965 -1.60000002,-30.12685585 -15.3955965 -0,-30.09639549 -15.36360359 -1.60000002,-30.09639549 -15.36360359 -0,-30.06440353 -15.33314419 -1.60000002,-30.06440353 -15.33314419 -0,-30.03095436 -15.30429077 -1.60000002,-30.03095436 -15.30429077 -0,-29.99612999 -15.27711296 -1.60000002,-29.99612999 -15.27711296 -0,-29.96001244 -15.25167751 -1.60000002,-29.96001244 -15.25167751 -0,-29.92269325 -15.22804451 -1.60000002,-29.92269325 -15.22804451 -0,-29.88425636 -15.20627117 -1.60000002,-29.88425636 -15.20627117 -0,-29.84479904 -15.18640995 -1.60000002,-29.84479904 -15.18640995 -0,-29.80441475 -15.16850853 -1.60000002,-29.80441475 -15.16850853 -0,-29.76320076 -15.15261078 -1.60000002,-29.76320076 -15.15261078 -0,-29.72125626 -15.13875389 -1.60000002,-29.72125626 -15.13875389 -0,-29.67868233 -15.1269722 -1.60000002,-29.67868233 -15.1269722 -0,-29.63558197 -15.11729336 -1.60000002,-29.63558197 -15.11729336 -0,-29.59205818 -15.10974121 -1.60000002,-29.59205818 -15.10974121 -0,-29.54821587 -15.10433388 -1.60000002,-29.54821587 -15.10433388 -0,-29.50416183 -15.10108376 -1.60000002,-29.50416183 -15.10108376 -0,-29.45999908 -15.10000038 -1.60000002,-29.45999908 -15.10000038 -0,-30.36000061 -18 -0,-30.36000061 -18 -1.60000002,-29.41583824 -15.10108376 -1.60000002,-29.41583824 -15.10108376 -0,-29.37178421 -15.10433388 -1.60000002,-29.37178421 -15.10433388 -0,-29.32794189 -15.10974121 -1.60000002,-29.32794189 -15.10974121 -0,-29.28441811 -15.11729336 -1.60000002,-29.28441811 -15.11729336 -0,-29.24131775 -15.1269722 -1.60000002,-29.24131775 -15.1269722 -0,-29.19874382 -15.13875389 -1.60000002,-29.19874382 -15.13875389 -0,-29.15679932 -15.15261078 -1.60000002,-29.15679932 -15.15261078 -0,-29.11558533 -15.16850853 -1.60000002,-29.11558533 -15.16850853 -0,-29.07520103 -15.18640995 -1.60000002,-29.07520103 -15.18640995 -0,-29.03574371 -15.20627117 -1.60000002,-29.03574371 -15.20627117 -0,-28.99730682 -15.22804451 -1.60000002,-28.99730682 -15.22804451 -0,-28.95998764 -15.25167751 -1.60000002,-28.95998764 -15.25167751 -0,-28.92387009 -15.27711296 -1.60000002,-28.92387009 -15.27711296 -0,-28.88904572 -15.30429077 -1.60000002,-28.88904572 -15.30429077 -0,-28.85559654 -15.33314419 -1.60000002,-28.85559654 -15.33314419 -0,-28.82360458 -15.36360359 -1.60000002,-28.82360458 -15.36360359 -0,-28.79314423 -15.3955965 -1.60000002,-28.79314423 -15.3955965 -0,-28.76428986 -15.42904568 -1.60000002,-28.76428986 -15.42904568 -0,-28.73711395 -15.463871 -1.60000002,-28.73711395 -15.463871 -0,-28.71167755 -15.49998665 -1.60000002,-28.71167755 -15.49998665 -0,-28.68804359 -15.53730774 -1.60000002,-28.68804359 -15.53730774 -0,-28.66627121 -15.57574272 -1.60000002,-28.66627121 -15.57574272 -0,-28.64640999 -15.61520004 -1.60000002,-28.64640999 -15.61520004 -0,-28.62850761 -15.65558529 -1.60000002,-28.62850761 -15.65558529 -0,-28.61260986 -15.69679928 -1.60000002,-28.61260986 -15.69679928 -0,-28.59875298 -15.73874378 -1.60000002,-28.59875298 -15.73874378 -0,-28.58697128 -15.78131771 -0,-28.58697128 -15.78131771 -1.60000002,-28.5772934 -15.82441902 -1.60000002,-28.5772934 -15.82441902 -0,-28.5697403 -15.86794281 -0,-28.5697403 -15.86794281 -1.60000002,-28.56433296 -15.91178417 -1.60000002,-28.56433296 -15.91178417 -0,-28.56108475 -15.95583916 -0,-28.56108475 -15.95583916 -1.60000002,-28.55999947 -16 -0,-28.55999947 -16 -1.60000002,-28.55999947 -18 -1.60000002,-28.55999947 -18 -0,-29.43507767 -16.4993782 -1.60000002,-29.41021538 -16.49751472 -1.60000002,-29.38547897 -16.49441528 -1.60000002,-29.36092758 -16.4900856 -1.60000002,-29.33662224 -16.48453903 -1.60000002,-29.31262207 -16.47778702 -1.60000002,-29.28899002 -16.46984673 -1.60000002,-29.26578331 -16.46073723 -1.60000002,-29.24305725 -16.45048523 -1.60000002,-29.22087288 -16.43911171 -1.60000002,-29.19928169 -16.42664528 -1.60000002,-29.17834091 -16.41312027 -1.60000002,-29.15809822 -16.3985672 -1.60000002,-29.13860703 -16.38302231 -1.60000002,-29.1199131 -16.36652565 -1.60000002,-29.10206604 -16.34911919 -1.60000002,-29.08510971 -16.33084297 -1.60000002,-28.96388054 -16.06217194 -1.60000002,-28.96139717 -16.03736496 -1.60000002,-28.96759605 -16.08682442 -1.60000002,-28.97253609 -16.11126137 -1.60000002,-28.97868729 -16.13541985 -1.60000002,-28.9860363 -16.15924263 -1.60000002,-28.99456406 -16.18267059 -1.60000002,-29.00424767 -16.2056427 -1.60000002,-29.01506424 -16.22810555 -1.60000002,-29.02698708 -16.25 -1.60000002,-29.03998756 -16.27127266 -1.60000002,-29.05403137 -16.29187202 -1.60000002,-29.06908417 -16.31174469 -1.60000002,-28.96015549 -16.01246452 -1.60000002,-28.96015549 -15.98753452 -1.60000002,-28.96139717 -15.96263504 -1.60000002,-29.43507767 -15.5006218 -1.60000002,-28.96388054 -15.93782806 -1.60000002,-29.41021538 -15.50248432 -1.60000002,-28.96759605 -15.91317558 -1.60000002,-29.38547897 -15.50558472 -1.60000002,-28.97253609 -15.88873959 -1.60000002,-29.36092758 -15.50991344 -1.60000002,-28.97868729 -15.86458015 -1.60000002,-29.33662224 -15.51546097 -1.60000002,-29.31262207 -15.52221394 -1.60000002,-28.9860363 -15.84075642 -1.60000002,-28.99456406 -15.81732941 -1.60000002,-29.28899002 -15.53015327 -1.60000002,-29.26578331 -15.53926182 -1.60000002,-29.00424767 -15.79435635 -1.60000002,-29.24305725 -15.54951572 -1.60000002,-29.01506424 -15.77189445 -1.60000002,-29.02698708 -15.75 -1.60000002,-29.22087288 -15.56088924 -1.60000002,-29.19928169 -15.57335472 -1.60000002,-29.03998756 -15.72872734 -1.60000002,-29.17834091 -15.58688068 -1.60000002,-29.05403137 -15.70812798 -1.60000002,-29.15809822 -15.60143375 -1.60000002,-29.06908417 -15.68825531 -1.60000002,-29.13860703 -15.61697769 -1.60000002,-29.08510971 -15.66915703 -1.60000002,-29.10206604 -15.65088177 -1.60000002,-29.1199131 -15.63347435 -1.60000002,-29.43507767 -15.5006218 -0,-29.41021538 -15.50248432 -0,-29.38547897 -15.50558472 -0,-29.36092758 -15.50991344 -0,-29.33662224 -15.51546097 -0,-29.31262207 -15.52221394 -0,-29.28899002 -15.53015327 -0,-29.26578331 -15.53926182 -0,-29.24305725 -15.54951572 -0,-29.22087288 -15.56088924 -0,-29.19928169 -15.57335472 -0,-29.17834091 -15.58688068 -0,-29.15809822 -15.60143375 -0,-29.13860703 -15.61697769 -0,-29.1199131 -15.63347435 -0,-29.10206604 -15.65088177 -0,-29.08510971 -15.66915703 -0,-29.06908417 -15.68825531 -0,-29.05403137 -15.70812798 -0,-29.03998756 -15.72872734 -0,-29.02698708 -15.75 -0,-29.01506424 -15.77189445 -0,-29.00424767 -15.79435635 -0,-28.99456406 -15.81732941 -0,-28.9860363 -15.84075642 -0,-28.97868729 -15.86458015 -0,-28.97253609 -15.88873959 -0,-28.96759605 -15.91317558 -0,-28.96388054 -15.93782806 -0,-28.96139717 -15.96263504 -0,-28.96015549 -15.98753452 -0,-28.96015549 -16.01246452 -0,-28.96139717 -16.03736496 -0,-28.96388054 -16.06217194 -0,-28.96759605 -16.08682442 -0,-28.97253609 -16.11126137 -0,-28.97868729 -16.13541985 -0,-28.9860363 -16.15924263 -0,-28.99456406 -16.18267059 -0,-29.00424767 -16.2056427 -0,-29.01506424 -16.22810555 -0,-29.02698708 -16.25 -0,-29.03998756 -16.27127266 -0,-29.05403137 -16.29187202 -0,-29.06908417 -16.31174469 -0,-29.08510971 -16.33084297 -0,-29.10206604 -16.34911919 -0,-29.1199131 -16.36652565 -0,-29.13860703 -16.38302231 -0,-29.15809822 -16.3985672 -0,-29.17834091 -16.41312027 -0,-29.19928169 -16.42664528 -0,-29.22087288 -16.43911171 -0,-29.24305725 -16.45048523 -0,-29.26578331 -16.46073723 -0,-29.28899002 -16.46984673 -0,-29.31262207 -16.47778702 -0,-29.33662224 -16.48453903 -0,-29.36092758 -16.4900856 -0,-29.38547897 -16.49441528 -0,-29.41021538 -16.49751472 -0,-29.43507767 -16.4993782 -0,-26.92000008 -16.5 -0,-26.92000008 -16.5 -1.60000002,-26.9449234 -16.4993782 -0,-26.9449234 -16.4993782 -1.60000002,-26.96978378 -16.49751472 -0,-26.96978378 -16.49751472 -1.60000002,-26.99452019 -16.49441528 -0,-26.99452019 -16.49441528 -1.60000002,-27.01907349 -16.4900856 -0,-27.01907349 -16.4900856 -1.60000002,-27.04337883 -16.48453903 -0,-27.04337883 -16.48453903 -1.60000002,-27.06737709 -16.47778702 -0,-27.06737709 -16.47778702 -1.60000002,-27.09100914 -16.46984673 -0,-27.09100914 -16.46984673 -1.60000002,-27.11421776 -16.46073723 -0,-27.11421776 -16.46073723 -1.60000002,-27.13694191 -16.45048523 -0,-27.13694191 -16.45048523 -1.60000002,-27.15912628 -16.43911171 -0,-27.15912628 -16.43911171 -1.60000002,-27.18071747 -16.42664528 -0,-27.18071747 -16.42664528 -1.60000002,-27.20166016 -16.41312027 -0,-27.20166016 -16.41312027 -1.60000002,-27.22190285 -16.3985672 -0,-27.22190285 -16.3985672 -1.60000002,-27.24139404 -16.38302231 -0,-27.24139404 -16.38302231 -1.60000002,-27.26008606 -16.36652565 -0,-27.26008606 -16.36652565 -1.60000002,-27.27793312 -16.34911919 -0,-27.27793312 -16.34911919 -1.60000002,-27.29489136 -16.33084297 -0,-27.29489136 -16.33084297 -1.60000002,-27.31091499 -16.31174469 -0,-27.31091499 -16.31174469 -1.60000002,-27.3259697 -16.29187202 -0,-27.3259697 -16.29187202 -1.60000002,-27.3400135 -16.27127266 -0,-27.3400135 -16.27127266 -1.60000002,-27.35301208 -16.25 -0,-27.35301208 -16.25 -1.60000002,-27.36493683 -16.22810555 -0,-27.36493683 -16.22810555 -1.60000002,-27.3757534 -16.2056427 -0,-27.3757534 -16.2056427 -1.60000002,-27.38543701 -16.18267059 -0,-27.38543701 -16.18267059 -1.60000002,-27.39396286 -16.15924263 -0,-27.39396286 -16.15924263 -1.60000002,-27.40131187 -16.13541985 -0,-27.40131187 -16.13541985 -1.60000002,-27.40746307 -16.11126137 -0,-27.40746307 -16.11126137 -1.60000002,-27.41240311 -16.08682442 -0,-27.41240311 -16.08682442 -1.60000002,-27.41612053 -16.06217194 -0,-27.41612053 -16.06217194 -1.60000002,-27.41860199 -16.03736496 -0,-27.41860199 -16.03736496 -1.60000002,-27.41984367 -16.01246452 -0,-27.41984367 -16.01246452 -1.60000002,-27.41984367 -15.98753452 -0,-27.41984367 -15.98753452 -1.60000002,-27.41860199 -15.96263504 -1.60000002,-27.41860199 -15.96263504 -0,-27.41612053 -15.93782806 -0,-27.41612053 -15.93782806 -1.60000002,-27.41240311 -15.91317558 -1.60000002,-27.41240311 -15.91317558 -0,-27.40746307 -15.88873959 -0,-27.40746307 -15.88873959 -1.60000002,-27.40131187 -15.86458015 -0,-27.40131187 -15.86458015 -1.60000002,-27.39396286 -15.84075642 -0,-27.39396286 -15.84075642 -1.60000002,-27.38543701 -15.81732941 -0,-27.38543701 -15.81732941 -1.60000002,-27.3757534 -15.79435635 -0,-27.3757534 -15.79435635 -1.60000002,-27.36493683 -15.77189445 -0,-27.36493683 -15.77189445 -1.60000002,-27.35301208 -15.75 -0,-27.35301208 -15.75 -1.60000002,-27.3400135 -15.72872734 -0,-27.3400135 -15.72872734 -1.60000002,-27.3259697 -15.70812798 -0,-27.3259697 -15.70812798 -1.60000002,-27.31091499 -15.68825531 -0,-27.31091499 -15.68825531 -1.60000002,-27.29489136 -15.66915703 -0,-27.29489136 -15.66915703 -1.60000002,-27.27793312 -15.65088177 -0,-27.27793312 -15.65088177 -1.60000002,-27.26008606 -15.63347435 -0,-27.26008606 -15.63347435 -1.60000002,-27.24139404 -15.61697769 -0,-27.24139404 -15.61697769 -1.60000002,-27.22190285 -15.60143375 -1.60000002,-27.22190285 -15.60143375 -0,-27.20166016 -15.58688068 -0,-27.20166016 -15.58688068 -1.60000002,-27.18071747 -15.57335472 -0,-27.18071747 -15.57335472 -1.60000002,-27.15912628 -15.56088924 -0,-27.15912628 -15.56088924 -1.60000002,-27.13694191 -15.54951572 -0,-27.13694191 -15.54951572 -1.60000002,-27.11421776 -15.53926182 -1.60000002,-27.11421776 -15.53926182 -0,-27.09100914 -15.53015327 -0,-27.09100914 -15.53015327 -1.60000002,-27.06737709 -15.52221394 -0,-27.06737709 -15.52221394 -1.60000002,-27.04337883 -15.51546097 -1.60000002,-27.04337883 -15.51546097 -0,-27.01907349 -15.50991344 -0,-27.01907349 -15.50991344 -1.60000002,-26.99452019 -15.50558472 -0,-26.99452019 -15.50558472 -1.60000002,-26.96978378 -15.50248432 -0,-26.96978378 -15.50248432 -1.60000002,-26.9449234 -15.5006218 -0,-26.9449234 -15.5006218 -1.60000002,-26.92000008 -15.5 -0,-26.92000008 -15.5 -1.60000002,-27.81999969 -16 -1.60000002,-27.81999969 -16 -0,-27.81891632 -15.95583916 -0,-27.81891632 -15.95583916 -1.60000002,-27.8156662 -15.91178417 -0,-27.8156662 -15.91178417 -1.60000002,-27.81025887 -15.86794281 -0,-27.81025887 -15.86794281 -1.60000002,-27.80270767 -15.82441902 -0,-27.80270767 -15.82441902 -1.60000002,-27.79302788 -15.78131771 -1.60000002,-27.79302788 -15.78131771 -0,-27.78124619 -15.73874378 -1.60000002,-27.78124619 -15.73874378 -0,-27.7673893 -15.69679928 -1.60000002,-27.7673893 -15.69679928 -0,-27.75149155 -15.65558529 -1.60000002,-27.75149155 -15.65558529 -0,-27.73359108 -15.61520004 -1.60000002,-27.73359108 -15.61520004 -0,-27.71372986 -15.57574272 -1.60000002,-27.71372986 -15.57574272 -0,-27.69195557 -15.53730774 -1.60000002,-27.69195557 -15.53730774 -0,-27.66832352 -15.49998665 -1.60000002,-27.66832352 -15.49998665 -0,-27.64288712 -15.463871 -1.60000002,-27.64288712 -15.463871 -0,-27.6157093 -15.42904568 -1.60000002,-27.6157093 -15.42904568 -0,-27.58685684 -15.3955965 -1.60000002,-27.58685684 -15.3955965 -0,-27.55639648 -15.36360359 -1.60000002,-27.55639648 -15.36360359 -0,-27.52440262 -15.33314419 -1.60000002,-27.52440262 -15.33314419 -0,-27.49095345 -15.30429077 -1.60000002,-27.49095345 -15.30429077 -0,-27.45612907 -15.27711296 -1.60000002,-27.45612907 -15.27711296 -0,-27.42001343 -15.25167751 -1.60000002,-27.42001343 -15.25167751 -0,-27.38269234 -15.22804451 -1.60000002,-27.38269234 -15.22804451 -0,-27.34425735 -15.20627117 -1.60000002,-27.34425735 -15.20627117 -0,-27.30480003 -15.18640995 -1.60000002,-27.30480003 -15.18640995 -0,-27.26441574 -15.16850853 -1.60000002,-27.26441574 -15.16850853 -0,-27.22320175 -15.15261078 -1.60000002,-27.22320175 -15.15261078 -0,-27.18125534 -15.13875389 -1.60000002,-27.18125534 -15.13875389 -0,-27.13868141 -15.1269722 -1.60000002,-27.13868141 -15.1269722 -0,-27.09558105 -15.11729336 -1.60000002,-27.09558105 -15.11729336 -0,-27.05205727 -15.10974121 -1.60000002,-27.05205727 -15.10974121 -0,-27.00821495 -15.10433388 -1.60000002,-27.00821495 -15.10433388 -0,-26.96416092 -15.10108376 -1.60000002,-26.96416092 -15.10108376 -0,-26.92000008 -15.10000038 -1.60000002,-26.92000008 -15.10000038 -0,-27.81999969 -18 -0,-27.81999969 -18 -1.60000002,-26.87583923 -15.10108376 -1.60000002,-26.87583923 -15.10108376 -0,-26.8317852 -15.10433388 -1.60000002,-26.8317852 -15.10433388 -0,-26.78794289 -15.10974121 -1.60000002,-26.78794289 -15.10974121 -0,-26.7444191 -15.11729336 -1.60000002,-26.7444191 -15.11729336 -0,-26.70131874 -15.1269722 -1.60000002,-26.70131874 -15.1269722 -0,-26.6587429 -15.13875389 -1.60000002,-26.6587429 -15.13875389 -0,-26.6167984 -15.15261078 -1.60000002,-26.6167984 -15.15261078 -0,-26.57558441 -15.16850853 -1.60000002,-26.57558441 -15.16850853 -0,-26.53520012 -15.18640995 -1.60000002,-26.53520012 -15.18640995 -0,-26.4957428 -15.20627117 -1.60000002,-26.4957428 -15.20627117 -0,-26.45730782 -15.22804451 -1.60000002,-26.45730782 -15.22804451 -0,-26.41998672 -15.25167751 -1.60000002,-26.41998672 -15.25167751 -0,-26.38387108 -15.27711296 -1.60000002,-26.38387108 -15.27711296 -0,-26.34904671 -15.30429077 -1.60000002,-26.34904671 -15.30429077 -0,-26.31559753 -15.33314419 -1.60000002,-26.31559753 -15.33314419 -0,-26.28360367 -15.36360359 -1.60000002,-26.28360367 -15.36360359 -0,-26.25314331 -15.3955965 -1.60000002,-26.25314331 -15.3955965 -0,-26.22429085 -15.42904568 -1.60000002,-26.22429085 -15.42904568 -0,-26.19711304 -15.463871 -1.60000002,-26.19711304 -15.463871 -0,-26.17167664 -15.49998665 -1.60000002,-26.17167664 -15.49998665 -0,-26.14804459 -15.53730774 -1.60000002,-26.14804459 -15.53730774 -0,-26.12627029 -15.57574272 -1.60000002,-26.12627029 -15.57574272 -0,-26.10640907 -15.61520004 -1.60000002,-26.10640907 -15.61520004 -0,-26.08850861 -15.65558529 -1.60000002,-26.08850861 -15.65558529 -0,-26.07261086 -15.69679928 -1.60000002,-26.07261086 -15.69679928 -0,-26.05875397 -15.73874378 -1.60000002,-26.05875397 -15.73874378 -0,-26.04697227 -15.78131771 -0,-26.04697227 -15.78131771 -1.60000002,-26.03729248 -15.82441902 -1.60000002,-26.03729248 -15.82441902 -0,-26.02974129 -15.86794281 -0,-26.02974129 -15.86794281 -1.60000002,-26.02433395 -15.91178417 -1.60000002,-26.02433395 -15.91178417 -0,-26.02108383 -15.95583916 -0,-26.02108383 -15.95583916 -1.60000002,-26.02000046 -16 -0,-26.02000046 -16 -1.60000002,-26.02000046 -18 -1.60000002,-26.02000046 -18 -0,-26.89507675 -16.4993782 -1.60000002,-26.87021637 -16.49751472 -1.60000002,-26.84547806 -16.49441528 -1.60000002,-26.82092667 -16.4900856 -1.60000002,-26.79662132 -16.48453903 -1.60000002,-26.77262306 -16.47778702 -1.60000002,-26.74898911 -16.46984673 -1.60000002,-26.72578239 -16.46073723 -1.60000002,-26.70305824 -16.45048523 -1.60000002,-26.68087387 -16.43911171 -1.60000002,-26.65928268 -16.42664528 -1.60000002,-26.63834 -16.41312027 -1.60000002,-26.61809731 -16.3985672 -1.60000002,-26.59860611 -16.38302231 -1.60000002,-26.57991409 -16.36652565 -1.60000002,-26.56206703 -16.34911919 -1.60000002,-26.5451088 -16.33084297 -1.60000002,-26.42387962 -16.06217194 -1.60000002,-26.42139816 -16.03736496 -1.60000002,-26.42759705 -16.08682442 -1.60000002,-26.43253517 -16.11126137 -1.60000002,-26.43868828 -16.13541985 -1.60000002,-26.44603539 -16.15924263 -1.60000002,-26.45456314 -16.18267059 -1.60000002,-26.46424675 -16.2056427 -1.60000002,-26.47506332 -16.22810555 -1.60000002,-26.48698807 -16.25 -1.60000002,-26.49998665 -16.27127266 -1.60000002,-26.51403046 -16.29187202 -1.60000002,-26.52908516 -16.31174469 -1.60000002,-26.42015457 -16.01246452 -1.60000002,-26.42015457 -15.98753452 -1.60000002,-26.42139816 -15.96263504 -1.60000002,-26.89507675 -15.5006218 -1.60000002,-26.42387962 -15.93782806 -1.60000002,-26.87021637 -15.50248432 -1.60000002,-26.42759705 -15.91317558 -1.60000002,-26.84547806 -15.50558472 -1.60000002,-26.43253517 -15.88873959 -1.60000002,-26.82092667 -15.50991344 -1.60000002,-26.43868828 -15.86458015 -1.60000002,-26.79662132 -15.51546097 -1.60000002,-26.77262306 -15.52221394 -1.60000002,-26.44603539 -15.84075642 -1.60000002,-26.45456314 -15.81732941 -1.60000002,-26.74898911 -15.53015327 -1.60000002,-26.72578239 -15.53926182 -1.60000002,-26.46424675 -15.79435635 -1.60000002,-26.70305824 -15.54951572 -1.60000002,-26.47506332 -15.77189445 -1.60000002,-26.48698807 -15.75 -1.60000002,-26.68087387 -15.56088924 -1.60000002,-26.65928268 -15.57335472 -1.60000002,-26.49998665 -15.72872734 -1.60000002,-26.63834 -15.58688068 -1.60000002,-26.51403046 -15.70812798 -1.60000002,-26.61809731 -15.60143375 -1.60000002,-26.52908516 -15.68825531 -1.60000002,-26.59860611 -15.61697769 -1.60000002,-26.5451088 -15.66915703 -1.60000002,-26.56206703 -15.65088177 -1.60000002,-26.57991409 -15.63347435 -1.60000002,-26.89507675 -15.5006218 -0,-26.87021637 -15.50248432 -0,-26.84547806 -15.50558472 -0,-26.82092667 -15.50991344 -0,-26.79662132 -15.51546097 -0,-26.77262306 -15.52221394 -0,-26.74898911 -15.53015327 -0,-26.72578239 -15.53926182 -0,-26.70305824 -15.54951572 -0,-26.68087387 -15.56088924 -0,-26.65928268 -15.57335472 -0,-26.63834 -15.58688068 -0,-26.61809731 -15.60143375 -0,-26.59860611 -15.61697769 -0,-26.57991409 -15.63347435 -0,-26.56206703 -15.65088177 -0,-26.5451088 -15.66915703 -0,-26.52908516 -15.68825531 -0,-26.51403046 -15.70812798 -0,-26.49998665 -15.72872734 -0,-26.48698807 -15.75 -0,-26.47506332 -15.77189445 -0,-26.46424675 -15.79435635 -0,-26.45456314 -15.81732941 -0,-26.44603539 -15.84075642 -0,-26.43868828 -15.86458015 -0,-26.43253517 -15.88873959 -0,-26.42759705 -15.91317558 -0,-26.42387962 -15.93782806 -0,-26.42139816 -15.96263504 -0,-26.42015457 -15.98753452 -0,-26.42015457 -16.01246452 -0,-26.42139816 -16.03736496 -0,-26.42387962 -16.06217194 -0,-26.42759705 -16.08682442 -0,-26.43253517 -16.11126137 -0,-26.43868828 -16.13541985 -0,-26.44603539 -16.15924263 -0,-26.45456314 -16.18267059 -0,-26.46424675 -16.2056427 -0,-26.47506332 -16.22810555 -0,-26.48698807 -16.25 -0,-26.49998665 -16.27127266 -0,-26.51403046 -16.29187202 -0,-26.52908516 -16.31174469 -0,-26.5451088 -16.33084297 -0,-26.56206703 -16.34911919 -0,-26.57991409 -16.36652565 -0,-26.59860611 -16.38302231 -0,-26.61809731 -16.3985672 -0,-26.63834 -16.41312027 -0,-26.65928268 -16.42664528 -0,-26.68087387 -16.43911171 -0,-26.70305824 -16.45048523 -0,-26.72578239 -16.46073723 -0,-26.74898911 -16.46984673 -0,-26.77262306 -16.47778702 -0,-26.79662132 -16.48453903 -0,-26.82092667 -16.4900856 -0,-26.84547806 -16.49441528 -0,-26.87021637 -16.49751472 -0,-26.89507675 -16.4993782 -0,-24.37999916 -16.5 -0,-24.37999916 -16.5 -1.60000002,-24.40492249 -16.4993782 -0,-24.40492249 -16.4993782 -1.60000002,-24.42978477 -16.49751472 -0,-24.42978477 -16.49751472 -1.60000002,-24.45452118 -16.49441528 -0,-24.45452118 -16.49441528 -1.60000002,-24.47907257 -16.4900856 -0,-24.47907257 -16.4900856 -1.60000002,-24.50337791 -16.48453903 -0,-24.50337791 -16.48453903 -1.60000002,-24.52737808 -16.47778702 -0,-24.52737808 -16.47778702 -1.60000002,-24.55101013 -16.46984673 -0,-24.55101013 -16.46984673 -1.60000002,-24.57421684 -16.46073723 -0,-24.57421684 -16.46073723 -1.60000002,-24.59694099 -16.45048523 -0,-24.59694099 -16.45048523 -1.60000002,-24.61912727 -16.43911171 -0,-24.61912727 -16.43911171 -1.60000002,-24.64071846 -16.42664528 -0,-24.64071846 -16.42664528 -1.60000002,-24.66165924 -16.41312027 -0,-24.66165924 -16.41312027 -1.60000002,-24.68190193 -16.3985672 -0,-24.68190193 -16.3985672 -1.60000002,-24.70139313 -16.38302231 -0,-24.70139313 -16.38302231 -1.60000002,-24.72008705 -16.36652565 -0,-24.72008705 -16.36652565 -1.60000002,-24.73793411 -16.34911919 -0,-24.73793411 -16.34911919 -1.60000002,-24.75489044 -16.33084297 -0,-24.75489044 -16.33084297 -1.60000002,-24.77091599 -16.31174469 -0,-24.77091599 -16.31174469 -1.60000002,-24.78596878 -16.29187202 -0,-24.78596878 -16.29187202 -1.60000002,-24.80001259 -16.27127266 -0,-24.80001259 -16.27127266 -1.60000002,-24.81301308 -16.25 -0,-24.81301308 -16.25 -1.60000002,-24.82493591 -16.22810555 -0,-24.82493591 -16.22810555 -1.60000002,-24.83575249 -16.2056427 -0,-24.83575249 -16.2056427 -1.60000002,-24.8454361 -16.18267059 -0,-24.8454361 -16.18267059 -1.60000002,-24.85396385 -16.15924263 -0,-24.85396385 -16.15924263 -1.60000002,-24.86131287 -16.13541985 -0,-24.86131287 -16.13541985 -1.60000002,-24.86746407 -16.11126137 -0,-24.86746407 -16.11126137 -1.60000002,-24.8724041 -16.08682442 -0,-24.8724041 -16.08682442 -1.60000002,-24.87611961 -16.06217194 -0,-24.87611961 -16.06217194 -1.60000002,-24.87860107 -16.03736496 -0,-24.87860107 -16.03736496 -1.60000002,-24.87984467 -16.01246452 -0,-24.87984467 -16.01246452 -1.60000002,-24.87984467 -15.98753452 -0,-24.87984467 -15.98753452 -1.60000002,-24.87860107 -15.96263504 -1.60000002,-24.87860107 -15.96263504 -0,-24.87611961 -15.93782806 -0,-24.87611961 -15.93782806 -1.60000002,-24.8724041 -15.91317558 -1.60000002,-24.8724041 -15.91317558 -0,-24.86746407 -15.88873959 -0,-24.86746407 -15.88873959 -1.60000002,-24.86131287 -15.86458015 -0,-24.86131287 -15.86458015 -1.60000002,-24.85396385 -15.84075642 -0,-24.85396385 -15.84075642 -1.60000002,-24.8454361 -15.81732941 -0,-24.8454361 -15.81732941 -1.60000002,-24.83575249 -15.79435635 -0,-24.83575249 -15.79435635 -1.60000002,-24.82493591 -15.77189445 -0,-24.82493591 -15.77189445 -1.60000002,-24.81301308 -15.75 -0,-24.81301308 -15.75 -1.60000002,-24.80001259 -15.72872734 -0,-24.80001259 -15.72872734 -1.60000002,-24.78596878 -15.70812798 -0,-24.78596878 -15.70812798 -1.60000002,-24.77091599 -15.68825531 -0,-24.77091599 -15.68825531 -1.60000002,-24.75489044 -15.66915703 -0,-24.75489044 -15.66915703 -1.60000002,-24.73793411 -15.65088177 -0,-24.73793411 -15.65088177 -1.60000002,-24.72008705 -15.63347435 -0,-24.72008705 -15.63347435 -1.60000002,-24.70139313 -15.61697769 -0,-24.70139313 -15.61697769 -1.60000002,-24.68190193 -15.60143375 -1.60000002,-24.68190193 -15.60143375 -0,-24.66165924 -15.58688068 -0,-24.66165924 -15.58688068 -1.60000002,-24.64071846 -15.57335472 -0,-24.64071846 -15.57335472 -1.60000002,-24.61912727 -15.56088924 -0,-24.61912727 -15.56088924 -1.60000002,-24.59694099 -15.54951572 -0,-24.59694099 -15.54951572 -1.60000002,-24.57421684 -15.53926182 -1.60000002,-24.57421684 -15.53926182 -0,-24.55101013 -15.53015327 -0,-24.55101013 -15.53015327 -1.60000002,-24.52737808 -15.52221394 -0,-24.52737808 -15.52221394 -1.60000002,-24.50337791 -15.51546097 -1.60000002,-24.50337791 -15.51546097 -0,-24.47907257 -15.50991344 -0,-24.47907257 -15.50991344 -1.60000002,-24.45452118 -15.50558472 -0,-24.45452118 -15.50558472 -1.60000002,-24.42978477 -15.50248432 -0,-24.42978477 -15.50248432 -1.60000002,-24.40492249 -15.5006218 -0,-24.40492249 -15.5006218 -1.60000002,-24.37999916 -15.5 -0,-24.37999916 -15.5 -1.60000002,-25.28000069 -16 -1.60000002,-25.28000069 -16 -0,-25.27891541 -15.95583916 -0,-25.27891541 -15.95583916 -1.60000002,-25.27566719 -15.91178417 -0,-25.27566719 -15.91178417 -1.60000002,-25.27025795 -15.86794281 -0,-25.27025795 -15.86794281 -1.60000002,-25.26270676 -15.82441902 -0,-25.26270676 -15.82441902 -1.60000002,-25.25302887 -15.78131771 -1.60000002,-25.25302887 -15.78131771 -0,-25.24124718 -15.73874378 -1.60000002,-25.24124718 -15.73874378 -0,-25.22739029 -15.69679928 -1.60000002,-25.22739029 -15.69679928 -0,-25.21149063 -15.65558529 -1.60000002,-25.21149063 -15.65558529 -0,-25.19359016 -15.61520004 -1.60000002,-25.19359016 -15.61520004 -0,-25.17372894 -15.57574272 -1.60000002,-25.17372894 -15.57574272 -0,-25.15195656 -15.53730774 -1.60000002,-25.15195656 -15.53730774 -0,-25.1283226 -15.49998665 -1.60000002,-25.1283226 -15.49998665 -0,-25.1028862 -15.463871 -1.60000002,-25.1028862 -15.463871 -0,-25.0757103 -15.42904568 -1.60000002,-25.0757103 -15.42904568 -0,-25.04685593 -15.3955965 -1.60000002,-25.04685593 -15.3955965 -0,-25.01639557 -15.36360359 -1.60000002,-25.01639557 -15.36360359 -0,-24.98440361 -15.33314419 -1.60000002,-24.98440361 -15.33314419 -0,-24.95095444 -15.30429077 -1.60000002,-24.95095444 -15.30429077 -0,-24.91613007 -15.27711296 -1.60000002,-24.91613007 -15.27711296 -0,-24.88001251 -15.25167751 -1.60000002,-24.88001251 -15.25167751 -0,-24.84269333 -15.22804451 -1.60000002,-24.84269333 -15.22804451 -0,-24.80425644 -15.20627117 -1.60000002,-24.80425644 -15.20627117 -0,-24.76479912 -15.18640995 -1.60000002,-24.76479912 -15.18640995 -0,-24.72441483 -15.16850853 -1.60000002,-24.72441483 -15.16850853 -0,-24.68320084 -15.15261078 -1.60000002,-24.68320084 -15.15261078 -0,-24.64125633 -15.13875389 -1.60000002,-24.64125633 -15.13875389 -0,-24.5986824 -15.1269722 -1.60000002,-24.5986824 -15.1269722 -0,-24.55558205 -15.11729336 -1.60000002,-24.55558205 -15.11729336 -0,-24.51205826 -15.10974121 -1.60000002,-24.51205826 -15.10974121 -0,-24.46821594 -15.10433388 -1.60000002,-24.46821594 -15.10433388 -0,-24.42416 -15.10108376 -1.60000002,-24.42416 -15.10108376 -0,-24.37999916 -15.10000038 -1.60000002,-24.37999916 -15.10000038 -0,-25.28000069 -18 -0,-25.28000069 -18 -1.60000002,-24.33583832 -15.10108376 -1.60000002,-24.33583832 -15.10108376 -0,-24.29178429 -15.10433388 -1.60000002,-24.29178429 -15.10433388 -0,-24.24794197 -15.10974121 -1.60000002,-24.24794197 -15.10974121 -0,-24.20441818 -15.11729336 -1.60000002,-24.20441818 -15.11729336 -0,-24.16131783 -15.1269722 -1.60000002,-24.16131783 -15.1269722 -0,-24.1187439 -15.13875389 -1.60000002,-24.1187439 -15.13875389 -0,-24.07679939 -15.15261078 -1.60000002,-24.07679939 -15.15261078 -0,-24.0355854 -15.16850853 -1.60000002,-24.0355854 -15.16850853 -0,-23.99520111 -15.18640995 -1.60000002,-23.99520111 -15.18640995 -0,-23.95574379 -15.20627117 -1.60000002,-23.95574379 -15.20627117 -0,-23.9173069 -15.22804451 -1.60000002,-23.9173069 -15.22804451 -0,-23.87998772 -15.25167751 -1.60000002,-23.87998772 -15.25167751 -0,-23.84387016 -15.27711296 -1.60000002,-23.84387016 -15.27711296 -0,-23.80904579 -15.30429077 -1.60000002,-23.80904579 -15.30429077 -0,-23.77559662 -15.33314419 -1.60000002,-23.77559662 -15.33314419 -0,-23.74360466 -15.36360359 -1.60000002,-23.74360466 -15.36360359 -0,-23.7131443 -15.3955965 -1.60000002,-23.7131443 -15.3955965 -0,-23.68428993 -15.42904568 -1.60000002,-23.68428993 -15.42904568 -0,-23.65711403 -15.463871 -1.60000002,-23.65711403 -15.463871 -0,-23.63167763 -15.49998665 -1.60000002,-23.63167763 -15.49998665 -0,-23.60804367 -15.53730774 -1.60000002,-23.60804367 -15.53730774 -0,-23.58627129 -15.57574272 -1.60000002,-23.58627129 -15.57574272 -0,-23.56641006 -15.61520004 -1.60000002,-23.56641006 -15.61520004 -0,-23.54850769 -15.65558529 -1.60000002,-23.54850769 -15.65558529 -0,-23.53260994 -15.69679928 -1.60000002,-23.53260994 -15.69679928 -0,-23.51875305 -15.73874378 -1.60000002,-23.51875305 -15.73874378 -0,-23.50697136 -15.78131771 -0,-23.50697136 -15.78131771 -1.60000002,-23.49729347 -15.82441902 -1.60000002,-23.49729347 -15.82441902 -0,-23.48974037 -15.86794281 -0,-23.48974037 -15.86794281 -1.60000002,-23.48433304 -15.91178417 -1.60000002,-23.48433304 -15.91178417 -0,-23.48108482 -15.95583916 -0,-23.48108482 -15.95583916 -1.60000002,-23.47999954 -16 -0,-23.47999954 -16 -1.60000002,-23.47999954 -18 -1.60000002,-23.47999954 -18 -0,-24.35507774 -16.4993782 -1.60000002,-24.33021545 -16.49751472 -1.60000002,-24.30547905 -16.49441528 -1.60000002,-24.28092766 -16.4900856 -1.60000002,-24.25662041 -16.48453903 -1.60000002,-24.23262215 -16.47778702 -1.60000002,-24.2089901 -16.46984673 -1.60000002,-24.18578339 -16.46073723 -1.60000002,-24.16305733 -16.45048523 -1.60000002,-24.14087296 -16.43911171 -1.60000002,-24.11928177 -16.42664528 -1.60000002,-24.09833908 -16.41312027 -1.60000002,-24.0780983 -16.3985672 -1.60000002,-24.0586071 -16.38302231 -1.60000002,-24.03991318 -16.36652565 -1.60000002,-24.02206612 -16.34911919 -1.60000002,-24.00510979 -16.33084297 -1.60000002,-23.88388062 -16.06217194 -1.60000002,-23.88139725 -16.03736496 -1.60000002,-23.88759613 -16.08682442 -1.60000002,-23.89253616 -16.11126137 -1.60000002,-23.89868736 -16.13541985 -1.60000002,-23.90603638 -16.15924263 -1.60000002,-23.91456223 -16.18267059 -1.60000002,-23.92424774 -16.2056427 -1.60000002,-23.93506432 -16.22810555 -1.60000002,-23.94698715 -16.25 -1.60000002,-23.95998764 -16.27127266 -1.60000002,-23.97403145 -16.29187202 -1.60000002,-23.98908424 -16.31174469 -1.60000002,-23.88015556 -16.01246452 -1.60000002,-23.88015556 -15.98753452 -1.60000002,-23.88139725 -15.96263504 -1.60000002,-24.35507774 -15.5006218 -1.60000002,-23.88388062 -15.93782806 -1.60000002,-24.33021545 -15.50248432 -1.60000002,-23.88759613 -15.91317558 -1.60000002,-24.30547905 -15.50558472 -1.60000002,-23.89253616 -15.88873959 -1.60000002,-24.28092766 -15.50991344 -1.60000002,-23.89868736 -15.86458015 -1.60000002,-24.25662041 -15.51546097 -1.60000002,-24.23262215 -15.52221394 -1.60000002,-23.90603638 -15.84075642 -1.60000002,-23.91456223 -15.81732941 -1.60000002,-24.2089901 -15.53015327 -1.60000002,-24.18578339 -15.53926182 -1.60000002,-23.92424774 -15.79435635 -1.60000002,-24.16305733 -15.54951572 -1.60000002,-23.93506432 -15.77189445 -1.60000002,-23.94698715 -15.75 -1.60000002,-24.14087296 -15.56088924 -1.60000002,-24.11928177 -15.57335472 -1.60000002,-23.95998764 -15.72872734 -1.60000002,-24.09833908 -15.58688068 -1.60000002,-23.97403145 -15.70812798 -1.60000002,-24.0780983 -15.60143375 -1.60000002,-23.98908424 -15.68825531 -1.60000002,-24.0586071 -15.61697769 -1.60000002,-24.00510979 -15.66915703 -1.60000002,-24.02206612 -15.65088177 -1.60000002,-24.03991318 -15.63347435 -1.60000002,-24.35507774 -15.5006218 -0,-24.33021545 -15.50248432 -0,-24.30547905 -15.50558472 -0,-24.28092766 -15.50991344 -0,-24.25662041 -15.51546097 -0,-24.23262215 -15.52221394 -0,-24.2089901 -15.53015327 -0,-24.18578339 -15.53926182 -0,-24.16305733 -15.54951572 -0,-24.14087296 -15.56088924 -0,-24.11928177 -15.57335472 -0,-24.09833908 -15.58688068 -0,-24.0780983 -15.60143375 -0,-24.0586071 -15.61697769 -0,-24.03991318 -15.63347435 -0,-24.02206612 -15.65088177 -0,-24.00510979 -15.66915703 -0,-23.98908424 -15.68825531 -0,-23.97403145 -15.70812798 -0,-23.95998764 -15.72872734 -0,-23.94698715 -15.75 -0,-23.93506432 -15.77189445 -0,-23.92424774 -15.79435635 -0,-23.91456223 -15.81732941 -0,-23.90603638 -15.84075642 -0,-23.89868736 -15.86458015 -0,-23.89253616 -15.88873959 -0,-23.88759613 -15.91317558 -0,-23.88388062 -15.93782806 -0,-23.88139725 -15.96263504 -0,-23.88015556 -15.98753452 -0,-23.88015556 -16.01246452 -0,-23.88139725 -16.03736496 -0,-23.88388062 -16.06217194 -0,-23.88759613 -16.08682442 -0,-23.89253616 -16.11126137 -0,-23.89868736 -16.13541985 -0,-23.90603638 -16.15924263 -0,-23.91456223 -16.18267059 -0,-23.92424774 -16.2056427 -0,-23.93506432 -16.22810555 -0,-23.94698715 -16.25 -0,-23.95998764 -16.27127266 -0,-23.97403145 -16.29187202 -0,-23.98908424 -16.31174469 -0,-24.00510979 -16.33084297 -0,-24.02206612 -16.34911919 -0,-24.03991318 -16.36652565 -0,-24.0586071 -16.38302231 -0,-24.0780983 -16.3985672 -0,-24.09833908 -16.41312027 -0,-24.11928177 -16.42664528 -0,-24.14087296 -16.43911171 -0,-24.16305733 -16.45048523 -0,-24.18578339 -16.46073723 -0,-24.2089901 -16.46984673 -0,-24.23262215 -16.47778702 -0,-24.25662041 -16.48453903 -0,-24.28092766 -16.4900856 -0,-24.30547905 -16.49441528 -0,-24.33021545 -16.49751472 -0,-24.35507774 -16.4993782 -0,-21.84000015 -16.5 -0,-21.84000015 -16.5 -1.60000002,-21.86492348 -16.4993782 -0,-21.86492348 -16.4993782 -1.60000002,-21.88978386 -16.49751472 -0,-21.88978386 -16.49751472 -1.60000002,-21.91452026 -16.49441528 -0,-21.91452026 -16.49441528 -1.60000002,-21.93907356 -16.4900856 -0,-21.93907356 -16.4900856 -1.60000002,-21.96337891 -16.48453903 -0,-21.96337891 -16.48453903 -1.60000002,-21.98737717 -16.47778702 -0,-21.98737717 -16.47778702 -1.60000002,-22.01100922 -16.46984673 -0,-22.01100922 -16.46984673 -1.60000002,-22.03421783 -16.46073723 -0,-22.03421783 -16.46073723 -1.60000002,-22.05694199 -16.45048523 -0,-22.05694199 -16.45048523 -1.60000002,-22.07912636 -16.43911171 -0,-22.07912636 -16.43911171 -1.60000002,-22.10071754 -16.42664528 -0,-22.10071754 -16.42664528 -1.60000002,-22.12166023 -16.41312027 -0,-22.12166023 -16.41312027 -1.60000002,-22.14190292 -16.3985672 -0,-22.14190292 -16.3985672 -1.60000002,-22.16139412 -16.38302231 -0,-22.16139412 -16.38302231 -1.60000002,-22.18008614 -16.36652565 -0,-22.18008614 -16.36652565 -1.60000002,-22.1979332 -16.34911919 -0,-22.1979332 -16.34911919 -1.60000002,-22.21489143 -16.33084297 -0,-22.21489143 -16.33084297 -1.60000002,-22.23091507 -16.31174469 -0,-22.23091507 -16.31174469 -1.60000002,-22.24596977 -16.29187202 -0,-22.24596977 -16.29187202 -1.60000002,-22.26001358 -16.27127266 -0,-22.26001358 -16.27127266 -1.60000002,-22.27301216 -16.25 -0,-22.27301216 -16.25 -1.60000002,-22.284935 -16.22810555 -0,-22.284935 -16.22810555 -1.60000002,-22.29575348 -16.2056427 -0,-22.29575348 -16.2056427 -1.60000002,-22.30543709 -16.18267059 -0,-22.30543709 -16.18267059 -1.60000002,-22.31396294 -16.15924263 -0,-22.31396294 -16.15924263 -1.60000002,-22.32131195 -16.13541985 -0,-22.32131195 -16.13541985 -1.60000002,-22.32746315 -16.11126137 -0,-22.32746315 -16.11126137 -1.60000002,-22.33240318 -16.08682442 -0,-22.33240318 -16.08682442 -1.60000002,-22.3361187 -16.06217194 -0,-22.3361187 -16.06217194 -1.60000002,-22.33860207 -16.03736496 -0,-22.33860207 -16.03736496 -1.60000002,-22.33984375 -16.01246452 -0,-22.33984375 -16.01246452 -1.60000002,-22.33984375 -15.98753452 -0,-22.33984375 -15.98753452 -1.60000002,-22.33860207 -15.96263504 -1.60000002,-22.33860207 -15.96263504 -0,-22.3361187 -15.93782806 -0,-22.3361187 -15.93782806 -1.60000002,-22.33240318 -15.91317558 -1.60000002,-22.33240318 -15.91317558 -0,-22.32746315 -15.88873959 -0,-22.32746315 -15.88873959 -1.60000002,-22.32131195 -15.86458015 -0,-22.32131195 -15.86458015 -1.60000002,-22.31396294 -15.84075642 -0,-22.31396294 -15.84075642 -1.60000002,-22.30543709 -15.81732941 -0,-22.30543709 -15.81732941 -1.60000002,-22.29575348 -15.79435635 -0,-22.29575348 -15.79435635 -1.60000002,-22.284935 -15.77189445 -0,-22.284935 -15.77189445 -1.60000002,-22.27301216 -15.75 -0,-22.27301216 -15.75 -1.60000002,-22.26001358 -15.72872734 -0,-22.26001358 -15.72872734 -1.60000002,-22.24596977 -15.70812798 -0,-22.24596977 -15.70812798 -1.60000002,-22.23091507 -15.68825531 -0,-22.23091507 -15.68825531 -1.60000002,-22.21489143 -15.66915703 -0,-22.21489143 -15.66915703 -1.60000002,-22.1979332 -15.65088177 -0,-22.1979332 -15.65088177 -1.60000002,-22.18008614 -15.63347435 -0,-22.18008614 -15.63347435 -1.60000002,-22.16139412 -15.61697769 -0,-22.16139412 -15.61697769 -1.60000002,-22.14190292 -15.60143375 -1.60000002,-22.14190292 -15.60143375 -0,-22.12166023 -15.58688068 -0,-22.12166023 -15.58688068 -1.60000002,-22.10071754 -15.57335472 -0,-22.10071754 -15.57335472 -1.60000002,-22.07912636 -15.56088924 -0,-22.07912636 -15.56088924 -1.60000002,-22.05694199 -15.54951572 -0,-22.05694199 -15.54951572 -1.60000002,-22.03421783 -15.53926182 -1.60000002,-22.03421783 -15.53926182 -0,-22.01100922 -15.53015327 -0,-22.01100922 -15.53015327 -1.60000002,-21.98737717 -15.52221394 -0,-21.98737717 -15.52221394 -1.60000002,-21.96337891 -15.51546097 -1.60000002,-21.96337891 -15.51546097 -0,-21.93907356 -15.50991344 -0,-21.93907356 -15.50991344 -1.60000002,-21.91452026 -15.50558472 -0,-21.91452026 -15.50558472 -1.60000002,-21.88978386 -15.50248432 -0,-21.88978386 -15.50248432 -1.60000002,-21.86492348 -15.5006218 -0,-21.86492348 -15.5006218 -1.60000002,-21.84000015 -15.5 -0,-21.84000015 -15.5 -1.60000002,-22.73999977 -16 -1.60000002,-22.73999977 -16 -0,-22.7389164 -15.95583916 -0,-22.7389164 -15.95583916 -1.60000002,-22.73566628 -15.91178417 -0,-22.73566628 -15.91178417 -1.60000002,-22.73025894 -15.86794281 -0,-22.73025894 -15.86794281 -1.60000002,-22.72270584 -15.82441902 -0,-22.72270584 -15.82441902 -1.60000002,-22.71302795 -15.78131771 -1.60000002,-22.71302795 -15.78131771 -0,-22.70124626 -15.73874378 -1.60000002,-22.70124626 -15.73874378 -0,-22.68738937 -15.69679928 -1.60000002,-22.68738937 -15.69679928 -0,-22.67149162 -15.65558529 -1.60000002,-22.67149162 -15.65558529 -0,-22.65359116 -15.61520004 -1.60000002,-22.65359116 -15.61520004 -0,-22.63372993 -15.57574272 -1.60000002,-22.63372993 -15.57574272 -0,-22.61195564 -15.53730774 -1.60000002,-22.61195564 -15.53730774 -0,-22.58832359 -15.49998665 -1.60000002,-22.58832359 -15.49998665 -0,-22.56288719 -15.463871 -1.60000002,-22.56288719 -15.463871 -0,-22.53570938 -15.42904568 -1.60000002,-22.53570938 -15.42904568 -0,-22.50685692 -15.3955965 -1.60000002,-22.50685692 -15.3955965 -0,-22.47639656 -15.36360359 -1.60000002,-22.47639656 -15.36360359 -0,-22.44440269 -15.33314419 -1.60000002,-22.44440269 -15.33314419 -0,-22.41095352 -15.30429077 -1.60000002,-22.41095352 -15.30429077 -0,-22.37612915 -15.27711296 -1.60000002,-22.37612915 -15.27711296 -0,-22.3400135 -15.25167751 -1.60000002,-22.3400135 -15.25167751 -0,-22.30269241 -15.22804451 -1.60000002,-22.30269241 -15.22804451 -0,-22.26425743 -15.20627117 -1.60000002,-22.26425743 -15.20627117 -0,-22.22480011 -15.18640995 -1.60000002,-22.22480011 -15.18640995 -0,-22.18441582 -15.16850853 -1.60000002,-22.18441582 -15.16850853 -0,-22.14319992 -15.15261078 -1.60000002,-22.14319992 -15.15261078 -0,-22.10125542 -15.13875389 -1.60000002,-22.10125542 -15.13875389 -0,-22.05868149 -15.1269722 -1.60000002,-22.05868149 -15.1269722 -0,-22.01558113 -15.11729336 -1.60000002,-22.01558113 -15.11729336 -0,-21.97205734 -15.10974121 -1.60000002,-21.97205734 -15.10974121 -0,-21.92821503 -15.10433388 -1.60000002,-21.92821503 -15.10433388 -0,-21.884161 -15.10108376 -1.60000002,-21.884161 -15.10108376 -0,-21.84000015 -15.10000038 -1.60000002,-21.84000015 -15.10000038 -0,-22.73999977 -18 -0,-22.73999977 -18 -1.60000002,-21.79583931 -15.10108376 -1.60000002,-21.79583931 -15.10108376 -0,-21.75178528 -15.10433388 -1.60000002,-21.75178528 -15.10433388 -0,-21.70794296 -15.10974121 -1.60000002,-21.70794296 -15.10974121 -0,-21.66441917 -15.11729336 -1.60000002,-21.66441917 -15.11729336 -0,-21.62131691 -15.1269722 -1.60000002,-21.62131691 -15.1269722 -0,-21.57874298 -15.13875389 -1.60000002,-21.57874298 -15.13875389 -0,-21.53679848 -15.15261078 -1.60000002,-21.53679848 -15.15261078 -0,-21.49558449 -15.16850853 -1.60000002,-21.49558449 -15.16850853 -0,-21.4552002 -15.18640995 -1.60000002,-21.4552002 -15.18640995 -0,-21.41574287 -15.20627117 -1.60000002,-21.41574287 -15.20627117 -0,-21.37730789 -15.22804451 -1.60000002,-21.37730789 -15.22804451 -0,-21.3399868 -15.25167751 -1.60000002,-21.3399868 -15.25167751 -0,-21.30387115 -15.27711296 -1.60000002,-21.30387115 -15.27711296 -0,-21.26904678 -15.30429077 -1.60000002,-21.26904678 -15.30429077 -0,-21.23559761 -15.33314419 -1.60000002,-21.23559761 -15.33314419 -0,-21.20360374 -15.36360359 -1.60000002,-21.20360374 -15.36360359 -0,-21.17314339 -15.3955965 -1.60000002,-21.17314339 -15.3955965 -0,-21.14429092 -15.42904568 -1.60000002,-21.14429092 -15.42904568 -0,-21.11711311 -15.463871 -1.60000002,-21.11711311 -15.463871 -0,-21.09167671 -15.49998665 -1.60000002,-21.09167671 -15.49998665 -0,-21.06804466 -15.53730774 -1.60000002,-21.06804466 -15.53730774 -0,-21.04627037 -15.57574272 -1.60000002,-21.04627037 -15.57574272 -0,-21.02640915 -15.61520004 -1.60000002,-21.02640915 -15.61520004 -0,-21.00850868 -15.65558529 -1.60000002,-21.00850868 -15.65558529 -0,-20.99261093 -15.69679928 -1.60000002,-20.99261093 -15.69679928 -0,-20.97875404 -15.73874378 -1.60000002,-20.97875404 -15.73874378 -0,-20.96697235 -15.78131771 -0,-20.96697235 -15.78131771 -1.60000002,-20.95729256 -15.82441902 -1.60000002,-20.95729256 -15.82441902 -0,-20.94974136 -15.86794281 -0,-20.94974136 -15.86794281 -1.60000002,-20.94433403 -15.91178417 -1.60000002,-20.94433403 -15.91178417 -0,-20.94108391 -15.95583916 -0,-20.94108391 -15.95583916 -1.60000002,-20.94000053 -16 -0,-20.94000053 -16 -1.60000002,-20.94000053 -18 -1.60000002,-20.94000053 -18 -0,-21.81507683 -16.4993782 -1.60000002,-21.79021645 -16.49751472 -1.60000002,-21.76547813 -16.49441528 -1.60000002,-21.74092674 -16.4900856 -1.60000002,-21.7166214 -16.48453903 -1.60000002,-21.69262314 -16.47778702 -1.60000002,-21.66898918 -16.46984673 -1.60000002,-21.64578247 -16.46073723 -1.60000002,-21.62305832 -16.45048523 -1.60000002,-21.60087395 -16.43911171 -1.60000002,-21.57928276 -16.42664528 -1.60000002,-21.55834007 -16.41312027 -1.60000002,-21.53809738 -16.3985672 -1.60000002,-21.51860619 -16.38302231 -1.60000002,-21.49991417 -16.36652565 -1.60000002,-21.48206711 -16.34911919 -1.60000002,-21.46510887 -16.33084297 -1.60000002,-21.3438797 -16.06217194 -1.60000002,-21.34139824 -16.03736496 -1.60000002,-21.34759521 -16.08682442 -1.60000002,-21.35253525 -16.11126137 -1.60000002,-21.35868835 -16.13541985 -1.60000002,-21.36603546 -16.15924263 -1.60000002,-21.37456322 -16.18267059 -1.60000002,-21.38424683 -16.2056427 -1.60000002,-21.3950634 -16.22810555 -1.60000002,-21.40698814 -16.25 -1.60000002,-21.41998672 -16.27127266 -1.60000002,-21.43403053 -16.29187202 -1.60000002,-21.44908333 -16.31174469 -1.60000002,-21.34015465 -16.01246452 -1.60000002,-21.34015465 -15.98753452 -1.60000002,-21.34139824 -15.96263504 -1.60000002,-21.81507683 -15.5006218 -1.60000002,-21.3438797 -15.93782806 -1.60000002,-21.79021645 -15.50248432 -1.60000002,-21.34759521 -15.91317558 -1.60000002,-21.76547813 -15.50558472 -1.60000002,-21.35253525 -15.88873959 -1.60000002,-21.74092674 -15.50991344 -1.60000002,-21.35868835 -15.86458015 -1.60000002,-21.7166214 -15.51546097 -1.60000002,-21.69262314 -15.52221394 -1.60000002,-21.36603546 -15.84075642 -1.60000002,-21.37456322 -15.81732941 -1.60000002,-21.66898918 -15.53015327 -1.60000002,-21.64578247 -15.53926182 -1.60000002,-21.38424683 -15.79435635 -1.60000002,-21.62305832 -15.54951572 -1.60000002,-21.3950634 -15.77189445 -1.60000002,-21.40698814 -15.75 -1.60000002,-21.60087395 -15.56088924 -1.60000002,-21.57928276 -15.57335472 -1.60000002,-21.41998672 -15.72872734 -1.60000002,-21.55834007 -15.58688068 -1.60000002,-21.43403053 -15.70812798 -1.60000002,-21.53809738 -15.60143375 -1.60000002,-21.44908333 -15.68825531 -1.60000002,-21.51860619 -15.61697769 -1.60000002,-21.46510887 -15.66915703 -1.60000002,-21.48206711 -15.65088177 -1.60000002,-21.49991417 -15.63347435 -1.60000002,-21.81507683 -15.5006218 -0,-21.79021645 -15.50248432 -0,-21.76547813 -15.50558472 -0,-21.74092674 -15.50991344 -0,-21.7166214 -15.51546097 -0,-21.69262314 -15.52221394 -0,-21.66898918 -15.53015327 -0,-21.64578247 -15.53926182 -0,-21.62305832 -15.54951572 -0,-21.60087395 -15.56088924 -0,-21.57928276 -15.57335472 -0,-21.55834007 -15.58688068 -0,-21.53809738 -15.60143375 -0,-21.51860619 -15.61697769 -0,-21.49991417 -15.63347435 -0,-21.48206711 -15.65088177 -0,-21.46510887 -15.66915703 -0,-21.44908333 -15.68825531 -0,-21.43403053 -15.70812798 -0,-21.41998672 -15.72872734 -0,-21.40698814 -15.75 -0,-21.3950634 -15.77189445 -0,-21.38424683 -15.79435635 -0,-21.37456322 -15.81732941 -0,-21.36603546 -15.84075642 -0,-21.35868835 -15.86458015 -0,-21.35253525 -15.88873959 -0,-21.34759521 -15.91317558 -0,-21.3438797 -15.93782806 -0,-21.34139824 -15.96263504 -0,-21.34015465 -15.98753452 -0,-21.34015465 -16.01246452 -0,-21.34139824 -16.03736496 -0,-21.3438797 -16.06217194 -0,-21.34759521 -16.08682442 -0,-21.35253525 -16.11126137 -0,-21.35868835 -16.13541985 -0,-21.36603546 -16.15924263 -0,-21.37456322 -16.18267059 -0,-21.38424683 -16.2056427 -0,-21.3950634 -16.22810555 -0,-21.40698814 -16.25 -0,-21.41998672 -16.27127266 -0,-21.43403053 -16.29187202 -0,-21.44908333 -16.31174469 -0,-21.46510887 -16.33084297 -0,-21.48206711 -16.34911919 -0,-21.49991417 -16.36652565 -0,-21.51860619 -16.38302231 -0,-21.53809738 -16.3985672 -0,-21.55834007 -16.41312027 -0,-21.57928276 -16.42664528 -0,-21.60087395 -16.43911171 -0,-21.62305832 -16.45048523 -0,-21.64578247 -16.46073723 -0,-21.66898918 -16.46984673 -0,-21.69262314 -16.47778702 -0,-21.7166214 -16.48453903 -0,-21.74092674 -16.4900856 -0,-21.76547813 -16.49441528 -0,-21.79021645 -16.49751472 -0,-21.81507683 -16.4993782 -0,-19.29999924 -16.5 -0,-19.29999924 -16.5 -1.60000002,-19.32492256 -16.4993782 -0,-19.32492256 -16.4993782 -1.60000002,-19.34978485 -16.49751472 -0,-19.34978485 -16.49751472 -1.60000002,-19.37452126 -16.49441528 -0,-19.37452126 -16.49441528 -1.60000002,-19.39907265 -16.4900856 -0,-19.39907265 -16.4900856 -1.60000002,-19.42337799 -16.48453903 -0,-19.42337799 -16.48453903 -1.60000002,-19.44737816 -16.47778702 -0,-19.44737816 -16.47778702 -1.60000002,-19.47101021 -16.46984673 -0,-19.47101021 -16.46984673 -1.60000002,-19.49421692 -16.46073723 -0,-19.49421692 -16.46073723 -1.60000002,-19.51694107 -16.45048523 -0,-19.51694107 -16.45048523 -1.60000002,-19.53912735 -16.43911171 -0,-19.53912735 -16.43911171 -1.60000002,-19.56071854 -16.42664528 -0,-19.56071854 -16.42664528 -1.60000002,-19.58165932 -16.41312027 -0,-19.58165932 -16.41312027 -1.60000002,-19.60190201 -16.3985672 -0,-19.60190201 -16.3985672 -1.60000002,-19.6213932 -16.38302231 -0,-19.6213932 -16.38302231 -1.60000002,-19.64008713 -16.36652565 -0,-19.64008713 -16.36652565 -1.60000002,-19.65793419 -16.34911919 -0,-19.65793419 -16.34911919 -1.60000002,-19.67489052 -16.33084297 -0,-19.67489052 -16.33084297 -1.60000002,-19.69091606 -16.31174469 -0,-19.69091606 -16.31174469 -1.60000002,-19.70596886 -16.29187202 -0,-19.70596886 -16.29187202 -1.60000002,-19.72001266 -16.27127266 -0,-19.72001266 -16.27127266 -1.60000002,-19.73301315 -16.25 -0,-19.73301315 -16.25 -1.60000002,-19.74493599 -16.22810555 -0,-19.74493599 -16.22810555 -1.60000002,-19.75575256 -16.2056427 -0,-19.75575256 -16.2056427 -1.60000002,-19.76543617 -16.18267059 -0,-19.76543617 -16.18267059 -1.60000002,-19.77396393 -16.15924263 -0,-19.77396393 -16.15924263 -1.60000002,-19.78131294 -16.13541985 -0,-19.78131294 -16.13541985 -1.60000002,-19.78746414 -16.11126137 -0,-19.78746414 -16.11126137 -1.60000002,-19.79240417 -16.08682442 -0,-19.79240417 -16.08682442 -1.60000002,-19.79611969 -16.06217194 -0,-19.79611969 -16.06217194 -1.60000002,-19.79860115 -16.03736496 -0,-19.79860115 -16.03736496 -1.60000002,-19.79984474 -16.01246452 -0,-19.79984474 -16.01246452 -1.60000002,-19.79984474 -15.98753452 -0,-19.79984474 -15.98753452 -1.60000002,-19.79860115 -15.96263504 -1.60000002,-19.79860115 -15.96263504 -0,-19.79611969 -15.93782806 -0,-19.79611969 -15.93782806 -1.60000002,-19.79240417 -15.91317558 -1.60000002,-19.79240417 -15.91317558 -0,-19.78746414 -15.88873959 -0,-19.78746414 -15.88873959 -1.60000002,-19.78131294 -15.86458015 -0,-19.78131294 -15.86458015 -1.60000002,-19.77396393 -15.84075642 -0,-19.77396393 -15.84075642 -1.60000002,-19.76543617 -15.81732941 -0,-19.76543617 -15.81732941 -1.60000002,-19.75575256 -15.79435635 -0,-19.75575256 -15.79435635 -1.60000002,-19.74493599 -15.77189445 -0,-19.74493599 -15.77189445 -1.60000002,-19.73301315 -15.75 -0,-19.73301315 -15.75 -1.60000002,-19.72001266 -15.72872734 -0,-19.72001266 -15.72872734 -1.60000002,-19.70596886 -15.70812798 -0,-19.70596886 -15.70812798 -1.60000002,-19.69091606 -15.68825531 -0,-19.69091606 -15.68825531 -1.60000002,-19.67489052 -15.66915703 -0,-19.67489052 -15.66915703 -1.60000002,-19.65793419 -15.65088177 -0,-19.65793419 -15.65088177 -1.60000002,-19.64008713 -15.63347435 -0,-19.64008713 -15.63347435 -1.60000002,-19.6213932 -15.61697769 -0,-19.6213932 -15.61697769 -1.60000002,-19.60190201 -15.60143375 -1.60000002,-19.60190201 -15.60143375 -0,-19.58165932 -15.58688068 -0,-19.58165932 -15.58688068 -1.60000002,-19.56071854 -15.57335472 -0,-19.56071854 -15.57335472 -1.60000002,-19.53912735 -15.56088924 -0,-19.53912735 -15.56088924 -1.60000002,-19.51694107 -15.54951572 -0,-19.51694107 -15.54951572 -1.60000002,-19.49421692 -15.53926182 -1.60000002,-19.49421692 -15.53926182 -0,-19.47101021 -15.53015327 -0,-19.47101021 -15.53015327 -1.60000002,-19.44737816 -15.52221394 -0,-19.44737816 -15.52221394 -1.60000002,-19.42337799 -15.51546097 -1.60000002,-19.42337799 -15.51546097 -0,-19.39907265 -15.50991344 -0,-19.39907265 -15.50991344 -1.60000002,-19.37452126 -15.50558472 -0,-19.37452126 -15.50558472 -1.60000002,-19.34978485 -15.50248432 -0,-19.34978485 -15.50248432 -1.60000002,-19.32492256 -15.5006218 -0,-19.32492256 -15.5006218 -1.60000002,-19.29999924 -15.5 -0,-19.29999924 -15.5 -1.60000002,-20.20000076 -16 -1.60000002,-20.20000076 -16 -0,-20.19891548 -15.95583916 -0,-20.19891548 -15.95583916 -1.60000002,-20.19566536 -15.91178417 -0,-20.19566536 -15.91178417 -1.60000002,-20.19025803 -15.86794281 -0,-20.19025803 -15.86794281 -1.60000002,-20.18270683 -15.82441902 -0,-20.18270683 -15.82441902 -1.60000002,-20.17302895 -15.78131771 -1.60000002,-20.17302895 -15.78131771 -0,-20.16124725 -15.73874378 -1.60000002,-20.16124725 -15.73874378 -0,-20.14739037 -15.69679928 -1.60000002,-20.14739037 -15.69679928 -0,-20.13149071 -15.65558529 -1.60000002,-20.13149071 -15.65558529 -0,-20.11359024 -15.61520004 -1.60000002,-20.11359024 -15.61520004 -0,-20.09372902 -15.57574272 -1.60000002,-20.09372902 -15.57574272 -0,-20.07195663 -15.53730774 -1.60000002,-20.07195663 -15.53730774 -0,-20.04832268 -15.49998665 -1.60000002,-20.04832268 -15.49998665 -0,-20.02288628 -15.463871 -1.60000002,-20.02288628 -15.463871 -0,-19.99570847 -15.42904568 -1.60000002,-19.99570847 -15.42904568 -0,-19.966856 -15.3955965 -1.60000002,-19.966856 -15.3955965 -0,-19.93639565 -15.36360359 -1.60000002,-19.93639565 -15.36360359 -0,-19.90440369 -15.33314419 -1.60000002,-19.90440369 -15.33314419 -0,-19.87095451 -15.30429077 -1.60000002,-19.87095451 -15.30429077 -0,-19.83613014 -15.27711296 -1.60000002,-19.83613014 -15.27711296 -0,-19.80001259 -15.25167751 -1.60000002,-19.80001259 -15.25167751 -0,-19.76269341 -15.22804451 -1.60000002,-19.76269341 -15.22804451 -0,-19.72425652 -15.20627117 -1.60000002,-19.72425652 -15.20627117 -0,-19.68479919 -15.18640995 -1.60000002,-19.68479919 -15.18640995 -0,-19.6444149 -15.16850853 -1.60000002,-19.6444149 -15.16850853 -0,-19.60320091 -15.15261078 -1.60000002,-19.60320091 -15.15261078 -0,-19.56125641 -15.13875389 -1.60000002,-19.56125641 -15.13875389 -0,-19.51868248 -15.1269722 -1.60000002,-19.51868248 -15.1269722 -0,-19.47558212 -15.11729336 -1.60000002,-19.47558212 -15.11729336 -0,-19.43205833 -15.10974121 -1.60000002,-19.43205833 -15.10974121 -0,-19.38821602 -15.10433388 -1.60000002,-19.38821602 -15.10433388 -0,-19.34416008 -15.10108376 -1.60000002,-19.34416008 -15.10108376 -0,-19.29999924 -15.10000038 -1.60000002,-19.29999924 -15.10000038 -0,-20.20000076 -18 -0,-20.20000076 -18 -1.60000002,-19.25583839 -15.10108376 -1.60000002,-19.25583839 -15.10108376 -0,-19.21178436 -15.10433388 -1.60000002,-19.21178436 -15.10433388 -0,-19.16794205 -15.10974121 -1.60000002,-19.16794205 -15.10974121 -0,-19.12441826 -15.11729336 -1.60000002,-19.12441826 -15.11729336 -0,-19.0813179 -15.1269722 -1.60000002,-19.0813179 -15.1269722 -0,-19.03874397 -15.13875389 -1.60000002,-19.03874397 -15.13875389 -0,-18.99679947 -15.15261078 -1.60000002,-18.99679947 -15.15261078 -0,-18.95558548 -15.16850853 -1.60000002,-18.95558548 -15.16850853 -0,-18.91520119 -15.18640995 -1.60000002,-18.91520119 -15.18640995 -0,-18.87574387 -15.20627117 -1.60000002,-18.87574387 -15.20627117 -0,-18.83730698 -15.22804451 -1.60000002,-18.83730698 -15.22804451 -0,-18.79998589 -15.25167751 -1.60000002,-18.79998589 -15.25167751 -0,-18.76387024 -15.27711296 -1.60000002,-18.76387024 -15.27711296 -0,-18.72904587 -15.30429077 -1.60000002,-18.72904587 -15.30429077 -0,-18.69559669 -15.33314419 -1.60000002,-18.69559669 -15.33314419 -0,-18.66360474 -15.36360359 -1.60000002,-18.66360474 -15.36360359 -0,-18.63314438 -15.3955965 -1.60000002,-18.63314438 -15.3955965 -0,-18.60429001 -15.42904568 -1.60000002,-18.60429001 -15.42904568 -0,-18.57711411 -15.463871 -1.60000002,-18.57711411 -15.463871 -0,-18.5516777 -15.49998665 -1.60000002,-18.5516777 -15.49998665 -0,-18.52804375 -15.53730774 -1.60000002,-18.52804375 -15.53730774 -0,-18.50627136 -15.57574272 -1.60000002,-18.50627136 -15.57574272 -0,-18.48641014 -15.61520004 -1.60000002,-18.48641014 -15.61520004 -0,-18.46850777 -15.65558529 -1.60000002,-18.46850777 -15.65558529 -0,-18.45261002 -15.69679928 -1.60000002,-18.45261002 -15.69679928 -0,-18.43875313 -15.73874378 -1.60000002,-18.43875313 -15.73874378 -0,-18.42697144 -15.78131771 -0,-18.42697144 -15.78131771 -1.60000002,-18.41729355 -15.82441902 -1.60000002,-18.41729355 -15.82441902 -0,-18.40974045 -15.86794281 -0,-18.40974045 -15.86794281 -1.60000002,-18.40433311 -15.91178417 -1.60000002,-18.40433311 -15.91178417 -0,-18.4010849 -15.95583916 -0,-18.4010849 -15.95583916 -1.60000002,-18.39999962 -16 -0,-18.39999962 -16 -1.60000002,-18.39999962 -18 -1.60000002,-18.39999962 -18 -0,-19.27507782 -16.4993782 -1.60000002,-19.25021553 -16.49751472 -1.60000002,-19.22547913 -16.49441528 -1.60000002,-19.20092773 -16.4900856 -1.60000002,-19.17662048 -16.48453903 -1.60000002,-19.15262222 -16.47778702 -1.60000002,-19.12899017 -16.46984673 -1.60000002,-19.10578346 -16.46073723 -1.60000002,-19.0830574 -16.45048523 -1.60000002,-19.06087303 -16.43911171 -1.60000002,-19.03928185 -16.42664528 -1.60000002,-19.01833916 -16.41312027 -1.60000002,-18.99809837 -16.3985672 -1.60000002,-18.97860527 -16.38302231 -1.60000002,-18.95991325 -16.36652565 -1.60000002,-18.94206619 -16.34911919 -1.60000002,-18.92510986 -16.33084297 -1.60000002,-18.80388069 -16.06217194 -1.60000002,-18.80139732 -16.03736496 -1.60000002,-18.80759621 -16.08682442 -1.60000002,-18.81253624 -16.11126137 -1.60000002,-18.81868744 -16.13541985 -1.60000002,-18.82603645 -16.15924263 -1.60000002,-18.8345623 -16.18267059 -1.60000002,-18.84424782 -16.2056427 -1.60000002,-18.85506439 -16.22810555 -1.60000002,-18.86698723 -16.25 -1.60000002,-18.87998772 -16.27127266 -1.60000002,-18.89403152 -16.29187202 -1.60000002,-18.90908432 -16.31174469 -1.60000002,-18.80015564 -16.01246452 -1.60000002,-18.80015564 -15.98753452 -1.60000002,-18.80139732 -15.96263504 -1.60000002,-19.27507782 -15.5006218 -1.60000002,-18.80388069 -15.93782806 -1.60000002,-19.25021553 -15.50248432 -1.60000002,-18.80759621 -15.91317558 -1.60000002,-19.22547913 -15.50558472 -1.60000002,-18.81253624 -15.88873959 -1.60000002,-19.20092773 -15.50991344 -1.60000002,-18.81868744 -15.86458015 -1.60000002,-19.17662048 -15.51546097 -1.60000002,-19.15262222 -15.52221394 -1.60000002,-18.82603645 -15.84075642 -1.60000002,-18.8345623 -15.81732941 -1.60000002,-19.12899017 -15.53015327 -1.60000002,-19.10578346 -15.53926182 -1.60000002,-18.84424782 -15.79435635 -1.60000002,-19.0830574 -15.54951572 -1.60000002,-18.85506439 -15.77189445 -1.60000002,-18.86698723 -15.75 -1.60000002,-19.06087303 -15.56088924 -1.60000002,-19.03928185 -15.57335472 -1.60000002,-18.87998772 -15.72872734 -1.60000002,-19.01833916 -15.58688068 -1.60000002,-18.89403152 -15.70812798 -1.60000002,-18.99809837 -15.60143375 -1.60000002,-18.90908432 -15.68825531 -1.60000002,-18.97860527 -15.61697769 -1.60000002,-18.92510986 -15.66915703 -1.60000002,-18.94206619 -15.65088177 -1.60000002,-18.95991325 -15.63347435 -1.60000002,-19.27507782 -15.5006218 -0,-19.25021553 -15.50248432 -0,-19.22547913 -15.50558472 -0,-19.20092773 -15.50991344 -0,-19.17662048 -15.51546097 -0,-19.15262222 -15.52221394 -0,-19.12899017 -15.53015327 -0,-19.10578346 -15.53926182 -0,-19.0830574 -15.54951572 -0,-19.06087303 -15.56088924 -0,-19.03928185 -15.57335472 -0,-19.01833916 -15.58688068 -0,-18.99809837 -15.60143375 -0,-18.97860527 -15.61697769 -0,-18.95991325 -15.63347435 -0,-18.94206619 -15.65088177 -0,-18.92510986 -15.66915703 -0,-18.90908432 -15.68825531 -0,-18.89403152 -15.70812798 -0,-18.87998772 -15.72872734 -0,-18.86698723 -15.75 -0,-18.85506439 -15.77189445 -0,-18.84424782 -15.79435635 -0,-18.8345623 -15.81732941 -0,-18.82603645 -15.84075642 -0,-18.81868744 -15.86458015 -0,-18.81253624 -15.88873959 -0,-18.80759621 -15.91317558 -0,-18.80388069 -15.93782806 -0,-18.80139732 -15.96263504 -0,-18.80015564 -15.98753452 -0,-18.80015564 -16.01246452 -0,-18.80139732 -16.03736496 -0,-18.80388069 -16.06217194 -0,-18.80759621 -16.08682442 -0,-18.81253624 -16.11126137 -0,-18.81868744 -16.13541985 -0,-18.82603645 -16.15924263 -0,-18.8345623 -16.18267059 -0,-18.84424782 -16.2056427 -0,-18.85506439 -16.22810555 -0,-18.86698723 -16.25 -0,-18.87998772 -16.27127266 -0,-18.89403152 -16.29187202 -0,-18.90908432 -16.31174469 -0,-18.92510986 -16.33084297 -0,-18.94206619 -16.34911919 -0,-18.95991325 -16.36652565 -0,-18.97860527 -16.38302231 -0,-18.99809837 -16.3985672 -0,-19.01833916 -16.41312027 -0,-19.03928185 -16.42664528 -0,-19.06087303 -16.43911171 -0,-19.0830574 -16.45048523 -0,-19.10578346 -16.46073723 -0,-19.12899017 -16.46984673 -0,-19.15262222 -16.47778702 -0,-19.17662048 -16.48453903 -0,-19.20092773 -16.4900856 -0,-19.22547913 -16.49441528 -0,-19.25021553 -16.49751472 -0,-19.27507782 -16.4993782 -0,-16.76000023 -16.5 -0,-16.76000023 -16.5 -1.60000002,-16.78492355 -16.4993782 -0,-16.78492355 -16.4993782 -1.60000002,-16.80978394 -16.49751472 -0,-16.80978394 -16.49751472 -1.60000002,-16.83452034 -16.49441528 -0,-16.83452034 -16.49441528 -1.60000002,-16.85907364 -16.4900856 -0,-16.85907364 -16.4900856 -1.60000002,-16.88337898 -16.48453903 -0,-16.88337898 -16.48453903 -1.60000002,-16.90737724 -16.47778702 -0,-16.90737724 -16.47778702 -1.60000002,-16.93100929 -16.46984673 -0,-16.93100929 -16.46984673 -1.60000002,-16.95421791 -16.46073723 -0,-16.95421791 -16.46073723 -1.60000002,-16.97694206 -16.45048523 -0,-16.97694206 -16.45048523 -1.60000002,-16.99912643 -16.43911171 -0,-16.99912643 -16.43911171 -1.60000002,-17.02071762 -16.42664528 -0,-17.02071762 -16.42664528 -1.60000002,-17.04166031 -16.41312027 -0,-17.04166031 -16.41312027 -1.60000002,-17.061903 -16.3985672 -0,-17.061903 -16.3985672 -1.60000002,-17.0813942 -16.38302231 -0,-17.0813942 -16.38302231 -1.60000002,-17.10008621 -16.36652565 -0,-17.10008621 -16.36652565 -1.60000002,-17.11793327 -16.34911919 -0,-17.11793327 -16.34911919 -1.60000002,-17.13489151 -16.33084297 -0,-17.13489151 -16.33084297 -1.60000002,-17.15091515 -16.31174469 -0,-17.15091515 -16.31174469 -1.60000002,-17.16596985 -16.29187202 -0,-17.16596985 -16.29187202 -1.60000002,-17.18001366 -16.27127266 -0,-17.18001366 -16.27127266 -1.60000002,-17.19301224 -16.25 -0,-17.19301224 -16.25 -1.60000002,-17.20493507 -16.22810555 -0,-17.20493507 -16.22810555 -1.60000002,-17.21575356 -16.2056427 -0,-17.21575356 -16.2056427 -1.60000002,-17.22543716 -16.18267059 -0,-17.22543716 -16.18267059 -1.60000002,-17.23396301 -16.15924263 -0,-17.23396301 -16.15924263 -1.60000002,-17.24131203 -16.13541985 -0,-17.24131203 -16.13541985 -1.60000002,-17.24746323 -16.11126137 -0,-17.24746323 -16.11126137 -1.60000002,-17.25240326 -16.08682442 -0,-17.25240326 -16.08682442 -1.60000002,-17.25611877 -16.06217194 -0,-17.25611877 -16.06217194 -1.60000002,-17.25860214 -16.03736496 -0,-17.25860214 -16.03736496 -1.60000002,-17.25984383 -16.01246452 -0,-17.25984383 -16.01246452 -1.60000002,-17.25984383 -15.98753452 -0,-17.25984383 -15.98753452 -1.60000002,-17.25860214 -15.96263504 -1.60000002,-17.25860214 -15.96263504 -0,-17.25611877 -15.93782806 -0,-17.25611877 -15.93782806 -1.60000002,-17.25240326 -15.91317558 -1.60000002,-17.25240326 -15.91317558 -0,-17.24746323 -15.88873959 -0,-17.24746323 -15.88873959 -1.60000002,-17.24131203 -15.86458015 -0,-17.24131203 -15.86458015 -1.60000002,-17.23396301 -15.84075642 -0,-17.23396301 -15.84075642 -1.60000002,-17.22543716 -15.81732941 -0,-17.22543716 -15.81732941 -1.60000002,-17.21575356 -15.79435635 -0,-17.21575356 -15.79435635 -1.60000002,-17.20493507 -15.77189445 -0,-17.20493507 -15.77189445 -1.60000002,-17.19301224 -15.75 -0,-17.19301224 -15.75 -1.60000002,-17.18001366 -15.72872734 -0,-17.18001366 -15.72872734 -1.60000002,-17.16596985 -15.70812798 -0,-17.16596985 -15.70812798 -1.60000002,-17.15091515 -15.68825531 -0,-17.15091515 -15.68825531 -1.60000002,-17.13489151 -15.66915703 -0,-17.13489151 -15.66915703 -1.60000002,-17.11793327 -15.65088177 -0,-17.11793327 -15.65088177 -1.60000002,-17.10008621 -15.63347435 -0,-17.10008621 -15.63347435 -1.60000002,-17.0813942 -15.61697769 -0,-17.0813942 -15.61697769 -1.60000002,-17.061903 -15.60143375 -1.60000002,-17.061903 -15.60143375 -0,-17.04166031 -15.58688068 -0,-17.04166031 -15.58688068 -1.60000002,-17.02071762 -15.57335472 -0,-17.02071762 -15.57335472 -1.60000002,-16.99912643 -15.56088924 -0,-16.99912643 -15.56088924 -1.60000002,-16.97694206 -15.54951572 -0,-16.97694206 -15.54951572 -1.60000002,-16.95421791 -15.53926182 -1.60000002,-16.95421791 -15.53926182 -0,-16.93100929 -15.53015327 -0,-16.93100929 -15.53015327 -1.60000002,-16.90737724 -15.52221394 -0,-16.90737724 -15.52221394 -1.60000002,-16.88337898 -15.51546097 -1.60000002,-16.88337898 -15.51546097 -0,-16.85907364 -15.50991344 -0,-16.85907364 -15.50991344 -1.60000002,-16.83452034 -15.50558472 -0,-16.83452034 -15.50558472 -1.60000002,-16.80978394 -15.50248432 -0,-16.80978394 -15.50248432 -1.60000002,-16.78492355 -15.5006218 -0,-16.78492355 -15.5006218 -1.60000002,-16.76000023 -15.5 -0,-16.76000023 -15.5 -1.60000002,-17.65999985 -16 -1.60000002,-17.65999985 -16 -0,-17.65891647 -15.95583916 -0,-17.65891647 -15.95583916 -1.60000002,-17.65566635 -15.91178417 -0,-17.65566635 -15.91178417 -1.60000002,-17.65025902 -15.86794281 -0,-17.65025902 -15.86794281 -1.60000002,-17.64270592 -15.82441902 -0,-17.64270592 -15.82441902 -1.60000002,-17.63302803 -15.78131771 -1.60000002,-17.63302803 -15.78131771 -0,-17.62124634 -15.73874378 -1.60000002,-17.62124634 -15.73874378 -0,-17.60738945 -15.69679928 -1.60000002,-17.60738945 -15.69679928 -0,-17.5914917 -15.65558529 -1.60000002,-17.5914917 -15.65558529 -0,-17.57359123 -15.61520004 -1.60000002,-17.57359123 -15.61520004 -0,-17.55373001 -15.57574272 -1.60000002,-17.55373001 -15.57574272 -0,-17.53195572 -15.53730774 -1.60000002,-17.53195572 -15.53730774 -0,-17.50832176 -15.49998665 -1.60000002,-17.50832176 -15.49998665 -0,-17.48288727 -15.463871 -1.60000002,-17.48288727 -15.463871 -0,-17.45570946 -15.42904568 -1.60000002,-17.45570946 -15.42904568 -0,-17.42685509 -15.3955965 -1.60000002,-17.42685509 -15.3955965 -0,-17.39639664 -15.36360359 -1.60000002,-17.39639664 -15.36360359 -0,-17.36440277 -15.33314419 -1.60000002,-17.36440277 -15.33314419 -0,-17.3309536 -15.30429077 -1.60000002,-17.3309536 -15.30429077 -0,-17.29612923 -15.27711296 -1.60000002,-17.29612923 -15.27711296 -0,-17.26001358 -15.25167751 -1.60000002,-17.26001358 -15.25167751 -0,-17.22269249 -15.22804451 -1.60000002,-17.22269249 -15.22804451 -0,-17.18425751 -15.20627117 -1.60000002,-17.18425751 -15.20627117 -0,-17.14480019 -15.18640995 -1.60000002,-17.14480019 -15.18640995 -0,-17.10441589 -15.16850853 -1.60000002,-17.10441589 -15.16850853 -0,-17.0632 -15.15261078 -1.60000002,-17.0632 -15.15261078 -0,-17.02125549 -15.13875389 -1.60000002,-17.02125549 -15.13875389 -0,-16.97868156 -15.1269722 -1.60000002,-16.97868156 -15.1269722 -0,-16.93558121 -15.11729336 -1.60000002,-16.93558121 -15.11729336 -0,-16.89205742 -15.10974121 -1.60000002,-16.89205742 -15.10974121 -0,-16.8482151 -15.10433388 -1.60000002,-16.8482151 -15.10433388 -0,-16.80416107 -15.10108376 -1.60000002,-16.80416107 -15.10108376 -0,-16.76000023 -15.10000038 -1.60000002,-16.76000023 -15.10000038 -0,-17.65999985 -18 -0,-17.65999985 -18 -1.60000002,-16.71583939 -15.10108376 -1.60000002,-16.71583939 -15.10108376 -0,-16.67178535 -15.10433388 -1.60000002,-16.67178535 -15.10433388 -0,-16.62794304 -15.10974121 -1.60000002,-16.62794304 -15.10974121 -0,-16.58441925 -15.11729336 -1.60000002,-16.58441925 -15.11729336 -0,-16.54131699 -15.1269722 -1.60000002,-16.54131699 -15.1269722 -0,-16.49874306 -15.13875389 -1.60000002,-16.49874306 -15.13875389 -0,-16.45679855 -15.15261078 -1.60000002,-16.45679855 -15.15261078 -0,-16.41558456 -15.16850853 -1.60000002,-16.41558456 -15.16850853 -0,-16.37520027 -15.18640995 -1.60000002,-16.37520027 -15.18640995 -0,-16.33574295 -15.20627117 -1.60000002,-16.33574295 -15.20627117 -0,-16.29730797 -15.22804451 -1.60000002,-16.29730797 -15.22804451 -0,-16.25998688 -15.25167751 -1.60000002,-16.25998688 -15.25167751 -0,-16.22387123 -15.27711296 -1.60000002,-16.22387123 -15.27711296 -0,-16.18904686 -15.30429077 -1.60000002,-16.18904686 -15.30429077 -0,-16.15559769 -15.33314419 -1.60000002,-16.15559769 -15.33314419 -0,-16.12360382 -15.36360359 -1.60000002,-16.12360382 -15.36360359 -0,-16.09314346 -15.3955965 -1.60000002,-16.09314346 -15.3955965 -0,-16.064291 -15.42904568 -1.60000002,-16.064291 -15.42904568 -0,-16.03711319 -15.463871 -1.60000002,-16.03711319 -15.463871 -0,-16.01167679 -15.49998665 -1.60000002,-16.01167679 -15.49998665 -0,-15.98804379 -15.53730774 -1.60000002,-15.98804379 -15.53730774 -0,-15.96627045 -15.57574272 -1.60000002,-15.96627045 -15.57574272 -0,-15.94640923 -15.61520004 -1.60000002,-15.94640923 -15.61520004 -0,-15.92850876 -15.65558529 -1.60000002,-15.92850876 -15.65558529 -0,-15.91261005 -15.69679928 -1.60000002,-15.91261005 -15.69679928 -0,-15.89875412 -15.73874378 -1.60000002,-15.89875412 -15.73874378 -0,-15.88697147 -15.78131771 -0,-15.88697147 -15.78131771 -1.60000002,-15.87729359 -15.82441902 -1.60000002,-15.87729359 -15.82441902 -0,-15.86974144 -15.86794281 -0,-15.86974144 -15.86794281 -1.60000002,-15.86433411 -15.91178417 -1.60000002,-15.86433411 -15.91178417 -0,-15.86108398 -15.95583916 -0,-15.86108398 -15.95583916 -1.60000002,-15.85999966 -16 -0,-15.85999966 -16 -1.60000002,-15.85999966 -18 -1.60000002,-15.85999966 -18 -0,-16.7350769 -16.4993782 -1.60000002,-16.71021652 -16.49751472 -1.60000002,-16.68547821 -16.49441528 -1.60000002,-16.66092682 -16.4900856 -1.60000002,-16.63662148 -16.48453903 -1.60000002,-16.61262321 -16.47778702 -1.60000002,-16.58898926 -16.46984673 -1.60000002,-16.56578255 -16.46073723 -1.60000002,-16.5430584 -16.45048523 -1.60000002,-16.52087212 -16.43911171 -1.60000002,-16.49928284 -16.42664528 -1.60000002,-16.47834015 -16.41312027 -1.60000002,-16.45809746 -16.3985672 -1.60000002,-16.43860626 -16.38302231 -1.60000002,-16.41991425 -16.36652565 -1.60000002,-16.40206718 -16.34911919 -1.60000002,-16.38510895 -16.33084297 -1.60000002,-16.26387978 -16.06217194 -1.60000002,-16.26139832 -16.03736496 -1.60000002,-16.26759529 -16.08682442 -1.60000002,-16.27253532 -16.11126137 -1.60000002,-16.27868843 -16.13541985 -1.60000002,-16.28603554 -16.15924263 -1.60000002,-16.29456329 -16.18267059 -1.60000002,-16.3042469 -16.2056427 -1.60000002,-16.31506348 -16.22810555 -1.60000002,-16.32698822 -16.25 -1.60000002,-16.3399868 -16.27127266 -1.60000002,-16.35403061 -16.29187202 -1.60000002,-16.3690834 -16.31174469 -1.60000002,-16.26015472 -16.01246452 -1.60000002,-16.26015472 -15.98753452 -1.60000002,-16.26139832 -15.96263504 -1.60000002,-16.7350769 -15.5006218 -1.60000002,-16.26387978 -15.93782806 -1.60000002,-16.71021652 -15.50248432 -1.60000002,-16.26759529 -15.91317558 -1.60000002,-16.68547821 -15.50558472 -1.60000002,-16.27253532 -15.88873959 -1.60000002,-16.66092682 -15.50991344 -1.60000002,-16.27868843 -15.86458015 -1.60000002,-16.63662148 -15.51546097 -1.60000002,-16.61262321 -15.52221394 -1.60000002,-16.28603554 -15.84075642 -1.60000002,-16.29456329 -15.81732941 -1.60000002,-16.58898926 -15.53015327 -1.60000002,-16.56578255 -15.53926182 -1.60000002,-16.3042469 -15.79435635 -1.60000002,-16.5430584 -15.54951572 -1.60000002,-16.31506348 -15.77189445 -1.60000002,-16.32698822 -15.75 -1.60000002,-16.52087212 -15.56088924 -1.60000002,-16.49928284 -15.57335472 -1.60000002,-16.3399868 -15.72872734 -1.60000002,-16.47834015 -15.58688068 -1.60000002,-16.35403061 -15.70812798 -1.60000002,-16.45809746 -15.60143375 -1.60000002,-16.3690834 -15.68825531 -1.60000002,-16.43860626 -15.61697769 -1.60000002,-16.38510895 -15.66915703 -1.60000002,-16.40206718 -15.65088177 -1.60000002,-16.41991425 -15.63347435 -1.60000002,-16.7350769 -15.5006218 -0,-16.71021652 -15.50248432 -0,-16.68547821 -15.50558472 -0,-16.66092682 -15.50991344 -0,-16.63662148 -15.51546097 -0,-16.61262321 -15.52221394 -0,-16.58898926 -15.53015327 -0,-16.56578255 -15.53926182 -0,-16.5430584 -15.54951572 -0,-16.52087212 -15.56088924 -0,-16.49928284 -15.57335472 -0,-16.47834015 -15.58688068 -0,-16.45809746 -15.60143375 -0,-16.43860626 -15.61697769 -0,-16.41991425 -15.63347435 -0,-16.40206718 -15.65088177 -0,-16.38510895 -15.66915703 -0,-16.3690834 -15.68825531 -0,-16.35403061 -15.70812798 -0,-16.3399868 -15.72872734 -0,-16.32698822 -15.75 -0,-16.31506348 -15.77189445 -0,-16.3042469 -15.79435635 -0,-16.29456329 -15.81732941 -0,-16.28603554 -15.84075642 -0,-16.27868843 -15.86458015 -0,-16.27253532 -15.88873959 -0,-16.26759529 -15.91317558 -0,-16.26387978 -15.93782806 -0,-16.26139832 -15.96263504 -0,-16.26015472 -15.98753452 -0,-16.26015472 -16.01246452 -0,-16.26139832 -16.03736496 -0,-16.26387978 -16.06217194 -0,-16.26759529 -16.08682442 -0,-16.27253532 -16.11126137 -0,-16.27868843 -16.13541985 -0,-16.28603554 -16.15924263 -0,-16.29456329 -16.18267059 -0,-16.3042469 -16.2056427 -0,-16.31506348 -16.22810555 -0,-16.32698822 -16.25 -0,-16.3399868 -16.27127266 -0,-16.35403061 -16.29187202 -0,-16.3690834 -16.31174469 -0,-16.38510895 -16.33084297 -0,-16.40206718 -16.34911919 -0,-16.41991425 -16.36652565 -0,-16.43860626 -16.38302231 -0,-16.45809746 -16.3985672 -0,-16.47834015 -16.41312027 -0,-16.49928284 -16.42664528 -0,-16.52087212 -16.43911171 -0,-16.5430584 -16.45048523 -0,-16.56578255 -16.46073723 -0,-16.58898926 -16.46984673 -0,-16.61262321 -16.47778702 -0,-16.63662148 -16.48453903 -0,-16.66092682 -16.4900856 -0,-16.68547821 -16.49441528 -0,-16.71021652 -16.49751472 -0,-16.7350769 -16.4993782 -0,-14.22000027 -16.5 -0,-14.22000027 -16.5 -1.60000002,-14.24492264 -16.4993782 -0,-14.24492264 -16.4993782 -1.60000002,-14.26978397 -16.49751472 -0,-14.26978397 -16.49751472 -1.60000002,-14.29452133 -16.49441528 -0,-14.29452133 -16.49441528 -1.60000002,-14.31907272 -16.4900856 -0,-14.31907272 -16.4900856 -1.60000002,-14.34337902 -16.48453903 -0,-14.34337902 -16.48453903 -1.60000002,-14.36737728 -16.47778702 -0,-14.36737728 -16.47778702 -1.60000002,-14.39101028 -16.46984673 -0,-14.39101028 -16.46984673 -1.60000002,-14.414217 -16.46073723 -0,-14.414217 -16.46073723 -1.60000002,-14.4369421 -16.45048523 -0,-14.4369421 -16.45048523 -1.60000002,-14.45912743 -16.43911171 -0,-14.45912743 -16.43911171 -1.60000002,-14.48071766 -16.42664528 -0,-14.48071766 -16.42664528 -1.60000002,-14.50166035 -16.41312027 -0,-14.50166035 -16.41312027 -1.60000002,-14.52190208 -16.3985672 -0,-14.52190208 -16.3985672 -1.60000002,-14.54139423 -16.38302231 -0,-14.54139423 -16.38302231 -1.60000002,-14.56008625 -16.36652565 -0,-14.56008625 -16.36652565 -1.60000002,-14.57793331 -16.34911919 -0,-14.57793331 -16.34911919 -1.60000002,-14.59489059 -16.33084297 -0,-14.59489059 -16.33084297 -1.60000002,-14.61091614 -16.31174469 -0,-14.61091614 -16.31174469 -1.60000002,-14.62596893 -16.29187202 -0,-14.62596893 -16.29187202 -1.60000002,-14.64001274 -16.27127266 -0,-14.64001274 -16.27127266 -1.60000002,-14.65301228 -16.25 -0,-14.65301228 -16.25 -1.60000002,-14.66493607 -16.22810555 -0,-14.66493607 -16.22810555 -1.60000002,-14.67575264 -16.2056427 -0,-14.67575264 -16.2056427 -1.60000002,-14.6854372 -16.18267059 -0,-14.6854372 -16.18267059 -1.60000002,-14.693964 -16.15924263 -0,-14.693964 -16.15924263 -1.60000002,-14.70131207 -16.13541985 -0,-14.70131207 -16.13541985 -1.60000002,-14.70746422 -16.11126137 -0,-14.70746422 -16.11126137 -1.60000002,-14.71240425 -16.08682442 -0,-14.71240425 -16.08682442 -1.60000002,-14.71611977 -16.06217194 -0,-14.71611977 -16.06217194 -1.60000002,-14.71860218 -16.03736496 -0,-14.71860218 -16.03736496 -1.60000002,-14.71984482 -16.01246452 -0,-14.71984482 -16.01246452 -1.60000002,-14.71984482 -15.98753452 -0,-14.71984482 -15.98753452 -1.60000002,-14.71860218 -15.96263504 -1.60000002,-14.71860218 -15.96263504 -0,-14.71611977 -15.93782806 -0,-14.71611977 -15.93782806 -1.60000002,-14.71240425 -15.91317558 -1.60000002,-14.71240425 -15.91317558 -0,-14.70746422 -15.88873959 -0,-14.70746422 -15.88873959 -1.60000002,-14.70131207 -15.86458015 -0,-14.70131207 -15.86458015 -1.60000002,-14.693964 -15.84075642 -0,-14.693964 -15.84075642 -1.60000002,-14.6854372 -15.81732941 -0,-14.6854372 -15.81732941 -1.60000002,-14.67575264 -15.79435635 -0,-14.67575264 -15.79435635 -1.60000002,-14.66493607 -15.77189445 -0,-14.66493607 -15.77189445 -1.60000002,-14.65301228 -15.75 -0,-14.65301228 -15.75 -1.60000002,-14.64001274 -15.72872734 -0,-14.64001274 -15.72872734 -1.60000002,-14.62596893 -15.70812798 -0,-14.62596893 -15.70812798 -1.60000002,-14.61091614 -15.68825531 -0,-14.61091614 -15.68825531 -1.60000002,-14.59489059 -15.66915703 -0,-14.59489059 -15.66915703 -1.60000002,-14.57793331 -15.65088177 -0,-14.57793331 -15.65088177 -1.60000002,-14.56008625 -15.63347435 -0,-14.56008625 -15.63347435 -1.60000002,-14.54139423 -15.61697769 -0,-14.54139423 -15.61697769 -1.60000002,-14.52190208 -15.60143375 -1.60000002,-14.52190208 -15.60143375 -0,-14.50166035 -15.58688068 -0,-14.50166035 -15.58688068 -1.60000002,-14.48071766 -15.57335472 -0,-14.48071766 -15.57335472 -1.60000002,-14.45912743 -15.56088924 -0,-14.45912743 -15.56088924 -1.60000002,-14.4369421 -15.54951572 -0,-14.4369421 -15.54951572 -1.60000002,-14.414217 -15.53926182 -1.60000002,-14.414217 -15.53926182 -0,-14.39101028 -15.53015327 -0,-14.39101028 -15.53015327 -1.60000002,-14.36737728 -15.52221394 -0,-14.36737728 -15.52221394 -1.60000002,-14.34337902 -15.51546097 -1.60000002,-14.34337902 -15.51546097 -0,-14.31907272 -15.50991344 -0,-14.31907272 -15.50991344 -1.60000002,-14.29452133 -15.50558472 -0,-14.29452133 -15.50558472 -1.60000002,-14.26978397 -15.50248432 -0,-14.26978397 -15.50248432 -1.60000002,-14.24492264 -15.5006218 -0,-14.24492264 -15.5006218 -1.60000002,-14.22000027 -15.5 -0,-14.22000027 -15.5 -1.60000002,-15.11999989 -16 -1.60000002,-15.11999989 -16 -0,-15.11891556 -15.95583916 -0,-15.11891556 -15.95583916 -1.60000002,-15.11566639 -15.91178417 -0,-15.11566639 -15.91178417 -1.60000002,-15.11025906 -15.86794281 -0,-15.11025906 -15.86794281 -1.60000002,-15.10270691 -15.82441902 -0,-15.10270691 -15.82441902 -1.60000002,-15.09302807 -15.78131771 -1.60000002,-15.09302807 -15.78131771 -0,-15.08124638 -15.73874378 -1.60000002,-15.08124638 -15.73874378 -0,-15.06738949 -15.69679928 -1.60000002,-15.06738949 -15.69679928 -0,-15.05149174 -15.65558529 -1.60000002,-15.05149174 -15.65558529 -0,-15.03359032 -15.61520004 -1.60000002,-15.03359032 -15.61520004 -0,-15.0137291 -15.57574272 -1.60000002,-15.0137291 -15.57574272 -0,-14.99195576 -15.53730774 -1.60000002,-14.99195576 -15.53730774 -0,-14.96832275 -15.49998665 -1.60000002,-14.96832275 -15.49998665 -0,-14.94288635 -15.463871 -1.60000002,-14.94288635 -15.463871 -0,-14.9157095 -15.42904568 -1.60000002,-14.9157095 -15.42904568 -0,-14.88685608 -15.3955965 -1.60000002,-14.88685608 -15.3955965 -0,-14.85639572 -15.36360359 -1.60000002,-14.85639572 -15.36360359 -0,-14.82440281 -15.33314419 -1.60000002,-14.82440281 -15.33314419 -0,-14.79095364 -15.30429077 -1.60000002,-14.79095364 -15.30429077 -0,-14.75612926 -15.27711296 -1.60000002,-14.75612926 -15.27711296 -0,-14.72001362 -15.25167751 -1.60000002,-14.72001362 -15.25167751 -0,-14.68269253 -15.22804451 -1.60000002,-14.68269253 -15.22804451 -0,-14.64425659 -15.20627117 -1.60000002,-14.64425659 -15.20627117 -0,-14.60479927 -15.18640995 -1.60000002,-14.60479927 -15.18640995 -0,-14.56441498 -15.16850853 -1.60000002,-14.56441498 -15.16850853 -0,-14.52320099 -15.15261078 -1.60000002,-14.52320099 -15.15261078 -0,-14.48125648 -15.13875389 -1.60000002,-14.48125648 -15.13875389 -0,-14.43868256 -15.1269722 -1.60000002,-14.43868256 -15.1269722 -0,-14.39558125 -15.11729336 -1.60000002,-14.39558125 -15.11729336 -0,-14.35205746 -15.10974121 -1.60000002,-14.35205746 -15.10974121 -0,-14.30821514 -15.10433388 -1.60000002,-14.30821514 -15.10433388 -0,-14.26416111 -15.10108376 -1.60000002,-14.26416111 -15.10108376 -0,-14.22000027 -15.10000038 -1.60000002,-14.22000027 -15.10000038 -0,-15.11999989 -18 -0,-15.11999989 -18 -1.60000002,-14.17583942 -15.10108376 -1.60000002,-14.17583942 -15.10108376 -0,-14.13178444 -15.10433388 -1.60000002,-14.13178444 -15.10433388 -0,-14.08794212 -15.10974121 -1.60000002,-14.08794212 -15.10974121 -0,-14.04441833 -15.11729336 -1.60000002,-14.04441833 -15.11729336 -0,-14.00131798 -15.1269722 -1.60000002,-14.00131798 -15.1269722 -0,-13.95874405 -15.13875389 -1.60000002,-13.95874405 -15.13875389 -0,-13.91679955 -15.15261078 -1.60000002,-13.91679955 -15.15261078 -0,-13.8755846 -15.16850853 -1.60000002,-13.8755846 -15.16850853 -0,-13.83520031 -15.18640995 -1.60000002,-13.83520031 -15.18640995 -0,-13.79574299 -15.20627117 -1.60000002,-13.79574299 -15.20627117 -0,-13.75730801 -15.22804451 -1.60000002,-13.75730801 -15.22804451 -0,-13.71998692 -15.25167751 -1.60000002,-13.71998692 -15.25167751 -0,-13.68387032 -15.27711296 -1.60000002,-13.68387032 -15.27711296 -0,-13.64904594 -15.30429077 -1.60000002,-13.64904594 -15.30429077 -0,-13.61559677 -15.33314419 -1.60000002,-13.61559677 -15.33314419 -0,-13.58360386 -15.36360359 -1.60000002,-13.58360386 -15.36360359 -0,-13.55314445 -15.3955965 -1.60000002,-13.55314445 -15.3955965 -0,-13.52429104 -15.42904568 -1.60000002,-13.52429104 -15.42904568 -0,-13.49711323 -15.463871 -1.60000002,-13.49711323 -15.463871 -0,-13.47167778 -15.49998665 -1.60000002,-13.47167778 -15.49998665 -0,-13.44804382 -15.53730774 -1.60000002,-13.44804382 -15.53730774 -0,-13.42627048 -15.57574272 -1.60000002,-13.42627048 -15.57574272 -0,-13.40640926 -15.61520004 -1.60000002,-13.40640926 -15.61520004 -0,-13.3885088 -15.65558529 -1.60000002,-13.3885088 -15.65558529 -0,-13.37261009 -15.69679928 -1.60000002,-13.37261009 -15.69679928 -0,-13.35875416 -15.73874378 -1.60000002,-13.35875416 -15.73874378 -0,-13.34697151 -15.78131771 -0,-13.34697151 -15.78131771 -1.60000002,-13.33729362 -15.82441902 -1.60000002,-13.33729362 -15.82441902 -0,-13.32974148 -15.86794281 -0,-13.32974148 -15.86794281 -1.60000002,-13.32433414 -15.91178417 -1.60000002,-13.32433414 -15.91178417 -0,-13.32108402 -15.95583916 -0,-13.32108402 -15.95583916 -1.60000002,-13.31999969 -16 -0,-13.31999969 -16 -1.60000002,-13.31999969 -18 -1.60000002,-13.31999969 -18 -0,-14.19507694 -16.4993782 -1.60000002,-14.17021561 -16.49751472 -1.60000002,-14.1454792 -16.49441528 -1.60000002,-14.12092686 -16.4900856 -1.60000002,-14.09662151 -16.48453903 -1.60000002,-14.0726223 -16.47778702 -1.60000002,-14.04899025 -16.46984673 -1.60000002,-14.02578259 -16.46073723 -1.60000002,-14.00305843 -16.45048523 -1.60000002,-13.98087311 -16.43911171 -1.60000002,-13.95928288 -16.42664528 -1.60000002,-13.93834019 -16.41312027 -1.60000002,-13.9180975 -16.3985672 -1.60000002,-13.8986063 -16.38302231 -1.60000002,-13.87991333 -16.36652565 -1.60000002,-13.86206627 -16.34911919 -1.60000002,-13.84510899 -16.33084297 -1.60000002,-13.72388077 -16.06217194 -1.60000002,-13.72139835 -16.03736496 -1.60000002,-13.72759628 -16.08682442 -1.60000002,-13.73253632 -16.11126137 -1.60000002,-13.73868752 -16.13541985 -1.60000002,-13.74603653 -16.15924263 -1.60000002,-13.75456333 -16.18267059 -1.60000002,-13.76424694 -16.2056427 -1.60000002,-13.77506447 -16.22810555 -1.60000002,-13.7869873 -16.25 -1.60000002,-13.79998684 -16.27127266 -1.60000002,-13.81403065 -16.29187202 -1.60000002,-13.8290844 -16.31174469 -1.60000002,-13.72015572 -16.01246452 -1.60000002,-13.72015572 -15.98753452 -1.60000002,-13.72139835 -15.96263504 -1.60000002,-14.19507694 -15.5006218 -1.60000002,-13.72388077 -15.93782806 -1.60000002,-14.17021561 -15.50248432 -1.60000002,-13.72759628 -15.91317558 -1.60000002,-14.1454792 -15.50558472 -1.60000002,-13.73253632 -15.88873959 -1.60000002,-14.12092686 -15.50991344 -1.60000002,-13.73868752 -15.86458015 -1.60000002,-14.09662151 -15.51546097 -1.60000002,-14.0726223 -15.52221394 -1.60000002,-13.74603653 -15.84075642 -1.60000002,-13.75456333 -15.81732941 -1.60000002,-14.04899025 -15.53015327 -1.60000002,-14.02578259 -15.53926182 -1.60000002,-13.76424694 -15.79435635 -1.60000002,-14.00305843 -15.54951572 -1.60000002,-13.77506447 -15.77189445 -1.60000002,-13.7869873 -15.75 -1.60000002,-13.98087311 -15.56088924 -1.60000002,-13.95928288 -15.57335472 -1.60000002,-13.79998684 -15.72872734 -1.60000002,-13.93834019 -15.58688068 -1.60000002,-13.81403065 -15.70812798 -1.60000002,-13.9180975 -15.60143375 -1.60000002,-13.8290844 -15.68825531 -1.60000002,-13.8986063 -15.61697769 -1.60000002,-13.84510899 -15.66915703 -1.60000002,-13.86206627 -15.65088177 -1.60000002,-13.87991333 -15.63347435 -1.60000002,-14.19507694 -15.5006218 -0,-14.17021561 -15.50248432 -0,-14.1454792 -15.50558472 -0,-14.12092686 -15.50991344 -0,-14.09662151 -15.51546097 -0,-14.0726223 -15.52221394 -0,-14.04899025 -15.53015327 -0,-14.02578259 -15.53926182 -0,-14.00305843 -15.54951572 -0,-13.98087311 -15.56088924 -0,-13.95928288 -15.57335472 -0,-13.93834019 -15.58688068 -0,-13.9180975 -15.60143375 -0,-13.8986063 -15.61697769 -0,-13.87991333 -15.63347435 -0,-13.86206627 -15.65088177 -0,-13.84510899 -15.66915703 -0,-13.8290844 -15.68825531 -0,-13.81403065 -15.70812798 -0,-13.79998684 -15.72872734 -0,-13.7869873 -15.75 -0,-13.77506447 -15.77189445 -0,-13.76424694 -15.79435635 -0,-13.75456333 -15.81732941 -0,-13.74603653 -15.84075642 -0,-13.73868752 -15.86458015 -0,-13.73253632 -15.88873959 -0,-13.72759628 -15.91317558 -0,-13.72388077 -15.93782806 -0,-13.72139835 -15.96263504 -0,-13.72015572 -15.98753452 -0,-13.72015572 -16.01246452 -0,-13.72139835 -16.03736496 -0,-13.72388077 -16.06217194 -0,-13.72759628 -16.08682442 -0,-13.73253632 -16.11126137 -0,-13.73868752 -16.13541985 -0,-13.74603653 -16.15924263 -0,-13.75456333 -16.18267059 -0,-13.76424694 -16.2056427 -0,-13.77506447 -16.22810555 -0,-13.7869873 -16.25 -0,-13.79998684 -16.27127266 -0,-13.81403065 -16.29187202 -0,-13.8290844 -16.31174469 -0,-13.84510899 -16.33084297 -0,-13.86206627 -16.34911919 -0,-13.87991333 -16.36652565 -0,-13.8986063 -16.38302231 -0,-13.9180975 -16.3985672 -0,-13.93834019 -16.41312027 -0,-13.95928288 -16.42664528 -0,-13.98087311 -16.43911171 -0,-14.00305843 -16.45048523 -0,-14.02578259 -16.46073723 -0,-14.04899025 -16.46984673 -0,-14.0726223 -16.47778702 -0,-14.09662151 -16.48453903 -0,-14.12092686 -16.4900856 -0,-14.1454792 -16.49441528 -0,-14.17021561 -16.49751472 -0,-14.19507694 -16.4993782 -0,-11.68000031 -16.5 -0,-11.68000031 -16.5 -1.60000002,-11.70492268 -16.4993782 -0,-11.70492268 -16.4993782 -1.60000002,-11.72978401 -16.49751472 -0,-11.72978401 -16.49751472 -1.60000002,-11.75452137 -16.49441528 -0,-11.75452137 -16.49441528 -1.60000002,-11.77907276 -16.4900856 -0,-11.77907276 -16.4900856 -1.60000002,-11.80337906 -16.48453903 -0,-11.80337906 -16.48453903 -1.60000002,-11.82737732 -16.47778702 -0,-11.82737732 -16.47778702 -1.60000002,-11.85101032 -16.46984673 -0,-11.85101032 -16.46984673 -1.60000002,-11.87421703 -16.46073723 -0,-11.87421703 -16.46073723 -1.60000002,-11.89694214 -16.45048523 -0,-11.89694214 -16.45048523 -1.60000002,-11.91912746 -16.43911171 -0,-11.91912746 -16.43911171 -1.60000002,-11.9407177 -16.42664528 -0,-11.9407177 -16.42664528 -1.60000002,-11.96166039 -16.41312027 -0,-11.96166039 -16.41312027 -1.60000002,-11.98190212 -16.3985672 -0,-11.98190212 -16.3985672 -1.60000002,-12.00139427 -16.38302231 -0,-12.00139427 -16.38302231 -1.60000002,-12.02008629 -16.36652565 -0,-12.02008629 -16.36652565 -1.60000002,-12.03793335 -16.34911919 -0,-12.03793335 -16.34911919 -1.60000002,-12.05489063 -16.33084297 -0,-12.05489063 -16.33084297 -1.60000002,-12.07091618 -16.31174469 -0,-12.07091618 -16.31174469 -1.60000002,-12.08596897 -16.29187202 -0,-12.08596897 -16.29187202 -1.60000002,-12.10001278 -16.27127266 -0,-12.10001278 -16.27127266 -1.60000002,-12.11301231 -16.25 -0,-12.11301231 -16.25 -1.60000002,-12.1249361 -16.22810555 -0,-12.1249361 -16.22810555 -1.60000002,-12.13575268 -16.2056427 -0,-12.13575268 -16.2056427 -1.60000002,-12.14543724 -16.18267059 -0,-12.14543724 -16.18267059 -1.60000002,-12.15396404 -16.15924263 -0,-12.15396404 -16.15924263 -1.60000002,-12.1613121 -16.13541985 -0,-12.1613121 -16.13541985 -1.60000002,-12.16746426 -16.11126137 -0,-12.16746426 -16.11126137 -1.60000002,-12.17240429 -16.08682442 -0,-12.17240429 -16.08682442 -1.60000002,-12.1761198 -16.06217194 -0,-12.1761198 -16.06217194 -1.60000002,-12.17860222 -16.03736496 -0,-12.17860222 -16.03736496 -1.60000002,-12.17984486 -16.01246452 -0,-12.17984486 -16.01246452 -1.60000002,-12.17984486 -15.98753452 -0,-12.17984486 -15.98753452 -1.60000002,-12.17860222 -15.96263504 -1.60000002,-12.17860222 -15.96263504 -0,-12.1761198 -15.93782806 -0,-12.1761198 -15.93782806 -1.60000002,-12.17240429 -15.91317558 -1.60000002,-12.17240429 -15.91317558 -0,-12.16746426 -15.88873959 -0,-12.16746426 -15.88873959 -1.60000002,-12.1613121 -15.86458015 -0,-12.1613121 -15.86458015 -1.60000002,-12.15396404 -15.84075642 -0,-12.15396404 -15.84075642 -1.60000002,-12.14543724 -15.81732941 -0,-12.14543724 -15.81732941 -1.60000002,-12.13575268 -15.79435635 -0,-12.13575268 -15.79435635 -1.60000002,-12.1249361 -15.77189445 -0,-12.1249361 -15.77189445 -1.60000002,-12.11301231 -15.75 -0,-12.11301231 -15.75 -1.60000002,-12.10001278 -15.72872734 -0,-12.10001278 -15.72872734 -1.60000002,-12.08596897 -15.70812798 -0,-12.08596897 -15.70812798 -1.60000002,-12.07091618 -15.68825531 -0,-12.07091618 -15.68825531 -1.60000002,-12.05489063 -15.66915703 -0,-12.05489063 -15.66915703 -1.60000002,-12.03793335 -15.65088177 -0,-12.03793335 -15.65088177 -1.60000002,-12.02008629 -15.63347435 -0,-12.02008629 -15.63347435 -1.60000002,-12.00139427 -15.61697769 -0,-12.00139427 -15.61697769 -1.60000002,-11.98190212 -15.60143375 -1.60000002,-11.98190212 -15.60143375 -0,-11.96166039 -15.58688068 -0,-11.96166039 -15.58688068 -1.60000002,-11.9407177 -15.57335472 -0,-11.9407177 -15.57335472 -1.60000002,-11.91912746 -15.56088924 -0,-11.91912746 -15.56088924 -1.60000002,-11.89694214 -15.54951572 -0,-11.89694214 -15.54951572 -1.60000002,-11.87421703 -15.53926182 -1.60000002,-11.87421703 -15.53926182 -0,-11.85101032 -15.53015327 -0,-11.85101032 -15.53015327 -1.60000002,-11.82737732 -15.52221394 -0,-11.82737732 -15.52221394 -1.60000002,-11.80337906 -15.51546097 -1.60000002,-11.80337906 -15.51546097 -0,-11.77907276 -15.50991344 -0,-11.77907276 -15.50991344 -1.60000002,-11.75452137 -15.50558472 -0,-11.75452137 -15.50558472 -1.60000002,-11.72978401 -15.50248432 -0,-11.72978401 -15.50248432 -1.60000002,-11.70492268 -15.5006218 -0,-11.70492268 -15.5006218 -1.60000002,-11.68000031 -15.5 -0,-11.68000031 -15.5 -1.60000002,-12.57999992 -16 -1.60000002,-12.57999992 -16 -0,-12.5789156 -15.95583916 -0,-12.5789156 -15.95583916 -1.60000002,-12.57566643 -15.91178417 -0,-12.57566643 -15.91178417 -1.60000002,-12.57025909 -15.86794281 -0,-12.57025909 -15.86794281 -1.60000002,-12.56270695 -15.82441902 -0,-12.56270695 -15.82441902 -1.60000002,-12.55302811 -15.78131771 -1.60000002,-12.55302811 -15.78131771 -0,-12.54124641 -15.73874378 -1.60000002,-12.54124641 -15.73874378 -0,-12.52738953 -15.69679928 -1.60000002,-12.52738953 -15.69679928 -0,-12.51149178 -15.65558529 -1.60000002,-12.51149178 -15.65558529 -0,-12.49359035 -15.61520004 -1.60000002,-12.49359035 -15.61520004 -0,-12.47372913 -15.57574272 -1.60000002,-12.47372913 -15.57574272 -0,-12.4519558 -15.53730774 -1.60000002,-12.4519558 -15.53730774 -0,-12.42832279 -15.49998665 -1.60000002,-12.42832279 -15.49998665 -0,-12.40288639 -15.463871 -1.60000002,-12.40288639 -15.463871 -0,-12.37570953 -15.42904568 -1.60000002,-12.37570953 -15.42904568 -0,-12.34685612 -15.3955965 -1.60000002,-12.34685612 -15.3955965 -0,-12.31639576 -15.36360359 -1.60000002,-12.31639576 -15.36360359 -0,-12.28440285 -15.33314419 -1.60000002,-12.28440285 -15.33314419 -0,-12.25095367 -15.30429077 -1.60000002,-12.25095367 -15.30429077 -0,-12.2161293 -15.27711296 -1.60000002,-12.2161293 -15.27711296 -0,-12.18001366 -15.25167751 -1.60000002,-12.18001366 -15.25167751 -0,-12.14269257 -15.22804451 -1.60000002,-12.14269257 -15.22804451 -0,-12.10425663 -15.20627117 -1.60000002,-12.10425663 -15.20627117 -0,-12.06479931 -15.18640995 -1.60000002,-12.06479931 -15.18640995 -0,-12.02441502 -15.16850853 -1.60000002,-12.02441502 -15.16850853 -0,-11.98320103 -15.15261078 -1.60000002,-11.98320103 -15.15261078 -0,-11.94125652 -15.13875389 -1.60000002,-11.94125652 -15.13875389 -0,-11.89868259 -15.1269722 -1.60000002,-11.89868259 -15.1269722 -0,-11.85558128 -15.11729336 -1.60000002,-11.85558128 -15.11729336 -0,-11.8120575 -15.10974121 -1.60000002,-11.8120575 -15.10974121 -0,-11.76821518 -15.10433388 -1.60000002,-11.76821518 -15.10433388 -0,-11.72416115 -15.10108376 -1.60000002,-11.72416115 -15.10108376 -0,-11.68000031 -15.10000038 -1.60000002,-11.68000031 -15.10000038 -0,-12.57999992 -18 -0,-12.57999992 -18 -1.60000002,-11.63583946 -15.10108376 -1.60000002,-11.63583946 -15.10108376 -0,-11.59178448 -15.10433388 -1.60000002,-11.59178448 -15.10433388 -0,-11.54794216 -15.10974121 -1.60000002,-11.54794216 -15.10974121 -0,-11.50441837 -15.11729336 -1.60000002,-11.50441837 -15.11729336 -0,-11.46131802 -15.1269722 -1.60000002,-11.46131802 -15.1269722 -0,-11.41874409 -15.13875389 -1.60000002,-11.41874409 -15.13875389 -0,-11.37679958 -15.15261078 -1.60000002,-11.37679958 -15.15261078 -0,-11.33558464 -15.16850853 -1.60000002,-11.33558464 -15.16850853 -0,-11.29520035 -15.18640995 -1.60000002,-11.29520035 -15.18640995 -0,-11.25574303 -15.20627117 -1.60000002,-11.25574303 -15.20627117 -0,-11.21730709 -15.22804451 -1.60000002,-11.21730709 -15.22804451 -0,-11.17998695 -15.25167751 -1.60000002,-11.17998695 -15.25167751 -0,-11.14387035 -15.27711296 -1.60000002,-11.14387035 -15.27711296 -0,-11.10904598 -15.30429077 -1.60000002,-11.10904598 -15.30429077 -0,-11.07559681 -15.33314419 -1.60000002,-11.07559681 -15.33314419 -0,-11.0436039 -15.36360359 -1.60000002,-11.0436039 -15.36360359 -0,-11.01314354 -15.3955965 -1.60000002,-11.01314354 -15.3955965 -0,-10.98429012 -15.42904568 -1.60000002,-10.98429012 -15.42904568 -0,-10.95711327 -15.463871 -1.60000002,-10.95711327 -15.463871 -0,-10.93167782 -15.49998665 -1.60000002,-10.93167782 -15.49998665 -0,-10.90804386 -15.53730774 -1.60000002,-10.90804386 -15.53730774 -0,-10.88627052 -15.57574272 -1.60000002,-10.88627052 -15.57574272 -0,-10.8664093 -15.61520004 -1.60000002,-10.8664093 -15.61520004 -0,-10.84850883 -15.65558529 -1.60000002,-10.84850883 -15.65558529 -0,-10.83261013 -15.69679928 -1.60000002,-10.83261013 -15.69679928 -0,-10.81875324 -15.73874378 -1.60000002,-10.81875324 -15.73874378 -0,-10.80697155 -15.78131771 -0,-10.80697155 -15.78131771 -1.60000002,-10.79729366 -15.82441902 -1.60000002,-10.79729366 -15.82441902 -0,-10.78974152 -15.86794281 -0,-10.78974152 -15.86794281 -1.60000002,-10.78433418 -15.91178417 -1.60000002,-10.78433418 -15.91178417 -0,-10.78108406 -15.95583916 -0,-10.78108406 -15.95583916 -1.60000002,-10.77999973 -16 -0,-10.77999973 -16 -1.60000002,-10.77999973 -18 -1.60000002,-10.77999973 -18 -0,-11.65507698 -16.4993782 -1.60000002,-11.63021564 -16.49751472 -1.60000002,-11.60547924 -16.49441528 -1.60000002,-11.5809269 -16.4900856 -1.60000002,-11.55662155 -16.48453903 -1.60000002,-11.53262234 -16.47778702 -1.60000002,-11.50899029 -16.46984673 -1.60000002,-11.48578262 -16.46073723 -1.60000002,-11.46305847 -16.45048523 -1.60000002,-11.44087315 -16.43911171 -1.60000002,-11.41928196 -16.42664528 -1.60000002,-11.39834023 -16.41312027 -1.60000002,-11.37809753 -16.3985672 -1.60000002,-11.35860634 -16.38302231 -1.60000002,-11.33991337 -16.36652565 -1.60000002,-11.32206631 -16.34911919 -1.60000002,-11.30510902 -16.33084297 -1.60000002,-11.18388081 -16.06217194 -1.60000002,-11.18139839 -16.03736496 -1.60000002,-11.18759632 -16.08682442 -1.60000002,-11.19253635 -16.11126137 -1.60000002,-11.19868755 -16.13541985 -1.60000002,-11.20603657 -16.15924263 -1.60000002,-11.21456337 -16.18267059 -1.60000002,-11.22424698 -16.2056427 -1.60000002,-11.23506451 -16.22810555 -1.60000002,-11.24698734 -16.25 -1.60000002,-11.25998688 -16.27127266 -1.60000002,-11.27403069 -16.29187202 -1.60000002,-11.28908443 -16.31174469 -1.60000002,-11.18015575 -16.01246452 -1.60000002,-11.18015575 -15.98753452 -1.60000002,-11.18139839 -15.96263504 -1.60000002,-11.65507698 -15.5006218 -1.60000002,-11.18388081 -15.93782806 -1.60000002,-11.63021564 -15.50248432 -1.60000002,-11.18759632 -15.91317558 -1.60000002,-11.60547924 -15.50558472 -1.60000002,-11.19253635 -15.88873959 -1.60000002,-11.5809269 -15.50991344 -1.60000002,-11.19868755 -15.86458015 -1.60000002,-11.55662155 -15.51546097 -1.60000002,-11.53262234 -15.52221394 -1.60000002,-11.20603657 -15.84075642 -1.60000002,-11.21456337 -15.81732941 -1.60000002,-11.50899029 -15.53015327 -1.60000002,-11.48578262 -15.53926182 -1.60000002,-11.22424698 -15.79435635 -1.60000002,-11.46305847 -15.54951572 -1.60000002,-11.23506451 -15.77189445 -1.60000002,-11.24698734 -15.75 -1.60000002,-11.44087315 -15.56088924 -1.60000002,-11.41928196 -15.57335472 -1.60000002,-11.25998688 -15.72872734 -1.60000002,-11.39834023 -15.58688068 -1.60000002,-11.27403069 -15.70812798 -1.60000002,-11.37809753 -15.60143375 -1.60000002,-11.28908443 -15.68825531 -1.60000002,-11.35860634 -15.61697769 -1.60000002,-11.30510902 -15.66915703 -1.60000002,-11.32206631 -15.65088177 -1.60000002,-11.33991337 -15.63347435 -1.60000002,-11.65507698 -15.5006218 -0,-11.63021564 -15.50248432 -0,-11.60547924 -15.50558472 -0,-11.5809269 -15.50991344 -0,-11.55662155 -15.51546097 -0,-11.53262234 -15.52221394 -0,-11.50899029 -15.53015327 -0,-11.48578262 -15.53926182 -0,-11.46305847 -15.54951572 -0,-11.44087315 -15.56088924 -0,-11.41928196 -15.57335472 -0,-11.39834023 -15.58688068 -0,-11.37809753 -15.60143375 -0,-11.35860634 -15.61697769 -0,-11.33991337 -15.63347435 -0,-11.32206631 -15.65088177 -0,-11.30510902 -15.66915703 -0,-11.28908443 -15.68825531 -0,-11.27403069 -15.70812798 -0,-11.25998688 -15.72872734 -0,-11.24698734 -15.75 -0,-11.23506451 -15.77189445 -0,-11.22424698 -15.79435635 -0,-11.21456337 -15.81732941 -0,-11.20603657 -15.84075642 -0,-11.19868755 -15.86458015 -0,-11.19253635 -15.88873959 -0,-11.18759632 -15.91317558 -0,-11.18388081 -15.93782806 -0,-11.18139839 -15.96263504 -0,-11.18015575 -15.98753452 -0,-11.18015575 -16.01246452 -0,-11.18139839 -16.03736496 -0,-11.18388081 -16.06217194 -0,-11.18759632 -16.08682442 -0,-11.19253635 -16.11126137 -0,-11.19868755 -16.13541985 -0,-11.20603657 -16.15924263 -0,-11.21456337 -16.18267059 -0,-11.22424698 -16.2056427 -0,-11.23506451 -16.22810555 -0,-11.24698734 -16.25 -0,-11.25998688 -16.27127266 -0,-11.27403069 -16.29187202 -0,-11.28908443 -16.31174469 -0,-11.30510902 -16.33084297 -0,-11.32206631 -16.34911919 -0,-11.33991337 -16.36652565 -0,-11.35860634 -16.38302231 -0,-11.37809753 -16.3985672 -0,-11.39834023 -16.41312027 -0,-11.41928196 -16.42664528 -0,-11.44087315 -16.43911171 -0,-11.46305847 -16.45048523 -0,-11.48578262 -16.46073723 -0,-11.50899029 -16.46984673 -0,-11.53262234 -16.47778702 -0,-11.55662155 -16.48453903 -0,-11.5809269 -16.4900856 -0,-11.60547924 -16.49441528 -0,-11.63021564 -16.49751472 -0,-11.65507698 -16.4993782 -0,-9.14000034 -16.5 -0,-9.14000034 -16.5 -1.60000002,-9.16492271 -16.4993782 -0,-9.16492271 -16.4993782 -1.60000002,-9.18978405 -16.49751472 -0,-9.18978405 -16.49751472 -1.60000002,-9.21452141 -16.49441528 -0,-9.21452141 -16.49441528 -1.60000002,-9.2390728 -16.4900856 -0,-9.2390728 -16.4900856 -1.60000002,-9.2633791 -16.48453903 -0,-9.2633791 -16.48453903 -1.60000002,-9.28737736 -16.47778702 -0,-9.28737736 -16.47778702 -1.60000002,-9.31101036 -16.46984673 -0,-9.31101036 -16.46984673 -1.60000002,-9.33421707 -16.46073723 -0,-9.33421707 -16.46073723 -1.60000002,-9.35694218 -16.45048523 -0,-9.35694218 -16.45048523 -1.60000002,-9.37912655 -16.43911171 -0,-9.37912655 -16.43911171 -1.60000002,-9.40071774 -16.42664528 -0,-9.40071774 -16.42664528 -1.60000002,-9.42166042 -16.41312027 -0,-9.42166042 -16.41312027 -1.60000002,-9.44190216 -16.3985672 -0,-9.44190216 -16.3985672 -1.60000002,-9.46139336 -16.38302231 -0,-9.46139336 -16.38302231 -1.60000002,-9.48008633 -16.36652565 -0,-9.48008633 -16.36652565 -1.60000002,-9.49793339 -16.34911919 -0,-9.49793339 -16.34911919 -1.60000002,-9.51489067 -16.33084297 -0,-9.51489067 -16.33084297 -1.60000002,-9.53091621 -16.31174469 -0,-9.53091621 -16.31174469 -1.60000002,-9.54596901 -16.29187202 -0,-9.54596901 -16.29187202 -1.60000002,-9.56001282 -16.27127266 -0,-9.56001282 -16.27127266 -1.60000002,-9.57301235 -16.25 -0,-9.57301235 -16.25 -1.60000002,-9.58493614 -16.22810555 -0,-9.58493614 -16.22810555 -1.60000002,-9.59575272 -16.2056427 -0,-9.59575272 -16.2056427 -1.60000002,-9.60543728 -16.18267059 -0,-9.60543728 -16.18267059 -1.60000002,-9.61396408 -16.15924263 -0,-9.61396408 -16.15924263 -1.60000002,-9.62131214 -16.13541985 -0,-9.62131214 -16.13541985 -1.60000002,-9.62746429 -16.11126137 -0,-9.62746429 -16.11126137 -1.60000002,-9.63240433 -16.08682442 -0,-9.63240433 -16.08682442 -1.60000002,-9.63611984 -16.06217194 -0,-9.63611984 -16.06217194 -1.60000002,-9.63860226 -16.03736496 -0,-9.63860226 -16.03736496 -1.60000002,-9.63984489 -16.01246452 -0,-9.63984489 -16.01246452 -1.60000002,-9.63984489 -15.98753452 -0,-9.63984489 -15.98753452 -1.60000002,-9.63860226 -15.96263504 -1.60000002,-9.63860226 -15.96263504 -0,-9.63611984 -15.93782806 -0,-9.63611984 -15.93782806 -1.60000002,-9.63240433 -15.91317558 -1.60000002,-9.63240433 -15.91317558 -0,-9.62746429 -15.88873959 -0,-9.62746429 -15.88873959 -1.60000002,-9.62131214 -15.86458015 -0,-9.62131214 -15.86458015 -1.60000002,-9.61396408 -15.84075642 -0,-9.61396408 -15.84075642 -1.60000002,-9.60543728 -15.81732941 -0,-9.60543728 -15.81732941 -1.60000002,-9.59575272 -15.79435635 -0,-9.59575272 -15.79435635 -1.60000002,-9.58493614 -15.77189445 -0,-9.58493614 -15.77189445 -1.60000002,-9.57301235 -15.75 -0,-9.57301235 -15.75 -1.60000002,-9.56001282 -15.72872734 -0,-9.56001282 -15.72872734 -1.60000002,-9.54596901 -15.70812798 -0,-9.54596901 -15.70812798 -1.60000002,-9.53091621 -15.68825531 -0,-9.53091621 -15.68825531 -1.60000002,-9.51489067 -15.66915703 -0,-9.51489067 -15.66915703 -1.60000002,-9.49793339 -15.65088177 -0,-9.49793339 -15.65088177 -1.60000002,-9.48008633 -15.63347435 -0,-9.48008633 -15.63347435 -1.60000002,-9.46139336 -15.61697769 -0,-9.46139336 -15.61697769 -1.60000002,-9.44190216 -15.60143375 -1.60000002,-9.44190216 -15.60143375 -0,-9.42166042 -15.58688068 -0,-9.42166042 -15.58688068 -1.60000002,-9.40071774 -15.57335472 -0,-9.40071774 -15.57335472 -1.60000002,-9.37912655 -15.56088924 -0,-9.37912655 -15.56088924 -1.60000002,-9.35694218 -15.54951572 -0,-9.35694218 -15.54951572 -1.60000002,-9.33421707 -15.53926182 -1.60000002,-9.33421707 -15.53926182 -0,-9.31101036 -15.53015327 -0,-9.31101036 -15.53015327 -1.60000002,-9.28737736 -15.52221394 -0,-9.28737736 -15.52221394 -1.60000002,-9.2633791 -15.51546097 -1.60000002,-9.2633791 -15.51546097 -0,-9.2390728 -15.50991344 -0,-9.2390728 -15.50991344 -1.60000002,-9.21452141 -15.50558472 -0,-9.21452141 -15.50558472 -1.60000002,-9.18978405 -15.50248432 -0,-9.18978405 -15.50248432 -1.60000002,-9.16492271 -15.5006218 -0,-9.16492271 -15.5006218 -1.60000002,-9.14000034 -15.5 -0,-9.14000034 -15.5 -1.60000002,-10.03999996 -16 -1.60000002,-10.03999996 -16 -0,-10.03891563 -15.95583916 -0,-10.03891563 -15.95583916 -1.60000002,-10.03566647 -15.91178417 -0,-10.03566647 -15.91178417 -1.60000002,-10.03025913 -15.86794281 -0,-10.03025913 -15.86794281 -1.60000002,-10.02270699 -15.82441902 -0,-10.02270699 -15.82441902 -1.60000002,-10.01302814 -15.78131771 -1.60000002,-10.01302814 -15.78131771 -0,-10.00124645 -15.73874378 -1.60000002,-10.00124645 -15.73874378 -0,-9.98738956 -15.69679928 -1.60000002,-9.98738956 -15.69679928 -0,-9.97149181 -15.65558529 -1.60000002,-9.97149181 -15.65558529 -0,-9.95359039 -15.61520004 -1.60000002,-9.95359039 -15.61520004 -0,-9.93372917 -15.57574272 -1.60000002,-9.93372917 -15.57574272 -0,-9.91195583 -15.53730774 -1.60000002,-9.91195583 -15.53730774 -0,-9.88832283 -15.49998665 -1.60000002,-9.88832283 -15.49998665 -0,-9.86288643 -15.463871 -1.60000002,-9.86288643 -15.463871 -0,-9.83570957 -15.42904568 -1.60000002,-9.83570957 -15.42904568 -0,-9.80685616 -15.3955965 -1.60000002,-9.80685616 -15.3955965 -0,-9.7763958 -15.36360359 -1.60000002,-9.7763958 -15.36360359 -0,-9.74440289 -15.33314419 -1.60000002,-9.74440289 -15.33314419 -0,-9.71095371 -15.30429077 -1.60000002,-9.71095371 -15.30429077 -0,-9.67612934 -15.27711296 -1.60000002,-9.67612934 -15.27711296 -0,-9.64001274 -15.25167751 -1.60000002,-9.64001274 -15.25167751 -0,-9.6026926 -15.22804451 -1.60000002,-9.6026926 -15.22804451 -0,-9.56425667 -15.20627117 -1.60000002,-9.56425667 -15.20627117 -0,-9.52479935 -15.18640995 -1.60000002,-9.52479935 -15.18640995 -0,-9.48441505 -15.16850853 -1.60000002,-9.48441505 -15.16850853 -0,-9.44320107 -15.15261078 -1.60000002,-9.44320107 -15.15261078 -0,-9.40125656 -15.13875389 -1.60000002,-9.40125656 -15.13875389 -0,-9.35868263 -15.1269722 -1.60000002,-9.35868263 -15.1269722 -0,-9.31558132 -15.11729336 -1.60000002,-9.31558132 -15.11729336 -0,-9.27205753 -15.10974121 -1.60000002,-9.27205753 -15.10974121 -0,-9.22821522 -15.10433388 -1.60000002,-9.22821522 -15.10433388 -0,-9.18416119 -15.10108376 -1.60000002,-9.18416119 -15.10108376 -0,-9.14000034 -15.10000038 -1.60000002,-9.14000034 -15.10000038 -0,-10.03999996 -18 -0,-10.03999996 -18 -1.60000002,-9.0958395 -15.10108376 -1.60000002,-9.0958395 -15.10108376 -0,-9.05178452 -15.10433388 -1.60000002,-9.05178452 -15.10433388 -0,-9.0079422 -15.10974121 -1.60000002,-9.0079422 -15.10974121 -0,-8.96441841 -15.11729336 -1.60000002,-8.96441841 -15.11729336 -0,-8.92131805 -15.1269722 -1.60000002,-8.92131805 -15.1269722 -0,-8.87874413 -15.13875389 -1.60000002,-8.87874413 -15.13875389 -0,-8.83679867 -15.15261078 -1.60000002,-8.83679867 -15.15261078 -0,-8.79558468 -15.16850853 -1.60000002,-8.79558468 -15.16850853 -0,-8.75520039 -15.18640995 -1.60000002,-8.75520039 -15.18640995 -0,-8.71574306 -15.20627117 -1.60000002,-8.71574306 -15.20627117 -0,-8.67730713 -15.22804451 -1.60000002,-8.67730713 -15.22804451 -0,-8.63998699 -15.25167751 -1.60000002,-8.63998699 -15.25167751 -0,-8.60387039 -15.27711296 -1.60000002,-8.60387039 -15.27711296 -0,-8.56904602 -15.30429077 -1.60000002,-8.56904602 -15.30429077 -0,-8.53559685 -15.33314419 -1.60000002,-8.53559685 -15.33314419 -0,-8.50360394 -15.36360359 -1.60000002,-8.50360394 -15.36360359 -0,-8.47314358 -15.3955965 -1.60000002,-8.47314358 -15.3955965 -0,-8.44429016 -15.42904568 -1.60000002,-8.44429016 -15.42904568 -0,-8.4171133 -15.463871 -1.60000002,-8.4171133 -15.463871 -0,-8.3916769 -15.49998665 -1.60000002,-8.3916769 -15.49998665 -0,-8.3680439 -15.53730774 -1.60000002,-8.3680439 -15.53730774 -0,-8.34627056 -15.57574272 -1.60000002,-8.34627056 -15.57574272 -0,-8.32640934 -15.61520004 -1.60000002,-8.32640934 -15.61520004 -0,-8.30850887 -15.65558529 -1.60000002,-8.30850887 -15.65558529 -0,-8.29261017 -15.69679928 -1.60000002,-8.29261017 -15.69679928 -0,-8.27875328 -15.73874378 -1.60000002,-8.27875328 -15.73874378 -0,-8.26697159 -15.78131771 -0,-8.26697159 -15.78131771 -1.60000002,-8.2572937 -15.82441902 -1.60000002,-8.2572937 -15.82441902 -0,-8.24974155 -15.86794281 -0,-8.24974155 -15.86794281 -1.60000002,-8.24433422 -15.91178417 -1.60000002,-8.24433422 -15.91178417 -0,-8.2410841 -15.95583916 -0,-8.2410841 -15.95583916 -1.60000002,-8.23999977 -16 -0,-8.23999977 -16 -1.60000002,-8.23999977 -18 -1.60000002,-8.23999977 -18 -0,-9.11507702 -16.4993782 -1.60000002,-9.09021568 -16.49751472 -1.60000002,-9.06547928 -16.49441528 -1.60000002,-9.04092693 -16.4900856 -1.60000002,-9.01662159 -16.48453903 -1.60000002,-8.99262238 -16.47778702 -1.60000002,-8.96899033 -16.46984673 -1.60000002,-8.94578266 -16.46073723 -1.60000002,-8.92305851 -16.45048523 -1.60000002,-8.90087318 -16.43911171 -1.60000002,-8.879282 -16.42664528 -1.60000002,-8.85834026 -16.41312027 -1.60000002,-8.83809757 -16.3985672 -1.60000002,-8.81860638 -16.38302231 -1.60000002,-8.79991341 -16.36652565 -1.60000002,-8.78206635 -16.34911919 -1.60000002,-8.76510906 -16.33084297 -1.60000002,-8.64388084 -16.06217194 -1.60000002,-8.64139843 -16.03736496 -1.60000002,-8.64759636 -16.08682442 -1.60000002,-8.65253639 -16.11126137 -1.60000002,-8.65868759 -16.13541985 -1.60000002,-8.66603661 -16.15924263 -1.60000002,-8.67456341 -16.18267059 -1.60000002,-8.68424702 -16.2056427 -1.60000002,-8.69506454 -16.22810555 -1.60000002,-8.70698738 -16.25 -1.60000002,-8.71998692 -16.27127266 -1.60000002,-8.73403072 -16.29187202 -1.60000002,-8.74908447 -16.31174469 -1.60000002,-8.64015579 -16.01246452 -1.60000002,-8.64015579 -15.98753452 -1.60000002,-8.64139843 -15.96263504 -1.60000002,-9.11507702 -15.5006218 -1.60000002,-8.64388084 -15.93782806 -1.60000002,-9.09021568 -15.50248432 -1.60000002,-8.64759636 -15.91317558 -1.60000002,-9.06547928 -15.50558472 -1.60000002,-8.65253639 -15.88873959 -1.60000002,-9.04092693 -15.50991344 -1.60000002,-8.65868759 -15.86458015 -1.60000002,-9.01662159 -15.51546097 -1.60000002,-8.99262238 -15.52221394 -1.60000002,-8.66603661 -15.84075642 -1.60000002,-8.67456341 -15.81732941 -1.60000002,-8.96899033 -15.53015327 -1.60000002,-8.94578266 -15.53926182 -1.60000002,-8.68424702 -15.79435635 -1.60000002,-8.92305851 -15.54951572 -1.60000002,-8.69506454 -15.77189445 -1.60000002,-8.70698738 -15.75 -1.60000002,-8.90087318 -15.56088924 -1.60000002,-8.879282 -15.57335472 -1.60000002,-8.71998692 -15.72872734 -1.60000002,-8.85834026 -15.58688068 -1.60000002,-8.73403072 -15.70812798 -1.60000002,-8.83809757 -15.60143375 -1.60000002,-8.74908447 -15.68825531 -1.60000002,-8.81860638 -15.61697769 -1.60000002,-8.76510906 -15.66915703 -1.60000002,-8.78206635 -15.65088177 -1.60000002,-8.79991341 -15.63347435 -1.60000002,-9.11507702 -15.5006218 -0,-9.09021568 -15.50248432 -0,-9.06547928 -15.50558472 -0,-9.04092693 -15.50991344 -0,-9.01662159 -15.51546097 -0,-8.99262238 -15.52221394 -0,-8.96899033 -15.53015327 -0,-8.94578266 -15.53926182 -0,-8.92305851 -15.54951572 -0,-8.90087318 -15.56088924 -0,-8.879282 -15.57335472 -0,-8.85834026 -15.58688068 -0,-8.83809757 -15.60143375 -0,-8.81860638 -15.61697769 -0,-8.79991341 -15.63347435 -0,-8.78206635 -15.65088177 -0,-8.76510906 -15.66915703 -0,-8.74908447 -15.68825531 -0,-8.73403072 -15.70812798 -0,-8.71998692 -15.72872734 -0,-8.70698738 -15.75 -0,-8.69506454 -15.77189445 -0,-8.68424702 -15.79435635 -0,-8.67456341 -15.81732941 -0,-8.66603661 -15.84075642 -0,-8.65868759 -15.86458015 -0,-8.65253639 -15.88873959 -0,-8.64759636 -15.91317558 -0,-8.64388084 -15.93782806 -0,-8.64139843 -15.96263504 -0,-8.64015579 -15.98753452 -0,-8.64015579 -16.01246452 -0,-8.64139843 -16.03736496 -0,-8.64388084 -16.06217194 -0,-8.64759636 -16.08682442 -0,-8.65253639 -16.11126137 -0,-8.65868759 -16.13541985 -0,-8.66603661 -16.15924263 -0,-8.67456341 -16.18267059 -0,-8.68424702 -16.2056427 -0,-8.69506454 -16.22810555 -0,-8.70698738 -16.25 -0,-8.71998692 -16.27127266 -0,-8.73403072 -16.29187202 -0,-8.74908447 -16.31174469 -0,-8.76510906 -16.33084297 -0,-8.78206635 -16.34911919 -0,-8.79991341 -16.36652565 -0,-8.81860638 -16.38302231 -0,-8.83809757 -16.3985672 -0,-8.85834026 -16.41312027 -0,-8.879282 -16.42664528 -0,-8.90087318 -16.43911171 -0,-8.92305851 -16.45048523 -0,-8.94578266 -16.46073723 -0,-8.96899033 -16.46984673 -0,-8.99262238 -16.47778702 -0,-9.01662159 -16.48453903 -0,-9.04092693 -16.4900856 -0,-9.06547928 -16.49441528 -0,-9.09021568 -16.49751472 -0,-9.11507702 -16.4993782 -0,-6.5999999 -16.5 -0,-6.5999999 -16.5 -1.60000002,-6.62492275 -16.4993782 -0,-6.62492275 -16.4993782 -1.60000002,-6.64978409 -16.49751472 -0,-6.64978409 -16.49751472 -1.60000002,-6.67452097 -16.49441528 -0,-6.67452097 -16.49441528 -1.60000002,-6.69907284 -16.4900856 -0,-6.69907284 -16.4900856 -1.60000002,-6.72337866 -16.48453903 -0,-6.72337866 -16.48453903 -1.60000002,-6.7473774 -16.47778702 -0,-6.7473774 -16.47778702 -1.60000002,-6.77100992 -16.46984673 -0,-6.77100992 -16.46984673 -1.60000002,-6.79421759 -16.46073723 -0,-6.79421759 -16.46073723 -1.60000002,-6.81694174 -16.45048523 -0,-6.81694174 -16.45048523 -1.60000002,-6.83912706 -16.43911171 -0,-6.83912706 -16.43911171 -1.60000002,-6.86071777 -16.42664528 -0,-6.86071777 -16.42664528 -1.60000002,-6.88165998 -16.41312027 -0,-6.88165998 -16.41312027 -1.60000002,-6.9019022 -16.3985672 -0,-6.9019022 -16.3985672 -1.60000002,-6.92139387 -16.38302231 -0,-6.92139387 -16.38302231 -1.60000002,-6.94008636 -16.36652565 -0,-6.94008636 -16.36652565 -1.60000002,-6.95793343 -16.34911919 -0,-6.95793343 -16.34911919 -1.60000002,-6.97489071 -16.33084297 -0,-6.97489071 -16.33084297 -1.60000002,-6.99091578 -16.31174469 -0,-6.99091578 -16.31174469 -1.60000002,-7.00596905 -16.29187202 -0,-7.00596905 -16.29187202 -1.60000002,-7.02001286 -16.27127266 -0,-7.02001286 -16.27127266 -1.60000002,-7.03301287 -16.25 -0,-7.03301287 -16.25 -1.60000002,-7.0449357 -16.22810555 -0,-7.0449357 -16.22810555 -1.60000002,-7.05575275 -16.2056427 -0,-7.05575275 -16.2056427 -1.60000002,-7.06543684 -16.18267059 -0,-7.06543684 -16.18267059 -1.60000002,-7.07396364 -16.15924263 -0,-7.07396364 -16.15924263 -1.60000002,-7.08131218 -16.13541985 -0,-7.08131218 -16.13541985 -1.60000002,-7.08746386 -16.11126137 -0,-7.08746386 -16.11126137 -1.60000002,-7.09240389 -16.08682442 -0,-7.09240389 -16.08682442 -1.60000002,-7.0961194 -16.06217194 -0,-7.0961194 -16.06217194 -1.60000002,-7.09860182 -16.03736496 -0,-7.09860182 -16.03736496 -1.60000002,-7.09984446 -16.01246452 -0,-7.09984446 -16.01246452 -1.60000002,-7.09984446 -15.98753452 -0,-7.09984446 -15.98753452 -1.60000002,-7.09860182 -15.96263504 -1.60000002,-7.09860182 -15.96263504 -0,-7.0961194 -15.93782806 -0,-7.0961194 -15.93782806 -1.60000002,-7.09240389 -15.91317558 -1.60000002,-7.09240389 -15.91317558 -0,-7.08746386 -15.88873959 -0,-7.08746386 -15.88873959 -1.60000002,-7.08131218 -15.86458015 -0,-7.08131218 -15.86458015 -1.60000002,-7.07396364 -15.84075642 -0,-7.07396364 -15.84075642 -1.60000002,-7.06543684 -15.81732941 -0,-7.06543684 -15.81732941 -1.60000002,-7.05575275 -15.79435635 -0,-7.05575275 -15.79435635 -1.60000002,-7.0449357 -15.77189445 -0,-7.0449357 -15.77189445 -1.60000002,-7.03301287 -15.75 -0,-7.03301287 -15.75 -1.60000002,-7.02001286 -15.72872734 -0,-7.02001286 -15.72872734 -1.60000002,-7.00596905 -15.70812798 -0,-7.00596905 -15.70812798 -1.60000002,-6.99091578 -15.68825531 -0,-6.99091578 -15.68825531 -1.60000002,-6.97489071 -15.66915703 -0,-6.97489071 -15.66915703 -1.60000002,-6.95793343 -15.65088177 -0,-6.95793343 -15.65088177 -1.60000002,-6.94008636 -15.63347435 -0,-6.94008636 -15.63347435 -1.60000002,-6.92139387 -15.61697769 -0,-6.92139387 -15.61697769 -1.60000002,-6.9019022 -15.60143375 -1.60000002,-6.9019022 -15.60143375 -0,-6.88165998 -15.58688068 -0,-6.88165998 -15.58688068 -1.60000002,-6.86071777 -15.57335472 -0,-6.86071777 -15.57335472 -1.60000002,-6.83912706 -15.56088924 -0,-6.83912706 -15.56088924 -1.60000002,-6.81694174 -15.54951572 -0,-6.81694174 -15.54951572 -1.60000002,-6.79421759 -15.53926182 -1.60000002,-6.79421759 -15.53926182 -0,-6.77100992 -15.53015327 -0,-6.77100992 -15.53015327 -1.60000002,-6.7473774 -15.52221394 -0,-6.7473774 -15.52221394 -1.60000002,-6.72337866 -15.51546097 -1.60000002,-6.72337866 -15.51546097 -0,-6.69907284 -15.50991344 -0,-6.69907284 -15.50991344 -1.60000002,-6.67452097 -15.50558472 -0,-6.67452097 -15.50558472 -1.60000002,-6.64978409 -15.50248432 -0,-6.64978409 -15.50248432 -1.60000002,-6.62492275 -15.5006218 -0,-6.62492275 -15.5006218 -1.60000002,-6.5999999 -15.5 -0,-6.5999999 -15.5 -1.60000002,-7.5 -16 -1.60000002,-7.5 -16 -0,-7.49891567 -15.95583916 -0,-7.49891567 -15.95583916 -1.60000002,-7.49566603 -15.91178417 -0,-7.49566603 -15.91178417 -1.60000002,-7.49025869 -15.86794281 -0,-7.49025869 -15.86794281 -1.60000002,-7.48270655 -15.82441902 -0,-7.48270655 -15.82441902 -1.60000002,-7.47302818 -15.78131771 -1.60000002,-7.47302818 -15.78131771 -0,-7.46124649 -15.73874378 -1.60000002,-7.46124649 -15.73874378 -0,-7.4473896 -15.69679928 -1.60000002,-7.4473896 -15.69679928 -0,-7.43149137 -15.65558529 -1.60000002,-7.43149137 -15.65558529 -0,-7.41359043 -15.61520004 -1.60000002,-7.41359043 -15.61520004 -0,-7.39372921 -15.57574272 -1.60000002,-7.39372921 -15.57574272 -0,-7.37195587 -15.53730774 -1.60000002,-7.37195587 -15.53730774 -0,-7.34832287 -15.49998665 -1.60000002,-7.34832287 -15.49998665 -0,-7.32288694 -15.463871 -1.60000002,-7.32288694 -15.463871 -0,-7.29570961 -15.42904568 -1.60000002,-7.29570961 -15.42904568 -0,-7.26685619 -15.3955965 -1.60000002,-7.26685619 -15.3955965 -0,-7.23639631 -15.36360359 -1.60000002,-7.23639631 -15.36360359 -0,-7.20440292 -15.33314419 -1.60000002,-7.20440292 -15.33314419 -0,-7.17095375 -15.30429077 -1.60000002,-7.17095375 -15.30429077 -0,-7.13612938 -15.27711296 -1.60000002,-7.13612938 -15.27711296 -0,-7.10001326 -15.25167751 -1.60000002,-7.10001326 -15.25167751 -0,-7.06269264 -15.22804451 -1.60000002,-7.06269264 -15.22804451 -0,-7.02425718 -15.20627117 -1.60000002,-7.02425718 -15.20627117 -0,-6.98479939 -15.18640995 -1.60000002,-6.98479939 -15.18640995 -0,-6.94441509 -15.16850853 -1.60000002,-6.94441509 -15.16850853 -0,-6.9032011 -15.15261078 -1.60000002,-6.9032011 -15.15261078 -0,-6.86125612 -15.13875389 -1.60000002,-6.86125612 -15.13875389 -0,-6.81868219 -15.1269722 -1.60000002,-6.81868219 -15.1269722 -0,-6.77558136 -15.11729336 -1.60000002,-6.77558136 -15.11729336 -0,-6.73205757 -15.10974121 -1.60000002,-6.73205757 -15.10974121 -0,-6.68821526 -15.10433388 -1.60000002,-6.68821526 -15.10433388 -0,-6.64416075 -15.10108376 -1.60000002,-6.64416075 -15.10108376 -0,-6.5999999 -15.10000038 -1.60000002,-6.5999999 -15.10000038 -0,-7.5 -18 -0,-7.5 -18 -1.60000002,-6.55583906 -15.10108376 -1.60000002,-6.55583906 -15.10108376 -0,-6.51178455 -15.10433388 -1.60000002,-6.51178455 -15.10433388 -0,-6.46794271 -15.10974121 -1.60000002,-6.46794271 -15.10974121 -0,-6.42441893 -15.11729336 -1.60000002,-6.42441893 -15.11729336 -0,-6.38131762 -15.1269722 -1.60000002,-6.38131762 -15.1269722 -0,-6.33874369 -15.13875389 -1.60000002,-6.33874369 -15.13875389 -0,-6.29679918 -15.15261078 -1.60000002,-6.29679918 -15.15261078 -0,-6.25558472 -15.16850853 -1.60000002,-6.25558472 -15.16850853 -0,-6.21520042 -15.18640995 -1.60000002,-6.21520042 -15.18640995 -0,-6.1757431 -15.20627117 -1.60000002,-6.1757431 -15.20627117 -0,-6.13730764 -15.22804451 -1.60000002,-6.13730764 -15.22804451 -0,-6.09998655 -15.25167751 -1.60000002,-6.09998655 -15.25167751 -0,-6.06387043 -15.27711296 -1.60000002,-6.06387043 -15.27711296 -0,-6.02904606 -15.30429077 -1.60000002,-6.02904606 -15.30429077 -0,-5.99559689 -15.33314419 -1.60000002,-5.99559689 -15.33314419 -0,-5.96360397 -15.36360359 -1.60000002,-5.96360397 -15.36360359 -0,-5.93314409 -15.3955965 -1.60000002,-5.93314409 -15.3955965 -0,-5.90429068 -15.42904568 -1.60000002,-5.90429068 -15.42904568 -0,-5.87711334 -15.463871 -1.60000002,-5.87711334 -15.463871 -0,-5.85167742 -15.49998665 -1.60000002,-5.85167742 -15.49998665 -0,-5.82804441 -15.53730774 -1.60000002,-5.82804441 -15.53730774 -0,-5.80627108 -15.57574272 -1.60000002,-5.80627108 -15.57574272 -0,-5.78640985 -15.61520004 -1.60000002,-5.78640985 -15.61520004 -0,-5.76850843 -15.65558529 -1.60000002,-5.76850843 -15.65558529 -0,-5.75261021 -15.69679928 -1.60000002,-5.75261021 -15.69679928 -0,-5.7387538 -15.73874378 -1.60000002,-5.7387538 -15.73874378 -0,-5.7269721 -15.78131771 -0,-5.7269721 -15.78131771 -1.60000002,-5.71729326 -15.82441902 -1.60000002,-5.71729326 -15.82441902 -0,-5.70974112 -15.86794281 -0,-5.70974112 -15.86794281 -1.60000002,-5.70433378 -15.91178417 -1.60000002,-5.70433378 -15.91178417 -0,-5.70108414 -15.95583916 -0,-5.70108414 -15.95583916 -1.60000002,-5.69999981 -16 -0,-5.69999981 -16 -1.60000002,-5.69999981 -18 -1.60000002,-5.69999981 -18 -0,-6.57507706 -16.4993782 -1.60000002,-6.5502162 -16.49751472 -1.60000002,-6.52547884 -16.49441528 -1.60000002,-6.50092697 -16.4900856 -1.60000002,-6.47662115 -16.48453903 -1.60000002,-6.45262241 -16.47778702 -1.60000002,-6.42898989 -16.46984673 -1.60000002,-6.4057827 -16.46073723 -1.60000002,-6.38305807 -16.45048523 -1.60000002,-6.36087322 -16.43911171 -1.60000002,-6.33928251 -16.42664528 -1.60000002,-6.31833982 -16.41312027 -1.60000002,-6.29809761 -16.3985672 -1.60000002,-6.27860641 -16.38302231 -1.60000002,-6.25991344 -16.36652565 -1.60000002,-6.24206638 -16.34911919 -1.60000002,-6.22510958 -16.33084297 -1.60000002,-6.10388041 -16.06217194 -1.60000002,-6.10139799 -16.03736496 -1.60000002,-6.10759592 -16.08682442 -1.60000002,-6.11253595 -16.11126137 -1.60000002,-6.11868811 -16.13541985 -1.60000002,-6.12603617 -16.15924263 -1.60000002,-6.13456297 -16.18267059 -1.60000002,-6.14424706 -16.2056427 -1.60000002,-6.15506411 -16.22810555 -1.60000002,-6.16698742 -16.25 -1.60000002,-6.17998695 -16.27127266 -1.60000002,-6.19403076 -16.29187202 -1.60000002,-6.20908403 -16.31174469 -1.60000002,-6.10015535 -16.01246452 -1.60000002,-6.10015535 -15.98753452 -1.60000002,-6.10139799 -15.96263504 -1.60000002,-6.57507706 -15.5006218 -1.60000002,-6.10388041 -15.93782806 -1.60000002,-6.5502162 -15.50248432 -1.60000002,-6.10759592 -15.91317558 -1.60000002,-6.52547884 -15.50558472 -1.60000002,-6.11253595 -15.88873959 -1.60000002,-6.50092697 -15.50991344 -1.60000002,-6.11868811 -15.86458015 -1.60000002,-6.47662115 -15.51546097 -1.60000002,-6.45262241 -15.52221394 -1.60000002,-6.12603617 -15.84075642 -1.60000002,-6.13456297 -15.81732941 -1.60000002,-6.42898989 -15.53015327 -1.60000002,-6.4057827 -15.53926182 -1.60000002,-6.14424706 -15.79435635 -1.60000002,-6.38305807 -15.54951572 -1.60000002,-6.15506411 -15.77189445 -1.60000002,-6.16698742 -15.75 -1.60000002,-6.36087322 -15.56088924 -1.60000002,-6.33928251 -15.57335472 -1.60000002,-6.17998695 -15.72872734 -1.60000002,-6.31833982 -15.58688068 -1.60000002,-6.19403076 -15.70812798 -1.60000002,-6.29809761 -15.60143375 -1.60000002,-6.20908403 -15.68825531 -1.60000002,-6.27860641 -15.61697769 -1.60000002,-6.22510958 -15.66915703 -1.60000002,-6.24206638 -15.65088177 -1.60000002,-6.25991344 -15.63347435 -1.60000002,-6.57507706 -15.5006218 -0,-6.5502162 -15.50248432 -0,-6.52547884 -15.50558472 -0,-6.50092697 -15.50991344 -0,-6.47662115 -15.51546097 -0,-6.45262241 -15.52221394 -0,-6.42898989 -15.53015327 -0,-6.4057827 -15.53926182 -0,-6.38305807 -15.54951572 -0,-6.36087322 -15.56088924 -0,-6.33928251 -15.57335472 -0,-6.31833982 -15.58688068 -0,-6.29809761 -15.60143375 -0,-6.27860641 -15.61697769 -0,-6.25991344 -15.63347435 -0,-6.24206638 -15.65088177 -0,-6.22510958 -15.66915703 -0,-6.20908403 -15.68825531 -0,-6.19403076 -15.70812798 -0,-6.17998695 -15.72872734 -0,-6.16698742 -15.75 -0,-6.15506411 -15.77189445 -0,-6.14424706 -15.79435635 -0,-6.13456297 -15.81732941 -0,-6.12603617 -15.84075642 -0,-6.11868811 -15.86458015 -0,-6.11253595 -15.88873959 -0,-6.10759592 -15.91317558 -0,-6.10388041 -15.93782806 -0,-6.10139799 -15.96263504 -0,-6.10015535 -15.98753452 -0,-6.10015535 -16.01246452 -0,-6.10139799 -16.03736496 -0,-6.10388041 -16.06217194 -0,-6.10759592 -16.08682442 -0,-6.11253595 -16.11126137 -0,-6.11868811 -16.13541985 -0,-6.12603617 -16.15924263 -0,-6.13456297 -16.18267059 -0,-6.14424706 -16.2056427 -0,-6.15506411 -16.22810555 -0,-6.16698742 -16.25 -0,-6.17998695 -16.27127266 -0,-6.19403076 -16.29187202 -0,-6.20908403 -16.31174469 -0,-6.22510958 -16.33084297 -0,-6.24206638 -16.34911919 -0,-6.25991344 -16.36652565 -0,-6.27860641 -16.38302231 -0,-6.29809761 -16.3985672 -0,-6.31833982 -16.41312027 -0,-6.33928251 -16.42664528 -0,-6.36087322 -16.43911171 -0,-6.38305807 -16.45048523 -0,-6.4057827 -16.46073723 -0,-6.42898989 -16.46984673 -0,-6.45262241 -16.47778702 -0,-6.47662115 -16.48453903 -0,-6.50092697 -16.4900856 -0,-6.52547884 -16.49441528 -0,-6.5502162 -16.49751472 -0,-6.57507706 -16.4993782 -0,-4.05999994 -16.5 -0,-4.05999994 -16.5 -1.60000002,-4.08492279 -16.4993782 -0,-4.08492279 -16.4993782 -1.60000002,-4.10978413 -16.49751472 -0,-4.10978413 -16.49751472 -1.60000002,-4.13452101 -16.49441528 -0,-4.13452101 -16.49441528 -1.60000002,-4.15907288 -16.4900856 -0,-4.15907288 -16.4900856 -1.60000002,-4.1833787 -16.48453903 -0,-4.1833787 -16.48453903 -1.60000002,-4.20737743 -16.47778702 -0,-4.20737743 -16.47778702 -1.60000002,-4.23100996 -16.46984673 -0,-4.23100996 -16.46984673 -1.60000002,-4.25421762 -16.46073723 -0,-4.25421762 -16.46073723 -1.60000002,-4.27694178 -16.45048523 -0,-4.27694178 -16.45048523 -1.60000002,-4.2991271 -16.43911171 -0,-4.2991271 -16.43911171 -1.60000002,-4.32071781 -16.42664528 -0,-4.32071781 -16.42664528 -1.60000002,-4.34166002 -16.41312027 -0,-4.34166002 -16.41312027 -1.60000002,-4.36190224 -16.3985672 -0,-4.36190224 -16.3985672 -1.60000002,-4.38139391 -16.38302231 -0,-4.38139391 -16.38302231 -1.60000002,-4.4000864 -16.36652565 -0,-4.4000864 -16.36652565 -1.60000002,-4.41793346 -16.34911919 -0,-4.41793346 -16.34911919 -1.60000002,-4.43489075 -16.33084297 -0,-4.43489075 -16.33084297 -1.60000002,-4.45091581 -16.31174469 -0,-4.45091581 -16.31174469 -1.60000002,-4.46596909 -16.29187202 -0,-4.46596909 -16.29187202 -1.60000002,-4.48001289 -16.27127266 -0,-4.48001289 -16.27127266 -1.60000002,-4.49301291 -16.25 -0,-4.49301291 -16.25 -1.60000002,-4.50493574 -16.22810555 -0,-4.50493574 -16.22810555 -1.60000002,-4.51575279 -16.2056427 -0,-4.51575279 -16.2056427 -1.60000002,-4.52543688 -16.18267059 -0,-4.52543688 -16.18267059 -1.60000002,-4.53396368 -16.15924263 -0,-4.53396368 -16.15924263 -1.60000002,-4.54131222 -16.13541985 -0,-4.54131222 -16.13541985 -1.60000002,-4.54746389 -16.11126137 -0,-4.54746389 -16.11126137 -1.60000002,-4.55240393 -16.08682442 -0,-4.55240393 -16.08682442 -1.60000002,-4.55611944 -16.06217194 -0,-4.55611944 -16.06217194 -1.60000002,-4.55860186 -16.03736496 -0,-4.55860186 -16.03736496 -1.60000002,-4.55984449 -16.01246452 -0,-4.55984449 -16.01246452 -1.60000002,-4.55984449 -15.98753452 -0,-4.55984449 -15.98753452 -1.60000002,-4.55860186 -15.96263504 -1.60000002,-4.55860186 -15.96263504 -0,-4.55611944 -15.93782806 -0,-4.55611944 -15.93782806 -1.60000002,-4.55240393 -15.91317558 -1.60000002,-4.55240393 -15.91317558 -0,-4.54746389 -15.88873959 -0,-4.54746389 -15.88873959 -1.60000002,-4.54131222 -15.86458015 -0,-4.54131222 -15.86458015 -1.60000002,-4.53396368 -15.84075642 -0,-4.53396368 -15.84075642 -1.60000002,-4.52543688 -15.81732941 -0,-4.52543688 -15.81732941 -1.60000002,-4.51575279 -15.79435635 -0,-4.51575279 -15.79435635 -1.60000002,-4.50493574 -15.77189445 -0,-4.50493574 -15.77189445 -1.60000002,-4.49301291 -15.75 -0,-4.49301291 -15.75 -1.60000002,-4.48001289 -15.72872734 -0,-4.48001289 -15.72872734 -1.60000002,-4.46596909 -15.70812798 -0,-4.46596909 -15.70812798 -1.60000002,-4.45091581 -15.68825531 -0,-4.45091581 -15.68825531 -1.60000002,-4.43489075 -15.66915703 -0,-4.43489075 -15.66915703 -1.60000002,-4.41793346 -15.65088177 -0,-4.41793346 -15.65088177 -1.60000002,-4.4000864 -15.63347435 -0,-4.4000864 -15.63347435 -1.60000002,-4.38139391 -15.61697769 -0,-4.38139391 -15.61697769 -1.60000002,-4.36190224 -15.60143375 -1.60000002,-4.36190224 -15.60143375 -0,-4.34166002 -15.58688068 -0,-4.34166002 -15.58688068 -1.60000002,-4.32071781 -15.57335472 -0,-4.32071781 -15.57335472 -1.60000002,-4.2991271 -15.56088924 -0,-4.2991271 -15.56088924 -1.60000002,-4.27694178 -15.54951572 -0,-4.27694178 -15.54951572 -1.60000002,-4.25421762 -15.53926182 -1.60000002,-4.25421762 -15.53926182 -0,-4.23100996 -15.53015327 -0,-4.23100996 -15.53015327 -1.60000002,-4.20737743 -15.52221394 -0,-4.20737743 -15.52221394 -1.60000002,-4.1833787 -15.51546097 -1.60000002,-4.1833787 -15.51546097 -0,-4.15907288 -15.50991344 -0,-4.15907288 -15.50991344 -1.60000002,-4.13452101 -15.50558472 -0,-4.13452101 -15.50558472 -1.60000002,-4.10978413 -15.50248432 -0,-4.10978413 -15.50248432 -1.60000002,-4.08492279 -15.5006218 -0,-4.08492279 -15.5006218 -1.60000002,-4.05999994 -15.5 -0,-4.05999994 -15.5 -1.60000002,-4.96000004 -16 -1.60000002,-4.96000004 -16 -0,-4.95891571 -15.95583916 -0,-4.95891571 -15.95583916 -1.60000002,-4.95566607 -15.91178417 -0,-4.95566607 -15.91178417 -1.60000002,-4.95025873 -15.86794281 -0,-4.95025873 -15.86794281 -1.60000002,-4.94270658 -15.82441902 -0,-4.94270658 -15.82441902 -1.60000002,-4.93302822 -15.78131771 -1.60000002,-4.93302822 -15.78131771 -0,-4.92124653 -15.73874378 -1.60000002,-4.92124653 -15.73874378 -0,-4.90738964 -15.69679928 -1.60000002,-4.90738964 -15.69679928 -0,-4.89149141 -15.65558529 -1.60000002,-4.89149141 -15.65558529 -0,-4.87359047 -15.61520004 -1.60000002,-4.87359047 -15.61520004 -0,-4.85372925 -15.57574272 -1.60000002,-4.85372925 -15.57574272 -0,-4.83195591 -15.53730774 -1.60000002,-4.83195591 -15.53730774 -0,-4.80832243 -15.49998665 -1.60000002,-4.80832243 -15.49998665 -0,-4.78288698 -15.463871 -1.60000002,-4.78288698 -15.463871 -0,-4.75570917 -15.42904568 -1.60000002,-4.75570917 -15.42904568 -0,-4.72685623 -15.3955965 -1.60000002,-4.72685623 -15.3955965 -0,-4.69639587 -15.36360359 -1.60000002,-4.69639587 -15.36360359 -0,-4.66440296 -15.33314419 -1.60000002,-4.66440296 -15.33314419 -0,-4.63095379 -15.30429077 -1.60000002,-4.63095379 -15.30429077 -0,-4.59612942 -15.27711296 -1.60000002,-4.59612942 -15.27711296 -0,-4.56001329 -15.25167751 -1.60000002,-4.56001329 -15.25167751 -0,-4.52269268 -15.22804451 -1.60000002,-4.52269268 -15.22804451 -0,-4.48425722 -15.20627117 -1.60000002,-4.48425722 -15.20627117 -0,-4.44479942 -15.18640995 -1.60000002,-4.44479942 -15.18640995 -0,-4.40441513 -15.16850853 -1.60000002,-4.40441513 -15.16850853 -0,-4.36320066 -15.15261078 -1.60000002,-4.36320066 -15.15261078 -0,-4.32125616 -15.13875389 -1.60000002,-4.32125616 -15.13875389 -0,-4.27868223 -15.1269722 -1.60000002,-4.27868223 -15.1269722 -0,-4.2355814 -15.11729336 -1.60000002,-4.2355814 -15.11729336 -0,-4.19205761 -15.10974121 -1.60000002,-4.19205761 -15.10974121 -0,-4.14821529 -15.10433388 -1.60000002,-4.14821529 -15.10433388 -0,-4.10416079 -15.10108376 -1.60000002,-4.10416079 -15.10108376 -0,-4.05999994 -15.10000038 -1.60000002,-4.05999994 -15.10000038 -0,-4.96000004 -18 -0,-4.96000004 -18 -1.60000002,-4.0158391 -15.10108376 -1.60000002,-4.0158391 -15.10108376 -0,-3.97178459 -15.10433388 -1.60000002,-3.97178459 -15.10433388 -0,-3.92794251 -15.10974121 -1.60000002,-3.92794251 -15.10974121 -0,-3.88441873 -15.11729336 -1.60000002,-3.88441873 -15.11729336 -0,-3.84131789 -15.1269722 -1.60000002,-3.84131789 -15.1269722 -0,-3.79874372 -15.13875389 -1.60000002,-3.79874372 -15.13875389 -0,-3.75679922 -15.15261078 -1.60000002,-3.75679922 -15.15261078 -0,-3.71558499 -15.16850853 -1.60000002,-3.71558499 -15.16850853 -0,-3.67520046 -15.18640995 -1.60000002,-3.67520046 -15.18640995 -0,-3.6357429 -15.20627117 -1.60000002,-3.6357429 -15.20627117 -0,-3.59730744 -15.22804451 -1.60000002,-3.59730744 -15.22804451 -0,-3.55998683 -15.25167751 -1.60000002,-3.55998683 -15.25167751 -0,-3.52387071 -15.27711296 -1.60000002,-3.52387071 -15.27711296 -0,-3.4890461 -15.30429077 -1.60000002,-3.4890461 -15.30429077 -0,-3.45559692 -15.33314419 -1.60000002,-3.45559692 -15.33314419 -0,-3.42360401 -15.36360359 -1.60000002,-3.42360401 -15.36360359 -0,-3.39314389 -15.3955965 -1.60000002,-3.39314389 -15.3955965 -0,-3.36429048 -15.42904568 -1.60000002,-3.36429048 -15.42904568 -0,-3.33711314 -15.463871 -1.60000002,-3.33711314 -15.463871 -0,-3.31167746 -15.49998665 -1.60000002,-3.31167746 -15.49998665 -0,-3.28804421 -15.53730774 -1.60000002,-3.28804421 -15.53730774 -0,-3.26627088 -15.57574272 -1.60000002,-3.26627088 -15.57574272 -0,-3.24640965 -15.61520004 -1.60000002,-3.24640965 -15.61520004 -0,-3.22850847 -15.65558529 -1.60000002,-3.22850847 -15.65558529 -0,-3.21261024 -15.69679928 -1.60000002,-3.21261024 -15.69679928 -0,-3.1987536 -15.73874378 -1.60000002,-3.1987536 -15.73874378 -0,-3.1869719 -15.78131771 -0,-3.1869719 -15.78131771 -1.60000002,-3.1772933 -15.82441902 -1.60000002,-3.1772933 -15.82441902 -0,-3.16974115 -15.86794281 -0,-3.16974115 -15.86794281 -1.60000002,-3.16433382 -15.91178417 -1.60000002,-3.16433382 -15.91178417 -0,-3.16108418 -15.95583916 -0,-3.16108418 -15.95583916 -1.60000002,-3.16000009 -16 -0,-3.16000009 -16 -1.60000002,-3.16000009 -18 -1.60000002,-3.16000009 -18 -0,-4.0350771 -16.4993782 -1.60000002,-4.01021624 -16.49751472 -1.60000002,-3.98547888 -16.49441528 -1.60000002,-3.96092701 -16.4900856 -1.60000002,-3.93662119 -16.48453903 -1.60000002,-3.91262245 -16.47778702 -1.60000002,-3.88898993 -16.46984673 -1.60000002,-3.8657825 -16.46073723 -1.60000002,-3.84305811 -16.45048523 -1.60000002,-3.82087302 -16.43911171 -1.60000002,-3.79928231 -16.42664528 -1.60000002,-3.77833986 -16.41312027 -1.60000002,-3.75809789 -16.3985672 -1.60000002,-3.73860621 -16.38302231 -1.60000002,-3.71991372 -16.36652565 -1.60000002,-3.70206666 -16.34911919 -1.60000002,-3.68510938 -16.33084297 -1.60000002,-3.56388044 -16.06217194 -1.60000002,-3.56139803 -16.03736496 -1.60000002,-3.5675962 -16.08682442 -1.60000002,-3.57253599 -16.11126137 -1.60000002,-3.57868791 -16.13541985 -1.60000002,-3.58603644 -16.15924263 -1.60000002,-3.59456301 -16.18267059 -1.60000002,-3.60424709 -16.2056427 -1.60000002,-3.61506414 -16.22810555 -1.60000002,-3.62698722 -16.25 -1.60000002,-3.63998699 -16.27127266 -1.60000002,-3.65403104 -16.29187202 -1.60000002,-3.66908431 -16.31174469 -1.60000002,-3.56015539 -16.01246452 -1.60000002,-3.56015539 -15.98753452 -1.60000002,-3.56139803 -15.96263504 -1.60000002,-4.0350771 -15.5006218 -1.60000002,-3.56388044 -15.93782806 -1.60000002,-4.01021624 -15.50248432 -1.60000002,-3.5675962 -15.91317558 -1.60000002,-3.98547888 -15.50558472 -1.60000002,-3.57253599 -15.88873959 -1.60000002,-3.96092701 -15.50991344 -1.60000002,-3.93662119 -15.51546097 -1.60000002,-3.57868791 -15.86458015 -1.60000002,-3.91262245 -15.52221394 -1.60000002,-3.58603644 -15.84075642 -1.60000002,-3.88898993 -15.53015327 -1.60000002,-3.59456301 -15.81732941 -1.60000002,-3.8657825 -15.53926182 -1.60000002,-3.60424709 -15.79435635 -1.60000002,-3.84305811 -15.54951572 -1.60000002,-3.61506414 -15.77189445 -1.60000002,-3.82087302 -15.56088924 -1.60000002,-3.62698722 -15.75 -1.60000002,-3.79928231 -15.57335472 -1.60000002,-3.63998699 -15.72872734 -1.60000002,-3.77833986 -15.58688068 -1.60000002,-3.65403104 -15.70812798 -1.60000002,-3.75809789 -15.60143375 -1.60000002,-3.66908431 -15.68825531 -1.60000002,-3.73860621 -15.61697769 -1.60000002,-3.68510938 -15.66915703 -1.60000002,-3.71991372 -15.63347435 -1.60000002,-3.70206666 -15.65088177 -1.60000002,-4.0350771 -15.5006218 -0,-4.01021624 -15.50248432 -0,-3.98547888 -15.50558472 -0,-3.96092701 -15.50991344 -0,-3.93662119 -15.51546097 -0,-3.91262245 -15.52221394 -0,-3.88898993 -15.53015327 -0,-3.8657825 -15.53926182 -0,-3.84305811 -15.54951572 -0,-3.82087302 -15.56088924 -0,-3.79928231 -15.57335472 -0,-3.77833986 -15.58688068 -0,-3.75809789 -15.60143375 -0,-3.73860621 -15.61697769 -0,-3.71991372 -15.63347435 -0,-3.70206666 -15.65088177 -0,-3.68510938 -15.66915703 -0,-3.66908431 -15.68825531 -0,-3.65403104 -15.70812798 -0,-3.63998699 -15.72872734 -0,-3.62698722 -15.75 -0,-3.61506414 -15.77189445 -0,-3.60424709 -15.79435635 -0,-3.59456301 -15.81732941 -0,-3.58603644 -15.84075642 -0,-3.57868791 -15.86458015 -0,-3.57253599 -15.88873959 -0,-3.5675962 -15.91317558 -0,-3.56388044 -15.93782806 -0,-3.56139803 -15.96263504 -0,-3.56015539 -15.98753452 -0,-3.56015539 -16.01246452 -0,-3.56139803 -16.03736496 -0,-3.56388044 -16.06217194 -0,-3.5675962 -16.08682442 -0,-3.57253599 -16.11126137 -0,-3.57868791 -16.13541985 -0,-3.58603644 -16.15924263 -0,-3.59456301 -16.18267059 -0,-3.60424709 -16.2056427 -0,-3.61506414 -16.22810555 -0,-3.62698722 -16.25 -0,-3.63998699 -16.27127266 -0,-3.65403104 -16.29187202 -0,-3.66908431 -16.31174469 -0,-3.68510938 -16.33084297 -0,-3.70206666 -16.34911919 -0,-3.71991372 -16.36652565 -0,-3.73860621 -16.38302231 -0,-3.75809789 -16.3985672 -0,-3.77833986 -16.41312027 -0,-3.79928231 -16.42664528 -0,-3.82087302 -16.43911171 -0,-3.84305811 -16.45048523 -0,-3.8657825 -16.46073723 -0,-3.88898993 -16.46984673 -0,-3.91262245 -16.47778702 -0,-3.93662119 -16.48453903 -0,-3.96092701 -16.4900856 -0,-3.98547888 -16.49441528 -0,-4.01021624 -16.49751472 -0,-4.0350771 -16.4993782 -0,-1.51999998 -16.5 -0,-1.51999998 -16.5 -1.60000002,-1.54492295 -16.4993782 -0,-1.54492295 -16.4993782 -1.60000002,-1.56978393 -16.49751472 -0,-1.56978393 -16.49751472 -1.60000002,-1.59452116 -16.49441528 -0,-1.59452116 -16.49441528 -1.60000002,-1.61907303 -16.4900856 -0,-1.61907303 -16.4900856 -1.60000002,-1.64337873 -16.48453903 -0,-1.64337873 -16.48453903 -1.60000002,-1.66737759 -16.47778702 -0,-1.66737759 -16.47778702 -1.60000002,-1.69101012 -16.46984673 -0,-1.69101012 -16.46984673 -1.60000002,-1.71421742 -16.46073723 -0,-1.71421742 -16.46073723 -1.60000002,-1.73694181 -16.45048523 -0,-1.73694181 -16.45048523 -1.60000002,-1.75912702 -16.43911171 -0,-1.75912702 -16.43911171 -1.60000002,-1.78071761 -16.42664528 -0,-1.78071761 -16.42664528 -1.60000002,-1.80166006 -16.41312027 -0,-1.80166006 -16.41312027 -1.60000002,-1.82190216 -16.3985672 -0,-1.82190216 -16.3985672 -1.60000002,-1.84139383 -16.38302231 -0,-1.84139383 -16.38302231 -1.60000002,-1.86008632 -16.36652565 -0,-1.86008632 -16.36652565 -1.60000002,-1.87793338 -16.34911919 -0,-1.87793338 -16.34911919 -1.60000002,-1.89489055 -16.33084297 -0,-1.89489055 -16.33084297 -1.60000002,-1.91091573 -16.31174469 -0,-1.91091573 -16.31174469 -1.60000002,-1.925969 -16.29187202 -0,-1.925969 -16.29187202 -1.60000002,-1.94001293 -16.27127266 -0,-1.94001293 -16.27127266 -1.60000002,-1.9530127 -16.25 -0,-1.9530127 -16.25 -1.60000002,-1.9649359 -16.22810555 -0,-1.9649359 -16.22810555 -1.60000002,-1.97575295 -16.2056427 -0,-1.97575295 -16.2056427 -1.60000002,-1.98543692 -16.18267059 -0,-1.98543692 -16.18267059 -1.60000002,-1.99396372 -16.15924263 -0,-1.99396372 -16.15924263 -1.60000002,-2.00131202 -16.13541985 -0,-2.00131202 -16.13541985 -1.60000002,-2.00746393 -16.11126137 -0,-2.00746393 -16.11126137 -1.60000002,-2.01240396 -16.08682442 -0,-2.01240396 -16.08682442 -1.60000002,-2.01611972 -16.06217194 -0,-2.01611972 -16.06217194 -1.60000002,-2.01860189 -16.03736496 -0,-2.01860189 -16.03736496 -1.60000002,-2.01984453 -16.01246452 -0,-2.01984453 -16.01246452 -1.60000002,-2.01984453 -15.98753452 -0,-2.01984453 -15.98753452 -1.60000002,-2.01860189 -15.96263504 -1.60000002,-2.01860189 -15.96263504 -0,-2.01611972 -15.93782806 -0,-2.01611972 -15.93782806 -1.60000002,-2.01240396 -15.91317558 -1.60000002,-2.01240396 -15.91317558 -0,-2.00746393 -15.88873959 -0,-2.00746393 -15.88873959 -1.60000002,-2.00131202 -15.86458015 -0,-2.00131202 -15.86458015 -1.60000002,-1.99396372 -15.84075642 -0,-1.99396372 -15.84075642 -1.60000002,-1.98543692 -15.81732941 -0,-1.98543692 -15.81732941 -1.60000002,-1.97575295 -15.79435635 -0,-1.97575295 -15.79435635 -1.60000002,-1.9649359 -15.77189445 -0,-1.9649359 -15.77189445 -1.60000002,-1.9530127 -15.75 -0,-1.9530127 -15.75 -1.60000002,-1.94001293 -15.72872734 -0,-1.94001293 -15.72872734 -1.60000002,-1.925969 -15.70812798 -0,-1.925969 -15.70812798 -1.60000002,-1.91091573 -15.68825531 -0,-1.91091573 -15.68825531 -1.60000002,-1.89489055 -15.66915703 -0,-1.89489055 -15.66915703 -1.60000002,-1.87793338 -15.65088177 -0,-1.87793338 -15.65088177 -1.60000002,-1.86008632 -15.63347435 -0,-1.86008632 -15.63347435 -1.60000002,-1.84139383 -15.61697769 -0,-1.84139383 -15.61697769 -1.60000002,-1.82190216 -15.60143375 -1.60000002,-1.82190216 -15.60143375 -0,-1.80166006 -15.58688068 -0,-1.80166006 -15.58688068 -1.60000002,-1.78071761 -15.57335472 -0,-1.78071761 -15.57335472 -1.60000002,-1.75912702 -15.56088924 -0,-1.75912702 -15.56088924 -1.60000002,-1.73694181 -15.54951572 -0,-1.73694181 -15.54951572 -1.60000002,-1.71421742 -15.53926182 -1.60000002,-1.71421742 -15.53926182 -0,-1.69101012 -15.53015327 -0,-1.69101012 -15.53015327 -1.60000002,-1.66737759 -15.52221394 -0,-1.66737759 -15.52221394 -1.60000002,-1.64337873 -15.51546097 -1.60000002,-1.64337873 -15.51546097 -0,-1.61907303 -15.50991344 -0,-1.61907303 -15.50991344 -1.60000002,-1.59452116 -15.50558472 -0,-1.59452116 -15.50558472 -1.60000002,-1.56978393 -15.50248432 -0,-1.56978393 -15.50248432 -1.60000002,-1.54492295 -15.5006218 -0,-1.54492295 -15.5006218 -1.60000002,-1.51999998 -15.5 -0,-1.51999998 -15.5 -1.60000002,-2.42000008 -16 -1.60000002,-2.42000008 -16 -0,-2.41891599 -15.95583916 -0,-2.41891599 -15.95583916 -1.60000002,-2.41566634 -15.91178417 -0,-2.41566634 -15.91178417 -1.60000002,-2.41025877 -15.86794281 -0,-2.41025877 -15.86794281 -1.60000002,-2.40270686 -15.82441902 -0,-2.40270686 -15.82441902 -1.60000002,-2.39302802 -15.78131771 -1.60000002,-2.39302802 -15.78131771 -0,-2.38124633 -15.73874378 -1.60000002,-2.38124633 -15.73874378 -0,-2.36738968 -15.69679928 -1.60000002,-2.36738968 -15.69679928 -0,-2.35149169 -15.65558529 -1.60000002,-2.35149169 -15.65558529 -0,-2.33359027 -15.61520004 -1.60000002,-2.33359027 -15.61520004 -0,-2.31372905 -15.57574272 -1.60000002,-2.31372905 -15.57574272 -0,-2.29195571 -15.53730774 -1.60000002,-2.29195571 -15.53730774 -0,-2.26832271 -15.49998665 -1.60000002,-2.26832271 -15.49998665 -0,-2.24288678 -15.463871 -1.60000002,-2.24288678 -15.463871 -0,-2.21570945 -15.42904568 -1.60000002,-2.21570945 -15.42904568 -0,-2.18685603 -15.3955965 -1.60000002,-2.18685603 -15.3955965 -0,-2.15639615 -15.36360359 -1.60000002,-2.15639615 -15.36360359 -0,-2.124403 -15.33314419 -1.60000002,-2.124403 -15.33314419 -0,-2.09095407 -15.30429077 -1.60000002,-2.09095407 -15.30429077 -0,-2.05612946 -15.27711296 -1.60000002,-2.05612946 -15.27711296 -0,-2.02001309 -15.25167751 -1.60000002,-2.02001309 -15.25167751 -0,-1.98269248 -15.22804451 -1.60000002,-1.98269248 -15.22804451 -0,-1.94425702 -15.20627117 -1.60000002,-1.94425702 -15.20627117 -0,-1.90479958 -15.18640995 -1.60000002,-1.90479958 -15.18640995 -0,-1.86441505 -15.16850853 -1.60000002,-1.86441505 -15.16850853 -0,-1.82320082 -15.15261078 -1.60000002,-1.82320082 -15.15261078 -0,-1.7812562 -15.13875389 -1.60000002,-1.7812562 -15.13875389 -0,-1.73868215 -15.1269722 -1.60000002,-1.73868215 -15.1269722 -0,-1.69558132 -15.11729336 -1.60000002,-1.69558132 -15.11729336 -0,-1.65205741 -15.10974121 -1.60000002,-1.65205741 -15.10974121 -0,-1.60821545 -15.10433388 -1.60000002,-1.60821545 -15.10433388 -0,-1.56416094 -15.10108376 -1.60000002,-1.56416094 -15.10108376 -0,-1.51999998 -15.10000038 -1.60000002,-1.51999998 -15.10000038 -0,-2.42000008 -18 -0,-2.42000008 -18 -1.60000002,-1.47583914 -15.10108376 -1.60000002,-1.47583914 -15.10108376 -0,-1.43178463 -15.10433388 -1.60000002,-1.43178463 -15.10433388 -0,-1.38794255 -15.10974121 -1.60000002,-1.38794255 -15.10974121 -0,-1.34441876 -15.11729336 -1.60000002,-1.34441876 -15.11729336 -0,-1.30131781 -15.1269722 -1.60000002,-1.30131781 -15.1269722 -0,-1.25874376 -15.13875389 -1.60000002,-1.25874376 -15.13875389 -0,-1.21679914 -15.15261078 -1.60000002,-1.21679914 -15.15261078 -0,-1.17558491 -15.16850853 -1.60000002,-1.17558491 -15.16850853 -0,-1.13520038 -15.18640995 -1.60000002,-1.13520038 -15.18640995 -0,-1.09574294 -15.20627117 -1.60000002,-1.09574294 -15.20627117 -0,-1.05730748 -15.22804451 -1.60000002,-1.05730748 -15.22804451 -0,-1.01998675 -15.25167751 -1.60000002,-1.01998675 -15.25167751 -0,-0.98387063 -15.27711296 -1.60000002,-0.98387063 -15.27711296 -0,-0.94904602 -15.30429077 -1.60000002,-0.94904602 -15.30429077 -0,-0.91559696 -15.33314419 -1.60000002,-0.91559696 -15.33314419 -0,-0.88360387 -15.36360359 -1.60000002,-0.88360387 -15.36360359 -0,-0.85314399 -15.3955965 -1.60000002,-0.85314399 -15.3955965 -0,-0.82429057 -15.42904568 -1.60000002,-0.82429057 -15.42904568 -0,-0.79711324 -15.463871 -1.60000002,-0.79711324 -15.463871 -0,-0.77167737 -15.49998665 -1.60000002,-0.77167737 -15.49998665 -0,-0.74804425 -15.53730774 -1.60000002,-0.74804425 -15.53730774 -0,-0.72627085 -15.57574272 -1.60000002,-0.72627085 -15.57574272 -0,-0.70640963 -15.61520004 -1.60000002,-0.70640963 -15.61520004 -0,-0.68850839 -15.65558529 -1.60000002,-0.68850839 -15.65558529 -0,-0.67261034 -15.69679928 -1.60000002,-0.67261034 -15.69679928 -0,-0.65875369 -15.73874378 -1.60000002,-0.65875369 -15.73874378 -0,-0.64697188 -15.78131771 -0,-0.64697188 -15.78131771 -1.60000002,-0.63729322 -15.82441902 -1.60000002,-0.63729322 -15.82441902 -0,-0.62974113 -15.86794281 -0,-0.62974113 -15.86794281 -1.60000002,-0.62433374 -15.91178417 -1.60000002,-0.62433374 -15.91178417 -0,-0.62108409 -15.95583916 -0,-0.62108409 -15.95583916 -1.60000002,-0.62 -16 -0,-0.62 -16 -1.60000002,-0.62 -18 -1.60000002,-0.62 -18 -0,-1.49507701 -16.4993782 -1.60000002,-1.47021604 -16.49751472 -1.60000002,-1.44547892 -16.49441528 -1.60000002,-1.42092693 -16.4900856 -1.60000002,-1.39662135 -16.48453903 -1.60000002,-1.37262237 -16.47778702 -1.60000002,-1.34898996 -16.46984673 -1.60000002,-1.32578266 -16.46073723 -1.60000002,-1.30305815 -16.45048523 -1.60000002,-1.28087306 -16.43911171 -1.60000002,-1.25928235 -16.42664528 -1.60000002,-1.23834002 -16.41312027 -1.60000002,-1.21809781 -16.3985672 -1.60000002,-1.19860625 -16.38302231 -1.60000002,-1.17991364 -16.36652565 -1.60000002,-1.16206658 -16.34911919 -1.60000002,-1.14510942 -16.33084297 -1.60000002,-1.02388036 -16.06217194 -1.60000002,-1.02139807 -16.03736496 -1.60000002,-1.02759612 -16.08682442 -1.60000002,-1.03253603 -16.11126137 -1.60000002,-1.03868783 -16.13541985 -1.60000002,-1.04603636 -16.15924263 -1.60000002,-1.05456316 -16.18267059 -1.60000002,-1.06424713 -16.2056427 -1.60000002,-1.07506406 -16.22810555 -1.60000002,-1.08698726 -16.25 -1.60000002,-1.09998703 -16.27127266 -1.60000002,-1.11403096 -16.29187202 -1.60000002,-1.12908423 -16.31174469 -1.60000002,-1.02015543 -16.01246452 -1.60000002,-1.02015543 -15.98753452 -1.60000002,-1.02139807 -15.96263504 -1.60000002,-1.49507701 -15.5006218 -1.60000002,-1.02388036 -15.93782806 -1.60000002,-1.47021604 -15.50248432 -1.60000002,-1.02759612 -15.91317558 -1.60000002,-1.44547892 -15.50558472 -1.60000002,-1.03253603 -15.88873959 -1.60000002,-1.42092693 -15.50991344 -1.60000002,-1.03868783 -15.86458015 -1.60000002,-1.39662135 -15.51546097 -1.60000002,-1.37262237 -15.52221394 -1.60000002,-1.04603636 -15.84075642 -1.60000002,-1.34898996 -15.53015327 -1.60000002,-1.05456316 -15.81732941 -1.60000002,-1.32578266 -15.53926182 -1.60000002,-1.06424713 -15.79435635 -1.60000002,-1.30305815 -15.54951572 -1.60000002,-1.07506406 -15.77189445 -1.60000002,-1.28087306 -15.56088924 -1.60000002,-1.08698726 -15.75 -1.60000002,-1.25928235 -15.57335472 -1.60000002,-1.09998703 -15.72872734 -1.60000002,-1.23834002 -15.58688068 -1.60000002,-1.11403096 -15.70812798 -1.60000002,-1.21809781 -15.60143375 -1.60000002,-1.12908423 -15.68825531 -1.60000002,-1.14510942 -15.66915703 -1.60000002,-1.19860625 -15.61697769 -1.60000002,-1.17991364 -15.63347435 -1.60000002,-1.16206658 -15.65088177 -1.60000002,-1.49507701 -15.5006218 -0,-1.47021604 -15.50248432 -0,-1.44547892 -15.50558472 -0,-1.42092693 -15.50991344 -0,-1.39662135 -15.51546097 -0,-1.37262237 -15.52221394 -0,-1.34898996 -15.53015327 -0,-1.32578266 -15.53926182 -0,-1.30305815 -15.54951572 -0,-1.28087306 -15.56088924 -0,-1.25928235 -15.57335472 -0,-1.23834002 -15.58688068 -0,-1.21809781 -15.60143375 -0,-1.19860625 -15.61697769 -0,-1.17991364 -15.63347435 -0,-1.16206658 -15.65088177 -0,-1.14510942 -15.66915703 -0,-1.12908423 -15.68825531 -0,-1.11403096 -15.70812798 -0,-1.09998703 -15.72872734 -0,-1.08698726 -15.75 -0,-1.07506406 -15.77189445 -0,-1.06424713 -15.79435635 -0,-1.05456316 -15.81732941 -0,-1.04603636 -15.84075642 -0,-1.03868783 -15.86458015 -0,-1.03253603 -15.88873959 -0,-1.02759612 -15.91317558 -0,-1.02388036 -15.93782806 -0,-1.02139807 -15.96263504 -0,-1.02015543 -15.98753452 -0,-1.02015543 -16.01246452 -0,-1.02139807 -16.03736496 -0,-1.02388036 -16.06217194 -0,-1.02759612 -16.08682442 -0,-1.03253603 -16.11126137 -0,-1.03868783 -16.13541985 -0,-1.04603636 -16.15924263 -0,-1.05456316 -16.18267059 -0,-1.06424713 -16.2056427 -0,-1.07506406 -16.22810555 -0,-1.08698726 -16.25 -0,-1.09998703 -16.27127266 -0,-1.11403096 -16.29187202 -0,-1.12908423 -16.31174469 -0,-1.14510942 -16.33084297 -0,-1.16206658 -16.34911919 -0,-1.17991364 -16.36652565 -0,-1.19860625 -16.38302231 -0,-1.21809781 -16.3985672 -0,-1.23834002 -16.41312027 -0,-1.25928235 -16.42664528 -0,-1.28087306 -16.43911171 -0,-1.30305815 -16.45048523 -0,-1.32578266 -16.46073723 -0,-1.34898996 -16.46984673 -0,-1.37262237 -16.47778702 -0,-1.39662135 -16.48453903 -0,-1.42092693 -16.4900856 -0,-1.44547892 -16.49441528 -0,-1.47021604 -16.49751472 -0,-1.49507701 -16.4993782 -0,1.01999998 -16.5 -0,1.01999998 -16.5 -1.60000002,0.99507707 -16.4993782 -0,0.99507707 -16.4993782 -1.60000002,0.9702161 -16.49751472 -0,0.9702161 -16.49751472 -1.60000002,0.94547886 -16.49441528 -0,0.94547886 -16.49441528 -1.60000002,0.92092693 -16.4900856 -0,0.92092693 -16.4900856 -1.60000002,0.89662129 -16.48453903 -0,0.89662129 -16.48453903 -1.60000002,0.87262243 -16.47778702 -0,0.87262243 -16.47778702 -1.60000002,0.8489899 -16.46984673 -0,0.8489899 -16.46984673 -1.60000002,0.8257826 -16.46073723 -0,0.8257826 -16.46073723 -1.60000002,0.80305815 -16.45048523 -0,0.80305815 -16.45048523 -1.60000002,0.780873 -16.43911171 -0,0.780873 -16.43911171 -1.60000002,0.75928241 -16.42664528 -0,0.75928241 -16.42664528 -1.60000002,0.73833996 -16.41312027 -0,0.73833996 -16.41312027 -1.60000002,0.71809781 -16.3985672 -0,0.71809781 -16.3985672 -1.60000002,0.69860619 -16.38302231 -0,0.69860619 -16.38302231 -1.60000002,0.67991364 -16.36652565 -0,0.67991364 -16.36652565 -1.60000002,0.66206658 -16.34911919 -0,0.66206658 -16.34911919 -1.60000002,0.64510942 -16.33084297 -0,0.64510942 -16.33084297 -1.60000002,0.62908423 -16.31174469 -0,0.62908423 -16.31174469 -1.60000002,0.61403102 -16.29187202 -0,0.61403102 -16.29187202 -1.60000002,0.59998703 -16.27127266 -0,0.59998703 -16.27127266 -1.60000002,0.58698732 -16.25 -0,0.58698732 -16.25 -1.60000002,0.57506412 -16.22810555 -0,0.57506412 -16.22810555 -1.60000002,0.56424707 -16.2056427 -0,0.56424707 -16.2056427 -1.60000002,0.55456311 -16.18267059 -0,0.55456311 -16.18267059 -1.60000002,0.5460363 -16.15924263 -0,0.5460363 -16.15924263 -1.60000002,0.53868788 -16.13541985 -0,0.53868788 -16.13541985 -1.60000002,0.53253603 -16.11126137 -0,0.53253603 -16.11126137 -1.60000002,0.52759612 -16.08682442 -0,0.52759612 -16.08682442 -1.60000002,0.52388042 -16.06217194 -0,0.52388042 -16.06217194 -1.60000002,0.52139813 -16.03736496 -0,0.52139813 -16.03736496 -1.60000002,0.52015543 -16.01246452 -0,0.52015543 -16.01246452 -1.60000002,0.52015543 -15.98753452 -0,0.52015543 -15.98753452 -1.60000002,0.52139813 -15.96263504 -1.60000002,0.52139813 -15.96263504 -0,0.52388042 -15.93782806 -0,0.52388042 -15.93782806 -1.60000002,0.52759612 -15.91317558 -1.60000002,0.52759612 -15.91317558 -0,0.53253603 -15.88873959 -0,0.53253603 -15.88873959 -1.60000002,0.53868788 -15.86458015 -0,0.53868788 -15.86458015 -1.60000002,0.5460363 -15.84075642 -0,0.5460363 -15.84075642 -1.60000002,0.55456311 -15.81732941 -0,0.55456311 -15.81732941 -1.60000002,0.56424707 -15.79435635 -0,0.56424707 -15.79435635 -1.60000002,0.57506412 -15.77189445 -0,0.57506412 -15.77189445 -1.60000002,0.58698732 -15.75 -0,0.58698732 -15.75 -1.60000002,0.59998703 -15.72872734 -0,0.59998703 -15.72872734 -1.60000002,0.61403102 -15.70812798 -0,0.61403102 -15.70812798 -1.60000002,0.62908423 -15.68825531 -0,0.62908423 -15.68825531 -1.60000002,0.64510942 -15.66915703 -0,0.64510942 -15.66915703 -1.60000002,0.66206658 -15.65088177 -0,0.66206658 -15.65088177 -1.60000002,0.67991364 -15.63347435 -0,0.67991364 -15.63347435 -1.60000002,0.69860619 -15.61697769 -0,0.69860619 -15.61697769 -1.60000002,0.71809781 -15.60143375 -1.60000002,0.71809781 -15.60143375 -0,0.73833996 -15.58688068 -0,0.73833996 -15.58688068 -1.60000002,0.75928241 -15.57335472 -0,0.75928241 -15.57335472 -1.60000002,0.780873 -15.56088924 -0,0.780873 -15.56088924 -1.60000002,0.80305815 -15.54951572 -0,0.80305815 -15.54951572 -1.60000002,0.8257826 -15.53926182 -1.60000002,0.8257826 -15.53926182 -0,0.8489899 -15.53015327 -0,0.8489899 -15.53015327 -1.60000002,0.87262243 -15.52221394 -0,0.87262243 -15.52221394 -1.60000002,0.89662129 -15.51546097 -1.60000002,0.89662129 -15.51546097 -0,0.92092693 -15.50991344 -0,0.92092693 -15.50991344 -1.60000002,0.94547886 -15.50558472 -0,0.94547886 -15.50558472 -1.60000002,0.9702161 -15.50248432 -0,0.9702161 -15.50248432 -1.60000002,0.99507707 -15.5006218 -0,0.99507707 -15.5006218 -1.60000002,1.01999998 -15.5 -0,1.01999998 -15.5 -1.60000002,0.12 -16 -1.60000002,0.12 -16 -0,0.12108409 -15.95583916 -0,0.12108409 -15.95583916 -1.60000002,0.12433375 -15.91178417 -0,0.12433375 -15.91178417 -1.60000002,0.12974115 -15.86794281 -0,0.12974115 -15.86794281 -1.60000002,0.13729325 -15.82441902 -0,0.13729325 -15.82441902 -1.60000002,0.14697187 -15.78131771 -1.60000002,0.14697187 -15.78131771 -0,0.15875369 -15.73874378 -1.60000002,0.15875369 -15.73874378 -0,0.17261034 -15.69679928 -1.60000002,0.17261034 -15.69679928 -0,0.18850842 -15.65558529 -1.60000002,0.18850842 -15.65558529 -0,0.20640963 -15.61520004 -1.60000002,0.20640963 -15.61520004 -0,0.22627087 -15.57574272 -1.60000002,0.22627087 -15.57574272 -0,0.24804425 -15.53730774 -1.60000002,0.24804425 -15.53730774 -0,0.27167735 -15.49998665 -1.60000002,0.27167735 -15.49998665 -0,0.29711321 -15.463871 -1.60000002,0.29711321 -15.463871 -0,0.3242906 -15.42904568 -1.60000002,0.3242906 -15.42904568 -0,0.35314399 -15.3955965 -1.60000002,0.35314399 -15.3955965 -0,0.3836039 -15.36360359 -1.60000002,0.3836039 -15.36360359 -0,0.41559693 -15.33314419 -1.60000002,0.41559693 -15.33314419 -0,0.44904605 -15.30429077 -1.60000002,0.44904605 -15.30429077 -0,0.48387063 -15.27711296 -1.60000002,0.48387063 -15.27711296 -0,0.51998681 -15.25167751 -1.60000002,0.51998681 -15.25167751 -0,0.55730754 -15.22804451 -1.60000002,0.55730754 -15.22804451 -0,0.59574294 -15.20627117 -1.60000002,0.59574294 -15.20627117 -0,0.63520044 -15.18640995 -1.60000002,0.63520044 -15.18640995 -0,0.67558491 -15.16850853 -1.60000002,0.67558491 -15.16850853 -0,0.71679914 -15.15261078 -1.60000002,0.71679914 -15.15261078 -0,0.75874376 -15.13875389 -1.60000002,0.75874376 -15.13875389 -0,0.80131781 -15.1269722 -1.60000002,0.80131781 -15.1269722 -0,0.8444187 -15.11729336 -1.60000002,0.8444187 -15.11729336 -0,0.88794255 -15.10974121 -1.60000002,0.88794255 -15.10974121 -0,0.93178457 -15.10433388 -1.60000002,0.93178457 -15.10433388 -0,0.97583908 -15.10108376 -1.60000002,0.97583908 -15.10108376 -0,1.01999998 -15.10000038 -1.60000002,1.01999998 -15.10000038 -0,0.12 -18 -0,0.12 -18 -1.60000002,1.06416094 -15.10108376 -1.60000002,1.06416094 -15.10108376 -0,1.10821545 -15.10433388 -1.60000002,1.10821545 -15.10433388 -0,1.15205741 -15.10974121 -1.60000002,1.15205741 -15.10974121 -0,1.19558132 -15.11729336 -1.60000002,1.19558132 -15.11729336 -0,1.23868215 -15.1269722 -1.60000002,1.23868215 -15.1269722 -0,1.2812562 -15.13875389 -1.60000002,1.2812562 -15.13875389 -0,1.32320082 -15.15261078 -1.60000002,1.32320082 -15.15261078 -0,1.36441505 -15.16850853 -1.60000002,1.36441505 -15.16850853 -0,1.40479958 -15.18640995 -1.60000002,1.40479958 -15.18640995 -0,1.44425702 -15.20627117 -1.60000002,1.44425702 -15.20627117 -0,1.48269248 -15.22804451 -1.60000002,1.48269248 -15.22804451 -0,1.52001321 -15.25167751 -1.60000002,1.52001321 -15.25167751 -0,1.55612934 -15.27711296 -1.60000002,1.55612934 -15.27711296 -0,1.59095395 -15.30429077 -1.60000002,1.59095395 -15.30429077 -0,1.624403 -15.33314419 -1.60000002,1.624403 -15.33314419 -0,1.65639615 -15.36360359 -1.60000002,1.65639615 -15.36360359 -0,1.68685603 -15.3955965 -1.60000002,1.68685603 -15.3955965 -0,1.71570945 -15.42904568 -1.60000002,1.71570945 -15.42904568 -0,1.74288678 -15.463871 -1.60000002,1.74288678 -15.463871 -0,1.76832271 -15.49998665 -1.60000002,1.76832271 -15.49998665 -0,1.79195571 -15.53730774 -1.60000002,1.79195571 -15.53730774 -0,1.81372917 -15.57574272 -1.60000002,1.81372917 -15.57574272 -0,1.83359039 -15.61520004 -1.60000002,1.83359039 -15.61520004 -0,1.85149157 -15.65558529 -1.60000002,1.85149157 -15.65558529 -0,1.86738968 -15.69679928 -1.60000002,1.86738968 -15.69679928 -0,1.88124633 -15.73874378 -1.60000002,1.88124633 -15.73874378 -0,1.89302814 -15.78131771 -0,1.89302814 -15.78131771 -1.60000002,1.90270674 -15.82441902 -1.60000002,1.90270674 -15.82441902 -0,1.91025889 -15.86794281 -0,1.91025889 -15.86794281 -1.60000002,1.91566622 -15.91178417 -1.60000002,1.91566622 -15.91178417 -0,1.91891587 -15.95583916 -0,1.91891587 -15.95583916 -1.60000002,1.91999996 -16 -0,1.91999996 -16 -1.60000002,1.91999996 -18 -1.60000002,1.91999996 -18 -0,1.04492295 -16.4993782 -1.60000002,1.06978393 -16.49751472 -1.60000002,1.09452116 -16.49441528 -1.60000002,1.11907303 -16.4900856 -1.60000002,1.14337873 -16.48453903 -1.60000002,1.16737759 -16.47778702 -1.60000002,1.19101012 -16.46984673 -1.60000002,1.21421742 -16.46073723 -1.60000002,1.23694181 -16.45048523 -1.60000002,1.25912702 -16.43911171 -1.60000002,1.28071761 -16.42664528 -1.60000002,1.30166006 -16.41312027 -1.60000002,1.32190216 -16.3985672 -1.60000002,1.34139383 -16.38302231 -1.60000002,1.36008632 -16.36652565 -1.60000002,1.37793338 -16.34911919 -1.60000002,1.39489055 -16.33084297 -1.60000002,1.5161196 -16.06217194 -1.60000002,1.51860189 -16.03736496 -1.60000002,1.51240385 -16.08682442 -1.60000002,1.50746393 -16.11126137 -1.60000002,1.50131214 -16.13541985 -1.60000002,1.49396372 -16.15924263 -1.60000002,1.48543692 -16.18267059 -1.60000002,1.47575295 -16.2056427 -1.60000002,1.4649359 -16.22810555 -1.60000002,1.4530127 -16.25 -1.60000002,1.44001293 -16.27127266 -1.60000002,1.425969 -16.29187202 -1.60000002,1.41091573 -16.31174469 -1.60000002,1.51984453 -16.01246452 -1.60000002,1.51984453 -15.98753452 -1.60000002,1.51860189 -15.96263504 -1.60000002,1.04492295 -15.5006218 -1.60000002,1.5161196 -15.93782806 -1.60000002,1.06978393 -15.50248432 -1.60000002,1.51240385 -15.91317558 -1.60000002,1.09452116 -15.50558472 -1.60000002,1.50746393 -15.88873959 -1.60000002,1.11907303 -15.50991344 -1.60000002,1.14337873 -15.51546097 -1.60000002,1.50131214 -15.86458015 -1.60000002,1.16737759 -15.52221394 -1.60000002,1.49396372 -15.84075642 -1.60000002,1.19101012 -15.53015327 -1.60000002,1.48543692 -15.81732941 -1.60000002,1.21421742 -15.53926182 -1.60000002,1.47575295 -15.79435635 -1.60000002,1.23694181 -15.54951572 -1.60000002,1.4649359 -15.77189445 -1.60000002,1.25912702 -15.56088924 -1.60000002,1.4530127 -15.75 -1.60000002,1.28071761 -15.57335472 -1.60000002,1.44001293 -15.72872734 -1.60000002,1.30166006 -15.58688068 -1.60000002,1.425969 -15.70812798 -1.60000002,1.32190216 -15.60143375 -1.60000002,1.41091573 -15.68825531 -1.60000002,1.39489055 -15.66915703 -1.60000002,1.34139383 -15.61697769 -1.60000002,1.37793338 -15.65088177 -1.60000002,1.36008632 -15.63347435 -1.60000002,1.04492295 -15.5006218 -0,1.06978393 -15.50248432 -0,1.09452116 -15.50558472 -0,1.11907303 -15.50991344 -0,1.14337873 -15.51546097 -0,1.16737759 -15.52221394 -0,1.19101012 -15.53015327 -0,1.21421742 -15.53926182 -0,1.23694181 -15.54951572 -0,1.25912702 -15.56088924 -0,1.28071761 -15.57335472 -0,1.30166006 -15.58688068 -0,1.32190216 -15.60143375 -0,1.34139383 -15.61697769 -0,1.36008632 -15.63347435 -0,1.37793338 -15.65088177 -0,1.39489055 -15.66915703 -0,1.41091573 -15.68825531 -0,1.425969 -15.70812798 -0,1.44001293 -15.72872734 -0,1.4530127 -15.75 -0,1.4649359 -15.77189445 -0,1.47575295 -15.79435635 -0,1.48543692 -15.81732941 -0,1.49396372 -15.84075642 -0,1.50131214 -15.86458015 -0,1.50746393 -15.88873959 -0,1.51240385 -15.91317558 -0,1.5161196 -15.93782806 -0,1.51860189 -15.96263504 -0,1.51984453 -15.98753452 -0,1.51984453 -16.01246452 -0,1.51860189 -16.03736496 -0,1.5161196 -16.06217194 -0,1.51240385 -16.08682442 -0,1.50746393 -16.11126137 -0,1.50131214 -16.13541985 -0,1.49396372 -16.15924263 -0,1.48543692 -16.18267059 -0,1.47575295 -16.2056427 -0,1.4649359 -16.22810555 -0,1.4530127 -16.25 -0,1.44001293 -16.27127266 -0,1.425969 -16.29187202 -0,1.41091573 -16.31174469 -0,1.39489055 -16.33084297 -0,1.37793338 -16.34911919 -0,1.36008632 -16.36652565 -0,1.34139383 -16.38302231 -0,1.32190216 -16.3985672 -0,1.30166006 -16.41312027 -0,1.28071761 -16.42664528 -0,1.25912702 -16.43911171 -0,1.23694181 -16.45048523 -0,1.21421742 -16.46073723 -0,1.19101012 -16.46984673 -0,1.16737759 -16.47778702 -0,1.14337873 -16.48453903 -0,1.11907303 -16.4900856 -0,1.09452116 -16.49441528 -0,1.06978393 -16.49751472 -0,1.04492295 -16.4993782 -0,3.55999994 -16.5 -0,3.55999994 -16.5 -1.60000002,3.5350771 -16.4993782 -0,3.5350771 -16.4993782 -1.60000002,3.510216 -16.49751472 -0,3.510216 -16.49751472 -1.60000002,3.48547888 -16.49441528 -0,3.48547888 -16.49441528 -1.60000002,3.46092701 -16.4900856 -0,3.46092701 -16.4900856 -1.60000002,3.43662119 -16.48453903 -0,3.43662119 -16.48453903 -1.60000002,3.41262245 -16.47778702 -0,3.41262245 -16.47778702 -1.60000002,3.38898993 -16.46984673 -0,3.38898993 -16.46984673 -1.60000002,3.3657825 -16.46073723 -0,3.3657825 -16.46073723 -1.60000002,3.34305811 -16.45048523 -0,3.34305811 -16.45048523 -1.60000002,3.32087302 -16.43911171 -0,3.32087302 -16.43911171 -1.60000002,3.29928231 -16.42664528 -0,3.29928231 -16.42664528 -1.60000002,3.27833986 -16.41312027 -0,3.27833986 -16.41312027 -1.60000002,3.25809789 -16.3985672 -0,3.25809789 -16.3985672 -1.60000002,3.23860621 -16.38302231 -0,3.23860621 -16.38302231 -1.60000002,3.21991372 -16.36652565 -0,3.21991372 -16.36652565 -1.60000002,3.20206666 -16.34911919 -0,3.20206666 -16.34911919 -1.60000002,3.18510938 -16.33084297 -0,3.18510938 -16.33084297 -1.60000002,3.16908431 -16.31174469 -0,3.16908431 -16.31174469 -1.60000002,3.15403104 -16.29187202 -0,3.15403104 -16.29187202 -1.60000002,3.13998699 -16.27127266 -0,3.13998699 -16.27127266 -1.60000002,3.12698722 -16.25 -0,3.12698722 -16.25 -1.60000002,3.11506414 -16.22810555 -0,3.11506414 -16.22810555 -1.60000002,3.10424709 -16.2056427 -0,3.10424709 -16.2056427 -1.60000002,3.09456301 -16.18267059 -0,3.09456301 -16.18267059 -1.60000002,3.08603644 -16.15924263 -0,3.08603644 -16.15924263 -1.60000002,3.07868791 -16.13541985 -0,3.07868791 -16.13541985 -1.60000002,3.07253599 -16.11126137 -0,3.07253599 -16.11126137 -1.60000002,3.0675962 -16.08682442 -0,3.0675962 -16.08682442 -1.60000002,3.06388044 -16.06217194 -0,3.06388044 -16.06217194 -1.60000002,3.06139803 -16.03736496 -0,3.06139803 -16.03736496 -1.60000002,3.06015539 -16.01246452 -0,3.06015539 -16.01246452 -1.60000002,3.06015539 -15.98753452 -0,3.06015539 -15.98753452 -1.60000002,3.06139803 -15.96263504 -1.60000002,3.06139803 -15.96263504 -0,3.06388044 -15.93782806 -0,3.06388044 -15.93782806 -1.60000002,3.0675962 -15.91317558 -1.60000002,3.0675962 -15.91317558 -0,3.07253599 -15.88873959 -0,3.07253599 -15.88873959 -1.60000002,3.07868791 -15.86458015 -0,3.07868791 -15.86458015 -1.60000002,3.08603644 -15.84075642 -0,3.08603644 -15.84075642 -1.60000002,3.09456301 -15.81732941 -0,3.09456301 -15.81732941 -1.60000002,3.10424709 -15.79435635 -0,3.10424709 -15.79435635 -1.60000002,3.11506414 -15.77189445 -0,3.11506414 -15.77189445 -1.60000002,3.12698722 -15.75 -0,3.12698722 -15.75 -1.60000002,3.13998699 -15.72872734 -0,3.13998699 -15.72872734 -1.60000002,3.15403104 -15.70812798 -0,3.15403104 -15.70812798 -1.60000002,3.16908431 -15.68825531 -0,3.16908431 -15.68825531 -1.60000002,3.18510938 -15.66915703 -0,3.18510938 -15.66915703 -1.60000002,3.20206666 -15.65088177 -0,3.20206666 -15.65088177 -1.60000002,3.21991372 -15.63347435 -0,3.21991372 -15.63347435 -1.60000002,3.23860621 -15.61697769 -0,3.23860621 -15.61697769 -1.60000002,3.25809789 -15.60143375 -1.60000002,3.25809789 -15.60143375 -0,3.27833986 -15.58688068 -0,3.27833986 -15.58688068 -1.60000002,3.29928231 -15.57335472 -0,3.29928231 -15.57335472 -1.60000002,3.32087302 -15.56088924 -0,3.32087302 -15.56088924 -1.60000002,3.34305811 -15.54951572 -0,3.34305811 -15.54951572 -1.60000002,3.3657825 -15.53926182 -1.60000002,3.3657825 -15.53926182 -0,3.38898993 -15.53015327 -0,3.38898993 -15.53015327 -1.60000002,3.41262245 -15.52221394 -0,3.41262245 -15.52221394 -1.60000002,3.43662119 -15.51546097 -1.60000002,3.43662119 -15.51546097 -0,3.46092701 -15.50991344 -0,3.46092701 -15.50991344 -1.60000002,3.48547888 -15.50558472 -0,3.48547888 -15.50558472 -1.60000002,3.510216 -15.50248432 -0,3.510216 -15.50248432 -1.60000002,3.5350771 -15.5006218 -0,3.5350771 -15.5006218 -1.60000002,3.55999994 -15.5 -0,3.55999994 -15.5 -1.60000002,2.66000009 -16 -1.60000002,2.66000009 -16 -0,2.66108418 -15.95583916 -0,2.66108418 -15.95583916 -1.60000002,2.66433382 -15.91178417 -0,2.66433382 -15.91178417 -1.60000002,2.66974115 -15.86794281 -0,2.66974115 -15.86794281 -1.60000002,2.6772933 -15.82441902 -0,2.6772933 -15.82441902 -1.60000002,2.6869719 -15.78131771 -1.60000002,2.6869719 -15.78131771 -0,2.6987536 -15.73874378 -1.60000002,2.6987536 -15.73874378 -0,2.71261024 -15.69679928 -1.60000002,2.71261024 -15.69679928 -0,2.72850847 -15.65558529 -1.60000002,2.72850847 -15.65558529 -0,2.74640965 -15.61520004 -1.60000002,2.74640965 -15.61520004 -0,2.76627088 -15.57574272 -1.60000002,2.76627088 -15.57574272 -0,2.78804421 -15.53730774 -1.60000002,2.78804421 -15.53730774 -0,2.81167746 -15.49998665 -1.60000002,2.81167746 -15.49998665 -0,2.83711314 -15.463871 -1.60000002,2.83711314 -15.463871 -0,2.86429048 -15.42904568 -1.60000002,2.86429048 -15.42904568 -0,2.89314389 -15.3955965 -1.60000002,2.89314389 -15.3955965 -0,2.92360401 -15.36360359 -1.60000002,2.92360401 -15.36360359 -0,2.95559692 -15.33314419 -1.60000002,2.95559692 -15.33314419 -0,2.9890461 -15.30429077 -1.60000002,2.9890461 -15.30429077 -0,3.02387071 -15.27711296 -1.60000002,3.02387071 -15.27711296 -0,3.05998683 -15.25167751 -1.60000002,3.05998683 -15.25167751 -0,3.09730744 -15.22804451 -1.60000002,3.09730744 -15.22804451 -0,3.1357429 -15.20627117 -1.60000002,3.1357429 -15.20627117 -0,3.17520046 -15.18640995 -1.60000002,3.17520046 -15.18640995 -0,3.21558499 -15.16850853 -1.60000002,3.21558499 -15.16850853 -0,3.25679922 -15.15261078 -1.60000002,3.25679922 -15.15261078 -0,3.29874372 -15.13875389 -1.60000002,3.29874372 -15.13875389 -0,3.34131789 -15.1269722 -1.60000002,3.34131789 -15.1269722 -0,3.38441873 -15.11729336 -1.60000002,3.38441873 -15.11729336 -0,3.42794251 -15.10974121 -1.60000002,3.42794251 -15.10974121 -0,3.47178459 -15.10433388 -1.60000002,3.47178459 -15.10433388 -0,3.5158391 -15.10108376 -1.60000002,3.5158391 -15.10108376 -0,3.55999994 -15.10000038 -1.60000002,3.55999994 -15.10000038 -0,2.66000009 -18 -0,2.66000009 -18 -1.60000002,3.60416102 -15.10108376 -1.60000002,3.60416102 -15.10108376 -0,3.64821553 -15.10433388 -1.60000002,3.64821553 -15.10433388 -0,3.69205737 -15.10974121 -1.60000002,3.69205737 -15.10974121 -0,3.7355814 -15.11729336 -1.60000002,3.7355814 -15.11729336 -0,3.77868223 -15.1269722 -1.60000002,3.77868223 -15.1269722 -0,3.82125616 -15.13875389 -1.60000002,3.82125616 -15.13875389 -0,3.8632009 -15.15261078 -1.60000002,3.8632009 -15.15261078 -0,3.90441513 -15.16850853 -1.60000002,3.90441513 -15.16850853 -0,3.94479966 -15.18640995 -1.60000002,3.94479966 -15.18640995 -0,3.98425698 -15.20627117 -1.60000002,3.98425698 -15.20627117 -0,4.02269268 -15.22804451 -1.60000002,4.02269268 -15.22804451 -0,4.06001329 -15.25167751 -1.60000002,4.06001329 -15.25167751 -0,4.09612942 -15.27711296 -1.60000002,4.09612942 -15.27711296 -0,4.13095379 -15.30429077 -1.60000002,4.13095379 -15.30429077 -0,4.16440296 -15.33314419 -1.60000002,4.16440296 -15.33314419 -0,4.19639587 -15.36360359 -1.60000002,4.19639587 -15.36360359 -0,4.22685623 -15.3955965 -1.60000002,4.22685623 -15.3955965 -0,4.25570917 -15.42904568 -1.60000002,4.25570917 -15.42904568 -0,4.28288698 -15.463871 -1.60000002,4.28288698 -15.463871 -0,4.30832243 -15.49998665 -1.60000002,4.30832243 -15.49998665 -0,4.33195591 -15.53730774 -1.60000002,4.33195591 -15.53730774 -0,4.35372925 -15.57574272 -1.60000002,4.35372925 -15.57574272 -0,4.37359047 -15.61520004 -1.60000002,4.37359047 -15.61520004 -0,4.39149141 -15.65558529 -1.60000002,4.39149141 -15.65558529 -0,4.40738964 -15.69679928 -1.60000002,4.40738964 -15.69679928 -0,4.42124653 -15.73874378 -1.60000002,4.42124653 -15.73874378 -0,4.43302822 -15.78131771 -0,4.43302822 -15.78131771 -1.60000002,4.44270658 -15.82441902 -1.60000002,4.44270658 -15.82441902 -0,4.45025873 -15.86794281 -0,4.45025873 -15.86794281 -1.60000002,4.45566607 -15.91178417 -1.60000002,4.45566607 -15.91178417 -0,4.45891571 -15.95583916 -0,4.45891571 -15.95583916 -1.60000002,4.46000004 -16 -0,4.46000004 -16 -1.60000002,4.46000004 -18 -1.60000002,4.46000004 -18 -0,3.58492303 -16.4993782 -1.60000002,3.60978389 -16.49751472 -1.60000002,3.63452125 -16.49441528 -1.60000002,3.65907311 -16.4900856 -1.60000002,3.6833787 -16.48453903 -1.60000002,3.70737767 -16.47778702 -1.60000002,3.73100996 -16.46984673 -1.60000002,3.75421739 -16.46073723 -1.60000002,3.77694178 -16.45048523 -1.60000002,3.7991271 -16.43911171 -1.60000002,3.82071757 -16.42664528 -1.60000002,3.84166002 -16.41312027 -1.60000002,3.86190224 -16.3985672 -1.60000002,3.88139391 -16.38302231 -1.60000002,3.9000864 -16.36652565 -1.60000002,3.91793346 -16.34911919 -1.60000002,3.93489051 -16.33084297 -1.60000002,4.05611944 -16.06217194 -1.60000002,4.05860186 -16.03736496 -1.60000002,4.05240393 -16.08682442 -1.60000002,4.04746389 -16.11126137 -1.60000002,4.04131222 -16.13541985 -1.60000002,4.03396368 -16.15924263 -1.60000002,4.02543688 -16.18267059 -1.60000002,4.01575279 -16.2056427 -1.60000002,4.00493574 -16.22810555 -1.60000002,3.99301267 -16.25 -1.60000002,3.98001289 -16.27127266 -1.60000002,3.96596909 -16.29187202 -1.60000002,3.95091581 -16.31174469 -1.60000002,4.05984449 -16.01246452 -1.60000002,4.05984449 -15.98753452 -1.60000002,4.05860186 -15.96263504 -1.60000002,3.58492303 -15.5006218 -1.60000002,4.05611944 -15.93782806 -1.60000002,3.60978389 -15.50248432 -1.60000002,4.05240393 -15.91317558 -1.60000002,3.63452125 -15.50558472 -1.60000002,4.04746389 -15.88873959 -1.60000002,3.65907311 -15.50991344 -1.60000002,4.04131222 -15.86458015 -1.60000002,3.6833787 -15.51546097 -1.60000002,4.03396368 -15.84075642 -1.60000002,3.70737767 -15.52221394 -1.60000002,4.02543688 -15.81732941 -1.60000002,3.73100996 -15.53015327 -1.60000002,3.75421739 -15.53926182 -1.60000002,4.01575279 -15.79435635 -1.60000002,4.00493574 -15.77189445 -1.60000002,3.77694178 -15.54951572 -1.60000002,3.7991271 -15.56088924 -1.60000002,3.99301267 -15.75 -1.60000002,3.82071757 -15.57335472 -1.60000002,3.98001289 -15.72872734 -1.60000002,3.96596909 -15.70812798 -1.60000002,3.84166002 -15.58688068 -1.60000002,3.95091581 -15.68825531 -1.60000002,3.86190224 -15.60143375 -1.60000002,3.88139391 -15.61697769 -1.60000002,3.93489051 -15.66915703 -1.60000002,3.91793346 -15.65088177 -1.60000002,3.9000864 -15.63347435 -1.60000002,3.58492303 -15.5006218 -0,3.60978389 -15.50248432 -0,3.63452125 -15.50558472 -0,3.65907311 -15.50991344 -0,3.6833787 -15.51546097 -0,3.70737767 -15.52221394 -0,3.73100996 -15.53015327 -0,3.75421739 -15.53926182 -0,3.77694178 -15.54951572 -0,3.7991271 -15.56088924 -0,3.82071757 -15.57335472 -0,3.84166002 -15.58688068 -0,3.86190224 -15.60143375 -0,3.88139391 -15.61697769 -0,3.9000864 -15.63347435 -0,3.91793346 -15.65088177 -0,3.93489051 -15.66915703 -0,3.95091581 -15.68825531 -0,3.96596909 -15.70812798 -0,3.98001289 -15.72872734 -0,3.99301267 -15.75 -0,4.00493574 -15.77189445 -0,4.01575279 -15.79435635 -0,4.02543688 -15.81732941 -0,4.03396368 -15.84075642 -0,4.04131222 -15.86458015 -0,4.04746389 -15.88873959 -0,4.05240393 -15.91317558 -0,4.05611944 -15.93782806 -0,4.05860186 -15.96263504 -0,4.05984449 -15.98753452 -0,4.05984449 -16.01246452 -0,4.05860186 -16.03736496 -0,4.05611944 -16.06217194 -0,4.05240393 -16.08682442 -0,4.04746389 -16.11126137 -0,4.04131222 -16.13541985 -0,4.03396368 -16.15924263 -0,4.02543688 -16.18267059 -0,4.01575279 -16.2056427 -0,4.00493574 -16.22810555 -0,3.99301267 -16.25 -0,3.98001289 -16.27127266 -0,3.96596909 -16.29187202 -0,3.95091581 -16.31174469 -0,3.93489051 -16.33084297 -0,3.91793346 -16.34911919 -0,3.9000864 -16.36652565 -0,3.88139391 -16.38302231 -0,3.86190224 -16.3985672 -0,3.84166002 -16.41312027 -0,3.82071757 -16.42664528 -0,3.7991271 -16.43911171 -0,3.77694178 -16.45048523 -0,3.75421739 -16.46073723 -0,3.73100996 -16.46984673 -0,3.70737767 -16.47778702 -0,3.6833787 -16.48453903 -0,3.65907311 -16.4900856 -0,3.63452125 -16.49441528 -0,3.60978389 -16.49751472 -0,3.58492303 -16.4993782 -0,6.0999999 -16.5 -0,6.0999999 -16.5 -1.60000002,6.07507706 -16.4993782 -0,6.07507706 -16.4993782 -1.60000002,6.0502162 -16.49751472 -0,6.0502162 -16.49751472 -1.60000002,6.02547884 -16.49441528 -0,6.02547884 -16.49441528 -1.60000002,6.00092697 -16.4900856 -0,6.00092697 -16.4900856 -1.60000002,5.97662115 -16.48453903 -0,5.97662115 -16.48453903 -1.60000002,5.95262241 -16.47778702 -0,5.95262241 -16.47778702 -1.60000002,5.92898989 -16.46984673 -0,5.92898989 -16.46984673 -1.60000002,5.9057827 -16.46073723 -0,5.9057827 -16.46073723 -1.60000002,5.88305807 -16.45048523 -0,5.88305807 -16.45048523 -1.60000002,5.86087322 -16.43911171 -0,5.86087322 -16.43911171 -1.60000002,5.83928251 -16.42664528 -0,5.83928251 -16.42664528 -1.60000002,5.81833982 -16.41312027 -0,5.81833982 -16.41312027 -1.60000002,5.79809761 -16.3985672 -0,5.79809761 -16.3985672 -1.60000002,5.77860641 -16.38302231 -0,5.77860641 -16.38302231 -1.60000002,5.75991344 -16.36652565 -0,5.75991344 -16.36652565 -1.60000002,5.74206638 -16.34911919 -0,5.74206638 -16.34911919 -1.60000002,5.72510958 -16.33084297 -0,5.72510958 -16.33084297 -1.60000002,5.70908403 -16.31174469 -0,5.70908403 -16.31174469 -1.60000002,5.69403076 -16.29187202 -0,5.69403076 -16.29187202 -1.60000002,5.67998695 -16.27127266 -0,5.67998695 -16.27127266 -1.60000002,5.66698742 -16.25 -0,5.66698742 -16.25 -1.60000002,5.65506411 -16.22810555 -0,5.65506411 -16.22810555 -1.60000002,5.64424706 -16.2056427 -0,5.64424706 -16.2056427 -1.60000002,5.63456297 -16.18267059 -0,5.63456297 -16.18267059 -1.60000002,5.62603617 -16.15924263 -0,5.62603617 -16.15924263 -1.60000002,5.61868811 -16.13541985 -0,5.61868811 -16.13541985 -1.60000002,5.61253595 -16.11126137 -0,5.61253595 -16.11126137 -1.60000002,5.60759592 -16.08682442 -0,5.60759592 -16.08682442 -1.60000002,5.60388041 -16.06217194 -0,5.60388041 -16.06217194 -1.60000002,5.60139799 -16.03736496 -0,5.60139799 -16.03736496 -1.60000002,5.60015535 -16.01246452 -0,5.60015535 -16.01246452 -1.60000002,5.60015535 -15.98753452 -0,5.60015535 -15.98753452 -1.60000002,5.60139799 -15.96263504 -1.60000002,5.60139799 -15.96263504 -0,5.60388041 -15.93782806 -0,5.60388041 -15.93782806 -1.60000002,5.60759592 -15.91317558 -1.60000002,5.60759592 -15.91317558 -0,5.61253595 -15.88873959 -0,5.61253595 -15.88873959 -1.60000002,5.61868811 -15.86458015 -0,5.61868811 -15.86458015 -1.60000002,5.62603617 -15.84075642 -0,5.62603617 -15.84075642 -1.60000002,5.63456297 -15.81732941 -0,5.63456297 -15.81732941 -1.60000002,5.64424706 -15.79435635 -0,5.64424706 -15.79435635 -1.60000002,5.65506411 -15.77189445 -0,5.65506411 -15.77189445 -1.60000002,5.66698742 -15.75 -0,5.66698742 -15.75 -1.60000002,5.67998695 -15.72872734 -0,5.67998695 -15.72872734 -1.60000002,5.69403076 -15.70812798 -0,5.69403076 -15.70812798 -1.60000002,5.70908403 -15.68825531 -0,5.70908403 -15.68825531 -1.60000002,5.72510958 -15.66915703 -0,5.72510958 -15.66915703 -1.60000002,5.74206638 -15.65088177 -0,5.74206638 -15.65088177 -1.60000002,5.75991344 -15.63347435 -0,5.75991344 -15.63347435 -1.60000002,5.77860641 -15.61697769 -0,5.77860641 -15.61697769 -1.60000002,5.79809761 -15.60143375 -1.60000002,5.79809761 -15.60143375 -0,5.81833982 -15.58688068 -0,5.81833982 -15.58688068 -1.60000002,5.83928251 -15.57335472 -0,5.83928251 -15.57335472 -1.60000002,5.86087322 -15.56088924 -0,5.86087322 -15.56088924 -1.60000002,5.88305807 -15.54951572 -0,5.88305807 -15.54951572 -1.60000002,5.9057827 -15.53926182 -1.60000002,5.9057827 -15.53926182 -0,5.92898989 -15.53015327 -0,5.92898989 -15.53015327 -1.60000002,5.95262241 -15.52221394 -0,5.95262241 -15.52221394 -1.60000002,5.97662115 -15.51546097 -1.60000002,5.97662115 -15.51546097 -0,6.00092697 -15.50991344 -0,6.00092697 -15.50991344 -1.60000002,6.02547884 -15.50558472 -0,6.02547884 -15.50558472 -1.60000002,6.0502162 -15.50248432 -0,6.0502162 -15.50248432 -1.60000002,6.07507706 -15.5006218 -0,6.07507706 -15.5006218 -1.60000002,6.0999999 -15.5 -0,6.0999999 -15.5 -1.60000002,5.19999981 -16 -1.60000002,5.19999981 -16 -0,5.20108414 -15.95583916 -0,5.20108414 -15.95583916 -1.60000002,5.20433378 -15.91178417 -0,5.20433378 -15.91178417 -1.60000002,5.20974112 -15.86794281 -0,5.20974112 -15.86794281 -1.60000002,5.21729326 -15.82441902 -0,5.21729326 -15.82441902 -1.60000002,5.2269721 -15.78131771 -1.60000002,5.2269721 -15.78131771 -0,5.2387538 -15.73874378 -1.60000002,5.2387538 -15.73874378 -0,5.25261021 -15.69679928 -1.60000002,5.25261021 -15.69679928 -0,5.26850843 -15.65558529 -1.60000002,5.26850843 -15.65558529 -0,5.28640985 -15.61520004 -1.60000002,5.28640985 -15.61520004 -0,5.30627108 -15.57574272 -1.60000002,5.30627108 -15.57574272 -0,5.32804441 -15.53730774 -1.60000002,5.32804441 -15.53730774 -0,5.35167742 -15.49998665 -1.60000002,5.35167742 -15.49998665 -0,5.37711334 -15.463871 -1.60000002,5.37711334 -15.463871 -0,5.40429068 -15.42904568 -1.60000002,5.40429068 -15.42904568 -0,5.43314409 -15.3955965 -1.60000002,5.43314409 -15.3955965 -0,5.46360397 -15.36360359 -1.60000002,5.46360397 -15.36360359 -0,5.49559689 -15.33314419 -1.60000002,5.49559689 -15.33314419 -0,5.52904606 -15.30429077 -1.60000002,5.52904606 -15.30429077 -0,5.56387043 -15.27711296 -1.60000002,5.56387043 -15.27711296 -0,5.59998655 -15.25167751 -1.60000002,5.59998655 -15.25167751 -0,5.63730764 -15.22804451 -1.60000002,5.63730764 -15.22804451 -0,5.6757431 -15.20627117 -1.60000002,5.6757431 -15.20627117 -0,5.71520042 -15.18640995 -1.60000002,5.71520042 -15.18640995 -0,5.75558472 -15.16850853 -1.60000002,5.75558472 -15.16850853 -0,5.79679918 -15.15261078 -1.60000002,5.79679918 -15.15261078 -0,5.83874369 -15.13875389 -1.60000002,5.83874369 -15.13875389 -0,5.88131762 -15.1269722 -1.60000002,5.88131762 -15.1269722 -0,5.92441893 -15.11729336 -1.60000002,5.92441893 -15.11729336 -0,5.96794271 -15.10974121 -1.60000002,5.96794271 -15.10974121 -0,6.01178455 -15.10433388 -1.60000002,6.01178455 -15.10433388 -0,6.05583906 -15.10108376 -1.60000002,6.05583906 -15.10108376 -0,6.0999999 -15.10000038 -1.60000002,6.0999999 -15.10000038 -0,5.19999981 -18 -0,5.19999981 -18 -1.60000002,6.14416075 -15.10108376 -1.60000002,6.14416075 -15.10108376 -0,6.18821526 -15.10433388 -1.60000002,6.18821526 -15.10433388 -0,6.23205757 -15.10974121 -1.60000002,6.23205757 -15.10974121 -0,6.27558136 -15.11729336 -1.60000002,6.27558136 -15.11729336 -0,6.31868219 -15.1269722 -1.60000002,6.31868219 -15.1269722 -0,6.36125612 -15.13875389 -1.60000002,6.36125612 -15.13875389 -0,6.4032011 -15.15261078 -1.60000002,6.4032011 -15.15261078 -0,6.44441509 -15.16850853 -1.60000002,6.44441509 -15.16850853 -0,6.48479939 -15.18640995 -1.60000002,6.48479939 -15.18640995 -0,6.52425718 -15.20627117 -1.60000002,6.52425718 -15.20627117 -0,6.56269264 -15.22804451 -1.60000002,6.56269264 -15.22804451 -0,6.60001326 -15.25167751 -1.60000002,6.60001326 -15.25167751 -0,6.63612938 -15.27711296 -1.60000002,6.63612938 -15.27711296 -0,6.67095375 -15.30429077 -1.60000002,6.67095375 -15.30429077 -0,6.70440292 -15.33314419 -1.60000002,6.70440292 -15.33314419 -0,6.73639631 -15.36360359 -1.60000002,6.73639631 -15.36360359 -0,6.76685619 -15.3955965 -1.60000002,6.76685619 -15.3955965 -0,6.79570961 -15.42904568 -1.60000002,6.79570961 -15.42904568 -0,6.82288694 -15.463871 -1.60000002,6.82288694 -15.463871 -0,6.84832287 -15.49998665 -1.60000002,6.84832287 -15.49998665 -0,6.87195587 -15.53730774 -1.60000002,6.87195587 -15.53730774 -0,6.89372921 -15.57574272 -1.60000002,6.89372921 -15.57574272 -0,6.91359043 -15.61520004 -1.60000002,6.91359043 -15.61520004 -0,6.93149137 -15.65558529 -1.60000002,6.93149137 -15.65558529 -0,6.9473896 -15.69679928 -1.60000002,6.9473896 -15.69679928 -0,6.96124649 -15.73874378 -1.60000002,6.96124649 -15.73874378 -0,6.97302818 -15.78131771 -0,6.97302818 -15.78131771 -1.60000002,6.98270655 -15.82441902 -1.60000002,6.98270655 -15.82441902 -0,6.99025869 -15.86794281 -0,6.99025869 -15.86794281 -1.60000002,6.99566603 -15.91178417 -1.60000002,6.99566603 -15.91178417 -0,6.99891567 -15.95583916 -0,6.99891567 -15.95583916 -1.60000002,7 -16 -0,7 -16 -1.60000002,7 -18 -1.60000002,7 -18 -0,6.12492275 -16.4993782 -1.60000002,6.14978409 -16.49751472 -1.60000002,6.17452097 -16.49441528 -1.60000002,6.19907284 -16.4900856 -1.60000002,6.22337866 -16.48453903 -1.60000002,6.2473774 -16.47778702 -1.60000002,6.27100992 -16.46984673 -1.60000002,6.29421759 -16.46073723 -1.60000002,6.31694174 -16.45048523 -1.60000002,6.33912706 -16.43911171 -1.60000002,6.36071777 -16.42664528 -1.60000002,6.38165998 -16.41312027 -1.60000002,6.4019022 -16.3985672 -1.60000002,6.42139387 -16.38302231 -1.60000002,6.44008636 -16.36652565 -1.60000002,6.45793343 -16.34911919 -1.60000002,6.47489071 -16.33084297 -1.60000002,6.5961194 -16.06217194 -1.60000002,6.59860182 -16.03736496 -1.60000002,6.59240389 -16.08682442 -1.60000002,6.58746386 -16.11126137 -1.60000002,6.58131218 -16.13541985 -1.60000002,6.57396364 -16.15924263 -1.60000002,6.56543684 -16.18267059 -1.60000002,6.55575275 -16.2056427 -1.60000002,6.5449357 -16.22810555 -1.60000002,6.53301287 -16.25 -1.60000002,6.52001286 -16.27127266 -1.60000002,6.50596905 -16.29187202 -1.60000002,6.49091578 -16.31174469 -1.60000002,6.59984446 -16.01246452 -1.60000002,6.59984446 -15.98753452 -1.60000002,6.59860182 -15.96263504 -1.60000002,6.12492275 -15.5006218 -1.60000002,6.5961194 -15.93782806 -1.60000002,6.14978409 -15.50248432 -1.60000002,6.59240389 -15.91317558 -1.60000002,6.17452097 -15.50558472 -1.60000002,6.58746386 -15.88873959 -1.60000002,6.19907284 -15.50991344 -1.60000002,6.58131218 -15.86458015 -1.60000002,6.22337866 -15.51546097 -1.60000002,6.2473774 -15.52221394 -1.60000002,6.57396364 -15.84075642 -1.60000002,6.56543684 -15.81732941 -1.60000002,6.27100992 -15.53015327 -1.60000002,6.29421759 -15.53926182 -1.60000002,6.55575275 -15.79435635 -1.60000002,6.31694174 -15.54951572 -1.60000002,6.5449357 -15.77189445 -1.60000002,6.53301287 -15.75 -1.60000002,6.33912706 -15.56088924 -1.60000002,6.36071777 -15.57335472 -1.60000002,6.52001286 -15.72872734 -1.60000002,6.38165998 -15.58688068 -1.60000002,6.50596905 -15.70812798 -1.60000002,6.4019022 -15.60143375 -1.60000002,6.49091578 -15.68825531 -1.60000002,6.42139387 -15.61697769 -1.60000002,6.47489071 -15.66915703 -1.60000002,6.45793343 -15.65088177 -1.60000002,6.44008636 -15.63347435 -1.60000002,6.12492275 -15.5006218 -0,6.14978409 -15.50248432 -0,6.17452097 -15.50558472 -0,6.19907284 -15.50991344 -0,6.22337866 -15.51546097 -0,6.2473774 -15.52221394 -0,6.27100992 -15.53015327 -0,6.29421759 -15.53926182 -0,6.31694174 -15.54951572 -0,6.33912706 -15.56088924 -0,6.36071777 -15.57335472 -0,6.38165998 -15.58688068 -0,6.4019022 -15.60143375 -0,6.42139387 -15.61697769 -0,6.44008636 -15.63347435 -0,6.45793343 -15.65088177 -0,6.47489071 -15.66915703 -0,6.49091578 -15.68825531 -0,6.50596905 -15.70812798 -0,6.52001286 -15.72872734 -0,6.53301287 -15.75 -0,6.5449357 -15.77189445 -0,6.55575275 -15.79435635 -0,6.56543684 -15.81732941 -0,6.57396364 -15.84075642 -0,6.58131218 -15.86458015 -0,6.58746386 -15.88873959 -0,6.59240389 -15.91317558 -0,6.5961194 -15.93782806 -0,6.59860182 -15.96263504 -0,6.59984446 -15.98753452 -0,6.59984446 -16.01246452 -0,6.59860182 -16.03736496 -0,6.5961194 -16.06217194 -0,6.59240389 -16.08682442 -0,6.58746386 -16.11126137 -0,6.58131218 -16.13541985 -0,6.57396364 -16.15924263 -0,6.56543684 -16.18267059 -0,6.55575275 -16.2056427 -0,6.5449357 -16.22810555 -0,6.53301287 -16.25 -0,6.52001286 -16.27127266 -0,6.50596905 -16.29187202 -0,6.49091578 -16.31174469 -0,6.47489071 -16.33084297 -0,6.45793343 -16.34911919 -0,6.44008636 -16.36652565 -0,6.42139387 -16.38302231 -0,6.4019022 -16.3985672 -0,6.38165998 -16.41312027 -0,6.36071777 -16.42664528 -0,6.33912706 -16.43911171 -0,6.31694174 -16.45048523 -0,6.29421759 -16.46073723 -0,6.27100992 -16.46984673 -0,6.2473774 -16.47778702 -0,6.22337866 -16.48453903 -0,6.19907284 -16.4900856 -0,6.17452097 -16.49441528 -0,6.14978409 -16.49751472 -0,6.12492275 -16.4993782 -0              ]
            }
            coordIndex [
0,1,2,-1,2,3,4,-1,1,3,2,-1,4,5,6,-1,3,5,4,-1,6,7,8,-1,5,7,6,-1,8,9,10,-1,7,9,8,-1,10,11,12,-1,9,11,10,-1,12,13,14,-1,11,13,12,-1,14,15,16,-1,13,15,14,-1,16,17,18,-1,15,17,16,-1,18,19,20,-1,17,19,18,-1,20,21,22,-1,19,21,20,-1,22,23,24,-1,21,23,22,-1,24,25,26,-1,23,25,24,-1,26,27,28,-1,25,27,26,-1,28,29,30,-1,27,29,28,-1,30,31,32,-1,29,31,30,-1,32,33,34,-1,31,33,32,-1,33,35,34,-1,34,35,36,-1,35,37,36,-1,36,37,38,-1,37,39,38,-1,38,39,40,-1,40,41,42,-1,39,41,40,-1,41,43,42,-1,44,45,46,-1,42,45,44,-1,43,45,42,-1,46,47,48,-1,45,47,46,-1,48,49,50,-1,47,49,48,-1,50,51,52,-1,49,51,50,-1,52,53,54,-1,51,53,52,-1,53,55,54,-1,54,56,57,-1,55,56,54,-1,57,56,58,-1,56,59,58,-1,59,60,58,-1,61,60,62,-1,58,60,61,-1,60,63,62,-1,62,63,64,-1,63,65,64,-1,64,65,66,-1,65,67,66,-1,66,67,68,-1,67,69,68,-1,68,69,70,-1,69,71,70,-1,70,71,72,-1,71,73,72,-1,73,74,72,-1,75,74,76,-1,72,74,75,-1,74,77,76,-1,76,77,78,-1,78,79,80,-1,77,79,78,-1,80,81,82,-1,79,81,80,-1,82,83,84,-1,81,83,82,-1,83,85,84,-1,85,86,84,-1,87,86,88,-1,84,86,87,-1,88,89,90,-1,86,89,88,-1,89,91,90,-1,90,91,92,-1,91,93,92,-1,92,93,94,-1,93,95,94,-1,95,96,94,-1,97,96,98,-1,94,96,97,-1,96,99,98,-1,99,100,98,-1,101,100,102,-1,98,100,101,-1,100,103,102,-1,102,103,104,-1,103,105,104,-1,104,105,106,-1,105,107,106,-1,107,108,106,-1,109,108,110,-1,106,108,109,-1,108,111,110,-1,110,111,112,-1,111,113,112,-1,113,114,112,-1,115,114,116,-1,112,114,115,-1,114,117,116,-1,116,117,118,-1,118,119,120,-1,117,119,118,-1,120,121,122,-1,119,121,120,-1,121,123,122,-1,122,123,124,-1,123,125,124,-1,124,126,127,-1,125,126,124,-1,128,129,130,-1,131,128,130,-1,131,130,132,-1,133,131,132,-1,133,132,134,-1,135,133,134,-1,135,134,136,-1,137,135,136,-1,137,136,138,-1,139,137,138,-1,139,138,140,-1,141,140,142,-1,141,139,140,-1,143,142,144,-1,143,141,142,-1,145,144,146,-1,145,143,144,-1,147,146,148,-1,147,145,146,-1,149,148,150,-1,149,147,148,-1,151,150,152,-1,151,149,150,-1,153,152,154,-1,153,151,152,-1,155,154,156,-1,155,153,154,-1,157,156,158,-1,157,155,156,-1,159,158,160,-1,159,157,158,-1,161,160,162,-1,161,159,160,-1,163,161,162,-1,163,162,164,-1,165,163,164,-1,165,164,166,-1,167,165,166,-1,167,166,168,-1,169,167,168,-1,169,168,170,-1,171,169,170,-1,171,170,172,-1,173,171,172,-1,173,172,174,-1,175,173,174,-1,175,174,176,-1,177,175,176,-1,177,176,178,-1,179,177,178,-1,179,178,180,-1,181,180,182,-1,181,179,180,-1,183,181,182,-1,183,182,184,-1,185,184,186,-1,185,183,184,-1,187,186,188,-1,187,185,186,-1,189,188,190,-1,189,187,188,-1,191,190,192,-1,191,189,190,-1,193,192,194,-1,193,191,192,-1,195,193,194,-1,196,197,198,-1,196,194,197,-1,196,195,194,-1,199,198,200,-1,199,196,198,-1,201,199,200,-1,202,203,204,-1,202,200,203,-1,202,201,200,-1,205,204,206,-1,205,202,204,-1,207,205,206,-1,208,209,210,-1,208,206,209,-1,208,207,206,-1,211,210,212,-1,211,208,210,-1,213,211,212,-1,214,213,212,-1,214,212,215,-1,216,214,215,-1,216,215,217,-1,218,216,217,-1,218,219,220,-1,218,217,219,-1,221,218,220,-1,222,220,223,-1,222,221,220,-1,224,222,223,-1,224,225,226,-1,224,223,225,-1,227,224,226,-1,228,229,230,-1,228,226,229,-1,228,227,226,-1,231,230,232,-1,231,228,230,-1,233,231,232,-1,234,235,236,-1,234,232,235,-1,234,233,232,-1,237,236,238,-1,237,234,236,-1,239,238,240,-1,239,237,238,-1,241,240,242,-1,241,239,240,-1,243,242,244,-1,243,241,242,-1,245,243,244,-1,246,244,247,-1,246,245,244,-1,248,249,250,-1,248,247,249,-1,248,246,247,-1,251,250,252,-1,251,248,250,-1,253,251,252,-1,254,252,255,-1,254,253,252,-1,254,255,256,-1,257,254,256,-1,257,256,258,-1,259,257,258,-1,259,258,260,-1,261,259,260,-1,261,260,262,-1,263,261,262,-1,263,262,264,-1,265,263,264,-1,265,264,266,-1,267,266,268,-1,267,265,266,-1,269,268,270,-1,269,267,268,-1,271,270,272,-1,271,269,270,-1,273,272,274,-1,273,271,272,-1,275,274,276,-1,275,273,274,-1,277,276,278,-1,277,275,276,-1,279,278,280,-1,279,277,278,-1,281,280,282,-1,281,279,280,-1,283,282,284,-1,283,281,282,-1,285,284,286,-1,285,283,284,-1,287,286,288,-1,287,285,286,-1,289,287,288,-1,289,288,290,-1,291,289,290,-1,291,290,292,-1,293,291,292,-1,293,292,294,-1,295,293,294,-1,295,294,296,-1,297,295,296,-1,298,297,296,-1,298,299,300,-1,298,296,299,-1,301,298,300,-1,301,300,302,-1,303,301,302,-1,303,302,304,-1,305,303,304,-1,305,304,306,-1,307,306,308,-1,307,305,306,-1,309,307,308,-1,310,311,312,-1,310,308,311,-1,310,309,308,-1,313,310,312,-1,314,315,316,-1,314,312,315,-1,314,313,312,-1,317,316,318,-1,317,314,316,-1,319,318,320,-1,319,317,318,-1,321,320,322,-1,321,319,320,-1,323,322,324,-1,323,321,322,-1,325,324,326,-1,325,323,324,-1,327,325,326,-1,328,329,330,-1,328,326,329,-1,328,327,326,-1,331,330,332,-1,331,328,330,-1,333,332,334,-1,333,331,332,-1,335,334,336,-1,335,333,334,-1,337,336,338,-1,337,335,336,-1,339,337,338,-1,340,339,338,-1,340,341,342,-1,340,338,341,-1,343,342,344,-1,343,340,342,-1,345,343,344,-1,345,344,346,-1,347,345,346,-1,347,346,348,-1,349,347,348,-1,350,351,352,-1,350,348,351,-1,350,349,348,-1,353,350,352,-1,354,355,356,-1,354,352,355,-1,354,353,352,-1,357,356,358,-1,357,354,356,-1,359,358,360,-1,359,357,358,-1,361,359,360,-1,362,363,364,-1,362,360,363,-1,362,361,360,-1,365,364,366,-1,365,362,364,-1,367,365,366,-1,368,369,370,-1,368,366,369,-1,368,367,366,-1,371,370,372,-1,371,368,370,-1,373,372,374,-1,373,371,372,-1,375,374,376,-1,375,373,374,-1,377,376,378,-1,377,375,376,-1,379,377,378,-1,128,378,129,-1,128,379,378,-1,31,285,287,-1,31,287,33,-1,35,287,289,-1,35,33,287,-1,29,285,31,-1,29,283,285,-1,37,35,289,-1,37,289,291,-1,27,283,29,-1,27,281,283,-1,39,291,293,-1,39,37,291,-1,25,281,27,-1,25,279,281,-1,41,39,293,-1,41,293,295,-1,23,279,25,-1,23,277,279,-1,43,41,295,-1,43,295,297,-1,21,277,23,-1,21,275,277,-1,45,43,297,-1,45,297,298,-1,19,275,21,-1,19,273,275,-1,47,298,301,-1,47,45,298,-1,17,273,19,-1,17,271,273,-1,49,301,303,-1,49,47,301,-1,49,303,305,-1,15,269,271,-1,15,271,17,-1,51,49,305,-1,13,267,269,-1,13,269,15,-1,53,51,305,-1,53,305,307,-1,11,265,267,-1,11,267,13,-1,55,307,309,-1,55,53,307,-1,9,263,265,-1,9,265,11,-1,56,55,309,-1,56,309,310,-1,7,261,263,-1,7,263,9,-1,59,310,313,-1,59,56,310,-1,5,261,7,-1,5,257,259,-1,5,259,261,-1,60,313,314,-1,60,59,313,-1,3,257,5,-1,63,60,314,-1,63,314,317,-1,63,317,319,-1,1,257,3,-1,1,254,257,-1,65,63,319,-1,380,254,1,-1,380,253,254,-1,67,65,319,-1,67,319,321,-1,67,321,323,-1,381,253,380,-1,381,251,253,-1,69,67,323,-1,382,251,381,-1,382,248,251,-1,71,69,323,-1,71,323,325,-1,383,248,382,-1,383,246,248,-1,73,71,325,-1,73,325,327,-1,384,246,383,-1,384,245,246,-1,74,73,327,-1,74,327,328,-1,385,245,384,-1,385,243,245,-1,77,328,331,-1,77,74,328,-1,386,243,385,-1,386,241,243,-1,79,331,333,-1,79,333,335,-1,79,77,331,-1,387,241,386,-1,387,239,241,-1,81,79,335,-1,388,237,239,-1,388,239,387,-1,83,81,335,-1,83,335,337,-1,389,234,237,-1,389,237,388,-1,85,337,339,-1,85,83,337,-1,390,234,389,-1,390,233,234,-1,86,339,340,-1,86,85,339,-1,391,231,233,-1,391,233,390,-1,89,340,343,-1,89,86,340,-1,392,231,391,-1,392,228,231,-1,91,343,345,-1,91,89,343,-1,393,227,228,-1,393,228,392,-1,93,345,347,-1,93,91,345,-1,394,224,227,-1,394,227,393,-1,95,93,347,-1,95,347,349,-1,222,394,395,-1,222,224,394,-1,96,95,349,-1,350,96,349,-1,221,222,395,-1,221,395,396,-1,353,96,350,-1,353,99,96,-1,218,221,396,-1,218,396,397,-1,354,99,353,-1,354,100,99,-1,216,218,397,-1,216,397,398,-1,357,100,354,-1,357,103,100,-1,214,216,398,-1,214,398,399,-1,359,105,103,-1,359,103,357,-1,213,214,399,-1,213,399,400,-1,361,107,105,-1,361,105,359,-1,211,400,401,-1,211,213,400,-1,362,108,107,-1,362,111,108,-1,362,107,361,-1,208,401,402,-1,208,211,401,-1,365,111,362,-1,207,402,403,-1,207,208,402,-1,367,113,111,-1,367,111,365,-1,205,207,403,-1,205,403,404,-1,368,114,113,-1,368,113,367,-1,202,205,404,-1,202,405,406,-1,202,404,405,-1,371,114,368,-1,371,117,114,-1,371,119,117,-1,201,202,406,-1,373,119,371,-1,199,406,407,-1,199,201,406,-1,375,121,119,-1,375,119,373,-1,196,407,408,-1,196,199,407,-1,377,123,121,-1,377,121,375,-1,195,408,409,-1,195,196,408,-1,379,125,123,-1,379,123,377,-1,193,409,410,-1,193,195,409,-1,128,411,126,-1,128,126,125,-1,128,125,379,-1,191,412,413,-1,191,410,412,-1,191,193,410,-1,131,411,128,-1,189,191,413,-1,133,411,131,-1,133,414,411,-1,187,413,415,-1,187,189,413,-1,135,416,414,-1,135,417,416,-1,135,414,133,-1,185,418,419,-1,185,415,418,-1,185,187,415,-1,137,420,417,-1,137,417,135,-1,183,185,419,-1,139,421,420,-1,139,420,137,-1,181,183,419,-1,181,419,422,-1,141,421,139,-1,141,423,421,-1,179,181,422,-1,179,424,425,-1,179,422,424,-1,143,423,141,-1,177,179,425,-1,177,425,426,-1,145,427,423,-1,145,423,143,-1,175,177,426,-1,147,427,145,-1,147,428,427,-1,147,429,428,-1,173,175,426,-1,173,426,430,-1,149,429,147,-1,171,173,430,-1,171,430,431,-1,151,432,429,-1,151,429,149,-1,169,171,431,-1,169,433,434,-1,169,431,433,-1,153,435,432,-1,153,436,435,-1,153,432,151,-1,167,169,434,-1,155,436,153,-1,165,167,434,-1,165,437,438,-1,165,434,437,-1,157,436,155,-1,157,439,436,-1,163,165,438,-1,159,440,439,-1,159,439,157,-1,161,441,440,-1,161,438,441,-1,161,440,159,-1,161,163,438,-1,127,126,442,-1,442,411,443,-1,126,411,442,-1,443,414,444,-1,411,414,443,-1,444,416,445,-1,414,416,444,-1,445,417,446,-1,416,417,445,-1,446,420,447,-1,417,420,446,-1,447,421,448,-1,420,421,447,-1,448,423,449,-1,421,423,448,-1,449,427,450,-1,423,427,449,-1,450,428,451,-1,427,428,450,-1,451,429,452,-1,428,429,451,-1,452,432,453,-1,429,432,452,-1,453,435,454,-1,432,435,453,-1,454,436,455,-1,435,436,454,-1,455,439,456,-1,436,439,455,-1,456,440,457,-1,439,440,456,-1,457,441,458,-1,440,441,457,-1,441,438,458,-1,458,438,459,-1,438,437,459,-1,459,437,460,-1,437,434,460,-1,460,434,461,-1,461,433,462,-1,434,433,461,-1,462,431,463,-1,433,431,462,-1,463,430,464,-1,431,430,463,-1,464,426,465,-1,430,426,464,-1,465,425,466,-1,426,425,465,-1,466,424,467,-1,425,424,466,-1,467,422,468,-1,424,422,467,-1,422,419,468,-1,468,419,469,-1,419,418,469,-1,469,418,470,-1,418,415,470,-1,470,415,471,-1,415,413,471,-1,471,413,472,-1,413,412,472,-1,472,412,473,-1,412,410,473,-1,473,410,474,-1,410,409,474,-1,409,408,474,-1,475,408,476,-1,474,408,475,-1,408,407,476,-1,476,407,477,-1,407,406,477,-1,406,405,477,-1,478,405,479,-1,477,405,478,-1,405,404,479,-1,479,404,480,-1,404,403,480,-1,481,402,482,-1,480,402,481,-1,403,402,480,-1,482,401,483,-1,402,401,482,-1,401,400,483,-1,400,399,483,-1,483,399,484,-1,399,398,484,-1,484,398,485,-1,398,397,485,-1,486,397,487,-1,485,397,486,-1,397,396,487,-1,396,395,487,-1,487,395,488,-1,395,394,488,-1,489,394,490,-1,488,394,489,-1,394,393,490,-1,393,392,490,-1,491,392,492,-1,490,392,491,-1,392,391,492,-1,492,391,493,-1,391,390,493,-1,390,389,493,-1,494,389,495,-1,493,389,494,-1,389,388,495,-1,495,388,496,-1,388,387,496,-1,496,387,497,-1,387,386,497,-1,497,386,498,-1,386,385,498,-1,498,385,499,-1,385,384,499,-1,384,383,499,-1,499,383,500,-1,501,382,502,-1,500,382,501,-1,383,382,500,-1,382,381,502,-1,502,381,503,-1,381,380,503,-1,503,1,0,-1,380,1,503,-1,284,32,286,-1,284,30,32,-1,32,34,286,-1,288,34,290,-1,286,34,288,-1,282,28,284,-1,280,28,282,-1,284,28,30,-1,34,36,290,-1,280,26,28,-1,36,38,290,-1,290,38,292,-1,278,24,280,-1,276,24,278,-1,280,24,26,-1,292,40,294,-1,38,40,292,-1,276,22,24,-1,296,42,299,-1,294,42,296,-1,40,42,294,-1,274,20,276,-1,272,20,274,-1,276,20,22,-1,42,44,299,-1,272,18,20,-1,299,46,300,-1,44,46,299,-1,270,16,272,-1,268,16,270,-1,272,16,18,-1,300,48,302,-1,46,48,300,-1,266,14,268,-1,268,14,16,-1,304,50,306,-1,302,50,304,-1,48,50,302,-1,266,12,14,-1,50,52,306,-1,264,10,266,-1,266,10,12,-1,52,54,306,-1,308,54,311,-1,306,54,308,-1,262,8,264,-1,264,8,10,-1,54,57,311,-1,260,6,262,-1,258,6,260,-1,262,6,8,-1,57,58,311,-1,311,58,312,-1,256,4,258,-1,258,4,6,-1,58,61,312,-1,312,61,315,-1,256,2,4,-1,61,62,315,-1,315,62,316,-1,255,0,256,-1,256,0,2,-1,62,64,316,-1,316,64,318,-1,252,503,255,-1,250,503,252,-1,255,503,0,-1,64,66,318,-1,320,66,322,-1,318,66,320,-1,250,502,503,-1,66,68,322,-1,249,501,250,-1,250,501,502,-1,68,70,322,-1,322,70,324,-1,247,500,249,-1,249,500,501,-1,70,72,324,-1,326,72,329,-1,324,72,326,-1,247,499,500,-1,244,499,247,-1,72,75,329,-1,242,498,244,-1,240,498,242,-1,244,498,499,-1,75,76,329,-1,330,76,332,-1,329,76,330,-1,240,497,498,-1,76,78,332,-1,238,496,240,-1,240,496,497,-1,78,80,332,-1,332,80,334,-1,236,495,238,-1,235,495,236,-1,238,495,496,-1,80,82,334,-1,334,82,336,-1,235,494,495,-1,82,84,336,-1,338,84,341,-1,336,84,338,-1,235,493,494,-1,232,493,235,-1,84,87,341,-1,341,87,342,-1,230,492,232,-1,232,492,493,-1,87,88,342,-1,342,88,344,-1,229,491,230,-1,226,491,229,-1,230,491,492,-1,88,90,344,-1,226,490,491,-1,90,92,344,-1,344,92,346,-1,225,489,226,-1,226,489,490,-1,92,348,346,-1,92,94,348,-1,489,223,488,-1,225,223,489,-1,97,351,94,-1,94,351,348,-1,223,220,488,-1,488,220,487,-1,97,352,351,-1,98,352,97,-1,220,219,487,-1,487,219,486,-1,486,219,485,-1,102,355,101,-1,101,355,98,-1,98,355,352,-1,219,217,485,-1,102,356,355,-1,217,215,485,-1,485,215,484,-1,484,215,483,-1,102,358,356,-1,104,358,102,-1,215,212,483,-1,104,360,358,-1,109,360,106,-1,106,360,104,-1,483,210,482,-1,212,210,483,-1,109,363,360,-1,482,209,481,-1,481,209,480,-1,210,209,482,-1,109,364,363,-1,110,364,109,-1,209,206,480,-1,110,366,364,-1,112,366,110,-1,206,204,480,-1,480,204,479,-1,112,369,366,-1,115,369,112,-1,204,203,479,-1,479,203,478,-1,115,370,369,-1,116,370,115,-1,203,200,478,-1,478,200,477,-1,116,372,370,-1,118,372,116,-1,477,198,476,-1,200,198,477,-1,118,374,372,-1,120,374,118,-1,476,197,475,-1,475,197,474,-1,198,197,476,-1,120,376,374,-1,122,376,120,-1,474,194,473,-1,197,194,474,-1,122,378,376,-1,124,378,122,-1,194,192,473,-1,124,129,378,-1,127,129,124,-1,473,190,472,-1,192,190,473,-1,442,130,127,-1,127,130,129,-1,190,188,472,-1,472,188,471,-1,443,132,442,-1,442,132,130,-1,471,186,470,-1,188,186,471,-1,443,134,132,-1,444,134,443,-1,186,184,470,-1,470,184,469,-1,469,184,468,-1,444,136,134,-1,446,136,445,-1,445,136,444,-1,184,182,468,-1,446,138,136,-1,182,180,468,-1,468,180,467,-1,446,140,138,-1,447,140,446,-1,180,178,467,-1,467,178,466,-1,447,142,140,-1,448,142,447,-1,466,176,465,-1,178,176,466,-1,448,144,142,-1,449,144,448,-1,176,174,465,-1,465,174,464,-1,449,146,144,-1,450,146,449,-1,174,172,464,-1,464,172,463,-1,450,148,146,-1,451,148,450,-1,172,170,463,-1,463,170,462,-1,462,170,461,-1,451,150,148,-1,452,150,451,-1,170,168,461,-1,452,152,150,-1,453,152,452,-1,168,166,461,-1,461,166,460,-1,453,154,152,-1,454,154,453,-1,166,164,460,-1,460,164,459,-1,454,156,154,-1,455,156,454,-1,164,162,459,-1,459,162,458,-1,455,158,156,-1,456,158,455,-1,162,160,458,-1,456,160,158,-1,458,160,457,-1,457,160,456,-1,504,505,506,-1,506,507,508,-1,505,507,506,-1,508,509,510,-1,507,509,508,-1,510,511,512,-1,509,511,510,-1,512,513,514,-1,511,513,512,-1,514,515,516,-1,513,515,514,-1,516,517,518,-1,515,517,516,-1,518,519,520,-1,517,519,518,-1,520,521,522,-1,519,521,520,-1,522,523,524,-1,521,523,522,-1,524,525,526,-1,523,525,524,-1,526,527,528,-1,525,527,526,-1,528,529,530,-1,527,529,528,-1,530,531,532,-1,529,531,530,-1,531,533,532,-1,532,534,535,-1,533,534,532,-1,535,536,537,-1,534,536,535,-1,538,539,540,-1,537,539,538,-1,536,539,537,-1,539,541,540,-1,540,542,543,-1,541,542,540,-1,544,545,546,-1,543,545,544,-1,542,545,543,-1,545,547,546,-1,546,548,549,-1,547,548,546,-1,549,550,551,-1,548,550,549,-1,551,552,553,-1,550,552,551,-1,553,554,555,-1,552,554,553,-1,555,556,557,-1,554,556,555,-1,557,558,559,-1,556,558,557,-1,559,560,561,-1,558,560,559,-1,561,560,562,-1,560,563,562,-1,563,564,562,-1,565,564,566,-1,562,564,565,-1,564,567,566,-1,567,568,566,-1,566,568,569,-1,568,570,569,-1,571,570,572,-1,569,570,571,-1,570,573,572,-1,573,574,572,-1,575,574,576,-1,572,574,575,-1,574,577,576,-1,577,578,576,-1,579,578,580,-1,576,578,579,-1,578,581,580,-1,580,581,582,-1,581,583,582,-1,582,584,585,-1,583,584,582,-1,586,587,588,-1,585,587,586,-1,584,587,585,-1,587,589,588,-1,589,590,588,-1,591,590,592,-1,588,590,591,-1,592,593,594,-1,590,593,592,-1,593,595,594,-1,594,596,597,-1,595,596,594,-1,596,598,597,-1,597,598,599,-1,598,600,599,-1,599,600,601,-1,600,602,601,-1,601,602,603,-1,602,604,603,-1,603,604,605,-1,604,606,605,-1,607,606,608,-1,605,606,607,-1,606,609,608,-1,608,609,610,-1,609,611,610,-1,611,612,610,-1,613,612,614,-1,610,612,613,-1,612,615,614,-1,614,615,616,-1,615,617,616,-1,617,618,616,-1,619,618,620,-1,616,618,619,-1,618,621,620,-1,621,622,620,-1,620,622,623,-1,624,625,626,-1,623,625,624,-1,622,625,623,-1,625,627,626,-1,626,627,628,-1,627,629,628,-1,628,630,631,-1,629,630,628,-1,632,633,634,-1,635,632,634,-1,635,634,636,-1,637,635,636,-1,637,636,638,-1,639,637,638,-1,639,638,640,-1,641,639,640,-1,641,640,642,-1,643,641,642,-1,643,642,644,-1,645,644,646,-1,645,643,644,-1,647,646,648,-1,647,645,646,-1,649,648,650,-1,649,647,648,-1,651,650,652,-1,651,649,650,-1,653,652,654,-1,653,651,652,-1,655,654,656,-1,655,653,654,-1,657,656,658,-1,657,655,656,-1,659,658,660,-1,659,657,658,-1,661,660,662,-1,661,659,660,-1,663,662,664,-1,663,661,662,-1,665,664,666,-1,665,663,664,-1,667,665,666,-1,667,666,668,-1,669,667,668,-1,669,668,670,-1,671,669,670,-1,671,670,672,-1,673,671,672,-1,673,672,674,-1,675,673,674,-1,675,674,676,-1,677,675,676,-1,677,676,678,-1,679,677,678,-1,679,678,680,-1,681,679,680,-1,681,680,682,-1,683,681,682,-1,683,682,684,-1,685,684,686,-1,685,683,684,-1,687,685,686,-1,687,686,688,-1,689,688,690,-1,689,687,688,-1,691,690,692,-1,691,689,690,-1,693,692,694,-1,693,691,692,-1,695,694,696,-1,695,693,694,-1,697,696,698,-1,697,695,696,-1,699,698,700,-1,699,697,698,-1,701,700,702,-1,701,699,700,-1,703,702,704,-1,703,701,702,-1,705,704,706,-1,705,703,704,-1,707,706,708,-1,707,705,706,-1,709,708,710,-1,709,707,708,-1,711,710,712,-1,711,709,710,-1,713,712,714,-1,713,711,712,-1,715,714,716,-1,715,713,714,-1,717,716,718,-1,717,715,716,-1,719,718,720,-1,719,717,718,-1,721,719,720,-1,722,721,720,-1,722,723,724,-1,722,720,723,-1,725,722,724,-1,725,724,726,-1,727,725,726,-1,728,729,730,-1,728,726,729,-1,728,727,726,-1,731,730,732,-1,731,728,730,-1,733,732,734,-1,733,731,732,-1,735,734,736,-1,735,733,734,-1,737,735,736,-1,738,739,740,-1,738,736,739,-1,738,737,736,-1,741,740,742,-1,741,738,740,-1,743,742,744,-1,743,741,742,-1,745,744,746,-1,745,743,744,-1,747,746,748,-1,747,745,746,-1,749,747,748,-1,750,751,752,-1,750,748,751,-1,750,749,748,-1,753,752,754,-1,753,750,752,-1,755,754,756,-1,755,753,754,-1,757,755,756,-1,758,756,759,-1,758,757,756,-1,758,759,760,-1,761,758,760,-1,761,760,762,-1,763,761,762,-1,763,762,764,-1,765,763,764,-1,765,764,766,-1,767,765,766,-1,767,766,768,-1,769,767,768,-1,769,768,770,-1,771,770,772,-1,771,769,770,-1,773,772,774,-1,773,771,772,-1,775,774,776,-1,775,773,774,-1,777,776,778,-1,777,775,776,-1,779,778,780,-1,779,777,778,-1,781,780,782,-1,781,779,780,-1,783,782,784,-1,783,781,782,-1,785,784,786,-1,785,783,784,-1,787,785,786,-1,788,786,789,-1,788,787,786,-1,790,789,791,-1,790,788,789,-1,792,793,794,-1,792,791,793,-1,792,790,791,-1,795,792,794,-1,796,795,794,-1,796,794,797,-1,798,796,797,-1,798,799,800,-1,798,797,799,-1,801,798,800,-1,802,801,800,-1,802,800,803,-1,804,802,803,-1,804,803,805,-1,806,804,805,-1,806,805,807,-1,808,806,807,-1,808,807,809,-1,810,808,809,-1,810,809,811,-1,812,811,813,-1,812,810,811,-1,814,815,816,-1,814,813,815,-1,814,812,813,-1,817,814,816,-1,818,819,820,-1,818,816,819,-1,818,817,816,-1,821,818,820,-1,822,820,823,-1,822,821,820,-1,824,825,826,-1,824,823,825,-1,824,822,823,-1,827,824,826,-1,828,829,830,-1,828,826,829,-1,828,827,826,-1,831,828,830,-1,832,833,834,-1,832,830,833,-1,832,831,830,-1,835,834,836,-1,835,832,834,-1,837,835,836,-1,838,836,839,-1,838,837,836,-1,840,841,842,-1,840,839,841,-1,840,838,839,-1,843,840,842,-1,844,843,842,-1,844,845,846,-1,844,842,845,-1,847,846,848,-1,847,844,846,-1,849,847,848,-1,850,848,851,-1,850,849,848,-1,852,850,851,-1,852,851,853,-1,854,852,853,-1,854,853,855,-1,856,855,857,-1,856,854,855,-1,858,857,859,-1,858,856,857,-1,860,861,862,-1,860,859,861,-1,860,858,859,-1,863,862,864,-1,863,860,862,-1,865,863,864,-1,866,867,868,-1,866,864,867,-1,866,865,864,-1,869,868,870,-1,869,866,868,-1,871,869,870,-1,872,873,874,-1,872,870,873,-1,872,871,870,-1,875,872,874,-1,876,874,877,-1,876,875,874,-1,878,879,880,-1,878,877,879,-1,878,876,877,-1,881,880,882,-1,881,878,880,-1,883,881,882,-1,632,882,633,-1,632,883,882,-1,854,600,852,-1,852,600,598,-1,852,596,850,-1,598,596,852,-1,854,602,600,-1,856,602,854,-1,596,595,850,-1,850,595,849,-1,856,604,602,-1,858,604,856,-1,849,593,847,-1,595,593,849,-1,860,606,858,-1,858,606,604,-1,847,590,844,-1,593,590,847,-1,860,609,606,-1,863,609,860,-1,844,589,843,-1,590,589,844,-1,865,611,863,-1,863,611,609,-1,589,587,843,-1,843,587,840,-1,865,612,611,-1,866,612,865,-1,587,584,840,-1,840,584,838,-1,869,615,866,-1,866,615,612,-1,584,583,838,-1,838,583,837,-1,871,617,869,-1,869,617,615,-1,583,581,837,-1,837,581,835,-1,872,618,871,-1,871,618,617,-1,581,578,835,-1,835,578,832,-1,875,621,872,-1,872,621,618,-1,578,577,832,-1,832,577,831,-1,875,622,621,-1,876,622,875,-1,577,574,831,-1,831,574,828,-1,878,625,876,-1,876,625,622,-1,828,573,827,-1,574,573,828,-1,878,627,625,-1,881,627,878,-1,827,570,824,-1,573,570,827,-1,883,629,881,-1,881,629,627,-1,824,568,822,-1,570,568,824,-1,883,630,629,-1,632,630,883,-1,822,567,821,-1,568,567,822,-1,635,884,632,-1,632,884,630,-1,821,564,818,-1,567,564,821,-1,635,885,884,-1,637,885,635,-1,564,563,818,-1,818,563,817,-1,637,886,885,-1,639,886,637,-1,563,560,817,-1,817,560,814,-1,641,887,639,-1,639,887,886,-1,560,558,814,-1,814,558,812,-1,641,888,887,-1,643,888,641,-1,558,556,812,-1,812,556,810,-1,645,889,643,-1,643,889,888,-1,556,554,810,-1,810,554,808,-1,647,890,645,-1,645,890,889,-1,806,552,804,-1,808,552,806,-1,554,552,808,-1,647,891,890,-1,649,891,647,-1,552,550,804,-1,649,892,891,-1,651,892,649,-1,804,548,802,-1,550,548,804,-1,651,893,892,-1,653,893,651,-1,801,547,798,-1,802,547,801,-1,548,547,802,-1,653,894,893,-1,655,894,653,-1,547,545,798,-1,657,895,655,-1,655,895,894,-1,798,542,796,-1,545,542,798,-1,659,896,657,-1,657,896,895,-1,796,541,795,-1,542,541,796,-1,661,897,659,-1,659,897,896,-1,795,539,792,-1,541,539,795,-1,663,898,661,-1,661,898,897,-1,792,536,790,-1,539,536,792,-1,663,899,898,-1,663,665,899,-1,534,788,536,-1,536,788,790,-1,899,667,900,-1,900,667,901,-1,665,667,899,-1,534,787,788,-1,533,787,534,-1,667,669,901,-1,533,785,787,-1,529,785,531,-1,531,785,533,-1,901,671,902,-1,669,671,901,-1,529,783,785,-1,902,673,903,-1,671,673,902,-1,527,781,529,-1,529,781,783,-1,903,675,904,-1,904,675,905,-1,673,675,903,-1,525,779,527,-1,527,779,781,-1,675,677,905,-1,525,777,779,-1,521,777,523,-1,523,777,525,-1,905,679,906,-1,677,679,905,-1,521,775,777,-1,906,681,907,-1,679,681,906,-1,521,773,775,-1,519,773,521,-1,907,683,908,-1,681,683,907,-1,515,771,517,-1,517,771,519,-1,519,771,773,-1,908,685,909,-1,683,685,908,-1,515,769,771,-1,909,687,910,-1,685,687,909,-1,515,767,769,-1,513,767,515,-1,910,689,911,-1,687,689,910,-1,511,765,513,-1,513,765,767,-1,911,691,912,-1,689,691,911,-1,509,763,511,-1,511,763,765,-1,912,693,913,-1,691,693,912,-1,509,761,763,-1,507,761,509,-1,913,695,914,-1,914,695,915,-1,693,695,913,-1,505,758,507,-1,916,758,505,-1,507,758,761,-1,695,697,915,-1,917,757,916,-1,916,757,758,-1,915,699,918,-1,697,699,915,-1,917,755,757,-1,918,701,919,-1,919,701,920,-1,699,701,918,-1,917,753,755,-1,921,753,917,-1,701,703,920,-1,921,750,753,-1,922,750,923,-1,923,750,921,-1,920,705,924,-1,703,705,920,-1,922,749,750,-1,924,707,925,-1,925,707,926,-1,705,707,924,-1,922,747,749,-1,927,747,922,-1,707,709,926,-1,926,709,928,-1,927,745,747,-1,929,745,927,-1,709,711,928,-1,929,743,745,-1,930,743,929,-1,711,713,928,-1,928,713,931,-1,931,713,932,-1,930,741,743,-1,933,741,930,-1,713,715,932,-1,933,738,741,-1,934,738,933,-1,715,717,932,-1,932,717,935,-1,934,737,738,-1,936,737,937,-1,937,737,934,-1,935,719,938,-1,717,719,935,-1,936,735,737,-1,719,721,938,-1,938,721,939,-1,939,721,940,-1,936,733,735,-1,941,733,936,-1,721,722,940,-1,942,731,943,-1,943,731,941,-1,941,731,733,-1,940,725,944,-1,722,725,940,-1,942,728,731,-1,942,727,728,-1,725,727,944,-1,944,727,945,-1,945,727,942,-1,631,630,946,-1,946,884,947,-1,630,884,946,-1,947,885,948,-1,884,885,947,-1,948,886,949,-1,885,886,948,-1,949,887,950,-1,886,887,949,-1,950,888,951,-1,887,888,950,-1,951,889,952,-1,888,889,951,-1,952,890,953,-1,889,890,952,-1,953,891,954,-1,890,891,953,-1,954,892,955,-1,891,892,954,-1,955,893,956,-1,892,893,955,-1,956,894,957,-1,893,894,956,-1,957,895,958,-1,894,895,957,-1,958,896,959,-1,895,896,958,-1,959,897,960,-1,896,897,959,-1,960,898,961,-1,897,898,960,-1,961,899,962,-1,898,899,961,-1,899,900,962,-1,962,900,963,-1,900,901,963,-1,963,901,964,-1,901,902,964,-1,964,902,965,-1,965,903,966,-1,902,903,965,-1,966,904,967,-1,903,904,966,-1,967,905,968,-1,904,905,967,-1,968,906,969,-1,905,906,968,-1,969,907,970,-1,906,907,969,-1,970,908,971,-1,907,908,970,-1,971,909,972,-1,908,909,971,-1,909,910,972,-1,972,910,973,-1,910,911,973,-1,973,911,974,-1,911,912,974,-1,974,912,975,-1,912,913,975,-1,975,913,976,-1,913,914,976,-1,976,914,977,-1,914,915,977,-1,977,915,978,-1,915,918,978,-1,978,918,979,-1,918,919,979,-1,979,919,980,-1,919,920,980,-1,980,920,981,-1,920,924,981,-1,981,924,982,-1,924,925,982,-1,982,925,983,-1,925,926,983,-1,983,926,984,-1,984,928,985,-1,926,928,984,-1,985,931,986,-1,928,931,985,-1,986,932,987,-1,931,932,986,-1,987,935,988,-1,932,935,987,-1,988,938,989,-1,935,938,988,-1,938,939,989,-1,939,940,989,-1,990,940,991,-1,989,940,990,-1,940,944,991,-1,991,944,992,-1,944,945,992,-1,945,942,992,-1,993,942,994,-1,992,942,993,-1,942,943,994,-1,994,943,995,-1,943,941,995,-1,995,941,996,-1,941,936,996,-1,996,936,997,-1,936,937,997,-1,937,934,997,-1,998,934,999,-1,997,934,998,-1,934,933,999,-1,999,933,1000,-1,933,930,1000,-1,1000,930,1001,-1,930,929,1001,-1,1001,929,1002,-1,929,927,1002,-1,1002,927,1003,-1,927,922,1003,-1,922,923,1003,-1,1004,923,1005,-1,1003,923,1004,-1,1005,921,1006,-1,923,921,1005,-1,921,917,1006,-1,1006,917,1007,-1,917,916,1007,-1,1007,505,504,-1,916,505,1007,-1,791,535,537,-1,789,535,791,-1,537,538,791,-1,791,538,793,-1,786,532,789,-1,784,532,786,-1,789,532,535,-1,793,540,794,-1,538,540,793,-1,784,530,532,-1,794,543,797,-1,540,543,794,-1,782,528,784,-1,780,528,782,-1,784,528,530,-1,797,544,799,-1,543,544,797,-1,780,526,528,-1,800,546,803,-1,799,546,800,-1,544,546,799,-1,778,524,780,-1,776,524,778,-1,780,524,526,-1,546,549,803,-1,776,522,524,-1,803,551,805,-1,549,551,803,-1,774,520,776,-1,776,520,522,-1,805,553,807,-1,551,553,805,-1,772,518,774,-1,774,518,520,-1,809,555,811,-1,807,555,809,-1,553,555,807,-1,770,516,772,-1,768,516,770,-1,772,516,518,-1,555,557,811,-1,768,514,516,-1,557,559,811,-1,813,559,815,-1,811,559,813,-1,766,512,768,-1,764,512,766,-1,768,512,514,-1,559,561,815,-1,764,510,512,-1,561,562,815,-1,815,562,816,-1,762,508,764,-1,764,508,510,-1,562,565,816,-1,816,565,819,-1,760,506,762,-1,759,506,760,-1,762,506,508,-1,565,566,819,-1,819,566,820,-1,759,504,506,-1,566,569,820,-1,823,569,825,-1,820,569,823,-1,756,1007,759,-1,759,1007,504,-1,569,571,825,-1,754,1006,756,-1,756,1006,1007,-1,571,572,825,-1,825,572,826,-1,752,1005,754,-1,754,1005,1006,-1,572,575,826,-1,826,575,829,-1,751,1004,752,-1,752,1004,1005,-1,575,576,829,-1,830,576,833,-1,829,576,830,-1,748,1003,751,-1,751,1003,1004,-1,576,579,833,-1,746,1002,748,-1,748,1002,1003,-1,579,580,833,-1,834,580,836,-1,833,580,834,-1,744,1001,746,-1,746,1001,1002,-1,580,582,836,-1,836,582,839,-1,742,1000,744,-1,744,1000,1001,-1,582,585,839,-1,740,999,742,-1,739,999,740,-1,742,999,1000,-1,585,586,839,-1,839,586,841,-1,739,998,999,-1,586,588,841,-1,842,588,845,-1,841,588,842,-1,736,997,739,-1,739,997,998,-1,588,591,845,-1,734,996,736,-1,736,996,997,-1,591,592,845,-1,846,592,848,-1,845,592,846,-1,732,995,734,-1,734,995,996,-1,592,594,848,-1,848,594,851,-1,730,994,732,-1,732,994,995,-1,594,597,851,-1,729,993,730,-1,730,993,994,-1,851,599,853,-1,597,599,851,-1,993,726,992,-1,729,726,993,-1,726,991,992,-1,601,855,599,-1,599,855,853,-1,726,724,991,-1,991,724,990,-1,601,857,855,-1,603,857,601,-1,724,723,990,-1,605,859,603,-1,603,859,857,-1,723,720,990,-1,990,720,989,-1,607,861,605,-1,605,861,859,-1,720,718,989,-1,989,718,988,-1,988,718,987,-1,607,862,861,-1,610,862,608,-1,608,862,607,-1,718,716,987,-1,987,716,986,-1,610,864,862,-1,716,714,986,-1,610,867,864,-1,613,867,610,-1,986,712,985,-1,985,712,984,-1,714,712,986,-1,613,868,867,-1,616,868,614,-1,614,868,613,-1,712,710,984,-1,616,870,868,-1,984,708,983,-1,710,708,984,-1,616,873,870,-1,619,873,616,-1,708,706,983,-1,983,706,982,-1,619,874,873,-1,620,874,619,-1,706,704,982,-1,982,704,981,-1,620,877,874,-1,623,877,620,-1,981,702,980,-1,704,702,981,-1,623,879,877,-1,624,879,623,-1,980,700,979,-1,979,700,978,-1,702,700,980,-1,624,880,879,-1,626,880,624,-1,978,698,977,-1,700,698,978,-1,626,882,880,-1,628,882,626,-1,698,696,977,-1,977,696,976,-1,628,633,882,-1,946,633,631,-1,631,633,628,-1,696,694,976,-1,946,634,633,-1,976,692,975,-1,975,692,974,-1,694,692,976,-1,948,636,947,-1,947,636,946,-1,946,636,634,-1,692,690,974,-1,948,638,636,-1,974,688,973,-1,690,688,974,-1,948,640,638,-1,950,640,949,-1,949,640,948,-1,688,686,973,-1,973,686,972,-1,972,686,971,-1,950,642,640,-1,686,684,971,-1,950,644,642,-1,951,644,950,-1,971,682,970,-1,970,682,969,-1,684,682,971,-1,951,646,644,-1,953,646,952,-1,952,646,951,-1,682,680,969,-1,953,648,646,-1,969,678,968,-1,968,678,967,-1,680,678,969,-1,953,650,648,-1,954,650,953,-1,678,676,967,-1,954,652,650,-1,955,652,954,-1,676,674,967,-1,967,674,966,-1,955,654,652,-1,956,654,955,-1,674,672,966,-1,966,672,965,-1,956,656,654,-1,958,656,957,-1,957,656,956,-1,672,670,965,-1,965,670,964,-1,964,670,963,-1,958,658,656,-1,670,668,963,-1,963,668,962,-1,958,660,658,-1,959,660,958,-1,668,666,962,-1,962,666,961,-1,959,662,660,-1,960,662,959,-1,666,664,961,-1,960,664,662,-1,961,664,960,-1,1008,1009,1010,-1,1010,1011,1012,-1,1009,1011,1010,-1,1012,1013,1014,-1,1011,1013,1012,-1,1014,1015,1016,-1,1013,1015,1014,-1,1016,1017,1018,-1,1015,1017,1016,-1,1018,1019,1020,-1,1017,1019,1018,-1,1020,1021,1022,-1,1019,1021,1020,-1,1022,1023,1024,-1,1021,1023,1022,-1,1024,1025,1026,-1,1023,1025,1024,-1,1026,1027,1028,-1,1025,1027,1026,-1,1028,1029,1030,-1,1027,1029,1028,-1,1030,1031,1032,-1,1029,1031,1030,-1,1032,1033,1034,-1,1031,1033,1032,-1,1034,1035,1036,-1,1033,1035,1034,-1,1036,1037,1038,-1,1035,1037,1036,-1,1038,1039,1040,-1,1037,1039,1038,-1,1040,1041,1042,-1,1039,1041,1040,-1,1041,1043,1042,-1,1042,1043,1044,-1,1043,1045,1044,-1,1044,1045,1046,-1,1045,1047,1046,-1,1046,1047,1048,-1,1048,1049,1050,-1,1047,1049,1048,-1,1049,1051,1050,-1,1052,1053,1054,-1,1050,1053,1052,-1,1051,1053,1050,-1,1054,1055,1056,-1,1053,1055,1054,-1,1056,1057,1058,-1,1055,1057,1056,-1,1058,1059,1060,-1,1057,1059,1058,-1,1060,1061,1062,-1,1059,1061,1060,-1,1061,1063,1062,-1,1062,1064,1065,-1,1063,1064,1062,-1,1065,1064,1066,-1,1064,1067,1066,-1,1067,1068,1066,-1,1069,1068,1070,-1,1066,1068,1069,-1,1068,1071,1070,-1,1070,1071,1072,-1,1071,1073,1072,-1,1072,1073,1074,-1,1073,1075,1074,-1,1074,1075,1076,-1,1075,1077,1076,-1,1076,1077,1078,-1,1077,1079,1078,-1,1078,1079,1080,-1,1079,1081,1080,-1,1081,1082,1080,-1,1083,1082,1084,-1,1080,1082,1083,-1,1082,1085,1084,-1,1084,1085,1086,-1,1086,1087,1088,-1,1085,1087,1086,-1,1088,1089,1090,-1,1087,1089,1088,-1,1090,1091,1092,-1,1089,1091,1090,-1,1091,1093,1092,-1,1093,1094,1092,-1,1095,1094,1096,-1,1092,1094,1095,-1,1096,1097,1098,-1,1094,1097,1096,-1,1097,1099,1098,-1,1098,1099,1100,-1,1099,1101,1100,-1,1100,1101,1102,-1,1101,1103,1102,-1,1103,1104,1102,-1,1105,1104,1106,-1,1102,1104,1105,-1,1104,1107,1106,-1,1107,1108,1106,-1,1109,1108,1110,-1,1106,1108,1109,-1,1108,1111,1110,-1,1110,1111,1112,-1,1111,1113,1112,-1,1112,1113,1114,-1,1113,1115,1114,-1,1115,1116,1114,-1,1117,1116,1118,-1,1114,1116,1117,-1,1116,1119,1118,-1,1118,1119,1120,-1,1119,1121,1120,-1,1121,1122,1120,-1,1123,1122,1124,-1,1120,1122,1123,-1,1122,1125,1124,-1,1124,1125,1126,-1,1126,1127,1128,-1,1125,1127,1126,-1,1128,1129,1130,-1,1127,1129,1128,-1,1129,1131,1130,-1,1130,1131,1132,-1,1131,1133,1132,-1,1132,1134,1135,-1,1133,1134,1132,-1,1136,1137,1138,-1,1139,1136,1138,-1,1139,1138,1140,-1,1141,1139,1140,-1,1141,1140,1142,-1,1143,1141,1142,-1,1143,1142,1144,-1,1145,1143,1144,-1,1145,1144,1146,-1,1147,1145,1146,-1,1147,1146,1148,-1,1149,1148,1150,-1,1149,1147,1148,-1,1151,1150,1152,-1,1151,1149,1150,-1,1153,1152,1154,-1,1153,1151,1152,-1,1155,1154,1156,-1,1155,1153,1154,-1,1157,1156,1158,-1,1157,1155,1156,-1,1159,1158,1160,-1,1159,1157,1158,-1,1161,1160,1162,-1,1161,1159,1160,-1,1163,1162,1164,-1,1163,1161,1162,-1,1165,1164,1166,-1,1165,1163,1164,-1,1167,1166,1168,-1,1167,1165,1166,-1,1169,1168,1170,-1,1169,1167,1168,-1,1171,1169,1170,-1,1171,1170,1172,-1,1173,1171,1172,-1,1173,1172,1174,-1,1175,1173,1174,-1,1175,1174,1176,-1,1177,1175,1176,-1,1177,1176,1178,-1,1179,1177,1178,-1,1179,1178,1180,-1,1181,1179,1180,-1,1181,1180,1182,-1,1183,1181,1182,-1,1183,1182,1184,-1,1185,1183,1184,-1,1185,1184,1186,-1,1187,1185,1186,-1,1187,1186,1188,-1,1189,1188,1190,-1,1189,1187,1188,-1,1191,1189,1190,-1,1191,1190,1192,-1,1193,1192,1194,-1,1193,1191,1192,-1,1195,1194,1196,-1,1195,1193,1194,-1,1197,1196,1198,-1,1197,1195,1196,-1,1199,1198,1200,-1,1199,1197,1198,-1,1201,1200,1202,-1,1201,1199,1200,-1,1203,1201,1202,-1,1204,1205,1206,-1,1204,1202,1205,-1,1204,1203,1202,-1,1207,1206,1208,-1,1207,1204,1206,-1,1209,1207,1208,-1,1210,1211,1212,-1,1210,1208,1211,-1,1210,1209,1208,-1,1213,1212,1214,-1,1213,1210,1212,-1,1215,1213,1214,-1,1216,1217,1218,-1,1216,1214,1217,-1,1216,1215,1214,-1,1219,1218,1220,-1,1219,1216,1218,-1,1221,1219,1220,-1,1222,1221,1220,-1,1222,1220,1223,-1,1224,1222,1223,-1,1224,1223,1225,-1,1226,1224,1225,-1,1226,1227,1228,-1,1226,1225,1227,-1,1229,1226,1228,-1,1230,1228,1231,-1,1230,1229,1228,-1,1232,1230,1231,-1,1232,1233,1234,-1,1232,1231,1233,-1,1235,1232,1234,-1,1236,1237,1238,-1,1236,1234,1237,-1,1236,1235,1234,-1,1239,1238,1240,-1,1239,1236,1238,-1,1241,1239,1240,-1,1242,1243,1244,-1,1242,1240,1243,-1,1242,1241,1240,-1,1245,1244,1246,-1,1245,1242,1244,-1,1247,1246,1248,-1,1247,1245,1246,-1,1249,1248,1250,-1,1249,1247,1248,-1,1251,1250,1252,-1,1251,1249,1250,-1,1253,1251,1252,-1,1254,1252,1255,-1,1254,1253,1252,-1,1256,1257,1258,-1,1256,1255,1257,-1,1256,1254,1255,-1,1259,1258,1260,-1,1259,1256,1258,-1,1261,1259,1260,-1,1262,1260,1263,-1,1262,1261,1260,-1,1262,1263,1264,-1,1265,1262,1264,-1,1265,1264,1266,-1,1267,1265,1266,-1,1267,1266,1268,-1,1269,1267,1268,-1,1269,1268,1270,-1,1271,1269,1270,-1,1271,1270,1272,-1,1273,1271,1272,-1,1273,1272,1274,-1,1275,1274,1276,-1,1275,1273,1274,-1,1277,1276,1278,-1,1277,1275,1276,-1,1279,1278,1280,-1,1279,1277,1278,-1,1281,1280,1282,-1,1281,1279,1280,-1,1283,1282,1284,-1,1283,1281,1282,-1,1285,1284,1286,-1,1285,1283,1284,-1,1287,1286,1288,-1,1287,1285,1286,-1,1289,1288,1290,-1,1289,1287,1288,-1,1291,1290,1292,-1,1291,1289,1290,-1,1293,1292,1294,-1,1293,1291,1292,-1,1295,1294,1296,-1,1295,1293,1294,-1,1297,1295,1296,-1,1297,1296,1298,-1,1299,1297,1298,-1,1299,1298,1300,-1,1301,1299,1300,-1,1301,1300,1302,-1,1303,1301,1302,-1,1303,1302,1304,-1,1305,1303,1304,-1,1306,1305,1304,-1,1306,1307,1308,-1,1306,1304,1307,-1,1309,1306,1308,-1,1309,1308,1310,-1,1311,1309,1310,-1,1311,1310,1312,-1,1313,1311,1312,-1,1313,1312,1314,-1,1315,1314,1316,-1,1315,1313,1314,-1,1317,1315,1316,-1,1318,1319,1320,-1,1318,1316,1319,-1,1318,1317,1316,-1,1321,1318,1320,-1,1322,1323,1324,-1,1322,1320,1323,-1,1322,1321,1320,-1,1325,1324,1326,-1,1325,1322,1324,-1,1327,1326,1328,-1,1327,1325,1326,-1,1329,1328,1330,-1,1329,1327,1328,-1,1331,1330,1332,-1,1331,1329,1330,-1,1333,1332,1334,-1,1333,1331,1332,-1,1335,1333,1334,-1,1336,1337,1338,-1,1336,1334,1337,-1,1336,1335,1334,-1,1339,1338,1340,-1,1339,1336,1338,-1,1341,1340,1342,-1,1341,1339,1340,-1,1343,1342,1344,-1,1343,1341,1342,-1,1345,1344,1346,-1,1345,1343,1344,-1,1347,1345,1346,-1,1348,1347,1346,-1,1348,1349,1350,-1,1348,1346,1349,-1,1351,1350,1352,-1,1351,1348,1350,-1,1353,1351,1352,-1,1353,1352,1354,-1,1355,1353,1354,-1,1355,1354,1356,-1,1357,1355,1356,-1,1358,1359,1360,-1,1358,1356,1359,-1,1358,1357,1356,-1,1361,1358,1360,-1,1362,1363,1364,-1,1362,1360,1363,-1,1362,1361,1360,-1,1365,1364,1366,-1,1365,1362,1364,-1,1367,1366,1368,-1,1367,1365,1366,-1,1369,1367,1368,-1,1370,1371,1372,-1,1370,1368,1371,-1,1370,1369,1368,-1,1373,1372,1374,-1,1373,1370,1372,-1,1375,1373,1374,-1,1376,1377,1378,-1,1376,1374,1377,-1,1376,1375,1374,-1,1379,1378,1380,-1,1379,1376,1378,-1,1381,1380,1382,-1,1381,1379,1380,-1,1383,1382,1384,-1,1383,1381,1382,-1,1385,1384,1386,-1,1385,1383,1384,-1,1387,1385,1386,-1,1136,1386,1137,-1,1136,1387,1386,-1,1039,1293,1295,-1,1039,1295,1041,-1,1043,1295,1297,-1,1043,1041,1295,-1,1037,1293,1039,-1,1037,1291,1293,-1,1045,1043,1297,-1,1045,1297,1299,-1,1035,1291,1037,-1,1035,1289,1291,-1,1047,1045,1299,-1,1047,1299,1301,-1,1033,1289,1035,-1,1033,1287,1289,-1,1049,1047,1301,-1,1049,1301,1303,-1,1031,1287,1033,-1,1031,1285,1287,-1,1051,1049,1303,-1,1051,1303,1305,-1,1029,1285,1031,-1,1029,1283,1285,-1,1053,1305,1306,-1,1053,1051,1305,-1,1027,1283,1029,-1,1027,1281,1283,-1,1055,1053,1306,-1,1055,1306,1309,-1,1025,1281,1027,-1,1025,1279,1281,-1,1057,1309,1311,-1,1057,1055,1309,-1,1023,1279,1025,-1,1023,1277,1279,-1,1059,1057,1311,-1,1059,1311,1313,-1,1021,1275,1277,-1,1021,1277,1023,-1,1061,1059,1313,-1,1061,1313,1315,-1,1061,1315,1317,-1,1019,1273,1275,-1,1019,1275,1021,-1,1063,1061,1317,-1,1017,1271,1273,-1,1017,1273,1019,-1,1064,1063,1317,-1,1064,1317,1318,-1,1015,1271,1017,-1,1015,1269,1271,-1,1067,1064,1318,-1,1067,1318,1321,-1,1013,1269,1015,-1,1013,1265,1267,-1,1013,1267,1269,-1,1068,1067,1321,-1,1068,1321,1322,-1,1011,1265,1013,-1,1071,1068,1322,-1,1071,1322,1325,-1,1009,1265,1011,-1,1009,1262,1265,-1,1073,1071,1325,-1,1073,1325,1327,-1,1388,1262,1009,-1,1388,1261,1262,-1,1075,1073,1327,-1,1075,1327,1329,-1,1389,1261,1388,-1,1389,1259,1261,-1,1077,1075,1329,-1,1077,1329,1331,-1,1077,1331,1333,-1,1390,1259,1389,-1,1390,1256,1259,-1,1079,1077,1333,-1,1391,1256,1390,-1,1391,1254,1256,-1,1081,1079,1333,-1,1081,1333,1335,-1,1392,1254,1391,-1,1392,1253,1254,-1,1082,1081,1335,-1,1082,1335,1336,-1,1393,1253,1392,-1,1393,1251,1253,-1,1085,1336,1339,-1,1085,1082,1336,-1,1394,1251,1393,-1,1394,1249,1251,-1,1087,1339,1341,-1,1087,1085,1339,-1,1395,1249,1394,-1,1395,1247,1249,-1,1089,1341,1343,-1,1089,1087,1341,-1,1396,1245,1247,-1,1396,1247,1395,-1,1091,1343,1345,-1,1091,1089,1343,-1,1397,1242,1245,-1,1397,1245,1396,-1,1093,1345,1347,-1,1093,1091,1345,-1,1398,1242,1397,-1,1398,1241,1242,-1,1094,1347,1348,-1,1094,1093,1347,-1,1399,1236,1239,-1,1399,1239,1241,-1,1399,1241,1398,-1,1097,1348,1351,-1,1097,1351,1353,-1,1097,1094,1348,-1,1400,1236,1399,-1,1099,1097,1353,-1,1401,1235,1236,-1,1401,1236,1400,-1,1101,1353,1355,-1,1101,1099,1353,-1,1402,1232,1235,-1,1402,1235,1401,-1,1103,1355,1357,-1,1103,1101,1355,-1,1230,1402,1403,-1,1230,1232,1402,-1,1358,1104,1103,-1,1358,1103,1357,-1,1229,1230,1403,-1,1229,1403,1404,-1,1361,1107,1104,-1,1361,1108,1107,-1,1361,1104,1358,-1,1226,1229,1404,-1,1226,1404,1405,-1,1362,1108,1361,-1,1224,1226,1405,-1,1224,1406,1407,-1,1224,1405,1406,-1,1365,1108,1362,-1,1365,1111,1108,-1,1365,1113,1111,-1,1222,1224,1407,-1,1367,1113,1365,-1,1221,1408,1409,-1,1221,1407,1408,-1,1221,1222,1407,-1,1369,1115,1113,-1,1369,1113,1367,-1,1219,1221,1409,-1,1370,1116,1115,-1,1370,1115,1369,-1,1216,1409,1410,-1,1216,1219,1409,-1,1373,1119,1116,-1,1373,1116,1370,-1,1215,1410,1411,-1,1215,1216,1410,-1,1375,1121,1119,-1,1375,1119,1373,-1,1213,1215,1411,-1,1213,1412,1413,-1,1213,1411,1412,-1,1376,1122,1121,-1,1376,1121,1375,-1,1210,1213,1413,-1,1210,1413,1414,-1,1379,1122,1376,-1,1379,1125,1122,-1,1209,1210,1414,-1,1381,1127,1125,-1,1381,1129,1127,-1,1381,1125,1379,-1,1207,1209,1414,-1,1207,1415,1416,-1,1207,1414,1415,-1,1383,1129,1381,-1,1204,1207,1416,-1,1385,1131,1129,-1,1385,1129,1383,-1,1203,1416,1417,-1,1203,1204,1416,-1,1387,1133,1131,-1,1387,1131,1385,-1,1201,1417,1418,-1,1201,1203,1417,-1,1136,1419,1134,-1,1136,1134,1133,-1,1136,1133,1387,-1,1199,1420,1421,-1,1199,1418,1420,-1,1199,1201,1418,-1,1139,1419,1136,-1,1197,1199,1421,-1,1141,1422,1419,-1,1141,1423,1422,-1,1141,1419,1139,-1,1195,1197,1421,-1,1195,1421,1424,-1,1143,1425,1423,-1,1143,1423,1141,-1,1193,1426,1427,-1,1193,1424,1426,-1,1193,1195,1424,-1,1145,1428,1425,-1,1145,1425,1143,-1,1191,1427,1429,-1,1191,1193,1427,-1,1147,1428,1145,-1,1189,1191,1429,-1,1189,1429,1430,-1,1149,1428,1147,-1,1149,1431,1428,-1,1187,1189,1430,-1,1151,1431,1149,-1,1151,1432,1431,-1,1185,1187,1430,-1,1185,1433,1434,-1,1185,1430,1433,-1,1153,1435,1432,-1,1153,1432,1151,-1,1183,1185,1434,-1,1183,1434,1436,-1,1155,1437,1435,-1,1155,1435,1153,-1,1181,1183,1436,-1,1181,1436,1438,-1,1157,1437,1155,-1,1157,1439,1437,-1,1157,1440,1439,-1,1179,1181,1438,-1,1159,1441,1440,-1,1159,1440,1157,-1,1177,1438,1442,-1,1177,1179,1438,-1,1161,1441,1159,-1,1175,1177,1442,-1,1175,1442,1443,-1,1163,1441,1161,-1,1163,1444,1441,-1,1173,1175,1443,-1,1173,1443,1445,-1,1165,1446,1444,-1,1165,1444,1163,-1,1171,1445,1447,-1,1171,1173,1445,-1,1167,1448,1446,-1,1167,1449,1448,-1,1167,1446,1165,-1,1169,1447,1449,-1,1169,1449,1167,-1,1169,1171,1447,-1,1135,1134,1450,-1,1450,1419,1451,-1,1134,1419,1450,-1,1451,1422,1452,-1,1419,1422,1451,-1,1452,1423,1453,-1,1422,1423,1452,-1,1453,1425,1454,-1,1423,1425,1453,-1,1454,1428,1455,-1,1425,1428,1454,-1,1455,1431,1456,-1,1428,1431,1455,-1,1456,1432,1457,-1,1431,1432,1456,-1,1457,1435,1458,-1,1432,1435,1457,-1,1458,1437,1459,-1,1435,1437,1458,-1,1459,1439,1460,-1,1437,1439,1459,-1,1460,1440,1461,-1,1439,1440,1460,-1,1461,1441,1462,-1,1440,1441,1461,-1,1462,1444,1463,-1,1441,1444,1462,-1,1463,1446,1464,-1,1444,1446,1463,-1,1464,1448,1465,-1,1446,1448,1464,-1,1465,1449,1466,-1,1448,1449,1465,-1,1449,1447,1466,-1,1466,1447,1467,-1,1447,1445,1467,-1,1467,1445,1468,-1,1445,1443,1468,-1,1468,1443,1469,-1,1469,1442,1470,-1,1443,1442,1469,-1,1470,1438,1471,-1,1442,1438,1470,-1,1471,1436,1472,-1,1438,1436,1471,-1,1472,1434,1473,-1,1436,1434,1472,-1,1473,1433,1474,-1,1434,1433,1473,-1,1474,1430,1475,-1,1433,1430,1474,-1,1475,1429,1476,-1,1430,1429,1475,-1,1429,1427,1476,-1,1476,1427,1477,-1,1427,1426,1477,-1,1477,1426,1478,-1,1426,1424,1478,-1,1478,1424,1479,-1,1424,1421,1479,-1,1479,1421,1480,-1,1421,1420,1480,-1,1480,1420,1481,-1,1420,1418,1481,-1,1481,1418,1482,-1,1418,1417,1482,-1,1417,1416,1482,-1,1483,1416,1484,-1,1482,1416,1483,-1,1416,1415,1484,-1,1484,1415,1485,-1,1415,1414,1485,-1,1414,1413,1485,-1,1486,1413,1487,-1,1485,1413,1486,-1,1413,1412,1487,-1,1487,1412,1488,-1,1412,1411,1488,-1,1489,1410,1490,-1,1488,1410,1489,-1,1411,1410,1488,-1,1490,1409,1491,-1,1410,1409,1490,-1,1409,1408,1491,-1,1408,1407,1491,-1,1491,1407,1492,-1,1407,1406,1492,-1,1492,1406,1493,-1,1406,1405,1493,-1,1494,1405,1495,-1,1493,1405,1494,-1,1405,1404,1495,-1,1404,1403,1495,-1,1495,1403,1496,-1,1403,1402,1496,-1,1497,1402,1498,-1,1496,1402,1497,-1,1402,1401,1498,-1,1401,1400,1498,-1,1499,1400,1500,-1,1498,1400,1499,-1,1400,1399,1500,-1,1500,1399,1501,-1,1399,1398,1501,-1,1398,1397,1501,-1,1502,1397,1503,-1,1501,1397,1502,-1,1397,1396,1503,-1,1503,1396,1504,-1,1396,1395,1504,-1,1504,1395,1505,-1,1395,1394,1505,-1,1505,1394,1506,-1,1394,1393,1506,-1,1506,1393,1507,-1,1393,1392,1507,-1,1392,1391,1507,-1,1507,1391,1508,-1,1509,1390,1510,-1,1508,1390,1509,-1,1391,1390,1508,-1,1390,1389,1510,-1,1510,1389,1511,-1,1389,1388,1511,-1,1511,1009,1008,-1,1388,1009,1511,-1,1294,1038,1040,-1,1292,1038,1294,-1,1040,1042,1294,-1,1294,1042,1296,-1,1290,1036,1292,-1,1288,1036,1290,-1,1292,1036,1038,-1,1296,1044,1298,-1,1042,1044,1296,-1,1288,1034,1036,-1,1298,1046,1300,-1,1044,1046,1298,-1,1286,1032,1288,-1,1284,1032,1286,-1,1288,1032,1034,-1,1300,1048,1302,-1,1046,1048,1300,-1,1284,1030,1032,-1,1304,1050,1307,-1,1302,1050,1304,-1,1048,1050,1302,-1,1282,1028,1284,-1,1280,1028,1282,-1,1284,1028,1030,-1,1050,1052,1307,-1,1280,1026,1028,-1,1307,1054,1308,-1,1052,1054,1307,-1,1278,1024,1280,-1,1280,1024,1026,-1,1308,1056,1310,-1,1054,1056,1308,-1,1276,1022,1278,-1,1278,1022,1024,-1,1312,1058,1314,-1,1310,1058,1312,-1,1056,1058,1310,-1,1274,1020,1276,-1,1272,1020,1274,-1,1276,1020,1022,-1,1058,1060,1314,-1,1272,1018,1020,-1,1060,1062,1314,-1,1316,1062,1319,-1,1314,1062,1316,-1,1270,1016,1272,-1,1268,1016,1270,-1,1272,1016,1018,-1,1062,1065,1319,-1,1268,1014,1016,-1,1065,1066,1319,-1,1319,1066,1320,-1,1266,1012,1268,-1,1268,1012,1014,-1,1066,1069,1320,-1,1320,1069,1323,-1,1264,1010,1266,-1,1263,1010,1264,-1,1266,1010,1012,-1,1069,1070,1323,-1,1323,1070,1324,-1,1263,1008,1010,-1,1070,1072,1324,-1,1326,1072,1328,-1,1324,1072,1326,-1,1260,1511,1263,-1,1263,1511,1008,-1,1072,1074,1328,-1,1258,1510,1260,-1,1260,1510,1511,-1,1074,1076,1328,-1,1328,1076,1330,-1,1257,1509,1258,-1,1258,1509,1510,-1,1076,1078,1330,-1,1330,1078,1332,-1,1255,1508,1257,-1,1257,1508,1509,-1,1078,1080,1332,-1,1334,1080,1337,-1,1332,1080,1334,-1,1252,1507,1255,-1,1255,1507,1508,-1,1080,1083,1337,-1,1250,1506,1252,-1,1252,1506,1507,-1,1083,1084,1337,-1,1338,1084,1340,-1,1337,1084,1338,-1,1248,1505,1250,-1,1250,1505,1506,-1,1084,1086,1340,-1,1340,1086,1342,-1,1246,1504,1248,-1,1248,1504,1505,-1,1086,1088,1342,-1,1244,1503,1246,-1,1243,1503,1244,-1,1246,1503,1504,-1,1088,1090,1342,-1,1342,1090,1344,-1,1243,1502,1503,-1,1090,1092,1344,-1,1346,1092,1349,-1,1344,1092,1346,-1,1240,1501,1243,-1,1243,1501,1502,-1,1092,1095,1349,-1,1238,1500,1240,-1,1240,1500,1501,-1,1095,1096,1349,-1,1350,1096,1352,-1,1349,1096,1350,-1,1237,1499,1238,-1,1238,1499,1500,-1,1096,1098,1352,-1,1352,1098,1354,-1,1234,1498,1237,-1,1237,1498,1499,-1,1098,1100,1354,-1,1233,1497,1234,-1,1234,1497,1498,-1,1354,1102,1356,-1,1100,1102,1354,-1,1497,1231,1496,-1,1233,1231,1497,-1,1231,1495,1496,-1,1105,1359,1102,-1,1102,1359,1356,-1,1231,1228,1495,-1,1495,1228,1494,-1,1105,1360,1359,-1,1106,1360,1105,-1,1228,1227,1494,-1,1109,1363,1106,-1,1106,1363,1360,-1,1227,1225,1494,-1,1494,1225,1493,-1,1110,1364,1109,-1,1109,1364,1363,-1,1225,1223,1493,-1,1493,1223,1492,-1,1492,1223,1491,-1,1110,1366,1364,-1,1114,1366,1112,-1,1112,1366,1110,-1,1223,1220,1491,-1,1491,1220,1490,-1,1114,1368,1366,-1,1220,1218,1490,-1,1114,1371,1368,-1,1117,1371,1114,-1,1490,1217,1489,-1,1489,1217,1488,-1,1218,1217,1490,-1,1117,1372,1371,-1,1120,1372,1118,-1,1118,1372,1117,-1,1217,1214,1488,-1,1120,1374,1372,-1,1488,1212,1487,-1,1214,1212,1488,-1,1120,1377,1374,-1,1123,1377,1120,-1,1212,1211,1487,-1,1487,1211,1486,-1,1123,1378,1377,-1,1124,1378,1123,-1,1211,1208,1486,-1,1486,1208,1485,-1,1124,1380,1378,-1,1126,1380,1124,-1,1485,1206,1484,-1,1208,1206,1485,-1,1126,1382,1380,-1,1128,1382,1126,-1,1484,1205,1483,-1,1483,1205,1482,-1,1206,1205,1484,-1,1128,1384,1382,-1,1130,1384,1128,-1,1482,1202,1481,-1,1205,1202,1482,-1,1130,1386,1384,-1,1132,1386,1130,-1,1202,1200,1481,-1,1481,1200,1480,-1,1132,1137,1386,-1,1450,1137,1135,-1,1135,1137,1132,-1,1200,1198,1480,-1,1450,1138,1137,-1,1480,1196,1479,-1,1479,1196,1478,-1,1198,1196,1480,-1,1452,1140,1451,-1,1451,1140,1450,-1,1450,1140,1138,-1,1196,1194,1478,-1,1452,1142,1140,-1,1478,1192,1477,-1,1194,1192,1478,-1,1452,1144,1142,-1,1454,1144,1453,-1,1453,1144,1452,-1,1192,1190,1477,-1,1477,1190,1476,-1,1476,1190,1475,-1,1454,1146,1144,-1,1190,1188,1475,-1,1454,1148,1146,-1,1455,1148,1454,-1,1475,1186,1474,-1,1474,1186,1473,-1,1188,1186,1475,-1,1455,1150,1148,-1,1457,1150,1456,-1,1456,1150,1455,-1,1186,1184,1473,-1,1457,1152,1150,-1,1473,1182,1472,-1,1472,1182,1471,-1,1184,1182,1473,-1,1457,1154,1152,-1,1458,1154,1457,-1,1182,1180,1471,-1,1458,1156,1154,-1,1459,1156,1458,-1,1180,1178,1471,-1,1471,1178,1470,-1,1459,1158,1156,-1,1460,1158,1459,-1,1178,1176,1470,-1,1470,1176,1469,-1,1460,1160,1158,-1,1462,1160,1461,-1,1461,1160,1460,-1,1176,1174,1469,-1,1469,1174,1468,-1,1468,1174,1467,-1,1462,1162,1160,-1,1174,1172,1467,-1,1467,1172,1466,-1,1462,1164,1162,-1,1463,1164,1462,-1,1172,1170,1466,-1,1466,1170,1465,-1,1463,1166,1164,-1,1464,1166,1463,-1,1170,1168,1465,-1,1464,1168,1166,-1,1465,1168,1464,-1,1512,1513,1514,-1,1514,1515,1516,-1,1513,1515,1514,-1,1516,1517,1518,-1,1515,1517,1516,-1,1518,1519,1520,-1,1517,1519,1518,-1,1520,1521,1522,-1,1519,1521,1520,-1,1522,1523,1524,-1,1521,1523,1522,-1,1524,1525,1526,-1,1523,1525,1524,-1,1526,1527,1528,-1,1525,1527,1526,-1,1528,1529,1530,-1,1527,1529,1528,-1,1530,1531,1532,-1,1529,1531,1530,-1,1532,1533,1534,-1,1531,1533,1532,-1,1534,1535,1536,-1,1533,1535,1534,-1,1536,1537,1538,-1,1535,1537,1536,-1,1538,1539,1540,-1,1537,1539,1538,-1,1539,1541,1540,-1,1540,1542,1543,-1,1541,1542,1540,-1,1543,1544,1545,-1,1542,1544,1543,-1,1546,1547,1548,-1,1545,1547,1546,-1,1544,1547,1545,-1,1547,1549,1548,-1,1548,1550,1551,-1,1549,1550,1548,-1,1552,1553,1554,-1,1551,1553,1552,-1,1550,1553,1551,-1,1553,1555,1554,-1,1554,1556,1557,-1,1555,1556,1554,-1,1557,1558,1559,-1,1556,1558,1557,-1,1559,1560,1561,-1,1558,1560,1559,-1,1561,1562,1563,-1,1560,1562,1561,-1,1563,1564,1565,-1,1562,1564,1563,-1,1565,1566,1567,-1,1564,1566,1565,-1,1567,1568,1569,-1,1566,1568,1567,-1,1569,1568,1570,-1,1568,1571,1570,-1,1571,1572,1570,-1,1573,1572,1574,-1,1570,1572,1573,-1,1572,1575,1574,-1,1575,1576,1574,-1,1574,1576,1577,-1,1576,1578,1577,-1,1579,1578,1580,-1,1577,1578,1579,-1,1578,1581,1580,-1,1581,1582,1580,-1,1583,1582,1584,-1,1580,1582,1583,-1,1582,1585,1584,-1,1585,1586,1584,-1,1587,1586,1588,-1,1584,1586,1587,-1,1586,1589,1588,-1,1588,1589,1590,-1,1589,1591,1590,-1,1590,1592,1593,-1,1591,1592,1590,-1,1594,1595,1596,-1,1593,1595,1594,-1,1592,1595,1593,-1,1595,1597,1596,-1,1597,1598,1596,-1,1599,1598,1600,-1,1596,1598,1599,-1,1600,1601,1602,-1,1598,1601,1600,-1,1601,1603,1602,-1,1602,1604,1605,-1,1603,1604,1602,-1,1604,1606,1605,-1,1605,1606,1607,-1,1606,1608,1607,-1,1607,1608,1609,-1,1608,1610,1609,-1,1609,1610,1611,-1,1610,1612,1611,-1,1611,1612,1613,-1,1612,1614,1613,-1,1615,1614,1616,-1,1613,1614,1615,-1,1614,1617,1616,-1,1616,1617,1618,-1,1617,1619,1618,-1,1619,1620,1618,-1,1621,1620,1622,-1,1618,1620,1621,-1,1620,1623,1622,-1,1622,1623,1624,-1,1623,1625,1624,-1,1625,1626,1624,-1,1627,1626,1628,-1,1624,1626,1627,-1,1626,1629,1628,-1,1629,1630,1628,-1,1628,1630,1631,-1,1632,1633,1634,-1,1631,1633,1632,-1,1630,1633,1631,-1,1633,1635,1634,-1,1634,1635,1636,-1,1635,1637,1636,-1,1636,1638,1639,-1,1637,1638,1636,-1,1640,1641,1642,-1,1643,1640,1642,-1,1643,1642,1644,-1,1645,1643,1644,-1,1645,1644,1646,-1,1647,1645,1646,-1,1647,1646,1648,-1,1649,1647,1648,-1,1649,1648,1650,-1,1651,1649,1650,-1,1651,1650,1652,-1,1653,1652,1654,-1,1653,1651,1652,-1,1655,1654,1656,-1,1655,1653,1654,-1,1657,1656,1658,-1,1657,1655,1656,-1,1659,1658,1660,-1,1659,1657,1658,-1,1661,1660,1662,-1,1661,1659,1660,-1,1663,1662,1664,-1,1663,1661,1662,-1,1665,1664,1666,-1,1665,1663,1664,-1,1667,1666,1668,-1,1667,1665,1666,-1,1669,1668,1670,-1,1669,1667,1668,-1,1671,1670,1672,-1,1671,1669,1670,-1,1673,1672,1674,-1,1673,1671,1672,-1,1675,1673,1674,-1,1675,1674,1676,-1,1677,1675,1676,-1,1677,1676,1678,-1,1679,1677,1678,-1,1679,1678,1680,-1,1681,1679,1680,-1,1681,1680,1682,-1,1683,1681,1682,-1,1683,1682,1684,-1,1685,1683,1684,-1,1685,1684,1686,-1,1687,1685,1686,-1,1687,1686,1688,-1,1689,1687,1688,-1,1689,1688,1690,-1,1691,1689,1690,-1,1691,1690,1692,-1,1693,1692,1694,-1,1693,1691,1692,-1,1695,1693,1694,-1,1695,1694,1696,-1,1697,1696,1698,-1,1697,1695,1696,-1,1699,1698,1700,-1,1699,1697,1698,-1,1701,1700,1702,-1,1701,1699,1700,-1,1703,1702,1704,-1,1703,1701,1702,-1,1705,1704,1706,-1,1705,1703,1704,-1,1707,1706,1708,-1,1707,1705,1706,-1,1709,1708,1710,-1,1709,1707,1708,-1,1711,1710,1712,-1,1711,1709,1710,-1,1713,1712,1714,-1,1713,1711,1712,-1,1715,1714,1716,-1,1715,1713,1714,-1,1717,1716,1718,-1,1717,1715,1716,-1,1719,1718,1720,-1,1719,1717,1718,-1,1721,1720,1722,-1,1721,1719,1720,-1,1723,1722,1724,-1,1723,1721,1722,-1,1725,1724,1726,-1,1725,1723,1724,-1,1727,1726,1728,-1,1727,1725,1726,-1,1729,1727,1728,-1,1730,1729,1728,-1,1730,1731,1732,-1,1730,1728,1731,-1,1733,1730,1732,-1,1733,1732,1734,-1,1735,1733,1734,-1,1736,1737,1738,-1,1736,1734,1737,-1,1736,1735,1734,-1,1739,1738,1740,-1,1739,1736,1738,-1,1741,1740,1742,-1,1741,1739,1740,-1,1743,1742,1744,-1,1743,1741,1742,-1,1745,1743,1744,-1,1746,1747,1748,-1,1746,1744,1747,-1,1746,1745,1744,-1,1749,1748,1750,-1,1749,1746,1748,-1,1751,1750,1752,-1,1751,1749,1750,-1,1753,1752,1754,-1,1753,1751,1752,-1,1755,1754,1756,-1,1755,1753,1754,-1,1757,1755,1756,-1,1758,1759,1760,-1,1758,1756,1759,-1,1758,1757,1756,-1,1761,1760,1762,-1,1761,1758,1760,-1,1763,1762,1764,-1,1763,1761,1762,-1,1765,1763,1764,-1,1766,1764,1767,-1,1766,1765,1764,-1,1766,1767,1768,-1,1769,1766,1768,-1,1769,1768,1770,-1,1771,1769,1770,-1,1771,1770,1772,-1,1773,1771,1772,-1,1773,1772,1774,-1,1775,1773,1774,-1,1775,1774,1776,-1,1777,1775,1776,-1,1777,1776,1778,-1,1779,1778,1780,-1,1779,1777,1778,-1,1781,1780,1782,-1,1781,1779,1780,-1,1783,1782,1784,-1,1783,1781,1782,-1,1785,1784,1786,-1,1785,1783,1784,-1,1787,1786,1788,-1,1787,1785,1786,-1,1789,1788,1790,-1,1789,1787,1788,-1,1791,1790,1792,-1,1791,1789,1790,-1,1793,1792,1794,-1,1793,1791,1792,-1,1795,1793,1794,-1,1796,1794,1797,-1,1796,1795,1794,-1,1798,1797,1799,-1,1798,1796,1797,-1,1800,1801,1802,-1,1800,1799,1801,-1,1800,1798,1799,-1,1803,1800,1802,-1,1804,1803,1802,-1,1804,1802,1805,-1,1806,1804,1805,-1,1806,1807,1808,-1,1806,1805,1807,-1,1809,1806,1808,-1,1810,1809,1808,-1,1810,1808,1811,-1,1812,1810,1811,-1,1812,1811,1813,-1,1814,1812,1813,-1,1814,1813,1815,-1,1816,1814,1815,-1,1816,1815,1817,-1,1818,1816,1817,-1,1818,1817,1819,-1,1820,1819,1821,-1,1820,1818,1819,-1,1822,1823,1824,-1,1822,1821,1823,-1,1822,1820,1821,-1,1825,1822,1824,-1,1826,1827,1828,-1,1826,1824,1827,-1,1826,1825,1824,-1,1829,1826,1828,-1,1830,1828,1831,-1,1830,1829,1828,-1,1832,1833,1834,-1,1832,1831,1833,-1,1832,1830,1831,-1,1835,1832,1834,-1,1836,1837,1838,-1,1836,1834,1837,-1,1836,1835,1834,-1,1839,1836,1838,-1,1840,1841,1842,-1,1840,1838,1841,-1,1840,1839,1838,-1,1843,1842,1844,-1,1843,1840,1842,-1,1845,1843,1844,-1,1846,1844,1847,-1,1846,1845,1844,-1,1848,1849,1850,-1,1848,1847,1849,-1,1848,1846,1847,-1,1851,1848,1850,-1,1852,1851,1850,-1,1852,1853,1854,-1,1852,1850,1853,-1,1855,1854,1856,-1,1855,1852,1854,-1,1857,1855,1856,-1,1858,1856,1859,-1,1858,1857,1856,-1,1860,1858,1859,-1,1860,1859,1861,-1,1862,1860,1861,-1,1862,1861,1863,-1,1864,1863,1865,-1,1864,1862,1863,-1,1866,1865,1867,-1,1866,1864,1865,-1,1868,1869,1870,-1,1868,1867,1869,-1,1868,1866,1867,-1,1871,1870,1872,-1,1871,1868,1870,-1,1873,1871,1872,-1,1874,1875,1876,-1,1874,1872,1875,-1,1874,1873,1872,-1,1877,1876,1878,-1,1877,1874,1876,-1,1879,1877,1878,-1,1880,1881,1882,-1,1880,1878,1881,-1,1880,1879,1878,-1,1883,1880,1882,-1,1884,1882,1885,-1,1884,1883,1882,-1,1886,1887,1888,-1,1886,1885,1887,-1,1886,1884,1885,-1,1889,1888,1890,-1,1889,1886,1888,-1,1891,1889,1890,-1,1640,1890,1641,-1,1640,1891,1890,-1,1860,1608,1606,-1,1862,1608,1860,-1,1606,1604,1860,-1,1860,1604,1858,-1,1862,1610,1608,-1,1864,1610,1862,-1,1604,1603,1858,-1,1858,1603,1857,-1,1866,1612,1864,-1,1864,1612,1610,-1,1603,1601,1857,-1,1857,1601,1855,-1,1866,1614,1612,-1,1868,1614,1866,-1,1855,1598,1852,-1,1601,1598,1855,-1,1868,1617,1614,-1,1871,1617,1868,-1,1852,1597,1851,-1,1598,1597,1852,-1,1873,1619,1871,-1,1871,1619,1617,-1,1597,1595,1851,-1,1851,1595,1848,-1,1873,1620,1619,-1,1874,1620,1873,-1,1595,1592,1848,-1,1848,1592,1846,-1,1877,1623,1874,-1,1874,1623,1620,-1,1592,1591,1846,-1,1846,1591,1845,-1,1877,1625,1623,-1,1879,1625,1877,-1,1591,1589,1845,-1,1845,1589,1843,-1,1879,1626,1625,-1,1880,1626,1879,-1,1843,1586,1840,-1,1589,1586,1843,-1,1880,1629,1626,-1,1883,1629,1880,-1,1840,1585,1839,-1,1586,1585,1840,-1,1884,1630,1883,-1,1883,1630,1629,-1,1839,1582,1836,-1,1585,1582,1839,-1,1886,1633,1884,-1,1884,1633,1630,-1,1836,1581,1835,-1,1582,1581,1836,-1,1889,1635,1886,-1,1891,1635,1889,-1,1886,1635,1633,-1,1832,1578,1830,-1,1835,1578,1832,-1,1581,1578,1835,-1,1891,1637,1635,-1,1578,1576,1830,-1,1640,1638,1891,-1,1891,1638,1637,-1,1576,1575,1830,-1,1830,1575,1829,-1,1640,1892,1638,-1,1643,1892,1640,-1,1575,1572,1829,-1,1829,1572,1826,-1,1645,1893,1643,-1,1643,1893,1892,-1,1572,1571,1826,-1,1826,1571,1825,-1,1645,1894,1893,-1,1647,1894,1645,-1,1571,1568,1825,-1,1825,1568,1822,-1,1649,1895,1647,-1,1647,1895,1894,-1,1568,1566,1822,-1,1822,1566,1820,-1,1651,1896,1649,-1,1649,1896,1895,-1,1566,1564,1820,-1,1818,1564,1816,-1,1820,1564,1818,-1,1651,1897,1896,-1,1653,1897,1651,-1,1564,1562,1816,-1,1653,1898,1897,-1,1655,1898,1653,-1,1562,1560,1816,-1,1816,1560,1814,-1,1655,1899,1898,-1,1657,1899,1655,-1,1814,1558,1812,-1,1560,1558,1814,-1,1657,1900,1899,-1,1659,1900,1657,-1,1558,1556,1812,-1,1812,1556,1810,-1,1659,1901,1900,-1,1661,1901,1659,-1,1810,1555,1809,-1,1556,1555,1810,-1,1661,1902,1901,-1,1663,1902,1661,-1,1809,1553,1806,-1,1555,1553,1809,-1,1663,1903,1902,-1,1665,1903,1663,-1,1806,1550,1804,-1,1553,1550,1806,-1,1667,1904,1665,-1,1665,1904,1903,-1,1804,1549,1803,-1,1550,1549,1804,-1,1667,1905,1904,-1,1669,1905,1667,-1,1803,1547,1800,-1,1549,1547,1803,-1,1671,1906,1669,-1,1669,1906,1905,-1,1800,1544,1798,-1,1547,1544,1800,-1,1906,1673,1907,-1,1671,1673,1906,-1,1673,1908,1907,-1,1542,1796,1544,-1,1544,1796,1798,-1,1673,1675,1908,-1,1541,1795,1542,-1,1542,1795,1796,-1,1908,1677,1909,-1,1675,1677,1908,-1,1541,1793,1795,-1,1539,1793,1541,-1,1909,1679,1910,-1,1677,1679,1909,-1,1539,1791,1793,-1,1537,1791,1539,-1,1910,1681,1911,-1,1679,1681,1910,-1,1535,1789,1537,-1,1537,1789,1791,-1,1911,1683,1912,-1,1912,1683,1913,-1,1681,1683,1911,-1,1531,1787,1533,-1,1533,1787,1535,-1,1535,1787,1789,-1,1683,1685,1913,-1,1531,1785,1787,-1,1913,1687,1914,-1,1914,1687,1915,-1,1685,1687,1913,-1,1529,1783,1531,-1,1531,1783,1785,-1,1687,1689,1915,-1,1527,1781,1529,-1,1529,1781,1783,-1,1915,1691,1916,-1,1916,1691,1917,-1,1689,1691,1915,-1,1523,1779,1525,-1,1525,1779,1527,-1,1527,1779,1781,-1,1691,1693,1917,-1,1917,1693,1918,-1,1523,1777,1779,-1,1693,1695,1918,-1,1523,1775,1777,-1,1521,1775,1523,-1,1918,1697,1919,-1,1695,1697,1918,-1,1517,1773,1519,-1,1519,1773,1521,-1,1521,1773,1775,-1,1919,1699,1920,-1,1697,1699,1919,-1,1517,1771,1773,-1,1920,1701,1921,-1,1921,1701,1922,-1,1699,1701,1920,-1,1517,1769,1771,-1,1515,1769,1517,-1,1701,1703,1922,-1,1513,1766,1515,-1,1515,1766,1769,-1,1922,1705,1923,-1,1703,1705,1922,-1,1924,1765,1925,-1,1925,1765,1513,-1,1513,1765,1766,-1,1923,1707,1926,-1,1926,1707,1927,-1,1705,1707,1923,-1,1924,1763,1765,-1,1707,1709,1927,-1,1928,1761,1924,-1,1924,1761,1763,-1,1927,1711,1929,-1,1709,1711,1927,-1,1930,1758,1931,-1,1931,1758,1928,-1,1928,1758,1761,-1,1929,1713,1932,-1,1711,1713,1929,-1,1930,1757,1758,-1,1932,1715,1933,-1,1713,1715,1932,-1,1930,1755,1757,-1,1934,1755,1930,-1,1933,1717,1935,-1,1715,1717,1933,-1,1934,1753,1755,-1,1936,1753,1934,-1,1717,1719,1935,-1,1935,1719,1937,-1,1936,1751,1753,-1,1938,1751,1939,-1,1939,1751,1936,-1,1937,1721,1940,-1,1940,1721,1941,-1,1719,1721,1937,-1,1938,1749,1751,-1,1721,1723,1941,-1,1942,1746,1938,-1,1938,1746,1749,-1,1941,1725,1943,-1,1723,1725,1941,-1,1942,1745,1746,-1,1944,1745,1945,-1,1945,1745,1942,-1,1725,1727,1943,-1,1943,1727,1946,-1,1944,1743,1745,-1,1946,1729,1947,-1,1727,1729,1946,-1,1948,1741,1944,-1,1944,1741,1743,-1,1947,1730,1949,-1,1729,1730,1947,-1,1950,1739,1951,-1,1951,1739,1948,-1,1948,1739,1741,-1,1949,1733,1952,-1,1730,1733,1949,-1,1953,1736,1950,-1,1950,1736,1739,-1,1952,1735,1953,-1,1733,1735,1952,-1,1953,1735,1736,-1,1639,1638,1954,-1,1954,1892,1955,-1,1638,1892,1954,-1,1955,1893,1956,-1,1892,1893,1955,-1,1956,1894,1957,-1,1893,1894,1956,-1,1957,1895,1958,-1,1894,1895,1957,-1,1958,1896,1959,-1,1895,1896,1958,-1,1959,1897,1960,-1,1896,1897,1959,-1,1960,1898,1961,-1,1897,1898,1960,-1,1961,1899,1962,-1,1898,1899,1961,-1,1962,1900,1963,-1,1899,1900,1962,-1,1963,1901,1964,-1,1900,1901,1963,-1,1964,1902,1965,-1,1901,1902,1964,-1,1965,1903,1966,-1,1902,1903,1965,-1,1966,1904,1967,-1,1903,1904,1966,-1,1967,1905,1968,-1,1904,1905,1967,-1,1968,1906,1969,-1,1905,1906,1968,-1,1969,1907,1970,-1,1906,1907,1969,-1,1907,1908,1970,-1,1970,1908,1971,-1,1908,1909,1971,-1,1971,1909,1972,-1,1909,1910,1972,-1,1972,1910,1973,-1,1973,1911,1974,-1,1910,1911,1973,-1,1974,1912,1975,-1,1911,1912,1974,-1,1975,1913,1976,-1,1912,1913,1975,-1,1976,1914,1977,-1,1913,1914,1976,-1,1977,1915,1978,-1,1914,1915,1977,-1,1978,1916,1979,-1,1915,1916,1978,-1,1979,1917,1980,-1,1916,1917,1979,-1,1917,1918,1980,-1,1980,1918,1981,-1,1918,1919,1981,-1,1981,1919,1982,-1,1919,1920,1982,-1,1982,1920,1983,-1,1920,1921,1983,-1,1983,1921,1984,-1,1921,1922,1984,-1,1984,1922,1985,-1,1922,1923,1985,-1,1985,1923,1986,-1,1923,1926,1986,-1,1986,1926,1987,-1,1926,1927,1987,-1,1987,1927,1988,-1,1927,1929,1988,-1,1988,1929,1989,-1,1929,1932,1989,-1,1989,1932,1990,-1,1932,1933,1990,-1,1990,1933,1991,-1,1933,1935,1991,-1,1991,1935,1992,-1,1992,1937,1993,-1,1935,1937,1992,-1,1993,1940,1994,-1,1937,1940,1993,-1,1994,1941,1995,-1,1940,1941,1994,-1,1995,1943,1996,-1,1941,1943,1995,-1,1996,1946,1997,-1,1943,1946,1996,-1,1946,1947,1997,-1,1947,1949,1997,-1,1998,1949,1999,-1,1997,1949,1998,-1,1949,1952,1999,-1,1999,1952,2000,-1,1952,1953,2000,-1,1953,1950,2000,-1,2001,1950,2002,-1,2000,1950,2001,-1,1950,1951,2002,-1,2002,1951,2003,-1,1951,1948,2003,-1,2003,1948,2004,-1,1948,1944,2004,-1,2004,1944,2005,-1,1944,1945,2005,-1,1945,1942,2005,-1,2006,1942,2007,-1,2005,1942,2006,-1,1942,1938,2007,-1,2007,1938,2008,-1,1938,1939,2008,-1,2008,1939,2009,-1,1939,1936,2009,-1,2009,1936,2010,-1,1936,1934,2010,-1,2010,1934,2011,-1,1934,1930,2011,-1,1930,1931,2011,-1,2012,1931,2013,-1,2011,1931,2012,-1,2013,1928,2014,-1,1931,1928,2013,-1,1928,1924,2014,-1,2014,1924,2015,-1,1924,1925,2015,-1,2015,1513,1512,-1,1925,1513,2015,-1,1799,1545,1801,-1,1797,1545,1799,-1,1797,1543,1545,-1,1545,1546,1801,-1,1794,1540,1797,-1,1797,1540,1543,-1,1801,1548,1802,-1,1546,1548,1801,-1,1794,1538,1540,-1,1792,1538,1794,-1,1802,1551,1805,-1,1548,1551,1802,-1,1792,1536,1538,-1,1790,1536,1792,-1,1788,1536,1790,-1,1805,1552,1807,-1,1551,1552,1805,-1,1786,1534,1788,-1,1788,1534,1536,-1,1808,1554,1811,-1,1807,1554,1808,-1,1552,1554,1807,-1,1784,1532,1786,-1,1786,1532,1534,-1,1554,1557,1811,-1,1782,1530,1784,-1,1784,1530,1532,-1,1813,1559,1815,-1,1811,1559,1813,-1,1557,1559,1811,-1,1782,1528,1530,-1,1559,1561,1815,-1,1780,1526,1782,-1,1782,1526,1528,-1,1817,1563,1819,-1,1815,1563,1817,-1,1561,1563,1815,-1,1778,1524,1780,-1,1776,1524,1778,-1,1780,1524,1526,-1,1563,1565,1819,-1,1776,1522,1524,-1,1565,1567,1819,-1,1821,1567,1823,-1,1819,1567,1821,-1,1774,1520,1776,-1,1776,1520,1522,-1,1567,1569,1823,-1,1772,1518,1774,-1,1774,1518,1520,-1,1569,1570,1823,-1,1823,1570,1824,-1,1770,1516,1772,-1,1768,1516,1770,-1,1772,1516,1518,-1,1570,1573,1824,-1,1824,1573,1827,-1,1768,1514,1516,-1,1573,1574,1827,-1,1827,1574,1828,-1,1767,1512,1768,-1,1768,1512,1514,-1,1574,1577,1828,-1,1831,1577,1833,-1,1828,1577,1831,-1,1764,2015,1767,-1,1767,2015,1512,-1,1577,1579,1833,-1,1762,2014,1764,-1,1764,2014,2015,-1,1833,1580,1834,-1,1579,1580,1833,-1,1760,2013,1762,-1,1762,2013,2014,-1,1580,1583,1834,-1,1834,1583,1837,-1,1759,2012,1760,-1,1760,2012,2013,-1,1583,1584,1837,-1,1838,1584,1841,-1,1837,1584,1838,-1,1756,2011,1759,-1,1759,2011,2012,-1,1584,1587,1841,-1,1754,2010,1756,-1,1756,2010,2011,-1,1587,1588,1841,-1,1842,1588,1844,-1,1841,1588,1842,-1,1752,2009,1754,-1,1754,2009,2010,-1,1588,1590,1844,-1,1844,1590,1847,-1,1750,2008,1752,-1,1752,2008,2009,-1,1590,1593,1847,-1,1748,2007,1750,-1,1747,2007,1748,-1,1750,2007,2008,-1,1593,1594,1847,-1,1847,1594,1849,-1,1747,2006,2007,-1,1594,1596,1849,-1,1850,1596,1853,-1,1849,1596,1850,-1,1744,2005,1747,-1,1747,2005,2006,-1,1596,1599,1853,-1,1742,2004,1744,-1,1744,2004,2005,-1,1599,1600,1853,-1,1854,1600,1856,-1,1853,1600,1854,-1,1740,2003,1742,-1,1738,2003,1740,-1,1742,2003,2004,-1,1600,1602,1856,-1,1856,1602,1859,-1,1738,2002,2003,-1,1602,1605,1859,-1,1737,2001,1738,-1,1738,2001,2002,-1,1859,1607,1861,-1,1605,1607,1859,-1,2001,1734,2000,-1,1737,1734,2001,-1,1607,1609,1861,-1,1734,1999,2000,-1,1609,1863,1861,-1,1999,1732,1998,-1,1734,1732,1999,-1,1609,1865,1863,-1,1611,1865,1609,-1,1732,1731,1998,-1,1613,1867,1611,-1,1611,1867,1865,-1,1731,1728,1998,-1,1998,1728,1997,-1,1615,1869,1613,-1,1613,1869,1867,-1,1728,1726,1997,-1,1997,1726,1996,-1,1996,1726,1995,-1,1615,1870,1869,-1,1618,1870,1616,-1,1616,1870,1615,-1,1726,1724,1995,-1,1618,1872,1870,-1,1621,1872,1618,-1,1995,1722,1994,-1,1724,1722,1995,-1,1621,1875,1872,-1,1994,1720,1993,-1,1722,1720,1994,-1,1621,1876,1875,-1,1624,1876,1622,-1,1622,1876,1621,-1,1993,1718,1992,-1,1720,1718,1993,-1,1624,1878,1876,-1,1992,1716,1991,-1,1718,1716,1992,-1,1624,1881,1878,-1,1627,1881,1624,-1,1716,1714,1991,-1,1991,1714,1990,-1,1990,1714,1989,-1,1627,1882,1881,-1,1628,1882,1627,-1,1714,1712,1989,-1,1628,1885,1882,-1,1631,1885,1628,-1,1712,1710,1989,-1,1989,1710,1988,-1,1631,1887,1885,-1,1632,1887,1631,-1,1988,1708,1987,-1,1987,1708,1986,-1,1710,1708,1988,-1,1632,1888,1887,-1,1634,1888,1632,-1,1708,1706,1986,-1,1986,1706,1985,-1,1634,1890,1888,-1,1636,1890,1634,-1,1706,1704,1985,-1,1985,1704,1984,-1,1636,1641,1890,-1,1639,1641,1636,-1,1704,1702,1984,-1,1955,1642,1954,-1,1954,1642,1639,-1,1639,1642,1641,-1,1984,1700,1983,-1,1983,1700,1982,-1,1702,1700,1984,-1,1955,1644,1642,-1,1700,1698,1982,-1,1956,1646,1955,-1,1955,1646,1644,-1,1698,1696,1982,-1,1982,1696,1981,-1,1956,1648,1646,-1,1958,1648,1957,-1,1957,1648,1956,-1,1696,1694,1981,-1,1981,1694,1980,-1,1980,1694,1979,-1,1958,1650,1648,-1,1694,1692,1979,-1,1958,1652,1650,-1,1959,1652,1958,-1,1692,1690,1979,-1,1979,1690,1978,-1,1978,1690,1977,-1,1959,1654,1652,-1,1960,1654,1959,-1,1690,1688,1977,-1,1960,1656,1654,-1,1961,1656,1960,-1,1688,1686,1977,-1,1977,1686,1976,-1,1976,1686,1975,-1,1961,1658,1656,-1,1962,1658,1961,-1,1686,1684,1975,-1,1962,1660,1658,-1,1964,1660,1963,-1,1963,1660,1962,-1,1684,1682,1975,-1,1975,1682,1974,-1,1964,1662,1660,-1,1682,1680,1974,-1,1974,1680,1973,-1,1973,1680,1972,-1,1964,1664,1662,-1,1965,1664,1964,-1,1680,1678,1972,-1,1965,1666,1664,-1,1967,1666,1966,-1,1966,1666,1965,-1,1678,1676,1972,-1,1972,1676,1971,-1,1967,1668,1666,-1,1971,1674,1970,-1,1970,1674,1969,-1,1676,1674,1971,-1,1967,1670,1668,-1,1968,1670,1967,-1,1674,1672,1969,-1,1968,1672,1670,-1,1969,1672,1968,-1,2016,2017,2018,-1,2018,2019,2020,-1,2017,2019,2018,-1,2020,2021,2022,-1,2019,2021,2020,-1,2022,2023,2024,-1,2021,2023,2022,-1,2024,2025,2026,-1,2023,2025,2024,-1,2026,2027,2028,-1,2025,2027,2026,-1,2028,2029,2030,-1,2027,2029,2028,-1,2030,2031,2032,-1,2029,2031,2030,-1,2032,2033,2034,-1,2031,2033,2032,-1,2034,2035,2036,-1,2033,2035,2034,-1,2036,2037,2038,-1,2035,2037,2036,-1,2038,2039,2040,-1,2037,2039,2038,-1,2040,2041,2042,-1,2039,2041,2040,-1,2042,2043,2044,-1,2041,2043,2042,-1,2044,2045,2046,-1,2043,2045,2044,-1,2046,2047,2048,-1,2045,2047,2046,-1,2048,2049,2050,-1,2047,2049,2048,-1,2049,2051,2050,-1,2050,2051,2052,-1,2051,2053,2052,-1,2052,2053,2054,-1,2053,2055,2054,-1,2054,2055,2056,-1,2056,2057,2058,-1,2055,2057,2056,-1,2058,2059,2060,-1,2057,2059,2058,-1,2060,2061,2062,-1,2059,2061,2060,-1,2061,2063,2062,-1,2064,2065,2066,-1,2062,2065,2064,-1,2063,2065,2062,-1,2066,2067,2068,-1,2065,2067,2066,-1,2068,2069,2070,-1,2067,2069,2068,-1,2070,2071,2072,-1,2069,2071,2070,-1,2071,2073,2072,-1,2072,2073,2074,-1,2073,2075,2074,-1,2074,2075,2076,-1,2075,2077,2076,-1,2076,2077,2078,-1,2077,2079,2078,-1,2078,2079,2080,-1,2079,2081,2080,-1,2081,2082,2080,-1,2083,2082,2084,-1,2080,2082,2083,-1,2082,2085,2084,-1,2085,2086,2084,-1,2087,2086,2088,-1,2084,2086,2087,-1,2086,2089,2088,-1,2088,2089,2090,-1,2089,2091,2090,-1,2090,2091,2092,-1,2091,2093,2092,-1,2092,2093,2094,-1,2094,2095,2096,-1,2093,2095,2094,-1,2096,2097,2098,-1,2095,2097,2096,-1,2098,2099,2100,-1,2097,2099,2098,-1,2100,2101,2102,-1,2099,2101,2100,-1,2102,2103,2104,-1,2101,2103,2102,-1,2103,2105,2104,-1,2104,2105,2106,-1,2105,2107,2106,-1,2106,2107,2108,-1,2107,2109,2108,-1,2108,2109,2110,-1,2109,2111,2110,-1,2110,2111,2112,-1,2111,2113,2112,-1,2112,2113,2114,-1,2113,2115,2114,-1,2115,2116,2114,-1,2117,2116,2118,-1,2114,2116,2117,-1,2116,2119,2118,-1,2118,2119,2120,-1,2119,2121,2120,-1,2120,2121,2122,-1,2121,2123,2122,-1,2122,2123,2124,-1,2123,2125,2124,-1,2125,2126,2124,-1,2127,2126,2128,-1,2124,2126,2127,-1,2126,2129,2128,-1,2128,2129,2130,-1,2129,2131,2130,-1,2131,2132,2130,-1,2133,2132,2134,-1,2130,2132,2133,-1,2132,2135,2134,-1,2134,2135,2136,-1,2136,2137,2138,-1,2135,2137,2136,-1,2137,2139,2138,-1,2138,2139,2140,-1,2140,2141,2142,-1,2139,2141,2140,-1,2141,2143,2142,-1,2144,2145,2146,-1,2147,2146,2148,-1,2147,2144,2146,-1,2149,2148,2150,-1,2149,2147,2148,-1,2151,2150,2152,-1,2151,2149,2150,-1,2153,2151,2152,-1,2154,2152,2155,-1,2154,2153,2152,-1,2156,2155,2157,-1,2156,2154,2155,-1,2158,2157,2159,-1,2158,2156,2157,-1,2160,2158,2159,-1,2160,2159,2161,-1,2162,2160,2161,-1,2162,2161,2163,-1,2164,2162,2163,-1,2164,2163,2165,-1,2166,2164,2165,-1,2166,2165,2167,-1,2168,2167,2169,-1,2168,2166,2167,-1,2170,2169,2171,-1,2170,2168,2169,-1,2172,2171,2173,-1,2172,2170,2171,-1,2174,2173,2175,-1,2174,2172,2173,-1,2176,2175,2177,-1,2176,2174,2175,-1,2178,2177,2179,-1,2178,2176,2177,-1,2180,2179,2181,-1,2180,2178,2179,-1,2182,2181,2183,-1,2182,2180,2181,-1,2184,2183,2185,-1,2184,2182,2183,-1,2186,2185,2187,-1,2186,2184,2185,-1,2188,2187,2189,-1,2188,2186,2187,-1,2190,2189,2191,-1,2190,2188,2189,-1,2192,2191,2193,-1,2192,2190,2191,-1,2194,2193,2195,-1,2194,2192,2193,-1,2196,2195,2197,-1,2196,2194,2195,-1,2198,2197,2199,-1,2198,2196,2197,-1,2200,2199,2201,-1,2200,2198,2199,-1,2202,2201,2203,-1,2202,2200,2201,-1,2204,2203,2205,-1,2204,2202,2203,-1,2206,2205,2207,-1,2206,2204,2205,-1,2208,2207,2209,-1,2208,2206,2207,-1,2144,2210,2145,-1,2144,2211,2210,-1,2212,2208,2209,-1,2212,2209,2213,-1,2214,2213,2215,-1,2214,2212,2213,-1,2216,2215,2217,-1,2216,2214,2215,-1,2218,2217,2219,-1,2218,2216,2217,-1,2220,2219,2221,-1,2220,2218,2219,-1,2222,2221,2223,-1,2222,2220,2221,-1,2224,2223,2225,-1,2224,2222,2223,-1,2226,2224,2225,-1,2226,2225,2227,-1,2228,2226,2227,-1,2228,2227,2229,-1,2230,2228,2229,-1,2230,2229,2231,-1,2232,2230,2231,-1,2232,2231,2233,-1,2234,2232,2233,-1,2234,2233,2235,-1,2236,2235,2237,-1,2236,2234,2235,-1,2238,2237,2239,-1,2238,2236,2237,-1,2240,2239,2241,-1,2240,2238,2239,-1,2242,2241,2243,-1,2242,2240,2241,-1,2244,2243,2245,-1,2244,2242,2243,-1,2246,2245,2247,-1,2246,2244,2245,-1,2248,2247,2249,-1,2248,2246,2247,-1,2250,2249,2251,-1,2250,2248,2249,-1,2252,2251,2253,-1,2252,2250,2251,-1,2254,2253,2255,-1,2254,2252,2253,-1,2256,2255,2257,-1,2256,2254,2255,-1,2258,2257,2259,-1,2258,2256,2257,-1,2260,2259,2261,-1,2260,2258,2259,-1,2262,2263,2264,-1,2262,2261,2263,-1,2262,2260,2261,-1,2265,2262,2264,-1,2266,2267,2268,-1,2266,2264,2267,-1,2266,2265,2264,-1,2269,2266,2268,-1,2270,2271,2272,-1,2270,2268,2271,-1,2270,2269,2268,-1,2273,2272,2274,-1,2273,2270,2272,-1,2275,2273,2274,-1,2276,2274,2277,-1,2276,2275,2274,-1,2211,2277,2210,-1,2211,2276,2277,-1,2047,2211,2049,-1,2051,2211,2144,-1,2051,2049,2211,-1,2045,2211,2047,-1,2053,2051,2144,-1,2043,2211,2045,-1,2055,2053,2144,-1,2041,2211,2043,-1,2057,2055,2144,-1,2039,2211,2041,-1,2059,2057,2144,-1,2037,2211,2039,-1,2061,2059,2144,-1,2035,2211,2037,-1,2063,2061,2144,-1,2033,2211,2035,-1,2065,2063,2144,-1,2031,2211,2033,-1,2067,2065,2144,-1,2029,2211,2031,-1,2069,2067,2144,-1,2027,2211,2029,-1,2071,2069,2144,-1,2025,2211,2027,-1,2073,2071,2144,-1,2023,2211,2025,-1,2075,2073,2144,-1,2021,2211,2023,-1,2077,2075,2144,-1,2019,2211,2021,-1,2079,2077,2144,-1,2017,2276,2211,-1,2017,2211,2019,-1,2081,2144,2147,-1,2081,2079,2144,-1,2278,2276,2017,-1,2082,2147,2149,-1,2082,2081,2147,-1,2279,2276,2278,-1,2085,2149,2151,-1,2085,2082,2149,-1,2280,2276,2279,-1,2086,2151,2153,-1,2086,2085,2151,-1,2281,2276,2280,-1,2089,2153,2154,-1,2089,2086,2153,-1,2282,2276,2281,-1,2091,2154,2156,-1,2091,2089,2154,-1,2283,2276,2282,-1,2093,2156,2158,-1,2093,2091,2156,-1,2284,2276,2283,-1,2095,2158,2160,-1,2095,2093,2158,-1,2285,2276,2284,-1,2097,2095,2160,-1,2097,2160,2162,-1,2286,2276,2285,-1,2099,2162,2164,-1,2099,2097,2162,-1,2287,2276,2286,-1,2101,2164,2166,-1,2101,2099,2164,-1,2288,2276,2287,-1,2103,2166,2168,-1,2103,2101,2166,-1,2289,2276,2288,-1,2105,2168,2170,-1,2105,2103,2168,-1,2290,2276,2289,-1,2107,2170,2172,-1,2107,2105,2170,-1,2291,2276,2290,-1,2109,2172,2174,-1,2109,2107,2172,-1,2292,2276,2291,-1,2111,2109,2174,-1,2176,2111,2174,-1,2293,2276,2292,-1,2113,2111,2176,-1,2294,2276,2293,-1,2178,2113,2176,-1,2178,2115,2113,-1,2180,2115,2178,-1,2180,2116,2115,-1,2182,2116,2180,-1,2182,2119,2116,-1,2184,2119,2182,-1,2184,2121,2119,-1,2186,2123,2121,-1,2186,2121,2184,-1,2188,2125,2123,-1,2188,2123,2186,-1,2190,2126,2125,-1,2190,2125,2188,-1,2192,2129,2126,-1,2192,2126,2190,-1,2194,2129,2192,-1,2194,2131,2129,-1,2196,2131,2194,-1,2196,2132,2131,-1,2198,2132,2196,-1,2198,2135,2132,-1,2200,2135,2198,-1,2200,2137,2135,-1,2202,2137,2200,-1,2202,2139,2137,-1,2204,2139,2202,-1,2204,2141,2139,-1,2206,2141,2204,-1,2206,2143,2141,-1,2275,2295,2296,-1,2275,2297,2295,-1,2275,2298,2297,-1,2275,2299,2298,-1,2275,2300,2299,-1,2275,2301,2300,-1,2275,2302,2301,-1,2275,2303,2302,-1,2275,2304,2303,-1,2275,2305,2304,-1,2275,2306,2305,-1,2275,2307,2306,-1,2275,2294,2307,-1,2275,2276,2294,-1,2275,2308,2309,-1,2275,2296,2308,-1,2208,2143,2206,-1,2273,2275,2309,-1,2273,2309,2310,-1,2212,2143,2208,-1,2212,2311,2143,-1,2270,2273,2310,-1,2270,2310,2312,-1,2214,2311,2212,-1,2214,2313,2311,-1,2269,2270,2312,-1,2269,2312,2314,-1,2216,2315,2313,-1,2216,2313,2214,-1,2266,2269,2314,-1,2266,2314,2316,-1,2218,2315,2216,-1,2218,2317,2315,-1,2265,2266,2316,-1,2265,2316,2318,-1,2220,2317,2218,-1,2220,2319,2317,-1,2222,2319,2220,-1,2222,2320,2319,-1,2262,2265,2318,-1,2262,2318,2321,-1,2260,2262,2321,-1,2260,2321,2322,-1,2224,2320,2222,-1,2224,2323,2320,-1,2226,2323,2224,-1,2226,2324,2323,-1,2258,2260,2322,-1,2258,2322,2325,-1,2228,2324,2226,-1,2228,2326,2324,-1,2256,2258,2325,-1,2256,2325,2327,-1,2254,2256,2327,-1,2254,2327,2328,-1,2230,2329,2326,-1,2230,2326,2228,-1,2232,2329,2230,-1,2232,2330,2329,-1,2252,2254,2328,-1,2252,2328,2331,-1,2234,2330,2232,-1,2234,2332,2330,-1,2250,2252,2331,-1,2250,2331,2333,-1,2236,2332,2234,-1,2236,2334,2332,-1,2248,2250,2333,-1,2248,2333,2335,-1,2238,2334,2236,-1,2238,2336,2334,-1,2246,2248,2335,-1,2246,2335,2337,-1,2244,2246,2337,-1,2244,2337,2338,-1,2240,2336,2238,-1,2240,2339,2336,-1,2242,2244,2338,-1,2242,2339,2240,-1,2242,2338,2339,-1,2142,2143,2340,-1,2340,2311,2341,-1,2143,2311,2340,-1,2341,2313,2342,-1,2311,2313,2341,-1,2342,2315,2343,-1,2313,2315,2342,-1,2343,2317,2344,-1,2315,2317,2343,-1,2344,2319,2345,-1,2317,2319,2344,-1,2345,2320,2346,-1,2319,2320,2345,-1,2346,2323,2347,-1,2320,2323,2346,-1,2347,2324,2348,-1,2323,2324,2347,-1,2348,2326,2349,-1,2324,2326,2348,-1,2349,2329,2350,-1,2326,2329,2349,-1,2350,2330,2351,-1,2329,2330,2350,-1,2351,2332,2352,-1,2330,2332,2351,-1,2352,2334,2353,-1,2332,2334,2352,-1,2353,2336,2354,-1,2334,2336,2353,-1,2354,2339,2355,-1,2336,2339,2354,-1,2355,2338,2356,-1,2339,2338,2355,-1,2338,2337,2356,-1,2356,2337,2357,-1,2337,2335,2357,-1,2357,2335,2358,-1,2335,2333,2358,-1,2358,2333,2359,-1,2359,2331,2360,-1,2333,2331,2359,-1,2360,2328,2361,-1,2331,2328,2360,-1,2361,2327,2362,-1,2328,2327,2361,-1,2362,2325,2363,-1,2327,2325,2362,-1,2363,2322,2364,-1,2325,2322,2363,-1,2364,2321,2365,-1,2322,2321,2364,-1,2365,2318,2366,-1,2321,2318,2365,-1,2318,2316,2366,-1,2366,2316,2367,-1,2316,2314,2367,-1,2314,2312,2367,-1,2368,2312,2369,-1,2367,2312,2368,-1,2312,2310,2369,-1,2369,2310,2370,-1,2310,2309,2370,-1,2370,2309,2371,-1,2309,2308,2371,-1,2371,2308,2372,-1,2308,2296,2372,-1,2372,2296,2373,-1,2296,2295,2373,-1,2373,2295,2374,-1,2295,2297,2374,-1,2374,2297,2375,-1,2297,2298,2375,-1,2375,2298,2376,-1,2298,2299,2376,-1,2376,2299,2377,-1,2299,2300,2377,-1,2377,2300,2378,-1,2300,2301,2378,-1,2379,2302,2380,-1,2378,2302,2379,-1,2301,2302,2378,-1,2302,2303,2380,-1,2303,2304,2380,-1,2381,2304,2382,-1,2380,2304,2381,-1,2382,2305,2383,-1,2304,2305,2382,-1,2305,2306,2383,-1,2383,2306,2384,-1,2306,2307,2384,-1,2307,2294,2384,-1,2385,2294,2386,-1,2384,2294,2385,-1,2294,2293,2386,-1,2293,2292,2386,-1,2386,2292,2387,-1,2292,2291,2387,-1,2388,2291,2389,-1,2387,2291,2388,-1,2291,2290,2389,-1,2290,2289,2389,-1,2390,2289,2391,-1,2389,2289,2390,-1,2289,2288,2391,-1,2391,2288,2392,-1,2288,2287,2392,-1,2287,2286,2392,-1,2393,2286,2394,-1,2392,2286,2393,-1,2286,2285,2394,-1,2394,2285,2395,-1,2285,2284,2395,-1,2395,2284,2396,-1,2284,2283,2396,-1,2283,2282,2396,-1,2397,2282,2398,-1,2396,2282,2397,-1,2282,2281,2398,-1,2399,2280,2400,-1,2398,2280,2399,-1,2281,2280,2398,-1,2280,2279,2400,-1,2400,2279,2401,-1,2401,2278,2016,-1,2279,2278,2401,-1,2278,2017,2016,-1,2210,2046,2048,-1,2210,2050,2145,-1,2048,2050,2210,-1,2210,2044,2046,-1,2050,2052,2145,-1,2210,2042,2044,-1,2052,2054,2145,-1,2210,2040,2042,-1,2054,2056,2145,-1,2210,2038,2040,-1,2056,2058,2145,-1,2210,2036,2038,-1,2058,2060,2145,-1,2210,2034,2036,-1,2060,2062,2145,-1,2210,2032,2034,-1,2062,2064,2145,-1,2210,2030,2032,-1,2064,2066,2145,-1,2210,2028,2030,-1,2066,2068,2145,-1,2210,2026,2028,-1,2068,2070,2145,-1,2210,2024,2026,-1,2070,2072,2145,-1,2210,2022,2024,-1,2072,2074,2145,-1,2210,2020,2022,-1,2074,2076,2145,-1,2210,2018,2020,-1,2076,2078,2145,-1,2210,2016,2018,-1,2277,2016,2210,-1,2145,2080,2146,-1,2078,2080,2145,-1,2277,2401,2016,-1,2146,2083,2148,-1,2080,2083,2146,-1,2277,2400,2401,-1,2148,2084,2150,-1,2083,2084,2148,-1,2277,2399,2400,-1,2150,2087,2152,-1,2084,2087,2150,-1,2277,2398,2399,-1,2152,2088,2155,-1,2087,2088,2152,-1,2277,2397,2398,-1,2155,2090,2157,-1,2088,2090,2155,-1,2277,2396,2397,-1,2157,2092,2159,-1,2090,2092,2157,-1,2277,2395,2396,-1,2092,2094,2159,-1,2159,2094,2161,-1,2277,2394,2395,-1,2161,2096,2163,-1,2094,2096,2161,-1,2277,2393,2394,-1,2096,2098,2163,-1,2163,2098,2165,-1,2277,2392,2393,-1,2098,2100,2165,-1,2165,2100,2167,-1,2277,2391,2392,-1,2100,2102,2167,-1,2167,2102,2169,-1,2277,2390,2391,-1,2102,2104,2169,-1,2169,2104,2171,-1,2277,2389,2390,-1,2171,2106,2173,-1,2104,2106,2171,-1,2277,2388,2389,-1,2173,2108,2175,-1,2106,2108,2173,-1,2277,2387,2388,-1,2108,2110,2175,-1,2110,2177,2175,-1,2277,2386,2387,-1,2110,2112,2177,-1,2277,2385,2386,-1,2112,2179,2177,-1,2114,2179,2112,-1,2117,2181,2114,-1,2114,2181,2179,-1,2118,2183,2117,-1,2117,2183,2181,-1,2120,2185,2118,-1,2118,2185,2183,-1,2122,2187,2120,-1,2120,2187,2185,-1,2124,2189,2122,-1,2122,2189,2187,-1,2124,2191,2189,-1,2127,2191,2124,-1,2127,2193,2191,-1,2128,2193,2127,-1,2128,2195,2193,-1,2130,2195,2128,-1,2133,2197,2130,-1,2130,2197,2195,-1,2134,2199,2133,-1,2133,2199,2197,-1,2134,2201,2199,-1,2136,2201,2134,-1,2136,2203,2201,-1,2138,2203,2136,-1,2138,2205,2203,-1,2140,2205,2138,-1,2140,2207,2205,-1,2142,2207,2140,-1,2142,2209,2207,-1,2277,2274,2385,-1,2385,2274,2384,-1,2384,2274,2383,-1,2383,2274,2382,-1,2382,2274,2381,-1,2381,2274,2380,-1,2380,2274,2379,-1,2379,2274,2378,-1,2378,2274,2377,-1,2377,2274,2376,-1,2376,2274,2375,-1,2375,2274,2374,-1,2374,2274,2373,-1,2373,2274,2372,-1,2372,2274,2371,-1,2371,2274,2370,-1,2340,2213,2142,-1,2142,2213,2209,-1,2274,2272,2370,-1,2370,2272,2369,-1,2340,2215,2213,-1,2341,2215,2340,-1,2369,2271,2368,-1,2272,2271,2369,-1,2341,2217,2215,-1,2342,2217,2341,-1,2368,2268,2367,-1,2271,2268,2368,-1,2342,2219,2217,-1,2343,2219,2342,-1,2367,2267,2366,-1,2268,2267,2367,-1,2344,2221,2343,-1,2343,2221,2219,-1,2366,2264,2365,-1,2267,2264,2366,-1,2345,2223,2344,-1,2344,2223,2221,-1,2365,2263,2364,-1,2264,2263,2365,-1,2346,2225,2345,-1,2345,2225,2223,-1,2364,2261,2363,-1,2263,2261,2364,-1,2347,2227,2346,-1,2346,2227,2225,-1,2363,2259,2362,-1,2261,2259,2363,-1,2347,2229,2227,-1,2348,2229,2347,-1,2362,2257,2361,-1,2259,2257,2362,-1,2349,2231,2348,-1,2348,2231,2229,-1,2361,2255,2360,-1,2257,2255,2361,-1,2350,2233,2349,-1,2349,2233,2231,-1,2360,2253,2359,-1,2255,2253,2360,-1,2351,2235,2350,-1,2350,2235,2233,-1,2359,2251,2358,-1,2253,2251,2359,-1,2352,2237,2351,-1,2351,2237,2235,-1,2358,2249,2357,-1,2251,2249,2358,-1,2353,2239,2352,-1,2352,2239,2237,-1,2249,2247,2357,-1,2357,2247,2356,-1,2354,2241,2353,-1,2353,2241,2239,-1,2356,2245,2355,-1,2247,2245,2356,-1,2355,2243,2354,-1,2354,2243,2241,-1,2245,2243,2355,-1,2402,2403,2404,-1,2404,2405,2406,-1,2403,2405,2404,-1,2406,2407,2408,-1,2405,2407,2406,-1,2408,2409,2410,-1,2407,2409,2408,-1,2410,2411,2412,-1,2409,2411,2410,-1,2412,2413,2414,-1,2411,2413,2412,-1,2414,2415,2416,-1,2413,2415,2414,-1,2416,2417,2418,-1,2415,2417,2416,-1,2418,2419,2420,-1,2417,2419,2418,-1,2420,2421,2422,-1,2419,2421,2420,-1,2422,2423,2424,-1,2421,2423,2422,-1,2424,2425,2426,-1,2423,2425,2424,-1,2426,2427,2428,-1,2425,2427,2426,-1,2428,2429,2430,-1,2427,2429,2428,-1,2430,2431,2432,-1,2429,2431,2430,-1,2432,2433,2434,-1,2431,2433,2432,-1,2434,2435,2436,-1,2433,2435,2434,-1,2435,2437,2436,-1,2436,2437,2438,-1,2437,2439,2438,-1,2438,2439,2440,-1,2439,2441,2440,-1,2440,2441,2442,-1,2442,2443,2444,-1,2441,2443,2442,-1,2444,2445,2446,-1,2443,2445,2444,-1,2446,2447,2448,-1,2445,2447,2446,-1,2447,2449,2448,-1,2450,2451,2452,-1,2448,2451,2450,-1,2449,2451,2448,-1,2452,2453,2454,-1,2451,2453,2452,-1,2454,2455,2456,-1,2453,2455,2454,-1,2456,2457,2458,-1,2455,2457,2456,-1,2457,2459,2458,-1,2458,2459,2460,-1,2459,2461,2460,-1,2460,2461,2462,-1,2461,2463,2462,-1,2462,2463,2464,-1,2463,2465,2464,-1,2464,2465,2466,-1,2465,2467,2466,-1,2467,2468,2466,-1,2469,2468,2470,-1,2466,2468,2469,-1,2468,2471,2470,-1,2471,2472,2470,-1,2473,2472,2474,-1,2470,2472,2473,-1,2472,2475,2474,-1,2474,2475,2476,-1,2475,2477,2476,-1,2476,2477,2478,-1,2477,2479,2478,-1,2478,2479,2480,-1,2480,2481,2482,-1,2479,2481,2480,-1,2482,2483,2484,-1,2481,2483,2482,-1,2484,2485,2486,-1,2483,2485,2484,-1,2486,2487,2488,-1,2485,2487,2486,-1,2488,2489,2490,-1,2487,2489,2488,-1,2489,2491,2490,-1,2490,2491,2492,-1,2491,2493,2492,-1,2492,2493,2494,-1,2493,2495,2494,-1,2494,2495,2496,-1,2495,2497,2496,-1,2496,2497,2498,-1,2497,2499,2498,-1,2498,2499,2500,-1,2499,2501,2500,-1,2501,2502,2500,-1,2503,2502,2504,-1,2500,2502,2503,-1,2502,2505,2504,-1,2504,2505,2506,-1,2505,2507,2506,-1,2506,2507,2508,-1,2507,2509,2508,-1,2508,2509,2510,-1,2509,2511,2510,-1,2511,2512,2510,-1,2513,2512,2514,-1,2510,2512,2513,-1,2512,2515,2514,-1,2514,2515,2516,-1,2515,2517,2516,-1,2517,2518,2516,-1,2519,2518,2520,-1,2516,2518,2519,-1,2518,2521,2520,-1,2520,2521,2522,-1,2522,2523,2524,-1,2521,2523,2522,-1,2523,2525,2524,-1,2524,2525,2526,-1,2526,2527,2528,-1,2525,2527,2526,-1,2527,2529,2528,-1,2530,2531,2532,-1,2533,2532,2534,-1,2533,2530,2532,-1,2535,2534,2536,-1,2535,2533,2534,-1,2537,2536,2538,-1,2537,2535,2536,-1,2539,2537,2538,-1,2540,2538,2541,-1,2540,2539,2538,-1,2542,2541,2543,-1,2542,2540,2541,-1,2544,2543,2545,-1,2544,2542,2543,-1,2546,2544,2545,-1,2546,2545,2547,-1,2548,2546,2547,-1,2548,2547,2549,-1,2550,2548,2549,-1,2550,2549,2551,-1,2552,2550,2551,-1,2552,2551,2553,-1,2554,2553,2555,-1,2554,2552,2553,-1,2556,2555,2557,-1,2556,2554,2555,-1,2558,2557,2559,-1,2558,2556,2557,-1,2560,2559,2561,-1,2560,2558,2559,-1,2562,2561,2563,-1,2562,2560,2561,-1,2564,2563,2565,-1,2564,2562,2563,-1,2566,2565,2567,-1,2566,2564,2565,-1,2568,2567,2569,-1,2568,2566,2567,-1,2570,2569,2571,-1,2570,2568,2569,-1,2572,2571,2573,-1,2572,2570,2571,-1,2574,2573,2575,-1,2574,2572,2573,-1,2576,2575,2577,-1,2576,2574,2575,-1,2578,2577,2579,-1,2578,2576,2577,-1,2580,2579,2581,-1,2580,2578,2579,-1,2582,2581,2583,-1,2582,2580,2581,-1,2584,2583,2585,-1,2584,2582,2583,-1,2586,2585,2587,-1,2586,2584,2585,-1,2588,2587,2589,-1,2588,2586,2587,-1,2590,2589,2591,-1,2590,2588,2589,-1,2592,2591,2593,-1,2592,2590,2591,-1,2594,2593,2595,-1,2594,2592,2593,-1,2530,2596,2531,-1,2530,2597,2596,-1,2598,2594,2595,-1,2598,2595,2599,-1,2600,2599,2601,-1,2600,2598,2599,-1,2602,2601,2603,-1,2602,2600,2601,-1,2604,2603,2605,-1,2604,2602,2603,-1,2606,2605,2607,-1,2606,2604,2605,-1,2608,2607,2609,-1,2608,2606,2607,-1,2610,2609,2611,-1,2610,2608,2609,-1,2612,2610,2611,-1,2612,2611,2613,-1,2614,2612,2613,-1,2614,2613,2615,-1,2616,2614,2615,-1,2616,2615,2617,-1,2618,2616,2617,-1,2618,2617,2619,-1,2620,2618,2619,-1,2620,2619,2621,-1,2622,2621,2623,-1,2622,2620,2621,-1,2624,2623,2625,-1,2624,2622,2623,-1,2626,2625,2627,-1,2626,2624,2625,-1,2628,2627,2629,-1,2628,2626,2627,-1,2630,2629,2631,-1,2630,2628,2629,-1,2632,2631,2633,-1,2632,2630,2631,-1,2634,2633,2635,-1,2634,2632,2633,-1,2636,2635,2637,-1,2636,2634,2635,-1,2638,2637,2639,-1,2638,2636,2637,-1,2640,2639,2641,-1,2640,2638,2639,-1,2642,2641,2643,-1,2642,2640,2641,-1,2644,2643,2645,-1,2644,2642,2643,-1,2646,2645,2647,-1,2646,2644,2645,-1,2648,2649,2650,-1,2648,2647,2649,-1,2648,2646,2647,-1,2651,2648,2650,-1,2652,2653,2654,-1,2652,2650,2653,-1,2652,2651,2650,-1,2655,2652,2654,-1,2656,2657,2658,-1,2656,2654,2657,-1,2656,2655,2654,-1,2659,2658,2660,-1,2659,2656,2658,-1,2661,2659,2660,-1,2662,2660,2663,-1,2662,2661,2660,-1,2597,2663,2596,-1,2597,2662,2663,-1,2433,2597,2435,-1,2437,2597,2530,-1,2437,2435,2597,-1,2431,2597,2433,-1,2439,2437,2530,-1,2429,2597,2431,-1,2441,2439,2530,-1,2427,2597,2429,-1,2443,2441,2530,-1,2425,2597,2427,-1,2445,2443,2530,-1,2423,2597,2425,-1,2447,2445,2530,-1,2421,2597,2423,-1,2449,2447,2530,-1,2419,2597,2421,-1,2451,2449,2530,-1,2417,2597,2419,-1,2453,2451,2530,-1,2415,2597,2417,-1,2455,2453,2530,-1,2413,2597,2415,-1,2457,2455,2530,-1,2411,2597,2413,-1,2459,2457,2530,-1,2409,2597,2411,-1,2461,2459,2530,-1,2407,2597,2409,-1,2463,2461,2530,-1,2405,2597,2407,-1,2465,2463,2530,-1,2403,2662,2597,-1,2403,2597,2405,-1,2467,2530,2533,-1,2467,2465,2530,-1,2664,2662,2403,-1,2468,2533,2535,-1,2468,2467,2533,-1,2665,2662,2664,-1,2471,2535,2537,-1,2471,2468,2535,-1,2666,2662,2665,-1,2472,2537,2539,-1,2472,2471,2537,-1,2667,2662,2666,-1,2475,2539,2540,-1,2475,2472,2539,-1,2668,2662,2667,-1,2477,2540,2542,-1,2477,2475,2540,-1,2669,2662,2668,-1,2479,2542,2544,-1,2479,2477,2542,-1,2670,2662,2669,-1,2481,2544,2546,-1,2481,2479,2544,-1,2671,2662,2670,-1,2483,2481,2546,-1,2483,2546,2548,-1,2672,2662,2671,-1,2485,2548,2550,-1,2485,2483,2548,-1,2673,2662,2672,-1,2487,2550,2552,-1,2487,2485,2550,-1,2674,2662,2673,-1,2489,2552,2554,-1,2489,2487,2552,-1,2675,2662,2674,-1,2491,2554,2556,-1,2491,2489,2554,-1,2676,2662,2675,-1,2493,2556,2558,-1,2493,2491,2556,-1,2677,2662,2676,-1,2495,2558,2560,-1,2495,2493,2558,-1,2678,2662,2677,-1,2497,2495,2560,-1,2562,2497,2560,-1,2679,2662,2678,-1,2499,2497,2562,-1,2680,2662,2679,-1,2564,2499,2562,-1,2564,2501,2499,-1,2566,2501,2564,-1,2566,2502,2501,-1,2568,2502,2566,-1,2568,2505,2502,-1,2570,2505,2568,-1,2570,2507,2505,-1,2572,2509,2507,-1,2572,2507,2570,-1,2574,2511,2509,-1,2574,2509,2572,-1,2576,2512,2511,-1,2576,2511,2574,-1,2578,2515,2512,-1,2578,2512,2576,-1,2580,2515,2578,-1,2580,2517,2515,-1,2582,2517,2580,-1,2582,2518,2517,-1,2584,2518,2582,-1,2584,2521,2518,-1,2586,2521,2584,-1,2586,2523,2521,-1,2588,2523,2586,-1,2588,2525,2523,-1,2590,2525,2588,-1,2590,2527,2525,-1,2592,2527,2590,-1,2592,2529,2527,-1,2661,2681,2682,-1,2661,2683,2681,-1,2661,2684,2683,-1,2661,2685,2684,-1,2661,2686,2685,-1,2661,2687,2686,-1,2661,2688,2687,-1,2661,2689,2688,-1,2661,2690,2689,-1,2661,2691,2690,-1,2661,2692,2691,-1,2661,2693,2692,-1,2661,2680,2693,-1,2661,2662,2680,-1,2661,2694,2695,-1,2661,2682,2694,-1,2594,2529,2592,-1,2659,2661,2695,-1,2659,2695,2696,-1,2598,2529,2594,-1,2598,2697,2529,-1,2656,2659,2696,-1,2656,2696,2698,-1,2600,2697,2598,-1,2600,2699,2697,-1,2655,2656,2698,-1,2655,2698,2700,-1,2602,2701,2699,-1,2602,2699,2600,-1,2652,2655,2700,-1,2652,2700,2702,-1,2604,2701,2602,-1,2604,2703,2701,-1,2651,2652,2702,-1,2651,2702,2704,-1,2606,2703,2604,-1,2606,2705,2703,-1,2608,2705,2606,-1,2608,2706,2705,-1,2648,2651,2704,-1,2648,2704,2707,-1,2646,2648,2707,-1,2646,2707,2708,-1,2610,2706,2608,-1,2610,2709,2706,-1,2612,2709,2610,-1,2612,2710,2709,-1,2644,2646,2708,-1,2644,2708,2711,-1,2614,2710,2612,-1,2614,2712,2710,-1,2642,2644,2711,-1,2642,2711,2713,-1,2640,2642,2713,-1,2640,2713,2714,-1,2616,2715,2712,-1,2616,2712,2614,-1,2618,2715,2616,-1,2618,2716,2715,-1,2638,2640,2714,-1,2638,2714,2717,-1,2620,2716,2618,-1,2620,2718,2716,-1,2636,2638,2717,-1,2636,2717,2719,-1,2622,2718,2620,-1,2622,2720,2718,-1,2634,2636,2719,-1,2634,2719,2721,-1,2624,2720,2622,-1,2624,2722,2720,-1,2632,2634,2721,-1,2632,2721,2723,-1,2630,2632,2723,-1,2630,2723,2724,-1,2626,2722,2624,-1,2626,2725,2722,-1,2628,2630,2724,-1,2628,2725,2626,-1,2628,2724,2725,-1,2528,2529,2726,-1,2726,2697,2727,-1,2529,2697,2726,-1,2727,2699,2728,-1,2697,2699,2727,-1,2728,2701,2729,-1,2699,2701,2728,-1,2729,2703,2730,-1,2701,2703,2729,-1,2730,2705,2731,-1,2703,2705,2730,-1,2731,2706,2732,-1,2705,2706,2731,-1,2732,2709,2733,-1,2706,2709,2732,-1,2733,2710,2734,-1,2709,2710,2733,-1,2734,2712,2735,-1,2710,2712,2734,-1,2735,2715,2736,-1,2712,2715,2735,-1,2736,2716,2737,-1,2715,2716,2736,-1,2737,2718,2738,-1,2716,2718,2737,-1,2738,2720,2739,-1,2718,2720,2738,-1,2739,2722,2740,-1,2720,2722,2739,-1,2740,2725,2741,-1,2722,2725,2740,-1,2741,2724,2742,-1,2725,2724,2741,-1,2724,2723,2742,-1,2742,2723,2743,-1,2723,2721,2743,-1,2743,2721,2744,-1,2721,2719,2744,-1,2744,2719,2745,-1,2745,2717,2746,-1,2719,2717,2745,-1,2746,2714,2747,-1,2717,2714,2746,-1,2747,2713,2748,-1,2714,2713,2747,-1,2748,2711,2749,-1,2713,2711,2748,-1,2749,2708,2750,-1,2711,2708,2749,-1,2750,2707,2751,-1,2708,2707,2750,-1,2751,2704,2752,-1,2707,2704,2751,-1,2704,2702,2752,-1,2752,2702,2753,-1,2702,2700,2753,-1,2700,2698,2753,-1,2754,2698,2755,-1,2753,2698,2754,-1,2698,2696,2755,-1,2755,2696,2756,-1,2696,2695,2756,-1,2756,2695,2757,-1,2695,2694,2757,-1,2757,2694,2758,-1,2694,2682,2758,-1,2758,2682,2759,-1,2682,2681,2759,-1,2759,2681,2760,-1,2681,2683,2760,-1,2760,2683,2761,-1,2683,2684,2761,-1,2761,2684,2762,-1,2684,2685,2762,-1,2762,2685,2763,-1,2685,2686,2763,-1,2763,2686,2764,-1,2686,2687,2764,-1,2765,2688,2766,-1,2764,2688,2765,-1,2687,2688,2764,-1,2688,2689,2766,-1,2689,2690,2766,-1,2767,2690,2768,-1,2766,2690,2767,-1,2768,2691,2769,-1,2690,2691,2768,-1,2691,2692,2769,-1,2769,2692,2770,-1,2692,2693,2770,-1,2693,2680,2770,-1,2771,2680,2772,-1,2770,2680,2771,-1,2680,2679,2772,-1,2679,2678,2772,-1,2772,2678,2773,-1,2678,2677,2773,-1,2774,2677,2775,-1,2773,2677,2774,-1,2677,2676,2775,-1,2676,2675,2775,-1,2776,2675,2777,-1,2775,2675,2776,-1,2675,2674,2777,-1,2777,2674,2778,-1,2674,2673,2778,-1,2673,2672,2778,-1,2779,2672,2780,-1,2778,2672,2779,-1,2672,2671,2780,-1,2780,2671,2781,-1,2671,2670,2781,-1,2781,2670,2782,-1,2670,2669,2782,-1,2669,2668,2782,-1,2783,2668,2784,-1,2782,2668,2783,-1,2668,2667,2784,-1,2785,2666,2786,-1,2784,2666,2785,-1,2667,2666,2784,-1,2666,2665,2786,-1,2786,2665,2787,-1,2787,2664,2402,-1,2665,2664,2787,-1,2664,2403,2402,-1,2596,2432,2434,-1,2596,2436,2531,-1,2434,2436,2596,-1,2596,2430,2432,-1,2436,2438,2531,-1,2596,2428,2430,-1,2438,2440,2531,-1,2596,2426,2428,-1,2440,2442,2531,-1,2596,2424,2426,-1,2442,2444,2531,-1,2596,2422,2424,-1,2444,2446,2531,-1,2596,2420,2422,-1,2446,2448,2531,-1,2596,2418,2420,-1,2448,2450,2531,-1,2596,2416,2418,-1,2450,2452,2531,-1,2596,2414,2416,-1,2452,2454,2531,-1,2596,2412,2414,-1,2454,2456,2531,-1,2596,2410,2412,-1,2456,2458,2531,-1,2596,2408,2410,-1,2458,2460,2531,-1,2596,2406,2408,-1,2460,2462,2531,-1,2596,2404,2406,-1,2462,2464,2531,-1,2663,2402,2596,-1,2596,2402,2404,-1,2531,2466,2532,-1,2464,2466,2531,-1,2663,2787,2402,-1,2466,2469,2532,-1,2532,2469,2534,-1,2663,2786,2787,-1,2534,2470,2536,-1,2469,2470,2534,-1,2663,2785,2786,-1,2536,2473,2538,-1,2470,2473,2536,-1,2663,2784,2785,-1,2538,2474,2541,-1,2473,2474,2538,-1,2663,2783,2784,-1,2541,2476,2543,-1,2474,2476,2541,-1,2663,2782,2783,-1,2543,2478,2545,-1,2476,2478,2543,-1,2663,2781,2782,-1,2478,2480,2545,-1,2545,2480,2547,-1,2663,2780,2781,-1,2480,2482,2547,-1,2547,2482,2549,-1,2663,2779,2780,-1,2549,2484,2551,-1,2482,2484,2549,-1,2663,2778,2779,-1,2551,2486,2553,-1,2484,2486,2551,-1,2663,2777,2778,-1,2553,2488,2555,-1,2486,2488,2553,-1,2663,2776,2777,-1,2555,2490,2557,-1,2488,2490,2555,-1,2663,2775,2776,-1,2557,2492,2559,-1,2490,2492,2557,-1,2663,2774,2775,-1,2492,2494,2559,-1,2559,2494,2561,-1,2663,2773,2774,-1,2494,2496,2561,-1,2496,2563,2561,-1,2663,2772,2773,-1,2496,2498,2563,-1,2663,2771,2772,-1,2498,2565,2563,-1,2500,2565,2498,-1,2503,2567,2500,-1,2500,2567,2565,-1,2504,2569,2503,-1,2503,2569,2567,-1,2506,2571,2504,-1,2504,2571,2569,-1,2506,2573,2571,-1,2508,2573,2506,-1,2510,2575,2508,-1,2508,2575,2573,-1,2510,2577,2575,-1,2513,2577,2510,-1,2513,2579,2577,-1,2514,2579,2513,-1,2514,2581,2579,-1,2516,2581,2514,-1,2519,2583,2516,-1,2516,2583,2581,-1,2520,2585,2519,-1,2519,2585,2583,-1,2520,2587,2585,-1,2522,2587,2520,-1,2522,2589,2587,-1,2524,2589,2522,-1,2524,2591,2589,-1,2526,2591,2524,-1,2526,2593,2591,-1,2528,2593,2526,-1,2528,2595,2593,-1,2663,2660,2771,-1,2771,2660,2770,-1,2770,2660,2769,-1,2769,2660,2768,-1,2768,2660,2767,-1,2767,2660,2766,-1,2766,2660,2765,-1,2765,2660,2764,-1,2764,2660,2763,-1,2763,2660,2762,-1,2762,2660,2761,-1,2761,2660,2760,-1,2760,2660,2759,-1,2759,2660,2758,-1,2758,2660,2757,-1,2757,2660,2756,-1,2726,2599,2528,-1,2528,2599,2595,-1,2660,2658,2756,-1,2756,2658,2755,-1,2726,2601,2599,-1,2727,2601,2726,-1,2755,2657,2754,-1,2658,2657,2755,-1,2727,2603,2601,-1,2728,2603,2727,-1,2754,2654,2753,-1,2657,2654,2754,-1,2728,2605,2603,-1,2729,2605,2728,-1,2753,2653,2752,-1,2654,2653,2753,-1,2729,2607,2605,-1,2730,2607,2729,-1,2752,2650,2751,-1,2653,2650,2752,-1,2731,2609,2730,-1,2730,2609,2607,-1,2751,2649,2750,-1,2650,2649,2751,-1,2732,2611,2731,-1,2731,2611,2609,-1,2750,2647,2749,-1,2649,2647,2750,-1,2733,2613,2732,-1,2732,2613,2611,-1,2749,2645,2748,-1,2647,2645,2749,-1,2734,2615,2733,-1,2733,2615,2613,-1,2748,2643,2747,-1,2645,2643,2748,-1,2735,2617,2734,-1,2734,2617,2615,-1,2747,2641,2746,-1,2643,2641,2747,-1,2736,2619,2735,-1,2735,2619,2617,-1,2746,2639,2745,-1,2641,2639,2746,-1,2736,2621,2619,-1,2737,2621,2736,-1,2745,2637,2744,-1,2639,2637,2745,-1,2738,2623,2737,-1,2737,2623,2621,-1,2744,2635,2743,-1,2637,2635,2744,-1,2739,2625,2738,-1,2738,2625,2623,-1,2743,2633,2742,-1,2635,2633,2743,-1,2633,2631,2742,-1,2742,2631,2741,-1,2740,2627,2739,-1,2739,2627,2625,-1,2741,2629,2740,-1,2740,2629,2627,-1,2631,2629,2741,-1,2788,2789,2790,-1,2790,2791,2792,-1,2789,2791,2790,-1,2792,2793,2794,-1,2791,2793,2792,-1,2794,2795,2796,-1,2793,2795,2794,-1,2796,2797,2798,-1,2795,2797,2796,-1,2798,2799,2800,-1,2797,2799,2798,-1,2800,2801,2802,-1,2799,2801,2800,-1,2802,2803,2804,-1,2801,2803,2802,-1,2804,2805,2806,-1,2803,2805,2804,-1,2806,2807,2808,-1,2805,2807,2806,-1,2808,2809,2810,-1,2807,2809,2808,-1,2810,2811,2812,-1,2809,2811,2810,-1,2812,2813,2814,-1,2811,2813,2812,-1,2814,2815,2816,-1,2813,2815,2814,-1,2816,2817,2818,-1,2815,2817,2816,-1,2818,2819,2820,-1,2817,2819,2818,-1,2820,2821,2822,-1,2819,2821,2820,-1,2821,2823,2822,-1,2822,2823,2824,-1,2823,2825,2824,-1,2824,2825,2826,-1,2825,2827,2826,-1,2826,2827,2828,-1,2828,2829,2830,-1,2827,2829,2828,-1,2830,2831,2832,-1,2829,2831,2830,-1,2832,2833,2834,-1,2831,2833,2832,-1,2833,2835,2834,-1,2836,2837,2838,-1,2834,2837,2836,-1,2835,2837,2834,-1,2838,2839,2840,-1,2837,2839,2838,-1,2840,2841,2842,-1,2839,2841,2840,-1,2842,2843,2844,-1,2841,2843,2842,-1,2843,2845,2844,-1,2844,2845,2846,-1,2845,2847,2846,-1,2846,2847,2848,-1,2847,2849,2848,-1,2848,2849,2850,-1,2849,2851,2850,-1,2850,2851,2852,-1,2851,2853,2852,-1,2853,2854,2852,-1,2855,2854,2856,-1,2852,2854,2855,-1,2854,2857,2856,-1,2857,2858,2856,-1,2859,2858,2860,-1,2856,2858,2859,-1,2858,2861,2860,-1,2860,2861,2862,-1,2861,2863,2862,-1,2862,2863,2864,-1,2863,2865,2864,-1,2864,2865,2866,-1,2866,2867,2868,-1,2865,2867,2866,-1,2868,2869,2870,-1,2867,2869,2868,-1,2870,2871,2872,-1,2869,2871,2870,-1,2872,2873,2874,-1,2871,2873,2872,-1,2874,2875,2876,-1,2873,2875,2874,-1,2875,2877,2876,-1,2876,2877,2878,-1,2877,2879,2878,-1,2878,2879,2880,-1,2879,2881,2880,-1,2880,2881,2882,-1,2881,2883,2882,-1,2882,2883,2884,-1,2883,2885,2884,-1,2884,2885,2886,-1,2885,2887,2886,-1,2887,2888,2886,-1,2889,2888,2890,-1,2886,2888,2889,-1,2888,2891,2890,-1,2890,2891,2892,-1,2891,2893,2892,-1,2892,2893,2894,-1,2893,2895,2894,-1,2894,2895,2896,-1,2895,2897,2896,-1,2897,2898,2896,-1,2899,2898,2900,-1,2896,2898,2899,-1,2898,2901,2900,-1,2900,2901,2902,-1,2901,2903,2902,-1,2903,2904,2902,-1,2905,2904,2906,-1,2902,2904,2905,-1,2904,2907,2906,-1,2906,2907,2908,-1,2908,2909,2910,-1,2907,2909,2908,-1,2909,2911,2910,-1,2910,2911,2912,-1,2912,2913,2914,-1,2911,2913,2912,-1,2913,2915,2914,-1,2916,2917,2918,-1,2919,2918,2920,-1,2919,2916,2918,-1,2921,2920,2922,-1,2921,2919,2920,-1,2923,2922,2924,-1,2923,2921,2922,-1,2925,2923,2924,-1,2926,2924,2927,-1,2926,2925,2924,-1,2928,2927,2929,-1,2928,2926,2927,-1,2930,2929,2931,-1,2930,2928,2929,-1,2932,2930,2931,-1,2932,2931,2933,-1,2934,2932,2933,-1,2934,2933,2935,-1,2936,2934,2935,-1,2936,2935,2937,-1,2938,2936,2937,-1,2938,2937,2939,-1,2940,2939,2941,-1,2940,2938,2939,-1,2942,2941,2943,-1,2942,2940,2941,-1,2944,2943,2945,-1,2944,2942,2943,-1,2946,2945,2947,-1,2946,2944,2945,-1,2948,2947,2949,-1,2948,2946,2947,-1,2950,2949,2951,-1,2950,2948,2949,-1,2952,2951,2953,-1,2952,2950,2951,-1,2954,2953,2955,-1,2954,2952,2953,-1,2956,2955,2957,-1,2956,2954,2955,-1,2958,2957,2959,-1,2958,2956,2957,-1,2960,2959,2961,-1,2960,2958,2959,-1,2962,2961,2963,-1,2962,2960,2961,-1,2964,2963,2965,-1,2964,2962,2963,-1,2966,2965,2967,-1,2966,2964,2965,-1,2968,2967,2969,-1,2968,2966,2967,-1,2970,2969,2971,-1,2970,2968,2969,-1,2972,2971,2973,-1,2972,2970,2971,-1,2974,2973,2975,-1,2974,2972,2973,-1,2976,2975,2977,-1,2976,2974,2975,-1,2978,2977,2979,-1,2978,2976,2977,-1,2980,2979,2981,-1,2980,2978,2979,-1,2916,2982,2917,-1,2916,2983,2982,-1,2984,2980,2981,-1,2984,2981,2985,-1,2986,2985,2987,-1,2986,2984,2985,-1,2988,2987,2989,-1,2988,2986,2987,-1,2990,2989,2991,-1,2990,2988,2989,-1,2992,2991,2993,-1,2992,2990,2991,-1,2994,2993,2995,-1,2994,2992,2993,-1,2996,2995,2997,-1,2996,2994,2995,-1,2998,2996,2997,-1,2998,2997,2999,-1,3000,2998,2999,-1,3000,2999,3001,-1,3002,3000,3001,-1,3002,3001,3003,-1,3004,3002,3003,-1,3004,3003,3005,-1,3006,3004,3005,-1,3006,3005,3007,-1,3008,3007,3009,-1,3008,3006,3007,-1,3010,3009,3011,-1,3010,3008,3009,-1,3012,3011,3013,-1,3012,3010,3011,-1,3014,3013,3015,-1,3014,3012,3013,-1,3016,3015,3017,-1,3016,3014,3015,-1,3018,3017,3019,-1,3018,3016,3017,-1,3020,3019,3021,-1,3020,3018,3019,-1,3022,3021,3023,-1,3022,3020,3021,-1,3024,3023,3025,-1,3024,3022,3023,-1,3026,3025,3027,-1,3026,3024,3025,-1,3028,3027,3029,-1,3028,3026,3027,-1,3030,3029,3031,-1,3030,3028,3029,-1,3032,3031,3033,-1,3032,3030,3031,-1,3034,3035,3036,-1,3034,3033,3035,-1,3034,3032,3033,-1,3037,3034,3036,-1,3038,3039,3040,-1,3038,3036,3039,-1,3038,3037,3036,-1,3041,3038,3040,-1,3042,3043,3044,-1,3042,3040,3043,-1,3042,3041,3040,-1,3045,3044,3046,-1,3045,3042,3044,-1,3047,3045,3046,-1,3048,3046,3049,-1,3048,3047,3046,-1,2983,3049,2982,-1,2983,3048,3049,-1,2819,2983,2821,-1,2823,2983,2916,-1,2823,2821,2983,-1,2817,2983,2819,-1,2825,2823,2916,-1,2815,2983,2817,-1,2827,2825,2916,-1,2813,2983,2815,-1,2829,2827,2916,-1,2811,2983,2813,-1,2831,2829,2916,-1,2809,2983,2811,-1,2833,2831,2916,-1,2807,2983,2809,-1,2835,2833,2916,-1,2805,2983,2807,-1,2837,2835,2916,-1,2803,2983,2805,-1,2839,2837,2916,-1,2801,2983,2803,-1,2841,2839,2916,-1,2799,2983,2801,-1,2843,2841,2916,-1,2797,2983,2799,-1,2845,2843,2916,-1,2795,2983,2797,-1,2847,2845,2916,-1,2793,2983,2795,-1,2849,2847,2916,-1,2791,2983,2793,-1,2851,2849,2916,-1,2789,3048,2983,-1,2789,2983,2791,-1,2853,2916,2919,-1,2853,2851,2916,-1,3050,3048,2789,-1,2854,2919,2921,-1,2854,2853,2919,-1,3051,3048,3050,-1,2857,2921,2923,-1,2857,2854,2921,-1,3052,3048,3051,-1,2858,2923,2925,-1,2858,2857,2923,-1,3053,3048,3052,-1,2861,2925,2926,-1,2861,2858,2925,-1,3054,3048,3053,-1,2863,2926,2928,-1,2863,2861,2926,-1,3055,3048,3054,-1,2865,2928,2930,-1,2865,2863,2928,-1,3056,3048,3055,-1,2867,2930,2932,-1,2867,2865,2930,-1,3057,3048,3056,-1,2869,2867,2932,-1,2869,2932,2934,-1,3058,3048,3057,-1,2871,2934,2936,-1,2871,2869,2934,-1,3059,3048,3058,-1,2873,2936,2938,-1,2873,2871,2936,-1,3060,3048,3059,-1,2875,2938,2940,-1,2875,2873,2938,-1,3061,3048,3060,-1,2877,2940,2942,-1,2877,2875,2940,-1,3062,3048,3061,-1,2879,2942,2944,-1,2879,2877,2942,-1,3063,3048,3062,-1,2881,2944,2946,-1,2881,2879,2944,-1,3064,3048,3063,-1,2883,2881,2946,-1,2948,2883,2946,-1,3065,3048,3064,-1,2885,2883,2948,-1,3066,3048,3065,-1,2950,2885,2948,-1,2950,2887,2885,-1,2952,2887,2950,-1,2952,2888,2887,-1,2954,2888,2952,-1,2954,2891,2888,-1,2956,2891,2954,-1,2956,2893,2891,-1,2958,2895,2893,-1,2958,2893,2956,-1,2960,2897,2895,-1,2960,2895,2958,-1,2962,2898,2897,-1,2962,2897,2960,-1,2964,2901,2898,-1,2964,2898,2962,-1,2966,2901,2964,-1,2966,2903,2901,-1,2968,2903,2966,-1,2968,2904,2903,-1,2970,2904,2968,-1,2970,2907,2904,-1,2972,2907,2970,-1,2972,2909,2907,-1,2974,2909,2972,-1,2974,2911,2909,-1,2976,2911,2974,-1,2976,2913,2911,-1,2978,2913,2976,-1,2978,2915,2913,-1,3047,3067,3068,-1,3047,3069,3067,-1,3047,3070,3069,-1,3047,3071,3070,-1,3047,3072,3071,-1,3047,3073,3072,-1,3047,3074,3073,-1,3047,3075,3074,-1,3047,3076,3075,-1,3047,3077,3076,-1,3047,3078,3077,-1,3047,3079,3078,-1,3047,3066,3079,-1,3047,3048,3066,-1,3047,3080,3081,-1,3047,3068,3080,-1,2980,2915,2978,-1,3045,3047,3081,-1,3045,3081,3082,-1,2984,2915,2980,-1,2984,3083,2915,-1,3042,3045,3082,-1,3042,3082,3084,-1,2986,3083,2984,-1,2986,3085,3083,-1,3041,3042,3084,-1,3041,3084,3086,-1,2988,3087,3085,-1,2988,3085,2986,-1,3038,3041,3086,-1,3038,3086,3088,-1,2990,3087,2988,-1,2990,3089,3087,-1,3037,3038,3088,-1,3037,3088,3090,-1,2992,3089,2990,-1,2992,3091,3089,-1,2994,3091,2992,-1,2994,3092,3091,-1,3034,3037,3090,-1,3034,3090,3093,-1,3032,3034,3093,-1,3032,3093,3094,-1,2996,3092,2994,-1,2996,3095,3092,-1,2998,3095,2996,-1,2998,3096,3095,-1,3030,3032,3094,-1,3030,3094,3097,-1,3000,3096,2998,-1,3000,3098,3096,-1,3028,3030,3097,-1,3028,3097,3099,-1,3026,3028,3099,-1,3026,3099,3100,-1,3002,3101,3098,-1,3002,3098,3000,-1,3004,3101,3002,-1,3004,3102,3101,-1,3024,3026,3100,-1,3024,3100,3103,-1,3006,3102,3004,-1,3006,3104,3102,-1,3022,3024,3103,-1,3022,3103,3105,-1,3008,3104,3006,-1,3008,3106,3104,-1,3020,3022,3105,-1,3020,3105,3107,-1,3010,3106,3008,-1,3010,3108,3106,-1,3018,3020,3107,-1,3018,3107,3109,-1,3016,3018,3109,-1,3016,3109,3110,-1,3012,3108,3010,-1,3012,3111,3108,-1,3014,3016,3110,-1,3014,3111,3012,-1,3014,3110,3111,-1,2914,2915,3112,-1,3112,3083,3113,-1,2915,3083,3112,-1,3113,3085,3114,-1,3083,3085,3113,-1,3114,3087,3115,-1,3085,3087,3114,-1,3115,3089,3116,-1,3087,3089,3115,-1,3116,3091,3117,-1,3089,3091,3116,-1,3117,3092,3118,-1,3091,3092,3117,-1,3118,3095,3119,-1,3092,3095,3118,-1,3119,3096,3120,-1,3095,3096,3119,-1,3120,3098,3121,-1,3096,3098,3120,-1,3121,3101,3122,-1,3098,3101,3121,-1,3122,3102,3123,-1,3101,3102,3122,-1,3123,3104,3124,-1,3102,3104,3123,-1,3124,3106,3125,-1,3104,3106,3124,-1,3125,3108,3126,-1,3106,3108,3125,-1,3126,3111,3127,-1,3108,3111,3126,-1,3127,3110,3128,-1,3111,3110,3127,-1,3110,3109,3128,-1,3128,3109,3129,-1,3109,3107,3129,-1,3129,3107,3130,-1,3107,3105,3130,-1,3130,3105,3131,-1,3131,3103,3132,-1,3105,3103,3131,-1,3132,3100,3133,-1,3103,3100,3132,-1,3133,3099,3134,-1,3100,3099,3133,-1,3134,3097,3135,-1,3099,3097,3134,-1,3135,3094,3136,-1,3097,3094,3135,-1,3136,3093,3137,-1,3094,3093,3136,-1,3137,3090,3138,-1,3093,3090,3137,-1,3090,3088,3138,-1,3138,3088,3139,-1,3088,3086,3139,-1,3086,3084,3139,-1,3140,3084,3141,-1,3139,3084,3140,-1,3084,3082,3141,-1,3141,3082,3142,-1,3082,3081,3142,-1,3142,3081,3143,-1,3081,3080,3143,-1,3143,3080,3144,-1,3080,3068,3144,-1,3144,3068,3145,-1,3068,3067,3145,-1,3145,3067,3146,-1,3067,3069,3146,-1,3146,3069,3147,-1,3069,3070,3147,-1,3147,3070,3148,-1,3070,3071,3148,-1,3148,3071,3149,-1,3071,3072,3149,-1,3149,3072,3150,-1,3072,3073,3150,-1,3151,3074,3152,-1,3150,3074,3151,-1,3073,3074,3150,-1,3074,3075,3152,-1,3075,3076,3152,-1,3153,3076,3154,-1,3152,3076,3153,-1,3154,3077,3155,-1,3076,3077,3154,-1,3077,3078,3155,-1,3155,3078,3156,-1,3078,3079,3156,-1,3079,3066,3156,-1,3157,3066,3158,-1,3156,3066,3157,-1,3066,3065,3158,-1,3065,3064,3158,-1,3158,3064,3159,-1,3064,3063,3159,-1,3160,3063,3161,-1,3159,3063,3160,-1,3063,3062,3161,-1,3062,3061,3161,-1,3162,3061,3163,-1,3161,3061,3162,-1,3061,3060,3163,-1,3163,3060,3164,-1,3060,3059,3164,-1,3059,3058,3164,-1,3165,3058,3166,-1,3164,3058,3165,-1,3058,3057,3166,-1,3166,3057,3167,-1,3057,3056,3167,-1,3167,3056,3168,-1,3056,3055,3168,-1,3055,3054,3168,-1,3169,3054,3170,-1,3168,3054,3169,-1,3054,3053,3170,-1,3171,3052,3172,-1,3170,3052,3171,-1,3053,3052,3170,-1,3052,3051,3172,-1,3172,3051,3173,-1,3173,3050,2788,-1,3051,3050,3173,-1,3050,2789,2788,-1,2982,2818,2820,-1,2982,2822,2917,-1,2820,2822,2982,-1,2982,2816,2818,-1,2822,2824,2917,-1,2982,2814,2816,-1,2824,2826,2917,-1,2982,2812,2814,-1,2826,2828,2917,-1,2982,2810,2812,-1,2828,2830,2917,-1,2982,2808,2810,-1,2830,2832,2917,-1,2982,2806,2808,-1,2832,2834,2917,-1,2982,2804,2806,-1,2834,2836,2917,-1,2982,2802,2804,-1,2836,2838,2917,-1,2982,2800,2802,-1,2838,2840,2917,-1,2982,2798,2800,-1,2840,2842,2917,-1,2982,2796,2798,-1,2842,2844,2917,-1,2982,2794,2796,-1,2844,2846,2917,-1,2982,2792,2794,-1,2846,2848,2917,-1,2982,2790,2792,-1,2848,2850,2917,-1,3049,2788,2982,-1,2982,2788,2790,-1,2917,2852,2918,-1,2850,2852,2917,-1,3049,3173,2788,-1,2918,2855,2920,-1,2852,2855,2918,-1,3049,3172,3173,-1,2920,2856,2922,-1,2855,2856,2920,-1,3049,3171,3172,-1,2922,2859,2924,-1,2856,2859,2922,-1,3049,3170,3171,-1,2924,2860,2927,-1,2859,2860,2924,-1,3049,3169,3170,-1,2927,2862,2929,-1,2860,2862,2927,-1,3049,3168,3169,-1,2929,2864,2931,-1,2862,2864,2929,-1,3049,3167,3168,-1,2931,2866,2933,-1,2864,2866,2931,-1,3049,3166,3167,-1,2933,2868,2935,-1,2866,2868,2933,-1,3049,3165,3166,-1,2868,2870,2935,-1,2935,2870,2937,-1,3049,3164,3165,-1,2937,2872,2939,-1,2870,2872,2937,-1,3049,3163,3164,-1,2872,2874,2939,-1,2939,2874,2941,-1,3049,3162,3163,-1,2874,2876,2941,-1,2941,2876,2943,-1,3049,3161,3162,-1,2943,2878,2945,-1,2876,2878,2943,-1,3049,3160,3161,-1,2945,2880,2947,-1,2878,2880,2945,-1,3049,3159,3160,-1,2880,2882,2947,-1,2882,2949,2947,-1,3049,3158,3159,-1,2882,2884,2949,-1,3049,3157,3158,-1,2886,2951,2884,-1,2884,2951,2949,-1,2889,2953,2886,-1,2886,2953,2951,-1,2890,2955,2889,-1,2889,2955,2953,-1,2892,2957,2890,-1,2890,2957,2955,-1,2894,2959,2892,-1,2892,2959,2957,-1,2896,2961,2894,-1,2894,2961,2959,-1,2896,2963,2961,-1,2899,2963,2896,-1,2899,2965,2963,-1,2900,2965,2899,-1,2900,2967,2965,-1,2902,2967,2900,-1,2905,2969,2902,-1,2902,2969,2967,-1,2906,2971,2905,-1,2905,2971,2969,-1,2906,2973,2971,-1,2908,2973,2906,-1,2908,2975,2973,-1,2910,2975,2908,-1,2910,2977,2975,-1,2912,2977,2910,-1,2914,2979,2912,-1,2912,2979,2977,-1,2914,2981,2979,-1,3049,3046,3157,-1,3157,3046,3156,-1,3156,3046,3155,-1,3155,3046,3154,-1,3154,3046,3153,-1,3153,3046,3152,-1,3152,3046,3151,-1,3151,3046,3150,-1,3150,3046,3149,-1,3149,3046,3148,-1,3148,3046,3147,-1,3147,3046,3146,-1,3146,3046,3145,-1,3145,3046,3144,-1,3144,3046,3143,-1,3143,3046,3142,-1,3112,2985,2914,-1,2914,2985,2981,-1,3046,3044,3142,-1,3142,3044,3141,-1,3112,2987,2985,-1,3113,2987,3112,-1,3141,3043,3140,-1,3044,3043,3141,-1,3113,2989,2987,-1,3114,2989,3113,-1,3140,3040,3139,-1,3043,3040,3140,-1,3114,2991,2989,-1,3115,2991,3114,-1,3139,3039,3138,-1,3040,3039,3139,-1,3116,2993,3115,-1,3115,2993,2991,-1,3138,3036,3137,-1,3039,3036,3138,-1,3117,2995,3116,-1,3116,2995,2993,-1,3137,3035,3136,-1,3036,3035,3137,-1,3118,2997,3117,-1,3117,2997,2995,-1,3136,3033,3135,-1,3035,3033,3136,-1,3118,2999,2997,-1,3119,2999,3118,-1,3135,3031,3134,-1,3033,3031,3135,-1,3120,3001,3119,-1,3119,3001,2999,-1,3134,3029,3133,-1,3031,3029,3134,-1,3121,3003,3120,-1,3120,3003,3001,-1,3133,3027,3132,-1,3029,3027,3133,-1,3122,3005,3121,-1,3121,3005,3003,-1,3132,3025,3131,-1,3027,3025,3132,-1,3123,3007,3122,-1,3122,3007,3005,-1,3131,3023,3130,-1,3025,3023,3131,-1,3124,3009,3123,-1,3123,3009,3007,-1,3130,3021,3129,-1,3023,3021,3130,-1,3125,3011,3124,-1,3124,3011,3009,-1,3129,3019,3128,-1,3021,3019,3129,-1,3126,3013,3125,-1,3125,3013,3011,-1,3128,3017,3127,-1,3019,3017,3128,-1,3127,3015,3126,-1,3126,3015,3013,-1,3017,3015,3127,-1,3174,3175,3176,-1,3176,3177,3178,-1,3175,3177,3176,-1,3178,3179,3180,-1,3177,3179,3178,-1,3180,3181,3182,-1,3179,3181,3180,-1,3182,3183,3184,-1,3181,3183,3182,-1,3184,3185,3186,-1,3183,3185,3184,-1,3186,3187,3188,-1,3185,3187,3186,-1,3188,3189,3190,-1,3187,3189,3188,-1,3190,3191,3192,-1,3189,3191,3190,-1,3192,3193,3194,-1,3191,3193,3192,-1,3194,3195,3196,-1,3193,3195,3194,-1,3196,3197,3198,-1,3195,3197,3196,-1,3198,3199,3200,-1,3197,3199,3198,-1,3200,3201,3202,-1,3199,3201,3200,-1,3202,3203,3204,-1,3201,3203,3202,-1,3204,3205,3206,-1,3203,3205,3204,-1,3206,3207,3208,-1,3205,3207,3206,-1,3207,3209,3208,-1,3208,3209,3210,-1,3209,3211,3210,-1,3210,3211,3212,-1,3211,3213,3212,-1,3212,3213,3214,-1,3214,3215,3216,-1,3213,3215,3214,-1,3216,3217,3218,-1,3215,3217,3216,-1,3218,3219,3220,-1,3217,3219,3218,-1,3219,3221,3220,-1,3222,3223,3224,-1,3220,3223,3222,-1,3221,3223,3220,-1,3224,3225,3226,-1,3223,3225,3224,-1,3226,3227,3228,-1,3225,3227,3226,-1,3228,3229,3230,-1,3227,3229,3228,-1,3229,3231,3230,-1,3230,3231,3232,-1,3231,3233,3232,-1,3232,3233,3234,-1,3233,3235,3234,-1,3234,3235,3236,-1,3235,3237,3236,-1,3236,3237,3238,-1,3237,3239,3238,-1,3239,3240,3238,-1,3241,3240,3242,-1,3238,3240,3241,-1,3240,3243,3242,-1,3243,3244,3242,-1,3245,3244,3246,-1,3242,3244,3245,-1,3244,3247,3246,-1,3246,3247,3248,-1,3247,3249,3248,-1,3248,3249,3250,-1,3249,3251,3250,-1,3250,3251,3252,-1,3252,3253,3254,-1,3251,3253,3252,-1,3254,3255,3256,-1,3253,3255,3254,-1,3256,3257,3258,-1,3255,3257,3256,-1,3258,3259,3260,-1,3257,3259,3258,-1,3260,3261,3262,-1,3259,3261,3260,-1,3261,3263,3262,-1,3262,3263,3264,-1,3263,3265,3264,-1,3264,3265,3266,-1,3265,3267,3266,-1,3266,3267,3268,-1,3267,3269,3268,-1,3268,3269,3270,-1,3269,3271,3270,-1,3270,3271,3272,-1,3271,3273,3272,-1,3273,3274,3272,-1,3275,3274,3276,-1,3272,3274,3275,-1,3274,3277,3276,-1,3276,3277,3278,-1,3277,3279,3278,-1,3278,3279,3280,-1,3279,3281,3280,-1,3280,3281,3282,-1,3281,3283,3282,-1,3283,3284,3282,-1,3285,3284,3286,-1,3282,3284,3285,-1,3284,3287,3286,-1,3286,3287,3288,-1,3287,3289,3288,-1,3289,3290,3288,-1,3291,3290,3292,-1,3288,3290,3291,-1,3290,3293,3292,-1,3292,3293,3294,-1,3294,3295,3296,-1,3293,3295,3294,-1,3295,3297,3296,-1,3296,3297,3298,-1,3298,3299,3300,-1,3297,3299,3298,-1,3299,3301,3300,-1,3302,3303,3304,-1,3305,3304,3306,-1,3305,3302,3304,-1,3307,3306,3308,-1,3307,3305,3306,-1,3309,3308,3310,-1,3309,3307,3308,-1,3311,3309,3310,-1,3312,3310,3313,-1,3312,3311,3310,-1,3314,3313,3315,-1,3314,3312,3313,-1,3316,3315,3317,-1,3316,3314,3315,-1,3318,3316,3317,-1,3318,3317,3319,-1,3320,3318,3319,-1,3320,3319,3321,-1,3322,3320,3321,-1,3322,3321,3323,-1,3324,3322,3323,-1,3324,3323,3325,-1,3326,3325,3327,-1,3326,3324,3325,-1,3328,3327,3329,-1,3328,3326,3327,-1,3330,3329,3331,-1,3330,3328,3329,-1,3332,3331,3333,-1,3332,3330,3331,-1,3334,3333,3335,-1,3334,3332,3333,-1,3336,3335,3337,-1,3336,3334,3335,-1,3338,3337,3339,-1,3338,3336,3337,-1,3340,3339,3341,-1,3340,3338,3339,-1,3342,3341,3343,-1,3342,3340,3341,-1,3344,3343,3345,-1,3344,3342,3343,-1,3346,3345,3347,-1,3346,3344,3345,-1,3348,3347,3349,-1,3348,3346,3347,-1,3350,3349,3351,-1,3350,3348,3349,-1,3352,3351,3353,-1,3352,3350,3351,-1,3354,3353,3355,-1,3354,3352,3353,-1,3356,3355,3357,-1,3356,3354,3355,-1,3358,3357,3359,-1,3358,3356,3357,-1,3360,3359,3361,-1,3360,3358,3359,-1,3362,3361,3363,-1,3362,3360,3361,-1,3364,3363,3365,-1,3364,3362,3363,-1,3366,3365,3367,-1,3366,3364,3365,-1,3302,3368,3303,-1,3302,3369,3368,-1,3370,3366,3367,-1,3370,3367,3371,-1,3372,3371,3373,-1,3372,3370,3371,-1,3374,3373,3375,-1,3374,3372,3373,-1,3376,3375,3377,-1,3376,3374,3375,-1,3378,3377,3379,-1,3378,3376,3377,-1,3380,3379,3381,-1,3380,3378,3379,-1,3382,3381,3383,-1,3382,3380,3381,-1,3384,3382,3383,-1,3384,3383,3385,-1,3386,3384,3385,-1,3386,3385,3387,-1,3388,3386,3387,-1,3388,3387,3389,-1,3390,3388,3389,-1,3390,3389,3391,-1,3392,3390,3391,-1,3392,3391,3393,-1,3394,3393,3395,-1,3394,3392,3393,-1,3396,3395,3397,-1,3396,3394,3395,-1,3398,3397,3399,-1,3398,3396,3397,-1,3400,3399,3401,-1,3400,3398,3399,-1,3402,3401,3403,-1,3402,3400,3401,-1,3404,3403,3405,-1,3404,3402,3403,-1,3406,3405,3407,-1,3406,3404,3405,-1,3408,3407,3409,-1,3408,3406,3407,-1,3410,3409,3411,-1,3410,3408,3409,-1,3412,3411,3413,-1,3412,3410,3411,-1,3414,3413,3415,-1,3414,3412,3413,-1,3416,3415,3417,-1,3416,3414,3415,-1,3418,3417,3419,-1,3418,3416,3417,-1,3420,3421,3422,-1,3420,3419,3421,-1,3420,3418,3419,-1,3423,3420,3422,-1,3424,3425,3426,-1,3424,3422,3425,-1,3424,3423,3422,-1,3427,3424,3426,-1,3428,3429,3430,-1,3428,3426,3429,-1,3428,3427,3426,-1,3431,3430,3432,-1,3431,3428,3430,-1,3433,3431,3432,-1,3434,3432,3435,-1,3434,3433,3432,-1,3369,3435,3368,-1,3369,3434,3435,-1,3205,3369,3207,-1,3209,3369,3302,-1,3209,3207,3369,-1,3203,3369,3205,-1,3211,3209,3302,-1,3201,3369,3203,-1,3213,3211,3302,-1,3199,3369,3201,-1,3215,3213,3302,-1,3197,3369,3199,-1,3217,3215,3302,-1,3195,3369,3197,-1,3219,3217,3302,-1,3193,3369,3195,-1,3221,3219,3302,-1,3191,3369,3193,-1,3223,3221,3302,-1,3189,3369,3191,-1,3225,3223,3302,-1,3187,3369,3189,-1,3227,3225,3302,-1,3185,3369,3187,-1,3229,3227,3302,-1,3183,3369,3185,-1,3231,3229,3302,-1,3181,3369,3183,-1,3233,3231,3302,-1,3179,3369,3181,-1,3235,3233,3302,-1,3177,3369,3179,-1,3237,3235,3302,-1,3175,3434,3369,-1,3175,3369,3177,-1,3239,3302,3305,-1,3239,3237,3302,-1,3436,3434,3175,-1,3240,3305,3307,-1,3240,3239,3305,-1,3437,3434,3436,-1,3243,3307,3309,-1,3243,3240,3307,-1,3438,3434,3437,-1,3244,3309,3311,-1,3244,3243,3309,-1,3439,3434,3438,-1,3247,3311,3312,-1,3247,3244,3311,-1,3440,3434,3439,-1,3249,3312,3314,-1,3249,3247,3312,-1,3441,3434,3440,-1,3251,3314,3316,-1,3251,3249,3314,-1,3442,3434,3441,-1,3253,3316,3318,-1,3253,3251,3316,-1,3443,3434,3442,-1,3255,3253,3318,-1,3255,3318,3320,-1,3444,3434,3443,-1,3257,3320,3322,-1,3257,3255,3320,-1,3445,3434,3444,-1,3259,3322,3324,-1,3259,3257,3322,-1,3446,3434,3445,-1,3261,3324,3326,-1,3261,3259,3324,-1,3447,3434,3446,-1,3263,3326,3328,-1,3263,3261,3326,-1,3448,3434,3447,-1,3265,3328,3330,-1,3265,3263,3328,-1,3449,3434,3448,-1,3267,3330,3332,-1,3267,3265,3330,-1,3450,3434,3449,-1,3269,3267,3332,-1,3334,3269,3332,-1,3451,3434,3450,-1,3271,3269,3334,-1,3452,3434,3451,-1,3336,3271,3334,-1,3336,3273,3271,-1,3338,3273,3336,-1,3338,3274,3273,-1,3340,3274,3338,-1,3340,3277,3274,-1,3342,3277,3340,-1,3342,3279,3277,-1,3344,3281,3279,-1,3344,3279,3342,-1,3346,3283,3281,-1,3346,3281,3344,-1,3348,3284,3283,-1,3348,3283,3346,-1,3350,3287,3284,-1,3350,3284,3348,-1,3352,3287,3350,-1,3352,3289,3287,-1,3354,3289,3352,-1,3354,3290,3289,-1,3356,3290,3354,-1,3356,3293,3290,-1,3358,3293,3356,-1,3358,3295,3293,-1,3360,3295,3358,-1,3360,3297,3295,-1,3362,3297,3360,-1,3362,3299,3297,-1,3364,3299,3362,-1,3364,3301,3299,-1,3433,3453,3454,-1,3433,3455,3453,-1,3433,3456,3455,-1,3433,3457,3456,-1,3433,3458,3457,-1,3433,3459,3458,-1,3433,3460,3459,-1,3433,3461,3460,-1,3433,3462,3461,-1,3433,3463,3462,-1,3433,3464,3463,-1,3433,3465,3464,-1,3433,3452,3465,-1,3433,3434,3452,-1,3433,3466,3467,-1,3433,3454,3466,-1,3366,3301,3364,-1,3431,3433,3467,-1,3431,3467,3468,-1,3370,3301,3366,-1,3370,3469,3301,-1,3428,3431,3468,-1,3428,3468,3470,-1,3372,3469,3370,-1,3372,3471,3469,-1,3427,3428,3470,-1,3427,3470,3472,-1,3374,3473,3471,-1,3374,3471,3372,-1,3424,3427,3472,-1,3424,3472,3474,-1,3376,3473,3374,-1,3376,3475,3473,-1,3423,3424,3474,-1,3423,3474,3476,-1,3378,3475,3376,-1,3378,3477,3475,-1,3380,3477,3378,-1,3380,3478,3477,-1,3420,3423,3476,-1,3420,3476,3479,-1,3418,3420,3479,-1,3418,3479,3480,-1,3382,3478,3380,-1,3382,3481,3478,-1,3384,3481,3382,-1,3384,3482,3481,-1,3416,3418,3480,-1,3416,3480,3483,-1,3386,3482,3384,-1,3386,3484,3482,-1,3414,3416,3483,-1,3414,3483,3485,-1,3412,3414,3485,-1,3412,3485,3486,-1,3388,3487,3484,-1,3388,3484,3386,-1,3390,3487,3388,-1,3390,3488,3487,-1,3410,3412,3486,-1,3410,3486,3489,-1,3392,3488,3390,-1,3392,3490,3488,-1,3408,3410,3489,-1,3408,3489,3491,-1,3394,3490,3392,-1,3394,3492,3490,-1,3406,3408,3491,-1,3406,3491,3493,-1,3396,3492,3394,-1,3396,3494,3492,-1,3404,3406,3493,-1,3404,3493,3495,-1,3402,3404,3495,-1,3402,3495,3496,-1,3398,3494,3396,-1,3398,3497,3494,-1,3400,3402,3496,-1,3400,3497,3398,-1,3400,3496,3497,-1,3300,3301,3498,-1,3498,3469,3499,-1,3301,3469,3498,-1,3499,3471,3500,-1,3469,3471,3499,-1,3500,3473,3501,-1,3471,3473,3500,-1,3501,3475,3502,-1,3473,3475,3501,-1,3502,3477,3503,-1,3475,3477,3502,-1,3503,3478,3504,-1,3477,3478,3503,-1,3504,3481,3505,-1,3478,3481,3504,-1,3505,3482,3506,-1,3481,3482,3505,-1,3506,3484,3507,-1,3482,3484,3506,-1,3507,3487,3508,-1,3484,3487,3507,-1,3508,3488,3509,-1,3487,3488,3508,-1,3509,3490,3510,-1,3488,3490,3509,-1,3510,3492,3511,-1,3490,3492,3510,-1,3511,3494,3512,-1,3492,3494,3511,-1,3512,3497,3513,-1,3494,3497,3512,-1,3513,3496,3514,-1,3497,3496,3513,-1,3496,3495,3514,-1,3514,3495,3515,-1,3495,3493,3515,-1,3515,3493,3516,-1,3493,3491,3516,-1,3516,3491,3517,-1,3517,3489,3518,-1,3491,3489,3517,-1,3518,3486,3519,-1,3489,3486,3518,-1,3519,3485,3520,-1,3486,3485,3519,-1,3520,3483,3521,-1,3485,3483,3520,-1,3521,3480,3522,-1,3483,3480,3521,-1,3522,3479,3523,-1,3480,3479,3522,-1,3523,3476,3524,-1,3479,3476,3523,-1,3476,3474,3524,-1,3524,3474,3525,-1,3474,3472,3525,-1,3472,3470,3525,-1,3526,3470,3527,-1,3525,3470,3526,-1,3470,3468,3527,-1,3527,3468,3528,-1,3468,3467,3528,-1,3528,3467,3529,-1,3467,3466,3529,-1,3529,3466,3530,-1,3466,3454,3530,-1,3530,3454,3531,-1,3454,3453,3531,-1,3531,3453,3532,-1,3453,3455,3532,-1,3532,3455,3533,-1,3455,3456,3533,-1,3533,3456,3534,-1,3456,3457,3534,-1,3534,3457,3535,-1,3457,3458,3535,-1,3535,3458,3536,-1,3458,3459,3536,-1,3537,3460,3538,-1,3536,3460,3537,-1,3459,3460,3536,-1,3460,3461,3538,-1,3461,3462,3538,-1,3539,3462,3540,-1,3538,3462,3539,-1,3540,3463,3541,-1,3462,3463,3540,-1,3463,3464,3541,-1,3541,3464,3542,-1,3464,3465,3542,-1,3465,3452,3542,-1,3543,3452,3544,-1,3542,3452,3543,-1,3452,3451,3544,-1,3451,3450,3544,-1,3544,3450,3545,-1,3450,3449,3545,-1,3546,3449,3547,-1,3545,3449,3546,-1,3449,3448,3547,-1,3448,3447,3547,-1,3548,3447,3549,-1,3547,3447,3548,-1,3447,3446,3549,-1,3549,3446,3550,-1,3446,3445,3550,-1,3445,3444,3550,-1,3551,3444,3552,-1,3550,3444,3551,-1,3444,3443,3552,-1,3552,3443,3553,-1,3443,3442,3553,-1,3553,3442,3554,-1,3442,3441,3554,-1,3441,3440,3554,-1,3555,3440,3556,-1,3554,3440,3555,-1,3440,3439,3556,-1,3557,3438,3558,-1,3556,3438,3557,-1,3439,3438,3556,-1,3438,3437,3558,-1,3558,3437,3559,-1,3559,3436,3174,-1,3437,3436,3559,-1,3436,3175,3174,-1,3368,3204,3206,-1,3368,3208,3303,-1,3206,3208,3368,-1,3368,3202,3204,-1,3208,3210,3303,-1,3368,3200,3202,-1,3210,3212,3303,-1,3368,3198,3200,-1,3212,3214,3303,-1,3368,3196,3198,-1,3214,3216,3303,-1,3368,3194,3196,-1,3216,3218,3303,-1,3368,3192,3194,-1,3218,3220,3303,-1,3368,3190,3192,-1,3220,3222,3303,-1,3368,3188,3190,-1,3222,3224,3303,-1,3368,3186,3188,-1,3224,3226,3303,-1,3368,3184,3186,-1,3226,3228,3303,-1,3368,3182,3184,-1,3228,3230,3303,-1,3368,3180,3182,-1,3230,3232,3303,-1,3368,3178,3180,-1,3232,3234,3303,-1,3368,3176,3178,-1,3234,3236,3303,-1,3368,3174,3176,-1,3435,3174,3368,-1,3303,3238,3304,-1,3236,3238,3303,-1,3435,3559,3174,-1,3304,3241,3306,-1,3238,3241,3304,-1,3435,3558,3559,-1,3306,3242,3308,-1,3241,3242,3306,-1,3435,3557,3558,-1,3308,3245,3310,-1,3242,3245,3308,-1,3435,3556,3557,-1,3310,3246,3313,-1,3245,3246,3310,-1,3435,3555,3556,-1,3313,3248,3315,-1,3246,3248,3313,-1,3435,3554,3555,-1,3315,3250,3317,-1,3248,3250,3315,-1,3435,3553,3554,-1,3250,3252,3317,-1,3317,3252,3319,-1,3435,3552,3553,-1,3319,3254,3321,-1,3252,3254,3319,-1,3435,3551,3552,-1,3254,3256,3321,-1,3321,3256,3323,-1,3435,3550,3551,-1,3256,3258,3323,-1,3323,3258,3325,-1,3435,3549,3550,-1,3258,3260,3325,-1,3325,3260,3327,-1,3435,3548,3549,-1,3260,3262,3327,-1,3327,3262,3329,-1,3435,3547,3548,-1,3329,3264,3331,-1,3262,3264,3329,-1,3435,3546,3547,-1,3331,3266,3333,-1,3264,3266,3331,-1,3435,3545,3546,-1,3266,3268,3333,-1,3268,3335,3333,-1,3435,3544,3545,-1,3268,3270,3335,-1,3435,3543,3544,-1,3270,3337,3335,-1,3272,3337,3270,-1,3275,3339,3272,-1,3272,3339,3337,-1,3276,3341,3275,-1,3275,3341,3339,-1,3278,3343,3276,-1,3276,3343,3341,-1,3280,3345,3278,-1,3278,3345,3343,-1,3282,3347,3280,-1,3280,3347,3345,-1,3282,3349,3347,-1,3285,3349,3282,-1,3285,3351,3349,-1,3286,3351,3285,-1,3286,3353,3351,-1,3288,3353,3286,-1,3291,3355,3288,-1,3288,3355,3353,-1,3292,3357,3291,-1,3291,3357,3355,-1,3292,3359,3357,-1,3294,3359,3292,-1,3294,3361,3359,-1,3296,3361,3294,-1,3296,3363,3361,-1,3298,3363,3296,-1,3298,3365,3363,-1,3300,3365,3298,-1,3300,3367,3365,-1,3435,3432,3543,-1,3543,3432,3542,-1,3542,3432,3541,-1,3541,3432,3540,-1,3540,3432,3539,-1,3539,3432,3538,-1,3538,3432,3537,-1,3537,3432,3536,-1,3536,3432,3535,-1,3535,3432,3534,-1,3534,3432,3533,-1,3533,3432,3532,-1,3532,3432,3531,-1,3531,3432,3530,-1,3530,3432,3529,-1,3529,3432,3528,-1,3498,3371,3300,-1,3300,3371,3367,-1,3432,3430,3528,-1,3528,3430,3527,-1,3498,3373,3371,-1,3499,3373,3498,-1,3527,3429,3526,-1,3430,3429,3527,-1,3499,3375,3373,-1,3500,3375,3499,-1,3526,3426,3525,-1,3429,3426,3526,-1,3500,3377,3375,-1,3501,3377,3500,-1,3525,3425,3524,-1,3426,3425,3525,-1,3502,3379,3501,-1,3501,3379,3377,-1,3524,3422,3523,-1,3425,3422,3524,-1,3503,3381,3502,-1,3502,3381,3379,-1,3523,3421,3522,-1,3422,3421,3523,-1,3504,3383,3503,-1,3503,3383,3381,-1,3522,3419,3521,-1,3421,3419,3522,-1,3505,3385,3504,-1,3504,3385,3383,-1,3521,3417,3520,-1,3419,3417,3521,-1,3505,3387,3385,-1,3506,3387,3505,-1,3520,3415,3519,-1,3417,3415,3520,-1,3507,3389,3506,-1,3506,3389,3387,-1,3519,3413,3518,-1,3415,3413,3519,-1,3508,3391,3507,-1,3507,3391,3389,-1,3518,3411,3517,-1,3413,3411,3518,-1,3509,3393,3508,-1,3508,3393,3391,-1,3517,3409,3516,-1,3411,3409,3517,-1,3510,3395,3509,-1,3509,3395,3393,-1,3516,3407,3515,-1,3409,3407,3516,-1,3511,3397,3510,-1,3510,3397,3395,-1,3407,3405,3515,-1,3515,3405,3514,-1,3512,3399,3511,-1,3511,3399,3397,-1,3514,3403,3513,-1,3405,3403,3514,-1,3513,3401,3512,-1,3512,3401,3399,-1,3403,3401,3513,-1,3560,3561,3562,-1,3562,3563,3564,-1,3561,3563,3562,-1,3564,3565,3566,-1,3563,3565,3564,-1,3566,3567,3568,-1,3565,3567,3566,-1,3568,3569,3570,-1,3567,3569,3568,-1,3570,3571,3572,-1,3569,3571,3570,-1,3572,3573,3574,-1,3571,3573,3572,-1,3574,3575,3576,-1,3573,3575,3574,-1,3576,3577,3578,-1,3575,3577,3576,-1,3578,3579,3580,-1,3577,3579,3578,-1,3580,3581,3582,-1,3579,3581,3580,-1,3582,3583,3584,-1,3581,3583,3582,-1,3584,3585,3586,-1,3583,3585,3584,-1,3586,3587,3588,-1,3585,3587,3586,-1,3588,3589,3590,-1,3587,3589,3588,-1,3590,3591,3592,-1,3589,3591,3590,-1,3592,3593,3594,-1,3591,3593,3592,-1,3593,3595,3594,-1,3594,3595,3596,-1,3595,3597,3596,-1,3596,3597,3598,-1,3597,3599,3598,-1,3598,3599,3600,-1,3600,3601,3602,-1,3599,3601,3600,-1,3602,3603,3604,-1,3601,3603,3602,-1,3604,3605,3606,-1,3603,3605,3604,-1,3605,3607,3606,-1,3608,3609,3610,-1,3606,3609,3608,-1,3607,3609,3606,-1,3610,3611,3612,-1,3609,3611,3610,-1,3612,3613,3614,-1,3611,3613,3612,-1,3614,3615,3616,-1,3613,3615,3614,-1,3615,3617,3616,-1,3616,3617,3618,-1,3617,3619,3618,-1,3618,3619,3620,-1,3619,3621,3620,-1,3620,3621,3622,-1,3621,3623,3622,-1,3622,3623,3624,-1,3623,3625,3624,-1,3625,3626,3624,-1,3627,3626,3628,-1,3624,3626,3627,-1,3626,3629,3628,-1,3629,3630,3628,-1,3631,3630,3632,-1,3628,3630,3631,-1,3630,3633,3632,-1,3632,3633,3634,-1,3633,3635,3634,-1,3634,3635,3636,-1,3635,3637,3636,-1,3636,3637,3638,-1,3638,3639,3640,-1,3637,3639,3638,-1,3640,3641,3642,-1,3639,3641,3640,-1,3642,3643,3644,-1,3641,3643,3642,-1,3644,3645,3646,-1,3643,3645,3644,-1,3646,3647,3648,-1,3645,3647,3646,-1,3647,3649,3648,-1,3648,3649,3650,-1,3649,3651,3650,-1,3650,3651,3652,-1,3651,3653,3652,-1,3652,3653,3654,-1,3653,3655,3654,-1,3654,3655,3656,-1,3655,3657,3656,-1,3656,3657,3658,-1,3657,3659,3658,-1,3659,3660,3658,-1,3661,3660,3662,-1,3658,3660,3661,-1,3660,3663,3662,-1,3662,3663,3664,-1,3663,3665,3664,-1,3664,3665,3666,-1,3665,3667,3666,-1,3666,3667,3668,-1,3667,3669,3668,-1,3669,3670,3668,-1,3671,3670,3672,-1,3668,3670,3671,-1,3670,3673,3672,-1,3672,3673,3674,-1,3673,3675,3674,-1,3675,3676,3674,-1,3677,3676,3678,-1,3674,3676,3677,-1,3676,3679,3678,-1,3678,3679,3680,-1,3680,3681,3682,-1,3679,3681,3680,-1,3681,3683,3682,-1,3682,3683,3684,-1,3684,3685,3686,-1,3683,3685,3684,-1,3685,3687,3686,-1,3688,3689,3690,-1,3691,3690,3692,-1,3691,3688,3690,-1,3693,3692,3694,-1,3693,3691,3692,-1,3695,3694,3696,-1,3695,3693,3694,-1,3697,3695,3696,-1,3698,3696,3699,-1,3698,3697,3696,-1,3700,3699,3701,-1,3700,3698,3699,-1,3702,3701,3703,-1,3702,3700,3701,-1,3704,3702,3703,-1,3704,3703,3705,-1,3706,3704,3705,-1,3706,3705,3707,-1,3708,3706,3707,-1,3708,3707,3709,-1,3710,3708,3709,-1,3710,3709,3711,-1,3712,3711,3713,-1,3712,3710,3711,-1,3714,3713,3715,-1,3714,3712,3713,-1,3716,3715,3717,-1,3716,3714,3715,-1,3718,3717,3719,-1,3718,3716,3717,-1,3720,3719,3721,-1,3720,3718,3719,-1,3722,3721,3723,-1,3722,3720,3721,-1,3724,3723,3725,-1,3724,3722,3723,-1,3726,3725,3727,-1,3726,3724,3725,-1,3728,3727,3729,-1,3728,3726,3727,-1,3730,3729,3731,-1,3730,3728,3729,-1,3732,3731,3733,-1,3732,3730,3731,-1,3734,3733,3735,-1,3734,3732,3733,-1,3736,3735,3737,-1,3736,3734,3735,-1,3738,3737,3739,-1,3738,3736,3737,-1,3740,3739,3741,-1,3740,3738,3739,-1,3742,3741,3743,-1,3742,3740,3741,-1,3744,3743,3745,-1,3744,3742,3743,-1,3746,3745,3747,-1,3746,3744,3745,-1,3748,3747,3749,-1,3748,3746,3747,-1,3750,3749,3751,-1,3750,3748,3749,-1,3752,3751,3753,-1,3752,3750,3751,-1,3688,3754,3689,-1,3688,3755,3754,-1,3756,3752,3753,-1,3756,3753,3757,-1,3758,3757,3759,-1,3758,3756,3757,-1,3760,3759,3761,-1,3760,3758,3759,-1,3762,3761,3763,-1,3762,3760,3761,-1,3764,3763,3765,-1,3764,3762,3763,-1,3766,3765,3767,-1,3766,3764,3765,-1,3768,3767,3769,-1,3768,3766,3767,-1,3770,3768,3769,-1,3770,3769,3771,-1,3772,3770,3771,-1,3772,3771,3773,-1,3774,3772,3773,-1,3774,3773,3775,-1,3776,3774,3775,-1,3776,3775,3777,-1,3778,3776,3777,-1,3778,3777,3779,-1,3780,3779,3781,-1,3780,3778,3779,-1,3782,3781,3783,-1,3782,3780,3781,-1,3784,3783,3785,-1,3784,3782,3783,-1,3786,3785,3787,-1,3786,3784,3785,-1,3788,3787,3789,-1,3788,3786,3787,-1,3790,3789,3791,-1,3790,3788,3789,-1,3792,3791,3793,-1,3792,3790,3791,-1,3794,3793,3795,-1,3794,3792,3793,-1,3796,3795,3797,-1,3796,3794,3795,-1,3798,3797,3799,-1,3798,3796,3797,-1,3800,3799,3801,-1,3800,3798,3799,-1,3802,3801,3803,-1,3802,3800,3801,-1,3804,3803,3805,-1,3804,3802,3803,-1,3806,3807,3808,-1,3806,3805,3807,-1,3806,3804,3805,-1,3809,3806,3808,-1,3810,3811,3812,-1,3810,3808,3811,-1,3810,3809,3808,-1,3813,3810,3812,-1,3814,3815,3816,-1,3814,3812,3815,-1,3814,3813,3812,-1,3817,3816,3818,-1,3817,3814,3816,-1,3819,3817,3818,-1,3820,3818,3821,-1,3820,3819,3818,-1,3755,3821,3754,-1,3755,3820,3821,-1,3591,3755,3593,-1,3595,3755,3688,-1,3595,3593,3755,-1,3589,3755,3591,-1,3597,3595,3688,-1,3587,3755,3589,-1,3599,3597,3688,-1,3585,3755,3587,-1,3601,3599,3688,-1,3583,3755,3585,-1,3603,3601,3688,-1,3581,3755,3583,-1,3605,3603,3688,-1,3579,3755,3581,-1,3607,3605,3688,-1,3577,3755,3579,-1,3609,3607,3688,-1,3575,3755,3577,-1,3611,3609,3688,-1,3573,3755,3575,-1,3613,3611,3688,-1,3571,3755,3573,-1,3615,3613,3688,-1,3569,3755,3571,-1,3617,3615,3688,-1,3567,3755,3569,-1,3619,3617,3688,-1,3565,3755,3567,-1,3621,3619,3688,-1,3563,3755,3565,-1,3623,3621,3688,-1,3561,3820,3755,-1,3561,3755,3563,-1,3625,3688,3691,-1,3625,3623,3688,-1,3822,3820,3561,-1,3626,3691,3693,-1,3626,3625,3691,-1,3823,3820,3822,-1,3629,3693,3695,-1,3629,3626,3693,-1,3824,3820,3823,-1,3630,3695,3697,-1,3630,3629,3695,-1,3825,3820,3824,-1,3633,3697,3698,-1,3633,3630,3697,-1,3826,3820,3825,-1,3635,3698,3700,-1,3635,3633,3698,-1,3827,3820,3826,-1,3637,3700,3702,-1,3637,3635,3700,-1,3828,3820,3827,-1,3639,3702,3704,-1,3639,3637,3702,-1,3829,3820,3828,-1,3641,3639,3704,-1,3641,3704,3706,-1,3830,3820,3829,-1,3643,3706,3708,-1,3643,3641,3706,-1,3831,3820,3830,-1,3645,3708,3710,-1,3645,3643,3708,-1,3832,3820,3831,-1,3647,3710,3712,-1,3647,3645,3710,-1,3833,3820,3832,-1,3649,3712,3714,-1,3649,3647,3712,-1,3834,3820,3833,-1,3651,3714,3716,-1,3651,3649,3714,-1,3835,3820,3834,-1,3653,3716,3718,-1,3653,3651,3716,-1,3836,3820,3835,-1,3655,3653,3718,-1,3720,3655,3718,-1,3837,3820,3836,-1,3657,3655,3720,-1,3838,3820,3837,-1,3722,3657,3720,-1,3722,3659,3657,-1,3724,3659,3722,-1,3724,3660,3659,-1,3726,3660,3724,-1,3726,3663,3660,-1,3728,3663,3726,-1,3728,3665,3663,-1,3730,3667,3665,-1,3730,3665,3728,-1,3732,3669,3667,-1,3732,3667,3730,-1,3734,3670,3669,-1,3734,3669,3732,-1,3736,3673,3670,-1,3736,3670,3734,-1,3738,3673,3736,-1,3738,3675,3673,-1,3740,3675,3738,-1,3740,3676,3675,-1,3742,3676,3740,-1,3742,3679,3676,-1,3744,3679,3742,-1,3744,3681,3679,-1,3746,3681,3744,-1,3746,3683,3681,-1,3748,3683,3746,-1,3748,3685,3683,-1,3750,3685,3748,-1,3750,3687,3685,-1,3819,3839,3840,-1,3819,3841,3839,-1,3819,3842,3841,-1,3819,3843,3842,-1,3819,3844,3843,-1,3819,3845,3844,-1,3819,3846,3845,-1,3819,3847,3846,-1,3819,3848,3847,-1,3819,3849,3848,-1,3819,3850,3849,-1,3819,3851,3850,-1,3819,3838,3851,-1,3819,3820,3838,-1,3819,3852,3853,-1,3819,3840,3852,-1,3752,3687,3750,-1,3817,3819,3853,-1,3817,3853,3854,-1,3756,3687,3752,-1,3756,3855,3687,-1,3814,3817,3854,-1,3814,3854,3856,-1,3758,3855,3756,-1,3758,3857,3855,-1,3813,3814,3856,-1,3813,3856,3858,-1,3760,3859,3857,-1,3760,3857,3758,-1,3810,3813,3858,-1,3810,3858,3860,-1,3762,3859,3760,-1,3762,3861,3859,-1,3809,3810,3860,-1,3809,3860,3862,-1,3764,3861,3762,-1,3764,3863,3861,-1,3766,3863,3764,-1,3766,3864,3863,-1,3806,3809,3862,-1,3806,3862,3865,-1,3804,3806,3865,-1,3804,3865,3866,-1,3768,3864,3766,-1,3768,3867,3864,-1,3770,3867,3768,-1,3770,3868,3867,-1,3802,3804,3866,-1,3802,3866,3869,-1,3772,3868,3770,-1,3772,3870,3868,-1,3800,3802,3869,-1,3800,3869,3871,-1,3798,3800,3871,-1,3798,3871,3872,-1,3774,3873,3870,-1,3774,3870,3772,-1,3776,3873,3774,-1,3776,3874,3873,-1,3796,3798,3872,-1,3796,3872,3875,-1,3778,3874,3776,-1,3778,3876,3874,-1,3794,3796,3875,-1,3794,3875,3877,-1,3780,3876,3778,-1,3780,3878,3876,-1,3792,3794,3877,-1,3792,3877,3879,-1,3782,3878,3780,-1,3782,3880,3878,-1,3790,3792,3879,-1,3790,3879,3881,-1,3788,3790,3881,-1,3788,3881,3882,-1,3784,3880,3782,-1,3784,3883,3880,-1,3786,3788,3882,-1,3786,3883,3784,-1,3786,3882,3883,-1,3686,3687,3884,-1,3884,3855,3885,-1,3687,3855,3884,-1,3885,3857,3886,-1,3855,3857,3885,-1,3886,3859,3887,-1,3857,3859,3886,-1,3887,3861,3888,-1,3859,3861,3887,-1,3888,3863,3889,-1,3861,3863,3888,-1,3889,3864,3890,-1,3863,3864,3889,-1,3890,3867,3891,-1,3864,3867,3890,-1,3891,3868,3892,-1,3867,3868,3891,-1,3892,3870,3893,-1,3868,3870,3892,-1,3893,3873,3894,-1,3870,3873,3893,-1,3894,3874,3895,-1,3873,3874,3894,-1,3895,3876,3896,-1,3874,3876,3895,-1,3896,3878,3897,-1,3876,3878,3896,-1,3897,3880,3898,-1,3878,3880,3897,-1,3898,3883,3899,-1,3880,3883,3898,-1,3899,3882,3900,-1,3883,3882,3899,-1,3882,3881,3900,-1,3900,3881,3901,-1,3881,3879,3901,-1,3901,3879,3902,-1,3879,3877,3902,-1,3902,3877,3903,-1,3903,3875,3904,-1,3877,3875,3903,-1,3904,3872,3905,-1,3875,3872,3904,-1,3905,3871,3906,-1,3872,3871,3905,-1,3906,3869,3907,-1,3871,3869,3906,-1,3907,3866,3908,-1,3869,3866,3907,-1,3908,3865,3909,-1,3866,3865,3908,-1,3909,3862,3910,-1,3865,3862,3909,-1,3862,3860,3910,-1,3910,3860,3911,-1,3860,3858,3911,-1,3858,3856,3911,-1,3912,3856,3913,-1,3911,3856,3912,-1,3856,3854,3913,-1,3913,3854,3914,-1,3854,3853,3914,-1,3914,3853,3915,-1,3853,3852,3915,-1,3915,3852,3916,-1,3852,3840,3916,-1,3916,3840,3917,-1,3840,3839,3917,-1,3917,3839,3918,-1,3839,3841,3918,-1,3918,3841,3919,-1,3841,3842,3919,-1,3919,3842,3920,-1,3842,3843,3920,-1,3920,3843,3921,-1,3843,3844,3921,-1,3921,3844,3922,-1,3844,3845,3922,-1,3923,3846,3924,-1,3922,3846,3923,-1,3845,3846,3922,-1,3846,3847,3924,-1,3847,3848,3924,-1,3925,3848,3926,-1,3924,3848,3925,-1,3926,3849,3927,-1,3848,3849,3926,-1,3849,3850,3927,-1,3927,3850,3928,-1,3850,3851,3928,-1,3851,3838,3928,-1,3929,3838,3930,-1,3928,3838,3929,-1,3838,3837,3930,-1,3837,3836,3930,-1,3930,3836,3931,-1,3836,3835,3931,-1,3932,3835,3933,-1,3931,3835,3932,-1,3835,3834,3933,-1,3834,3833,3933,-1,3934,3833,3935,-1,3933,3833,3934,-1,3833,3832,3935,-1,3935,3832,3936,-1,3832,3831,3936,-1,3831,3830,3936,-1,3937,3830,3938,-1,3936,3830,3937,-1,3830,3829,3938,-1,3938,3829,3939,-1,3829,3828,3939,-1,3939,3828,3940,-1,3828,3827,3940,-1,3827,3826,3940,-1,3941,3826,3942,-1,3940,3826,3941,-1,3826,3825,3942,-1,3943,3824,3944,-1,3942,3824,3943,-1,3825,3824,3942,-1,3824,3823,3944,-1,3944,3823,3945,-1,3945,3822,3560,-1,3823,3822,3945,-1,3822,3561,3560,-1,3754,3590,3592,-1,3754,3594,3689,-1,3592,3594,3754,-1,3754,3588,3590,-1,3594,3596,3689,-1,3754,3586,3588,-1,3596,3598,3689,-1,3754,3584,3586,-1,3598,3600,3689,-1,3754,3582,3584,-1,3600,3602,3689,-1,3754,3580,3582,-1,3602,3604,3689,-1,3754,3578,3580,-1,3604,3606,3689,-1,3754,3576,3578,-1,3606,3608,3689,-1,3754,3574,3576,-1,3608,3610,3689,-1,3754,3572,3574,-1,3610,3612,3689,-1,3754,3570,3572,-1,3612,3614,3689,-1,3754,3568,3570,-1,3614,3616,3689,-1,3754,3566,3568,-1,3616,3618,3689,-1,3754,3564,3566,-1,3618,3620,3689,-1,3754,3562,3564,-1,3620,3622,3689,-1,3754,3560,3562,-1,3821,3560,3754,-1,3689,3624,3690,-1,3622,3624,3689,-1,3821,3945,3560,-1,3690,3627,3692,-1,3624,3627,3690,-1,3821,3944,3945,-1,3692,3628,3694,-1,3627,3628,3692,-1,3821,3943,3944,-1,3694,3631,3696,-1,3628,3631,3694,-1,3821,3942,3943,-1,3696,3632,3699,-1,3631,3632,3696,-1,3821,3941,3942,-1,3699,3634,3701,-1,3632,3634,3699,-1,3821,3940,3941,-1,3701,3636,3703,-1,3634,3636,3701,-1,3821,3939,3940,-1,3636,3638,3703,-1,3703,3638,3705,-1,3821,3938,3939,-1,3705,3640,3707,-1,3638,3640,3705,-1,3821,3937,3938,-1,3640,3642,3707,-1,3707,3642,3709,-1,3821,3936,3937,-1,3642,3644,3709,-1,3709,3644,3711,-1,3821,3935,3936,-1,3644,3646,3711,-1,3711,3646,3713,-1,3821,3934,3935,-1,3646,3648,3713,-1,3713,3648,3715,-1,3821,3933,3934,-1,3715,3650,3717,-1,3648,3650,3715,-1,3821,3932,3933,-1,3717,3652,3719,-1,3650,3652,3717,-1,3821,3931,3932,-1,3652,3654,3719,-1,3654,3721,3719,-1,3821,3930,3931,-1,3654,3656,3721,-1,3821,3929,3930,-1,3656,3723,3721,-1,3658,3723,3656,-1,3661,3725,3658,-1,3658,3725,3723,-1,3662,3727,3661,-1,3661,3727,3725,-1,3664,3729,3662,-1,3662,3729,3727,-1,3666,3731,3664,-1,3664,3731,3729,-1,3668,3733,3666,-1,3666,3733,3731,-1,3668,3735,3733,-1,3671,3735,3668,-1,3671,3737,3735,-1,3672,3737,3671,-1,3672,3739,3737,-1,3674,3739,3672,-1,3677,3741,3674,-1,3674,3741,3739,-1,3678,3743,3677,-1,3677,3743,3741,-1,3678,3745,3743,-1,3680,3745,3678,-1,3680,3747,3745,-1,3682,3747,3680,-1,3682,3749,3747,-1,3684,3749,3682,-1,3684,3751,3749,-1,3686,3751,3684,-1,3686,3753,3751,-1,3821,3818,3929,-1,3929,3818,3928,-1,3928,3818,3927,-1,3927,3818,3926,-1,3926,3818,3925,-1,3925,3818,3924,-1,3924,3818,3923,-1,3923,3818,3922,-1,3922,3818,3921,-1,3921,3818,3920,-1,3920,3818,3919,-1,3919,3818,3918,-1,3918,3818,3917,-1,3917,3818,3916,-1,3916,3818,3915,-1,3915,3818,3914,-1,3884,3757,3686,-1,3686,3757,3753,-1,3818,3816,3914,-1,3914,3816,3913,-1,3884,3759,3757,-1,3885,3759,3884,-1,3913,3815,3912,-1,3816,3815,3913,-1,3885,3761,3759,-1,3886,3761,3885,-1,3912,3812,3911,-1,3815,3812,3912,-1,3886,3763,3761,-1,3887,3763,3886,-1,3911,3811,3910,-1,3812,3811,3911,-1,3888,3765,3887,-1,3887,3765,3763,-1,3910,3808,3909,-1,3811,3808,3910,-1,3889,3767,3888,-1,3888,3767,3765,-1,3909,3807,3908,-1,3808,3807,3909,-1,3890,3769,3889,-1,3889,3769,3767,-1,3908,3805,3907,-1,3807,3805,3908,-1,3891,3771,3890,-1,3890,3771,3769,-1,3907,3803,3906,-1,3805,3803,3907,-1,3891,3773,3771,-1,3892,3773,3891,-1,3906,3801,3905,-1,3803,3801,3906,-1,3893,3775,3892,-1,3892,3775,3773,-1,3905,3799,3904,-1,3801,3799,3905,-1,3894,3777,3893,-1,3893,3777,3775,-1,3904,3797,3903,-1,3799,3797,3904,-1,3895,3779,3894,-1,3894,3779,3777,-1,3903,3795,3902,-1,3797,3795,3903,-1,3896,3781,3895,-1,3895,3781,3779,-1,3902,3793,3901,-1,3795,3793,3902,-1,3897,3783,3896,-1,3896,3783,3781,-1,3793,3791,3901,-1,3901,3791,3900,-1,3898,3785,3897,-1,3897,3785,3783,-1,3900,3789,3899,-1,3791,3789,3900,-1,3899,3787,3898,-1,3898,3787,3785,-1,3789,3787,3899,-1,3946,3947,3948,-1,3948,3949,3950,-1,3947,3949,3948,-1,3950,3951,3952,-1,3949,3951,3950,-1,3952,3953,3954,-1,3951,3953,3952,-1,3954,3955,3956,-1,3953,3955,3954,-1,3956,3957,3958,-1,3955,3957,3956,-1,3958,3959,3960,-1,3957,3959,3958,-1,3960,3961,3962,-1,3959,3961,3960,-1,3962,3963,3964,-1,3961,3963,3962,-1,3964,3965,3966,-1,3963,3965,3964,-1,3966,3967,3968,-1,3965,3967,3966,-1,3968,3969,3970,-1,3967,3969,3968,-1,3970,3971,3972,-1,3969,3971,3970,-1,3972,3973,3974,-1,3971,3973,3972,-1,3974,3975,3976,-1,3973,3975,3974,-1,3976,3977,3978,-1,3975,3977,3976,-1,3978,3979,3980,-1,3977,3979,3978,-1,3979,3981,3980,-1,3980,3981,3982,-1,3981,3983,3982,-1,3982,3983,3984,-1,3983,3985,3984,-1,3984,3985,3986,-1,3986,3987,3988,-1,3985,3987,3986,-1,3988,3989,3990,-1,3987,3989,3988,-1,3990,3991,3992,-1,3989,3991,3990,-1,3991,3993,3992,-1,3994,3995,3996,-1,3992,3995,3994,-1,3993,3995,3992,-1,3996,3997,3998,-1,3995,3997,3996,-1,3998,3999,4000,-1,3997,3999,3998,-1,4000,4001,4002,-1,3999,4001,4000,-1,4001,4003,4002,-1,4002,4003,4004,-1,4003,4005,4004,-1,4004,4005,4006,-1,4005,4007,4006,-1,4006,4007,4008,-1,4007,4009,4008,-1,4008,4009,4010,-1,4009,4011,4010,-1,4011,4012,4010,-1,4013,4012,4014,-1,4010,4012,4013,-1,4012,4015,4014,-1,4015,4016,4014,-1,4017,4016,4018,-1,4014,4016,4017,-1,4016,4019,4018,-1,4018,4019,4020,-1,4019,4021,4020,-1,4020,4021,4022,-1,4021,4023,4022,-1,4022,4023,4024,-1,4024,4025,4026,-1,4023,4025,4024,-1,4026,4027,4028,-1,4025,4027,4026,-1,4028,4029,4030,-1,4027,4029,4028,-1,4030,4031,4032,-1,4029,4031,4030,-1,4032,4033,4034,-1,4031,4033,4032,-1,4033,4035,4034,-1,4034,4035,4036,-1,4035,4037,4036,-1,4036,4037,4038,-1,4037,4039,4038,-1,4038,4039,4040,-1,4039,4041,4040,-1,4040,4041,4042,-1,4041,4043,4042,-1,4042,4043,4044,-1,4043,4045,4044,-1,4045,4046,4044,-1,4047,4046,4048,-1,4044,4046,4047,-1,4046,4049,4048,-1,4048,4049,4050,-1,4049,4051,4050,-1,4050,4051,4052,-1,4051,4053,4052,-1,4052,4053,4054,-1,4053,4055,4054,-1,4055,4056,4054,-1,4057,4056,4058,-1,4054,4056,4057,-1,4056,4059,4058,-1,4058,4059,4060,-1,4059,4061,4060,-1,4061,4062,4060,-1,4063,4062,4064,-1,4060,4062,4063,-1,4062,4065,4064,-1,4064,4065,4066,-1,4066,4067,4068,-1,4065,4067,4066,-1,4067,4069,4068,-1,4068,4069,4070,-1,4070,4071,4072,-1,4069,4071,4070,-1,4071,4073,4072,-1,4074,4075,4076,-1,4077,4076,4078,-1,4077,4074,4076,-1,4079,4078,4080,-1,4079,4077,4078,-1,4081,4080,4082,-1,4081,4079,4080,-1,4083,4081,4082,-1,4084,4082,4085,-1,4084,4083,4082,-1,4086,4085,4087,-1,4086,4084,4085,-1,4088,4087,4089,-1,4088,4086,4087,-1,4090,4088,4089,-1,4090,4089,4091,-1,4092,4090,4091,-1,4092,4091,4093,-1,4094,4092,4093,-1,4094,4093,4095,-1,4096,4094,4095,-1,4096,4095,4097,-1,4098,4097,4099,-1,4098,4096,4097,-1,4100,4099,4101,-1,4100,4098,4099,-1,4102,4101,4103,-1,4102,4100,4101,-1,4104,4103,4105,-1,4104,4102,4103,-1,4106,4105,4107,-1,4106,4104,4105,-1,4108,4107,4109,-1,4108,4106,4107,-1,4110,4109,4111,-1,4110,4108,4109,-1,4112,4111,4113,-1,4112,4110,4111,-1,4114,4113,4115,-1,4114,4112,4113,-1,4116,4115,4117,-1,4116,4114,4115,-1,4118,4117,4119,-1,4118,4116,4117,-1,4120,4119,4121,-1,4120,4118,4119,-1,4122,4121,4123,-1,4122,4120,4121,-1,4124,4123,4125,-1,4124,4122,4123,-1,4126,4125,4127,-1,4126,4124,4125,-1,4128,4127,4129,-1,4128,4126,4127,-1,4130,4129,4131,-1,4130,4128,4129,-1,4132,4131,4133,-1,4132,4130,4131,-1,4134,4133,4135,-1,4134,4132,4133,-1,4136,4135,4137,-1,4136,4134,4135,-1,4138,4137,4139,-1,4138,4136,4137,-1,4074,4140,4075,-1,4074,4141,4140,-1,4142,4138,4139,-1,4142,4139,4143,-1,4144,4143,4145,-1,4144,4142,4143,-1,4146,4145,4147,-1,4146,4144,4145,-1,4148,4147,4149,-1,4148,4146,4147,-1,4150,4149,4151,-1,4150,4148,4149,-1,4152,4151,4153,-1,4152,4150,4151,-1,4154,4153,4155,-1,4154,4152,4153,-1,4156,4154,4155,-1,4156,4155,4157,-1,4158,4156,4157,-1,4158,4157,4159,-1,4160,4158,4159,-1,4160,4159,4161,-1,4162,4160,4161,-1,4162,4161,4163,-1,4164,4162,4163,-1,4164,4163,4165,-1,4166,4165,4167,-1,4166,4164,4165,-1,4168,4167,4169,-1,4168,4166,4167,-1,4170,4169,4171,-1,4170,4168,4169,-1,4172,4171,4173,-1,4172,4170,4171,-1,4174,4173,4175,-1,4174,4172,4173,-1,4176,4175,4177,-1,4176,4174,4175,-1,4178,4177,4179,-1,4178,4176,4177,-1,4180,4179,4181,-1,4180,4178,4179,-1,4182,4181,4183,-1,4182,4180,4181,-1,4184,4183,4185,-1,4184,4182,4183,-1,4186,4185,4187,-1,4186,4184,4185,-1,4188,4187,4189,-1,4188,4186,4187,-1,4190,4189,4191,-1,4190,4188,4189,-1,4192,4193,4194,-1,4192,4191,4193,-1,4192,4190,4191,-1,4195,4192,4194,-1,4196,4197,4198,-1,4196,4194,4197,-1,4196,4195,4194,-1,4199,4196,4198,-1,4200,4201,4202,-1,4200,4198,4201,-1,4200,4199,4198,-1,4203,4202,4204,-1,4203,4200,4202,-1,4205,4203,4204,-1,4206,4204,4207,-1,4206,4205,4204,-1,4141,4207,4140,-1,4141,4206,4207,-1,3977,4141,3979,-1,3981,4141,4074,-1,3981,3979,4141,-1,3975,4141,3977,-1,3983,3981,4074,-1,3973,4141,3975,-1,3985,3983,4074,-1,3971,4141,3973,-1,3987,3985,4074,-1,3969,4141,3971,-1,3989,3987,4074,-1,3967,4141,3969,-1,3991,3989,4074,-1,3965,4141,3967,-1,3993,3991,4074,-1,3963,4141,3965,-1,3995,3993,4074,-1,3961,4141,3963,-1,3997,3995,4074,-1,3959,4141,3961,-1,3999,3997,4074,-1,3957,4141,3959,-1,4001,3999,4074,-1,3955,4141,3957,-1,4003,4001,4074,-1,3953,4141,3955,-1,4005,4003,4074,-1,3951,4141,3953,-1,4007,4005,4074,-1,3949,4141,3951,-1,4009,4007,4074,-1,3947,4206,4141,-1,3947,4141,3949,-1,4011,4074,4077,-1,4011,4009,4074,-1,4208,4206,3947,-1,4012,4077,4079,-1,4012,4011,4077,-1,4209,4206,4208,-1,4015,4079,4081,-1,4015,4012,4079,-1,4210,4206,4209,-1,4016,4081,4083,-1,4016,4015,4081,-1,4211,4206,4210,-1,4019,4083,4084,-1,4019,4016,4083,-1,4212,4206,4211,-1,4021,4084,4086,-1,4021,4019,4084,-1,4213,4206,4212,-1,4023,4086,4088,-1,4023,4021,4086,-1,4214,4206,4213,-1,4025,4088,4090,-1,4025,4023,4088,-1,4215,4206,4214,-1,4027,4025,4090,-1,4027,4090,4092,-1,4216,4206,4215,-1,4029,4092,4094,-1,4029,4027,4092,-1,4217,4206,4216,-1,4031,4094,4096,-1,4031,4029,4094,-1,4218,4206,4217,-1,4033,4096,4098,-1,4033,4031,4096,-1,4219,4206,4218,-1,4035,4098,4100,-1,4035,4033,4098,-1,4220,4206,4219,-1,4037,4100,4102,-1,4037,4035,4100,-1,4221,4206,4220,-1,4039,4102,4104,-1,4039,4037,4102,-1,4222,4206,4221,-1,4041,4039,4104,-1,4106,4041,4104,-1,4223,4206,4222,-1,4043,4041,4106,-1,4224,4206,4223,-1,4108,4043,4106,-1,4108,4045,4043,-1,4110,4045,4108,-1,4110,4046,4045,-1,4112,4046,4110,-1,4112,4049,4046,-1,4114,4049,4112,-1,4114,4051,4049,-1,4116,4053,4051,-1,4116,4051,4114,-1,4118,4055,4053,-1,4118,4053,4116,-1,4120,4056,4055,-1,4120,4055,4118,-1,4122,4059,4056,-1,4122,4056,4120,-1,4124,4059,4122,-1,4124,4061,4059,-1,4126,4061,4124,-1,4126,4062,4061,-1,4128,4062,4126,-1,4128,4065,4062,-1,4130,4065,4128,-1,4130,4067,4065,-1,4132,4067,4130,-1,4132,4069,4067,-1,4134,4069,4132,-1,4134,4071,4069,-1,4136,4071,4134,-1,4136,4073,4071,-1,4205,4225,4226,-1,4205,4227,4225,-1,4205,4228,4227,-1,4205,4229,4228,-1,4205,4230,4229,-1,4205,4231,4230,-1,4205,4232,4231,-1,4205,4233,4232,-1,4205,4234,4233,-1,4205,4235,4234,-1,4205,4236,4235,-1,4205,4237,4236,-1,4205,4224,4237,-1,4205,4206,4224,-1,4205,4238,4239,-1,4205,4226,4238,-1,4138,4073,4136,-1,4203,4205,4239,-1,4203,4239,4240,-1,4142,4073,4138,-1,4142,4241,4073,-1,4200,4203,4240,-1,4200,4240,4242,-1,4144,4241,4142,-1,4144,4243,4241,-1,4199,4200,4242,-1,4199,4242,4244,-1,4146,4245,4243,-1,4146,4243,4144,-1,4196,4199,4244,-1,4196,4244,4246,-1,4148,4245,4146,-1,4148,4247,4245,-1,4195,4196,4246,-1,4195,4246,4248,-1,4150,4247,4148,-1,4150,4249,4247,-1,4152,4249,4150,-1,4152,4250,4249,-1,4192,4195,4248,-1,4192,4248,4251,-1,4190,4192,4251,-1,4190,4251,4252,-1,4154,4250,4152,-1,4154,4253,4250,-1,4156,4253,4154,-1,4156,4254,4253,-1,4188,4190,4252,-1,4188,4252,4255,-1,4158,4254,4156,-1,4158,4256,4254,-1,4186,4188,4255,-1,4186,4255,4257,-1,4184,4186,4257,-1,4184,4257,4258,-1,4160,4259,4256,-1,4160,4256,4158,-1,4162,4259,4160,-1,4162,4260,4259,-1,4182,4184,4258,-1,4182,4258,4261,-1,4164,4260,4162,-1,4164,4262,4260,-1,4180,4182,4261,-1,4180,4261,4263,-1,4166,4262,4164,-1,4166,4264,4262,-1,4178,4180,4263,-1,4178,4263,4265,-1,4168,4264,4166,-1,4168,4266,4264,-1,4176,4178,4265,-1,4176,4265,4267,-1,4174,4176,4267,-1,4174,4267,4268,-1,4170,4266,4168,-1,4170,4269,4266,-1,4172,4174,4268,-1,4172,4269,4170,-1,4172,4268,4269,-1,4072,4073,4270,-1,4270,4241,4271,-1,4073,4241,4270,-1,4271,4243,4272,-1,4241,4243,4271,-1,4272,4245,4273,-1,4243,4245,4272,-1,4273,4247,4274,-1,4245,4247,4273,-1,4274,4249,4275,-1,4247,4249,4274,-1,4275,4250,4276,-1,4249,4250,4275,-1,4276,4253,4277,-1,4250,4253,4276,-1,4277,4254,4278,-1,4253,4254,4277,-1,4278,4256,4279,-1,4254,4256,4278,-1,4279,4259,4280,-1,4256,4259,4279,-1,4280,4260,4281,-1,4259,4260,4280,-1,4281,4262,4282,-1,4260,4262,4281,-1,4282,4264,4283,-1,4262,4264,4282,-1,4283,4266,4284,-1,4264,4266,4283,-1,4284,4269,4285,-1,4266,4269,4284,-1,4285,4268,4286,-1,4269,4268,4285,-1,4268,4267,4286,-1,4286,4267,4287,-1,4267,4265,4287,-1,4287,4265,4288,-1,4265,4263,4288,-1,4288,4263,4289,-1,4289,4261,4290,-1,4263,4261,4289,-1,4290,4258,4291,-1,4261,4258,4290,-1,4291,4257,4292,-1,4258,4257,4291,-1,4292,4255,4293,-1,4257,4255,4292,-1,4293,4252,4294,-1,4255,4252,4293,-1,4294,4251,4295,-1,4252,4251,4294,-1,4295,4248,4296,-1,4251,4248,4295,-1,4248,4246,4296,-1,4296,4246,4297,-1,4246,4244,4297,-1,4244,4242,4297,-1,4298,4242,4299,-1,4297,4242,4298,-1,4242,4240,4299,-1,4299,4240,4300,-1,4240,4239,4300,-1,4300,4239,4301,-1,4239,4238,4301,-1,4301,4238,4302,-1,4238,4226,4302,-1,4302,4226,4303,-1,4226,4225,4303,-1,4303,4225,4304,-1,4225,4227,4304,-1,4304,4227,4305,-1,4227,4228,4305,-1,4305,4228,4306,-1,4228,4229,4306,-1,4306,4229,4307,-1,4229,4230,4307,-1,4307,4230,4308,-1,4230,4231,4308,-1,4309,4232,4310,-1,4308,4232,4309,-1,4231,4232,4308,-1,4232,4233,4310,-1,4233,4234,4310,-1,4311,4234,4312,-1,4310,4234,4311,-1,4312,4235,4313,-1,4234,4235,4312,-1,4235,4236,4313,-1,4313,4236,4314,-1,4236,4237,4314,-1,4237,4224,4314,-1,4315,4224,4316,-1,4314,4224,4315,-1,4224,4223,4316,-1,4223,4222,4316,-1,4316,4222,4317,-1,4222,4221,4317,-1,4318,4221,4319,-1,4317,4221,4318,-1,4221,4220,4319,-1,4220,4219,4319,-1,4320,4219,4321,-1,4319,4219,4320,-1,4219,4218,4321,-1,4321,4218,4322,-1,4218,4217,4322,-1,4217,4216,4322,-1,4323,4216,4324,-1,4322,4216,4323,-1,4216,4215,4324,-1,4324,4215,4325,-1,4215,4214,4325,-1,4325,4214,4326,-1,4214,4213,4326,-1,4213,4212,4326,-1,4327,4212,4328,-1,4326,4212,4327,-1,4212,4211,4328,-1,4329,4210,4330,-1,4328,4210,4329,-1,4211,4210,4328,-1,4210,4209,4330,-1,4330,4209,4331,-1,4331,4208,3946,-1,4209,4208,4331,-1,4208,3947,3946,-1,4140,3976,3978,-1,4140,3980,4075,-1,3978,3980,4140,-1,4140,3974,3976,-1,3980,3982,4075,-1,4140,3972,3974,-1,3982,3984,4075,-1,4140,3970,3972,-1,3984,3986,4075,-1,4140,3968,3970,-1,3986,3988,4075,-1,4140,3966,3968,-1,3988,3990,4075,-1,4140,3964,3966,-1,3990,3992,4075,-1,4140,3962,3964,-1,3992,3994,4075,-1,4140,3960,3962,-1,3994,3996,4075,-1,4140,3958,3960,-1,3996,3998,4075,-1,4140,3956,3958,-1,3998,4000,4075,-1,4140,3954,3956,-1,4000,4002,4075,-1,4140,3952,3954,-1,4002,4004,4075,-1,4140,3950,3952,-1,4004,4006,4075,-1,4140,3948,3950,-1,4006,4008,4075,-1,4207,3946,4140,-1,4140,3946,3948,-1,4075,4010,4076,-1,4008,4010,4075,-1,4207,4331,3946,-1,4010,4013,4076,-1,4076,4013,4078,-1,4207,4330,4331,-1,4078,4014,4080,-1,4013,4014,4078,-1,4207,4329,4330,-1,4080,4017,4082,-1,4014,4017,4080,-1,4207,4328,4329,-1,4082,4018,4085,-1,4017,4018,4082,-1,4207,4327,4328,-1,4085,4020,4087,-1,4018,4020,4085,-1,4207,4326,4327,-1,4087,4022,4089,-1,4020,4022,4087,-1,4207,4325,4326,-1,4022,4024,4089,-1,4089,4024,4091,-1,4207,4324,4325,-1,4024,4026,4091,-1,4091,4026,4093,-1,4207,4323,4324,-1,4093,4028,4095,-1,4026,4028,4093,-1,4207,4322,4323,-1,4095,4030,4097,-1,4028,4030,4095,-1,4207,4321,4322,-1,4097,4032,4099,-1,4030,4032,4097,-1,4207,4320,4321,-1,4099,4034,4101,-1,4032,4034,4099,-1,4207,4319,4320,-1,4101,4036,4103,-1,4034,4036,4101,-1,4207,4318,4319,-1,4036,4038,4103,-1,4103,4038,4105,-1,4207,4317,4318,-1,4038,4040,4105,-1,4040,4107,4105,-1,4207,4316,4317,-1,4040,4042,4107,-1,4207,4315,4316,-1,4042,4109,4107,-1,4044,4109,4042,-1,4047,4111,4044,-1,4044,4111,4109,-1,4048,4113,4047,-1,4047,4113,4111,-1,4050,4115,4048,-1,4048,4115,4113,-1,4050,4117,4115,-1,4052,4117,4050,-1,4054,4119,4052,-1,4052,4119,4117,-1,4054,4121,4119,-1,4057,4121,4054,-1,4057,4123,4121,-1,4058,4123,4057,-1,4058,4125,4123,-1,4060,4125,4058,-1,4063,4127,4060,-1,4060,4127,4125,-1,4064,4129,4063,-1,4063,4129,4127,-1,4064,4131,4129,-1,4066,4131,4064,-1,4066,4133,4131,-1,4068,4133,4066,-1,4068,4135,4133,-1,4070,4135,4068,-1,4070,4137,4135,-1,4072,4137,4070,-1,4072,4139,4137,-1,4207,4204,4315,-1,4315,4204,4314,-1,4314,4204,4313,-1,4313,4204,4312,-1,4312,4204,4311,-1,4311,4204,4310,-1,4310,4204,4309,-1,4309,4204,4308,-1,4308,4204,4307,-1,4307,4204,4306,-1,4306,4204,4305,-1,4305,4204,4304,-1,4304,4204,4303,-1,4303,4204,4302,-1,4302,4204,4301,-1,4301,4204,4300,-1,4270,4143,4072,-1,4072,4143,4139,-1,4204,4202,4300,-1,4300,4202,4299,-1,4270,4145,4143,-1,4271,4145,4270,-1,4299,4201,4298,-1,4202,4201,4299,-1,4271,4147,4145,-1,4272,4147,4271,-1,4298,4198,4297,-1,4201,4198,4298,-1,4272,4149,4147,-1,4273,4149,4272,-1,4297,4197,4296,-1,4198,4197,4297,-1,4273,4151,4149,-1,4274,4151,4273,-1,4296,4194,4295,-1,4197,4194,4296,-1,4275,4153,4274,-1,4274,4153,4151,-1,4295,4193,4294,-1,4194,4193,4295,-1,4276,4155,4275,-1,4275,4155,4153,-1,4294,4191,4293,-1,4193,4191,4294,-1,4277,4157,4276,-1,4276,4157,4155,-1,4293,4189,4292,-1,4191,4189,4293,-1,4278,4159,4277,-1,4277,4159,4157,-1,4292,4187,4291,-1,4189,4187,4292,-1,4279,4161,4278,-1,4278,4161,4159,-1,4291,4185,4290,-1,4187,4185,4291,-1,4280,4163,4279,-1,4279,4163,4161,-1,4290,4183,4289,-1,4185,4183,4290,-1,4280,4165,4163,-1,4281,4165,4280,-1,4289,4181,4288,-1,4183,4181,4289,-1,4282,4167,4281,-1,4281,4167,4165,-1,4288,4179,4287,-1,4181,4179,4288,-1,4283,4169,4282,-1,4282,4169,4167,-1,4287,4177,4286,-1,4179,4177,4287,-1,4177,4175,4286,-1,4286,4175,4285,-1,4284,4171,4283,-1,4283,4171,4169,-1,4285,4173,4284,-1,4284,4173,4171,-1,4175,4173,4285,-1,4332,4333,4334,-1,4334,4335,4336,-1,4333,4335,4334,-1,4336,4337,4338,-1,4335,4337,4336,-1,4338,4339,4340,-1,4337,4339,4338,-1,4340,4341,4342,-1,4339,4341,4340,-1,4342,4343,4344,-1,4341,4343,4342,-1,4344,4345,4346,-1,4343,4345,4344,-1,4346,4347,4348,-1,4345,4347,4346,-1,4348,4349,4350,-1,4347,4349,4348,-1,4350,4351,4352,-1,4349,4351,4350,-1,4352,4353,4354,-1,4351,4353,4352,-1,4354,4355,4356,-1,4353,4355,4354,-1,4356,4357,4358,-1,4355,4357,4356,-1,4358,4359,4360,-1,4357,4359,4358,-1,4360,4361,4362,-1,4359,4361,4360,-1,4362,4363,4364,-1,4361,4363,4362,-1,4364,4365,4366,-1,4363,4365,4364,-1,4365,4367,4366,-1,4366,4367,4368,-1,4367,4369,4368,-1,4368,4369,4370,-1,4369,4371,4370,-1,4370,4371,4372,-1,4372,4373,4374,-1,4371,4373,4372,-1,4374,4375,4376,-1,4373,4375,4374,-1,4376,4377,4378,-1,4375,4377,4376,-1,4377,4379,4378,-1,4380,4381,4382,-1,4378,4381,4380,-1,4379,4381,4378,-1,4382,4383,4384,-1,4381,4383,4382,-1,4384,4385,4386,-1,4383,4385,4384,-1,4386,4387,4388,-1,4385,4387,4386,-1,4387,4389,4388,-1,4388,4389,4390,-1,4389,4391,4390,-1,4390,4391,4392,-1,4391,4393,4392,-1,4392,4393,4394,-1,4393,4395,4394,-1,4394,4395,4396,-1,4395,4397,4396,-1,4397,4398,4396,-1,4399,4398,4400,-1,4396,4398,4399,-1,4398,4401,4400,-1,4401,4402,4400,-1,4403,4402,4404,-1,4400,4402,4403,-1,4402,4405,4404,-1,4404,4405,4406,-1,4405,4407,4406,-1,4406,4407,4408,-1,4407,4409,4408,-1,4408,4409,4410,-1,4410,4411,4412,-1,4409,4411,4410,-1,4412,4413,4414,-1,4411,4413,4412,-1,4414,4415,4416,-1,4413,4415,4414,-1,4416,4417,4418,-1,4415,4417,4416,-1,4418,4419,4420,-1,4417,4419,4418,-1,4419,4421,4420,-1,4420,4421,4422,-1,4421,4423,4422,-1,4422,4423,4424,-1,4423,4425,4424,-1,4424,4425,4426,-1,4425,4427,4426,-1,4426,4427,4428,-1,4427,4429,4428,-1,4428,4429,4430,-1,4429,4431,4430,-1,4431,4432,4430,-1,4433,4432,4434,-1,4430,4432,4433,-1,4432,4435,4434,-1,4434,4435,4436,-1,4435,4437,4436,-1,4436,4437,4438,-1,4437,4439,4438,-1,4438,4439,4440,-1,4439,4441,4440,-1,4441,4442,4440,-1,4443,4442,4444,-1,4440,4442,4443,-1,4442,4445,4444,-1,4444,4445,4446,-1,4445,4447,4446,-1,4447,4448,4446,-1,4449,4448,4450,-1,4446,4448,4449,-1,4448,4451,4450,-1,4450,4451,4452,-1,4452,4453,4454,-1,4451,4453,4452,-1,4453,4455,4454,-1,4454,4455,4456,-1,4456,4457,4458,-1,4455,4457,4456,-1,4457,4459,4458,-1,4460,4461,4462,-1,4463,4462,4464,-1,4463,4460,4462,-1,4465,4464,4466,-1,4465,4463,4464,-1,4467,4466,4468,-1,4467,4465,4466,-1,4469,4467,4468,-1,4470,4468,4471,-1,4470,4469,4468,-1,4472,4471,4473,-1,4472,4470,4471,-1,4474,4473,4475,-1,4474,4472,4473,-1,4476,4474,4475,-1,4476,4475,4477,-1,4478,4476,4477,-1,4478,4477,4479,-1,4480,4478,4479,-1,4480,4479,4481,-1,4482,4480,4481,-1,4482,4481,4483,-1,4484,4483,4485,-1,4484,4482,4483,-1,4486,4485,4487,-1,4486,4484,4485,-1,4488,4487,4489,-1,4488,4486,4487,-1,4490,4489,4491,-1,4490,4488,4489,-1,4492,4491,4493,-1,4492,4490,4491,-1,4494,4493,4495,-1,4494,4492,4493,-1,4496,4495,4497,-1,4496,4494,4495,-1,4498,4497,4499,-1,4498,4496,4497,-1,4500,4499,4501,-1,4500,4498,4499,-1,4502,4501,4503,-1,4502,4500,4501,-1,4504,4503,4505,-1,4504,4502,4503,-1,4506,4505,4507,-1,4506,4504,4505,-1,4508,4507,4509,-1,4508,4506,4507,-1,4510,4509,4511,-1,4510,4508,4509,-1,4512,4511,4513,-1,4512,4510,4511,-1,4514,4513,4515,-1,4514,4512,4513,-1,4516,4515,4517,-1,4516,4514,4515,-1,4518,4517,4519,-1,4518,4516,4517,-1,4520,4519,4521,-1,4520,4518,4519,-1,4522,4521,4523,-1,4522,4520,4521,-1,4524,4523,4525,-1,4524,4522,4523,-1,4460,4526,4461,-1,4460,4527,4526,-1,4528,4524,4525,-1,4528,4525,4529,-1,4530,4529,4531,-1,4530,4528,4529,-1,4532,4531,4533,-1,4532,4530,4531,-1,4534,4533,4535,-1,4534,4532,4533,-1,4536,4535,4537,-1,4536,4534,4535,-1,4538,4537,4539,-1,4538,4536,4537,-1,4540,4539,4541,-1,4540,4538,4539,-1,4542,4540,4541,-1,4542,4541,4543,-1,4544,4542,4543,-1,4544,4543,4545,-1,4546,4544,4545,-1,4546,4545,4547,-1,4548,4546,4547,-1,4548,4547,4549,-1,4550,4548,4549,-1,4550,4549,4551,-1,4552,4551,4553,-1,4552,4550,4551,-1,4554,4553,4555,-1,4554,4552,4553,-1,4556,4555,4557,-1,4556,4554,4555,-1,4558,4557,4559,-1,4558,4556,4557,-1,4560,4559,4561,-1,4560,4558,4559,-1,4562,4561,4563,-1,4562,4560,4561,-1,4564,4563,4565,-1,4564,4562,4563,-1,4566,4565,4567,-1,4566,4564,4565,-1,4568,4567,4569,-1,4568,4566,4567,-1,4570,4569,4571,-1,4570,4568,4569,-1,4572,4571,4573,-1,4572,4570,4571,-1,4574,4573,4575,-1,4574,4572,4573,-1,4576,4575,4577,-1,4576,4574,4575,-1,4578,4579,4580,-1,4578,4577,4579,-1,4578,4576,4577,-1,4581,4578,4580,-1,4582,4583,4584,-1,4582,4580,4583,-1,4582,4581,4580,-1,4585,4582,4584,-1,4586,4587,4588,-1,4586,4584,4587,-1,4586,4585,4584,-1,4589,4588,4590,-1,4589,4586,4588,-1,4591,4589,4590,-1,4592,4590,4593,-1,4592,4591,4590,-1,4527,4593,4526,-1,4527,4592,4593,-1,4363,4527,4365,-1,4367,4527,4460,-1,4367,4365,4527,-1,4361,4527,4363,-1,4369,4367,4460,-1,4359,4527,4361,-1,4371,4369,4460,-1,4357,4527,4359,-1,4373,4371,4460,-1,4355,4527,4357,-1,4375,4373,4460,-1,4353,4527,4355,-1,4377,4375,4460,-1,4351,4527,4353,-1,4379,4377,4460,-1,4349,4527,4351,-1,4381,4379,4460,-1,4347,4527,4349,-1,4383,4381,4460,-1,4345,4527,4347,-1,4385,4383,4460,-1,4343,4527,4345,-1,4387,4385,4460,-1,4341,4527,4343,-1,4389,4387,4460,-1,4339,4527,4341,-1,4391,4389,4460,-1,4337,4527,4339,-1,4393,4391,4460,-1,4335,4527,4337,-1,4395,4393,4460,-1,4333,4592,4527,-1,4333,4527,4335,-1,4397,4460,4463,-1,4397,4395,4460,-1,4594,4592,4333,-1,4398,4463,4465,-1,4398,4397,4463,-1,4595,4592,4594,-1,4401,4465,4467,-1,4401,4398,4465,-1,4596,4592,4595,-1,4402,4467,4469,-1,4402,4401,4467,-1,4597,4592,4596,-1,4405,4469,4470,-1,4405,4402,4469,-1,4598,4592,4597,-1,4407,4470,4472,-1,4407,4405,4470,-1,4599,4592,4598,-1,4409,4472,4474,-1,4409,4407,4472,-1,4600,4592,4599,-1,4411,4474,4476,-1,4411,4409,4474,-1,4601,4592,4600,-1,4413,4411,4476,-1,4413,4476,4478,-1,4602,4592,4601,-1,4415,4478,4480,-1,4415,4413,4478,-1,4603,4592,4602,-1,4417,4480,4482,-1,4417,4415,4480,-1,4604,4592,4603,-1,4419,4482,4484,-1,4419,4417,4482,-1,4605,4592,4604,-1,4421,4484,4486,-1,4421,4419,4484,-1,4606,4592,4605,-1,4423,4486,4488,-1,4423,4421,4486,-1,4607,4592,4606,-1,4425,4488,4490,-1,4425,4423,4488,-1,4608,4592,4607,-1,4427,4425,4490,-1,4492,4427,4490,-1,4609,4592,4608,-1,4429,4427,4492,-1,4610,4592,4609,-1,4494,4429,4492,-1,4494,4431,4429,-1,4496,4431,4494,-1,4496,4432,4431,-1,4498,4432,4496,-1,4498,4435,4432,-1,4500,4435,4498,-1,4500,4437,4435,-1,4502,4439,4437,-1,4502,4437,4500,-1,4504,4441,4439,-1,4504,4439,4502,-1,4506,4442,4441,-1,4506,4441,4504,-1,4508,4445,4442,-1,4508,4442,4506,-1,4510,4445,4508,-1,4510,4447,4445,-1,4512,4447,4510,-1,4512,4448,4447,-1,4514,4448,4512,-1,4514,4451,4448,-1,4516,4451,4514,-1,4516,4453,4451,-1,4518,4453,4516,-1,4518,4455,4453,-1,4520,4455,4518,-1,4520,4457,4455,-1,4522,4457,4520,-1,4522,4459,4457,-1,4591,4611,4612,-1,4591,4613,4611,-1,4591,4614,4613,-1,4591,4615,4614,-1,4591,4616,4615,-1,4591,4617,4616,-1,4591,4618,4617,-1,4591,4619,4618,-1,4591,4620,4619,-1,4591,4621,4620,-1,4591,4622,4621,-1,4591,4623,4622,-1,4591,4610,4623,-1,4591,4592,4610,-1,4591,4624,4625,-1,4591,4612,4624,-1,4524,4459,4522,-1,4589,4591,4625,-1,4589,4625,4626,-1,4528,4459,4524,-1,4528,4627,4459,-1,4586,4589,4626,-1,4586,4626,4628,-1,4530,4627,4528,-1,4530,4629,4627,-1,4585,4586,4628,-1,4585,4628,4630,-1,4532,4631,4629,-1,4532,4629,4530,-1,4582,4585,4630,-1,4582,4630,4632,-1,4534,4631,4532,-1,4534,4633,4631,-1,4581,4582,4632,-1,4581,4632,4634,-1,4536,4633,4534,-1,4536,4635,4633,-1,4538,4635,4536,-1,4538,4636,4635,-1,4578,4581,4634,-1,4578,4634,4637,-1,4576,4578,4637,-1,4576,4637,4638,-1,4540,4636,4538,-1,4540,4639,4636,-1,4542,4639,4540,-1,4542,4640,4639,-1,4574,4576,4638,-1,4574,4638,4641,-1,4544,4640,4542,-1,4544,4642,4640,-1,4572,4574,4641,-1,4572,4641,4643,-1,4570,4572,4643,-1,4570,4643,4644,-1,4546,4645,4642,-1,4546,4642,4544,-1,4548,4645,4546,-1,4548,4646,4645,-1,4568,4570,4644,-1,4568,4644,4647,-1,4550,4646,4548,-1,4550,4648,4646,-1,4566,4568,4647,-1,4566,4647,4649,-1,4552,4648,4550,-1,4552,4650,4648,-1,4564,4566,4649,-1,4564,4649,4651,-1,4554,4650,4552,-1,4554,4652,4650,-1,4562,4564,4651,-1,4562,4651,4653,-1,4560,4562,4653,-1,4560,4653,4654,-1,4556,4652,4554,-1,4556,4655,4652,-1,4558,4560,4654,-1,4558,4655,4556,-1,4558,4654,4655,-1,4458,4459,4656,-1,4656,4627,4657,-1,4459,4627,4656,-1,4657,4629,4658,-1,4627,4629,4657,-1,4658,4631,4659,-1,4629,4631,4658,-1,4659,4633,4660,-1,4631,4633,4659,-1,4660,4635,4661,-1,4633,4635,4660,-1,4661,4636,4662,-1,4635,4636,4661,-1,4662,4639,4663,-1,4636,4639,4662,-1,4663,4640,4664,-1,4639,4640,4663,-1,4664,4642,4665,-1,4640,4642,4664,-1,4665,4645,4666,-1,4642,4645,4665,-1,4666,4646,4667,-1,4645,4646,4666,-1,4667,4648,4668,-1,4646,4648,4667,-1,4668,4650,4669,-1,4648,4650,4668,-1,4669,4652,4670,-1,4650,4652,4669,-1,4670,4655,4671,-1,4652,4655,4670,-1,4671,4654,4672,-1,4655,4654,4671,-1,4654,4653,4672,-1,4672,4653,4673,-1,4653,4651,4673,-1,4673,4651,4674,-1,4651,4649,4674,-1,4674,4649,4675,-1,4675,4647,4676,-1,4649,4647,4675,-1,4676,4644,4677,-1,4647,4644,4676,-1,4677,4643,4678,-1,4644,4643,4677,-1,4678,4641,4679,-1,4643,4641,4678,-1,4679,4638,4680,-1,4641,4638,4679,-1,4680,4637,4681,-1,4638,4637,4680,-1,4681,4634,4682,-1,4637,4634,4681,-1,4634,4632,4682,-1,4682,4632,4683,-1,4632,4630,4683,-1,4630,4628,4683,-1,4684,4628,4685,-1,4683,4628,4684,-1,4628,4626,4685,-1,4685,4626,4686,-1,4626,4625,4686,-1,4686,4625,4687,-1,4625,4624,4687,-1,4687,4624,4688,-1,4624,4612,4688,-1,4688,4612,4689,-1,4612,4611,4689,-1,4689,4611,4690,-1,4611,4613,4690,-1,4690,4613,4691,-1,4613,4614,4691,-1,4691,4614,4692,-1,4614,4615,4692,-1,4692,4615,4693,-1,4615,4616,4693,-1,4693,4616,4694,-1,4616,4617,4694,-1,4695,4618,4696,-1,4694,4618,4695,-1,4617,4618,4694,-1,4618,4619,4696,-1,4619,4620,4696,-1,4697,4620,4698,-1,4696,4620,4697,-1,4698,4621,4699,-1,4620,4621,4698,-1,4621,4622,4699,-1,4699,4622,4700,-1,4622,4623,4700,-1,4623,4610,4700,-1,4701,4610,4702,-1,4700,4610,4701,-1,4610,4609,4702,-1,4609,4608,4702,-1,4702,4608,4703,-1,4608,4607,4703,-1,4704,4607,4705,-1,4703,4607,4704,-1,4607,4606,4705,-1,4606,4605,4705,-1,4706,4605,4707,-1,4705,4605,4706,-1,4605,4604,4707,-1,4707,4604,4708,-1,4604,4603,4708,-1,4603,4602,4708,-1,4709,4602,4710,-1,4708,4602,4709,-1,4602,4601,4710,-1,4710,4601,4711,-1,4601,4600,4711,-1,4711,4600,4712,-1,4600,4599,4712,-1,4599,4598,4712,-1,4713,4598,4714,-1,4712,4598,4713,-1,4598,4597,4714,-1,4715,4596,4716,-1,4714,4596,4715,-1,4597,4596,4714,-1,4596,4595,4716,-1,4716,4595,4717,-1,4717,4594,4332,-1,4595,4594,4717,-1,4594,4333,4332,-1,4526,4362,4364,-1,4526,4366,4461,-1,4364,4366,4526,-1,4526,4360,4362,-1,4366,4368,4461,-1,4526,4358,4360,-1,4368,4370,4461,-1,4526,4356,4358,-1,4370,4372,4461,-1,4526,4354,4356,-1,4372,4374,4461,-1,4526,4352,4354,-1,4374,4376,4461,-1,4526,4350,4352,-1,4376,4378,4461,-1,4526,4348,4350,-1,4378,4380,4461,-1,4526,4346,4348,-1,4380,4382,4461,-1,4526,4344,4346,-1,4382,4384,4461,-1,4526,4342,4344,-1,4384,4386,4461,-1,4526,4340,4342,-1,4386,4388,4461,-1,4526,4338,4340,-1,4388,4390,4461,-1,4526,4336,4338,-1,4390,4392,4461,-1,4526,4334,4336,-1,4392,4394,4461,-1,4593,4332,4526,-1,4526,4332,4334,-1,4461,4396,4462,-1,4394,4396,4461,-1,4593,4717,4332,-1,4396,4399,4462,-1,4462,4399,4464,-1,4593,4716,4717,-1,4464,4400,4466,-1,4399,4400,4464,-1,4593,4715,4716,-1,4466,4403,4468,-1,4400,4403,4466,-1,4593,4714,4715,-1,4468,4404,4471,-1,4403,4404,4468,-1,4593,4713,4714,-1,4471,4406,4473,-1,4404,4406,4471,-1,4593,4712,4713,-1,4473,4408,4475,-1,4406,4408,4473,-1,4593,4711,4712,-1,4408,4410,4475,-1,4475,4410,4477,-1,4593,4710,4711,-1,4477,4412,4479,-1,4410,4412,4477,-1,4593,4709,4710,-1,4412,4414,4479,-1,4479,4414,4481,-1,4593,4708,4709,-1,4481,4416,4483,-1,4414,4416,4481,-1,4593,4707,4708,-1,4416,4418,4483,-1,4483,4418,4485,-1,4593,4706,4707,-1,4485,4420,4487,-1,4418,4420,4485,-1,4593,4705,4706,-1,4487,4422,4489,-1,4420,4422,4487,-1,4593,4704,4705,-1,4489,4424,4491,-1,4422,4424,4489,-1,4593,4703,4704,-1,4424,4426,4491,-1,4426,4493,4491,-1,4593,4702,4703,-1,4426,4428,4493,-1,4593,4701,4702,-1,4430,4495,4428,-1,4428,4495,4493,-1,4433,4497,4430,-1,4430,4497,4495,-1,4434,4499,4433,-1,4433,4499,4497,-1,4436,4501,4434,-1,4434,4501,4499,-1,4438,4503,4436,-1,4436,4503,4501,-1,4440,4505,4438,-1,4438,4505,4503,-1,4443,4507,4440,-1,4440,4507,4505,-1,4443,4509,4507,-1,4444,4509,4443,-1,4444,4511,4509,-1,4446,4511,4444,-1,4449,4513,4446,-1,4446,4513,4511,-1,4449,4515,4513,-1,4450,4515,4449,-1,4452,4517,4450,-1,4450,4517,4515,-1,4454,4519,4452,-1,4452,4519,4517,-1,4454,4521,4519,-1,4456,4521,4454,-1,4456,4523,4521,-1,4458,4523,4456,-1,4458,4525,4523,-1,4593,4590,4701,-1,4701,4590,4700,-1,4700,4590,4699,-1,4699,4590,4698,-1,4698,4590,4697,-1,4697,4590,4696,-1,4696,4590,4695,-1,4695,4590,4694,-1,4694,4590,4693,-1,4693,4590,4692,-1,4692,4590,4691,-1,4691,4590,4690,-1,4690,4590,4689,-1,4689,4590,4688,-1,4688,4590,4687,-1,4687,4590,4686,-1,4656,4529,4458,-1,4458,4529,4525,-1,4590,4588,4686,-1,4686,4588,4685,-1,4656,4531,4529,-1,4657,4531,4656,-1,4685,4587,4684,-1,4588,4587,4685,-1,4657,4533,4531,-1,4658,4533,4657,-1,4684,4584,4683,-1,4587,4584,4684,-1,4658,4535,4533,-1,4659,4535,4658,-1,4683,4583,4682,-1,4584,4583,4683,-1,4660,4537,4659,-1,4659,4537,4535,-1,4682,4580,4681,-1,4583,4580,4682,-1,4660,4539,4537,-1,4661,4539,4660,-1,4681,4579,4680,-1,4580,4579,4681,-1,4662,4541,4661,-1,4661,4541,4539,-1,4680,4577,4679,-1,4579,4577,4680,-1,4662,4543,4541,-1,4663,4543,4662,-1,4679,4575,4678,-1,4577,4575,4679,-1,4664,4545,4663,-1,4663,4545,4543,-1,4678,4573,4677,-1,4575,4573,4678,-1,4665,4547,4664,-1,4664,4547,4545,-1,4677,4571,4676,-1,4573,4571,4677,-1,4666,4549,4665,-1,4665,4549,4547,-1,4676,4569,4675,-1,4571,4569,4676,-1,4667,4551,4666,-1,4666,4551,4549,-1,4675,4567,4674,-1,4569,4567,4675,-1,4668,4553,4667,-1,4667,4553,4551,-1,4674,4565,4673,-1,4567,4565,4674,-1,4669,4555,4668,-1,4668,4555,4553,-1,4673,4563,4672,-1,4565,4563,4673,-1,4670,4557,4669,-1,4669,4557,4555,-1,4672,4561,4671,-1,4563,4561,4672,-1,4671,4559,4670,-1,4670,4559,4557,-1,4561,4559,4671,-1,4718,4719,4720,-1,4720,4721,4722,-1,4719,4721,4720,-1,4722,4723,4724,-1,4721,4723,4722,-1,4724,4725,4726,-1,4723,4725,4724,-1,4726,4727,4728,-1,4725,4727,4726,-1,4728,4729,4730,-1,4727,4729,4728,-1,4730,4731,4732,-1,4729,4731,4730,-1,4732,4733,4734,-1,4731,4733,4732,-1,4734,4735,4736,-1,4733,4735,4734,-1,4736,4737,4738,-1,4735,4737,4736,-1,4738,4739,4740,-1,4737,4739,4738,-1,4740,4741,4742,-1,4739,4741,4740,-1,4742,4743,4744,-1,4741,4743,4742,-1,4744,4745,4746,-1,4743,4745,4744,-1,4746,4747,4748,-1,4745,4747,4746,-1,4748,4749,4750,-1,4747,4749,4748,-1,4750,4751,4752,-1,4749,4751,4750,-1,4751,4753,4752,-1,4752,4753,4754,-1,4753,4755,4754,-1,4754,4755,4756,-1,4755,4757,4756,-1,4756,4757,4758,-1,4758,4759,4760,-1,4757,4759,4758,-1,4760,4761,4762,-1,4759,4761,4760,-1,4762,4763,4764,-1,4761,4763,4762,-1,4763,4765,4764,-1,4766,4767,4768,-1,4764,4767,4766,-1,4765,4767,4764,-1,4768,4769,4770,-1,4767,4769,4768,-1,4770,4771,4772,-1,4769,4771,4770,-1,4772,4773,4774,-1,4771,4773,4772,-1,4773,4775,4774,-1,4774,4775,4776,-1,4775,4777,4776,-1,4776,4777,4778,-1,4777,4779,4778,-1,4778,4779,4780,-1,4779,4781,4780,-1,4780,4781,4782,-1,4781,4783,4782,-1,4783,4784,4782,-1,4785,4784,4786,-1,4782,4784,4785,-1,4784,4787,4786,-1,4787,4788,4786,-1,4789,4788,4790,-1,4786,4788,4789,-1,4788,4791,4790,-1,4790,4791,4792,-1,4791,4793,4792,-1,4792,4793,4794,-1,4793,4795,4794,-1,4794,4795,4796,-1,4796,4797,4798,-1,4795,4797,4796,-1,4798,4799,4800,-1,4797,4799,4798,-1,4800,4801,4802,-1,4799,4801,4800,-1,4802,4803,4804,-1,4801,4803,4802,-1,4804,4805,4806,-1,4803,4805,4804,-1,4805,4807,4806,-1,4806,4807,4808,-1,4807,4809,4808,-1,4808,4809,4810,-1,4809,4811,4810,-1,4810,4811,4812,-1,4811,4813,4812,-1,4812,4813,4814,-1,4813,4815,4814,-1,4814,4815,4816,-1,4815,4817,4816,-1,4817,4818,4816,-1,4819,4818,4820,-1,4816,4818,4819,-1,4818,4821,4820,-1,4820,4821,4822,-1,4821,4823,4822,-1,4822,4823,4824,-1,4823,4825,4824,-1,4824,4825,4826,-1,4825,4827,4826,-1,4827,4828,4826,-1,4829,4828,4830,-1,4826,4828,4829,-1,4828,4831,4830,-1,4830,4831,4832,-1,4831,4833,4832,-1,4833,4834,4832,-1,4835,4834,4836,-1,4832,4834,4835,-1,4834,4837,4836,-1,4836,4837,4838,-1,4838,4839,4840,-1,4837,4839,4838,-1,4839,4841,4840,-1,4840,4841,4842,-1,4842,4843,4844,-1,4841,4843,4842,-1,4843,4845,4844,-1,4846,4847,4848,-1,4849,4848,4850,-1,4849,4846,4848,-1,4851,4850,4852,-1,4851,4849,4850,-1,4853,4852,4854,-1,4853,4851,4852,-1,4855,4853,4854,-1,4856,4854,4857,-1,4856,4855,4854,-1,4858,4857,4859,-1,4858,4856,4857,-1,4860,4859,4861,-1,4860,4858,4859,-1,4862,4860,4861,-1,4862,4861,4863,-1,4864,4862,4863,-1,4864,4863,4865,-1,4866,4864,4865,-1,4866,4865,4867,-1,4868,4866,4867,-1,4868,4867,4869,-1,4870,4869,4871,-1,4870,4868,4869,-1,4872,4871,4873,-1,4872,4870,4871,-1,4874,4873,4875,-1,4874,4872,4873,-1,4876,4875,4877,-1,4876,4874,4875,-1,4878,4877,4879,-1,4878,4876,4877,-1,4880,4879,4881,-1,4880,4878,4879,-1,4882,4881,4883,-1,4882,4880,4881,-1,4884,4883,4885,-1,4884,4882,4883,-1,4886,4885,4887,-1,4886,4884,4885,-1,4888,4887,4889,-1,4888,4886,4887,-1,4890,4889,4891,-1,4890,4888,4889,-1,4892,4891,4893,-1,4892,4890,4891,-1,4894,4893,4895,-1,4894,4892,4893,-1,4896,4895,4897,-1,4896,4894,4895,-1,4898,4897,4899,-1,4898,4896,4897,-1,4900,4899,4901,-1,4900,4898,4899,-1,4902,4901,4903,-1,4902,4900,4901,-1,4904,4903,4905,-1,4904,4902,4903,-1,4906,4905,4907,-1,4906,4904,4905,-1,4908,4907,4909,-1,4908,4906,4907,-1,4910,4909,4911,-1,4910,4908,4909,-1,4846,4912,4847,-1,4846,4913,4912,-1,4914,4910,4911,-1,4914,4911,4915,-1,4916,4915,4917,-1,4916,4914,4915,-1,4918,4917,4919,-1,4918,4916,4917,-1,4920,4919,4921,-1,4920,4918,4919,-1,4922,4921,4923,-1,4922,4920,4921,-1,4924,4923,4925,-1,4924,4922,4923,-1,4926,4925,4927,-1,4926,4924,4925,-1,4928,4926,4927,-1,4928,4927,4929,-1,4930,4928,4929,-1,4930,4929,4931,-1,4932,4930,4931,-1,4932,4931,4933,-1,4934,4932,4933,-1,4934,4933,4935,-1,4936,4934,4935,-1,4936,4935,4937,-1,4938,4937,4939,-1,4938,4936,4937,-1,4940,4939,4941,-1,4940,4938,4939,-1,4942,4941,4943,-1,4942,4940,4941,-1,4944,4943,4945,-1,4944,4942,4943,-1,4946,4945,4947,-1,4946,4944,4945,-1,4948,4947,4949,-1,4948,4946,4947,-1,4950,4949,4951,-1,4950,4948,4949,-1,4952,4951,4953,-1,4952,4950,4951,-1,4954,4953,4955,-1,4954,4952,4953,-1,4956,4955,4957,-1,4956,4954,4955,-1,4958,4957,4959,-1,4958,4956,4957,-1,4960,4959,4961,-1,4960,4958,4959,-1,4962,4961,4963,-1,4962,4960,4961,-1,4964,4965,4966,-1,4964,4963,4965,-1,4964,4962,4963,-1,4967,4964,4966,-1,4968,4969,4970,-1,4968,4966,4969,-1,4968,4967,4966,-1,4971,4968,4970,-1,4972,4973,4974,-1,4972,4970,4973,-1,4972,4971,4970,-1,4975,4974,4976,-1,4975,4972,4974,-1,4977,4975,4976,-1,4978,4976,4979,-1,4978,4977,4976,-1,4913,4979,4912,-1,4913,4978,4979,-1,4749,4913,4751,-1,4753,4913,4846,-1,4753,4751,4913,-1,4747,4913,4749,-1,4755,4753,4846,-1,4745,4913,4747,-1,4757,4755,4846,-1,4743,4913,4745,-1,4759,4757,4846,-1,4741,4913,4743,-1,4761,4759,4846,-1,4739,4913,4741,-1,4763,4761,4846,-1,4737,4913,4739,-1,4765,4763,4846,-1,4735,4913,4737,-1,4767,4765,4846,-1,4733,4913,4735,-1,4769,4767,4846,-1,4731,4913,4733,-1,4771,4769,4846,-1,4729,4913,4731,-1,4773,4771,4846,-1,4727,4913,4729,-1,4775,4773,4846,-1,4725,4913,4727,-1,4777,4775,4846,-1,4723,4913,4725,-1,4779,4777,4846,-1,4721,4913,4723,-1,4781,4779,4846,-1,4719,4978,4913,-1,4719,4913,4721,-1,4783,4846,4849,-1,4783,4781,4846,-1,4980,4978,4719,-1,4784,4849,4851,-1,4784,4783,4849,-1,4981,4978,4980,-1,4787,4851,4853,-1,4787,4784,4851,-1,4982,4978,4981,-1,4788,4853,4855,-1,4788,4787,4853,-1,4983,4978,4982,-1,4791,4855,4856,-1,4791,4788,4855,-1,4984,4978,4983,-1,4793,4856,4858,-1,4793,4791,4856,-1,4985,4978,4984,-1,4795,4858,4860,-1,4795,4793,4858,-1,4986,4978,4985,-1,4797,4860,4862,-1,4797,4795,4860,-1,4987,4978,4986,-1,4799,4797,4862,-1,4799,4862,4864,-1,4988,4978,4987,-1,4801,4864,4866,-1,4801,4799,4864,-1,4989,4978,4988,-1,4803,4866,4868,-1,4803,4801,4866,-1,4990,4978,4989,-1,4805,4868,4870,-1,4805,4803,4868,-1,4991,4978,4990,-1,4807,4870,4872,-1,4807,4805,4870,-1,4992,4978,4991,-1,4809,4872,4874,-1,4809,4807,4872,-1,4993,4978,4992,-1,4811,4874,4876,-1,4811,4809,4874,-1,4994,4978,4993,-1,4813,4811,4876,-1,4878,4813,4876,-1,4995,4978,4994,-1,4815,4813,4878,-1,4996,4978,4995,-1,4880,4815,4878,-1,4880,4817,4815,-1,4882,4817,4880,-1,4882,4818,4817,-1,4884,4818,4882,-1,4884,4821,4818,-1,4886,4821,4884,-1,4886,4823,4821,-1,4888,4825,4823,-1,4888,4823,4886,-1,4890,4827,4825,-1,4890,4825,4888,-1,4892,4828,4827,-1,4892,4827,4890,-1,4894,4831,4828,-1,4894,4828,4892,-1,4896,4831,4894,-1,4896,4833,4831,-1,4898,4833,4896,-1,4898,4834,4833,-1,4900,4834,4898,-1,4900,4837,4834,-1,4902,4837,4900,-1,4902,4839,4837,-1,4904,4839,4902,-1,4904,4841,4839,-1,4906,4841,4904,-1,4906,4843,4841,-1,4908,4843,4906,-1,4908,4845,4843,-1,4977,4997,4998,-1,4977,4999,4997,-1,4977,5000,4999,-1,4977,5001,5000,-1,4977,5002,5001,-1,4977,5003,5002,-1,4977,5004,5003,-1,4977,5005,5004,-1,4977,5006,5005,-1,4977,5007,5006,-1,4977,5008,5007,-1,4977,5009,5008,-1,4977,4996,5009,-1,4977,4978,4996,-1,4977,5010,5011,-1,4977,4998,5010,-1,4910,4845,4908,-1,4975,4977,5011,-1,4975,5011,5012,-1,4914,4845,4910,-1,4914,5013,4845,-1,4972,4975,5012,-1,4972,5012,5014,-1,4916,5013,4914,-1,4916,5015,5013,-1,4971,4972,5014,-1,4971,5014,5016,-1,4918,5017,5015,-1,4918,5015,4916,-1,4968,4971,5016,-1,4968,5016,5018,-1,4920,5017,4918,-1,4920,5019,5017,-1,4967,4968,5018,-1,4967,5018,5020,-1,4922,5019,4920,-1,4922,5021,5019,-1,4924,5021,4922,-1,4924,5022,5021,-1,4964,4967,5020,-1,4964,5020,5023,-1,4962,4964,5023,-1,4962,5023,5024,-1,4926,5022,4924,-1,4926,5025,5022,-1,4928,5025,4926,-1,4928,5026,5025,-1,4960,4962,5024,-1,4960,5024,5027,-1,4930,5026,4928,-1,4930,5028,5026,-1,4958,4960,5027,-1,4958,5027,5029,-1,4956,4958,5029,-1,4956,5029,5030,-1,4932,5031,5028,-1,4932,5028,4930,-1,4934,5031,4932,-1,4934,5032,5031,-1,4954,4956,5030,-1,4954,5030,5033,-1,4936,5032,4934,-1,4936,5034,5032,-1,4952,4954,5033,-1,4952,5033,5035,-1,4938,5034,4936,-1,4938,5036,5034,-1,4950,4952,5035,-1,4950,5035,5037,-1,4940,5036,4938,-1,4940,5038,5036,-1,4948,4950,5037,-1,4948,5037,5039,-1,4946,4948,5039,-1,4946,5039,5040,-1,4942,5038,4940,-1,4942,5041,5038,-1,4944,4946,5040,-1,4944,5041,4942,-1,4944,5040,5041,-1,4844,4845,5042,-1,5042,5013,5043,-1,4845,5013,5042,-1,5043,5015,5044,-1,5013,5015,5043,-1,5044,5017,5045,-1,5015,5017,5044,-1,5045,5019,5046,-1,5017,5019,5045,-1,5046,5021,5047,-1,5019,5021,5046,-1,5047,5022,5048,-1,5021,5022,5047,-1,5048,5025,5049,-1,5022,5025,5048,-1,5049,5026,5050,-1,5025,5026,5049,-1,5050,5028,5051,-1,5026,5028,5050,-1,5051,5031,5052,-1,5028,5031,5051,-1,5052,5032,5053,-1,5031,5032,5052,-1,5053,5034,5054,-1,5032,5034,5053,-1,5054,5036,5055,-1,5034,5036,5054,-1,5055,5038,5056,-1,5036,5038,5055,-1,5056,5041,5057,-1,5038,5041,5056,-1,5057,5040,5058,-1,5041,5040,5057,-1,5040,5039,5058,-1,5058,5039,5059,-1,5039,5037,5059,-1,5059,5037,5060,-1,5037,5035,5060,-1,5060,5035,5061,-1,5061,5033,5062,-1,5035,5033,5061,-1,5062,5030,5063,-1,5033,5030,5062,-1,5063,5029,5064,-1,5030,5029,5063,-1,5064,5027,5065,-1,5029,5027,5064,-1,5065,5024,5066,-1,5027,5024,5065,-1,5066,5023,5067,-1,5024,5023,5066,-1,5067,5020,5068,-1,5023,5020,5067,-1,5020,5018,5068,-1,5068,5018,5069,-1,5018,5016,5069,-1,5016,5014,5069,-1,5070,5014,5071,-1,5069,5014,5070,-1,5014,5012,5071,-1,5071,5012,5072,-1,5012,5011,5072,-1,5072,5011,5073,-1,5011,5010,5073,-1,5073,5010,5074,-1,5010,4998,5074,-1,5074,4998,5075,-1,4998,4997,5075,-1,5075,4997,5076,-1,4997,4999,5076,-1,5076,4999,5077,-1,4999,5000,5077,-1,5077,5000,5078,-1,5000,5001,5078,-1,5078,5001,5079,-1,5001,5002,5079,-1,5079,5002,5080,-1,5002,5003,5080,-1,5081,5004,5082,-1,5080,5004,5081,-1,5003,5004,5080,-1,5004,5005,5082,-1,5005,5006,5082,-1,5083,5006,5084,-1,5082,5006,5083,-1,5084,5007,5085,-1,5006,5007,5084,-1,5007,5008,5085,-1,5085,5008,5086,-1,5008,5009,5086,-1,5009,4996,5086,-1,5087,4996,5088,-1,5086,4996,5087,-1,4996,4995,5088,-1,4995,4994,5088,-1,5088,4994,5089,-1,4994,4993,5089,-1,5090,4993,5091,-1,5089,4993,5090,-1,4993,4992,5091,-1,4992,4991,5091,-1,5092,4991,5093,-1,5091,4991,5092,-1,4991,4990,5093,-1,5093,4990,5094,-1,4990,4989,5094,-1,4989,4988,5094,-1,5095,4988,5096,-1,5094,4988,5095,-1,4988,4987,5096,-1,5096,4987,5097,-1,4987,4986,5097,-1,5097,4986,5098,-1,4986,4985,5098,-1,4985,4984,5098,-1,5099,4984,5100,-1,5098,4984,5099,-1,4984,4983,5100,-1,5101,4982,5102,-1,5100,4982,5101,-1,4983,4982,5100,-1,4982,4981,5102,-1,5102,4981,5103,-1,5103,4980,4718,-1,4981,4980,5103,-1,4980,4719,4718,-1,4912,4748,4750,-1,4912,4752,4847,-1,4750,4752,4912,-1,4912,4746,4748,-1,4752,4754,4847,-1,4912,4744,4746,-1,4754,4756,4847,-1,4912,4742,4744,-1,4756,4758,4847,-1,4912,4740,4742,-1,4758,4760,4847,-1,4912,4738,4740,-1,4760,4762,4847,-1,4912,4736,4738,-1,4762,4764,4847,-1,4912,4734,4736,-1,4764,4766,4847,-1,4912,4732,4734,-1,4766,4768,4847,-1,4912,4730,4732,-1,4768,4770,4847,-1,4912,4728,4730,-1,4770,4772,4847,-1,4912,4726,4728,-1,4772,4774,4847,-1,4912,4724,4726,-1,4774,4776,4847,-1,4912,4722,4724,-1,4776,4778,4847,-1,4912,4720,4722,-1,4778,4780,4847,-1,4912,4718,4720,-1,4979,4718,4912,-1,4847,4782,4848,-1,4780,4782,4847,-1,4979,5103,4718,-1,4848,4785,4850,-1,4782,4785,4848,-1,4979,5102,5103,-1,4850,4786,4852,-1,4785,4786,4850,-1,4979,5101,5102,-1,4852,4789,4854,-1,4786,4789,4852,-1,4979,5100,5101,-1,4854,4790,4857,-1,4789,4790,4854,-1,4979,5099,5100,-1,4857,4792,4859,-1,4790,4792,4857,-1,4979,5098,5099,-1,4859,4794,4861,-1,4792,4794,4859,-1,4979,5097,5098,-1,4794,4796,4861,-1,4861,4796,4863,-1,4979,5096,5097,-1,4863,4798,4865,-1,4796,4798,4863,-1,4979,5095,5096,-1,4798,4800,4865,-1,4865,4800,4867,-1,4979,5094,5095,-1,4800,4802,4867,-1,4867,4802,4869,-1,4979,5093,5094,-1,4802,4804,4869,-1,4869,4804,4871,-1,4979,5092,5093,-1,4804,4806,4871,-1,4871,4806,4873,-1,4979,5091,5092,-1,4873,4808,4875,-1,4806,4808,4873,-1,4979,5090,5091,-1,4875,4810,4877,-1,4808,4810,4875,-1,4979,5089,5090,-1,4810,4812,4877,-1,4812,4879,4877,-1,4979,5088,5089,-1,4812,4814,4879,-1,4979,5087,5088,-1,4814,4881,4879,-1,4816,4881,4814,-1,4819,4883,4816,-1,4816,4883,4881,-1,4820,4885,4819,-1,4819,4885,4883,-1,4822,4887,4820,-1,4820,4887,4885,-1,4824,4889,4822,-1,4822,4889,4887,-1,4826,4891,4824,-1,4824,4891,4889,-1,4826,4893,4891,-1,4829,4893,4826,-1,4829,4895,4893,-1,4830,4895,4829,-1,4830,4897,4895,-1,4832,4897,4830,-1,4835,4899,4832,-1,4832,4899,4897,-1,4836,4901,4835,-1,4835,4901,4899,-1,4836,4903,4901,-1,4838,4903,4836,-1,4838,4905,4903,-1,4840,4905,4838,-1,4840,4907,4905,-1,4842,4907,4840,-1,4842,4909,4907,-1,4844,4909,4842,-1,4844,4911,4909,-1,4979,4976,5087,-1,5087,4976,5086,-1,5086,4976,5085,-1,5085,4976,5084,-1,5084,4976,5083,-1,5083,4976,5082,-1,5082,4976,5081,-1,5081,4976,5080,-1,5080,4976,5079,-1,5079,4976,5078,-1,5078,4976,5077,-1,5077,4976,5076,-1,5076,4976,5075,-1,5075,4976,5074,-1,5074,4976,5073,-1,5073,4976,5072,-1,5042,4915,4844,-1,4844,4915,4911,-1,4976,4974,5072,-1,5072,4974,5071,-1,5042,4917,4915,-1,5043,4917,5042,-1,5071,4973,5070,-1,4974,4973,5071,-1,5043,4919,4917,-1,5044,4919,5043,-1,5070,4970,5069,-1,4973,4970,5070,-1,5044,4921,4919,-1,5045,4921,5044,-1,5069,4969,5068,-1,4970,4969,5069,-1,5046,4923,5045,-1,5045,4923,4921,-1,5068,4966,5067,-1,4969,4966,5068,-1,5047,4925,5046,-1,5046,4925,4923,-1,5067,4965,5066,-1,4966,4965,5067,-1,5048,4927,5047,-1,5047,4927,4925,-1,5066,4963,5065,-1,4965,4963,5066,-1,5049,4929,5048,-1,5048,4929,4927,-1,5065,4961,5064,-1,4963,4961,5065,-1,5049,4931,4929,-1,5050,4931,5049,-1,5064,4959,5063,-1,4961,4959,5064,-1,5051,4933,5050,-1,5050,4933,4931,-1,5063,4957,5062,-1,4959,4957,5063,-1,5052,4935,5051,-1,5051,4935,4933,-1,5062,4955,5061,-1,4957,4955,5062,-1,5053,4937,5052,-1,5052,4937,4935,-1,5061,4953,5060,-1,4955,4953,5061,-1,5054,4939,5053,-1,5053,4939,4937,-1,5060,4951,5059,-1,4953,4951,5060,-1,5055,4941,5054,-1,5054,4941,4939,-1,4951,4949,5059,-1,5059,4949,5058,-1,5056,4943,5055,-1,5055,4943,4941,-1,5058,4947,5057,-1,4949,4947,5058,-1,5057,4945,5056,-1,5056,4945,4943,-1,4947,4945,5057,-1,5104,5105,5106,-1,5106,5107,5108,-1,5105,5107,5106,-1,5108,5109,5110,-1,5107,5109,5108,-1,5110,5111,5112,-1,5109,5111,5110,-1,5112,5113,5114,-1,5111,5113,5112,-1,5114,5115,5116,-1,5113,5115,5114,-1,5116,5117,5118,-1,5115,5117,5116,-1,5118,5119,5120,-1,5117,5119,5118,-1,5120,5121,5122,-1,5119,5121,5120,-1,5122,5123,5124,-1,5121,5123,5122,-1,5124,5125,5126,-1,5123,5125,5124,-1,5126,5127,5128,-1,5125,5127,5126,-1,5128,5129,5130,-1,5127,5129,5128,-1,5130,5131,5132,-1,5129,5131,5130,-1,5132,5133,5134,-1,5131,5133,5132,-1,5134,5135,5136,-1,5133,5135,5134,-1,5136,5137,5138,-1,5135,5137,5136,-1,5137,5139,5138,-1,5138,5139,5140,-1,5139,5141,5140,-1,5140,5141,5142,-1,5141,5143,5142,-1,5142,5143,5144,-1,5144,5145,5146,-1,5143,5145,5144,-1,5146,5147,5148,-1,5145,5147,5146,-1,5148,5149,5150,-1,5147,5149,5148,-1,5149,5151,5150,-1,5152,5153,5154,-1,5150,5153,5152,-1,5151,5153,5150,-1,5154,5155,5156,-1,5153,5155,5154,-1,5156,5157,5158,-1,5155,5157,5156,-1,5158,5159,5160,-1,5157,5159,5158,-1,5159,5161,5160,-1,5160,5161,5162,-1,5161,5163,5162,-1,5162,5163,5164,-1,5163,5165,5164,-1,5164,5165,5166,-1,5165,5167,5166,-1,5166,5167,5168,-1,5167,5169,5168,-1,5169,5170,5168,-1,5171,5170,5172,-1,5168,5170,5171,-1,5170,5173,5172,-1,5173,5174,5172,-1,5175,5174,5176,-1,5172,5174,5175,-1,5174,5177,5176,-1,5176,5177,5178,-1,5177,5179,5178,-1,5178,5179,5180,-1,5179,5181,5180,-1,5180,5181,5182,-1,5182,5183,5184,-1,5181,5183,5182,-1,5184,5185,5186,-1,5183,5185,5184,-1,5186,5187,5188,-1,5185,5187,5186,-1,5188,5189,5190,-1,5187,5189,5188,-1,5190,5191,5192,-1,5189,5191,5190,-1,5191,5193,5192,-1,5192,5193,5194,-1,5193,5195,5194,-1,5194,5195,5196,-1,5195,5197,5196,-1,5196,5197,5198,-1,5197,5199,5198,-1,5198,5199,5200,-1,5199,5201,5200,-1,5200,5201,5202,-1,5201,5203,5202,-1,5203,5204,5202,-1,5205,5204,5206,-1,5202,5204,5205,-1,5204,5207,5206,-1,5206,5207,5208,-1,5207,5209,5208,-1,5208,5209,5210,-1,5209,5211,5210,-1,5210,5211,5212,-1,5211,5213,5212,-1,5213,5214,5212,-1,5215,5214,5216,-1,5212,5214,5215,-1,5214,5217,5216,-1,5216,5217,5218,-1,5217,5219,5218,-1,5219,5220,5218,-1,5221,5220,5222,-1,5218,5220,5221,-1,5220,5223,5222,-1,5222,5223,5224,-1,5224,5225,5226,-1,5223,5225,5224,-1,5225,5227,5226,-1,5226,5227,5228,-1,5228,5229,5230,-1,5227,5229,5228,-1,5229,5231,5230,-1,5232,5233,5234,-1,5235,5234,5236,-1,5235,5232,5234,-1,5237,5236,5238,-1,5237,5235,5236,-1,5239,5238,5240,-1,5239,5237,5238,-1,5241,5239,5240,-1,5242,5240,5243,-1,5242,5241,5240,-1,5244,5243,5245,-1,5244,5242,5243,-1,5246,5245,5247,-1,5246,5244,5245,-1,5248,5246,5247,-1,5248,5247,5249,-1,5250,5248,5249,-1,5250,5249,5251,-1,5252,5250,5251,-1,5252,5251,5253,-1,5254,5252,5253,-1,5254,5253,5255,-1,5256,5255,5257,-1,5256,5254,5255,-1,5258,5257,5259,-1,5258,5256,5257,-1,5260,5259,5261,-1,5260,5258,5259,-1,5262,5261,5263,-1,5262,5260,5261,-1,5264,5263,5265,-1,5264,5262,5263,-1,5266,5265,5267,-1,5266,5264,5265,-1,5268,5267,5269,-1,5268,5266,5267,-1,5270,5269,5271,-1,5270,5268,5269,-1,5272,5271,5273,-1,5272,5270,5271,-1,5274,5273,5275,-1,5274,5272,5273,-1,5276,5275,5277,-1,5276,5274,5275,-1,5278,5277,5279,-1,5278,5276,5277,-1,5280,5279,5281,-1,5280,5278,5279,-1,5282,5281,5283,-1,5282,5280,5281,-1,5284,5283,5285,-1,5284,5282,5283,-1,5286,5285,5287,-1,5286,5284,5285,-1,5288,5287,5289,-1,5288,5286,5287,-1,5290,5289,5291,-1,5290,5288,5289,-1,5292,5291,5293,-1,5292,5290,5291,-1,5294,5293,5295,-1,5294,5292,5293,-1,5296,5295,5297,-1,5296,5294,5295,-1,5232,5298,5233,-1,5232,5299,5298,-1,5300,5296,5297,-1,5300,5297,5301,-1,5302,5301,5303,-1,5302,5300,5301,-1,5304,5303,5305,-1,5304,5302,5303,-1,5306,5305,5307,-1,5306,5304,5305,-1,5308,5307,5309,-1,5308,5306,5307,-1,5310,5309,5311,-1,5310,5308,5309,-1,5312,5311,5313,-1,5312,5310,5311,-1,5314,5312,5313,-1,5314,5313,5315,-1,5316,5314,5315,-1,5316,5315,5317,-1,5318,5316,5317,-1,5318,5317,5319,-1,5320,5318,5319,-1,5320,5319,5321,-1,5322,5320,5321,-1,5322,5321,5323,-1,5324,5323,5325,-1,5324,5322,5323,-1,5326,5325,5327,-1,5326,5324,5325,-1,5328,5327,5329,-1,5328,5326,5327,-1,5330,5329,5331,-1,5330,5328,5329,-1,5332,5331,5333,-1,5332,5330,5331,-1,5334,5333,5335,-1,5334,5332,5333,-1,5336,5335,5337,-1,5336,5334,5335,-1,5338,5337,5339,-1,5338,5336,5337,-1,5340,5339,5341,-1,5340,5338,5339,-1,5342,5341,5343,-1,5342,5340,5341,-1,5344,5343,5345,-1,5344,5342,5343,-1,5346,5345,5347,-1,5346,5344,5345,-1,5348,5347,5349,-1,5348,5346,5347,-1,5350,5351,5352,-1,5350,5349,5351,-1,5350,5348,5349,-1,5353,5350,5352,-1,5354,5355,5356,-1,5354,5352,5355,-1,5354,5353,5352,-1,5357,5354,5356,-1,5358,5359,5360,-1,5358,5356,5359,-1,5358,5357,5356,-1,5361,5360,5362,-1,5361,5358,5360,-1,5363,5361,5362,-1,5364,5362,5365,-1,5364,5363,5362,-1,5299,5365,5298,-1,5299,5364,5365,-1,5135,5299,5137,-1,5139,5299,5232,-1,5139,5137,5299,-1,5133,5299,5135,-1,5141,5139,5232,-1,5131,5299,5133,-1,5143,5141,5232,-1,5129,5299,5131,-1,5145,5143,5232,-1,5127,5299,5129,-1,5147,5145,5232,-1,5125,5299,5127,-1,5149,5147,5232,-1,5123,5299,5125,-1,5151,5149,5232,-1,5121,5299,5123,-1,5153,5151,5232,-1,5119,5299,5121,-1,5155,5153,5232,-1,5117,5299,5119,-1,5157,5155,5232,-1,5115,5299,5117,-1,5159,5157,5232,-1,5113,5299,5115,-1,5161,5159,5232,-1,5111,5299,5113,-1,5163,5161,5232,-1,5109,5299,5111,-1,5165,5163,5232,-1,5107,5299,5109,-1,5167,5165,5232,-1,5105,5364,5299,-1,5105,5299,5107,-1,5169,5232,5235,-1,5169,5167,5232,-1,5366,5364,5105,-1,5170,5235,5237,-1,5170,5169,5235,-1,5367,5364,5366,-1,5173,5237,5239,-1,5173,5170,5237,-1,5368,5364,5367,-1,5174,5239,5241,-1,5174,5173,5239,-1,5369,5364,5368,-1,5177,5241,5242,-1,5177,5174,5241,-1,5370,5364,5369,-1,5179,5242,5244,-1,5179,5177,5242,-1,5371,5364,5370,-1,5181,5244,5246,-1,5181,5179,5244,-1,5372,5364,5371,-1,5183,5246,5248,-1,5183,5181,5246,-1,5373,5364,5372,-1,5185,5183,5248,-1,5185,5248,5250,-1,5374,5364,5373,-1,5187,5250,5252,-1,5187,5185,5250,-1,5375,5364,5374,-1,5189,5252,5254,-1,5189,5187,5252,-1,5376,5364,5375,-1,5191,5254,5256,-1,5191,5189,5254,-1,5377,5364,5376,-1,5193,5256,5258,-1,5193,5191,5256,-1,5378,5364,5377,-1,5195,5258,5260,-1,5195,5193,5258,-1,5379,5364,5378,-1,5197,5260,5262,-1,5197,5195,5260,-1,5380,5364,5379,-1,5199,5197,5262,-1,5264,5199,5262,-1,5381,5364,5380,-1,5201,5199,5264,-1,5382,5364,5381,-1,5266,5201,5264,-1,5266,5203,5201,-1,5268,5203,5266,-1,5268,5204,5203,-1,5270,5204,5268,-1,5270,5207,5204,-1,5272,5207,5270,-1,5272,5209,5207,-1,5274,5211,5209,-1,5274,5209,5272,-1,5276,5213,5211,-1,5276,5211,5274,-1,5278,5214,5213,-1,5278,5213,5276,-1,5280,5217,5214,-1,5280,5214,5278,-1,5282,5217,5280,-1,5282,5219,5217,-1,5284,5219,5282,-1,5284,5220,5219,-1,5286,5220,5284,-1,5286,5223,5220,-1,5288,5223,5286,-1,5288,5225,5223,-1,5290,5225,5288,-1,5290,5227,5225,-1,5292,5227,5290,-1,5292,5229,5227,-1,5294,5229,5292,-1,5294,5231,5229,-1,5363,5383,5384,-1,5363,5385,5383,-1,5363,5386,5385,-1,5363,5387,5386,-1,5363,5388,5387,-1,5363,5389,5388,-1,5363,5390,5389,-1,5363,5391,5390,-1,5363,5392,5391,-1,5363,5393,5392,-1,5363,5394,5393,-1,5363,5395,5394,-1,5363,5382,5395,-1,5363,5364,5382,-1,5363,5396,5397,-1,5363,5384,5396,-1,5296,5231,5294,-1,5361,5363,5397,-1,5361,5397,5398,-1,5300,5231,5296,-1,5300,5399,5231,-1,5358,5361,5398,-1,5358,5398,5400,-1,5302,5399,5300,-1,5302,5401,5399,-1,5357,5358,5400,-1,5357,5400,5402,-1,5304,5403,5401,-1,5304,5401,5302,-1,5354,5357,5402,-1,5354,5402,5404,-1,5306,5403,5304,-1,5306,5405,5403,-1,5353,5354,5404,-1,5353,5404,5406,-1,5308,5405,5306,-1,5308,5407,5405,-1,5310,5407,5308,-1,5310,5408,5407,-1,5350,5353,5406,-1,5350,5406,5409,-1,5348,5350,5409,-1,5348,5409,5410,-1,5312,5408,5310,-1,5312,5411,5408,-1,5314,5411,5312,-1,5314,5412,5411,-1,5346,5348,5410,-1,5346,5410,5413,-1,5316,5412,5314,-1,5316,5414,5412,-1,5344,5346,5413,-1,5344,5413,5415,-1,5342,5344,5415,-1,5342,5415,5416,-1,5318,5417,5414,-1,5318,5414,5316,-1,5320,5417,5318,-1,5320,5418,5417,-1,5340,5342,5416,-1,5340,5416,5419,-1,5322,5418,5320,-1,5322,5420,5418,-1,5338,5340,5419,-1,5338,5419,5421,-1,5324,5420,5322,-1,5324,5422,5420,-1,5336,5338,5421,-1,5336,5421,5423,-1,5326,5422,5324,-1,5326,5424,5422,-1,5334,5336,5423,-1,5334,5423,5425,-1,5332,5334,5425,-1,5332,5425,5426,-1,5328,5424,5326,-1,5328,5427,5424,-1,5330,5332,5426,-1,5330,5427,5328,-1,5330,5426,5427,-1,5230,5231,5428,-1,5428,5399,5429,-1,5231,5399,5428,-1,5429,5401,5430,-1,5399,5401,5429,-1,5430,5403,5431,-1,5401,5403,5430,-1,5431,5405,5432,-1,5403,5405,5431,-1,5432,5407,5433,-1,5405,5407,5432,-1,5433,5408,5434,-1,5407,5408,5433,-1,5434,5411,5435,-1,5408,5411,5434,-1,5435,5412,5436,-1,5411,5412,5435,-1,5436,5414,5437,-1,5412,5414,5436,-1,5437,5417,5438,-1,5414,5417,5437,-1,5438,5418,5439,-1,5417,5418,5438,-1,5439,5420,5440,-1,5418,5420,5439,-1,5440,5422,5441,-1,5420,5422,5440,-1,5441,5424,5442,-1,5422,5424,5441,-1,5442,5427,5443,-1,5424,5427,5442,-1,5443,5426,5444,-1,5427,5426,5443,-1,5426,5425,5444,-1,5444,5425,5445,-1,5425,5423,5445,-1,5445,5423,5446,-1,5423,5421,5446,-1,5446,5421,5447,-1,5447,5419,5448,-1,5421,5419,5447,-1,5448,5416,5449,-1,5419,5416,5448,-1,5449,5415,5450,-1,5416,5415,5449,-1,5450,5413,5451,-1,5415,5413,5450,-1,5451,5410,5452,-1,5413,5410,5451,-1,5452,5409,5453,-1,5410,5409,5452,-1,5453,5406,5454,-1,5409,5406,5453,-1,5406,5404,5454,-1,5454,5404,5455,-1,5404,5402,5455,-1,5402,5400,5455,-1,5456,5400,5457,-1,5455,5400,5456,-1,5400,5398,5457,-1,5457,5398,5458,-1,5398,5397,5458,-1,5458,5397,5459,-1,5397,5396,5459,-1,5459,5396,5460,-1,5396,5384,5460,-1,5460,5384,5461,-1,5384,5383,5461,-1,5461,5383,5462,-1,5383,5385,5462,-1,5462,5385,5463,-1,5385,5386,5463,-1,5463,5386,5464,-1,5386,5387,5464,-1,5464,5387,5465,-1,5387,5388,5465,-1,5465,5388,5466,-1,5388,5389,5466,-1,5467,5390,5468,-1,5466,5390,5467,-1,5389,5390,5466,-1,5390,5391,5468,-1,5391,5392,5468,-1,5469,5392,5470,-1,5468,5392,5469,-1,5470,5393,5471,-1,5392,5393,5470,-1,5393,5394,5471,-1,5471,5394,5472,-1,5394,5395,5472,-1,5395,5382,5472,-1,5473,5382,5474,-1,5472,5382,5473,-1,5382,5381,5474,-1,5381,5380,5474,-1,5474,5380,5475,-1,5380,5379,5475,-1,5476,5379,5477,-1,5475,5379,5476,-1,5379,5378,5477,-1,5378,5377,5477,-1,5478,5377,5479,-1,5477,5377,5478,-1,5377,5376,5479,-1,5479,5376,5480,-1,5376,5375,5480,-1,5375,5374,5480,-1,5481,5374,5482,-1,5480,5374,5481,-1,5374,5373,5482,-1,5482,5373,5483,-1,5373,5372,5483,-1,5483,5372,5484,-1,5372,5371,5484,-1,5371,5370,5484,-1,5485,5370,5486,-1,5484,5370,5485,-1,5370,5369,5486,-1,5487,5368,5488,-1,5486,5368,5487,-1,5369,5368,5486,-1,5368,5367,5488,-1,5488,5367,5489,-1,5489,5366,5104,-1,5367,5366,5489,-1,5366,5105,5104,-1,5298,5134,5136,-1,5298,5138,5233,-1,5136,5138,5298,-1,5298,5132,5134,-1,5138,5140,5233,-1,5298,5130,5132,-1,5140,5142,5233,-1,5298,5128,5130,-1,5142,5144,5233,-1,5298,5126,5128,-1,5144,5146,5233,-1,5298,5124,5126,-1,5146,5148,5233,-1,5298,5122,5124,-1,5148,5150,5233,-1,5298,5120,5122,-1,5150,5152,5233,-1,5298,5118,5120,-1,5152,5154,5233,-1,5298,5116,5118,-1,5154,5156,5233,-1,5298,5114,5116,-1,5156,5158,5233,-1,5298,5112,5114,-1,5158,5160,5233,-1,5298,5110,5112,-1,5160,5162,5233,-1,5298,5108,5110,-1,5162,5164,5233,-1,5298,5106,5108,-1,5164,5166,5233,-1,5298,5104,5106,-1,5365,5104,5298,-1,5233,5168,5234,-1,5166,5168,5233,-1,5365,5489,5104,-1,5234,5171,5236,-1,5168,5171,5234,-1,5365,5488,5489,-1,5236,5172,5238,-1,5171,5172,5236,-1,5365,5487,5488,-1,5238,5175,5240,-1,5172,5175,5238,-1,5365,5486,5487,-1,5240,5176,5243,-1,5175,5176,5240,-1,5365,5485,5486,-1,5243,5178,5245,-1,5176,5178,5243,-1,5365,5484,5485,-1,5245,5180,5247,-1,5178,5180,5245,-1,5365,5483,5484,-1,5180,5182,5247,-1,5247,5182,5249,-1,5365,5482,5483,-1,5249,5184,5251,-1,5182,5184,5249,-1,5365,5481,5482,-1,5184,5186,5251,-1,5251,5186,5253,-1,5365,5480,5481,-1,5186,5188,5253,-1,5253,5188,5255,-1,5365,5479,5480,-1,5188,5190,5255,-1,5255,5190,5257,-1,5365,5478,5479,-1,5190,5192,5257,-1,5257,5192,5259,-1,5365,5477,5478,-1,5259,5194,5261,-1,5192,5194,5259,-1,5365,5476,5477,-1,5261,5196,5263,-1,5194,5196,5261,-1,5365,5475,5476,-1,5196,5198,5263,-1,5198,5265,5263,-1,5365,5474,5475,-1,5198,5200,5265,-1,5365,5473,5474,-1,5200,5267,5265,-1,5202,5267,5200,-1,5205,5269,5202,-1,5202,5269,5267,-1,5206,5271,5205,-1,5205,5271,5269,-1,5208,5273,5206,-1,5206,5273,5271,-1,5210,5275,5208,-1,5208,5275,5273,-1,5212,5277,5210,-1,5210,5277,5275,-1,5212,5279,5277,-1,5215,5279,5212,-1,5215,5281,5279,-1,5216,5281,5215,-1,5216,5283,5281,-1,5218,5283,5216,-1,5221,5285,5218,-1,5218,5285,5283,-1,5222,5287,5221,-1,5221,5287,5285,-1,5222,5289,5287,-1,5224,5289,5222,-1,5224,5291,5289,-1,5226,5291,5224,-1,5226,5293,5291,-1,5228,5293,5226,-1,5228,5295,5293,-1,5230,5295,5228,-1,5230,5297,5295,-1,5365,5362,5473,-1,5473,5362,5472,-1,5472,5362,5471,-1,5471,5362,5470,-1,5470,5362,5469,-1,5469,5362,5468,-1,5468,5362,5467,-1,5467,5362,5466,-1,5466,5362,5465,-1,5465,5362,5464,-1,5464,5362,5463,-1,5463,5362,5462,-1,5462,5362,5461,-1,5461,5362,5460,-1,5460,5362,5459,-1,5459,5362,5458,-1,5428,5301,5230,-1,5230,5301,5297,-1,5362,5360,5458,-1,5458,5360,5457,-1,5428,5303,5301,-1,5429,5303,5428,-1,5457,5359,5456,-1,5360,5359,5457,-1,5429,5305,5303,-1,5430,5305,5429,-1,5456,5356,5455,-1,5359,5356,5456,-1,5430,5307,5305,-1,5431,5307,5430,-1,5455,5355,5454,-1,5356,5355,5455,-1,5432,5309,5431,-1,5431,5309,5307,-1,5454,5352,5453,-1,5355,5352,5454,-1,5433,5311,5432,-1,5432,5311,5309,-1,5453,5351,5452,-1,5352,5351,5453,-1,5434,5313,5433,-1,5433,5313,5311,-1,5452,5349,5451,-1,5351,5349,5452,-1,5435,5315,5434,-1,5434,5315,5313,-1,5451,5347,5450,-1,5349,5347,5451,-1,5435,5317,5315,-1,5436,5317,5435,-1,5450,5345,5449,-1,5347,5345,5450,-1,5437,5319,5436,-1,5436,5319,5317,-1,5449,5343,5448,-1,5345,5343,5449,-1,5438,5321,5437,-1,5437,5321,5319,-1,5448,5341,5447,-1,5343,5341,5448,-1,5439,5323,5438,-1,5438,5323,5321,-1,5447,5339,5446,-1,5341,5339,5447,-1,5440,5325,5439,-1,5439,5325,5323,-1,5446,5337,5445,-1,5339,5337,5446,-1,5441,5327,5440,-1,5440,5327,5325,-1,5337,5335,5445,-1,5445,5335,5444,-1,5442,5329,5441,-1,5441,5329,5327,-1,5444,5333,5443,-1,5335,5333,5444,-1,5443,5331,5442,-1,5442,5331,5329,-1,5333,5331,5443,-1,5490,5491,5492,-1,5492,5493,5494,-1,5491,5493,5492,-1,5494,5495,5496,-1,5493,5495,5494,-1,5496,5497,5498,-1,5495,5497,5496,-1,5498,5499,5500,-1,5497,5499,5498,-1,5500,5501,5502,-1,5499,5501,5500,-1,5502,5503,5504,-1,5501,5503,5502,-1,5504,5505,5506,-1,5503,5505,5504,-1,5506,5507,5508,-1,5505,5507,5506,-1,5508,5509,5510,-1,5507,5509,5508,-1,5510,5511,5512,-1,5509,5511,5510,-1,5512,5513,5514,-1,5511,5513,5512,-1,5514,5515,5516,-1,5513,5515,5514,-1,5516,5517,5518,-1,5515,5517,5516,-1,5518,5519,5520,-1,5517,5519,5518,-1,5520,5521,5522,-1,5519,5521,5520,-1,5522,5523,5524,-1,5521,5523,5522,-1,5523,5525,5524,-1,5524,5525,5526,-1,5525,5527,5526,-1,5526,5527,5528,-1,5527,5529,5528,-1,5528,5529,5530,-1,5530,5531,5532,-1,5529,5531,5530,-1,5532,5533,5534,-1,5531,5533,5532,-1,5534,5535,5536,-1,5533,5535,5534,-1,5535,5537,5536,-1,5538,5539,5540,-1,5536,5539,5538,-1,5537,5539,5536,-1,5540,5541,5542,-1,5539,5541,5540,-1,5542,5543,5544,-1,5541,5543,5542,-1,5544,5545,5546,-1,5543,5545,5544,-1,5545,5547,5546,-1,5546,5547,5548,-1,5547,5549,5548,-1,5548,5549,5550,-1,5549,5551,5550,-1,5550,5551,5552,-1,5551,5553,5552,-1,5552,5553,5554,-1,5553,5555,5554,-1,5555,5556,5554,-1,5557,5556,5558,-1,5554,5556,5557,-1,5556,5559,5558,-1,5559,5560,5558,-1,5561,5560,5562,-1,5558,5560,5561,-1,5560,5563,5562,-1,5562,5563,5564,-1,5563,5565,5564,-1,5564,5565,5566,-1,5565,5567,5566,-1,5566,5567,5568,-1,5568,5569,5570,-1,5567,5569,5568,-1,5570,5571,5572,-1,5569,5571,5570,-1,5572,5573,5574,-1,5571,5573,5572,-1,5574,5575,5576,-1,5573,5575,5574,-1,5576,5577,5578,-1,5575,5577,5576,-1,5577,5579,5578,-1,5578,5579,5580,-1,5579,5581,5580,-1,5580,5581,5582,-1,5581,5583,5582,-1,5582,5583,5584,-1,5583,5585,5584,-1,5584,5585,5586,-1,5585,5587,5586,-1,5586,5587,5588,-1,5587,5589,5588,-1,5589,5590,5588,-1,5591,5590,5592,-1,5588,5590,5591,-1,5590,5593,5592,-1,5592,5593,5594,-1,5593,5595,5594,-1,5594,5595,5596,-1,5595,5597,5596,-1,5596,5597,5598,-1,5597,5599,5598,-1,5599,5600,5598,-1,5601,5600,5602,-1,5598,5600,5601,-1,5600,5603,5602,-1,5602,5603,5604,-1,5603,5605,5604,-1,5605,5606,5604,-1,5607,5606,5608,-1,5604,5606,5607,-1,5606,5609,5608,-1,5608,5609,5610,-1,5610,5611,5612,-1,5609,5611,5610,-1,5611,5613,5612,-1,5612,5613,5614,-1,5614,5615,5616,-1,5613,5615,5614,-1,5615,5617,5616,-1,5618,5619,5620,-1,5621,5620,5622,-1,5621,5618,5620,-1,5623,5622,5624,-1,5623,5621,5622,-1,5625,5624,5626,-1,5625,5623,5624,-1,5627,5625,5626,-1,5628,5626,5629,-1,5628,5627,5626,-1,5630,5629,5631,-1,5630,5628,5629,-1,5632,5631,5633,-1,5632,5630,5631,-1,5634,5632,5633,-1,5634,5633,5635,-1,5636,5634,5635,-1,5636,5635,5637,-1,5638,5636,5637,-1,5638,5637,5639,-1,5640,5638,5639,-1,5640,5639,5641,-1,5642,5641,5643,-1,5642,5640,5641,-1,5644,5643,5645,-1,5644,5642,5643,-1,5646,5645,5647,-1,5646,5644,5645,-1,5648,5647,5649,-1,5648,5646,5647,-1,5650,5649,5651,-1,5650,5648,5649,-1,5652,5651,5653,-1,5652,5650,5651,-1,5654,5653,5655,-1,5654,5652,5653,-1,5656,5655,5657,-1,5656,5654,5655,-1,5658,5657,5659,-1,5658,5656,5657,-1,5660,5659,5661,-1,5660,5658,5659,-1,5662,5661,5663,-1,5662,5660,5661,-1,5664,5663,5665,-1,5664,5662,5663,-1,5666,5665,5667,-1,5666,5664,5665,-1,5668,5667,5669,-1,5668,5666,5667,-1,5670,5669,5671,-1,5670,5668,5669,-1,5672,5671,5673,-1,5672,5670,5671,-1,5674,5673,5675,-1,5674,5672,5673,-1,5676,5675,5677,-1,5676,5674,5675,-1,5678,5677,5679,-1,5678,5676,5677,-1,5680,5679,5681,-1,5680,5678,5679,-1,5682,5681,5683,-1,5682,5680,5681,-1,5618,5684,5619,-1,5618,5685,5684,-1,5686,5682,5683,-1,5686,5683,5687,-1,5688,5687,5689,-1,5688,5686,5687,-1,5690,5689,5691,-1,5690,5688,5689,-1,5692,5691,5693,-1,5692,5690,5691,-1,5694,5693,5695,-1,5694,5692,5693,-1,5696,5695,5697,-1,5696,5694,5695,-1,5698,5697,5699,-1,5698,5696,5697,-1,5700,5698,5699,-1,5700,5699,5701,-1,5702,5700,5701,-1,5702,5701,5703,-1,5704,5702,5703,-1,5704,5703,5705,-1,5706,5704,5705,-1,5706,5705,5707,-1,5708,5706,5707,-1,5708,5707,5709,-1,5710,5709,5711,-1,5710,5708,5709,-1,5712,5711,5713,-1,5712,5710,5711,-1,5714,5713,5715,-1,5714,5712,5713,-1,5716,5715,5717,-1,5716,5714,5715,-1,5718,5717,5719,-1,5718,5716,5717,-1,5720,5719,5721,-1,5720,5718,5719,-1,5722,5721,5723,-1,5722,5720,5721,-1,5724,5723,5725,-1,5724,5722,5723,-1,5726,5725,5727,-1,5726,5724,5725,-1,5728,5727,5729,-1,5728,5726,5727,-1,5730,5729,5731,-1,5730,5728,5729,-1,5732,5731,5733,-1,5732,5730,5731,-1,5734,5733,5735,-1,5734,5732,5733,-1,5736,5737,5738,-1,5736,5735,5737,-1,5736,5734,5735,-1,5739,5736,5738,-1,5740,5741,5742,-1,5740,5738,5741,-1,5740,5739,5738,-1,5743,5740,5742,-1,5744,5745,5746,-1,5744,5742,5745,-1,5744,5743,5742,-1,5747,5746,5748,-1,5747,5744,5746,-1,5749,5747,5748,-1,5750,5748,5751,-1,5750,5749,5748,-1,5685,5751,5684,-1,5685,5750,5751,-1,5521,5685,5523,-1,5525,5685,5618,-1,5525,5523,5685,-1,5519,5685,5521,-1,5527,5525,5618,-1,5517,5685,5519,-1,5529,5527,5618,-1,5515,5685,5517,-1,5531,5529,5618,-1,5513,5685,5515,-1,5533,5531,5618,-1,5511,5685,5513,-1,5535,5533,5618,-1,5509,5685,5511,-1,5537,5535,5618,-1,5507,5685,5509,-1,5539,5537,5618,-1,5505,5685,5507,-1,5541,5539,5618,-1,5503,5685,5505,-1,5543,5541,5618,-1,5501,5685,5503,-1,5545,5543,5618,-1,5499,5685,5501,-1,5547,5545,5618,-1,5497,5685,5499,-1,5549,5547,5618,-1,5495,5685,5497,-1,5551,5549,5618,-1,5493,5685,5495,-1,5553,5551,5618,-1,5491,5750,5685,-1,5491,5685,5493,-1,5555,5618,5621,-1,5555,5553,5618,-1,5752,5750,5491,-1,5556,5621,5623,-1,5556,5555,5621,-1,5753,5750,5752,-1,5559,5623,5625,-1,5559,5556,5623,-1,5754,5750,5753,-1,5560,5625,5627,-1,5560,5559,5625,-1,5755,5750,5754,-1,5563,5627,5628,-1,5563,5560,5627,-1,5756,5750,5755,-1,5565,5628,5630,-1,5565,5563,5628,-1,5757,5750,5756,-1,5567,5630,5632,-1,5567,5565,5630,-1,5758,5750,5757,-1,5569,5632,5634,-1,5569,5567,5632,-1,5759,5750,5758,-1,5571,5569,5634,-1,5571,5634,5636,-1,5760,5750,5759,-1,5573,5636,5638,-1,5573,5571,5636,-1,5761,5750,5760,-1,5575,5638,5640,-1,5575,5573,5638,-1,5762,5750,5761,-1,5577,5640,5642,-1,5577,5575,5640,-1,5763,5750,5762,-1,5579,5642,5644,-1,5579,5577,5642,-1,5764,5750,5763,-1,5581,5644,5646,-1,5581,5579,5644,-1,5765,5750,5764,-1,5583,5646,5648,-1,5583,5581,5646,-1,5766,5750,5765,-1,5585,5583,5648,-1,5650,5585,5648,-1,5767,5750,5766,-1,5587,5585,5650,-1,5768,5750,5767,-1,5652,5587,5650,-1,5652,5589,5587,-1,5654,5589,5652,-1,5654,5590,5589,-1,5656,5590,5654,-1,5656,5593,5590,-1,5658,5593,5656,-1,5658,5595,5593,-1,5660,5597,5595,-1,5660,5595,5658,-1,5662,5599,5597,-1,5662,5597,5660,-1,5664,5600,5599,-1,5664,5599,5662,-1,5666,5603,5600,-1,5666,5600,5664,-1,5668,5603,5666,-1,5668,5605,5603,-1,5670,5605,5668,-1,5670,5606,5605,-1,5672,5606,5670,-1,5672,5609,5606,-1,5674,5609,5672,-1,5674,5611,5609,-1,5676,5611,5674,-1,5676,5613,5611,-1,5678,5613,5676,-1,5678,5615,5613,-1,5680,5615,5678,-1,5680,5617,5615,-1,5749,5769,5770,-1,5749,5771,5769,-1,5749,5772,5771,-1,5749,5773,5772,-1,5749,5774,5773,-1,5749,5775,5774,-1,5749,5776,5775,-1,5749,5777,5776,-1,5749,5778,5777,-1,5749,5779,5778,-1,5749,5780,5779,-1,5749,5781,5780,-1,5749,5768,5781,-1,5749,5750,5768,-1,5749,5782,5783,-1,5749,5770,5782,-1,5682,5617,5680,-1,5747,5749,5783,-1,5747,5783,5784,-1,5686,5617,5682,-1,5686,5785,5617,-1,5744,5747,5784,-1,5744,5784,5786,-1,5688,5785,5686,-1,5688,5787,5785,-1,5743,5744,5786,-1,5743,5786,5788,-1,5690,5789,5787,-1,5690,5787,5688,-1,5740,5743,5788,-1,5740,5788,5790,-1,5692,5789,5690,-1,5692,5791,5789,-1,5739,5740,5790,-1,5739,5790,5792,-1,5694,5791,5692,-1,5694,5793,5791,-1,5696,5793,5694,-1,5696,5794,5793,-1,5736,5739,5792,-1,5736,5792,5795,-1,5734,5736,5795,-1,5734,5795,5796,-1,5698,5794,5696,-1,5698,5797,5794,-1,5700,5797,5698,-1,5700,5798,5797,-1,5732,5734,5796,-1,5732,5796,5799,-1,5702,5798,5700,-1,5702,5800,5798,-1,5730,5732,5799,-1,5730,5799,5801,-1,5728,5730,5801,-1,5728,5801,5802,-1,5704,5803,5800,-1,5704,5800,5702,-1,5706,5803,5704,-1,5706,5804,5803,-1,5726,5728,5802,-1,5726,5802,5805,-1,5708,5804,5706,-1,5708,5806,5804,-1,5724,5726,5805,-1,5724,5805,5807,-1,5710,5806,5708,-1,5710,5808,5806,-1,5722,5724,5807,-1,5722,5807,5809,-1,5712,5808,5710,-1,5712,5810,5808,-1,5720,5722,5809,-1,5720,5809,5811,-1,5718,5720,5811,-1,5718,5811,5812,-1,5714,5810,5712,-1,5714,5813,5810,-1,5716,5718,5812,-1,5716,5813,5714,-1,5716,5812,5813,-1,5616,5617,5814,-1,5814,5785,5815,-1,5617,5785,5814,-1,5815,5787,5816,-1,5785,5787,5815,-1,5816,5789,5817,-1,5787,5789,5816,-1,5817,5791,5818,-1,5789,5791,5817,-1,5818,5793,5819,-1,5791,5793,5818,-1,5819,5794,5820,-1,5793,5794,5819,-1,5820,5797,5821,-1,5794,5797,5820,-1,5821,5798,5822,-1,5797,5798,5821,-1,5822,5800,5823,-1,5798,5800,5822,-1,5823,5803,5824,-1,5800,5803,5823,-1,5824,5804,5825,-1,5803,5804,5824,-1,5825,5806,5826,-1,5804,5806,5825,-1,5826,5808,5827,-1,5806,5808,5826,-1,5827,5810,5828,-1,5808,5810,5827,-1,5828,5813,5829,-1,5810,5813,5828,-1,5829,5812,5830,-1,5813,5812,5829,-1,5812,5811,5830,-1,5830,5811,5831,-1,5811,5809,5831,-1,5831,5809,5832,-1,5809,5807,5832,-1,5832,5807,5833,-1,5833,5805,5834,-1,5807,5805,5833,-1,5834,5802,5835,-1,5805,5802,5834,-1,5835,5801,5836,-1,5802,5801,5835,-1,5836,5799,5837,-1,5801,5799,5836,-1,5837,5796,5838,-1,5799,5796,5837,-1,5838,5795,5839,-1,5796,5795,5838,-1,5839,5792,5840,-1,5795,5792,5839,-1,5792,5790,5840,-1,5840,5790,5841,-1,5790,5788,5841,-1,5788,5786,5841,-1,5842,5786,5843,-1,5841,5786,5842,-1,5786,5784,5843,-1,5843,5784,5844,-1,5784,5783,5844,-1,5844,5783,5845,-1,5783,5782,5845,-1,5845,5782,5846,-1,5782,5770,5846,-1,5846,5770,5847,-1,5770,5769,5847,-1,5847,5769,5848,-1,5769,5771,5848,-1,5848,5771,5849,-1,5771,5772,5849,-1,5849,5772,5850,-1,5772,5773,5850,-1,5850,5773,5851,-1,5773,5774,5851,-1,5851,5774,5852,-1,5774,5775,5852,-1,5853,5776,5854,-1,5852,5776,5853,-1,5775,5776,5852,-1,5776,5777,5854,-1,5777,5778,5854,-1,5855,5778,5856,-1,5854,5778,5855,-1,5856,5779,5857,-1,5778,5779,5856,-1,5779,5780,5857,-1,5857,5780,5858,-1,5780,5781,5858,-1,5781,5768,5858,-1,5859,5768,5860,-1,5858,5768,5859,-1,5768,5767,5860,-1,5767,5766,5860,-1,5860,5766,5861,-1,5766,5765,5861,-1,5862,5765,5863,-1,5861,5765,5862,-1,5765,5764,5863,-1,5764,5763,5863,-1,5864,5763,5865,-1,5863,5763,5864,-1,5763,5762,5865,-1,5865,5762,5866,-1,5762,5761,5866,-1,5761,5760,5866,-1,5867,5760,5868,-1,5866,5760,5867,-1,5760,5759,5868,-1,5868,5759,5869,-1,5759,5758,5869,-1,5869,5758,5870,-1,5758,5757,5870,-1,5757,5756,5870,-1,5871,5756,5872,-1,5870,5756,5871,-1,5756,5755,5872,-1,5873,5754,5874,-1,5872,5754,5873,-1,5755,5754,5872,-1,5754,5753,5874,-1,5874,5753,5875,-1,5875,5752,5490,-1,5753,5752,5875,-1,5752,5491,5490,-1,5684,5520,5522,-1,5684,5524,5619,-1,5522,5524,5684,-1,5684,5518,5520,-1,5524,5526,5619,-1,5684,5516,5518,-1,5526,5528,5619,-1,5684,5514,5516,-1,5528,5530,5619,-1,5684,5512,5514,-1,5530,5532,5619,-1,5684,5510,5512,-1,5532,5534,5619,-1,5684,5508,5510,-1,5534,5536,5619,-1,5684,5506,5508,-1,5536,5538,5619,-1,5684,5504,5506,-1,5538,5540,5619,-1,5684,5502,5504,-1,5540,5542,5619,-1,5684,5500,5502,-1,5542,5544,5619,-1,5684,5498,5500,-1,5544,5546,5619,-1,5684,5496,5498,-1,5546,5548,5619,-1,5684,5494,5496,-1,5548,5550,5619,-1,5684,5492,5494,-1,5550,5552,5619,-1,5684,5490,5492,-1,5751,5490,5684,-1,5619,5554,5620,-1,5552,5554,5619,-1,5751,5875,5490,-1,5620,5557,5622,-1,5554,5557,5620,-1,5751,5874,5875,-1,5622,5558,5624,-1,5557,5558,5622,-1,5751,5873,5874,-1,5624,5561,5626,-1,5558,5561,5624,-1,5751,5872,5873,-1,5626,5562,5629,-1,5561,5562,5626,-1,5751,5871,5872,-1,5629,5564,5631,-1,5562,5564,5629,-1,5751,5870,5871,-1,5631,5566,5633,-1,5564,5566,5631,-1,5751,5869,5870,-1,5566,5568,5633,-1,5633,5568,5635,-1,5751,5868,5869,-1,5635,5570,5637,-1,5568,5570,5635,-1,5751,5867,5868,-1,5570,5572,5637,-1,5637,5572,5639,-1,5751,5866,5867,-1,5572,5574,5639,-1,5639,5574,5641,-1,5751,5865,5866,-1,5574,5576,5641,-1,5641,5576,5643,-1,5751,5864,5865,-1,5576,5578,5643,-1,5643,5578,5645,-1,5751,5863,5864,-1,5645,5580,5647,-1,5578,5580,5645,-1,5751,5862,5863,-1,5647,5582,5649,-1,5580,5582,5647,-1,5751,5861,5862,-1,5582,5584,5649,-1,5584,5651,5649,-1,5751,5860,5861,-1,5584,5586,5651,-1,5751,5859,5860,-1,5586,5653,5651,-1,5588,5653,5586,-1,5591,5655,5588,-1,5588,5655,5653,-1,5592,5657,5591,-1,5591,5657,5655,-1,5594,5659,5592,-1,5592,5659,5657,-1,5596,5661,5594,-1,5594,5661,5659,-1,5598,5663,5596,-1,5596,5663,5661,-1,5598,5665,5663,-1,5601,5665,5598,-1,5601,5667,5665,-1,5602,5667,5601,-1,5602,5669,5667,-1,5604,5669,5602,-1,5607,5671,5604,-1,5604,5671,5669,-1,5608,5673,5607,-1,5607,5673,5671,-1,5608,5675,5673,-1,5610,5675,5608,-1,5610,5677,5675,-1,5612,5677,5610,-1,5612,5679,5677,-1,5614,5679,5612,-1,5614,5681,5679,-1,5616,5681,5614,-1,5616,5683,5681,-1,5751,5748,5859,-1,5859,5748,5858,-1,5858,5748,5857,-1,5857,5748,5856,-1,5856,5748,5855,-1,5855,5748,5854,-1,5854,5748,5853,-1,5853,5748,5852,-1,5852,5748,5851,-1,5851,5748,5850,-1,5850,5748,5849,-1,5849,5748,5848,-1,5848,5748,5847,-1,5847,5748,5846,-1,5846,5748,5845,-1,5845,5748,5844,-1,5814,5687,5616,-1,5616,5687,5683,-1,5748,5746,5844,-1,5844,5746,5843,-1,5814,5689,5687,-1,5815,5689,5814,-1,5843,5745,5842,-1,5746,5745,5843,-1,5815,5691,5689,-1,5816,5691,5815,-1,5842,5742,5841,-1,5745,5742,5842,-1,5816,5693,5691,-1,5817,5693,5816,-1,5841,5741,5840,-1,5742,5741,5841,-1,5818,5695,5817,-1,5817,5695,5693,-1,5840,5738,5839,-1,5741,5738,5840,-1,5819,5697,5818,-1,5818,5697,5695,-1,5839,5737,5838,-1,5738,5737,5839,-1,5820,5699,5819,-1,5819,5699,5697,-1,5838,5735,5837,-1,5737,5735,5838,-1,5821,5701,5820,-1,5820,5701,5699,-1,5837,5733,5836,-1,5735,5733,5837,-1,5821,5703,5701,-1,5822,5703,5821,-1,5836,5731,5835,-1,5733,5731,5836,-1,5823,5705,5822,-1,5822,5705,5703,-1,5835,5729,5834,-1,5731,5729,5835,-1,5824,5707,5823,-1,5823,5707,5705,-1,5834,5727,5833,-1,5729,5727,5834,-1,5825,5709,5824,-1,5824,5709,5707,-1,5833,5725,5832,-1,5727,5725,5833,-1,5826,5711,5825,-1,5825,5711,5709,-1,5832,5723,5831,-1,5725,5723,5832,-1,5827,5713,5826,-1,5826,5713,5711,-1,5723,5721,5831,-1,5831,5721,5830,-1,5828,5715,5827,-1,5827,5715,5713,-1,5830,5719,5829,-1,5721,5719,5830,-1,5829,5717,5828,-1,5828,5717,5715,-1,5719,5717,5829,-1,5876,5877,5878,-1,5878,5879,5880,-1,5877,5879,5878,-1,5880,5881,5882,-1,5879,5881,5880,-1,5882,5883,5884,-1,5881,5883,5882,-1,5884,5885,5886,-1,5883,5885,5884,-1,5886,5887,5888,-1,5885,5887,5886,-1,5888,5889,5890,-1,5887,5889,5888,-1,5890,5891,5892,-1,5889,5891,5890,-1,5892,5893,5894,-1,5891,5893,5892,-1,5894,5895,5896,-1,5893,5895,5894,-1,5896,5897,5898,-1,5895,5897,5896,-1,5898,5899,5900,-1,5897,5899,5898,-1,5900,5901,5902,-1,5899,5901,5900,-1,5902,5903,5904,-1,5901,5903,5902,-1,5904,5905,5906,-1,5903,5905,5904,-1,5906,5907,5908,-1,5905,5907,5906,-1,5908,5909,5910,-1,5907,5909,5908,-1,5909,5911,5910,-1,5910,5911,5912,-1,5911,5913,5912,-1,5912,5913,5914,-1,5913,5915,5914,-1,5914,5915,5916,-1,5916,5917,5918,-1,5915,5917,5916,-1,5918,5919,5920,-1,5917,5919,5918,-1,5920,5921,5922,-1,5919,5921,5920,-1,5921,5923,5922,-1,5924,5925,5926,-1,5922,5925,5924,-1,5923,5925,5922,-1,5926,5927,5928,-1,5925,5927,5926,-1,5928,5929,5930,-1,5927,5929,5928,-1,5930,5931,5932,-1,5929,5931,5930,-1,5931,5933,5932,-1,5932,5933,5934,-1,5933,5935,5934,-1,5934,5935,5936,-1,5935,5937,5936,-1,5936,5937,5938,-1,5937,5939,5938,-1,5938,5939,5940,-1,5939,5941,5940,-1,5941,5942,5940,-1,5943,5942,5944,-1,5940,5942,5943,-1,5942,5945,5944,-1,5945,5946,5944,-1,5947,5946,5948,-1,5944,5946,5947,-1,5946,5949,5948,-1,5948,5949,5950,-1,5949,5951,5950,-1,5950,5951,5952,-1,5951,5953,5952,-1,5952,5953,5954,-1,5954,5955,5956,-1,5953,5955,5954,-1,5956,5957,5958,-1,5955,5957,5956,-1,5958,5959,5960,-1,5957,5959,5958,-1,5960,5961,5962,-1,5959,5961,5960,-1,5962,5963,5964,-1,5961,5963,5962,-1,5963,5965,5964,-1,5964,5965,5966,-1,5965,5967,5966,-1,5966,5967,5968,-1,5967,5969,5968,-1,5968,5969,5970,-1,5969,5971,5970,-1,5970,5971,5972,-1,5971,5973,5972,-1,5972,5973,5974,-1,5973,5975,5974,-1,5975,5976,5974,-1,5977,5976,5978,-1,5974,5976,5977,-1,5976,5979,5978,-1,5978,5979,5980,-1,5979,5981,5980,-1,5980,5981,5982,-1,5981,5983,5982,-1,5982,5983,5984,-1,5983,5985,5984,-1,5985,5986,5984,-1,5987,5986,5988,-1,5984,5986,5987,-1,5986,5989,5988,-1,5988,5989,5990,-1,5989,5991,5990,-1,5991,5992,5990,-1,5993,5992,5994,-1,5990,5992,5993,-1,5992,5995,5994,-1,5994,5995,5996,-1,5996,5997,5998,-1,5995,5997,5996,-1,5997,5999,5998,-1,5998,5999,6000,-1,6000,6001,6002,-1,5999,6001,6000,-1,6001,6003,6002,-1,6004,6005,6006,-1,6007,6006,6008,-1,6007,6004,6006,-1,6009,6008,6010,-1,6009,6007,6008,-1,6011,6010,6012,-1,6011,6009,6010,-1,6013,6011,6012,-1,6014,6012,6015,-1,6014,6013,6012,-1,6016,6015,6017,-1,6016,6014,6015,-1,6018,6017,6019,-1,6018,6016,6017,-1,6020,6018,6019,-1,6020,6019,6021,-1,6022,6020,6021,-1,6022,6021,6023,-1,6024,6022,6023,-1,6024,6023,6025,-1,6026,6024,6025,-1,6026,6025,6027,-1,6028,6027,6029,-1,6028,6026,6027,-1,6030,6029,6031,-1,6030,6028,6029,-1,6032,6031,6033,-1,6032,6030,6031,-1,6034,6033,6035,-1,6034,6032,6033,-1,6036,6035,6037,-1,6036,6034,6035,-1,6038,6037,6039,-1,6038,6036,6037,-1,6040,6039,6041,-1,6040,6038,6039,-1,6042,6041,6043,-1,6042,6040,6041,-1,6044,6043,6045,-1,6044,6042,6043,-1,6046,6045,6047,-1,6046,6044,6045,-1,6048,6047,6049,-1,6048,6046,6047,-1,6050,6049,6051,-1,6050,6048,6049,-1,6052,6051,6053,-1,6052,6050,6051,-1,6054,6053,6055,-1,6054,6052,6053,-1,6056,6055,6057,-1,6056,6054,6055,-1,6058,6057,6059,-1,6058,6056,6057,-1,6060,6059,6061,-1,6060,6058,6059,-1,6062,6061,6063,-1,6062,6060,6061,-1,6064,6063,6065,-1,6064,6062,6063,-1,6066,6065,6067,-1,6066,6064,6065,-1,6068,6067,6069,-1,6068,6066,6067,-1,6004,6070,6005,-1,6004,6071,6070,-1,6072,6068,6069,-1,6072,6069,6073,-1,6074,6073,6075,-1,6074,6072,6073,-1,6076,6075,6077,-1,6076,6074,6075,-1,6078,6077,6079,-1,6078,6076,6077,-1,6080,6079,6081,-1,6080,6078,6079,-1,6082,6081,6083,-1,6082,6080,6081,-1,6084,6083,6085,-1,6084,6082,6083,-1,6086,6084,6085,-1,6086,6085,6087,-1,6088,6086,6087,-1,6088,6087,6089,-1,6090,6088,6089,-1,6090,6089,6091,-1,6092,6090,6091,-1,6092,6091,6093,-1,6094,6092,6093,-1,6094,6093,6095,-1,6096,6095,6097,-1,6096,6094,6095,-1,6098,6097,6099,-1,6098,6096,6097,-1,6100,6099,6101,-1,6100,6098,6099,-1,6102,6101,6103,-1,6102,6100,6101,-1,6104,6103,6105,-1,6104,6102,6103,-1,6106,6105,6107,-1,6106,6104,6105,-1,6108,6107,6109,-1,6108,6106,6107,-1,6110,6109,6111,-1,6110,6108,6109,-1,6112,6111,6113,-1,6112,6110,6111,-1,6114,6113,6115,-1,6114,6112,6113,-1,6116,6115,6117,-1,6116,6114,6115,-1,6118,6117,6119,-1,6118,6116,6117,-1,6120,6119,6121,-1,6120,6118,6119,-1,6122,6123,6124,-1,6122,6121,6123,-1,6122,6120,6121,-1,6125,6122,6124,-1,6126,6127,6128,-1,6126,6124,6127,-1,6126,6125,6124,-1,6129,6126,6128,-1,6130,6131,6132,-1,6130,6128,6131,-1,6130,6129,6128,-1,6133,6132,6134,-1,6133,6130,6132,-1,6135,6133,6134,-1,6136,6134,6137,-1,6136,6135,6134,-1,6071,6137,6070,-1,6071,6136,6137,-1,5907,6071,5909,-1,5911,6071,6004,-1,5911,5909,6071,-1,5905,6071,5907,-1,5913,5911,6004,-1,5903,6071,5905,-1,5915,5913,6004,-1,5901,6071,5903,-1,5917,5915,6004,-1,5899,6071,5901,-1,5919,5917,6004,-1,5897,6071,5899,-1,5921,5919,6004,-1,5895,6071,5897,-1,5923,5921,6004,-1,5893,6071,5895,-1,5925,5923,6004,-1,5891,6071,5893,-1,5927,5925,6004,-1,5889,6071,5891,-1,5929,5927,6004,-1,5887,6071,5889,-1,5931,5929,6004,-1,5885,6071,5887,-1,5933,5931,6004,-1,5883,6071,5885,-1,5935,5933,6004,-1,5881,6071,5883,-1,5937,5935,6004,-1,5879,6071,5881,-1,5939,5937,6004,-1,5877,6136,6071,-1,5877,6071,5879,-1,5941,6004,6007,-1,5941,5939,6004,-1,6138,6136,5877,-1,5942,6007,6009,-1,5942,5941,6007,-1,6139,6136,6138,-1,5945,6009,6011,-1,5945,5942,6009,-1,6140,6136,6139,-1,5946,6011,6013,-1,5946,5945,6011,-1,6141,6136,6140,-1,5949,6013,6014,-1,5949,5946,6013,-1,6142,6136,6141,-1,5951,6014,6016,-1,5951,5949,6014,-1,6143,6136,6142,-1,5953,6016,6018,-1,5953,5951,6016,-1,6144,6136,6143,-1,5955,6018,6020,-1,5955,5953,6018,-1,6145,6136,6144,-1,5957,5955,6020,-1,5957,6020,6022,-1,6146,6136,6145,-1,5959,6022,6024,-1,5959,5957,6022,-1,6147,6136,6146,-1,5961,6024,6026,-1,5961,5959,6024,-1,6148,6136,6147,-1,5963,6026,6028,-1,5963,5961,6026,-1,6149,6136,6148,-1,5965,6028,6030,-1,5965,5963,6028,-1,6150,6136,6149,-1,5967,6030,6032,-1,5967,5965,6030,-1,6151,6136,6150,-1,5969,6032,6034,-1,5969,5967,6032,-1,6152,6136,6151,-1,5971,5969,6034,-1,6036,5971,6034,-1,6153,6136,6152,-1,5973,5971,6036,-1,6154,6136,6153,-1,6038,5973,6036,-1,6038,5975,5973,-1,6040,5975,6038,-1,6040,5976,5975,-1,6042,5976,6040,-1,6042,5979,5976,-1,6044,5979,6042,-1,6044,5981,5979,-1,6046,5983,5981,-1,6046,5981,6044,-1,6048,5985,5983,-1,6048,5983,6046,-1,6050,5986,5985,-1,6050,5985,6048,-1,6052,5989,5986,-1,6052,5986,6050,-1,6054,5989,6052,-1,6054,5991,5989,-1,6056,5991,6054,-1,6056,5992,5991,-1,6058,5992,6056,-1,6058,5995,5992,-1,6060,5995,6058,-1,6060,5997,5995,-1,6062,5997,6060,-1,6062,5999,5997,-1,6064,5999,6062,-1,6064,6001,5999,-1,6066,6001,6064,-1,6066,6003,6001,-1,6135,6155,6156,-1,6135,6157,6155,-1,6135,6158,6157,-1,6135,6159,6158,-1,6135,6160,6159,-1,6135,6161,6160,-1,6135,6162,6161,-1,6135,6163,6162,-1,6135,6164,6163,-1,6135,6165,6164,-1,6135,6166,6165,-1,6135,6167,6166,-1,6135,6154,6167,-1,6135,6136,6154,-1,6135,6168,6169,-1,6135,6156,6168,-1,6068,6003,6066,-1,6133,6135,6169,-1,6133,6169,6170,-1,6072,6003,6068,-1,6072,6171,6003,-1,6130,6133,6170,-1,6130,6170,6172,-1,6074,6171,6072,-1,6074,6173,6171,-1,6129,6130,6172,-1,6129,6172,6174,-1,6076,6175,6173,-1,6076,6173,6074,-1,6126,6129,6174,-1,6126,6174,6176,-1,6078,6175,6076,-1,6078,6177,6175,-1,6125,6126,6176,-1,6125,6176,6178,-1,6080,6177,6078,-1,6080,6179,6177,-1,6082,6179,6080,-1,6082,6180,6179,-1,6122,6125,6178,-1,6122,6178,6181,-1,6120,6122,6181,-1,6120,6181,6182,-1,6084,6180,6082,-1,6084,6183,6180,-1,6086,6183,6084,-1,6086,6184,6183,-1,6118,6120,6182,-1,6118,6182,6185,-1,6088,6184,6086,-1,6088,6186,6184,-1,6116,6118,6185,-1,6116,6185,6187,-1,6114,6116,6187,-1,6114,6187,6188,-1,6090,6189,6186,-1,6090,6186,6088,-1,6092,6189,6090,-1,6092,6190,6189,-1,6112,6114,6188,-1,6112,6188,6191,-1,6094,6190,6092,-1,6094,6192,6190,-1,6110,6112,6191,-1,6110,6191,6193,-1,6096,6192,6094,-1,6096,6194,6192,-1,6108,6110,6193,-1,6108,6193,6195,-1,6098,6194,6096,-1,6098,6196,6194,-1,6106,6108,6195,-1,6106,6195,6197,-1,6104,6106,6197,-1,6104,6197,6198,-1,6100,6196,6098,-1,6100,6199,6196,-1,6102,6104,6198,-1,6102,6199,6100,-1,6102,6198,6199,-1,6002,6003,6200,-1,6200,6171,6201,-1,6003,6171,6200,-1,6201,6173,6202,-1,6171,6173,6201,-1,6202,6175,6203,-1,6173,6175,6202,-1,6203,6177,6204,-1,6175,6177,6203,-1,6204,6179,6205,-1,6177,6179,6204,-1,6205,6180,6206,-1,6179,6180,6205,-1,6206,6183,6207,-1,6180,6183,6206,-1,6207,6184,6208,-1,6183,6184,6207,-1,6208,6186,6209,-1,6184,6186,6208,-1,6209,6189,6210,-1,6186,6189,6209,-1,6210,6190,6211,-1,6189,6190,6210,-1,6211,6192,6212,-1,6190,6192,6211,-1,6212,6194,6213,-1,6192,6194,6212,-1,6213,6196,6214,-1,6194,6196,6213,-1,6214,6199,6215,-1,6196,6199,6214,-1,6215,6198,6216,-1,6199,6198,6215,-1,6198,6197,6216,-1,6216,6197,6217,-1,6197,6195,6217,-1,6217,6195,6218,-1,6195,6193,6218,-1,6218,6193,6219,-1,6219,6191,6220,-1,6193,6191,6219,-1,6220,6188,6221,-1,6191,6188,6220,-1,6221,6187,6222,-1,6188,6187,6221,-1,6222,6185,6223,-1,6187,6185,6222,-1,6223,6182,6224,-1,6185,6182,6223,-1,6224,6181,6225,-1,6182,6181,6224,-1,6225,6178,6226,-1,6181,6178,6225,-1,6178,6176,6226,-1,6226,6176,6227,-1,6176,6174,6227,-1,6174,6172,6227,-1,6228,6172,6229,-1,6227,6172,6228,-1,6172,6170,6229,-1,6229,6170,6230,-1,6170,6169,6230,-1,6230,6169,6231,-1,6169,6168,6231,-1,6231,6168,6232,-1,6168,6156,6232,-1,6232,6156,6233,-1,6156,6155,6233,-1,6233,6155,6234,-1,6155,6157,6234,-1,6234,6157,6235,-1,6157,6158,6235,-1,6235,6158,6236,-1,6158,6159,6236,-1,6236,6159,6237,-1,6159,6160,6237,-1,6237,6160,6238,-1,6160,6161,6238,-1,6239,6162,6240,-1,6238,6162,6239,-1,6161,6162,6238,-1,6162,6163,6240,-1,6163,6164,6240,-1,6241,6164,6242,-1,6240,6164,6241,-1,6242,6165,6243,-1,6164,6165,6242,-1,6165,6166,6243,-1,6243,6166,6244,-1,6166,6167,6244,-1,6167,6154,6244,-1,6245,6154,6246,-1,6244,6154,6245,-1,6154,6153,6246,-1,6153,6152,6246,-1,6246,6152,6247,-1,6152,6151,6247,-1,6248,6151,6249,-1,6247,6151,6248,-1,6151,6150,6249,-1,6150,6149,6249,-1,6250,6149,6251,-1,6249,6149,6250,-1,6149,6148,6251,-1,6251,6148,6252,-1,6148,6147,6252,-1,6147,6146,6252,-1,6253,6146,6254,-1,6252,6146,6253,-1,6146,6145,6254,-1,6254,6145,6255,-1,6145,6144,6255,-1,6255,6144,6256,-1,6144,6143,6256,-1,6143,6142,6256,-1,6257,6142,6258,-1,6256,6142,6257,-1,6142,6141,6258,-1,6259,6140,6260,-1,6258,6140,6259,-1,6141,6140,6258,-1,6140,6139,6260,-1,6260,6139,6261,-1,6261,6138,5876,-1,6139,6138,6261,-1,6138,5877,5876,-1,6070,5906,5908,-1,6070,5910,6005,-1,5908,5910,6070,-1,6070,5904,5906,-1,5910,5912,6005,-1,6070,5902,5904,-1,5912,5914,6005,-1,6070,5900,5902,-1,5914,5916,6005,-1,6070,5898,5900,-1,5916,5918,6005,-1,6070,5896,5898,-1,5918,5920,6005,-1,6070,5894,5896,-1,5920,5922,6005,-1,6070,5892,5894,-1,5922,5924,6005,-1,6070,5890,5892,-1,5924,5926,6005,-1,6070,5888,5890,-1,5926,5928,6005,-1,6070,5886,5888,-1,5928,5930,6005,-1,6070,5884,5886,-1,5930,5932,6005,-1,6070,5882,5884,-1,5932,5934,6005,-1,6070,5880,5882,-1,5934,5936,6005,-1,6070,5878,5880,-1,5936,5938,6005,-1,6137,5876,6070,-1,6070,5876,5878,-1,6005,5940,6006,-1,5938,5940,6005,-1,6137,6261,5876,-1,5940,5943,6006,-1,6006,5943,6008,-1,6137,6260,6261,-1,6008,5944,6010,-1,5943,5944,6008,-1,6137,6259,6260,-1,6010,5947,6012,-1,5944,5947,6010,-1,6137,6258,6259,-1,6012,5948,6015,-1,5947,5948,6012,-1,6137,6257,6258,-1,6015,5950,6017,-1,5948,5950,6015,-1,6137,6256,6257,-1,6017,5952,6019,-1,5950,5952,6017,-1,6137,6255,6256,-1,5952,5954,6019,-1,6019,5954,6021,-1,6137,6254,6255,-1,5954,5956,6021,-1,6021,5956,6023,-1,6137,6253,6254,-1,6023,5958,6025,-1,5956,5958,6023,-1,6137,6252,6253,-1,6025,5960,6027,-1,5958,5960,6025,-1,6137,6251,6252,-1,6027,5962,6029,-1,5960,5962,6027,-1,6137,6250,6251,-1,6029,5964,6031,-1,5962,5964,6029,-1,6137,6249,6250,-1,6031,5966,6033,-1,5964,5966,6031,-1,6137,6248,6249,-1,5966,5968,6033,-1,6033,5968,6035,-1,6137,6247,6248,-1,5968,5970,6035,-1,5970,6037,6035,-1,6137,6246,6247,-1,5970,5972,6037,-1,6137,6245,6246,-1,5972,6039,6037,-1,5974,6039,5972,-1,5977,6041,5974,-1,5974,6041,6039,-1,5978,6043,5977,-1,5977,6043,6041,-1,5980,6045,5978,-1,5978,6045,6043,-1,5980,6047,6045,-1,5982,6047,5980,-1,5984,6049,5982,-1,5982,6049,6047,-1,5984,6051,6049,-1,5987,6051,5984,-1,5987,6053,6051,-1,5988,6053,5987,-1,5988,6055,6053,-1,5990,6055,5988,-1,5993,6057,5990,-1,5990,6057,6055,-1,5994,6059,5993,-1,5993,6059,6057,-1,5994,6061,6059,-1,5996,6061,5994,-1,5996,6063,6061,-1,5998,6063,5996,-1,5998,6065,6063,-1,6000,6065,5998,-1,6000,6067,6065,-1,6002,6067,6000,-1,6002,6069,6067,-1,6137,6134,6245,-1,6245,6134,6244,-1,6244,6134,6243,-1,6243,6134,6242,-1,6242,6134,6241,-1,6241,6134,6240,-1,6240,6134,6239,-1,6239,6134,6238,-1,6238,6134,6237,-1,6237,6134,6236,-1,6236,6134,6235,-1,6235,6134,6234,-1,6234,6134,6233,-1,6233,6134,6232,-1,6232,6134,6231,-1,6231,6134,6230,-1,6200,6073,6002,-1,6002,6073,6069,-1,6134,6132,6230,-1,6230,6132,6229,-1,6200,6075,6073,-1,6201,6075,6200,-1,6229,6131,6228,-1,6132,6131,6229,-1,6201,6077,6075,-1,6202,6077,6201,-1,6228,6128,6227,-1,6131,6128,6228,-1,6202,6079,6077,-1,6203,6079,6202,-1,6227,6127,6226,-1,6128,6127,6227,-1,6203,6081,6079,-1,6204,6081,6203,-1,6226,6124,6225,-1,6127,6124,6226,-1,6205,6083,6204,-1,6204,6083,6081,-1,6225,6123,6224,-1,6124,6123,6225,-1,6206,6085,6205,-1,6205,6085,6083,-1,6224,6121,6223,-1,6123,6121,6224,-1,6207,6087,6206,-1,6206,6087,6085,-1,6223,6119,6222,-1,6121,6119,6223,-1,6208,6089,6207,-1,6207,6089,6087,-1,6222,6117,6221,-1,6119,6117,6222,-1,6209,6091,6208,-1,6208,6091,6089,-1,6221,6115,6220,-1,6117,6115,6221,-1,6210,6093,6209,-1,6209,6093,6091,-1,6220,6113,6219,-1,6115,6113,6220,-1,6210,6095,6093,-1,6211,6095,6210,-1,6219,6111,6218,-1,6113,6111,6219,-1,6212,6097,6211,-1,6211,6097,6095,-1,6218,6109,6217,-1,6111,6109,6218,-1,6213,6099,6212,-1,6212,6099,6097,-1,6217,6107,6216,-1,6109,6107,6217,-1,6107,6105,6216,-1,6216,6105,6215,-1,6214,6101,6213,-1,6213,6101,6099,-1,6215,6103,6214,-1,6214,6103,6101,-1,6105,6103,6215,-1,6262,6263,6264,-1,6264,6265,6266,-1,6263,6265,6264,-1,6266,6267,6268,-1,6265,6267,6266,-1,6268,6269,6270,-1,6267,6269,6268,-1,6270,6271,6272,-1,6269,6271,6270,-1,6272,6273,6274,-1,6271,6273,6272,-1,6274,6275,6276,-1,6273,6275,6274,-1,6276,6277,6278,-1,6275,6277,6276,-1,6278,6279,6280,-1,6277,6279,6278,-1,6280,6281,6282,-1,6279,6281,6280,-1,6282,6283,6284,-1,6281,6283,6282,-1,6284,6285,6286,-1,6283,6285,6284,-1,6286,6287,6288,-1,6285,6287,6286,-1,6288,6289,6290,-1,6287,6289,6288,-1,6290,6291,6292,-1,6289,6291,6290,-1,6292,6293,6294,-1,6291,6293,6292,-1,6294,6295,6296,-1,6293,6295,6294,-1,6295,6297,6296,-1,6296,6297,6298,-1,6297,6299,6298,-1,6298,6299,6300,-1,6299,6301,6300,-1,6300,6301,6302,-1,6302,6303,6304,-1,6301,6303,6302,-1,6304,6305,6306,-1,6303,6305,6304,-1,6306,6307,6308,-1,6305,6307,6306,-1,6307,6309,6308,-1,6310,6311,6312,-1,6308,6311,6310,-1,6309,6311,6308,-1,6312,6313,6314,-1,6311,6313,6312,-1,6314,6315,6316,-1,6313,6315,6314,-1,6316,6317,6318,-1,6315,6317,6316,-1,6317,6319,6318,-1,6318,6319,6320,-1,6319,6321,6320,-1,6320,6321,6322,-1,6321,6323,6322,-1,6322,6323,6324,-1,6323,6325,6324,-1,6324,6325,6326,-1,6325,6327,6326,-1,6327,6328,6326,-1,6329,6328,6330,-1,6326,6328,6329,-1,6328,6331,6330,-1,6331,6332,6330,-1,6333,6332,6334,-1,6330,6332,6333,-1,6332,6335,6334,-1,6334,6335,6336,-1,6335,6337,6336,-1,6336,6337,6338,-1,6337,6339,6338,-1,6338,6339,6340,-1,6340,6341,6342,-1,6339,6341,6340,-1,6342,6343,6344,-1,6341,6343,6342,-1,6344,6345,6346,-1,6343,6345,6344,-1,6346,6347,6348,-1,6345,6347,6346,-1,6348,6349,6350,-1,6347,6349,6348,-1,6349,6351,6350,-1,6350,6351,6352,-1,6351,6353,6352,-1,6352,6353,6354,-1,6353,6355,6354,-1,6354,6355,6356,-1,6355,6357,6356,-1,6356,6357,6358,-1,6357,6359,6358,-1,6358,6359,6360,-1,6359,6361,6360,-1,6361,6362,6360,-1,6363,6362,6364,-1,6360,6362,6363,-1,6362,6365,6364,-1,6364,6365,6366,-1,6365,6367,6366,-1,6366,6367,6368,-1,6367,6369,6368,-1,6368,6369,6370,-1,6369,6371,6370,-1,6371,6372,6370,-1,6373,6372,6374,-1,6370,6372,6373,-1,6372,6375,6374,-1,6374,6375,6376,-1,6375,6377,6376,-1,6377,6378,6376,-1,6379,6378,6380,-1,6376,6378,6379,-1,6378,6381,6380,-1,6380,6381,6382,-1,6382,6383,6384,-1,6381,6383,6382,-1,6383,6385,6384,-1,6384,6385,6386,-1,6386,6387,6388,-1,6385,6387,6386,-1,6387,6389,6388,-1,6390,6391,6392,-1,6393,6392,6394,-1,6393,6390,6392,-1,6395,6394,6396,-1,6395,6393,6394,-1,6397,6396,6398,-1,6397,6395,6396,-1,6399,6397,6398,-1,6400,6398,6401,-1,6400,6399,6398,-1,6402,6401,6403,-1,6402,6400,6401,-1,6404,6403,6405,-1,6404,6402,6403,-1,6406,6404,6405,-1,6406,6405,6407,-1,6408,6406,6407,-1,6408,6407,6409,-1,6410,6408,6409,-1,6410,6409,6411,-1,6412,6410,6411,-1,6412,6411,6413,-1,6414,6413,6415,-1,6414,6412,6413,-1,6416,6415,6417,-1,6416,6414,6415,-1,6418,6417,6419,-1,6418,6416,6417,-1,6420,6419,6421,-1,6420,6418,6419,-1,6422,6421,6423,-1,6422,6420,6421,-1,6424,6423,6425,-1,6424,6422,6423,-1,6426,6425,6427,-1,6426,6424,6425,-1,6428,6427,6429,-1,6428,6426,6427,-1,6430,6429,6431,-1,6430,6428,6429,-1,6432,6431,6433,-1,6432,6430,6431,-1,6434,6433,6435,-1,6434,6432,6433,-1,6436,6435,6437,-1,6436,6434,6435,-1,6438,6437,6439,-1,6438,6436,6437,-1,6440,6439,6441,-1,6440,6438,6439,-1,6442,6441,6443,-1,6442,6440,6441,-1,6444,6443,6445,-1,6444,6442,6443,-1,6446,6445,6447,-1,6446,6444,6445,-1,6448,6447,6449,-1,6448,6446,6447,-1,6450,6449,6451,-1,6450,6448,6449,-1,6452,6451,6453,-1,6452,6450,6451,-1,6454,6453,6455,-1,6454,6452,6453,-1,6390,6456,6391,-1,6390,6457,6456,-1,6458,6454,6455,-1,6458,6455,6459,-1,6460,6459,6461,-1,6460,6458,6459,-1,6462,6461,6463,-1,6462,6460,6461,-1,6464,6463,6465,-1,6464,6462,6463,-1,6466,6465,6467,-1,6466,6464,6465,-1,6468,6467,6469,-1,6468,6466,6467,-1,6470,6469,6471,-1,6470,6468,6469,-1,6472,6470,6471,-1,6472,6471,6473,-1,6474,6472,6473,-1,6474,6473,6475,-1,6476,6474,6475,-1,6476,6475,6477,-1,6478,6476,6477,-1,6478,6477,6479,-1,6480,6478,6479,-1,6480,6479,6481,-1,6482,6481,6483,-1,6482,6480,6481,-1,6484,6483,6485,-1,6484,6482,6483,-1,6486,6485,6487,-1,6486,6484,6485,-1,6488,6487,6489,-1,6488,6486,6487,-1,6490,6489,6491,-1,6490,6488,6489,-1,6492,6491,6493,-1,6492,6490,6491,-1,6494,6493,6495,-1,6494,6492,6493,-1,6496,6495,6497,-1,6496,6494,6495,-1,6498,6497,6499,-1,6498,6496,6497,-1,6500,6499,6501,-1,6500,6498,6499,-1,6502,6501,6503,-1,6502,6500,6501,-1,6504,6503,6505,-1,6504,6502,6503,-1,6506,6505,6507,-1,6506,6504,6505,-1,6508,6509,6510,-1,6508,6507,6509,-1,6508,6506,6507,-1,6511,6508,6510,-1,6512,6513,6514,-1,6512,6510,6513,-1,6512,6511,6510,-1,6515,6512,6514,-1,6516,6517,6518,-1,6516,6514,6517,-1,6516,6515,6514,-1,6519,6518,6520,-1,6519,6516,6518,-1,6521,6519,6520,-1,6522,6520,6523,-1,6522,6521,6520,-1,6457,6523,6456,-1,6457,6522,6523,-1,6293,6457,6295,-1,6297,6457,6390,-1,6297,6295,6457,-1,6291,6457,6293,-1,6299,6297,6390,-1,6289,6457,6291,-1,6301,6299,6390,-1,6287,6457,6289,-1,6303,6301,6390,-1,6285,6457,6287,-1,6305,6303,6390,-1,6283,6457,6285,-1,6307,6305,6390,-1,6281,6457,6283,-1,6309,6307,6390,-1,6279,6457,6281,-1,6311,6309,6390,-1,6277,6457,6279,-1,6313,6311,6390,-1,6275,6457,6277,-1,6315,6313,6390,-1,6273,6457,6275,-1,6317,6315,6390,-1,6271,6457,6273,-1,6319,6317,6390,-1,6269,6457,6271,-1,6321,6319,6390,-1,6267,6457,6269,-1,6323,6321,6390,-1,6265,6457,6267,-1,6325,6323,6390,-1,6263,6522,6457,-1,6263,6457,6265,-1,6327,6390,6393,-1,6327,6325,6390,-1,6524,6522,6263,-1,6328,6393,6395,-1,6328,6327,6393,-1,6525,6522,6524,-1,6331,6395,6397,-1,6331,6328,6395,-1,6526,6522,6525,-1,6332,6397,6399,-1,6332,6331,6397,-1,6527,6522,6526,-1,6335,6399,6400,-1,6335,6332,6399,-1,6528,6522,6527,-1,6337,6400,6402,-1,6337,6335,6400,-1,6529,6522,6528,-1,6339,6337,6402,-1,6339,6402,6404,-1,6530,6522,6529,-1,6341,6404,6406,-1,6341,6339,6404,-1,6531,6522,6530,-1,6343,6406,6408,-1,6343,6341,6406,-1,6532,6522,6531,-1,6345,6408,6410,-1,6345,6343,6408,-1,6533,6522,6532,-1,6347,6345,6410,-1,6347,6410,6412,-1,6534,6522,6533,-1,6349,6347,6412,-1,6349,6412,6414,-1,6535,6522,6534,-1,6351,6414,6416,-1,6351,6349,6414,-1,6536,6522,6535,-1,6353,6416,6418,-1,6353,6351,6416,-1,6537,6522,6536,-1,6355,6418,6420,-1,6355,6353,6418,-1,6538,6522,6537,-1,6357,6355,6420,-1,6422,6357,6420,-1,6539,6522,6538,-1,6359,6357,6422,-1,6540,6522,6539,-1,6424,6359,6422,-1,6424,6361,6359,-1,6426,6361,6424,-1,6426,6362,6361,-1,6428,6362,6426,-1,6428,6365,6362,-1,6430,6367,6365,-1,6430,6365,6428,-1,6432,6367,6430,-1,6432,6369,6367,-1,6434,6369,6432,-1,6434,6371,6369,-1,6436,6371,6434,-1,6436,6372,6371,-1,6438,6372,6436,-1,6438,6375,6372,-1,6440,6375,6438,-1,6440,6377,6375,-1,6442,6377,6440,-1,6442,6378,6377,-1,6444,6381,6378,-1,6444,6378,6442,-1,6446,6381,6444,-1,6446,6383,6381,-1,6448,6383,6446,-1,6448,6385,6383,-1,6450,6385,6448,-1,6450,6387,6385,-1,6452,6387,6450,-1,6452,6389,6387,-1,6521,6541,6542,-1,6521,6543,6541,-1,6521,6544,6543,-1,6521,6545,6544,-1,6521,6546,6545,-1,6521,6547,6546,-1,6521,6548,6547,-1,6521,6549,6548,-1,6521,6550,6549,-1,6521,6551,6550,-1,6521,6552,6551,-1,6521,6553,6552,-1,6521,6540,6553,-1,6521,6522,6540,-1,6521,6554,6555,-1,6521,6542,6554,-1,6454,6389,6452,-1,6519,6521,6555,-1,6519,6555,6556,-1,6458,6389,6454,-1,6458,6557,6389,-1,6516,6519,6556,-1,6516,6556,6558,-1,6460,6557,6458,-1,6460,6559,6557,-1,6515,6516,6558,-1,6515,6558,6560,-1,6462,6561,6559,-1,6462,6559,6460,-1,6512,6515,6560,-1,6512,6560,6562,-1,6464,6561,6462,-1,6464,6563,6561,-1,6466,6563,6464,-1,6466,6564,6563,-1,6511,6512,6562,-1,6511,6562,6565,-1,6468,6564,6466,-1,6468,6566,6564,-1,6508,6511,6565,-1,6508,6565,6567,-1,6470,6566,6468,-1,6470,6568,6566,-1,6506,6508,6567,-1,6506,6567,6569,-1,6472,6568,6470,-1,6472,6570,6568,-1,6504,6506,6569,-1,6504,6569,6571,-1,6474,6572,6570,-1,6474,6570,6472,-1,6502,6504,6571,-1,6502,6571,6573,-1,6476,6572,6474,-1,6476,6574,6572,-1,6500,6502,6573,-1,6500,6573,6575,-1,6478,6574,6476,-1,6478,6576,6574,-1,6498,6500,6575,-1,6498,6575,6577,-1,6480,6576,6478,-1,6480,6578,6576,-1,6496,6498,6577,-1,6496,6577,6579,-1,6482,6580,6578,-1,6482,6578,6480,-1,6494,6496,6579,-1,6494,6579,6581,-1,6484,6580,6482,-1,6484,6582,6580,-1,6492,6494,6581,-1,6492,6581,6583,-1,6486,6582,6484,-1,6486,6584,6582,-1,6490,6492,6583,-1,6490,6583,6585,-1,6488,6584,6486,-1,6488,6490,6585,-1,6488,6585,6584,-1,6388,6389,6586,-1,6586,6557,6587,-1,6389,6557,6586,-1,6587,6559,6588,-1,6557,6559,6587,-1,6588,6561,6589,-1,6559,6561,6588,-1,6589,6563,6590,-1,6561,6563,6589,-1,6590,6564,6591,-1,6563,6564,6590,-1,6591,6566,6592,-1,6564,6566,6591,-1,6592,6568,6593,-1,6566,6568,6592,-1,6593,6570,6594,-1,6568,6570,6593,-1,6594,6572,6595,-1,6570,6572,6594,-1,6595,6574,6596,-1,6572,6574,6595,-1,6596,6576,6597,-1,6574,6576,6596,-1,6597,6578,6598,-1,6576,6578,6597,-1,6598,6580,6599,-1,6578,6580,6598,-1,6599,6582,6600,-1,6580,6582,6599,-1,6600,6584,6601,-1,6582,6584,6600,-1,6601,6585,6602,-1,6584,6585,6601,-1,6585,6583,6602,-1,6602,6583,6603,-1,6583,6581,6603,-1,6603,6581,6604,-1,6581,6579,6604,-1,6604,6579,6605,-1,6605,6577,6606,-1,6579,6577,6605,-1,6606,6575,6607,-1,6577,6575,6606,-1,6607,6573,6608,-1,6575,6573,6607,-1,6608,6571,6609,-1,6573,6571,6608,-1,6609,6569,6610,-1,6571,6569,6609,-1,6610,6567,6611,-1,6569,6567,6610,-1,6611,6565,6612,-1,6567,6565,6611,-1,6565,6562,6612,-1,6612,6562,6613,-1,6562,6560,6613,-1,6560,6558,6613,-1,6614,6558,6615,-1,6613,6558,6614,-1,6558,6556,6615,-1,6615,6556,6616,-1,6556,6555,6616,-1,6616,6555,6617,-1,6555,6554,6617,-1,6617,6554,6618,-1,6554,6542,6618,-1,6618,6542,6619,-1,6542,6541,6619,-1,6619,6541,6620,-1,6541,6543,6620,-1,6620,6543,6621,-1,6543,6544,6621,-1,6621,6544,6622,-1,6544,6545,6622,-1,6622,6545,6623,-1,6545,6546,6623,-1,6623,6546,6624,-1,6546,6547,6624,-1,6625,6548,6626,-1,6624,6548,6625,-1,6547,6548,6624,-1,6548,6549,6626,-1,6549,6550,6626,-1,6627,6550,6628,-1,6626,6550,6627,-1,6628,6551,6629,-1,6550,6551,6628,-1,6551,6552,6629,-1,6629,6552,6630,-1,6552,6553,6630,-1,6553,6540,6630,-1,6631,6540,6632,-1,6630,6540,6631,-1,6540,6539,6632,-1,6539,6538,6632,-1,6632,6538,6633,-1,6538,6537,6633,-1,6634,6537,6635,-1,6633,6537,6634,-1,6537,6536,6635,-1,6536,6535,6635,-1,6636,6535,6637,-1,6635,6535,6636,-1,6535,6534,6637,-1,6637,6534,6638,-1,6534,6533,6638,-1,6533,6532,6638,-1,6639,6532,6640,-1,6638,6532,6639,-1,6532,6531,6640,-1,6640,6531,6641,-1,6531,6530,6641,-1,6641,6530,6642,-1,6530,6529,6642,-1,6529,6528,6642,-1,6643,6528,6644,-1,6642,6528,6643,-1,6528,6527,6644,-1,6645,6526,6646,-1,6644,6526,6645,-1,6527,6526,6644,-1,6526,6525,6646,-1,6646,6525,6647,-1,6647,6524,6262,-1,6525,6524,6647,-1,6524,6263,6262,-1,6456,6292,6294,-1,6456,6296,6391,-1,6294,6296,6456,-1,6456,6290,6292,-1,6296,6298,6391,-1,6456,6288,6290,-1,6298,6300,6391,-1,6456,6286,6288,-1,6300,6302,6391,-1,6456,6284,6286,-1,6302,6304,6391,-1,6456,6282,6284,-1,6304,6306,6391,-1,6456,6280,6282,-1,6306,6308,6391,-1,6456,6278,6280,-1,6308,6310,6391,-1,6456,6276,6278,-1,6310,6312,6391,-1,6456,6274,6276,-1,6312,6314,6391,-1,6456,6272,6274,-1,6314,6316,6391,-1,6456,6270,6272,-1,6316,6318,6391,-1,6456,6268,6270,-1,6318,6320,6391,-1,6456,6266,6268,-1,6320,6322,6391,-1,6456,6264,6266,-1,6322,6324,6391,-1,6456,6262,6264,-1,6523,6262,6456,-1,6391,6326,6392,-1,6324,6326,6391,-1,6523,6647,6262,-1,6392,6329,6394,-1,6326,6329,6392,-1,6523,6646,6647,-1,6394,6330,6396,-1,6329,6330,6394,-1,6523,6645,6646,-1,6396,6333,6398,-1,6330,6333,6396,-1,6523,6644,6645,-1,6398,6334,6401,-1,6333,6334,6398,-1,6523,6643,6644,-1,6401,6336,6403,-1,6334,6336,6401,-1,6523,6642,6643,-1,6403,6338,6405,-1,6336,6338,6403,-1,6523,6641,6642,-1,6338,6340,6405,-1,6405,6340,6407,-1,6523,6640,6641,-1,6407,6342,6409,-1,6340,6342,6407,-1,6523,6639,6640,-1,6342,6344,6409,-1,6409,6344,6411,-1,6523,6638,6639,-1,6344,6346,6411,-1,6411,6346,6413,-1,6523,6637,6638,-1,6346,6348,6413,-1,6413,6348,6415,-1,6523,6636,6637,-1,6348,6350,6415,-1,6415,6350,6417,-1,6523,6635,6636,-1,6417,6352,6419,-1,6350,6352,6417,-1,6523,6634,6635,-1,6419,6354,6421,-1,6352,6354,6419,-1,6523,6633,6634,-1,6354,6356,6421,-1,6356,6423,6421,-1,6523,6632,6633,-1,6356,6358,6423,-1,6523,6631,6632,-1,6358,6425,6423,-1,6360,6425,6358,-1,6363,6427,6360,-1,6360,6427,6425,-1,6364,6429,6363,-1,6363,6429,6427,-1,6366,6431,6364,-1,6364,6431,6429,-1,6368,6433,6366,-1,6366,6433,6431,-1,6370,6435,6368,-1,6368,6435,6433,-1,6370,6437,6435,-1,6373,6437,6370,-1,6373,6439,6437,-1,6374,6439,6373,-1,6374,6441,6439,-1,6376,6441,6374,-1,6379,6443,6376,-1,6376,6443,6441,-1,6380,6445,6379,-1,6379,6445,6443,-1,6380,6447,6445,-1,6382,6447,6380,-1,6382,6449,6447,-1,6384,6449,6382,-1,6384,6451,6449,-1,6386,6451,6384,-1,6386,6453,6451,-1,6388,6453,6386,-1,6388,6455,6453,-1,6523,6520,6631,-1,6631,6520,6630,-1,6630,6520,6629,-1,6629,6520,6628,-1,6628,6520,6627,-1,6627,6520,6626,-1,6626,6520,6625,-1,6625,6520,6624,-1,6624,6520,6623,-1,6623,6520,6622,-1,6622,6520,6621,-1,6621,6520,6620,-1,6620,6520,6619,-1,6619,6520,6618,-1,6618,6520,6617,-1,6617,6520,6616,-1,6586,6459,6388,-1,6388,6459,6455,-1,6520,6518,6616,-1,6616,6518,6615,-1,6586,6461,6459,-1,6587,6461,6586,-1,6615,6517,6614,-1,6518,6517,6615,-1,6587,6463,6461,-1,6588,6463,6587,-1,6614,6514,6613,-1,6517,6514,6614,-1,6588,6465,6463,-1,6589,6465,6588,-1,6613,6513,6612,-1,6514,6513,6613,-1,6590,6467,6589,-1,6589,6467,6465,-1,6612,6510,6611,-1,6513,6510,6612,-1,6591,6469,6590,-1,6590,6469,6467,-1,6611,6509,6610,-1,6510,6509,6611,-1,6592,6471,6591,-1,6591,6471,6469,-1,6610,6507,6609,-1,6509,6507,6610,-1,6593,6473,6592,-1,6592,6473,6471,-1,6609,6505,6608,-1,6507,6505,6609,-1,6593,6475,6473,-1,6594,6475,6593,-1,6608,6503,6607,-1,6505,6503,6608,-1,6595,6477,6594,-1,6594,6477,6475,-1,6607,6501,6606,-1,6503,6501,6607,-1,6596,6479,6595,-1,6595,6479,6477,-1,6606,6499,6605,-1,6501,6499,6606,-1,6597,6481,6596,-1,6596,6481,6479,-1,6605,6497,6604,-1,6499,6497,6605,-1,6598,6483,6597,-1,6597,6483,6481,-1,6604,6495,6603,-1,6497,6495,6604,-1,6599,6485,6598,-1,6598,6485,6483,-1,6495,6493,6603,-1,6603,6493,6602,-1,6600,6487,6599,-1,6599,6487,6485,-1,6602,6491,6601,-1,6493,6491,6602,-1,6601,6489,6600,-1,6600,6489,6487,-1,6491,6489,6601,-1,6648,6649,6650,-1,6650,6651,6652,-1,6649,6651,6650,-1,6652,6653,6654,-1,6651,6653,6652,-1,6654,6655,6656,-1,6653,6655,6654,-1,6656,6657,6658,-1,6655,6657,6656,-1,6658,6659,6660,-1,6657,6659,6658,-1,6660,6661,6662,-1,6659,6661,6660,-1,6662,6663,6664,-1,6661,6663,6662,-1,6664,6665,6666,-1,6663,6665,6664,-1,6666,6667,6668,-1,6665,6667,6666,-1,6668,6669,6670,-1,6667,6669,6668,-1,6670,6671,6672,-1,6669,6671,6670,-1,6672,6673,6674,-1,6671,6673,6672,-1,6674,6675,6676,-1,6673,6675,6674,-1,6676,6677,6678,-1,6675,6677,6676,-1,6678,6679,6680,-1,6677,6679,6678,-1,6680,6681,6682,-1,6679,6681,6680,-1,6681,6683,6682,-1,6682,6683,6684,-1,6683,6685,6684,-1,6684,6685,6686,-1,6685,6687,6686,-1,6686,6687,6688,-1,6688,6689,6690,-1,6687,6689,6688,-1,6690,6691,6692,-1,6689,6691,6690,-1,6692,6693,6694,-1,6691,6693,6692,-1,6693,6695,6694,-1,6696,6697,6698,-1,6694,6697,6696,-1,6695,6697,6694,-1,6698,6699,6700,-1,6697,6699,6698,-1,6700,6701,6702,-1,6699,6701,6700,-1,6702,6703,6704,-1,6701,6703,6702,-1,6703,6705,6704,-1,6704,6705,6706,-1,6705,6707,6706,-1,6706,6707,6708,-1,6707,6709,6708,-1,6708,6709,6710,-1,6709,6711,6710,-1,6710,6711,6712,-1,6711,6713,6712,-1,6713,6714,6712,-1,6715,6714,6716,-1,6712,6714,6715,-1,6714,6717,6716,-1,6717,6718,6716,-1,6719,6718,6720,-1,6716,6718,6719,-1,6718,6721,6720,-1,6720,6721,6722,-1,6721,6723,6722,-1,6722,6723,6724,-1,6723,6725,6724,-1,6724,6725,6726,-1,6726,6727,6728,-1,6725,6727,6726,-1,6728,6729,6730,-1,6727,6729,6728,-1,6730,6731,6732,-1,6729,6731,6730,-1,6732,6733,6734,-1,6731,6733,6732,-1,6734,6735,6736,-1,6733,6735,6734,-1,6735,6737,6736,-1,6736,6737,6738,-1,6737,6739,6738,-1,6738,6739,6740,-1,6739,6741,6740,-1,6740,6741,6742,-1,6741,6743,6742,-1,6742,6743,6744,-1,6743,6745,6744,-1,6744,6745,6746,-1,6745,6747,6746,-1,6747,6748,6746,-1,6749,6748,6750,-1,6746,6748,6749,-1,6748,6751,6750,-1,6750,6751,6752,-1,6751,6753,6752,-1,6752,6753,6754,-1,6753,6755,6754,-1,6754,6755,6756,-1,6755,6757,6756,-1,6757,6758,6756,-1,6759,6758,6760,-1,6756,6758,6759,-1,6758,6761,6760,-1,6760,6761,6762,-1,6761,6763,6762,-1,6763,6764,6762,-1,6765,6764,6766,-1,6762,6764,6765,-1,6764,6767,6766,-1,6766,6767,6768,-1,6768,6769,6770,-1,6767,6769,6768,-1,6769,6771,6770,-1,6770,6771,6772,-1,6772,6773,6774,-1,6771,6773,6772,-1,6773,6775,6774,-1,6776,6777,6778,-1,6779,6778,6780,-1,6779,6776,6778,-1,6781,6780,6782,-1,6781,6779,6780,-1,6783,6782,6784,-1,6783,6781,6782,-1,6785,6783,6784,-1,6786,6784,6787,-1,6786,6785,6784,-1,6788,6787,6789,-1,6788,6786,6787,-1,6790,6789,6791,-1,6790,6788,6789,-1,6792,6790,6791,-1,6792,6791,6793,-1,6794,6792,6793,-1,6794,6793,6795,-1,6796,6794,6795,-1,6796,6795,6797,-1,6798,6796,6797,-1,6798,6797,6799,-1,6800,6799,6801,-1,6800,6798,6799,-1,6802,6801,6803,-1,6802,6800,6801,-1,6804,6803,6805,-1,6804,6802,6803,-1,6806,6805,6807,-1,6806,6804,6805,-1,6808,6807,6809,-1,6808,6806,6807,-1,6810,6809,6811,-1,6810,6808,6809,-1,6812,6811,6813,-1,6812,6810,6811,-1,6814,6813,6815,-1,6814,6812,6813,-1,6816,6815,6817,-1,6816,6814,6815,-1,6818,6817,6819,-1,6818,6816,6817,-1,6820,6819,6821,-1,6820,6818,6819,-1,6822,6821,6823,-1,6822,6820,6821,-1,6824,6823,6825,-1,6824,6822,6823,-1,6826,6825,6827,-1,6826,6824,6825,-1,6828,6827,6829,-1,6828,6826,6827,-1,6830,6829,6831,-1,6830,6828,6829,-1,6832,6831,6833,-1,6832,6830,6831,-1,6834,6833,6835,-1,6834,6832,6833,-1,6836,6835,6837,-1,6836,6834,6835,-1,6838,6837,6839,-1,6838,6836,6837,-1,6840,6839,6841,-1,6840,6838,6839,-1,6776,6842,6777,-1,6776,6843,6842,-1,6844,6840,6841,-1,6844,6841,6845,-1,6846,6845,6847,-1,6846,6844,6845,-1,6848,6847,6849,-1,6848,6846,6847,-1,6850,6849,6851,-1,6850,6848,6849,-1,6852,6851,6853,-1,6852,6850,6851,-1,6854,6853,6855,-1,6854,6852,6853,-1,6856,6855,6857,-1,6856,6854,6855,-1,6858,6856,6857,-1,6858,6857,6859,-1,6860,6858,6859,-1,6860,6859,6861,-1,6862,6860,6861,-1,6862,6861,6863,-1,6864,6862,6863,-1,6864,6863,6865,-1,6866,6864,6865,-1,6866,6865,6867,-1,6868,6867,6869,-1,6868,6866,6867,-1,6870,6869,6871,-1,6870,6868,6869,-1,6872,6871,6873,-1,6872,6870,6871,-1,6874,6873,6875,-1,6874,6872,6873,-1,6876,6875,6877,-1,6876,6874,6875,-1,6878,6877,6879,-1,6878,6876,6877,-1,6880,6879,6881,-1,6880,6878,6879,-1,6882,6881,6883,-1,6882,6880,6881,-1,6884,6883,6885,-1,6884,6882,6883,-1,6886,6885,6887,-1,6886,6884,6885,-1,6888,6887,6889,-1,6888,6886,6887,-1,6890,6889,6891,-1,6890,6888,6889,-1,6892,6891,6893,-1,6892,6890,6891,-1,6894,6895,6896,-1,6894,6893,6895,-1,6894,6892,6893,-1,6897,6894,6896,-1,6898,6899,6900,-1,6898,6896,6899,-1,6898,6897,6896,-1,6901,6898,6900,-1,6902,6903,6904,-1,6902,6900,6903,-1,6902,6901,6900,-1,6905,6904,6906,-1,6905,6902,6904,-1,6907,6905,6906,-1,6908,6906,6909,-1,6908,6907,6906,-1,6843,6909,6842,-1,6843,6908,6909,-1,6679,6843,6681,-1,6683,6843,6776,-1,6683,6681,6843,-1,6677,6843,6679,-1,6685,6683,6776,-1,6675,6843,6677,-1,6687,6685,6776,-1,6673,6843,6675,-1,6689,6687,6776,-1,6671,6843,6673,-1,6691,6689,6776,-1,6669,6843,6671,-1,6693,6691,6776,-1,6667,6843,6669,-1,6695,6693,6776,-1,6665,6843,6667,-1,6697,6695,6776,-1,6663,6843,6665,-1,6699,6697,6776,-1,6661,6843,6663,-1,6701,6699,6776,-1,6659,6843,6661,-1,6703,6701,6776,-1,6657,6843,6659,-1,6705,6703,6776,-1,6655,6843,6657,-1,6707,6705,6776,-1,6653,6843,6655,-1,6709,6707,6776,-1,6651,6843,6653,-1,6711,6709,6776,-1,6649,6908,6843,-1,6649,6843,6651,-1,6713,6776,6779,-1,6713,6711,6776,-1,6910,6908,6649,-1,6714,6779,6781,-1,6714,6713,6779,-1,6911,6908,6910,-1,6717,6781,6783,-1,6717,6714,6781,-1,6912,6908,6911,-1,6718,6783,6785,-1,6718,6717,6783,-1,6913,6908,6912,-1,6721,6785,6786,-1,6721,6718,6785,-1,6914,6908,6913,-1,6723,6786,6788,-1,6723,6721,6786,-1,6915,6908,6914,-1,6725,6723,6788,-1,6725,6788,6790,-1,6916,6908,6915,-1,6727,6725,6790,-1,6727,6790,6792,-1,6917,6908,6916,-1,6729,6727,6792,-1,6729,6792,6794,-1,6918,6908,6917,-1,6731,6794,6796,-1,6731,6729,6794,-1,6919,6908,6918,-1,6733,6731,6796,-1,6733,6796,6798,-1,6920,6908,6919,-1,6735,6798,6800,-1,6735,6733,6798,-1,6921,6908,6920,-1,6737,6800,6802,-1,6737,6735,6800,-1,6922,6908,6921,-1,6739,6802,6804,-1,6739,6737,6802,-1,6923,6908,6922,-1,6741,6804,6806,-1,6741,6739,6804,-1,6924,6908,6923,-1,6743,6741,6806,-1,6808,6743,6806,-1,6925,6908,6924,-1,6745,6743,6808,-1,6926,6908,6925,-1,6810,6745,6808,-1,6810,6747,6745,-1,6812,6747,6810,-1,6812,6748,6747,-1,6814,6748,6812,-1,6814,6751,6748,-1,6816,6753,6751,-1,6816,6751,6814,-1,6818,6755,6753,-1,6818,6753,6816,-1,6820,6755,6818,-1,6820,6757,6755,-1,6822,6757,6820,-1,6822,6758,6757,-1,6824,6758,6822,-1,6824,6761,6758,-1,6826,6761,6824,-1,6826,6763,6761,-1,6828,6763,6826,-1,6828,6764,6763,-1,6830,6764,6828,-1,6830,6767,6764,-1,6832,6769,6767,-1,6832,6767,6830,-1,6834,6769,6832,-1,6834,6771,6769,-1,6836,6771,6834,-1,6836,6773,6771,-1,6838,6773,6836,-1,6838,6775,6773,-1,6907,6927,6928,-1,6907,6929,6927,-1,6907,6930,6929,-1,6907,6931,6930,-1,6907,6932,6931,-1,6907,6933,6932,-1,6907,6934,6933,-1,6907,6935,6934,-1,6907,6936,6935,-1,6907,6937,6936,-1,6907,6938,6937,-1,6907,6939,6938,-1,6907,6926,6939,-1,6907,6908,6926,-1,6907,6940,6941,-1,6907,6928,6940,-1,6840,6775,6838,-1,6905,6907,6941,-1,6905,6941,6942,-1,6844,6943,6775,-1,6844,6775,6840,-1,6902,6905,6942,-1,6902,6942,6944,-1,6846,6943,6844,-1,6846,6945,6943,-1,6901,6902,6944,-1,6901,6944,6946,-1,6848,6945,6846,-1,6848,6947,6945,-1,6898,6901,6946,-1,6898,6946,6948,-1,6850,6947,6848,-1,6850,6949,6947,-1,6897,6898,6948,-1,6897,6948,6950,-1,6852,6949,6850,-1,6852,6951,6949,-1,6854,6951,6852,-1,6854,6952,6951,-1,6894,6897,6950,-1,6894,6950,6953,-1,6856,6952,6854,-1,6856,6954,6952,-1,6892,6894,6953,-1,6892,6953,6955,-1,6858,6954,6856,-1,6858,6956,6954,-1,6890,6892,6955,-1,6890,6955,6957,-1,6860,6956,6858,-1,6860,6958,6956,-1,6888,6890,6957,-1,6888,6957,6959,-1,6862,6960,6958,-1,6862,6958,6860,-1,6886,6888,6959,-1,6886,6959,6961,-1,6864,6960,6862,-1,6864,6962,6960,-1,6884,6886,6961,-1,6884,6961,6963,-1,6866,6964,6962,-1,6866,6962,6864,-1,6882,6884,6963,-1,6882,6963,6965,-1,6868,6964,6866,-1,6868,6966,6964,-1,6880,6882,6965,-1,6880,6965,6967,-1,6878,6880,6967,-1,6878,6967,6968,-1,6870,6969,6966,-1,6870,6966,6868,-1,6872,6969,6870,-1,6872,6970,6969,-1,6876,6878,6968,-1,6876,6968,6971,-1,6874,6970,6872,-1,6874,6876,6971,-1,6874,6971,6970,-1,6774,6775,6972,-1,6972,6943,6973,-1,6775,6943,6972,-1,6973,6945,6974,-1,6943,6945,6973,-1,6974,6947,6975,-1,6945,6947,6974,-1,6975,6949,6976,-1,6947,6949,6975,-1,6976,6951,6977,-1,6949,6951,6976,-1,6977,6952,6978,-1,6951,6952,6977,-1,6978,6954,6979,-1,6952,6954,6978,-1,6979,6956,6980,-1,6954,6956,6979,-1,6980,6958,6981,-1,6956,6958,6980,-1,6981,6960,6982,-1,6958,6960,6981,-1,6982,6962,6983,-1,6960,6962,6982,-1,6983,6964,6984,-1,6962,6964,6983,-1,6984,6966,6985,-1,6964,6966,6984,-1,6985,6969,6986,-1,6966,6969,6985,-1,6986,6970,6987,-1,6969,6970,6986,-1,6987,6971,6988,-1,6970,6971,6987,-1,6971,6968,6988,-1,6988,6968,6989,-1,6968,6967,6989,-1,6989,6967,6990,-1,6967,6965,6990,-1,6990,6965,6991,-1,6991,6963,6992,-1,6965,6963,6991,-1,6992,6961,6993,-1,6963,6961,6992,-1,6993,6959,6994,-1,6961,6959,6993,-1,6994,6957,6995,-1,6959,6957,6994,-1,6995,6955,6996,-1,6957,6955,6995,-1,6996,6953,6997,-1,6955,6953,6996,-1,6997,6950,6998,-1,6953,6950,6997,-1,6950,6948,6998,-1,6998,6948,6999,-1,6948,6946,6999,-1,6946,6944,6999,-1,7000,6944,7001,-1,6999,6944,7000,-1,6944,6942,7001,-1,7001,6942,7002,-1,6942,6941,7002,-1,7002,6941,7003,-1,6941,6940,7003,-1,7003,6940,7004,-1,6940,6928,7004,-1,7004,6928,7005,-1,6928,6927,7005,-1,7005,6927,7006,-1,6927,6929,7006,-1,7006,6929,7007,-1,6929,6930,7007,-1,7007,6930,7008,-1,6930,6931,7008,-1,7008,6931,7009,-1,6931,6932,7009,-1,7009,6932,7010,-1,6932,6933,7010,-1,7011,6934,7012,-1,7010,6934,7011,-1,6933,6934,7010,-1,6934,6935,7012,-1,6935,6936,7012,-1,7013,6936,7014,-1,7012,6936,7013,-1,7014,6937,7015,-1,6936,6937,7014,-1,6937,6938,7015,-1,7015,6938,7016,-1,6938,6939,7016,-1,6939,6926,7016,-1,7017,6926,7018,-1,7016,6926,7017,-1,6926,6925,7018,-1,6925,6924,7018,-1,7018,6924,7019,-1,6924,6923,7019,-1,7020,6923,7021,-1,7019,6923,7020,-1,6923,6922,7021,-1,6922,6921,7021,-1,7022,6921,7023,-1,7021,6921,7022,-1,6921,6920,7023,-1,7023,6920,7024,-1,6920,6919,7024,-1,6919,6918,7024,-1,7025,6918,7026,-1,7024,6918,7025,-1,6918,6917,7026,-1,7026,6917,7027,-1,6917,6916,7027,-1,7027,6916,7028,-1,6916,6915,7028,-1,6915,6914,7028,-1,7029,6914,7030,-1,7028,6914,7029,-1,6914,6913,7030,-1,7031,6912,7032,-1,7030,6912,7031,-1,6913,6912,7030,-1,6912,6911,7032,-1,7032,6911,7033,-1,7033,6910,6648,-1,6911,6910,7033,-1,6910,6649,6648,-1,6842,6678,6680,-1,6842,6682,6777,-1,6680,6682,6842,-1,6842,6676,6678,-1,6682,6684,6777,-1,6842,6674,6676,-1,6684,6686,6777,-1,6842,6672,6674,-1,6686,6688,6777,-1,6842,6670,6672,-1,6688,6690,6777,-1,6842,6668,6670,-1,6690,6692,6777,-1,6842,6666,6668,-1,6692,6694,6777,-1,6842,6664,6666,-1,6694,6696,6777,-1,6842,6662,6664,-1,6696,6698,6777,-1,6842,6660,6662,-1,6698,6700,6777,-1,6842,6658,6660,-1,6700,6702,6777,-1,6842,6656,6658,-1,6702,6704,6777,-1,6842,6654,6656,-1,6704,6706,6777,-1,6842,6652,6654,-1,6706,6708,6777,-1,6842,6650,6652,-1,6708,6710,6777,-1,6842,6648,6650,-1,6909,6648,6842,-1,6777,6712,6778,-1,6710,6712,6777,-1,6909,7033,6648,-1,6778,6715,6780,-1,6712,6715,6778,-1,6909,7032,7033,-1,6780,6716,6782,-1,6715,6716,6780,-1,6909,7031,7032,-1,6782,6719,6784,-1,6716,6719,6782,-1,6909,7030,7031,-1,6784,6720,6787,-1,6719,6720,6784,-1,6909,7029,7030,-1,6787,6722,6789,-1,6720,6722,6787,-1,6909,7028,7029,-1,6789,6724,6791,-1,6722,6724,6789,-1,6909,7027,7028,-1,6724,6726,6791,-1,6791,6726,6793,-1,6909,7026,7027,-1,6793,6728,6795,-1,6726,6728,6793,-1,6909,7025,7026,-1,6728,6730,6795,-1,6795,6730,6797,-1,6909,7024,7025,-1,6730,6732,6797,-1,6797,6732,6799,-1,6909,7023,7024,-1,6732,6734,6799,-1,6799,6734,6801,-1,6909,7022,7023,-1,6734,6736,6801,-1,6801,6736,6803,-1,6909,7021,7022,-1,6803,6738,6805,-1,6736,6738,6803,-1,6909,7020,7021,-1,6805,6740,6807,-1,6738,6740,6805,-1,6909,7019,7020,-1,6740,6742,6807,-1,6742,6809,6807,-1,6909,7018,7019,-1,6742,6744,6809,-1,6909,7017,7018,-1,6744,6811,6809,-1,6746,6811,6744,-1,6749,6813,6746,-1,6746,6813,6811,-1,6750,6815,6749,-1,6749,6815,6813,-1,6752,6817,6750,-1,6750,6817,6815,-1,6754,6819,6752,-1,6752,6819,6817,-1,6756,6821,6754,-1,6754,6821,6819,-1,6756,6823,6821,-1,6759,6823,6756,-1,6759,6825,6823,-1,6760,6825,6759,-1,6760,6827,6825,-1,6762,6827,6760,-1,6765,6829,6762,-1,6762,6829,6827,-1,6766,6831,6765,-1,6765,6831,6829,-1,6766,6833,6831,-1,6768,6833,6766,-1,6768,6835,6833,-1,6770,6835,6768,-1,6770,6837,6835,-1,6772,6837,6770,-1,6772,6839,6837,-1,6774,6839,6772,-1,6774,6841,6839,-1,6909,6906,7017,-1,7017,6906,7016,-1,7016,6906,7015,-1,7015,6906,7014,-1,7014,6906,7013,-1,7013,6906,7012,-1,7012,6906,7011,-1,7011,6906,7010,-1,7010,6906,7009,-1,7009,6906,7008,-1,7008,6906,7007,-1,7007,6906,7006,-1,7006,6906,7005,-1,7005,6906,7004,-1,7004,6906,7003,-1,7003,6906,7002,-1,6972,6845,6774,-1,6774,6845,6841,-1,6906,6904,7002,-1,7002,6904,7001,-1,6972,6847,6845,-1,6973,6847,6972,-1,7001,6903,7000,-1,6904,6903,7001,-1,6973,6849,6847,-1,6974,6849,6973,-1,7000,6900,6999,-1,6903,6900,7000,-1,6974,6851,6849,-1,6975,6851,6974,-1,6999,6899,6998,-1,6900,6899,6999,-1,6976,6853,6975,-1,6975,6853,6851,-1,6998,6896,6997,-1,6899,6896,6998,-1,6977,6855,6976,-1,6976,6855,6853,-1,6997,6895,6996,-1,6896,6895,6997,-1,6978,6857,6977,-1,6977,6857,6855,-1,6996,6893,6995,-1,6895,6893,6996,-1,6979,6859,6978,-1,6978,6859,6857,-1,6995,6891,6994,-1,6893,6891,6995,-1,6979,6861,6859,-1,6980,6861,6979,-1,6994,6889,6993,-1,6891,6889,6994,-1,6981,6863,6980,-1,6980,6863,6861,-1,6993,6887,6992,-1,6889,6887,6993,-1,6982,6865,6981,-1,6981,6865,6863,-1,6992,6885,6991,-1,6887,6885,6992,-1,6983,6867,6982,-1,6982,6867,6865,-1,6991,6883,6990,-1,6885,6883,6991,-1,6984,6869,6983,-1,6983,6869,6867,-1,6990,6881,6989,-1,6883,6881,6990,-1,6985,6871,6984,-1,6984,6871,6869,-1,6881,6879,6989,-1,6989,6879,6988,-1,6986,6873,6985,-1,6985,6873,6871,-1,6988,6877,6987,-1,6879,6877,6988,-1,6987,6875,6986,-1,6986,6875,6873,-1,6877,6875,6987,-1,7034,7035,7036,-1,7036,7037,7038,-1,7035,7037,7036,-1,7038,7039,7040,-1,7037,7039,7038,-1,7040,7041,7042,-1,7039,7041,7040,-1,7042,7043,7044,-1,7041,7043,7042,-1,7044,7045,7046,-1,7043,7045,7044,-1,7046,7047,7048,-1,7045,7047,7046,-1,7048,7049,7050,-1,7047,7049,7048,-1,7050,7051,7052,-1,7049,7051,7050,-1,7052,7053,7054,-1,7051,7053,7052,-1,7054,7055,7056,-1,7053,7055,7054,-1,7056,7057,7058,-1,7055,7057,7056,-1,7058,7059,7060,-1,7057,7059,7058,-1,7060,7061,7062,-1,7059,7061,7060,-1,7062,7063,7064,-1,7061,7063,7062,-1,7064,7065,7066,-1,7063,7065,7064,-1,7066,7067,7068,-1,7065,7067,7066,-1,7067,7069,7068,-1,7068,7069,7070,-1,7069,7071,7070,-1,7070,7071,7072,-1,7071,7073,7072,-1,7072,7073,7074,-1,7074,7075,7076,-1,7073,7075,7074,-1,7076,7077,7078,-1,7075,7077,7076,-1,7078,7079,7080,-1,7077,7079,7078,-1,7079,7081,7080,-1,7082,7083,7084,-1,7080,7083,7082,-1,7081,7083,7080,-1,7084,7085,7086,-1,7083,7085,7084,-1,7086,7087,7088,-1,7085,7087,7086,-1,7088,7089,7090,-1,7087,7089,7088,-1,7089,7091,7090,-1,7090,7091,7092,-1,7091,7093,7092,-1,7092,7093,7094,-1,7093,7095,7094,-1,7094,7095,7096,-1,7095,7097,7096,-1,7096,7097,7098,-1,7097,7099,7098,-1,7099,7100,7098,-1,7101,7100,7102,-1,7098,7100,7101,-1,7100,7103,7102,-1,7103,7104,7102,-1,7105,7104,7106,-1,7102,7104,7105,-1,7104,7107,7106,-1,7106,7107,7108,-1,7107,7109,7108,-1,7108,7109,7110,-1,7109,7111,7110,-1,7110,7111,7112,-1,7112,7113,7114,-1,7111,7113,7112,-1,7114,7115,7116,-1,7113,7115,7114,-1,7116,7117,7118,-1,7115,7117,7116,-1,7118,7119,7120,-1,7117,7119,7118,-1,7120,7121,7122,-1,7119,7121,7120,-1,7121,7123,7122,-1,7122,7123,7124,-1,7123,7125,7124,-1,7124,7125,7126,-1,7125,7127,7126,-1,7126,7127,7128,-1,7127,7129,7128,-1,7128,7129,7130,-1,7129,7131,7130,-1,7130,7131,7132,-1,7131,7133,7132,-1,7133,7134,7132,-1,7135,7134,7136,-1,7132,7134,7135,-1,7134,7137,7136,-1,7136,7137,7138,-1,7137,7139,7138,-1,7138,7139,7140,-1,7139,7141,7140,-1,7140,7141,7142,-1,7141,7143,7142,-1,7143,7144,7142,-1,7145,7144,7146,-1,7142,7144,7145,-1,7144,7147,7146,-1,7146,7147,7148,-1,7147,7149,7148,-1,7149,7150,7148,-1,7151,7150,7152,-1,7148,7150,7151,-1,7150,7153,7152,-1,7152,7153,7154,-1,7154,7155,7156,-1,7153,7155,7154,-1,7155,7157,7156,-1,7156,7157,7158,-1,7158,7159,7160,-1,7157,7159,7158,-1,7159,7161,7160,-1,7162,7163,7164,-1,7165,7164,7166,-1,7165,7162,7164,-1,7167,7166,7168,-1,7167,7165,7166,-1,7169,7168,7170,-1,7169,7167,7168,-1,7171,7169,7170,-1,7172,7170,7173,-1,7172,7171,7170,-1,7174,7173,7175,-1,7174,7172,7173,-1,7176,7175,7177,-1,7176,7174,7175,-1,7178,7176,7177,-1,7178,7177,7179,-1,7180,7178,7179,-1,7180,7179,7181,-1,7182,7180,7181,-1,7182,7181,7183,-1,7184,7182,7183,-1,7184,7183,7185,-1,7186,7185,7187,-1,7186,7184,7185,-1,7188,7187,7189,-1,7188,7186,7187,-1,7190,7189,7191,-1,7190,7188,7189,-1,7192,7191,7193,-1,7192,7190,7191,-1,7194,7193,7195,-1,7194,7192,7193,-1,7196,7195,7197,-1,7196,7194,7195,-1,7198,7197,7199,-1,7198,7196,7197,-1,7200,7199,7201,-1,7200,7198,7199,-1,7202,7201,7203,-1,7202,7200,7201,-1,7204,7203,7205,-1,7204,7202,7203,-1,7206,7205,7207,-1,7206,7204,7205,-1,7208,7207,7209,-1,7208,7206,7207,-1,7210,7209,7211,-1,7210,7208,7209,-1,7212,7211,7213,-1,7212,7210,7211,-1,7214,7213,7215,-1,7214,7212,7213,-1,7216,7215,7217,-1,7216,7214,7215,-1,7218,7217,7219,-1,7218,7216,7217,-1,7220,7219,7221,-1,7220,7218,7219,-1,7222,7221,7223,-1,7222,7220,7221,-1,7224,7223,7225,-1,7224,7222,7223,-1,7226,7225,7227,-1,7226,7224,7225,-1,7162,7228,7163,-1,7162,7229,7228,-1,7230,7226,7227,-1,7230,7227,7231,-1,7232,7231,7233,-1,7232,7230,7231,-1,7234,7233,7235,-1,7234,7232,7233,-1,7236,7235,7237,-1,7236,7234,7235,-1,7238,7237,7239,-1,7238,7236,7237,-1,7240,7239,7241,-1,7240,7238,7239,-1,7242,7241,7243,-1,7242,7240,7241,-1,7244,7242,7243,-1,7244,7243,7245,-1,7246,7244,7245,-1,7246,7245,7247,-1,7248,7246,7247,-1,7248,7247,7249,-1,7250,7248,7249,-1,7250,7249,7251,-1,7252,7250,7251,-1,7252,7251,7253,-1,7254,7253,7255,-1,7254,7252,7253,-1,7256,7255,7257,-1,7256,7254,7255,-1,7258,7257,7259,-1,7258,7256,7257,-1,7260,7259,7261,-1,7260,7258,7259,-1,7262,7261,7263,-1,7262,7260,7261,-1,7264,7263,7265,-1,7264,7262,7263,-1,7266,7265,7267,-1,7266,7264,7265,-1,7268,7267,7269,-1,7268,7266,7267,-1,7270,7269,7271,-1,7270,7268,7269,-1,7272,7271,7273,-1,7272,7270,7271,-1,7274,7273,7275,-1,7274,7272,7273,-1,7276,7275,7277,-1,7276,7274,7275,-1,7278,7277,7279,-1,7278,7276,7277,-1,7280,7281,7282,-1,7280,7279,7281,-1,7280,7278,7279,-1,7283,7280,7282,-1,7284,7285,7286,-1,7284,7282,7285,-1,7284,7283,7282,-1,7287,7284,7286,-1,7288,7289,7290,-1,7288,7286,7289,-1,7288,7287,7286,-1,7291,7290,7292,-1,7291,7288,7290,-1,7293,7291,7292,-1,7294,7292,7295,-1,7294,7293,7292,-1,7229,7295,7228,-1,7229,7294,7295,-1,7065,7229,7067,-1,7069,7229,7162,-1,7069,7067,7229,-1,7063,7229,7065,-1,7071,7069,7162,-1,7061,7229,7063,-1,7073,7071,7162,-1,7059,7229,7061,-1,7075,7073,7162,-1,7057,7229,7059,-1,7077,7075,7162,-1,7055,7229,7057,-1,7079,7077,7162,-1,7053,7229,7055,-1,7081,7079,7162,-1,7051,7229,7053,-1,7083,7081,7162,-1,7049,7229,7051,-1,7085,7083,7162,-1,7047,7229,7049,-1,7087,7085,7162,-1,7045,7229,7047,-1,7089,7087,7162,-1,7043,7229,7045,-1,7091,7089,7162,-1,7041,7229,7043,-1,7093,7091,7162,-1,7039,7229,7041,-1,7095,7093,7162,-1,7037,7229,7039,-1,7097,7095,7162,-1,7035,7294,7229,-1,7035,7229,7037,-1,7099,7162,7165,-1,7099,7097,7162,-1,7296,7294,7035,-1,7100,7165,7167,-1,7100,7099,7165,-1,7297,7294,7296,-1,7103,7167,7169,-1,7103,7100,7167,-1,7298,7294,7297,-1,7104,7169,7171,-1,7104,7103,7169,-1,7299,7294,7298,-1,7107,7171,7172,-1,7107,7104,7171,-1,7300,7294,7299,-1,7109,7172,7174,-1,7109,7107,7172,-1,7301,7294,7300,-1,7111,7174,7176,-1,7111,7109,7174,-1,7302,7294,7301,-1,7113,7176,7178,-1,7113,7111,7176,-1,7303,7294,7302,-1,7115,7178,7180,-1,7115,7113,7178,-1,7304,7294,7303,-1,7117,7180,7182,-1,7117,7115,7180,-1,7305,7294,7304,-1,7119,7182,7184,-1,7119,7117,7182,-1,7306,7294,7305,-1,7121,7184,7186,-1,7121,7119,7184,-1,7307,7294,7306,-1,7123,7121,7186,-1,7123,7186,7188,-1,7308,7294,7307,-1,7125,7123,7188,-1,7125,7188,7190,-1,7309,7294,7308,-1,7127,7190,7192,-1,7127,7125,7190,-1,7310,7294,7309,-1,7129,7127,7192,-1,7194,7129,7192,-1,7311,7294,7310,-1,7131,7129,7194,-1,7312,7294,7311,-1,7196,7131,7194,-1,7196,7133,7131,-1,7198,7133,7196,-1,7198,7134,7133,-1,7200,7134,7198,-1,7200,7137,7134,-1,7202,7137,7200,-1,7202,7139,7137,-1,7204,7141,7139,-1,7204,7139,7202,-1,7206,7143,7141,-1,7206,7141,7204,-1,7208,7144,7143,-1,7208,7143,7206,-1,7210,7147,7144,-1,7210,7144,7208,-1,7212,7149,7147,-1,7212,7147,7210,-1,7214,7149,7212,-1,7214,7150,7149,-1,7216,7150,7214,-1,7216,7153,7150,-1,7218,7153,7216,-1,7218,7155,7153,-1,7220,7155,7218,-1,7220,7157,7155,-1,7222,7157,7220,-1,7222,7159,7157,-1,7224,7159,7222,-1,7224,7161,7159,-1,7293,7313,7314,-1,7293,7315,7313,-1,7293,7316,7315,-1,7293,7317,7316,-1,7293,7318,7317,-1,7293,7319,7318,-1,7293,7320,7319,-1,7293,7321,7320,-1,7293,7322,7321,-1,7293,7323,7322,-1,7293,7324,7323,-1,7293,7325,7324,-1,7293,7312,7325,-1,7293,7294,7312,-1,7293,7326,7327,-1,7293,7314,7326,-1,7226,7161,7224,-1,7291,7293,7327,-1,7291,7327,7328,-1,7230,7329,7161,-1,7230,7161,7226,-1,7288,7291,7328,-1,7288,7328,7330,-1,7232,7329,7230,-1,7232,7331,7329,-1,7287,7288,7330,-1,7287,7330,7332,-1,7234,7333,7331,-1,7234,7331,7232,-1,7284,7287,7332,-1,7284,7332,7334,-1,7236,7333,7234,-1,7236,7335,7333,-1,7238,7335,7236,-1,7238,7336,7335,-1,7283,7284,7334,-1,7283,7334,7337,-1,7240,7336,7238,-1,7240,7338,7336,-1,7280,7283,7337,-1,7280,7337,7339,-1,7242,7338,7240,-1,7242,7340,7338,-1,7278,7280,7339,-1,7278,7339,7341,-1,7244,7340,7242,-1,7244,7342,7340,-1,7276,7278,7341,-1,7276,7341,7343,-1,7246,7344,7342,-1,7246,7342,7244,-1,7274,7276,7343,-1,7274,7343,7345,-1,7248,7344,7246,-1,7248,7346,7344,-1,7272,7274,7345,-1,7272,7345,7347,-1,7250,7346,7248,-1,7250,7348,7346,-1,7270,7272,7347,-1,7270,7347,7349,-1,7252,7348,7250,-1,7252,7350,7348,-1,7268,7270,7349,-1,7268,7349,7351,-1,7254,7350,7252,-1,7254,7352,7350,-1,7266,7268,7351,-1,7266,7351,7353,-1,7264,7266,7353,-1,7264,7353,7354,-1,7256,7352,7254,-1,7256,7355,7352,-1,7262,7264,7354,-1,7262,7354,7356,-1,7258,7355,7256,-1,7258,7357,7355,-1,7260,7262,7356,-1,7260,7357,7258,-1,7260,7356,7357,-1,7160,7161,7358,-1,7358,7329,7359,-1,7161,7329,7358,-1,7359,7331,7360,-1,7329,7331,7359,-1,7360,7333,7361,-1,7331,7333,7360,-1,7361,7335,7362,-1,7333,7335,7361,-1,7362,7336,7363,-1,7335,7336,7362,-1,7363,7338,7364,-1,7336,7338,7363,-1,7364,7340,7365,-1,7338,7340,7364,-1,7365,7342,7366,-1,7340,7342,7365,-1,7366,7344,7367,-1,7342,7344,7366,-1,7367,7346,7368,-1,7344,7346,7367,-1,7368,7348,7369,-1,7346,7348,7368,-1,7369,7350,7370,-1,7348,7350,7369,-1,7370,7352,7371,-1,7350,7352,7370,-1,7371,7355,7372,-1,7352,7355,7371,-1,7372,7357,7373,-1,7355,7357,7372,-1,7373,7356,7374,-1,7357,7356,7373,-1,7356,7354,7374,-1,7374,7354,7375,-1,7354,7353,7375,-1,7375,7353,7376,-1,7353,7351,7376,-1,7376,7351,7377,-1,7377,7349,7378,-1,7351,7349,7377,-1,7378,7347,7379,-1,7349,7347,7378,-1,7379,7345,7380,-1,7347,7345,7379,-1,7380,7343,7381,-1,7345,7343,7380,-1,7381,7341,7382,-1,7343,7341,7381,-1,7382,7339,7383,-1,7341,7339,7382,-1,7383,7337,7384,-1,7339,7337,7383,-1,7337,7334,7384,-1,7384,7334,7385,-1,7334,7332,7385,-1,7332,7330,7385,-1,7386,7330,7387,-1,7385,7330,7386,-1,7330,7328,7387,-1,7387,7328,7388,-1,7328,7327,7388,-1,7388,7327,7389,-1,7327,7326,7389,-1,7389,7326,7390,-1,7326,7314,7390,-1,7390,7314,7391,-1,7314,7313,7391,-1,7391,7313,7392,-1,7313,7315,7392,-1,7392,7315,7393,-1,7315,7316,7393,-1,7393,7316,7394,-1,7316,7317,7394,-1,7394,7317,7395,-1,7317,7318,7395,-1,7395,7318,7396,-1,7318,7319,7396,-1,7397,7320,7398,-1,7396,7320,7397,-1,7319,7320,7396,-1,7320,7321,7398,-1,7321,7322,7398,-1,7399,7322,7400,-1,7398,7322,7399,-1,7400,7323,7401,-1,7322,7323,7400,-1,7323,7324,7401,-1,7401,7324,7402,-1,7324,7325,7402,-1,7325,7312,7402,-1,7403,7312,7404,-1,7402,7312,7403,-1,7312,7311,7404,-1,7311,7310,7404,-1,7404,7310,7405,-1,7310,7309,7405,-1,7406,7309,7407,-1,7405,7309,7406,-1,7309,7308,7407,-1,7308,7307,7407,-1,7408,7307,7409,-1,7407,7307,7408,-1,7307,7306,7409,-1,7409,7306,7410,-1,7306,7305,7410,-1,7305,7304,7410,-1,7411,7304,7412,-1,7410,7304,7411,-1,7304,7303,7412,-1,7412,7303,7413,-1,7303,7302,7413,-1,7413,7302,7414,-1,7302,7301,7414,-1,7301,7300,7414,-1,7415,7300,7416,-1,7414,7300,7415,-1,7300,7299,7416,-1,7417,7298,7418,-1,7416,7298,7417,-1,7299,7298,7416,-1,7298,7297,7418,-1,7418,7297,7419,-1,7419,7296,7034,-1,7297,7296,7419,-1,7296,7035,7034,-1,7228,7064,7066,-1,7228,7068,7163,-1,7066,7068,7228,-1,7228,7062,7064,-1,7068,7070,7163,-1,7228,7060,7062,-1,7070,7072,7163,-1,7228,7058,7060,-1,7072,7074,7163,-1,7228,7056,7058,-1,7074,7076,7163,-1,7228,7054,7056,-1,7076,7078,7163,-1,7228,7052,7054,-1,7078,7080,7163,-1,7228,7050,7052,-1,7080,7082,7163,-1,7228,7048,7050,-1,7082,7084,7163,-1,7228,7046,7048,-1,7084,7086,7163,-1,7228,7044,7046,-1,7086,7088,7163,-1,7228,7042,7044,-1,7088,7090,7163,-1,7228,7040,7042,-1,7090,7092,7163,-1,7228,7038,7040,-1,7092,7094,7163,-1,7228,7036,7038,-1,7094,7096,7163,-1,7228,7034,7036,-1,7295,7034,7228,-1,7163,7098,7164,-1,7096,7098,7163,-1,7295,7419,7034,-1,7164,7101,7166,-1,7098,7101,7164,-1,7295,7418,7419,-1,7166,7102,7168,-1,7101,7102,7166,-1,7295,7417,7418,-1,7168,7105,7170,-1,7102,7105,7168,-1,7295,7416,7417,-1,7170,7106,7173,-1,7105,7106,7170,-1,7295,7415,7416,-1,7173,7108,7175,-1,7106,7108,7173,-1,7295,7414,7415,-1,7175,7110,7177,-1,7108,7110,7175,-1,7295,7413,7414,-1,7110,7112,7177,-1,7177,7112,7179,-1,7295,7412,7413,-1,7179,7114,7181,-1,7112,7114,7179,-1,7295,7411,7412,-1,7114,7116,7181,-1,7181,7116,7183,-1,7295,7410,7411,-1,7116,7118,7183,-1,7183,7118,7185,-1,7295,7409,7410,-1,7118,7120,7185,-1,7185,7120,7187,-1,7295,7408,7409,-1,7120,7122,7187,-1,7187,7122,7189,-1,7295,7407,7408,-1,7189,7124,7191,-1,7122,7124,7189,-1,7295,7406,7407,-1,7191,7126,7193,-1,7124,7126,7191,-1,7295,7405,7406,-1,7126,7128,7193,-1,7128,7195,7193,-1,7295,7404,7405,-1,7128,7130,7195,-1,7295,7403,7404,-1,7130,7197,7195,-1,7132,7197,7130,-1,7135,7199,7132,-1,7132,7199,7197,-1,7136,7201,7135,-1,7135,7201,7199,-1,7138,7203,7136,-1,7136,7203,7201,-1,7140,7205,7138,-1,7138,7205,7203,-1,7142,7207,7140,-1,7140,7207,7205,-1,7142,7209,7207,-1,7145,7209,7142,-1,7145,7211,7209,-1,7146,7211,7145,-1,7146,7213,7211,-1,7148,7213,7146,-1,7151,7215,7148,-1,7148,7215,7213,-1,7152,7217,7151,-1,7151,7217,7215,-1,7152,7219,7217,-1,7154,7219,7152,-1,7154,7221,7219,-1,7156,7221,7154,-1,7156,7223,7221,-1,7158,7223,7156,-1,7158,7225,7223,-1,7160,7225,7158,-1,7160,7227,7225,-1,7295,7292,7403,-1,7403,7292,7402,-1,7402,7292,7401,-1,7401,7292,7400,-1,7400,7292,7399,-1,7399,7292,7398,-1,7398,7292,7397,-1,7397,7292,7396,-1,7396,7292,7395,-1,7395,7292,7394,-1,7394,7292,7393,-1,7393,7292,7392,-1,7392,7292,7391,-1,7391,7292,7390,-1,7390,7292,7389,-1,7389,7292,7388,-1,7358,7231,7160,-1,7160,7231,7227,-1,7292,7290,7388,-1,7388,7290,7387,-1,7358,7233,7231,-1,7359,7233,7358,-1,7387,7289,7386,-1,7290,7289,7387,-1,7359,7235,7233,-1,7360,7235,7359,-1,7386,7286,7385,-1,7289,7286,7386,-1,7360,7237,7235,-1,7361,7237,7360,-1,7385,7285,7384,-1,7286,7285,7385,-1,7362,7239,7361,-1,7361,7239,7237,-1,7384,7282,7383,-1,7285,7282,7384,-1,7363,7241,7362,-1,7362,7241,7239,-1,7383,7281,7382,-1,7282,7281,7383,-1,7364,7243,7363,-1,7363,7243,7241,-1,7382,7279,7381,-1,7281,7279,7382,-1,7365,7245,7364,-1,7364,7245,7243,-1,7381,7277,7380,-1,7279,7277,7381,-1,7365,7247,7245,-1,7366,7247,7365,-1,7380,7275,7379,-1,7277,7275,7380,-1,7367,7249,7366,-1,7366,7249,7247,-1,7379,7273,7378,-1,7275,7273,7379,-1,7368,7251,7367,-1,7367,7251,7249,-1,7378,7271,7377,-1,7273,7271,7378,-1,7369,7253,7368,-1,7368,7253,7251,-1,7377,7269,7376,-1,7271,7269,7377,-1,7370,7255,7369,-1,7369,7255,7253,-1,7376,7267,7375,-1,7269,7267,7376,-1,7371,7257,7370,-1,7370,7257,7255,-1,7267,7265,7375,-1,7375,7265,7374,-1,7372,7259,7371,-1,7371,7259,7257,-1,7374,7263,7373,-1,7265,7263,7374,-1,7373,7261,7372,-1,7372,7261,7259,-1,7263,7261,7373,-1,7420,7421,7422,-1,7422,7423,7424,-1,7421,7423,7422,-1,7424,7425,7426,-1,7423,7425,7424,-1,7426,7427,7428,-1,7425,7427,7426,-1,7428,7429,7430,-1,7427,7429,7428,-1,7430,7431,7432,-1,7429,7431,7430,-1,7432,7433,7434,-1,7431,7433,7432,-1,7434,7435,7436,-1,7433,7435,7434,-1,7436,7437,7438,-1,7435,7437,7436,-1,7438,7439,7440,-1,7437,7439,7438,-1,7440,7441,7442,-1,7439,7441,7440,-1,7442,7443,7444,-1,7441,7443,7442,-1,7444,7445,7446,-1,7443,7445,7444,-1,7446,7447,7448,-1,7445,7447,7446,-1,7448,7449,7450,-1,7447,7449,7448,-1,7450,7451,7452,-1,7449,7451,7450,-1,7452,7453,7454,-1,7451,7453,7452,-1,7453,7455,7454,-1,7454,7455,7456,-1,7455,7457,7456,-1,7456,7457,7458,-1,7457,7459,7458,-1,7458,7459,7460,-1,7460,7461,7462,-1,7459,7461,7460,-1,7462,7463,7464,-1,7461,7463,7462,-1,7464,7465,7466,-1,7463,7465,7464,-1,7465,7467,7466,-1,7468,7469,7470,-1,7466,7469,7468,-1,7467,7469,7466,-1,7470,7471,7472,-1,7469,7471,7470,-1,7472,7473,7474,-1,7471,7473,7472,-1,7474,7475,7476,-1,7473,7475,7474,-1,7475,7477,7476,-1,7476,7477,7478,-1,7477,7479,7478,-1,7478,7479,7480,-1,7479,7481,7480,-1,7480,7481,7482,-1,7481,7483,7482,-1,7482,7483,7484,-1,7483,7485,7484,-1,7485,7486,7484,-1,7487,7486,7488,-1,7484,7486,7487,-1,7486,7489,7488,-1,7489,7490,7488,-1,7491,7490,7492,-1,7488,7490,7491,-1,7490,7493,7492,-1,7492,7493,7494,-1,7493,7495,7494,-1,7494,7495,7496,-1,7495,7497,7496,-1,7496,7497,7498,-1,7498,7499,7500,-1,7497,7499,7498,-1,7500,7501,7502,-1,7499,7501,7500,-1,7502,7503,7504,-1,7501,7503,7502,-1,7504,7505,7506,-1,7503,7505,7504,-1,7506,7507,7508,-1,7505,7507,7506,-1,7507,7509,7508,-1,7508,7509,7510,-1,7509,7511,7510,-1,7510,7511,7512,-1,7511,7513,7512,-1,7512,7513,7514,-1,7513,7515,7514,-1,7514,7515,7516,-1,7515,7517,7516,-1,7516,7517,7518,-1,7517,7519,7518,-1,7519,7520,7518,-1,7521,7520,7522,-1,7518,7520,7521,-1,7520,7523,7522,-1,7522,7523,7524,-1,7523,7525,7524,-1,7524,7525,7526,-1,7525,7527,7526,-1,7526,7527,7528,-1,7527,7529,7528,-1,7529,7530,7528,-1,7531,7530,7532,-1,7528,7530,7531,-1,7530,7533,7532,-1,7532,7533,7534,-1,7533,7535,7534,-1,7535,7536,7534,-1,7537,7536,7538,-1,7534,7536,7537,-1,7536,7539,7538,-1,7538,7539,7540,-1,7540,7541,7542,-1,7539,7541,7540,-1,7541,7543,7542,-1,7542,7543,7544,-1,7544,7545,7546,-1,7543,7545,7544,-1,7545,7547,7546,-1,7548,7549,7550,-1,7551,7550,7552,-1,7551,7548,7550,-1,7553,7552,7554,-1,7553,7551,7552,-1,7555,7554,7556,-1,7555,7553,7554,-1,7557,7555,7556,-1,7558,7556,7559,-1,7558,7557,7556,-1,7560,7559,7561,-1,7560,7558,7559,-1,7562,7561,7563,-1,7562,7560,7561,-1,7564,7562,7563,-1,7564,7563,7565,-1,7566,7564,7565,-1,7566,7565,7567,-1,7568,7566,7567,-1,7568,7567,7569,-1,7570,7568,7569,-1,7570,7569,7571,-1,7572,7571,7573,-1,7572,7570,7571,-1,7574,7573,7575,-1,7574,7572,7573,-1,7576,7575,7577,-1,7576,7574,7575,-1,7578,7577,7579,-1,7578,7576,7577,-1,7580,7579,7581,-1,7580,7578,7579,-1,7582,7581,7583,-1,7582,7580,7581,-1,7584,7583,7585,-1,7584,7582,7583,-1,7586,7585,7587,-1,7586,7584,7585,-1,7588,7587,7589,-1,7588,7586,7587,-1,7590,7589,7591,-1,7590,7588,7589,-1,7592,7591,7593,-1,7592,7590,7591,-1,7594,7593,7595,-1,7594,7592,7593,-1,7596,7595,7597,-1,7596,7594,7595,-1,7598,7597,7599,-1,7598,7596,7597,-1,7600,7599,7601,-1,7600,7598,7599,-1,7602,7601,7603,-1,7602,7600,7601,-1,7604,7603,7605,-1,7604,7602,7603,-1,7606,7605,7607,-1,7606,7604,7605,-1,7608,7607,7609,-1,7608,7606,7607,-1,7610,7609,7611,-1,7610,7608,7609,-1,7612,7611,7613,-1,7612,7610,7611,-1,7548,7614,7549,-1,7548,7615,7614,-1,7616,7612,7613,-1,7616,7613,7617,-1,7618,7617,7619,-1,7618,7616,7617,-1,7620,7619,7621,-1,7620,7618,7619,-1,7622,7621,7623,-1,7622,7620,7621,-1,7624,7623,7625,-1,7624,7622,7623,-1,7626,7625,7627,-1,7626,7624,7625,-1,7628,7627,7629,-1,7628,7626,7627,-1,7630,7628,7629,-1,7630,7629,7631,-1,7632,7630,7631,-1,7632,7631,7633,-1,7634,7632,7633,-1,7634,7633,7635,-1,7636,7634,7635,-1,7636,7635,7637,-1,7638,7636,7637,-1,7638,7637,7639,-1,7640,7639,7641,-1,7640,7638,7639,-1,7642,7641,7643,-1,7642,7640,7641,-1,7644,7643,7645,-1,7644,7642,7643,-1,7646,7645,7647,-1,7646,7644,7645,-1,7648,7647,7649,-1,7648,7646,7647,-1,7650,7649,7651,-1,7650,7648,7649,-1,7652,7651,7653,-1,7652,7650,7651,-1,7654,7653,7655,-1,7654,7652,7653,-1,7656,7655,7657,-1,7656,7654,7655,-1,7658,7657,7659,-1,7658,7656,7657,-1,7660,7659,7661,-1,7660,7658,7659,-1,7662,7661,7663,-1,7662,7660,7661,-1,7664,7663,7665,-1,7664,7662,7663,-1,7666,7667,7668,-1,7666,7665,7667,-1,7666,7664,7665,-1,7669,7666,7668,-1,7670,7671,7672,-1,7670,7668,7671,-1,7670,7669,7668,-1,7673,7670,7672,-1,7674,7675,7676,-1,7674,7672,7675,-1,7674,7673,7672,-1,7677,7676,7678,-1,7677,7674,7676,-1,7679,7677,7678,-1,7680,7678,7681,-1,7680,7679,7678,-1,7615,7681,7614,-1,7615,7680,7681,-1,7451,7615,7453,-1,7455,7615,7548,-1,7455,7453,7615,-1,7449,7615,7451,-1,7457,7455,7548,-1,7447,7615,7449,-1,7459,7457,7548,-1,7445,7615,7447,-1,7461,7459,7548,-1,7443,7615,7445,-1,7463,7461,7548,-1,7441,7615,7443,-1,7465,7463,7548,-1,7439,7615,7441,-1,7467,7465,7548,-1,7437,7615,7439,-1,7469,7467,7548,-1,7435,7615,7437,-1,7471,7469,7548,-1,7433,7615,7435,-1,7473,7471,7548,-1,7431,7615,7433,-1,7475,7473,7548,-1,7429,7615,7431,-1,7477,7475,7548,-1,7427,7615,7429,-1,7479,7477,7548,-1,7425,7615,7427,-1,7481,7479,7548,-1,7423,7615,7425,-1,7483,7481,7548,-1,7421,7680,7615,-1,7421,7615,7423,-1,7485,7548,7551,-1,7485,7483,7548,-1,7682,7680,7421,-1,7486,7551,7553,-1,7486,7485,7551,-1,7683,7680,7682,-1,7489,7553,7555,-1,7489,7486,7553,-1,7684,7680,7683,-1,7490,7555,7557,-1,7490,7489,7555,-1,7685,7680,7684,-1,7493,7557,7558,-1,7493,7490,7557,-1,7686,7680,7685,-1,7495,7558,7560,-1,7495,7493,7558,-1,7687,7680,7686,-1,7497,7560,7562,-1,7497,7495,7560,-1,7688,7680,7687,-1,7499,7562,7564,-1,7499,7497,7562,-1,7689,7680,7688,-1,7501,7564,7566,-1,7501,7499,7564,-1,7690,7680,7689,-1,7503,7566,7568,-1,7503,7501,7566,-1,7691,7680,7690,-1,7505,7568,7570,-1,7505,7503,7568,-1,7692,7680,7691,-1,7507,7570,7572,-1,7507,7505,7570,-1,7693,7680,7692,-1,7509,7507,7572,-1,7509,7572,7574,-1,7694,7680,7693,-1,7511,7574,7576,-1,7511,7509,7574,-1,7695,7680,7694,-1,7513,7576,7578,-1,7513,7511,7576,-1,7696,7680,7695,-1,7515,7513,7578,-1,7580,7515,7578,-1,7697,7680,7696,-1,7517,7515,7580,-1,7698,7680,7697,-1,7582,7517,7580,-1,7582,7519,7517,-1,7584,7519,7582,-1,7584,7520,7519,-1,7586,7520,7584,-1,7586,7523,7520,-1,7588,7523,7586,-1,7588,7525,7523,-1,7590,7527,7525,-1,7590,7525,7588,-1,7592,7529,7527,-1,7592,7527,7590,-1,7594,7530,7529,-1,7594,7529,7592,-1,7596,7533,7530,-1,7596,7530,7594,-1,7598,7533,7596,-1,7598,7535,7533,-1,7600,7535,7598,-1,7600,7536,7535,-1,7602,7536,7600,-1,7602,7539,7536,-1,7604,7539,7602,-1,7604,7541,7539,-1,7606,7541,7604,-1,7606,7543,7541,-1,7608,7543,7606,-1,7608,7545,7543,-1,7610,7545,7608,-1,7610,7547,7545,-1,7679,7699,7700,-1,7679,7701,7699,-1,7679,7702,7701,-1,7679,7703,7702,-1,7679,7704,7703,-1,7679,7705,7704,-1,7679,7706,7705,-1,7679,7707,7706,-1,7679,7708,7707,-1,7679,7709,7708,-1,7679,7710,7709,-1,7679,7711,7710,-1,7679,7698,7711,-1,7679,7680,7698,-1,7679,7712,7713,-1,7679,7700,7712,-1,7612,7547,7610,-1,7677,7679,7713,-1,7677,7713,7714,-1,7616,7547,7612,-1,7616,7715,7547,-1,7674,7677,7714,-1,7674,7714,7716,-1,7618,7715,7616,-1,7618,7717,7715,-1,7673,7674,7716,-1,7673,7716,7718,-1,7620,7717,7618,-1,7620,7719,7717,-1,7670,7673,7718,-1,7670,7718,7720,-1,7622,7719,7620,-1,7622,7721,7719,-1,7669,7670,7720,-1,7669,7720,7722,-1,7624,7721,7622,-1,7624,7723,7721,-1,7666,7669,7722,-1,7666,7722,7724,-1,7626,7723,7624,-1,7626,7725,7723,-1,7664,7666,7724,-1,7664,7724,7726,-1,7628,7727,7725,-1,7628,7725,7626,-1,7630,7727,7628,-1,7630,7728,7727,-1,7662,7664,7726,-1,7662,7726,7729,-1,7660,7662,7729,-1,7660,7729,7730,-1,7632,7728,7630,-1,7632,7731,7728,-1,7634,7731,7632,-1,7634,7732,7731,-1,7658,7660,7730,-1,7658,7730,7733,-1,7636,7732,7634,-1,7636,7734,7732,-1,7656,7658,7733,-1,7656,7733,7735,-1,7654,7656,7735,-1,7654,7735,7736,-1,7638,7734,7636,-1,7638,7737,7734,-1,7652,7654,7736,-1,7652,7736,7738,-1,7640,7737,7638,-1,7640,7739,7737,-1,7642,7739,7640,-1,7642,7740,7739,-1,7650,7652,7738,-1,7650,7738,7741,-1,7648,7650,7741,-1,7648,7741,7742,-1,7644,7740,7642,-1,7644,7743,7740,-1,7646,7648,7742,-1,7646,7743,7644,-1,7646,7742,7743,-1,7546,7547,7744,-1,7744,7715,7745,-1,7547,7715,7744,-1,7745,7717,7746,-1,7715,7717,7745,-1,7746,7719,7747,-1,7717,7719,7746,-1,7747,7721,7748,-1,7719,7721,7747,-1,7748,7723,7749,-1,7721,7723,7748,-1,7749,7725,7750,-1,7723,7725,7749,-1,7750,7727,7751,-1,7725,7727,7750,-1,7751,7728,7752,-1,7727,7728,7751,-1,7752,7731,7753,-1,7728,7731,7752,-1,7753,7732,7754,-1,7731,7732,7753,-1,7754,7734,7755,-1,7732,7734,7754,-1,7755,7737,7756,-1,7734,7737,7755,-1,7756,7739,7757,-1,7737,7739,7756,-1,7757,7740,7758,-1,7739,7740,7757,-1,7758,7743,7759,-1,7740,7743,7758,-1,7759,7742,7760,-1,7743,7742,7759,-1,7742,7741,7760,-1,7760,7741,7761,-1,7741,7738,7761,-1,7761,7738,7762,-1,7738,7736,7762,-1,7762,7736,7763,-1,7763,7735,7764,-1,7736,7735,7763,-1,7764,7733,7765,-1,7735,7733,7764,-1,7765,7730,7766,-1,7733,7730,7765,-1,7766,7729,7767,-1,7730,7729,7766,-1,7767,7726,7768,-1,7729,7726,7767,-1,7768,7724,7769,-1,7726,7724,7768,-1,7769,7722,7770,-1,7724,7722,7769,-1,7722,7720,7770,-1,7770,7720,7771,-1,7720,7718,7771,-1,7718,7716,7771,-1,7772,7716,7773,-1,7771,7716,7772,-1,7716,7714,7773,-1,7773,7714,7774,-1,7714,7713,7774,-1,7774,7713,7775,-1,7713,7712,7775,-1,7775,7712,7776,-1,7712,7700,7776,-1,7776,7700,7777,-1,7700,7699,7777,-1,7777,7699,7778,-1,7699,7701,7778,-1,7778,7701,7779,-1,7701,7702,7779,-1,7779,7702,7780,-1,7702,7703,7780,-1,7780,7703,7781,-1,7703,7704,7781,-1,7781,7704,7782,-1,7704,7705,7782,-1,7783,7706,7784,-1,7782,7706,7783,-1,7705,7706,7782,-1,7706,7707,7784,-1,7707,7708,7784,-1,7785,7708,7786,-1,7784,7708,7785,-1,7786,7709,7787,-1,7708,7709,7786,-1,7709,7710,7787,-1,7787,7710,7788,-1,7710,7711,7788,-1,7711,7698,7788,-1,7789,7698,7790,-1,7788,7698,7789,-1,7698,7697,7790,-1,7697,7696,7790,-1,7790,7696,7791,-1,7696,7695,7791,-1,7792,7695,7793,-1,7791,7695,7792,-1,7695,7694,7793,-1,7694,7693,7793,-1,7794,7693,7795,-1,7793,7693,7794,-1,7693,7692,7795,-1,7795,7692,7796,-1,7692,7691,7796,-1,7691,7690,7796,-1,7797,7690,7798,-1,7796,7690,7797,-1,7690,7689,7798,-1,7798,7689,7799,-1,7689,7688,7799,-1,7799,7688,7800,-1,7688,7687,7800,-1,7687,7686,7800,-1,7801,7686,7802,-1,7800,7686,7801,-1,7686,7685,7802,-1,7803,7684,7804,-1,7802,7684,7803,-1,7685,7684,7802,-1,7684,7683,7804,-1,7804,7683,7805,-1,7805,7682,7420,-1,7683,7682,7805,-1,7682,7421,7420,-1,7614,7450,7452,-1,7614,7454,7549,-1,7452,7454,7614,-1,7614,7448,7450,-1,7454,7456,7549,-1,7614,7446,7448,-1,7456,7458,7549,-1,7614,7444,7446,-1,7458,7460,7549,-1,7614,7442,7444,-1,7460,7462,7549,-1,7614,7440,7442,-1,7462,7464,7549,-1,7614,7438,7440,-1,7464,7466,7549,-1,7614,7436,7438,-1,7466,7468,7549,-1,7614,7434,7436,-1,7468,7470,7549,-1,7614,7432,7434,-1,7470,7472,7549,-1,7614,7430,7432,-1,7472,7474,7549,-1,7614,7428,7430,-1,7474,7476,7549,-1,7614,7426,7428,-1,7476,7478,7549,-1,7614,7424,7426,-1,7478,7480,7549,-1,7614,7422,7424,-1,7480,7482,7549,-1,7614,7420,7422,-1,7681,7420,7614,-1,7549,7484,7550,-1,7482,7484,7549,-1,7681,7805,7420,-1,7550,7487,7552,-1,7484,7487,7550,-1,7681,7804,7805,-1,7552,7488,7554,-1,7487,7488,7552,-1,7681,7803,7804,-1,7554,7491,7556,-1,7488,7491,7554,-1,7681,7802,7803,-1,7556,7492,7559,-1,7491,7492,7556,-1,7681,7801,7802,-1,7559,7494,7561,-1,7492,7494,7559,-1,7681,7800,7801,-1,7561,7496,7563,-1,7494,7496,7561,-1,7681,7799,7800,-1,7496,7498,7563,-1,7563,7498,7565,-1,7681,7798,7799,-1,7565,7500,7567,-1,7498,7500,7565,-1,7681,7797,7798,-1,7500,7502,7567,-1,7567,7502,7569,-1,7681,7796,7797,-1,7502,7504,7569,-1,7569,7504,7571,-1,7681,7795,7796,-1,7504,7506,7571,-1,7571,7506,7573,-1,7681,7794,7795,-1,7506,7508,7573,-1,7573,7508,7575,-1,7681,7793,7794,-1,7575,7510,7577,-1,7508,7510,7575,-1,7681,7792,7793,-1,7577,7512,7579,-1,7510,7512,7577,-1,7681,7791,7792,-1,7512,7514,7579,-1,7514,7581,7579,-1,7681,7790,7791,-1,7514,7516,7581,-1,7681,7789,7790,-1,7516,7583,7581,-1,7518,7583,7516,-1,7521,7585,7518,-1,7518,7585,7583,-1,7522,7587,7521,-1,7521,7587,7585,-1,7524,7589,7522,-1,7522,7589,7587,-1,7526,7591,7524,-1,7524,7591,7589,-1,7528,7593,7526,-1,7526,7593,7591,-1,7528,7595,7593,-1,7531,7595,7528,-1,7531,7597,7595,-1,7532,7597,7531,-1,7532,7599,7597,-1,7534,7599,7532,-1,7537,7601,7534,-1,7534,7601,7599,-1,7538,7603,7537,-1,7537,7603,7601,-1,7538,7605,7603,-1,7540,7605,7538,-1,7540,7607,7605,-1,7542,7607,7540,-1,7542,7609,7607,-1,7544,7609,7542,-1,7544,7611,7609,-1,7546,7611,7544,-1,7546,7613,7611,-1,7681,7678,7789,-1,7789,7678,7788,-1,7788,7678,7787,-1,7787,7678,7786,-1,7786,7678,7785,-1,7785,7678,7784,-1,7784,7678,7783,-1,7783,7678,7782,-1,7782,7678,7781,-1,7781,7678,7780,-1,7780,7678,7779,-1,7779,7678,7778,-1,7778,7678,7777,-1,7777,7678,7776,-1,7776,7678,7775,-1,7775,7678,7774,-1,7744,7617,7546,-1,7546,7617,7613,-1,7678,7676,7774,-1,7774,7676,7773,-1,7744,7619,7617,-1,7745,7619,7744,-1,7773,7675,7772,-1,7676,7675,7773,-1,7745,7621,7619,-1,7746,7621,7745,-1,7772,7672,7771,-1,7675,7672,7772,-1,7746,7623,7621,-1,7747,7623,7746,-1,7771,7671,7770,-1,7672,7671,7771,-1,7748,7625,7747,-1,7747,7625,7623,-1,7770,7668,7769,-1,7671,7668,7770,-1,7749,7627,7748,-1,7748,7627,7625,-1,7769,7667,7768,-1,7668,7667,7769,-1,7750,7629,7749,-1,7749,7629,7627,-1,7768,7665,7767,-1,7667,7665,7768,-1,7751,7631,7750,-1,7750,7631,7629,-1,7767,7663,7766,-1,7665,7663,7767,-1,7751,7633,7631,-1,7752,7633,7751,-1,7766,7661,7765,-1,7663,7661,7766,-1,7753,7635,7752,-1,7752,7635,7633,-1,7765,7659,7764,-1,7661,7659,7765,-1,7754,7637,7753,-1,7753,7637,7635,-1,7764,7657,7763,-1,7659,7657,7764,-1,7755,7639,7754,-1,7754,7639,7637,-1,7763,7655,7762,-1,7657,7655,7763,-1,7756,7641,7755,-1,7755,7641,7639,-1,7762,7653,7761,-1,7655,7653,7762,-1,7757,7643,7756,-1,7756,7643,7641,-1,7653,7651,7761,-1,7761,7651,7760,-1,7758,7645,7757,-1,7757,7645,7643,-1,7760,7649,7759,-1,7651,7649,7760,-1,7759,7647,7758,-1,7758,7647,7645,-1,7649,7647,7759,-1,7806,7807,7808,-1,7808,7809,7810,-1,7807,7809,7808,-1,7810,7811,7812,-1,7809,7811,7810,-1,7812,7813,7814,-1,7811,7813,7812,-1,7814,7815,7816,-1,7813,7815,7814,-1,7816,7817,7818,-1,7815,7817,7816,-1,7818,7819,7820,-1,7817,7819,7818,-1,7820,7821,7822,-1,7819,7821,7820,-1,7822,7823,7824,-1,7821,7823,7822,-1,7824,7825,7826,-1,7823,7825,7824,-1,7826,7827,7828,-1,7825,7827,7826,-1,7828,7829,7830,-1,7827,7829,7828,-1,7830,7831,7832,-1,7829,7831,7830,-1,7832,7833,7834,-1,7831,7833,7832,-1,7834,7835,7836,-1,7833,7835,7834,-1,7836,7837,7838,-1,7835,7837,7836,-1,7838,7839,7840,-1,7837,7839,7838,-1,7839,7841,7840,-1,7840,7841,7842,-1,7841,7843,7842,-1,7842,7843,7844,-1,7843,7845,7844,-1,7844,7845,7846,-1,7846,7847,7848,-1,7845,7847,7846,-1,7848,7849,7850,-1,7847,7849,7848,-1,7850,7851,7852,-1,7849,7851,7850,-1,7851,7853,7852,-1,7854,7855,7856,-1,7852,7855,7854,-1,7853,7855,7852,-1,7856,7857,7858,-1,7855,7857,7856,-1,7858,7859,7860,-1,7857,7859,7858,-1,7860,7861,7862,-1,7859,7861,7860,-1,7861,7863,7862,-1,7862,7863,7864,-1,7863,7865,7864,-1,7864,7865,7866,-1,7865,7867,7866,-1,7866,7867,7868,-1,7867,7869,7868,-1,7868,7869,7870,-1,7869,7871,7870,-1,7871,7872,7870,-1,7873,7872,7874,-1,7870,7872,7873,-1,7872,7875,7874,-1,7875,7876,7874,-1,7877,7876,7878,-1,7874,7876,7877,-1,7876,7879,7878,-1,7878,7879,7880,-1,7879,7881,7880,-1,7880,7881,7882,-1,7881,7883,7882,-1,7882,7883,7884,-1,7884,7885,7886,-1,7883,7885,7884,-1,7886,7887,7888,-1,7885,7887,7886,-1,7888,7889,7890,-1,7887,7889,7888,-1,7890,7891,7892,-1,7889,7891,7890,-1,7892,7893,7894,-1,7891,7893,7892,-1,7893,7895,7894,-1,7894,7895,7896,-1,7895,7897,7896,-1,7896,7897,7898,-1,7897,7899,7898,-1,7898,7899,7900,-1,7899,7901,7900,-1,7900,7901,7902,-1,7901,7903,7902,-1,7902,7903,7904,-1,7903,7905,7904,-1,7905,7906,7904,-1,7907,7906,7908,-1,7904,7906,7907,-1,7906,7909,7908,-1,7908,7909,7910,-1,7909,7911,7910,-1,7910,7911,7912,-1,7911,7913,7912,-1,7912,7913,7914,-1,7913,7915,7914,-1,7915,7916,7914,-1,7917,7916,7918,-1,7914,7916,7917,-1,7916,7919,7918,-1,7918,7919,7920,-1,7919,7921,7920,-1,7921,7922,7920,-1,7923,7922,7924,-1,7920,7922,7923,-1,7922,7925,7924,-1,7924,7925,7926,-1,7926,7927,7928,-1,7925,7927,7926,-1,7927,7929,7928,-1,7928,7929,7930,-1,7930,7931,7932,-1,7929,7931,7930,-1,7931,7933,7932,-1,7934,7935,7936,-1,7937,7936,7938,-1,7937,7934,7936,-1,7939,7938,7940,-1,7939,7937,7938,-1,7941,7940,7942,-1,7941,7939,7940,-1,7943,7941,7942,-1,7944,7942,7945,-1,7944,7943,7942,-1,7946,7945,7947,-1,7946,7944,7945,-1,7948,7947,7949,-1,7948,7946,7947,-1,7950,7948,7949,-1,7950,7949,7951,-1,7952,7950,7951,-1,7952,7951,7953,-1,7954,7952,7953,-1,7954,7953,7955,-1,7956,7954,7955,-1,7956,7955,7957,-1,7958,7957,7959,-1,7958,7956,7957,-1,7960,7959,7961,-1,7960,7958,7959,-1,7962,7961,7963,-1,7962,7960,7961,-1,7964,7963,7965,-1,7964,7962,7963,-1,7966,7965,7967,-1,7966,7964,7965,-1,7968,7967,7969,-1,7968,7966,7967,-1,7970,7969,7971,-1,7970,7968,7969,-1,7972,7971,7973,-1,7972,7970,7971,-1,7974,7973,7975,-1,7974,7972,7973,-1,7976,7975,7977,-1,7976,7974,7975,-1,7978,7977,7979,-1,7978,7976,7977,-1,7980,7979,7981,-1,7980,7978,7979,-1,7982,7981,7983,-1,7982,7980,7981,-1,7984,7983,7985,-1,7984,7982,7983,-1,7986,7985,7987,-1,7986,7984,7985,-1,7988,7987,7989,-1,7988,7986,7987,-1,7990,7989,7991,-1,7990,7988,7989,-1,7992,7991,7993,-1,7992,7990,7991,-1,7994,7993,7995,-1,7994,7992,7993,-1,7996,7995,7997,-1,7996,7994,7995,-1,7998,7997,7999,-1,7998,7996,7997,-1,7934,8000,7935,-1,7934,8001,8000,-1,8002,7998,7999,-1,8002,7999,8003,-1,8004,8003,8005,-1,8004,8002,8003,-1,8006,8005,8007,-1,8006,8004,8005,-1,8008,8007,8009,-1,8008,8006,8007,-1,8010,8009,8011,-1,8010,8008,8009,-1,8012,8011,8013,-1,8012,8010,8011,-1,8014,8013,8015,-1,8014,8012,8013,-1,8016,8014,8015,-1,8016,8015,8017,-1,8018,8016,8017,-1,8018,8017,8019,-1,8020,8018,8019,-1,8020,8019,8021,-1,8022,8020,8021,-1,8022,8021,8023,-1,8024,8022,8023,-1,8024,8023,8025,-1,8026,8025,8027,-1,8026,8024,8025,-1,8028,8027,8029,-1,8028,8026,8027,-1,8030,8029,8031,-1,8030,8028,8029,-1,8032,8031,8033,-1,8032,8030,8031,-1,8034,8033,8035,-1,8034,8032,8033,-1,8036,8035,8037,-1,8036,8034,8035,-1,8038,8037,8039,-1,8038,8036,8037,-1,8040,8039,8041,-1,8040,8038,8039,-1,8042,8041,8043,-1,8042,8040,8041,-1,8044,8043,8045,-1,8044,8042,8043,-1,8046,8045,8047,-1,8046,8044,8045,-1,8048,8047,8049,-1,8048,8046,8047,-1,8050,8049,8051,-1,8050,8048,8049,-1,8052,8053,8054,-1,8052,8051,8053,-1,8052,8050,8051,-1,8055,8052,8054,-1,8056,8057,8058,-1,8056,8054,8057,-1,8056,8055,8054,-1,8059,8056,8058,-1,8060,8061,8062,-1,8060,8058,8061,-1,8060,8059,8058,-1,8063,8062,8064,-1,8063,8060,8062,-1,8065,8063,8064,-1,8066,8064,8067,-1,8066,8065,8064,-1,8001,8067,8000,-1,8001,8066,8067,-1,7837,8001,7839,-1,7841,8001,7934,-1,7841,7839,8001,-1,7835,8001,7837,-1,7843,7841,7934,-1,7833,8001,7835,-1,7845,7843,7934,-1,7831,8001,7833,-1,7847,7845,7934,-1,7829,8001,7831,-1,7849,7847,7934,-1,7827,8001,7829,-1,7851,7849,7934,-1,7825,8001,7827,-1,7853,7851,7934,-1,7823,8001,7825,-1,7855,7853,7934,-1,7821,8001,7823,-1,7857,7855,7934,-1,7819,8001,7821,-1,7859,7857,7934,-1,7817,8001,7819,-1,7861,7859,7934,-1,7815,8001,7817,-1,7863,7861,7934,-1,7813,8001,7815,-1,7865,7863,7934,-1,7811,8001,7813,-1,7867,7865,7934,-1,7809,8001,7811,-1,7869,7867,7934,-1,7807,8066,8001,-1,7807,8001,7809,-1,7871,7934,7937,-1,7871,7869,7934,-1,8068,8066,7807,-1,7872,7937,7939,-1,7872,7871,7937,-1,8069,8066,8068,-1,7875,7939,7941,-1,7875,7872,7939,-1,8070,8066,8069,-1,7876,7941,7943,-1,7876,7875,7941,-1,8071,8066,8070,-1,7879,7943,7944,-1,7879,7876,7943,-1,8072,8066,8071,-1,7881,7944,7946,-1,7881,7879,7944,-1,8073,8066,8072,-1,7883,7946,7948,-1,7883,7881,7946,-1,8074,8066,8073,-1,7885,7948,7950,-1,7885,7883,7948,-1,8075,8066,8074,-1,7887,7885,7950,-1,7887,7950,7952,-1,8076,8066,8075,-1,7889,7952,7954,-1,7889,7887,7952,-1,8077,8066,8076,-1,7891,7954,7956,-1,7891,7889,7954,-1,8078,8066,8077,-1,7893,7956,7958,-1,7893,7891,7956,-1,8079,8066,8078,-1,7895,7958,7960,-1,7895,7893,7958,-1,8080,8066,8079,-1,7897,7960,7962,-1,7897,7895,7960,-1,8081,8066,8080,-1,7899,7962,7964,-1,7899,7897,7962,-1,8082,8066,8081,-1,7901,7899,7964,-1,7966,7901,7964,-1,8083,8066,8082,-1,7903,7901,7966,-1,8084,8066,8083,-1,7968,7903,7966,-1,7968,7905,7903,-1,7970,7905,7968,-1,7970,7906,7905,-1,7972,7906,7970,-1,7972,7909,7906,-1,7974,7909,7972,-1,7974,7911,7909,-1,7976,7913,7911,-1,7976,7911,7974,-1,7978,7915,7913,-1,7978,7913,7976,-1,7980,7916,7915,-1,7980,7915,7978,-1,7982,7919,7916,-1,7982,7916,7980,-1,7984,7919,7982,-1,7984,7921,7919,-1,7986,7921,7984,-1,7986,7922,7921,-1,7988,7922,7986,-1,7988,7925,7922,-1,7990,7925,7988,-1,7990,7927,7925,-1,7992,7927,7990,-1,7992,7929,7927,-1,7994,7929,7992,-1,7994,7931,7929,-1,7996,7931,7994,-1,7996,7933,7931,-1,8065,8085,8086,-1,8065,8087,8085,-1,8065,8088,8087,-1,8065,8089,8088,-1,8065,8090,8089,-1,8065,8091,8090,-1,8065,8092,8091,-1,8065,8093,8092,-1,8065,8094,8093,-1,8065,8095,8094,-1,8065,8096,8095,-1,8065,8097,8096,-1,8065,8084,8097,-1,8065,8066,8084,-1,8065,8098,8099,-1,8065,8086,8098,-1,7998,7933,7996,-1,8063,8065,8099,-1,8063,8099,8100,-1,8002,7933,7998,-1,8002,8101,7933,-1,8060,8063,8100,-1,8060,8100,8102,-1,8004,8101,8002,-1,8004,8103,8101,-1,8059,8060,8102,-1,8059,8102,8104,-1,8006,8105,8103,-1,8006,8103,8004,-1,8056,8059,8104,-1,8056,8104,8106,-1,8008,8105,8006,-1,8008,8107,8105,-1,8055,8056,8106,-1,8055,8106,8108,-1,8010,8107,8008,-1,8010,8109,8107,-1,8012,8109,8010,-1,8012,8110,8109,-1,8052,8055,8108,-1,8052,8108,8111,-1,8050,8052,8111,-1,8050,8111,8112,-1,8014,8110,8012,-1,8014,8113,8110,-1,8016,8113,8014,-1,8016,8114,8113,-1,8048,8050,8112,-1,8048,8112,8115,-1,8018,8114,8016,-1,8018,8116,8114,-1,8046,8048,8115,-1,8046,8115,8117,-1,8044,8046,8117,-1,8044,8117,8118,-1,8020,8119,8116,-1,8020,8116,8018,-1,8022,8119,8020,-1,8022,8120,8119,-1,8042,8044,8118,-1,8042,8118,8121,-1,8024,8120,8022,-1,8024,8122,8120,-1,8040,8042,8121,-1,8040,8121,8123,-1,8026,8122,8024,-1,8026,8124,8122,-1,8038,8040,8123,-1,8038,8123,8125,-1,8028,8124,8026,-1,8028,8126,8124,-1,8036,8038,8125,-1,8036,8125,8127,-1,8034,8036,8127,-1,8034,8127,8128,-1,8030,8126,8028,-1,8030,8129,8126,-1,8032,8034,8128,-1,8032,8129,8030,-1,8032,8128,8129,-1,7932,7933,8130,-1,8130,8101,8131,-1,7933,8101,8130,-1,8131,8103,8132,-1,8101,8103,8131,-1,8132,8105,8133,-1,8103,8105,8132,-1,8133,8107,8134,-1,8105,8107,8133,-1,8134,8109,8135,-1,8107,8109,8134,-1,8135,8110,8136,-1,8109,8110,8135,-1,8136,8113,8137,-1,8110,8113,8136,-1,8137,8114,8138,-1,8113,8114,8137,-1,8138,8116,8139,-1,8114,8116,8138,-1,8139,8119,8140,-1,8116,8119,8139,-1,8140,8120,8141,-1,8119,8120,8140,-1,8141,8122,8142,-1,8120,8122,8141,-1,8142,8124,8143,-1,8122,8124,8142,-1,8143,8126,8144,-1,8124,8126,8143,-1,8144,8129,8145,-1,8126,8129,8144,-1,8145,8128,8146,-1,8129,8128,8145,-1,8128,8127,8146,-1,8146,8127,8147,-1,8127,8125,8147,-1,8147,8125,8148,-1,8125,8123,8148,-1,8148,8123,8149,-1,8149,8121,8150,-1,8123,8121,8149,-1,8150,8118,8151,-1,8121,8118,8150,-1,8151,8117,8152,-1,8118,8117,8151,-1,8152,8115,8153,-1,8117,8115,8152,-1,8153,8112,8154,-1,8115,8112,8153,-1,8154,8111,8155,-1,8112,8111,8154,-1,8155,8108,8156,-1,8111,8108,8155,-1,8108,8106,8156,-1,8156,8106,8157,-1,8106,8104,8157,-1,8104,8102,8157,-1,8158,8102,8159,-1,8157,8102,8158,-1,8102,8100,8159,-1,8159,8100,8160,-1,8100,8099,8160,-1,8160,8099,8161,-1,8099,8098,8161,-1,8161,8098,8162,-1,8098,8086,8162,-1,8162,8086,8163,-1,8086,8085,8163,-1,8163,8085,8164,-1,8085,8087,8164,-1,8164,8087,8165,-1,8087,8088,8165,-1,8165,8088,8166,-1,8088,8089,8166,-1,8166,8089,8167,-1,8089,8090,8167,-1,8167,8090,8168,-1,8090,8091,8168,-1,8169,8092,8170,-1,8168,8092,8169,-1,8091,8092,8168,-1,8092,8093,8170,-1,8093,8094,8170,-1,8171,8094,8172,-1,8170,8094,8171,-1,8172,8095,8173,-1,8094,8095,8172,-1,8095,8096,8173,-1,8173,8096,8174,-1,8096,8097,8174,-1,8097,8084,8174,-1,8175,8084,8176,-1,8174,8084,8175,-1,8084,8083,8176,-1,8083,8082,8176,-1,8176,8082,8177,-1,8082,8081,8177,-1,8178,8081,8179,-1,8177,8081,8178,-1,8081,8080,8179,-1,8080,8079,8179,-1,8180,8079,8181,-1,8179,8079,8180,-1,8079,8078,8181,-1,8181,8078,8182,-1,8078,8077,8182,-1,8077,8076,8182,-1,8183,8076,8184,-1,8182,8076,8183,-1,8076,8075,8184,-1,8184,8075,8185,-1,8075,8074,8185,-1,8185,8074,8186,-1,8074,8073,8186,-1,8073,8072,8186,-1,8187,8072,8188,-1,8186,8072,8187,-1,8072,8071,8188,-1,8189,8070,8190,-1,8188,8070,8189,-1,8071,8070,8188,-1,8070,8069,8190,-1,8190,8069,8191,-1,8191,8068,7806,-1,8069,8068,8191,-1,8068,7807,7806,-1,8000,7836,7838,-1,8000,7840,7935,-1,7838,7840,8000,-1,8000,7834,7836,-1,7840,7842,7935,-1,8000,7832,7834,-1,7842,7844,7935,-1,8000,7830,7832,-1,7844,7846,7935,-1,8000,7828,7830,-1,7846,7848,7935,-1,8000,7826,7828,-1,7848,7850,7935,-1,8000,7824,7826,-1,7850,7852,7935,-1,8000,7822,7824,-1,7852,7854,7935,-1,8000,7820,7822,-1,7854,7856,7935,-1,8000,7818,7820,-1,7856,7858,7935,-1,8000,7816,7818,-1,7858,7860,7935,-1,8000,7814,7816,-1,7860,7862,7935,-1,8000,7812,7814,-1,7862,7864,7935,-1,8000,7810,7812,-1,7864,7866,7935,-1,8000,7808,7810,-1,7866,7868,7935,-1,8000,7806,7808,-1,8067,7806,8000,-1,7935,7870,7936,-1,7868,7870,7935,-1,8067,8191,7806,-1,7936,7873,7938,-1,7870,7873,7936,-1,8067,8190,8191,-1,7938,7874,7940,-1,7873,7874,7938,-1,8067,8189,8190,-1,7940,7877,7942,-1,7874,7877,7940,-1,8067,8188,8189,-1,7942,7878,7945,-1,7877,7878,7942,-1,8067,8187,8188,-1,7945,7880,7947,-1,7878,7880,7945,-1,8067,8186,8187,-1,7947,7882,7949,-1,7880,7882,7947,-1,8067,8185,8186,-1,7882,7884,7949,-1,7949,7884,7951,-1,8067,8184,8185,-1,7951,7886,7953,-1,7884,7886,7951,-1,8067,8183,8184,-1,7886,7888,7953,-1,7953,7888,7955,-1,8067,8182,8183,-1,7888,7890,7955,-1,7955,7890,7957,-1,8067,8181,8182,-1,7890,7892,7957,-1,7957,7892,7959,-1,8067,8180,8181,-1,7892,7894,7959,-1,7959,7894,7961,-1,8067,8179,8180,-1,7961,7896,7963,-1,7894,7896,7961,-1,8067,8178,8179,-1,7963,7898,7965,-1,7896,7898,7963,-1,8067,8177,8178,-1,7898,7900,7965,-1,7900,7967,7965,-1,8067,8176,8177,-1,7900,7902,7967,-1,8067,8175,8176,-1,7902,7969,7967,-1,7904,7969,7902,-1,7907,7971,7904,-1,7904,7971,7969,-1,7908,7973,7907,-1,7907,7973,7971,-1,7910,7975,7908,-1,7908,7975,7973,-1,7912,7977,7910,-1,7910,7977,7975,-1,7914,7979,7912,-1,7912,7979,7977,-1,7914,7981,7979,-1,7917,7981,7914,-1,7917,7983,7981,-1,7918,7983,7917,-1,7918,7985,7983,-1,7920,7985,7918,-1,7923,7987,7920,-1,7920,7987,7985,-1,7924,7989,7923,-1,7923,7989,7987,-1,7924,7991,7989,-1,7926,7991,7924,-1,7926,7993,7991,-1,7928,7993,7926,-1,7928,7995,7993,-1,7930,7995,7928,-1,7930,7997,7995,-1,7932,7997,7930,-1,7932,7999,7997,-1,8067,8064,8175,-1,8175,8064,8174,-1,8174,8064,8173,-1,8173,8064,8172,-1,8172,8064,8171,-1,8171,8064,8170,-1,8170,8064,8169,-1,8169,8064,8168,-1,8168,8064,8167,-1,8167,8064,8166,-1,8166,8064,8165,-1,8165,8064,8164,-1,8164,8064,8163,-1,8163,8064,8162,-1,8162,8064,8161,-1,8161,8064,8160,-1,8130,8003,7932,-1,7932,8003,7999,-1,8064,8062,8160,-1,8160,8062,8159,-1,8130,8005,8003,-1,8131,8005,8130,-1,8159,8061,8158,-1,8062,8061,8159,-1,8131,8007,8005,-1,8132,8007,8131,-1,8158,8058,8157,-1,8061,8058,8158,-1,8132,8009,8007,-1,8133,8009,8132,-1,8157,8057,8156,-1,8058,8057,8157,-1,8134,8011,8133,-1,8133,8011,8009,-1,8156,8054,8155,-1,8057,8054,8156,-1,8135,8013,8134,-1,8134,8013,8011,-1,8155,8053,8154,-1,8054,8053,8155,-1,8136,8015,8135,-1,8135,8015,8013,-1,8154,8051,8153,-1,8053,8051,8154,-1,8137,8017,8136,-1,8136,8017,8015,-1,8153,8049,8152,-1,8051,8049,8153,-1,8137,8019,8017,-1,8138,8019,8137,-1,8152,8047,8151,-1,8049,8047,8152,-1,8139,8021,8138,-1,8138,8021,8019,-1,8151,8045,8150,-1,8047,8045,8151,-1,8140,8023,8139,-1,8139,8023,8021,-1,8150,8043,8149,-1,8045,8043,8150,-1,8141,8025,8140,-1,8140,8025,8023,-1,8149,8041,8148,-1,8043,8041,8149,-1,8142,8027,8141,-1,8141,8027,8025,-1,8148,8039,8147,-1,8041,8039,8148,-1,8143,8029,8142,-1,8142,8029,8027,-1,8039,8037,8147,-1,8147,8037,8146,-1,8144,8031,8143,-1,8143,8031,8029,-1,8146,8035,8145,-1,8037,8035,8146,-1,8145,8033,8144,-1,8144,8033,8031,-1,8035,8033,8145            ]
            ccw TRUE
          }
        }
        Shape {
          appearance DEF M0 Appearance {
            material Material {
              diffuseColor 0 0.50196 0
              specularColor 0.05 0.05 0.05
              shininess 0.5
            }
          }
          geometry IndexedFaceSet {
            coord Coordinate {
              point [
-39.17889786 -17.35237694 -1.60000002,-40 -18 -1.60000002,-39.26776886 -17.26776695 -1.60000002,-39.35237885 -17.17889786 -1.60000002,-39.43252563 -17.08598328 -1.60000002,-39.08598328 -17.43252563 -1.60000002,-38.98924637 -17.50801849 -1.60000002,-39.50801849 -16.98924828 -1.60000002,-39.57867432 -16.88892555 -1.60000002,-38.88892746 -17.57867432 -1.60000002,-39.64432144 -16.78525734 -1.60000002,-38.78525543 -17.64432144 -1.60000002,-39.70480347 -16.67849159 -1.60000002,-38.6784935 -17.70480347 -1.60000002,-39.75997162 -16.56888771 -1.60000002,-38.56888962 -17.75997353 -1.60000002,-39.80970001 -16.45670891 -1.60000002,-38.456707 -17.8096981 -1.60000002,-39.85385895 -16.34222412 -1.60000002,-38.34222412 -17.85386086 -1.60000002,-39.89234924 -16.22571182 -1.60000002,-38.22571182 -17.89235115 -1.60000002,-39.92507935 -16.10745049 -1.60000002,-38.10744858 -17.92507744 -1.60000002,-39.95196152 -15.98772621 -1.60000002,-39.97294235 -15.86682606 -1.60000002,-39.98796082 -15.7450428 -1.60000002,-37.5 -18 -1.60000002,-37.62266922 -17.9969883 -1.60000002,-37.74504471 -17.98796272 -1.60000002,-37.8668251 -17.97294044 -1.60000002,-37.9877243 -17.95196342 -1.60000002,-40 -15.5 -1.60000002,-39.9969902 -15.62266922 -1.60000002,-40 -18 -0,-39.17889786 -17.35237694 -0,-39.26776886 -17.26776695 -0,-39.35237885 -17.17889786 -0,-39.08598328 -17.43252563 -0,-39.43252563 -17.08598328 -0,-39.50801849 -16.98924828 -0,-38.98924637 -17.50801849 -0,-39.57867432 -16.88892555 -0,-38.88892746 -17.57867432 -0,-39.64432144 -16.78525734 -0,-38.78525543 -17.64432144 -0,-39.70480347 -16.67849159 -0,-38.6784935 -17.70480347 -0,-39.75997162 -16.56888771 -0,-38.56888962 -17.75997353 -0,-39.80970001 -16.45670891 -0,-38.456707 -17.8096981 -0,-39.85385895 -16.34222412 -0,-38.34222412 -17.85386086 -0,-39.89234924 -16.22571182 -0,-38.22571182 -17.89235115 -0,-39.92507935 -16.10745049 -0,-38.10744858 -17.92507744 -0,-39.95196152 -15.98772621 -0,-39.97294235 -15.86682606 -0,-39.98796082 -15.7450428 -0,-40 -15.5 -0,-39.9969902 -15.62266922 -0,-37.5 -18 -0,-37.62266922 -17.9969883 -0,-37.74504471 -17.98796272 -0,-37.8668251 -17.97294044 -0,-37.9877243 -17.95196342 -0,40 18 -1.60000002,38.10744858 17.92507744 -1.60000002,37.9877243 17.95196342 -1.60000002,38.22571182 17.89235115 -1.60000002,38.34222412 17.85386086 -1.60000002,38.456707 17.8096981 -1.60000002,38.56888962 17.75997353 -1.60000002,38.6784935 17.70480347 -1.60000002,38.78525543 17.64432144 -1.60000002,38.88892746 17.57867432 -1.60000002,38.98924637 17.50801849 -1.60000002,39.08598328 17.43252563 -1.60000002,39.17889786 17.35237694 -1.60000002,39.26776886 17.26776695 -1.60000002,39.35237885 17.17889786 -1.60000002,39.43252563 17.08598328 -1.60000002,39.50801849 16.98924828 -1.60000002,39.57867432 16.88892555 -1.60000002,39.64432144 16.78525734 -1.60000002,39.70480347 16.67849159 -1.60000002,39.75997162 16.56888771 -1.60000002,39.80970001 16.45670891 -1.60000002,37.5 18 -1.60000002,37.62266922 17.9969883 -1.60000002,37.74504471 17.98796272 -1.60000002,37.8668251 17.97294044 -1.60000002,40 15.5 -1.60000002,39.9969902 15.62266922 -1.60000002,39.98796082 15.7450428 -1.60000002,39.97294235 15.86682606 -1.60000002,39.95196152 15.98772621 -1.60000002,39.92507935 16.10745049 -1.60000002,39.89234924 16.22571182 -1.60000002,39.85385895 16.34222412 -1.60000002,38.10744858 17.92507744 0,40 18 0,37.9877243 17.95196342 0,38.22571182 17.89235115 0,38.34222412 17.85386086 0,38.456707 17.8096981 0,38.56888962 17.75997353 0,38.6784935 17.70480347 0,38.78525543 17.64432144 0,38.88892746 17.57867432 0,38.98924637 17.50801849 0,39.08598328 17.43252563 0,39.17889786 17.35237694 0,39.26776886 17.26776695 0,39.35237885 17.17889786 0,39.43252563 17.08598328 0,39.50801849 16.98924828 0,39.57867432 16.88892555 0,39.64432144 16.78525734 0,39.70480347 16.67849159 0,39.75997162 16.56888771 0,39.80970001 16.45670891 0,40 15.5 0,39.9969902 15.62266922 0,39.98796082 15.7450428 0,39.97294235 15.86682606 0,39.95196152 15.98772621 0,39.92507935 16.10745049 0,39.89234924 16.22571182 0,39.85385895 16.34222412 0,37.5 18 0,37.62266922 17.9969883 0,37.74504471 17.98796272 0,37.8668251 17.97294044 0,-40 18 -1.60000002,-40 15.5 -1.60000002,-40 18 0,-40 15.5 0,-37.5 18 -1.60000002,-37.5 18 0,-39.97294235 15.86682606 -1.60000002,-39.98796082 15.7450428 -1.60000002,-39.95196152 15.98772621 -1.60000002,-39.92507935 16.10745049 -1.60000002,-39.89234924 16.22571182 -1.60000002,-39.85385895 16.34222412 -1.60000002,-39.80970001 16.45670891 -1.60000002,-39.75997162 16.56888771 -1.60000002,-39.70480347 16.67849159 -1.60000002,-39.64432144 16.78525734 -1.60000002,-39.57867432 16.88892555 -1.60000002,-39.50801849 16.98924828 -1.60000002,-39.43252563 17.08598328 -1.60000002,-39.35237885 17.17889786 -1.60000002,-39.26776886 17.26776695 -1.60000002,-39.17889786 17.35237694 -1.60000002,-39.08598328 17.43252563 -1.60000002,-38.98924637 17.50801849 -1.60000002,-38.88892746 17.57867432 -1.60000002,-38.78525543 17.64432144 -1.60000002,-38.6784935 17.70480347 -1.60000002,-38.56888962 17.75997353 -1.60000002,-38.456707 17.8096981 -1.60000002,-38.34222412 17.85386086 -1.60000002,-38.22571182 17.89235115 -1.60000002,-38.10744858 17.92507744 -1.60000002,-39.9969902 15.62266922 -1.60000002,-37.62266922 17.9969883 -1.60000002,-37.74504471 17.98796272 -1.60000002,-37.8668251 17.97294044 -1.60000002,-37.9877243 17.95196342 -1.60000002,-39.97294235 15.86682606 0,-39.98796082 15.7450428 0,-39.95196152 15.98772621 0,-39.92507935 16.10745049 0,-39.89234924 16.22571182 0,-39.85385895 16.34222412 0,-39.80970001 16.45670891 0,-39.75997162 16.56888771 0,-39.70480347 16.67849159 0,-39.64432144 16.78525734 0,-39.57867432 16.88892555 0,-39.50801849 16.98924828 0,-39.43252563 17.08598328 0,-39.35237885 17.17889786 0,-39.26776886 17.26776695 0,-39.17889786 17.35237694 0,-39.08598328 17.43252563 0,-38.98924637 17.50801849 0,-38.88892746 17.57867432 0,-38.78525543 17.64432144 0,-38.6784935 17.70480347 0,-38.56888962 17.75997353 0,-38.456707 17.8096981 0,-38.34222412 17.85386086 0,-38.22571182 17.89235115 0,-38.10744858 17.92507744 0,-37.62266922 17.9969883 0,-37.74504471 17.98796272 0,-37.8668251 17.97294044 0,-37.9877243 17.95196342 0,-39.9969902 15.62266922 0,40 -18 -1.60000002,39.08598328 -17.43252563 -1.60000002,39.17889786 -17.35237694 -1.60000002,38.98924637 -17.50801849 -1.60000002,38.88892746 -17.57867432 -1.60000002,38.78525543 -17.64432144 -1.60000002,38.6784935 -17.70480347 -1.60000002,38.56888962 -17.75997353 -1.60000002,38.456707 -17.8096981 -1.60000002,38.34222412 -17.85386086 -1.60000002,38.22571182 -17.89235115 -1.60000002,38.10744858 -17.92507744 -1.60000002,37.9877243 -17.95196342 -1.60000002,39.26776886 -17.26776695 -1.60000002,39.35237885 -17.17889786 -1.60000002,39.43252563 -17.08598328 -1.60000002,39.50801849 -16.98924828 -1.60000002,39.57867432 -16.88892555 -1.60000002,39.64432144 -16.78525734 -1.60000002,39.70480347 -16.67849159 -1.60000002,39.75997162 -16.56888771 -1.60000002,39.80970001 -16.45670891 -1.60000002,40 -15.5 -1.60000002,39.9969902 -15.62266922 -1.60000002,39.98796082 -15.7450428 -1.60000002,39.97294235 -15.86682606 -1.60000002,39.95196152 -15.98772621 -1.60000002,39.92507935 -16.10745049 -1.60000002,39.89234924 -16.22571182 -1.60000002,39.85385895 -16.34222412 -1.60000002,37.5 -18 -1.60000002,37.62266922 -17.9969883 -1.60000002,37.74504471 -17.98796272 -1.60000002,37.8668251 -17.97294044 -1.60000002,39.17889786 -17.35237694 -0,40 -18 -0,39.26776886 -17.26776695 -0,39.08598328 -17.43252563 -0,38.98924637 -17.50801849 -0,38.88892746 -17.57867432 -0,38.78525543 -17.64432144 -0,38.6784935 -17.70480347 -0,38.56888962 -17.75997353 -0,38.456707 -17.8096981 -0,38.34222412 -17.85386086 -0,38.22571182 -17.89235115 -0,38.10744858 -17.92507744 -0,37.9877243 -17.95196342 -0,39.35237885 -17.17889786 -0,39.43252563 -17.08598328 -0,39.50801849 -16.98924828 -0,39.57867432 -16.88892555 -0,39.64432144 -16.78525734 -0,39.70480347 -16.67849159 -0,39.75997162 -16.56888771 -0,39.80970001 -16.45670891 -0,37.5 -18 -0,37.62266922 -17.9969883 -0,37.74504471 -17.98796272 -0,37.8668251 -17.97294044 -0,40 -15.5 -0,39.9969902 -15.62266922 -0,39.98796082 -15.7450428 -0,39.97294235 -15.86682606 -0,39.95196152 -15.98772621 -0,39.92507935 -16.10745049 -0,39.89234924 -16.22571182 -0,39.85385895 -16.34222412 -0,-29.45999908 -15.10000038 -1.60000002,-29.41583824 -15.10108376 -1.60000002,-29.45999908 -15.10000038 -0,-29.41583824 -15.10108376 -0,-29.37178421 -15.10433388 -1.60000002,-29.37178421 -15.10433388 -0,-29.32794189 -15.10974121 -1.60000002,-29.32794189 -15.10974121 -0,-29.28441811 -15.11729336 -1.60000002,-29.28441811 -15.11729336 -0,-29.24131775 -15.1269722 -1.60000002,-29.24131775 -15.1269722 -0,-29.19874382 -15.13875389 -1.60000002,-29.19874382 -15.13875389 -0,-29.15679932 -15.15261078 -1.60000002,-29.15679932 -15.15261078 -0,-29.11558533 -15.16850853 -1.60000002,-29.11558533 -15.16850853 -0,-29.07520103 -15.18640995 -1.60000002,-29.07520103 -15.18640995 -0,-29.03574371 -15.20627117 -1.60000002,-29.03574371 -15.20627117 -0,-28.99730682 -15.22804451 -1.60000002,-28.99730682 -15.22804451 -0,-28.95998764 -15.25167751 -1.60000002,-28.95998764 -15.25167751 -0,-28.92387009 -15.27711296 -1.60000002,-28.92387009 -15.27711296 -0,-28.88904572 -15.30429077 -1.60000002,-28.88904572 -15.30429077 -0,-28.85559654 -15.33314419 -0,-28.85559654 -15.33314419 -1.60000002,-28.82360458 -15.36360359 -1.60000002,-28.82360458 -15.36360359 -0,-28.79314423 -15.3955965 -0,-28.79314423 -15.3955965 -1.60000002,-28.76428986 -15.42904568 -1.60000002,-28.76428986 -15.42904568 -0,-28.73711395 -15.463871 -1.60000002,-28.73711395 -15.463871 -0,-28.71167755 -15.49998665 -1.60000002,-28.71167755 -15.49998665 -0,-28.68804359 -15.53730774 -1.60000002,-28.68804359 -15.53730774 -0,-28.66627121 -15.57574272 -1.60000002,-28.66627121 -15.57574272 -0,-28.64640999 -15.61520004 -1.60000002,-28.64640999 -15.61520004 -0,-28.62850761 -15.65558529 -0,-28.62850761 -15.65558529 -1.60000002,-28.61260986 -15.69679928 -0,-28.61260986 -15.69679928 -1.60000002,-28.59875298 -15.73874378 -1.60000002,-28.59875298 -15.73874378 -0,-28.58697128 -15.78131771 -0,-28.58697128 -15.78131771 -1.60000002,-28.5772934 -15.82441902 -1.60000002,-28.5772934 -15.82441902 -0,-28.5697403 -15.86794281 -1.60000002,-28.5697403 -15.86794281 -0,-28.56433296 -15.91178417 -1.60000002,-28.56433296 -15.91178417 -0,-28.56108475 -15.95583916 -0,-28.56108475 -15.95583916 -1.60000002,-28.55999947 -16 -1.60000002,-28.55999947 -16 -0,-26.92000008 -15.10000038 -1.60000002,-26.87583923 -15.10108376 -1.60000002,-26.92000008 -15.10000038 -0,-26.87583923 -15.10108376 -0,-26.8317852 -15.10433388 -1.60000002,-26.8317852 -15.10433388 -0,-26.78794289 -15.10974121 -1.60000002,-26.78794289 -15.10974121 -0,-26.7444191 -15.11729336 -1.60000002,-26.7444191 -15.11729336 -0,-26.70131874 -15.1269722 -1.60000002,-26.70131874 -15.1269722 -0,-26.6587429 -15.13875389 -1.60000002,-26.6587429 -15.13875389 -0,-26.6167984 -15.15261078 -1.60000002,-26.6167984 -15.15261078 -0,-26.57558441 -15.16850853 -1.60000002,-26.57558441 -15.16850853 -0,-26.53520012 -15.18640995 -1.60000002,-26.53520012 -15.18640995 -0,-26.4957428 -15.20627117 -1.60000002,-26.4957428 -15.20627117 -0,-26.45730782 -15.22804451 -1.60000002,-26.45730782 -15.22804451 -0,-26.41998672 -15.25167751 -1.60000002,-26.41998672 -15.25167751 -0,-26.38387108 -15.27711296 -1.60000002,-26.38387108 -15.27711296 -0,-26.34904671 -15.30429077 -1.60000002,-26.34904671 -15.30429077 -0,-26.31559753 -15.33314419 -0,-26.31559753 -15.33314419 -1.60000002,-26.28360367 -15.36360359 -1.60000002,-26.28360367 -15.36360359 -0,-26.25314331 -15.3955965 -0,-26.25314331 -15.3955965 -1.60000002,-26.22429085 -15.42904568 -1.60000002,-26.22429085 -15.42904568 -0,-26.19711304 -15.463871 -1.60000002,-26.19711304 -15.463871 -0,-26.17167664 -15.49998665 -1.60000002,-26.17167664 -15.49998665 -0,-26.14804459 -15.53730774 -1.60000002,-26.14804459 -15.53730774 -0,-26.12627029 -15.57574272 -1.60000002,-26.12627029 -15.57574272 -0,-26.10640907 -15.61520004 -1.60000002,-26.10640907 -15.61520004 -0,-26.08850861 -15.65558529 -0,-26.08850861 -15.65558529 -1.60000002,-26.07261086 -15.69679928 -0,-26.07261086 -15.69679928 -1.60000002,-26.05875397 -15.73874378 -1.60000002,-26.05875397 -15.73874378 -0,-26.04697227 -15.78131771 -0,-26.04697227 -15.78131771 -1.60000002,-26.03729248 -15.82441902 -1.60000002,-26.03729248 -15.82441902 -0,-26.02974129 -15.86794281 -1.60000002,-26.02974129 -15.86794281 -0,-26.02433395 -15.91178417 -1.60000002,-26.02433395 -15.91178417 -0,-26.02108383 -15.95583916 -0,-26.02108383 -15.95583916 -1.60000002,-26.02000046 -16 -1.60000002,-26.02000046 -16 -0,-24.37999916 -15.10000038 -1.60000002,-24.33583832 -15.10108376 -1.60000002,-24.37999916 -15.10000038 -0,-24.33583832 -15.10108376 -0,-24.29178429 -15.10433388 -1.60000002,-24.29178429 -15.10433388 -0,-24.24794197 -15.10974121 -1.60000002,-24.24794197 -15.10974121 -0,-24.20441818 -15.11729336 -1.60000002,-24.20441818 -15.11729336 -0,-24.16131783 -15.1269722 -1.60000002,-24.16131783 -15.1269722 -0,-24.1187439 -15.13875389 -1.60000002,-24.1187439 -15.13875389 -0,-24.07679939 -15.15261078 -1.60000002,-24.07679939 -15.15261078 -0,-24.0355854 -15.16850853 -1.60000002,-24.0355854 -15.16850853 -0,-23.99520111 -15.18640995 -1.60000002,-23.99520111 -15.18640995 -0,-23.95574379 -15.20627117 -1.60000002,-23.95574379 -15.20627117 -0,-23.9173069 -15.22804451 -1.60000002,-23.9173069 -15.22804451 -0,-23.87998772 -15.25167751 -1.60000002,-23.87998772 -15.25167751 -0,-23.84387016 -15.27711296 -1.60000002,-23.84387016 -15.27711296 -0,-23.80904579 -15.30429077 -1.60000002,-23.80904579 -15.30429077 -0,-23.77559662 -15.33314419 -0,-23.77559662 -15.33314419 -1.60000002,-23.74360466 -15.36360359 -1.60000002,-23.74360466 -15.36360359 -0,-23.7131443 -15.3955965 -0,-23.7131443 -15.3955965 -1.60000002,-23.68428993 -15.42904568 -1.60000002,-23.68428993 -15.42904568 -0,-23.65711403 -15.463871 -1.60000002,-23.65711403 -15.463871 -0,-23.63167763 -15.49998665 -1.60000002,-23.63167763 -15.49998665 -0,-23.60804367 -15.53730774 -1.60000002,-23.60804367 -15.53730774 -0,-23.58627129 -15.57574272 -1.60000002,-23.58627129 -15.57574272 -0,-23.56641006 -15.61520004 -1.60000002,-23.56641006 -15.61520004 -0,-23.54850769 -15.65558529 -0,-23.54850769 -15.65558529 -1.60000002,-23.53260994 -15.69679928 -0,-23.53260994 -15.69679928 -1.60000002,-23.51875305 -15.73874378 -1.60000002,-23.51875305 -15.73874378 -0,-23.50697136 -15.78131771 -0,-23.50697136 -15.78131771 -1.60000002,-23.49729347 -15.82441902 -1.60000002,-23.49729347 -15.82441902 -0,-23.48974037 -15.86794281 -1.60000002,-23.48974037 -15.86794281 -0,-23.48433304 -15.91178417 -1.60000002,-23.48433304 -15.91178417 -0,-23.48108482 -15.95583916 -0,-23.48108482 -15.95583916 -1.60000002,-23.47999954 -16 -1.60000002,-23.47999954 -16 -0,-21.84000015 -15.10000038 -1.60000002,-21.79583931 -15.10108376 -1.60000002,-21.84000015 -15.10000038 -0,-21.79583931 -15.10108376 -0,-21.75178528 -15.10433388 -1.60000002,-21.75178528 -15.10433388 -0,-21.70794296 -15.10974121 -1.60000002,-21.70794296 -15.10974121 -0,-21.66441917 -15.11729336 -1.60000002,-21.66441917 -15.11729336 -0,-21.62131691 -15.1269722 -1.60000002,-21.62131691 -15.1269722 -0,-21.57874298 -15.13875389 -1.60000002,-21.57874298 -15.13875389 -0,-21.53679848 -15.15261078 -1.60000002,-21.53679848 -15.15261078 -0,-21.49558449 -15.16850853 -1.60000002,-21.49558449 -15.16850853 -0,-21.4552002 -15.18640995 -1.60000002,-21.4552002 -15.18640995 -0,-21.41574287 -15.20627117 -1.60000002,-21.41574287 -15.20627117 -0,-21.37730789 -15.22804451 -1.60000002,-21.37730789 -15.22804451 -0,-21.3399868 -15.25167751 -1.60000002,-21.3399868 -15.25167751 -0,-21.30387115 -15.27711296 -1.60000002,-21.30387115 -15.27711296 -0,-21.26904678 -15.30429077 -1.60000002,-21.26904678 -15.30429077 -0,-21.23559761 -15.33314419 -0,-21.23559761 -15.33314419 -1.60000002,-21.20360374 -15.36360359 -1.60000002,-21.20360374 -15.36360359 -0,-21.17314339 -15.3955965 -0,-21.17314339 -15.3955965 -1.60000002,-21.14429092 -15.42904568 -1.60000002,-21.14429092 -15.42904568 -0,-21.11711311 -15.463871 -1.60000002,-21.11711311 -15.463871 -0,-21.09167671 -15.49998665 -1.60000002,-21.09167671 -15.49998665 -0,-21.06804466 -15.53730774 -1.60000002,-21.06804466 -15.53730774 -0,-21.04627037 -15.57574272 -1.60000002,-21.04627037 -15.57574272 -0,-21.02640915 -15.61520004 -1.60000002,-21.02640915 -15.61520004 -0,-21.00850868 -15.65558529 -0,-21.00850868 -15.65558529 -1.60000002,-20.99261093 -15.69679928 -0,-20.99261093 -15.69679928 -1.60000002,-20.97875404 -15.73874378 -1.60000002,-20.97875404 -15.73874378 -0,-20.96697235 -15.78131771 -0,-20.96697235 -15.78131771 -1.60000002,-20.95729256 -15.82441902 -1.60000002,-20.95729256 -15.82441902 -0,-20.94974136 -15.86794281 -1.60000002,-20.94974136 -15.86794281 -0,-20.94433403 -15.91178417 -1.60000002,-20.94433403 -15.91178417 -0,-20.94108391 -15.95583916 -0,-20.94108391 -15.95583916 -1.60000002,-20.94000053 -16 -1.60000002,-20.94000053 -16 -0,-19.29999924 -15.10000038 -1.60000002,-19.25583839 -15.10108376 -1.60000002,-19.29999924 -15.10000038 -0,-19.25583839 -15.10108376 -0,-19.21178436 -15.10433388 -1.60000002,-19.21178436 -15.10433388 -0,-19.16794205 -15.10974121 -1.60000002,-19.16794205 -15.10974121 -0,-19.12441826 -15.11729336 -1.60000002,-19.12441826 -15.11729336 -0,-19.0813179 -15.1269722 -1.60000002,-19.0813179 -15.1269722 -0,-19.03874397 -15.13875389 -1.60000002,-19.03874397 -15.13875389 -0,-18.99679947 -15.15261078 -1.60000002,-18.99679947 -15.15261078 -0,-18.95558548 -15.16850853 -1.60000002,-18.95558548 -15.16850853 -0,-18.91520119 -15.18640995 -1.60000002,-18.91520119 -15.18640995 -0,-18.87574387 -15.20627117 -1.60000002,-18.87574387 -15.20627117 -0,-18.83730698 -15.22804451 -1.60000002,-18.83730698 -15.22804451 -0,-18.79998589 -15.25167751 -1.60000002,-18.79998589 -15.25167751 -0,-18.76387024 -15.27711296 -1.60000002,-18.76387024 -15.27711296 -0,-18.72904587 -15.30429077 -1.60000002,-18.72904587 -15.30429077 -0,-18.69559669 -15.33314419 -0,-18.69559669 -15.33314419 -1.60000002,-18.66360474 -15.36360359 -1.60000002,-18.66360474 -15.36360359 -0,-18.63314438 -15.3955965 -0,-18.63314438 -15.3955965 -1.60000002,-18.60429001 -15.42904568 -1.60000002,-18.60429001 -15.42904568 -0,-18.57711411 -15.463871 -1.60000002,-18.57711411 -15.463871 -0,-18.5516777 -15.49998665 -1.60000002,-18.5516777 -15.49998665 -0,-18.52804375 -15.53730774 -1.60000002,-18.52804375 -15.53730774 -0,-18.50627136 -15.57574272 -1.60000002,-18.50627136 -15.57574272 -0,-18.48641014 -15.61520004 -1.60000002,-18.48641014 -15.61520004 -0,-18.46850777 -15.65558529 -0,-18.46850777 -15.65558529 -1.60000002,-18.45261002 -15.69679928 -0,-18.45261002 -15.69679928 -1.60000002,-18.43875313 -15.73874378 -1.60000002,-18.43875313 -15.73874378 -0,-18.42697144 -15.78131771 -0,-18.42697144 -15.78131771 -1.60000002,-18.41729355 -15.82441902 -1.60000002,-18.41729355 -15.82441902 -0,-18.40974045 -15.86794281 -1.60000002,-18.40974045 -15.86794281 -0,-18.40433311 -15.91178417 -1.60000002,-18.40433311 -15.91178417 -0,-18.4010849 -15.95583916 -0,-18.4010849 -15.95583916 -1.60000002,-18.39999962 -16 -1.60000002,-18.39999962 -16 -0,-16.76000023 -15.10000038 -1.60000002,-16.71583939 -15.10108376 -1.60000002,-16.76000023 -15.10000038 -0,-16.71583939 -15.10108376 -0,-16.67178535 -15.10433388 -1.60000002,-16.67178535 -15.10433388 -0,-16.62794304 -15.10974121 -1.60000002,-16.62794304 -15.10974121 -0,-16.58441925 -15.11729336 -1.60000002,-16.58441925 -15.11729336 -0,-16.54131699 -15.1269722 -1.60000002,-16.54131699 -15.1269722 -0,-16.49874306 -15.13875389 -1.60000002,-16.49874306 -15.13875389 -0,-16.45679855 -15.15261078 -1.60000002,-16.45679855 -15.15261078 -0,-16.41558456 -15.16850853 -1.60000002,-16.41558456 -15.16850853 -0,-16.37520027 -15.18640995 -1.60000002,-16.37520027 -15.18640995 -0,-16.33574295 -15.20627117 -1.60000002,-16.33574295 -15.20627117 -0,-16.29730797 -15.22804451 -1.60000002,-16.29730797 -15.22804451 -0,-16.25998688 -15.25167751 -1.60000002,-16.25998688 -15.25167751 -0,-16.22387123 -15.27711296 -1.60000002,-16.22387123 -15.27711296 -0,-16.18904686 -15.30429077 -1.60000002,-16.18904686 -15.30429077 -0,-16.15559769 -15.33314419 -0,-16.15559769 -15.33314419 -1.60000002,-16.12360382 -15.36360359 -1.60000002,-16.12360382 -15.36360359 -0,-16.09314346 -15.3955965 -0,-16.09314346 -15.3955965 -1.60000002,-16.064291 -15.42904568 -1.60000002,-16.064291 -15.42904568 -0,-16.03711319 -15.463871 -1.60000002,-16.03711319 -15.463871 -0,-16.01167679 -15.49998665 -1.60000002,-16.01167679 -15.49998665 -0,-15.98804379 -15.53730774 -1.60000002,-15.98804379 -15.53730774 -0,-15.96627045 -15.57574272 -1.60000002,-15.96627045 -15.57574272 -0,-15.94640923 -15.61520004 -1.60000002,-15.94640923 -15.61520004 -0,-15.92850876 -15.65558529 -0,-15.92850876 -15.65558529 -1.60000002,-15.91261005 -15.69679928 -0,-15.91261005 -15.69679928 -1.60000002,-15.89875412 -15.73874378 -1.60000002,-15.89875412 -15.73874378 -0,-15.88697147 -15.78131771 -0,-15.88697147 -15.78131771 -1.60000002,-15.87729359 -15.82441902 -1.60000002,-15.87729359 -15.82441902 -0,-15.86974144 -15.86794281 -1.60000002,-15.86974144 -15.86794281 -0,-15.86433411 -15.91178417 -1.60000002,-15.86433411 -15.91178417 -0,-15.86108398 -15.95583916 -0,-15.86108398 -15.95583916 -1.60000002,-15.85999966 -16 -1.60000002,-15.85999966 -16 -0,-14.22000027 -15.10000038 -1.60000002,-14.17583942 -15.10108376 -1.60000002,-14.22000027 -15.10000038 -0,-14.17583942 -15.10108376 -0,-14.13178444 -15.10433388 -1.60000002,-14.13178444 -15.10433388 -0,-14.08794212 -15.10974121 -1.60000002,-14.08794212 -15.10974121 -0,-14.04441833 -15.11729336 -1.60000002,-14.04441833 -15.11729336 -0,-14.00131798 -15.1269722 -1.60000002,-14.00131798 -15.1269722 -0,-13.95874405 -15.13875389 -1.60000002,-13.95874405 -15.13875389 -0,-13.91679955 -15.15261078 -1.60000002,-13.91679955 -15.15261078 -0,-13.8755846 -15.16850853 -1.60000002,-13.8755846 -15.16850853 -0,-13.83520031 -15.18640995 -1.60000002,-13.83520031 -15.18640995 -0,-13.79574299 -15.20627117 -1.60000002,-13.79574299 -15.20627117 -0,-13.75730801 -15.22804451 -1.60000002,-13.75730801 -15.22804451 -0,-13.71998692 -15.25167751 -1.60000002,-13.71998692 -15.25167751 -0,-13.68387032 -15.27711296 -1.60000002,-13.68387032 -15.27711296 -0,-13.64904594 -15.30429077 -1.60000002,-13.64904594 -15.30429077 -0,-13.61559677 -15.33314419 -0,-13.61559677 -15.33314419 -1.60000002,-13.58360386 -15.36360359 -1.60000002,-13.58360386 -15.36360359 -0,-13.55314445 -15.3955965 -0,-13.55314445 -15.3955965 -1.60000002,-13.52429104 -15.42904568 -1.60000002,-13.52429104 -15.42904568 -0,-13.49711323 -15.463871 -1.60000002,-13.49711323 -15.463871 -0,-13.47167778 -15.49998665 -1.60000002,-13.47167778 -15.49998665 -0,-13.44804382 -15.53730774 -1.60000002,-13.44804382 -15.53730774 -0,-13.42627048 -15.57574272 -1.60000002,-13.42627048 -15.57574272 -0,-13.40640926 -15.61520004 -1.60000002,-13.40640926 -15.61520004 -0,-13.3885088 -15.65558529 -0,-13.3885088 -15.65558529 -1.60000002,-13.37261009 -15.69679928 -0,-13.37261009 -15.69679928 -1.60000002,-13.35875416 -15.73874378 -1.60000002,-13.35875416 -15.73874378 -0,-13.34697151 -15.78131771 -0,-13.34697151 -15.78131771 -1.60000002,-13.33729362 -15.82441902 -1.60000002,-13.33729362 -15.82441902 -0,-13.32974148 -15.86794281 -1.60000002,-13.32974148 -15.86794281 -0,-13.32433414 -15.91178417 -1.60000002,-13.32433414 -15.91178417 -0,-13.32108402 -15.95583916 -0,-13.32108402 -15.95583916 -1.60000002,-13.31999969 -16 -1.60000002,-13.31999969 -16 -0,-11.68000031 -15.10000038 -1.60000002,-11.63583946 -15.10108376 -1.60000002,-11.68000031 -15.10000038 -0,-11.63583946 -15.10108376 -0,-11.59178448 -15.10433388 -1.60000002,-11.59178448 -15.10433388 -0,-11.54794216 -15.10974121 -1.60000002,-11.54794216 -15.10974121 -0,-11.50441837 -15.11729336 -1.60000002,-11.50441837 -15.11729336 -0,-11.46131802 -15.1269722 -1.60000002,-11.46131802 -15.1269722 -0,-11.41874409 -15.13875389 -1.60000002,-11.41874409 -15.13875389 -0,-11.37679958 -15.15261078 -1.60000002,-11.37679958 -15.15261078 -0,-11.33558464 -15.16850853 -1.60000002,-11.33558464 -15.16850853 -0,-11.29520035 -15.18640995 -1.60000002,-11.29520035 -15.18640995 -0,-11.25574303 -15.20627117 -1.60000002,-11.25574303 -15.20627117 -0,-11.21730709 -15.22804451 -1.60000002,-11.21730709 -15.22804451 -0,-11.17998695 -15.25167751 -1.60000002,-11.17998695 -15.25167751 -0,-11.14387035 -15.27711296 -1.60000002,-11.14387035 -15.27711296 -0,-11.10904598 -15.30429077 -1.60000002,-11.10904598 -15.30429077 -0,-11.07559681 -15.33314419 -0,-11.07559681 -15.33314419 -1.60000002,-11.0436039 -15.36360359 -1.60000002,-11.0436039 -15.36360359 -0,-11.01314354 -15.3955965 -0,-11.01314354 -15.3955965 -1.60000002,-10.98429012 -15.42904568 -1.60000002,-10.98429012 -15.42904568 -0,-10.95711327 -15.463871 -1.60000002,-10.95711327 -15.463871 -0,-10.93167782 -15.49998665 -1.60000002,-10.93167782 -15.49998665 -0,-10.90804386 -15.53730774 -1.60000002,-10.90804386 -15.53730774 -0,-10.88627052 -15.57574272 -1.60000002,-10.88627052 -15.57574272 -0,-10.8664093 -15.61520004 -1.60000002,-10.8664093 -15.61520004 -0,-10.84850883 -15.65558529 -0,-10.84850883 -15.65558529 -1.60000002,-10.83261013 -15.69679928 -0,-10.83261013 -15.69679928 -1.60000002,-10.81875324 -15.73874378 -1.60000002,-10.81875324 -15.73874378 -0,-10.80697155 -15.78131771 -0,-10.80697155 -15.78131771 -1.60000002,-10.79729366 -15.82441902 -1.60000002,-10.79729366 -15.82441902 -0,-10.78974152 -15.86794281 -1.60000002,-10.78974152 -15.86794281 -0,-10.78433418 -15.91178417 -1.60000002,-10.78433418 -15.91178417 -0,-10.78108406 -15.95583916 -0,-10.78108406 -15.95583916 -1.60000002,-10.77999973 -16 -1.60000002,-10.77999973 -16 -0,-9.14000034 -15.10000038 -1.60000002,-9.0958395 -15.10108376 -1.60000002,-9.14000034 -15.10000038 -0,-9.0958395 -15.10108376 -0,-9.05178452 -15.10433388 -1.60000002,-9.05178452 -15.10433388 -0,-9.0079422 -15.10974121 -1.60000002,-9.0079422 -15.10974121 -0,-8.96441841 -15.11729336 -1.60000002,-8.96441841 -15.11729336 -0,-8.92131805 -15.1269722 -1.60000002,-8.92131805 -15.1269722 -0,-8.87874413 -15.13875389 -1.60000002,-8.87874413 -15.13875389 -0,-8.83679867 -15.15261078 -1.60000002,-8.83679867 -15.15261078 -0,-8.79558468 -15.16850853 -1.60000002,-8.79558468 -15.16850853 -0,-8.75520039 -15.18640995 -1.60000002,-8.75520039 -15.18640995 -0,-8.71574306 -15.20627117 -1.60000002,-8.71574306 -15.20627117 -0,-8.67730713 -15.22804451 -1.60000002,-8.67730713 -15.22804451 -0,-8.63998699 -15.25167751 -1.60000002,-8.63998699 -15.25167751 -0,-8.60387039 -15.27711296 -1.60000002,-8.60387039 -15.27711296 -0,-8.56904602 -15.30429077 -1.60000002,-8.56904602 -15.30429077 -0,-8.53559685 -15.33314419 -0,-8.53559685 -15.33314419 -1.60000002,-8.50360394 -15.36360359 -1.60000002,-8.50360394 -15.36360359 -0,-8.47314358 -15.3955965 -0,-8.47314358 -15.3955965 -1.60000002,-8.44429016 -15.42904568 -1.60000002,-8.44429016 -15.42904568 -0,-8.4171133 -15.463871 -1.60000002,-8.4171133 -15.463871 -0,-8.3916769 -15.49998665 -1.60000002,-8.3916769 -15.49998665 -0,-8.3680439 -15.53730774 -1.60000002,-8.3680439 -15.53730774 -0,-8.34627056 -15.57574272 -1.60000002,-8.34627056 -15.57574272 -0,-8.32640934 -15.61520004 -1.60000002,-8.32640934 -15.61520004 -0,-8.30850887 -15.65558529 -0,-8.30850887 -15.65558529 -1.60000002,-8.29261017 -15.69679928 -0,-8.29261017 -15.69679928 -1.60000002,-8.27875328 -15.73874378 -1.60000002,-8.27875328 -15.73874378 -0,-8.26697159 -15.78131771 -0,-8.26697159 -15.78131771 -1.60000002,-8.2572937 -15.82441902 -1.60000002,-8.2572937 -15.82441902 -0,-8.24974155 -15.86794281 -1.60000002,-8.24974155 -15.86794281 -0,-8.24433422 -15.91178417 -1.60000002,-8.24433422 -15.91178417 -0,-8.2410841 -15.95583916 -0,-8.2410841 -15.95583916 -1.60000002,-8.23999977 -16 -1.60000002,-8.23999977 -16 -0,-6.5999999 -15.10000038 -1.60000002,-6.55583906 -15.10108376 -1.60000002,-6.5999999 -15.10000038 -0,-6.55583906 -15.10108376 -0,-6.51178455 -15.10433388 -1.60000002,-6.51178455 -15.10433388 -0,-6.46794271 -15.10974121 -1.60000002,-6.46794271 -15.10974121 -0,-6.42441893 -15.11729336 -1.60000002,-6.42441893 -15.11729336 -0,-6.38131762 -15.1269722 -1.60000002,-6.38131762 -15.1269722 -0,-6.33874369 -15.13875389 -1.60000002,-6.33874369 -15.13875389 -0,-6.29679918 -15.15261078 -1.60000002,-6.29679918 -15.15261078 -0,-6.25558472 -15.16850853 -1.60000002,-6.25558472 -15.16850853 -0,-6.21520042 -15.18640995 -1.60000002,-6.21520042 -15.18640995 -0,-6.1757431 -15.20627117 -1.60000002,-6.1757431 -15.20627117 -0,-6.13730764 -15.22804451 -1.60000002,-6.13730764 -15.22804451 -0,-6.09998655 -15.25167751 -1.60000002,-6.09998655 -15.25167751 -0,-6.06387043 -15.27711296 -1.60000002,-6.06387043 -15.27711296 -0,-6.02904606 -15.30429077 -1.60000002,-6.02904606 -15.30429077 -0,-5.99559689 -15.33314419 -0,-5.99559689 -15.33314419 -1.60000002,-5.96360397 -15.36360359 -1.60000002,-5.96360397 -15.36360359 -0,-5.93314409 -15.3955965 -0,-5.93314409 -15.3955965 -1.60000002,-5.90429068 -15.42904568 -1.60000002,-5.90429068 -15.42904568 -0,-5.87711334 -15.463871 -1.60000002,-5.87711334 -15.463871 -0,-5.85167742 -15.49998665 -1.60000002,-5.85167742 -15.49998665 -0,-5.82804441 -15.53730774 -1.60000002,-5.82804441 -15.53730774 -0,-5.80627108 -15.57574272 -1.60000002,-5.80627108 -15.57574272 -0,-5.78640985 -15.61520004 -1.60000002,-5.78640985 -15.61520004 -0,-5.76850843 -15.65558529 -0,-5.76850843 -15.65558529 -1.60000002,-5.75261021 -15.69679928 -0,-5.75261021 -15.69679928 -1.60000002,-5.7387538 -15.73874378 -1.60000002,-5.7387538 -15.73874378 -0,-5.7269721 -15.78131771 -0,-5.7269721 -15.78131771 -1.60000002,-5.71729326 -15.82441902 -1.60000002,-5.71729326 -15.82441902 -0,-5.70974112 -15.86794281 -1.60000002,-5.70974112 -15.86794281 -0,-5.70433378 -15.91178417 -1.60000002,-5.70433378 -15.91178417 -0,-5.70108414 -15.95583916 -0,-5.70108414 -15.95583916 -1.60000002,-5.69999981 -16 -1.60000002,-5.69999981 -16 -0,-4.05999994 -15.10000038 -1.60000002,-4.0158391 -15.10108376 -1.60000002,-4.05999994 -15.10000038 -0,-4.0158391 -15.10108376 -0,-3.97178459 -15.10433388 -1.60000002,-3.97178459 -15.10433388 -0,-3.92794251 -15.10974121 -1.60000002,-3.92794251 -15.10974121 -0,-3.88441873 -15.11729336 -1.60000002,-3.88441873 -15.11729336 -0,-3.84131789 -15.1269722 -1.60000002,-3.84131789 -15.1269722 -0,-3.79874372 -15.13875389 -1.60000002,-3.79874372 -15.13875389 -0,-3.75679922 -15.15261078 -1.60000002,-3.75679922 -15.15261078 -0,-3.71558499 -15.16850853 -1.60000002,-3.71558499 -15.16850853 -0,-3.67520046 -15.18640995 -1.60000002,-3.67520046 -15.18640995 -0,-3.6357429 -15.20627117 -1.60000002,-3.6357429 -15.20627117 -0,-3.59730744 -15.22804451 -1.60000002,-3.59730744 -15.22804451 -0,-3.55998683 -15.25167751 -1.60000002,-3.55998683 -15.25167751 -0,-3.52387071 -15.27711296 -1.60000002,-3.52387071 -15.27711296 -0,-3.4890461 -15.30429077 -1.60000002,-3.4890461 -15.30429077 -0,-3.45559692 -15.33314419 -0,-3.45559692 -15.33314419 -1.60000002,-3.42360401 -15.36360359 -1.60000002,-3.42360401 -15.36360359 -0,-3.39314389 -15.3955965 -0,-3.39314389 -15.3955965 -1.60000002,-3.36429048 -15.42904568 -1.60000002,-3.36429048 -15.42904568 -0,-3.33711314 -15.463871 -1.60000002,-3.33711314 -15.463871 -0,-3.31167746 -15.49998665 -1.60000002,-3.31167746 -15.49998665 -0,-3.28804421 -15.53730774 -1.60000002,-3.28804421 -15.53730774 -0,-3.26627088 -15.57574272 -1.60000002,-3.26627088 -15.57574272 -0,-3.24640965 -15.61520004 -1.60000002,-3.24640965 -15.61520004 -0,-3.22850847 -15.65558529 -0,-3.22850847 -15.65558529 -1.60000002,-3.21261024 -15.69679928 -0,-3.21261024 -15.69679928 -1.60000002,-3.1987536 -15.73874378 -1.60000002,-3.1987536 -15.73874378 -0,-3.1869719 -15.78131771 -0,-3.1869719 -15.78131771 -1.60000002,-3.1772933 -15.82441902 -1.60000002,-3.1772933 -15.82441902 -0,-3.16974115 -15.86794281 -1.60000002,-3.16974115 -15.86794281 -0,-3.16433382 -15.91178417 -1.60000002,-3.16433382 -15.91178417 -0,-3.16108418 -15.95583916 -0,-3.16108418 -15.95583916 -1.60000002,-3.16000009 -16 -1.60000002,-3.16000009 -16 -0,-1.51999998 -15.10000038 -1.60000002,-1.47583914 -15.10108376 -1.60000002,-1.51999998 -15.10000038 -0,-1.47583914 -15.10108376 -0,-1.43178463 -15.10433388 -1.60000002,-1.43178463 -15.10433388 -0,-1.38794255 -15.10974121 -1.60000002,-1.38794255 -15.10974121 -0,-1.34441876 -15.11729336 -1.60000002,-1.34441876 -15.11729336 -0,-1.30131781 -15.1269722 -1.60000002,-1.30131781 -15.1269722 -0,-1.25874376 -15.13875389 -1.60000002,-1.25874376 -15.13875389 -0,-1.21679914 -15.15261078 -1.60000002,-1.21679914 -15.15261078 -0,-1.17558491 -15.16850853 -1.60000002,-1.17558491 -15.16850853 -0,-1.13520038 -15.18640995 -1.60000002,-1.13520038 -15.18640995 -0,-1.09574294 -15.20627117 -1.60000002,-1.09574294 -15.20627117 -0,-1.05730748 -15.22804451 -1.60000002,-1.05730748 -15.22804451 -0,-1.01998675 -15.25167751 -1.60000002,-1.01998675 -15.25167751 -0,-0.98387063 -15.27711296 -1.60000002,-0.98387063 -15.27711296 -0,-0.94904602 -15.30429077 -1.60000002,-0.94904602 -15.30429077 -0,-0.91559696 -15.33314419 -0,-0.91559696 -15.33314419 -1.60000002,-0.88360387 -15.36360359 -1.60000002,-0.88360387 -15.36360359 -0,-0.85314399 -15.3955965 -0,-0.85314399 -15.3955965 -1.60000002,-0.82429057 -15.42904568 -1.60000002,-0.82429057 -15.42904568 -0,-0.79711324 -15.463871 -1.60000002,-0.79711324 -15.463871 -0,-0.77167737 -15.49998665 -1.60000002,-0.77167737 -15.49998665 -0,-0.74804425 -15.53730774 -1.60000002,-0.74804425 -15.53730774 -0,-0.72627085 -15.57574272 -1.60000002,-0.72627085 -15.57574272 -0,-0.70640963 -15.61520004 -1.60000002,-0.70640963 -15.61520004 -0,-0.68850839 -15.65558529 -0,-0.68850839 -15.65558529 -1.60000002,-0.67261034 -15.69679928 -0,-0.67261034 -15.69679928 -1.60000002,-0.65875369 -15.73874378 -1.60000002,-0.65875369 -15.73874378 -0,-0.64697188 -15.78131771 -0,-0.64697188 -15.78131771 -1.60000002,-0.63729322 -15.82441902 -1.60000002,-0.63729322 -15.82441902 -0,-0.62974113 -15.86794281 -1.60000002,-0.62974113 -15.86794281 -0,-0.62433374 -15.91178417 -1.60000002,-0.62433374 -15.91178417 -0,-0.62108409 -15.95583916 -0,-0.62108409 -15.95583916 -1.60000002,-0.62 -16 -1.60000002,-0.62 -16 -0,1.01999998 -15.10000038 -1.60000002,1.06416094 -15.10108376 -1.60000002,1.01999998 -15.10000038 -0,1.06416094 -15.10108376 -0,1.10821545 -15.10433388 -1.60000002,1.10821545 -15.10433388 -0,1.15205741 -15.10974121 -1.60000002,1.15205741 -15.10974121 -0,1.19558132 -15.11729336 -1.60000002,1.19558132 -15.11729336 -0,1.23868215 -15.1269722 -1.60000002,1.23868215 -15.1269722 -0,1.2812562 -15.13875389 -1.60000002,1.2812562 -15.13875389 -0,1.32320082 -15.15261078 -1.60000002,1.32320082 -15.15261078 -0,1.36441505 -15.16850853 -1.60000002,1.36441505 -15.16850853 -0,1.40479958 -15.18640995 -1.60000002,1.40479958 -15.18640995 -0,1.44425702 -15.20627117 -1.60000002,1.44425702 -15.20627117 -0,1.48269248 -15.22804451 -1.60000002,1.48269248 -15.22804451 -0,1.52001321 -15.25167751 -1.60000002,1.52001321 -15.25167751 -0,1.55612934 -15.27711296 -1.60000002,1.55612934 -15.27711296 -0,1.59095395 -15.30429077 -1.60000002,1.59095395 -15.30429077 -0,1.624403 -15.33314419 -0,1.624403 -15.33314419 -1.60000002,1.65639615 -15.36360359 -1.60000002,1.65639615 -15.36360359 -0,1.68685603 -15.3955965 -0,1.68685603 -15.3955965 -1.60000002,1.71570945 -15.42904568 -1.60000002,1.71570945 -15.42904568 -0,1.74288678 -15.463871 -1.60000002,1.74288678 -15.463871 -0,1.76832271 -15.49998665 -1.60000002,1.76832271 -15.49998665 -0,1.79195571 -15.53730774 -1.60000002,1.79195571 -15.53730774 -0,1.81372917 -15.57574272 -1.60000002,1.81372917 -15.57574272 -0,1.83359039 -15.61520004 -1.60000002,1.83359039 -15.61520004 -0,1.85149157 -15.65558529 -0,1.85149157 -15.65558529 -1.60000002,1.86738968 -15.69679928 -0,1.86738968 -15.69679928 -1.60000002,1.88124633 -15.73874378 -1.60000002,1.88124633 -15.73874378 -0,1.89302814 -15.78131771 -0,1.89302814 -15.78131771 -1.60000002,1.90270674 -15.82441902 -1.60000002,1.90270674 -15.82441902 -0,1.91025889 -15.86794281 -1.60000002,1.91025889 -15.86794281 -0,1.91566622 -15.91178417 -1.60000002,1.91566622 -15.91178417 -0,1.91891587 -15.95583916 -0,1.91891587 -15.95583916 -1.60000002,1.91999996 -16 -1.60000002,1.91999996 -16 -0,3.55999994 -15.10000038 -1.60000002,3.60416102 -15.10108376 -1.60000002,3.55999994 -15.10000038 -0,3.60416102 -15.10108376 -0,3.64821553 -15.10433388 -1.60000002,3.64821553 -15.10433388 -0,3.69205737 -15.10974121 -1.60000002,3.69205737 -15.10974121 -0,3.7355814 -15.11729336 -1.60000002,3.7355814 -15.11729336 -0,3.77868223 -15.1269722 -1.60000002,3.77868223 -15.1269722 -0,3.82125616 -15.13875389 -1.60000002,3.82125616 -15.13875389 -0,3.8632009 -15.15261078 -1.60000002,3.8632009 -15.15261078 -0,3.90441513 -15.16850853 -1.60000002,3.90441513 -15.16850853 -0,3.94479966 -15.18640995 -1.60000002,3.94479966 -15.18640995 -0,3.98425698 -15.20627117 -1.60000002,3.98425698 -15.20627117 -0,4.02269268 -15.22804451 -1.60000002,4.02269268 -15.22804451 -0,4.06001329 -15.25167751 -1.60000002,4.06001329 -15.25167751 -0,4.09612942 -15.27711296 -1.60000002,4.09612942 -15.27711296 -0,4.13095379 -15.30429077 -1.60000002,4.13095379 -15.30429077 -0,4.16440296 -15.33314419 -0,4.16440296 -15.33314419 -1.60000002,4.19639587 -15.36360359 -1.60000002,4.19639587 -15.36360359 -0,4.22685623 -15.3955965 -0,4.22685623 -15.3955965 -1.60000002,4.25570917 -15.42904568 -1.60000002,4.25570917 -15.42904568 -0,4.28288698 -15.463871 -1.60000002,4.28288698 -15.463871 -0,4.30832243 -15.49998665 -1.60000002,4.30832243 -15.49998665 -0,4.33195591 -15.53730774 -1.60000002,4.33195591 -15.53730774 -0,4.35372925 -15.57574272 -1.60000002,4.35372925 -15.57574272 -0,4.37359047 -15.61520004 -1.60000002,4.37359047 -15.61520004 -0,4.39149141 -15.65558529 -0,4.39149141 -15.65558529 -1.60000002,4.40738964 -15.69679928 -0,4.40738964 -15.69679928 -1.60000002,4.42124653 -15.73874378 -1.60000002,4.42124653 -15.73874378 -0,4.43302822 -15.78131771 -0,4.43302822 -15.78131771 -1.60000002,4.44270658 -15.82441902 -1.60000002,4.44270658 -15.82441902 -0,4.45025873 -15.86794281 -1.60000002,4.45025873 -15.86794281 -0,4.45566607 -15.91178417 -1.60000002,4.45566607 -15.91178417 -0,4.45891571 -15.95583916 -0,4.45891571 -15.95583916 -1.60000002,4.46000004 -16 -1.60000002,4.46000004 -16 -0,6.0999999 -15.10000038 -1.60000002,6.14416075 -15.10108376 -1.60000002,6.0999999 -15.10000038 -0,6.14416075 -15.10108376 -0,6.18821526 -15.10433388 -1.60000002,6.18821526 -15.10433388 -0,6.23205757 -15.10974121 -1.60000002,6.23205757 -15.10974121 -0,6.27558136 -15.11729336 -1.60000002,6.27558136 -15.11729336 -0,6.31868219 -15.1269722 -1.60000002,6.31868219 -15.1269722 -0,6.36125612 -15.13875389 -1.60000002,6.36125612 -15.13875389 -0,6.4032011 -15.15261078 -1.60000002,6.4032011 -15.15261078 -0,6.44441509 -15.16850853 -1.60000002,6.44441509 -15.16850853 -0,6.48479939 -15.18640995 -1.60000002,6.48479939 -15.18640995 -0,6.52425718 -15.20627117 -1.60000002,6.52425718 -15.20627117 -0,6.56269264 -15.22804451 -1.60000002,6.56269264 -15.22804451 -0,6.60001326 -15.25167751 -1.60000002,6.60001326 -15.25167751 -0,6.63612938 -15.27711296 -1.60000002,6.63612938 -15.27711296 -0,6.67095375 -15.30429077 -1.60000002,6.67095375 -15.30429077 -0,6.70440292 -15.33314419 -0,6.70440292 -15.33314419 -1.60000002,6.73639631 -15.36360359 -1.60000002,6.73639631 -15.36360359 -0,6.76685619 -15.3955965 -0,6.76685619 -15.3955965 -1.60000002,6.79570961 -15.42904568 -1.60000002,6.79570961 -15.42904568 -0,6.82288694 -15.463871 -1.60000002,6.82288694 -15.463871 -0,6.84832287 -15.49998665 -1.60000002,6.84832287 -15.49998665 -0,6.87195587 -15.53730774 -1.60000002,6.87195587 -15.53730774 -0,6.89372921 -15.57574272 -1.60000002,6.89372921 -15.57574272 -0,6.91359043 -15.61520004 -1.60000002,6.91359043 -15.61520004 -0,6.93149137 -15.65558529 -0,6.93149137 -15.65558529 -1.60000002,6.9473896 -15.69679928 -0,6.9473896 -15.69679928 -1.60000002,6.96124649 -15.73874378 -1.60000002,6.96124649 -15.73874378 -0,6.97302818 -15.78131771 -0,6.97302818 -15.78131771 -1.60000002,6.98270655 -15.82441902 -1.60000002,6.98270655 -15.82441902 -0,6.99025869 -15.86794281 -1.60000002,6.99025869 -15.86794281 -0,6.99566603 -15.91178417 -1.60000002,6.99566603 -15.91178417 -0,6.99891567 -15.95583916 -0,6.99891567 -15.95583916 -1.60000002,7 -16 -1.60000002,7 -16 -0,-32 -15.10000038 -1.60000002,-31.95583916 -15.10108376 -1.60000002,-32 -15.10000038 -0,-31.95583916 -15.10108376 -0,-31.91178513 -15.10433388 -1.60000002,-31.91178513 -15.10433388 -0,-31.86794281 -15.10974121 -1.60000002,-31.86794281 -15.10974121 -0,-31.82441902 -15.11729336 -1.60000002,-31.82441902 -15.11729336 -0,-31.78131866 -15.1269722 -1.60000002,-31.78131866 -15.1269722 -0,-31.73874474 -15.13875389 -1.60000002,-31.73874474 -15.13875389 -0,-31.69679832 -15.15261078 -1.60000002,-31.69679832 -15.15261078 -0,-31.65558434 -15.16850853 -1.60000002,-31.65558434 -15.16850853 -0,-31.61520004 -15.18640995 -1.60000002,-31.61520004 -15.18640995 -0,-31.57574272 -15.20627117 -1.60000002,-31.57574272 -15.20627117 -0,-31.53730774 -15.22804451 -1.60000002,-31.53730774 -15.22804451 -0,-31.49998665 -15.25167751 -1.60000002,-31.49998665 -15.25167751 -0,-31.463871 -15.27711296 -1.60000002,-31.463871 -15.27711296 -0,-31.42904663 -15.30429077 -1.60000002,-31.42904663 -15.30429077 -0,-31.39559746 -15.33314419 -0,-31.39559746 -15.33314419 -1.60000002,-31.36360359 -15.36360359 -1.60000002,-31.36360359 -15.36360359 -0,-31.33314323 -15.3955965 -0,-31.33314323 -15.3955965 -1.60000002,-31.30429077 -15.42904568 -1.60000002,-31.30429077 -15.42904568 -0,-31.27711296 -15.463871 -1.60000002,-31.27711296 -15.463871 -0,-31.25167656 -15.49998665 -1.60000002,-31.25167656 -15.49998665 -0,-31.22804451 -15.53730774 -1.60000002,-31.22804451 -15.53730774 -0,-31.20627022 -15.57574272 -1.60000002,-31.20627022 -15.57574272 -0,-31.186409 -15.61520004 -1.60000002,-31.186409 -15.61520004 -0,-31.16850853 -15.65558529 -0,-31.16850853 -15.65558529 -1.60000002,-31.15261078 -15.69679928 -0,-31.15261078 -15.69679928 -1.60000002,-31.13875389 -15.73874378 -1.60000002,-31.13875389 -15.73874378 -0,-31.1269722 -15.78131771 -0,-31.1269722 -15.78131771 -1.60000002,-31.1172924 -15.82441902 -1.60000002,-31.1172924 -15.82441902 -0,-31.10974121 -15.86794281 -1.60000002,-31.10974121 -15.86794281 -0,-31.10433388 -15.91178417 -1.60000002,-31.10433388 -15.91178417 -0,-31.10108376 -15.95583916 -0,-31.10108376 -15.95583916 -1.60000002,-31.10000038 -16 -1.60000002,-31.10000038 -16 -0,37.5 -13 -1.60000002,37.62266922 -13.0030117 -1.60000002,37.5 -13 -0,37.62266922 -13.0030117 -0,37.74504471 -13.01203823 -1.60000002,37.74504471 -13.01203823 -0,37.8668251 -13.0270586 -1.60000002,37.8668251 -13.0270586 -0,37.9877243 -13.04803658 -1.60000002,37.9877243 -13.04803658 -0,38.10744858 -13.07492161 -1.60000002,38.10744858 -13.07492161 -0,38.22571182 -13.10764885 -1.60000002,38.22571182 -13.10764885 -0,38.34222412 -13.1461401 -1.60000002,38.34222412 -13.1461401 -0,38.456707 -13.19030094 -1.60000002,38.456707 -13.19030094 -0,38.56888962 -13.24002647 -1.60000002,38.56888962 -13.24002647 -0,38.6784935 -13.29519653 -1.60000002,38.6784935 -13.29519653 -0,38.78525543 -13.35567856 -1.60000002,38.78525543 -13.35567856 -0,38.88892746 -13.42132568 -1.60000002,38.88892746 -13.42132568 -0,38.98924637 -13.49198151 -1.60000002,38.98924637 -13.49198151 -0,39.08598328 -13.56747341 -0,39.08598328 -13.56747341 -1.60000002,39.17889786 -13.64762211 -1.60000002,39.17889786 -13.64762211 -0,39.26776886 -13.73223305 -1.60000002,39.26776886 -13.73223305 -0,39.35237885 -13.82110214 -1.60000002,39.35237885 -13.82110214 -0,39.43252563 -13.91401672 -0,39.43252563 -13.91401672 -1.60000002,39.50801849 -14.01075172 -0,39.50801849 -14.01075172 -1.60000002,39.57867432 -14.11107445 -1.60000002,39.57867432 -14.11107445 -0,39.64432144 -14.21474361 -1.60000002,39.64432144 -14.21474361 -0,39.70480347 -14.32150841 -0,39.70480347 -14.32150841 -1.60000002,39.75997162 -14.43111229 -1.60000002,39.75997162 -14.43111229 -0,39.80970001 -14.54329109 -0,39.80970001 -14.54329109 -1.60000002,39.85385895 -14.65777493 -0,39.85385895 -14.65777493 -1.60000002,39.89234924 -14.77428818 -1.60000002,39.89234924 -14.77428818 -0,39.92507935 -14.89254951 -1.60000002,39.92507935 -14.89254951 -0,39.95196152 -15.01227379 -0,39.95196152 -15.01227379 -1.60000002,39.97294235 -15.13317394 -1.60000002,39.97294235 -15.13317394 -0,39.98796082 -15.2549572 -0,39.98796082 -15.2549572 -1.60000002,39.9969902 -15.37733078 -1.60000002,39.9969902 -15.37733078 -0,-37.5 -13 -1.60000002,-37.37538528 -13.00310802 -1.60000002,-37.5 -13 -0,-37.37538528 -13.00310802 -0,-37.25107956 -13.01242352 -1.60000002,-37.25107956 -13.01242352 -0,-37.12739563 -13.02792263 -1.60000002,-37.12739563 -13.02792263 -0,-37.00463486 -13.04956913 -1.60000002,-37.00463486 -13.04956913 -0,-36.88310623 -13.07730675 -1.60000002,-36.88310623 -13.07730675 -0,-36.76311111 -13.11106777 -1.60000002,-36.76311111 -13.11106777 -0,-36.64495087 -13.15076828 -1.60000002,-36.64495087 -13.15076828 -0,-36.52891159 -13.19630909 -0,-36.52891159 -13.19630909 -1.60000002,-36.41529083 -13.24757767 -1.60000002,-36.41529083 -13.24757767 -0,-36.30436325 -13.30444622 -1.60000002,-36.30436325 -13.30444622 -0,-36.19641113 -13.36677265 -1.60000002,-36.19641113 -13.36677265 -0,-36.09170151 -13.43440342 -1.60000002,-36.09170151 -13.43440342 -0,-35.99048996 -13.50716877 -1.60000002,-35.99048996 -13.50716877 -0,-35.89303207 -13.58488846 -0,-35.89303207 -13.58488846 -1.60000002,-35.79956818 -13.6673708 -1.60000002,-35.79956818 -13.6673708 -0,-35.71033478 -13.75440788 -0,-35.71033478 -13.75440788 -1.60000002,-35.6255455 -13.84578514 -1.60000002,-35.6255455 -13.84578514 -0,-35.5454216 -13.9412756 -1.60000002,-35.5454216 -13.9412756 -0,-35.47015381 -14.04064083 -1.60000002,-35.47015381 -14.04064083 -0,-35.39993668 -14.1436348 -1.60000002,-35.39993668 -14.1436348 -0,-35.33493805 -14.25 -0,-35.33493805 -14.25 -1.60000002,-35.27532196 -14.35947323 -1.60000002,-35.27532196 -14.35947323 -0,-35.22123718 -14.47178268 -1.60000002,-35.22123718 -14.47178268 -0,-35.17281723 -14.58664703 -0,-35.17281723 -14.58664703 -1.60000002,-35.13018036 -14.70378304 -1.60000002,-35.13018036 -14.70378304 -0,-35.09344101 -14.82289886 -1.60000002,-35.09344101 -14.82289886 -0,-35.06267929 -14.94369793 -1.60000002,-35.06267929 -14.94369793 -0,-35.03797913 -15.06587982 -1.60000002,-35.03797913 -15.06587982 -0,-35.01940155 -15.18914032 -1.60000002,-35.01940155 -15.18914032 -0,-35.00699234 -15.3131752 -1.60000002,-35.00699234 -15.3131752 -0,-35.0007782 -15.43767357 -1.60000002,-35.0007782 -15.43767357 -0,-35.0007782 -15.56232643 -0,-35.0007782 -15.56232643 -1.60000002,-35.00699234 -15.6868248 -0,-35.00699234 -15.6868248 -1.60000002,-35.01940155 -15.81085968 -1.60000002,-35.01940155 -15.81085968 -0,-35.03797913 -15.93412018 -1.60000002,-35.03797913 -15.93412018 -0,-35.06267929 -16.05630302 -1.60000002,-35.06267929 -16.05630302 -0,-35.09344101 -16.17710114 -0,-35.09344101 -16.17710114 -1.60000002,-35.13018036 -16.29621696 -1.60000002,-35.13018036 -16.29621696 -0,-35.17281723 -16.41335297 -1.60000002,-35.17281723 -16.41335297 -0,-35.22123718 -16.52821732 -1.60000002,-35.22123718 -16.52821732 -0,-35.27532196 -16.64052582 -0,-35.27532196 -16.64052582 -1.60000002,-35.33493805 -16.75 -0,-35.33493805 -16.75 -1.60000002,-35.39993668 -16.8563652 -1.60000002,-35.39993668 -16.8563652 -0,-35.47015381 -16.95936012 -0,-35.47015381 -16.95936012 -1.60000002,-35.5454216 -17.05872536 -0,-35.5454216 -17.05872536 -1.60000002,-35.6255455 -17.15421486 -1.60000002,-35.6255455 -17.15421486 -0,-35.71033478 -17.24559212 -1.60000002,-35.71033478 -17.24559212 -0,-35.79956818 -17.33263016 -1.60000002,-35.79956818 -17.33263016 -0,-35.89303207 -17.41511154 -0,-35.89303207 -17.41511154 -1.60000002,-35.99048996 -17.49283218 -1.60000002,-35.99048996 -17.49283218 -0,-36.09170151 -17.56559753 -1.60000002,-36.09170151 -17.56559753 -0,-36.19641113 -17.63322639 -1.60000002,-36.19641113 -17.63322639 -0,-36.30436325 -17.69555473 -0,-36.30436325 -17.69555473 -1.60000002,-36.41529083 -17.75242233 -1.60000002,-36.41529083 -17.75242233 -0,-36.52891159 -17.80368996 -1.60000002,-36.52891159 -17.80368996 -0,-36.64495087 -17.84923172 -1.60000002,-36.64495087 -17.84923172 -0,-36.76311111 -17.88893127 -0,-36.76311111 -17.88893127 -1.60000002,-36.88310623 -17.92269325 -1.60000002,-36.88310623 -17.92269325 -0,-37.00463486 -17.95043182 -1.60000002,-37.00463486 -17.95043182 -0,-37.12739563 -17.97207642 -0,-37.12739563 -17.97207642 -1.60000002,-37.25107956 -17.98757744 -1.60000002,-37.25107956 -17.98757744 -0,-37.37538528 -17.99689293 -1.60000002,-37.37538528 -17.99689293 -0,-28.55999947 -18 -1.60000002,-27.81999969 -18 -1.60000002,-28.55999947 -18 -0,-27.81999969 -18 -0,-26.02000046 -18 -1.60000002,-25.28000069 -18 -1.60000002,-26.02000046 -18 -0,-25.28000069 -18 -0,-23.47999954 -18 -1.60000002,-22.73999977 -18 -1.60000002,-23.47999954 -18 -0,-22.73999977 -18 -0,-20.94000053 -18 -1.60000002,-20.20000076 -18 -1.60000002,-20.94000053 -18 -0,-20.20000076 -18 -0,-18.39999962 -18 -1.60000002,-17.65999985 -18 -1.60000002,-18.39999962 -18 -0,-17.65999985 -18 -0,-15.85999966 -18 -1.60000002,-15.11999989 -18 -1.60000002,-15.85999966 -18 -0,-15.11999989 -18 -0,-13.31999969 -18 -1.60000002,-12.57999992 -18 -1.60000002,-13.31999969 -18 -0,-12.57999992 -18 -0,-10.77999973 -18 -1.60000002,-10.03999996 -18 -1.60000002,-10.77999973 -18 -0,-10.03999996 -18 -0,-8.23999977 -18 -1.60000002,-7.5 -18 -1.60000002,-8.23999977 -18 -0,-7.5 -18 -0,-5.69999981 -18 -1.60000002,-4.96000004 -18 -1.60000002,-5.69999981 -18 -0,-4.96000004 -18 -0,-3.16000009 -18 -1.60000002,-2.42000008 -18 -1.60000002,-3.16000009 -18 -0,-2.42000008 -18 -0,-0.62 -18 -1.60000002,0.12 -18 -1.60000002,-0.62 -18 -0,0.12 -18 -0,1.91999996 -18 -1.60000002,2.66000009 -18 -1.60000002,1.91999996 -18 -0,2.66000009 -18 -0,4.46000004 -18 -1.60000002,5.19999981 -18 -1.60000002,4.46000004 -18 -0,5.19999981 -18 -0,7 -18 -1.60000002,7 -18 -0,-31.10000038 -18 -1.60000002,-30.36000061 -18 -1.60000002,-31.10000038 -18 -0,-30.36000061 -18 -0,-32.90000153 -18 -1.60000002,-32.90000153 -16 -1.60000002,-32.89891434 -15.95583916 -1.60000002,-32.89566803 -15.91178417 -1.60000002,-32.89025879 -15.86794281 -1.60000002,-32.88270569 -15.82441902 -1.60000002,-32.8730278 -15.78131771 -1.60000002,-32.86124802 -15.73874378 -1.60000002,-32.84738922 -15.69679928 -1.60000002,-32.83149338 -15.65558529 -1.60000002,-32.813591 -15.61520004 -1.60000002,-32.79372787 -15.57574272 -1.60000002,-32.7719574 -15.53730774 -1.60000002,-32.74832153 -15.49998665 -1.60000002,-32.72288513 -15.463871 -1.60000002,-32.69570923 -15.42904568 -1.60000002,-32.66685486 -15.3955965 -1.60000002,-32.6363945 -15.36360359 -1.60000002,-32.60440445 -15.33314419 -1.60000002,-32.57095337 -15.30429077 -1.60000002,-32.536129 -15.27711296 -1.60000002,-32.50001144 -15.25167751 -1.60000002,-32.46269226 -15.22804451 -1.60000002,-32.42425537 -15.20627117 -1.60000002,-32.38479996 -15.18640995 -1.60000002,-32.34441376 -15.16850853 -1.60000002,-32.30319977 -15.15261078 -1.60000002,-32.26125717 -15.13875389 -1.60000002,-32.21868134 -15.1269722 -1.60000002,-32.17558289 -15.11729336 -1.60000002,-32.13205719 -15.10974121 -1.60000002,-32.08821487 -15.10433388 -1.60000002,-32.04416275 -15.10108376 -1.60000002,-30.36000061 -16 -1.60000002,-30.35891533 -15.95583916 -1.60000002,-30.35566711 -15.91178417 -1.60000002,-30.35025978 -15.86794281 -1.60000002,-30.34270668 -15.82441902 -1.60000002,-30.33302879 -15.78131771 -1.60000002,-30.3212471 -15.73874378 -1.60000002,-30.30739021 -15.69679928 -1.60000002,-30.29149246 -15.65558529 -1.60000002,-30.27359009 -15.61520004 -1.60000002,-30.25372887 -15.57574272 -1.60000002,-30.23195648 -15.53730774 -1.60000002,-30.20832253 -15.49998665 -1.60000002,-30.18288612 -15.463871 -1.60000002,-30.15571022 -15.42904568 -1.60000002,-30.12685585 -15.3955965 -1.60000002,-30.09639549 -15.36360359 -1.60000002,-30.06440353 -15.33314419 -1.60000002,-30.03095436 -15.30429077 -1.60000002,-29.99612999 -15.27711296 -1.60000002,-29.96001244 -15.25167751 -1.60000002,-29.92269325 -15.22804451 -1.60000002,-29.88425636 -15.20627117 -1.60000002,-29.84479904 -15.18640995 -1.60000002,-29.80441475 -15.16850853 -1.60000002,-29.76320076 -15.15261078 -1.60000002,-29.72125626 -15.13875389 -1.60000002,-29.67868233 -15.1269722 -1.60000002,-29.63558197 -15.11729336 -1.60000002,-29.59205818 -15.10974121 -1.60000002,-29.54821587 -15.10433388 -1.60000002,-29.50416183 -15.10108376 -1.60000002,-27.81999969 -16 -1.60000002,-27.81891632 -15.95583916 -1.60000002,-27.8156662 -15.91178417 -1.60000002,-27.81025887 -15.86794281 -1.60000002,-27.80270767 -15.82441902 -1.60000002,-27.79302788 -15.78131771 -1.60000002,-27.78124619 -15.73874378 -1.60000002,-27.7673893 -15.69679928 -1.60000002,-27.75149155 -15.65558529 -1.60000002,-27.73359108 -15.61520004 -1.60000002,-27.71372986 -15.57574272 -1.60000002,-27.69195557 -15.53730774 -1.60000002,-27.66832352 -15.49998665 -1.60000002,-27.64288712 -15.463871 -1.60000002,-27.6157093 -15.42904568 -1.60000002,-27.58685684 -15.3955965 -1.60000002,-27.55639648 -15.36360359 -1.60000002,-27.52440262 -15.33314419 -1.60000002,-27.49095345 -15.30429077 -1.60000002,-27.45612907 -15.27711296 -1.60000002,-27.42001343 -15.25167751 -1.60000002,-27.38269234 -15.22804451 -1.60000002,-27.34425735 -15.20627117 -1.60000002,-27.30480003 -15.18640995 -1.60000002,-27.26441574 -15.16850853 -1.60000002,-27.22320175 -15.15261078 -1.60000002,-27.18125534 -15.13875389 -1.60000002,-27.13868141 -15.1269722 -1.60000002,-27.09558105 -15.11729336 -1.60000002,-27.05205727 -15.10974121 -1.60000002,-27.00821495 -15.10433388 -1.60000002,-25.28000069 -16 -1.60000002,-25.27891541 -15.95583916 -1.60000002,-25.27566719 -15.91178417 -1.60000002,-25.27025795 -15.86794281 -1.60000002,-25.26270676 -15.82441902 -1.60000002,-25.25302887 -15.78131771 -1.60000002,-25.24124718 -15.73874378 -1.60000002,-25.22739029 -15.69679928 -1.60000002,-25.21149063 -15.65558529 -1.60000002,-25.19359016 -15.61520004 -1.60000002,-25.17372894 -15.57574272 -1.60000002,-25.15195656 -15.53730774 -1.60000002,-25.1283226 -15.49998665 -1.60000002,-25.1028862 -15.463871 -1.60000002,-25.0757103 -15.42904568 -1.60000002,-25.04685593 -15.3955965 -1.60000002,-25.01639557 -15.36360359 -1.60000002,-24.98440361 -15.33314419 -1.60000002,-24.95095444 -15.30429077 -1.60000002,-24.91613007 -15.27711296 -1.60000002,-24.88001251 -15.25167751 -1.60000002,-24.84269333 -15.22804451 -1.60000002,-24.80425644 -15.20627117 -1.60000002,-24.76479912 -15.18640995 -1.60000002,-24.72441483 -15.16850853 -1.60000002,-24.68320084 -15.15261078 -1.60000002,-24.64125633 -15.13875389 -1.60000002,-24.5986824 -15.1269722 -1.60000002,-24.55558205 -15.11729336 -1.60000002,-24.51205826 -15.10974121 -1.60000002,-24.46821594 -15.10433388 -1.60000002,-22.73999977 -16 -1.60000002,-22.7389164 -15.95583916 -1.60000002,-22.73566628 -15.91178417 -1.60000002,-22.73025894 -15.86794281 -1.60000002,-22.72270584 -15.82441902 -1.60000002,-22.71302795 -15.78131771 -1.60000002,-22.70124626 -15.73874378 -1.60000002,-22.68738937 -15.69679928 -1.60000002,-22.67149162 -15.65558529 -1.60000002,-22.65359116 -15.61520004 -1.60000002,-22.63372993 -15.57574272 -1.60000002,-22.61195564 -15.53730774 -1.60000002,-22.58832359 -15.49998665 -1.60000002,-22.56288719 -15.463871 -1.60000002,-22.53570938 -15.42904568 -1.60000002,-22.50685692 -15.3955965 -1.60000002,-22.47639656 -15.36360359 -1.60000002,-22.44440269 -15.33314419 -1.60000002,-22.41095352 -15.30429077 -1.60000002,-22.37612915 -15.27711296 -1.60000002,-22.3400135 -15.25167751 -1.60000002,-22.30269241 -15.22804451 -1.60000002,-22.26425743 -15.20627117 -1.60000002,-22.22480011 -15.18640995 -1.60000002,-22.18441582 -15.16850853 -1.60000002,-22.14319992 -15.15261078 -1.60000002,-22.10125542 -15.13875389 -1.60000002,-22.05868149 -15.1269722 -1.60000002,-22.01558113 -15.11729336 -1.60000002,-21.97205734 -15.10974121 -1.60000002,-21.92821503 -15.10433388 -1.60000002,-21.884161 -15.10108376 -1.60000002,-20.20000076 -16 -1.60000002,-20.19891548 -15.95583916 -1.60000002,-20.19566536 -15.91178417 -1.60000002,-20.19025803 -15.86794281 -1.60000002,-20.18270683 -15.82441902 -1.60000002,-20.17302895 -15.78131771 -1.60000002,-20.16124725 -15.73874378 -1.60000002,-20.14739037 -15.69679928 -1.60000002,-20.13149071 -15.65558529 -1.60000002,-20.11359024 -15.61520004 -1.60000002,-20.09372902 -15.57574272 -1.60000002,-20.07195663 -15.53730774 -1.60000002,-20.04832268 -15.49998665 -1.60000002,-20.02288628 -15.463871 -1.60000002,-19.99570847 -15.42904568 -1.60000002,-19.966856 -15.3955965 -1.60000002,-19.93639565 -15.36360359 -1.60000002,-19.90440369 -15.33314419 -1.60000002,-19.87095451 -15.30429077 -1.60000002,-19.83613014 -15.27711296 -1.60000002,-19.80001259 -15.25167751 -1.60000002,-19.76269341 -15.22804451 -1.60000002,-19.72425652 -15.20627117 -1.60000002,-19.68479919 -15.18640995 -1.60000002,-19.6444149 -15.16850853 -1.60000002,-19.60320091 -15.15261078 -1.60000002,-19.56125641 -15.13875389 -1.60000002,-19.51868248 -15.1269722 -1.60000002,-19.47558212 -15.11729336 -1.60000002,-19.43205833 -15.10974121 -1.60000002,-19.38821602 -15.10433388 -1.60000002,-19.34416008 -15.10108376 -1.60000002,-17.65999985 -16 -1.60000002,-17.65891647 -15.95583916 -1.60000002,-17.65566635 -15.91178417 -1.60000002,-17.65025902 -15.86794281 -1.60000002,-17.64270592 -15.82441902 -1.60000002,-17.63302803 -15.78131771 -1.60000002,-17.62124634 -15.73874378 -1.60000002,-17.60738945 -15.69679928 -1.60000002,-17.5914917 -15.65558529 -1.60000002,-17.57359123 -15.61520004 -1.60000002,-17.55373001 -15.57574272 -1.60000002,-17.53195572 -15.53730774 -1.60000002,-17.50832176 -15.49998665 -1.60000002,-17.48288727 -15.463871 -1.60000002,-17.45570946 -15.42904568 -1.60000002,-17.42685509 -15.3955965 -1.60000002,-17.39639664 -15.36360359 -1.60000002,-17.36440277 -15.33314419 -1.60000002,-17.3309536 -15.30429077 -1.60000002,-17.29612923 -15.27711296 -1.60000002,-17.26001358 -15.25167751 -1.60000002,-17.22269249 -15.22804451 -1.60000002,-17.18425751 -15.20627117 -1.60000002,-17.14480019 -15.18640995 -1.60000002,-17.10441589 -15.16850853 -1.60000002,-17.0632 -15.15261078 -1.60000002,-17.02125549 -15.13875389 -1.60000002,-16.97868156 -15.1269722 -1.60000002,-16.93558121 -15.11729336 -1.60000002,-16.89205742 -15.10974121 -1.60000002,-16.8482151 -15.10433388 -1.60000002,-16.80416107 -15.10108376 -1.60000002,-15.11999989 -16 -1.60000002,-15.11891556 -15.95583916 -1.60000002,-15.11566639 -15.91178417 -1.60000002,-15.11025906 -15.86794281 -1.60000002,-15.10270691 -15.82441902 -1.60000002,-15.09302807 -15.78131771 -1.60000002,-15.08124638 -15.73874378 -1.60000002,-15.06738949 -15.69679928 -1.60000002,-15.05149174 -15.65558529 -1.60000002,-15.03359032 -15.61520004 -1.60000002,-15.0137291 -15.57574272 -1.60000002,-14.99195576 -15.53730774 -1.60000002,-14.96832275 -15.49998665 -1.60000002,-14.94288635 -15.463871 -1.60000002,-14.9157095 -15.42904568 -1.60000002,-14.88685608 -15.3955965 -1.60000002,-14.85639572 -15.36360359 -1.60000002,-14.82440281 -15.33314419 -1.60000002,-14.79095364 -15.30429077 -1.60000002,-14.75612926 -15.27711296 -1.60000002,-14.72001362 -15.25167751 -1.60000002,-14.68269253 -15.22804451 -1.60000002,-14.64425659 -15.20627117 -1.60000002,-14.60479927 -15.18640995 -1.60000002,-14.56441498 -15.16850853 -1.60000002,-14.52320099 -15.15261078 -1.60000002,-14.48125648 -15.13875389 -1.60000002,-14.43868256 -15.1269722 -1.60000002,-14.39558125 -15.11729336 -1.60000002,-14.35205746 -15.10974121 -1.60000002,-14.30821514 -15.10433388 -1.60000002,-14.26416111 -15.10108376 -1.60000002,-12.57999992 -16 -1.60000002,-12.5789156 -15.95583916 -1.60000002,-12.57566643 -15.91178417 -1.60000002,-12.57025909 -15.86794281 -1.60000002,-12.56270695 -15.82441902 -1.60000002,-12.55302811 -15.78131771 -1.60000002,-12.54124641 -15.73874378 -1.60000002,-12.52738953 -15.69679928 -1.60000002,-12.51149178 -15.65558529 -1.60000002,-12.49359035 -15.61520004 -1.60000002,-12.47372913 -15.57574272 -1.60000002,-12.4519558 -15.53730774 -1.60000002,-12.42832279 -15.49998665 -1.60000002,-12.40288639 -15.463871 -1.60000002,-12.37570953 -15.42904568 -1.60000002,-12.34685612 -15.3955965 -1.60000002,-12.31639576 -15.36360359 -1.60000002,-12.28440285 -15.33314419 -1.60000002,-12.25095367 -15.30429077 -1.60000002,-12.2161293 -15.27711296 -1.60000002,-12.18001366 -15.25167751 -1.60000002,-12.14269257 -15.22804451 -1.60000002,-12.10425663 -15.20627117 -1.60000002,-12.06479931 -15.18640995 -1.60000002,-12.02441502 -15.16850853 -1.60000002,-11.98320103 -15.15261078 -1.60000002,-11.94125652 -15.13875389 -1.60000002,-11.89868259 -15.1269722 -1.60000002,-11.85558128 -15.11729336 -1.60000002,-11.8120575 -15.10974121 -1.60000002,-11.76821518 -15.10433388 -1.60000002,-11.72416115 -15.10108376 -1.60000002,-10.03999996 -16 -1.60000002,-10.03891563 -15.95583916 -1.60000002,-10.03566647 -15.91178417 -1.60000002,-10.03025913 -15.86794281 -1.60000002,-10.02270699 -15.82441902 -1.60000002,-10.01302814 -15.78131771 -1.60000002,-10.00124645 -15.73874378 -1.60000002,-9.98738956 -15.69679928 -1.60000002,-9.97149181 -15.65558529 -1.60000002,-9.95359039 -15.61520004 -1.60000002,-39.25309372 13.71767902 -1.60000002,-39.17889786 -13.64762211 -1.60000002,-39.26776886 -13.73223305 -1.60000002,-39.33930969 13.80679607 -1.60000002,-39.35237885 -13.82110214 -1.60000002,-39.16256332 13.63294601 -1.60000002,-39.08598328 -13.56747341 -1.60000002,-39.42100143 13.90007877 -1.60000002,-39.43252563 -13.91401672 -1.60000002,-39.06793976 13.55280685 -1.60000002,-38.98924637 -13.49198151 -1.60000002,-9.93372917 -15.57574272 -1.60000002,-39.49797058 13.99729729 -1.60000002,-39.50801849 -14.01075172 -1.60000002,-38.96946335 13.47745705 -1.60000002,-38.88892746 -13.42132568 -1.60000002,-39.57002258 14.09821224 -1.60000002,-39.57867432 -14.11107445 -1.60000002,-38.86737061 13.40708351 -1.60000002,-38.78525543 -13.35567856 -1.60000002,-9.91195583 -15.53730774 -1.60000002,-39.63698196 14.20257568 -1.60000002,-39.64432144 -14.21474361 -1.60000002,-38.7619133 13.34185886 -1.60000002,-38.6784935 -13.29519653 -1.60000002,-39.69868469 14.31013107 -1.60000002,-39.70480347 -14.32150841 -1.60000002,-9.88832283 -15.49998665 -1.60000002,-38.65335464 13.28194332 -1.60000002,-38.56888962 -13.24002647 -1.60000002,-39.75497818 14.42061424 -1.60000002,-39.75997162 -14.43111229 -1.60000002,-9.86288643 -15.463871 -1.60000002,-38.54195404 13.22748375 -1.60000002,-38.456707 -13.19030094 -1.60000002,-39.8057251 14.53375244 -1.60000002,-39.80970001 -14.54329109 -1.60000002,-9.83570957 -15.42904568 -1.60000002,-38.42799377 13.17861462 -1.60000002,-38.34222412 -13.1461401 -1.60000002,-9.80685616 -15.3955965 -1.60000002,-39.85079956 14.6492672 -1.60000002,-39.85385895 -14.65777493 -1.60000002,-38.3117485 13.13545704 -1.60000002,-38.22571182 -13.10764885 -1.60000002,-9.7763958 -15.36360359 -1.60000002,-39.89009094 14.76687527 -1.60000002,-39.89234924 -14.77428818 -1.60000002,-38.19350815 13.09811592 -1.60000002,-38.10744858 -13.07492161 -1.60000002,-9.74440289 -15.33314419 -1.60000002,-39.92350006 14.88628674 -1.60000002,-39.92507935 -14.89254951 -1.60000002,-9.71095371 -15.30429077 -1.60000002,-38.07355881 13.06668377 -1.60000002,-37.9877243 -13.04803658 -1.60000002,-9.67612934 -15.27711296 -1.60000002,-39.95095062 15.00720787 -1.60000002,-39.95196152 -15.01227379 -1.60000002,-37.95220184 13.04123688 -1.60000002,-37.8668251 -13.0270586 -1.60000002,-9.64001274 -15.25167751 -1.60000002,-39.97237015 15.12934113 -1.60000002,-39.97294235 -15.13317394 -1.60000002,-9.6026926 -15.22804451 -1.60000002,-37.82973099 13.0218401 -1.60000002,-37.74504471 -13.01203823 -1.60000002,-9.56425667 -15.20627117 -1.60000002,-39.98770905 15.25238609 -1.60000002,-39.98796082 -15.2549572 -1.60000002,-9.52479935 -15.18640995 -1.60000002,-37.7064476 13.0085392 -1.60000002,-37.62266922 -13.0030117 -1.60000002,-9.48441505 -15.16850853 -1.60000002,-39.99692535 15.37604046 -1.60000002,-39.9969902 -15.37733078 -1.60000002,-9.44320107 -15.15261078 -1.60000002,-37.58265686 13.00136662 -1.60000002,-9.40125656 -15.13875389 -1.60000002,-9.35868263 -15.1269722 -1.60000002,-37.45866394 13.00034142 -1.60000002,-9.31558132 -15.11729336 -1.60000002,-9.27205753 -15.10974121 -1.60000002,-9.22821522 -15.10433388 -1.60000002,-37.33477402 13.00546551 -1.60000002,-9.18416119 -15.10108376 -1.60000002,-37.21128845 13.01672649 -1.60000002,-37.08851242 13.03409672 -1.60000002,-36.9667511 13.05753326 -1.60000002,-36.84630203 13.08697796 -1.60000002,-36.72745895 13.12235832 -1.60000002,-7.5 -16 -1.60000002,-7.49891567 -15.95583916 -1.60000002,-36.61051559 13.16358852 -1.60000002,-7.49566603 -15.91178417 -1.60000002,-7.49025869 -15.86794281 -1.60000002,-7.48270655 -15.82441902 -1.60000002,-36.49576187 13.21056652 -1.60000002,-7.47302818 -15.78131771 -1.60000002,-7.46124649 -15.73874378 -1.60000002,-7.4473896 -15.69679928 -1.60000002,-36.38347626 13.26317692 -1.60000002,-7.43149137 -15.65558529 -1.60000002,-7.41359043 -15.61520004 -1.60000002,-7.39372921 -15.57574272 -1.60000002,-36.27394104 13.32128906 -1.60000002,-7.37195587 -15.53730774 -1.60000002,-7.34832287 -15.49998665 -1.60000002,-7.32288694 -15.463871 -1.60000002,-36.16741943 13.38476181 -1.60000002,-26.96416092 -15.10108376 -1.60000002,-7.29570961 -15.42904568 -1.60000002,-7.26685619 -15.3955965 -1.60000002,-36.06417847 13.45343781 -1.60000002,-7.23639631 -15.36360359 -1.60000002,-7.20440292 -15.33314419 -1.60000002,-7.17095375 -15.30429077 -1.60000002,-35.96446991 13.5271492 -1.60000002,-7.13612938 -15.27711296 -1.60000002,-7.10001326 -15.25167751 -1.60000002,-7.06269264 -15.22804451 -1.60000002,-35.86853409 13.60571289 -1.60000002,-24.42416 -15.10108376 -1.60000002,-7.02425718 -15.20627117 -1.60000002,-6.98479939 -15.18640995 -1.60000002,-6.94441509 -15.16850853 -1.60000002,-35.77661514 13.68893719 -1.60000002,-6.9032011 -15.15261078 -1.60000002,-6.86125612 -15.13875389 -1.60000002,-6.81868219 -15.1269722 -1.60000002,-35.68893814 13.7766161 -1.60000002,-6.77558136 -15.11729336 -1.60000002,-6.73205757 -15.10974121 -1.60000002,-6.68821526 -15.10433388 -1.60000002,-6.64416075 -15.10108376 -1.60000002,-35.60571289 13.868536 -1.60000002,-35.5271492 13.964468 -1.60000002,-35.45343781 14.06417847 -1.60000002,-35.38476181 14.16742039 -1.60000002,-35.32128906 14.27394104 -1.60000002,-4.96000004 -16 -1.60000002,-4.95891571 -15.95583916 -1.60000002,-35.26317596 14.38347816 -1.60000002,-4.95566607 -15.91178417 -1.60000002,-4.95025873 -15.86794281 -1.60000002,-4.94270658 -15.82441902 -1.60000002,-35.21056747 14.49576187 -1.60000002,-4.93302822 -15.78131771 -1.60000002,-4.92124653 -15.73874378 -1.60000002,-4.90738964 -15.69679928 -1.60000002,-35.16358948 14.61051559 -1.60000002,-4.89149141 -15.65558529 -1.60000002,-4.87359047 -15.61520004 -1.60000002,-4.85372925 -15.57574272 -1.60000002,-35.12236023 14.72745705 -1.60000002,-4.83195591 -15.53730774 -1.60000002,-4.80832243 -15.49998665 -1.60000002,-4.78288698 -15.463871 -1.60000002,-35.08697891 14.84630013 -1.60000002,-4.75570917 -15.42904568 -1.60000002,-4.72685623 -15.3955965 -1.60000002,-35.05753326 14.9667511 -1.60000002,-4.69639587 -15.36360359 -1.60000002,-4.66440296 -15.33314419 -1.60000002,-35.03409576 15.08851337 -1.60000002,-4.63095379 -15.30429077 -1.60000002,-4.59612942 -15.27711296 -1.60000002,-4.56001329 -15.25167751 -1.60000002,-35.01672745 15.21128845 -1.60000002,-4.52269268 -15.22804451 -1.60000002,-4.48425722 -15.20627117 -1.60000002,-35.00546646 15.33477306 -1.60000002,-4.44479942 -15.18640995 -1.60000002,-4.40441513 -15.16850853 -1.60000002,-35.00034332 15.45866489 -1.60000002,-4.36320066 -15.15261078 -1.60000002,-4.32125616 -15.13875389 -1.60000002,-4.27868223 -15.1269722 -1.60000002,-4.2355814 -15.11729336 -1.60000002,-4.19205761 -15.10974121 -1.60000002,-4.14821529 -15.10433388 -1.60000002,-4.10416079 -15.10108376 -1.60000002,-35.00136566 15.58265877 -1.60000002,-2.42000008 -16 -1.60000002,-2.41891599 -15.95583916 -1.60000002,-2.41566634 -15.91178417 -1.60000002,-2.41025877 -15.86794281 -1.60000002,-2.40270686 -15.82441902 -1.60000002,-2.39302802 -15.78131771 -1.60000002,-2.38124633 -15.73874378 -1.60000002,-2.36738968 -15.69679928 -1.60000002,-2.35149169 -15.65558529 -1.60000002,-2.33359027 -15.61520004 -1.60000002,-2.31372905 -15.57574272 -1.60000002,-2.29195571 -15.53730774 -1.60000002,-2.26832271 -15.49998665 -1.60000002,-2.24288678 -15.463871 -1.60000002,-2.21570945 -15.42904568 -1.60000002,-2.18685603 -15.3955965 -1.60000002,-2.15639615 -15.36360359 -1.60000002,-2.124403 -15.33314419 -1.60000002,-2.09095407 -15.30429077 -1.60000002,-2.05612946 -15.27711296 -1.60000002,-2.02001309 -15.25167751 -1.60000002,-1.98269248 -15.22804451 -1.60000002,-1.94425702 -15.20627117 -1.60000002,-1.90479958 -15.18640995 -1.60000002,-1.86441505 -15.16850853 -1.60000002,-1.82320082 -15.15261078 -1.60000002,-1.7812562 -15.13875389 -1.60000002,-1.73868215 -15.1269722 -1.60000002,-1.69558132 -15.11729336 -1.60000002,-1.65205741 -15.10974121 -1.60000002,-1.60821545 -15.10433388 -1.60000002,-1.56416094 -15.10108376 -1.60000002,-35.00853729 15.70644855 -1.60000002,-35.02183914 15.82973003 -1.60000002,0.12 -16 -1.60000002,0.12108409 -15.95583916 -1.60000002,0.12433375 -15.91178417 -1.60000002,0.12974115 -15.86794281 -1.60000002,0.13729325 -15.82441902 -1.60000002,0.14697187 -15.78131771 -1.60000002,0.15875369 -15.73874378 -1.60000002,0.17261034 -15.69679928 -1.60000002,0.18850842 -15.65558529 -1.60000002,0.20640963 -15.61520004 -1.60000002,0.22627087 -15.57574272 -1.60000002,0.24804425 -15.53730774 -1.60000002,0.27167735 -15.49998665 -1.60000002,0.29711321 -15.463871 -1.60000002,0.3242906 -15.42904568 -1.60000002,0.35314399 -15.3955965 -1.60000002,0.3836039 -15.36360359 -1.60000002,0.41559693 -15.33314419 -1.60000002,0.44904605 -15.30429077 -1.60000002,0.48387063 -15.27711296 -1.60000002,0.51998681 -15.25167751 -1.60000002,0.55730754 -15.22804451 -1.60000002,0.59574294 -15.20627117 -1.60000002,0.63520044 -15.18640995 -1.60000002,0.67558491 -15.16850853 -1.60000002,0.71679914 -15.15261078 -1.60000002,0.75874376 -15.13875389 -1.60000002,0.80131781 -15.1269722 -1.60000002,0.8444187 -15.11729336 -1.60000002,0.88794255 -15.10974121 -1.60000002,0.93178457 -15.10433388 -1.60000002,0.97583908 -15.10108376 -1.60000002,2.66000009 -16 -1.60000002,2.66108418 -15.95583916 -1.60000002,2.66433382 -15.91178417 -1.60000002,2.66974115 -15.86794281 -1.60000002,2.6772933 -15.82441902 -1.60000002,2.6869719 -15.78131771 -1.60000002,2.6987536 -15.73874378 -1.60000002,2.71261024 -15.69679928 -1.60000002,2.72850847 -15.65558529 -1.60000002,2.74640965 -15.61520004 -1.60000002,2.76627088 -15.57574272 -1.60000002,2.78804421 -15.53730774 -1.60000002,2.81167746 -15.49998665 -1.60000002,2.83711314 -15.463871 -1.60000002,2.86429048 -15.42904568 -1.60000002,2.89314389 -15.3955965 -1.60000002,2.92360401 -15.36360359 -1.60000002,2.95559692 -15.33314419 -1.60000002,2.9890461 -15.30429077 -1.60000002,3.02387071 -15.27711296 -1.60000002,3.05998683 -15.25167751 -1.60000002,3.09730744 -15.22804451 -1.60000002,3.1357429 -15.20627117 -1.60000002,3.17520046 -15.18640995 -1.60000002,3.21558499 -15.16850853 -1.60000002,3.25679922 -15.15261078 -1.60000002,3.29874372 -15.13875389 -1.60000002,3.34131789 -15.1269722 -1.60000002,3.38441873 -15.11729336 -1.60000002,3.42794251 -15.10974121 -1.60000002,3.47178459 -15.10433388 -1.60000002,3.5158391 -15.10108376 -1.60000002,5.19999981 -16 -1.60000002,5.20108414 -15.95583916 -1.60000002,5.20433378 -15.91178417 -1.60000002,5.20974112 -15.86794281 -1.60000002,5.21729326 -15.82441902 -1.60000002,5.2269721 -15.78131771 -1.60000002,5.2387538 -15.73874378 -1.60000002,5.25261021 -15.69679928 -1.60000002,5.26850843 -15.65558529 -1.60000002,5.28640985 -15.61520004 -1.60000002,5.30627108 -15.57574272 -1.60000002,5.32804441 -15.53730774 -1.60000002,5.35167742 -15.49998665 -1.60000002,5.37711334 -15.463871 -1.60000002,5.40429068 -15.42904568 -1.60000002,5.43314409 -15.3955965 -1.60000002,5.46360397 -15.36360359 -1.60000002,5.49559689 -15.33314419 -1.60000002,5.52904606 -15.30429077 -1.60000002,5.56387043 -15.27711296 -1.60000002,5.59998655 -15.25167751 -1.60000002,5.63730764 -15.22804451 -1.60000002,5.6757431 -15.20627117 -1.60000002,5.71520042 -15.18640995 -1.60000002,5.75558472 -15.16850853 -1.60000002,5.79679918 -15.15261078 -1.60000002,5.83874369 -15.13875389 -1.60000002,5.88131762 -15.1269722 -1.60000002,5.92441893 -15.11729336 -1.60000002,5.96794271 -15.10974121 -1.60000002,6.01178455 -15.10433388 -1.60000002,6.05583906 -15.10108376 -1.60000002,35.79956818 -17.33263016 -1.60000002,35.71033478 -17.24559212 -1.60000002,35.6255455 -17.15421486 -1.60000002,35.89303207 -17.41511154 -1.60000002,35.5454216 -17.05872536 -1.60000002,35.99048996 -17.49283218 -1.60000002,35.47015381 -16.95936012 -1.60000002,36.09170151 -17.56559753 -1.60000002,35.39993668 -16.8563652 -1.60000002,36.19641113 -17.63322639 -1.60000002,35.33493805 -16.75 -1.60000002,36.30436325 -17.69555473 -1.60000002,35.27532196 -16.64052582 -1.60000002,36.41529083 -17.75242233 -1.60000002,35.22123718 -16.52821732 -1.60000002,36.52891159 -17.80368996 -1.60000002,35.17281723 -16.41335297 -1.60000002,36.64495087 -17.84923172 -1.60000002,35.13018036 -16.29621696 -1.60000002,36.76311111 -17.88893127 -1.60000002,35.09344101 -16.17710114 -1.60000002,36.88310623 -17.92269325 -1.60000002,35.06267929 -16.05630302 -1.60000002,37.00463486 -17.95043182 -1.60000002,35.03797913 -15.93412018 -1.60000002,37.12739563 -17.97207642 -1.60000002,35.01940155 -15.81085968 -1.60000002,35.00699234 -15.6868248 -1.60000002,35.0007782 -15.56232643 -1.60000002,35.0007782 -15.43767357 -1.60000002,35.00699234 -15.3131752 -1.60000002,35.01940155 -15.18914032 -1.60000002,35.03797913 -15.06587982 -1.60000002,35.06267929 -14.94369793 -1.60000002,35.09344101 -14.82289886 -1.60000002,35.13018036 -14.70378304 -1.60000002,35.17281723 -14.58664703 -1.60000002,35.22123718 -14.47178268 -1.60000002,35.27532196 -14.35947323 -1.60000002,35.33493805 -14.25 -1.60000002,35.39993668 -14.1436348 -1.60000002,35.47015381 -14.04064083 -1.60000002,35.5454216 -13.9412756 -1.60000002,35.6255455 -13.84578514 -1.60000002,35.77661514 13.68893719 -1.60000002,35.79956818 -13.6673708 -1.60000002,35.71033478 -13.75440788 -1.60000002,35.68893814 13.7766161 -1.60000002,35.86853409 13.60571289 -1.60000002,35.89303207 -13.58488846 -1.60000002,35.60571289 13.868536 -1.60000002,35.96446991 13.5271492 -1.60000002,35.99048996 -13.50716877 -1.60000002,35.5271492 13.964468 -1.60000002,36.06417847 13.45343781 -1.60000002,36.09170151 -13.43440342 -1.60000002,35.45343781 14.06417847 -1.60000002,36.16741943 13.38476181 -1.60000002,36.19641113 -13.36677265 -1.60000002,35.38476181 14.16742039 -1.60000002,36.27394104 13.32128906 -1.60000002,36.30436325 -13.30444622 -1.60000002,35.32128906 14.27394104 -1.60000002,36.38347626 13.26317692 -1.60000002,36.41529083 -13.24757767 -1.60000002,35.26317596 14.38347816 -1.60000002,36.49576187 13.21056652 -1.60000002,36.52891159 -13.19630909 -1.60000002,35.21056747 14.49576187 -1.60000002,36.61051559 13.16358852 -1.60000002,36.64495087 -13.15076828 -1.60000002,35.16358948 14.61051559 -1.60000002,36.72745895 13.12235832 -1.60000002,36.76311111 -13.11106777 -1.60000002,35.12236023 14.72745705 -1.60000002,36.84630203 13.08697796 -1.60000002,36.88310623 -13.07730675 -1.60000002,35.08697891 14.84630013 -1.60000002,36.9667511 13.05753326 -1.60000002,37.00463486 -13.04956913 -1.60000002,35.05753326 14.9667511 -1.60000002,37.08851242 13.03409672 -1.60000002,37.12739563 -13.02792263 -1.60000002,35.03409576 15.08851337 -1.60000002,37.21128845 13.01672649 -1.60000002,37.25107956 -13.01242352 -1.60000002,35.01672745 15.21128845 -1.60000002,37.33477402 13.00546551 -1.60000002,37.37538528 -13.00310802 -1.60000002,35.00546646 15.33477306 -1.60000002,37.45866394 13.00034142 -1.60000002,35.00034332 15.45866489 -1.60000002,37.58265686 13.00136662 -1.60000002,35.00136566 15.58265877 -1.60000002,37.7064476 13.0085392 -1.60000002,35.00853729 15.70644855 -1.60000002,37.82973099 13.0218401 -1.60000002,35.02183914 15.82973003 -1.60000002,37.95220184 13.04123688 -1.60000002,35.04123688 15.95220089 -1.60000002,-35.04123688 15.95220089 -1.60000002,-35.06668472 16.07356071 -1.60000002,38.07355881 13.06668377 -1.60000002,35.06668472 16.07356071 -1.60000002,38.19350815 13.09811592 -1.60000002,35.09811401 16.19350815 -1.60000002,-35.09811401 16.19350815 -1.60000002,38.3117485 13.13545704 -1.60000002,35.13545609 16.3117485 -1.60000002,-35.13545609 16.3117485 -1.60000002,-35.17861557 16.42799377 -1.60000002,38.42799377 13.17861462 -1.60000002,35.17861557 16.42799377 -1.60000002,38.54195404 13.22748375 -1.60000002,35.22748184 16.54195404 -1.60000002,-35.22748184 16.54195404 -1.60000002,-35.28194427 16.65335274 -1.60000002,38.65335464 13.28194332 -1.60000002,35.28194427 16.65335274 -1.60000002,38.7619133 13.34185886 -1.60000002,35.34185791 16.7619133 -1.60000002,-35.34185791 16.7619133 -1.60000002,38.86737061 13.40708351 -1.60000002,35.40708542 16.86737061 -1.60000002,-35.40708542 16.86737061 -1.60000002,38.96946335 13.47745705 -1.60000002,35.47745895 16.96946335 -1.60000002,-35.47745895 16.96946335 -1.60000002,39.06793976 13.55280685 -1.60000002,35.55280685 17.06794167 -1.60000002,-35.55280685 17.06794167 -1.60000002,39.16256332 13.63294601 -1.60000002,35.63294601 17.16256142 -1.60000002,-35.63294601 17.16256142 -1.60000002,-35.71767807 17.25309181 -1.60000002,39.25309372 13.71767902 -1.60000002,35.71767807 17.25309181 -1.60000002,-35.80679703 17.33930969 -1.60000002,39.33930969 13.80679607 -1.60000002,35.80679703 17.33930969 -1.60000002,39.42100143 13.90007877 -1.60000002,35.90007782 17.42100334 -1.60000002,-35.90007782 17.42100334 -1.60000002,39.49797058 13.99729729 -1.60000002,35.99729538 17.49797058 -1.60000002,-35.99729538 17.49797058 -1.60000002,39.57002258 14.09821224 -1.60000002,36.0982132 17.57002258 -1.60000002,-36.0982132 17.57002258 -1.60000002,39.63698196 14.20257568 -1.60000002,36.20257568 17.63698196 -1.60000002,-36.20257568 17.63698196 -1.60000002,39.69868469 14.31013107 -1.60000002,36.31013107 17.69868469 -1.60000002,-36.31013107 17.69868469 -1.60000002,-36.42061234 17.75497818 -1.60000002,39.75497818 14.42061424 -1.60000002,36.42061234 17.75497818 -1.60000002,39.8057251 14.53375244 -1.60000002,39.85079956 14.6492672 -1.60000002,37.37604141 17.99692535 -1.60000002,-37.37604141 17.99692535 -1.60000002,37.252388 17.98770714 -1.60000002,-37.252388 17.98770714 -1.60000002,-37.12934113 17.97237015 -1.60000002,37.12934113 17.97237015 -1.60000002,37.00720596 17.95095062 -1.60000002,-37.00720596 17.95095062 -1.60000002,36.88628769 17.92350006 -1.60000002,-36.88628769 17.92350006 -1.60000002,-36.76687622 17.89008904 -1.60000002,36.76687622 17.89008904 -1.60000002,36.64926529 17.85079765 -1.60000002,-36.64926529 17.85079765 -1.60000002,36.53375244 17.8057251 -1.60000002,-36.53375244 17.8057251 -1.60000002,39.99692535 15.37604046 -1.60000002,39.98770905 15.25238609 -1.60000002,39.97237015 15.12934113 -1.60000002,39.95095062 15.00720787 -1.60000002,39.92350006 14.88628674 -1.60000002,39.89009094 14.76687527 -1.60000002,37.37538528 -17.99689293 -1.60000002,37.25107956 -17.98757744 -1.60000002,-32.90000153 -18 -0,-32.90000153 -16 -0,-32.89891434 -15.95583916 -0,-32.89566803 -15.91178417 -0,-32.89025879 -15.86794281 -0,-32.88270569 -15.82441902 -0,-32.8730278 -15.78131771 -0,-32.86124802 -15.73874378 -0,-32.84738922 -15.69679928 -0,-32.83149338 -15.65558529 -0,-32.813591 -15.61520004 -0,-32.79372787 -15.57574272 -0,-32.7719574 -15.53730774 -0,-32.74832153 -15.49998665 -0,-32.72288513 -15.463871 -0,-32.69570923 -15.42904568 -0,-32.66685486 -15.3955965 -0,-32.6363945 -15.36360359 -0,-32.60440445 -15.33314419 -0,-32.57095337 -15.30429077 -0,-32.536129 -15.27711296 -0,-32.50001144 -15.25167751 -0,-32.46269226 -15.22804451 -0,-32.42425537 -15.20627117 -0,-32.38479996 -15.18640995 -0,-32.34441376 -15.16850853 -0,-32.30319977 -15.15261078 -0,-32.26125717 -15.13875389 -0,-32.21868134 -15.1269722 -0,-32.17558289 -15.11729336 -0,-32.13205719 -15.10974121 -0,-32.08821487 -15.10433388 -0,-32.04416275 -15.10108376 -0,-30.36000061 -16 -0,-30.35891533 -15.95583916 -0,-30.35566711 -15.91178417 -0,-30.35025978 -15.86794281 -0,-30.34270668 -15.82441902 -0,-30.33302879 -15.78131771 -0,-30.3212471 -15.73874378 -0,-30.30739021 -15.69679928 -0,-30.29149246 -15.65558529 -0,-30.27359009 -15.61520004 -0,-30.25372887 -15.57574272 -0,-30.23195648 -15.53730774 -0,-30.20832253 -15.49998665 -0,-30.18288612 -15.463871 -0,-30.15571022 -15.42904568 -0,-30.12685585 -15.3955965 -0,-30.09639549 -15.36360359 -0,-30.06440353 -15.33314419 -0,-30.03095436 -15.30429077 -0,-29.99612999 -15.27711296 -0,-29.96001244 -15.25167751 -0,-29.92269325 -15.22804451 -0,-29.88425636 -15.20627117 -0,-29.84479904 -15.18640995 -0,-29.80441475 -15.16850853 -0,-29.76320076 -15.15261078 -0,-29.72125626 -15.13875389 -0,-29.67868233 -15.1269722 -0,-29.63558197 -15.11729336 -0,-29.59205818 -15.10974121 -0,-29.54821587 -15.10433388 -0,-29.50416183 -15.10108376 -0,-27.81999969 -16 -0,-27.81891632 -15.95583916 -0,-27.8156662 -15.91178417 -0,-27.81025887 -15.86794281 -0,-27.80270767 -15.82441902 -0,-27.79302788 -15.78131771 -0,-27.78124619 -15.73874378 -0,-27.7673893 -15.69679928 -0,-27.75149155 -15.65558529 -0,-27.73359108 -15.61520004 -0,-27.71372986 -15.57574272 -0,-27.69195557 -15.53730774 -0,-27.66832352 -15.49998665 -0,-27.64288712 -15.463871 -0,-27.6157093 -15.42904568 -0,-27.58685684 -15.3955965 -0,-27.55639648 -15.36360359 -0,-27.52440262 -15.33314419 -0,-27.49095345 -15.30429077 -0,-27.45612907 -15.27711296 -0,-27.42001343 -15.25167751 -0,-27.38269234 -15.22804451 -0,-27.34425735 -15.20627117 -0,-27.30480003 -15.18640995 -0,-27.26441574 -15.16850853 -0,-27.22320175 -15.15261078 -0,-27.18125534 -15.13875389 -0,-27.13868141 -15.1269722 -0,-27.09558105 -15.11729336 -0,-27.05205727 -15.10974121 -0,-27.00821495 -15.10433388 -0,-25.28000069 -16 -0,-25.27891541 -15.95583916 -0,-25.27566719 -15.91178417 -0,-25.27025795 -15.86794281 -0,-25.26270676 -15.82441902 -0,-25.25302887 -15.78131771 -0,-25.24124718 -15.73874378 -0,-25.22739029 -15.69679928 -0,-25.21149063 -15.65558529 -0,-25.19359016 -15.61520004 -0,-25.17372894 -15.57574272 -0,-25.15195656 -15.53730774 -0,-25.1283226 -15.49998665 -0,-25.1028862 -15.463871 -0,-25.0757103 -15.42904568 -0,-25.04685593 -15.3955965 -0,-25.01639557 -15.36360359 -0,-24.98440361 -15.33314419 -0,-24.95095444 -15.30429077 -0,-24.91613007 -15.27711296 -0,-24.88001251 -15.25167751 -0,-24.84269333 -15.22804451 -0,-24.80425644 -15.20627117 -0,-24.76479912 -15.18640995 -0,-24.72441483 -15.16850853 -0,-24.68320084 -15.15261078 -0,-24.64125633 -15.13875389 -0,-24.5986824 -15.1269722 -0,-24.55558205 -15.11729336 -0,-24.51205826 -15.10974121 -0,-24.46821594 -15.10433388 -0,-22.73999977 -16 -0,-22.7389164 -15.95583916 -0,-22.73566628 -15.91178417 -0,-22.73025894 -15.86794281 -0,-22.72270584 -15.82441902 -0,-22.71302795 -15.78131771 -0,-22.70124626 -15.73874378 -0,-22.68738937 -15.69679928 -0,-22.67149162 -15.65558529 -0,-22.65359116 -15.61520004 -0,-22.63372993 -15.57574272 -0,-22.61195564 -15.53730774 -0,-22.58832359 -15.49998665 -0,-22.56288719 -15.463871 -0,-22.53570938 -15.42904568 -0,-22.50685692 -15.3955965 -0,-22.47639656 -15.36360359 -0,-22.44440269 -15.33314419 -0,-22.41095352 -15.30429077 -0,-22.37612915 -15.27711296 -0,-22.3400135 -15.25167751 -0,-22.30269241 -15.22804451 -0,-22.26425743 -15.20627117 -0,-22.22480011 -15.18640995 -0,-22.18441582 -15.16850853 -0,-22.14319992 -15.15261078 -0,-22.10125542 -15.13875389 -0,-22.05868149 -15.1269722 -0,-22.01558113 -15.11729336 -0,-21.97205734 -15.10974121 -0,-21.92821503 -15.10433388 -0,-21.884161 -15.10108376 -0,-20.20000076 -16 -0,-20.19891548 -15.95583916 -0,-20.19566536 -15.91178417 -0,-20.19025803 -15.86794281 -0,-20.18270683 -15.82441902 -0,-20.17302895 -15.78131771 -0,-20.16124725 -15.73874378 -0,-20.14739037 -15.69679928 -0,-20.13149071 -15.65558529 -0,-20.11359024 -15.61520004 -0,-20.09372902 -15.57574272 -0,-20.07195663 -15.53730774 -0,-20.04832268 -15.49998665 -0,-20.02288628 -15.463871 -0,-19.99570847 -15.42904568 -0,-19.966856 -15.3955965 -0,-19.93639565 -15.36360359 -0,-19.90440369 -15.33314419 -0,-19.87095451 -15.30429077 -0,-19.83613014 -15.27711296 -0,-19.80001259 -15.25167751 -0,-19.76269341 -15.22804451 -0,-19.72425652 -15.20627117 -0,-19.68479919 -15.18640995 -0,-19.6444149 -15.16850853 -0,-19.60320091 -15.15261078 -0,-19.56125641 -15.13875389 -0,-19.51868248 -15.1269722 -0,-19.47558212 -15.11729336 -0,-19.43205833 -15.10974121 -0,-19.38821602 -15.10433388 -0,-19.34416008 -15.10108376 -0,-17.65999985 -16 -0,-17.65891647 -15.95583916 -0,-17.65566635 -15.91178417 -0,-17.65025902 -15.86794281 -0,-17.64270592 -15.82441902 -0,-17.63302803 -15.78131771 -0,-17.62124634 -15.73874378 -0,-17.60738945 -15.69679928 -0,-17.5914917 -15.65558529 -0,-17.57359123 -15.61520004 -0,-17.55373001 -15.57574272 -0,-17.53195572 -15.53730774 -0,-17.50832176 -15.49998665 -0,-17.48288727 -15.463871 -0,-17.45570946 -15.42904568 -0,-17.42685509 -15.3955965 -0,-17.39639664 -15.36360359 -0,-17.36440277 -15.33314419 -0,-17.3309536 -15.30429077 -0,-17.29612923 -15.27711296 -0,-17.26001358 -15.25167751 -0,-17.22269249 -15.22804451 -0,-17.18425751 -15.20627117 -0,-17.14480019 -15.18640995 -0,-17.10441589 -15.16850853 -0,-17.0632 -15.15261078 -0,-17.02125549 -15.13875389 -0,-16.97868156 -15.1269722 -0,-16.93558121 -15.11729336 -0,-16.89205742 -15.10974121 -0,-16.8482151 -15.10433388 -0,-16.80416107 -15.10108376 -0,-15.11999989 -16 -0,-15.11891556 -15.95583916 -0,-15.11566639 -15.91178417 -0,-15.11025906 -15.86794281 -0,-15.10270691 -15.82441902 -0,-15.09302807 -15.78131771 -0,-15.08124638 -15.73874378 -0,-15.06738949 -15.69679928 -0,-15.05149174 -15.65558529 -0,-15.03359032 -15.61520004 -0,-15.0137291 -15.57574272 -0,-14.99195576 -15.53730774 -0,-14.96832275 -15.49998665 -0,-14.94288635 -15.463871 -0,-14.9157095 -15.42904568 -0,-14.88685608 -15.3955965 -0,-14.85639572 -15.36360359 -0,-14.82440281 -15.33314419 -0,-14.79095364 -15.30429077 -0,-14.75612926 -15.27711296 -0,-14.72001362 -15.25167751 -0,-14.68269253 -15.22804451 -0,-14.64425659 -15.20627117 -0,-14.60479927 -15.18640995 -0,-14.56441498 -15.16850853 -0,-14.52320099 -15.15261078 -0,-14.48125648 -15.13875389 -0,-14.43868256 -15.1269722 -0,-14.39558125 -15.11729336 -0,-14.35205746 -15.10974121 -0,-14.30821514 -15.10433388 -0,-14.26416111 -15.10108376 -0,-12.57999992 -16 -0,-12.5789156 -15.95583916 -0,-12.57566643 -15.91178417 -0,-12.57025909 -15.86794281 -0,-12.56270695 -15.82441902 -0,-12.55302811 -15.78131771 -0,-12.54124641 -15.73874378 -0,-12.52738953 -15.69679928 -0,-12.51149178 -15.65558529 -0,-12.49359035 -15.61520004 -0,-12.47372913 -15.57574272 -0,-12.4519558 -15.53730774 -0,-12.42832279 -15.49998665 -0,-12.40288639 -15.463871 -0,-12.37570953 -15.42904568 -0,-12.34685612 -15.3955965 -0,-12.31639576 -15.36360359 -0,-12.28440285 -15.33314419 -0,-12.25095367 -15.30429077 -0,-12.2161293 -15.27711296 -0,-12.18001366 -15.25167751 -0,-12.14269257 -15.22804451 -0,-12.10425663 -15.20627117 -0,-12.06479931 -15.18640995 -0,-12.02441502 -15.16850853 -0,-11.98320103 -15.15261078 -0,-11.94125652 -15.13875389 -0,-11.89868259 -15.1269722 -0,-11.85558128 -15.11729336 -0,-11.8120575 -15.10974121 -0,-11.76821518 -15.10433388 -0,-11.72416115 -15.10108376 -0,-10.03999996 -16 -0,-10.03891563 -15.95583916 -0,-10.03566647 -15.91178417 -0,-10.03025913 -15.86794281 -0,-10.02270699 -15.82441902 -0,-10.01302814 -15.78131771 -0,-10.00124645 -15.73874378 -0,-9.98738956 -15.69679928 -0,-9.97149181 -15.65558529 -0,-9.95359039 -15.61520004 -0,-39.17889786 -13.64762211 -0,-39.25309372 13.71767902 0,-39.26776886 -13.73223305 -0,-39.33930969 13.80679607 0,-39.35237885 -13.82110214 -0,-39.08598328 -13.56747341 -0,-39.16256332 13.63294601 0,-39.42100143 13.90007877 0,-39.43252563 -13.91401672 -0,-38.98924637 -13.49198151 -0,-39.06793976 13.55280685 0,-9.93372917 -15.57574272 -0,-39.49797058 13.99729729 0,-39.50801849 -14.01075172 -0,-38.88892746 -13.42132568 -0,-38.96946335 13.47745705 0,-39.57002258 14.09821224 0,-39.57867432 -14.11107445 -0,-38.86737061 13.40708351 0,-38.78525543 -13.35567856 -0,-9.91195583 -15.53730774 -0,-39.63698196 14.20257568 0,-39.64432144 -14.21474361 -0,-38.6784935 -13.29519653 -0,-38.7619133 13.34185886 0,-39.69868469 14.31013107 0,-39.70480347 -14.32150841 -0,-9.88832283 -15.49998665 -0,-38.65335464 13.28194332 0,-38.56888962 -13.24002647 -0,-39.75497818 14.42061424 0,-39.75997162 -14.43111229 -0,-9.86288643 -15.463871 -0,-38.456707 -13.19030094 -0,-38.54195404 13.22748375 0,-39.8057251 14.53375244 0,-39.80970001 -14.54329109 -0,-9.83570957 -15.42904568 -0,-38.34222412 -13.1461401 -0,-38.42799377 13.17861462 0,-9.80685616 -15.3955965 -0,-39.85079956 14.6492672 0,-39.85385895 -14.65777493 -0,-38.22571182 -13.10764885 -0,-38.3117485 13.13545704 0,-9.7763958 -15.36360359 -0,-39.89009094 14.76687527 0,-39.89234924 -14.77428818 -0,-38.19350815 13.09811592 0,-38.10744858 -13.07492161 -0,-9.74440289 -15.33314419 -0,-39.92350006 14.88628674 0,-39.92507935 -14.89254951 -0,-9.71095371 -15.30429077 -0,-38.07355881 13.06668377 0,-37.9877243 -13.04803658 -0,-9.67612934 -15.27711296 -0,-39.95095062 15.00720787 0,-39.95196152 -15.01227379 -0,-37.8668251 -13.0270586 -0,-37.95220184 13.04123688 0,-9.64001274 -15.25167751 -0,-39.97237015 15.12934113 0,-39.97294235 -15.13317394 -0,-9.6026926 -15.22804451 -0,-37.74504471 -13.01203823 -0,-37.82973099 13.0218401 0,-9.56425667 -15.20627117 -0,-39.98770905 15.25238609 0,-39.98796082 -15.2549572 -0,-9.52479935 -15.18640995 -0,-37.7064476 13.0085392 0,-37.62266922 -13.0030117 -0,-9.48441505 -15.16850853 -0,-39.99692535 15.37604046 0,-39.9969902 -15.37733078 -0,-9.44320107 -15.15261078 -0,-37.58265686 13.00136662 0,-9.40125656 -15.13875389 -0,-9.35868263 -15.1269722 -0,-37.45866394 13.00034142 0,-9.31558132 -15.11729336 -0,-9.27205753 -15.10974121 -0,-9.22821522 -15.10433388 -0,-37.33477402 13.00546551 0,-9.18416119 -15.10108376 -0,-37.21128845 13.01672649 0,-37.08851242 13.03409672 0,-36.9667511 13.05753326 0,-36.84630203 13.08697796 0,-36.72745895 13.12235832 0,-7.5 -16 -0,-7.49891567 -15.95583916 -0,-36.61051559 13.16358852 0,-7.49566603 -15.91178417 -0,-7.49025869 -15.86794281 -0,-7.48270655 -15.82441902 -0,-36.49576187 13.21056652 0,-7.47302818 -15.78131771 -0,-7.46124649 -15.73874378 -0,-7.4473896 -15.69679928 -0,-36.38347626 13.26317692 0,-7.43149137 -15.65558529 -0,-7.41359043 -15.61520004 -0,-7.39372921 -15.57574272 -0,-36.27394104 13.32128906 0,-7.37195587 -15.53730774 -0,-7.34832287 -15.49998665 -0,-7.32288694 -15.463871 -0,-36.16741943 13.38476181 0,-26.96416092 -15.10108376 -0,-7.29570961 -15.42904568 -0,-7.26685619 -15.3955965 -0,-36.06417847 13.45343781 0,-7.23639631 -15.36360359 -0,-7.20440292 -15.33314419 -0,-7.17095375 -15.30429077 -0,-35.96446991 13.5271492 0,-7.13612938 -15.27711296 -0,-7.10001326 -15.25167751 -0,-7.06269264 -15.22804451 -0,-24.42416 -15.10108376 -0,-35.86853409 13.60571289 0,-7.02425718 -15.20627117 -0,-6.98479939 -15.18640995 -0,-6.94441509 -15.16850853 -0,-35.77661514 13.68893719 0,-6.9032011 -15.15261078 -0,-6.86125612 -15.13875389 -0,-6.81868219 -15.1269722 -0,-35.68893814 13.7766161 0,-6.77558136 -15.11729336 -0,-6.73205757 -15.10974121 -0,-6.68821526 -15.10433388 -0,-6.64416075 -15.10108376 -0,-35.60571289 13.868536 0,-35.5271492 13.964468 0,-35.45343781 14.06417847 0,-35.38476181 14.16742039 0,-35.32128906 14.27394104 0,-4.96000004 -16 -0,-4.95891571 -15.95583916 -0,-35.26317596 14.38347816 0,-4.95566607 -15.91178417 -0,-4.95025873 -15.86794281 -0,-4.94270658 -15.82441902 -0,-35.21056747 14.49576187 0,-4.93302822 -15.78131771 -0,-4.92124653 -15.73874378 -0,-4.90738964 -15.69679928 -0,-35.16358948 14.61051559 0,-4.89149141 -15.65558529 -0,-4.87359047 -15.61520004 -0,-4.85372925 -15.57574272 -0,-35.12236023 14.72745705 0,-4.83195591 -15.53730774 -0,-4.80832243 -15.49998665 -0,-4.78288698 -15.463871 -0,-35.08697891 14.84630013 0,-4.75570917 -15.42904568 -0,-4.72685623 -15.3955965 -0,-35.05753326 14.9667511 0,-4.69639587 -15.36360359 -0,-4.66440296 -15.33314419 -0,-35.03409576 15.08851337 0,-4.63095379 -15.30429077 -0,-4.59612942 -15.27711296 -0,-4.56001329 -15.25167751 -0,-35.01672745 15.21128845 0,-4.52269268 -15.22804451 -0,-4.48425722 -15.20627117 -0,-35.00546646 15.33477306 0,-4.44479942 -15.18640995 -0,-4.40441513 -15.16850853 -0,-35.00034332 15.45866489 0,-4.36320066 -15.15261078 -0,-4.32125616 -15.13875389 -0,-4.27868223 -15.1269722 -0,-4.2355814 -15.11729336 -0,-4.19205761 -15.10974121 -0,-4.14821529 -15.10433388 -0,-4.10416079 -15.10108376 -0,-35.00136566 15.58265877 0,-2.42000008 -16 -0,-2.41891599 -15.95583916 -0,-2.41566634 -15.91178417 -0,-2.41025877 -15.86794281 -0,-2.40270686 -15.82441902 -0,-2.39302802 -15.78131771 -0,-2.38124633 -15.73874378 -0,-2.36738968 -15.69679928 -0,-2.35149169 -15.65558529 -0,-2.33359027 -15.61520004 -0,-2.31372905 -15.57574272 -0,-2.29195571 -15.53730774 -0,-2.26832271 -15.49998665 -0,-2.24288678 -15.463871 -0,-2.21570945 -15.42904568 -0,-2.18685603 -15.3955965 -0,-2.15639615 -15.36360359 -0,-2.124403 -15.33314419 -0,-2.09095407 -15.30429077 -0,-2.05612946 -15.27711296 -0,-2.02001309 -15.25167751 -0,-1.98269248 -15.22804451 -0,-1.94425702 -15.20627117 -0,-1.90479958 -15.18640995 -0,-1.86441505 -15.16850853 -0,-1.82320082 -15.15261078 -0,-1.7812562 -15.13875389 -0,-1.73868215 -15.1269722 -0,-1.69558132 -15.11729336 -0,-1.65205741 -15.10974121 -0,-1.60821545 -15.10433388 -0,-1.56416094 -15.10108376 -0,-35.00853729 15.70644855 0,-35.02183914 15.82973003 0,0.12 -16 -0,0.12108409 -15.95583916 -0,0.12433375 -15.91178417 -0,0.12974115 -15.86794281 -0,0.13729325 -15.82441902 -0,0.14697187 -15.78131771 -0,0.15875369 -15.73874378 -0,0.17261034 -15.69679928 -0,0.18850842 -15.65558529 -0,0.20640963 -15.61520004 -0,0.22627087 -15.57574272 -0,0.24804425 -15.53730774 -0,0.27167735 -15.49998665 -0,0.29711321 -15.463871 -0,0.3242906 -15.42904568 -0,0.35314399 -15.3955965 -0,0.3836039 -15.36360359 -0,0.41559693 -15.33314419 -0,0.44904605 -15.30429077 -0,0.48387063 -15.27711296 -0,0.51998681 -15.25167751 -0,0.55730754 -15.22804451 -0,0.59574294 -15.20627117 -0,0.63520044 -15.18640995 -0,0.67558491 -15.16850853 -0,0.71679914 -15.15261078 -0,0.75874376 -15.13875389 -0,0.80131781 -15.1269722 -0,0.8444187 -15.11729336 -0,0.88794255 -15.10974121 -0,0.93178457 -15.10433388 -0,0.97583908 -15.10108376 -0,2.66000009 -16 -0,2.66108418 -15.95583916 -0,2.66433382 -15.91178417 -0,2.66974115 -15.86794281 -0,2.6772933 -15.82441902 -0,2.6869719 -15.78131771 -0,2.6987536 -15.73874378 -0,2.71261024 -15.69679928 -0,2.72850847 -15.65558529 -0,2.74640965 -15.61520004 -0,2.76627088 -15.57574272 -0,2.78804421 -15.53730774 -0,2.81167746 -15.49998665 -0,2.83711314 -15.463871 -0,2.86429048 -15.42904568 -0,2.89314389 -15.3955965 -0,2.92360401 -15.36360359 -0,2.95559692 -15.33314419 -0,2.9890461 -15.30429077 -0,3.02387071 -15.27711296 -0,3.05998683 -15.25167751 -0,3.09730744 -15.22804451 -0,3.1357429 -15.20627117 -0,3.17520046 -15.18640995 -0,3.21558499 -15.16850853 -0,3.25679922 -15.15261078 -0,3.29874372 -15.13875389 -0,3.34131789 -15.1269722 -0,3.38441873 -15.11729336 -0,3.42794251 -15.10974121 -0,3.47178459 -15.10433388 -0,3.5158391 -15.10108376 -0,5.19999981 -16 -0,5.20108414 -15.95583916 -0,5.20433378 -15.91178417 -0,5.20974112 -15.86794281 -0,5.21729326 -15.82441902 -0,5.2269721 -15.78131771 -0,5.2387538 -15.73874378 -0,5.25261021 -15.69679928 -0,5.26850843 -15.65558529 -0,5.28640985 -15.61520004 -0,5.30627108 -15.57574272 -0,5.32804441 -15.53730774 -0,5.35167742 -15.49998665 -0,5.37711334 -15.463871 -0,5.40429068 -15.42904568 -0,5.43314409 -15.3955965 -0,5.46360397 -15.36360359 -0,5.49559689 -15.33314419 -0,5.52904606 -15.30429077 -0,5.56387043 -15.27711296 -0,5.59998655 -15.25167751 -0,5.63730764 -15.22804451 -0,5.6757431 -15.20627117 -0,5.71520042 -15.18640995 -0,5.75558472 -15.16850853 -0,5.79679918 -15.15261078 -0,5.83874369 -15.13875389 -0,5.88131762 -15.1269722 -0,5.92441893 -15.11729336 -0,5.96794271 -15.10974121 -0,6.01178455 -15.10433388 -0,6.05583906 -15.10108376 -0,35.79956818 -17.33263016 -0,35.71033478 -17.24559212 -0,35.6255455 -17.15421486 -0,35.89303207 -17.41511154 -0,35.5454216 -17.05872536 -0,35.99048996 -17.49283218 -0,35.47015381 -16.95936012 -0,36.09170151 -17.56559753 -0,35.39993668 -16.8563652 -0,36.19641113 -17.63322639 -0,35.33493805 -16.75 -0,36.30436325 -17.69555473 -0,35.27532196 -16.64052582 -0,36.41529083 -17.75242233 -0,35.22123718 -16.52821732 -0,36.52891159 -17.80368996 -0,35.17281723 -16.41335297 -0,36.64495087 -17.84923172 -0,35.13018036 -16.29621696 -0,36.76311111 -17.88893127 -0,35.09344101 -16.17710114 -0,36.88310623 -17.92269325 -0,35.06267929 -16.05630302 -0,37.00463486 -17.95043182 -0,35.03797913 -15.93412018 -0,37.12739563 -17.97207642 -0,35.01940155 -15.81085968 -0,35.00699234 -15.6868248 -0,35.0007782 -15.56232643 -0,35.0007782 -15.43767357 -0,35.00699234 -15.3131752 -0,35.01940155 -15.18914032 -0,35.03797913 -15.06587982 -0,35.06267929 -14.94369793 -0,35.09344101 -14.82289886 -0,35.13018036 -14.70378304 -0,35.17281723 -14.58664703 -0,35.22123718 -14.47178268 -0,35.27532196 -14.35947323 -0,35.33493805 -14.25 -0,35.39993668 -14.1436348 -0,35.47015381 -14.04064083 -0,35.5454216 -13.9412756 -0,35.6255455 -13.84578514 -0,35.79956818 -13.6673708 -0,35.77661514 13.68893719 0,35.71033478 -13.75440788 -0,35.68893814 13.7766161 0,35.89303207 -13.58488846 -0,35.86853409 13.60571289 0,35.60571289 13.868536 0,35.96446991 13.5271492 0,35.99048996 -13.50716877 -0,35.5271492 13.964468 0,36.06417847 13.45343781 0,36.09170151 -13.43440342 -0,35.45343781 14.06417847 0,36.19641113 -13.36677265 -0,36.16741943 13.38476181 0,35.38476181 14.16742039 0,36.30436325 -13.30444622 -0,36.27394104 13.32128906 0,35.32128906 14.27394104 0,36.41529083 -13.24757767 -0,36.38347626 13.26317692 0,35.26317596 14.38347816 0,36.49576187 13.21056652 0,36.52891159 -13.19630909 -0,35.21056747 14.49576187 0,36.64495087 -13.15076828 -0,36.61051559 13.16358852 0,35.16358948 14.61051559 0,36.76311111 -13.11106777 -0,36.72745895 13.12235832 0,35.12236023 14.72745705 0,36.88310623 -13.07730675 -0,36.84630203 13.08697796 0,35.08697891 14.84630013 0,37.00463486 -13.04956913 -0,36.9667511 13.05753326 0,35.05753326 14.9667511 0,37.12739563 -13.02792263 -0,37.08851242 13.03409672 0,35.03409576 15.08851337 0,37.25107956 -13.01242352 -0,37.21128845 13.01672649 0,35.01672745 15.21128845 0,37.33477402 13.00546551 0,37.37538528 -13.00310802 -0,35.00546646 15.33477306 0,37.45866394 13.00034142 0,35.00034332 15.45866489 0,37.58265686 13.00136662 0,35.00136566 15.58265877 0,37.7064476 13.0085392 0,35.00853729 15.70644855 0,37.82973099 13.0218401 0,35.02183914 15.82973003 0,37.95220184 13.04123688 0,35.04123688 15.95220089 0,-35.04123688 15.95220089 0,-35.06668472 16.07356071 0,38.07355881 13.06668377 0,35.06668472 16.07356071 0,38.19350815 13.09811592 0,35.09811401 16.19350815 0,-35.09811401 16.19350815 0,38.3117485 13.13545704 0,35.13545609 16.3117485 0,-35.13545609 16.3117485 0,-35.17861557 16.42799377 0,38.42799377 13.17861462 0,35.17861557 16.42799377 0,38.54195404 13.22748375 0,35.22748184 16.54195404 0,-35.22748184 16.54195404 0,-35.28194427 16.65335274 0,38.65335464 13.28194332 0,35.28194427 16.65335274 0,38.7619133 13.34185886 0,35.34185791 16.7619133 0,-35.34185791 16.7619133 0,-35.40708542 16.86737061 0,38.86737061 13.40708351 0,35.40708542 16.86737061 0,-35.47745895 16.96946335 0,38.96946335 13.47745705 0,35.47745895 16.96946335 0,-35.55280685 17.06794167 0,39.06793976 13.55280685 0,35.55280685 17.06794167 0,39.16256332 13.63294601 0,35.63294601 17.16256142 0,-35.63294601 17.16256142 0,39.25309372 13.71767902 0,35.71767807 17.25309181 0,-35.71767807 17.25309181 0,-35.80679703 17.33930969 0,39.33930969 13.80679607 0,35.80679703 17.33930969 0,39.42100143 13.90007877 0,35.90007782 17.42100334 0,-35.90007782 17.42100334 0,39.49797058 13.99729729 0,35.99729538 17.49797058 0,-35.99729538 17.49797058 0,39.57002258 14.09821224 0,-36.0982132 17.57002258 0,36.0982132 17.57002258 0,-36.20257568 17.63698196 0,39.63698196 14.20257568 0,36.20257568 17.63698196 0,39.69868469 14.31013107 0,36.31013107 17.69868469 0,-36.31013107 17.69868469 0,39.75497818 14.42061424 0,36.42061234 17.75497818 0,-36.42061234 17.75497818 0,39.8057251 14.53375244 0,39.85079956 14.6492672 0,37.37604141 17.99692535 0,-37.37604141 17.99692535 0,37.252388 17.98770714 0,-37.252388 17.98770714 0,-37.12934113 17.97237015 0,37.12934113 17.97237015 0,37.00720596 17.95095062 0,-37.00720596 17.95095062 0,36.88628769 17.92350006 0,-36.88628769 17.92350006 0,-36.76687622 17.89008904 0,36.76687622 17.89008904 0,36.64926529 17.85079765 0,-36.64926529 17.85079765 0,36.53375244 17.8057251 0,-36.53375244 17.8057251 0,39.99692535 15.37604046 0,39.98770905 15.25238609 0,39.97237015 15.12934113 0,39.95095062 15.00720787 0,39.92350006 14.88628674 0,39.89009094 14.76687527 0,37.37538528 -17.99689293 -0,37.25107956 -17.98757744 -0              ]
            }
            coordIndex [
0,1,2,-1,3,2,1,-1,4,3,1,-1,5,1,0,-1,6,1,5,-1,7,4,1,-1,8,7,1,-1,9,1,6,-1,10,8,1,-1,11,1,9,-1,12,10,1,-1,13,1,11,-1,14,12,1,-1,15,1,13,-1,16,14,1,-1,17,1,15,-1,18,16,1,-1,19,1,17,-1,20,18,1,-1,21,1,19,-1,22,20,1,-1,23,1,21,-1,24,22,1,-1,25,24,1,-1,26,25,1,-1,27,1,28,-1,28,1,29,-1,29,1,30,-1,30,1,31,-1,31,1,23,-1,1,32,33,-1,1,33,26,-1,34,35,36,-1,36,37,34,-1,34,38,35,-1,37,39,34,-1,39,40,34,-1,34,41,38,-1,40,42,34,-1,34,43,41,-1,42,44,34,-1,34,45,43,-1,44,46,34,-1,34,47,45,-1,46,48,34,-1,34,49,47,-1,48,50,34,-1,34,51,49,-1,50,52,34,-1,34,53,51,-1,52,54,34,-1,34,55,53,-1,54,56,34,-1,34,57,55,-1,56,58,34,-1,58,59,34,-1,59,60,34,-1,61,34,62,-1,62,34,60,-1,34,63,64,-1,34,64,65,-1,34,65,66,-1,34,66,67,-1,34,67,57,-1,1,27,34,-1,34,27,63,-1,32,1,61,-1,61,1,34,-1,27,28,63,-1,63,28,64,-1,64,29,65,-1,28,29,64,-1,65,30,66,-1,29,30,65,-1,66,31,67,-1,30,31,66,-1,67,23,57,-1,31,23,67,-1,57,21,55,-1,23,21,57,-1,55,19,53,-1,21,19,55,-1,53,17,51,-1,19,17,53,-1,17,15,51,-1,51,15,49,-1,15,13,49,-1,49,13,47,-1,13,11,47,-1,47,11,45,-1,11,9,45,-1,45,9,43,-1,9,6,43,-1,43,6,41,-1,41,6,38,-1,6,5,38,-1,5,0,38,-1,38,0,35,-1,0,2,35,-1,35,2,36,-1,2,3,36,-1,36,3,37,-1,37,3,39,-1,3,4,39,-1,39,4,40,-1,4,7,40,-1,7,8,40,-1,40,8,42,-1,42,10,44,-1,8,10,42,-1,44,10,46,-1,10,12,46,-1,46,14,48,-1,48,14,50,-1,12,14,46,-1,50,16,52,-1,14,16,50,-1,16,18,52,-1,52,20,54,-1,18,20,52,-1,54,22,56,-1,56,22,58,-1,20,22,54,-1,22,24,58,-1,58,25,59,-1,59,25,60,-1,24,25,58,-1,25,26,60,-1,60,33,62,-1,62,33,61,-1,26,33,60,-1,33,32,61,-1,68,69,70,-1,68,71,69,-1,68,72,71,-1,68,73,72,-1,68,74,73,-1,68,75,74,-1,68,76,75,-1,68,77,76,-1,68,78,77,-1,68,79,78,-1,68,80,79,-1,68,81,80,-1,68,82,81,-1,68,83,82,-1,68,84,83,-1,68,85,84,-1,68,86,85,-1,68,87,86,-1,68,88,87,-1,68,89,88,-1,90,68,91,-1,91,68,92,-1,92,68,93,-1,93,68,70,-1,68,94,95,-1,68,95,96,-1,68,96,97,-1,68,97,98,-1,68,98,99,-1,68,99,100,-1,68,100,101,-1,68,101,89,-1,102,103,104,-1,105,103,102,-1,106,103,105,-1,107,103,106,-1,108,103,107,-1,109,103,108,-1,110,103,109,-1,111,103,110,-1,112,103,111,-1,113,103,112,-1,114,103,113,-1,115,103,114,-1,116,103,115,-1,117,103,116,-1,118,103,117,-1,119,103,118,-1,120,103,119,-1,121,103,120,-1,122,103,121,-1,123,103,122,-1,124,103,125,-1,125,103,126,-1,126,103,127,-1,127,103,128,-1,128,103,129,-1,129,103,130,-1,130,103,131,-1,131,103,123,-1,103,132,133,-1,103,133,134,-1,103,134,135,-1,103,135,104,-1,94,68,124,-1,124,68,103,-1,68,90,103,-1,103,90,132,-1,132,91,133,-1,90,91,132,-1,133,92,134,-1,91,92,133,-1,134,93,135,-1,92,93,134,-1,135,70,104,-1,93,70,135,-1,104,69,102,-1,70,69,104,-1,102,71,105,-1,69,71,102,-1,105,72,106,-1,71,72,105,-1,106,73,107,-1,72,73,106,-1,73,74,107,-1,107,74,108,-1,108,75,109,-1,74,75,108,-1,109,76,110,-1,75,76,109,-1,110,77,111,-1,76,77,110,-1,111,78,112,-1,77,78,111,-1,112,79,113,-1,113,79,114,-1,78,79,112,-1,79,80,114,-1,114,81,115,-1,115,81,116,-1,80,81,114,-1,81,82,116,-1,116,83,117,-1,82,83,116,-1,117,84,118,-1,83,84,117,-1,118,85,119,-1,84,85,118,-1,119,86,120,-1,85,86,119,-1,120,87,121,-1,86,87,120,-1,121,88,122,-1,122,88,123,-1,87,88,121,-1,123,89,131,-1,88,89,123,-1,89,101,131,-1,131,100,130,-1,130,100,129,-1,101,100,131,-1,100,99,129,-1,129,98,128,-1,99,98,129,-1,128,97,127,-1,98,97,128,-1,127,96,126,-1,126,96,125,-1,97,96,127,-1,96,95,125,-1,125,94,124,-1,95,94,125,-1,136,137,138,-1,138,137,139,-1,140,136,141,-1,141,136,138,-1,136,142,143,-1,136,144,142,-1,136,145,144,-1,136,146,145,-1,136,147,146,-1,136,148,147,-1,136,149,148,-1,136,150,149,-1,136,151,150,-1,136,152,151,-1,136,153,152,-1,136,154,153,-1,136,155,154,-1,136,156,155,-1,157,156,136,-1,158,157,136,-1,159,158,136,-1,160,159,136,-1,161,160,136,-1,162,161,136,-1,163,162,136,-1,164,163,136,-1,165,164,136,-1,166,165,136,-1,167,166,136,-1,137,136,168,-1,168,136,143,-1,136,140,169,-1,136,169,170,-1,136,170,171,-1,136,171,172,-1,136,172,167,-1,173,138,174,-1,175,138,173,-1,176,138,175,-1,177,138,176,-1,178,138,177,-1,179,138,178,-1,180,138,179,-1,181,138,180,-1,182,138,181,-1,183,138,182,-1,184,138,183,-1,185,138,184,-1,186,138,185,-1,186,187,138,-1,187,188,138,-1,188,189,138,-1,189,190,138,-1,190,191,138,-1,191,192,138,-1,192,193,138,-1,193,194,138,-1,194,195,138,-1,195,196,138,-1,196,197,138,-1,197,198,138,-1,141,138,199,-1,199,138,200,-1,200,138,201,-1,201,138,202,-1,202,138,198,-1,138,139,203,-1,138,203,174,-1,139,168,203,-1,137,168,139,-1,203,143,174,-1,168,143,203,-1,174,142,173,-1,143,142,174,-1,173,144,175,-1,142,144,173,-1,175,145,176,-1,144,145,175,-1,176,146,177,-1,145,146,176,-1,177,147,178,-1,178,147,179,-1,146,147,177,-1,147,148,179,-1,179,148,180,-1,148,149,180,-1,180,150,181,-1,181,150,182,-1,149,150,180,-1,150,151,182,-1,151,152,182,-1,182,152,183,-1,183,153,184,-1,184,153,185,-1,152,153,183,-1,153,154,185,-1,185,155,186,-1,154,155,185,-1,186,156,187,-1,155,156,186,-1,187,157,188,-1,156,157,187,-1,188,158,189,-1,157,158,188,-1,189,159,190,-1,158,159,189,-1,190,160,191,-1,159,160,190,-1,191,161,192,-1,160,161,191,-1,192,162,193,-1,193,162,194,-1,161,162,192,-1,162,163,194,-1,194,164,195,-1,163,164,194,-1,195,165,196,-1,196,165,197,-1,164,165,195,-1,165,166,197,-1,197,167,198,-1,166,167,197,-1,198,172,202,-1,202,172,201,-1,167,172,198,-1,172,171,201,-1,201,170,200,-1,200,170,199,-1,171,170,201,-1,170,169,199,-1,199,140,141,-1,169,140,199,-1,204,205,206,-1,204,207,205,-1,204,208,207,-1,204,209,208,-1,204,210,209,-1,204,211,210,-1,204,212,211,-1,204,213,212,-1,204,214,213,-1,204,215,214,-1,204,216,215,-1,217,204,206,-1,218,204,217,-1,219,204,218,-1,220,204,219,-1,221,204,220,-1,222,204,221,-1,223,204,222,-1,224,204,223,-1,225,204,224,-1,226,204,227,-1,227,204,228,-1,228,204,229,-1,229,204,230,-1,230,204,231,-1,231,204,232,-1,232,204,233,-1,233,204,225,-1,204,234,235,-1,204,235,236,-1,204,236,237,-1,204,237,216,-1,238,239,240,-1,241,239,238,-1,242,239,241,-1,243,239,242,-1,244,239,243,-1,245,239,244,-1,246,239,245,-1,247,239,246,-1,248,239,247,-1,249,239,248,-1,250,239,249,-1,251,239,250,-1,239,252,240,-1,239,253,252,-1,239,254,253,-1,239,255,254,-1,239,256,255,-1,239,257,256,-1,239,258,257,-1,239,259,258,-1,260,239,261,-1,261,239,262,-1,262,239,263,-1,263,239,251,-1,239,264,265,-1,239,265,266,-1,239,266,267,-1,239,267,268,-1,239,268,269,-1,239,269,270,-1,239,270,271,-1,239,271,259,-1,234,204,260,-1,260,204,239,-1,204,226,239,-1,239,226,264,-1,264,227,265,-1,226,227,264,-1,265,228,266,-1,227,228,265,-1,266,229,267,-1,228,229,266,-1,267,230,268,-1,229,230,267,-1,268,231,269,-1,230,231,268,-1,269,232,270,-1,231,232,269,-1,270,233,271,-1,232,233,270,-1,271,225,259,-1,233,225,271,-1,225,224,259,-1,259,224,258,-1,258,223,257,-1,224,223,258,-1,257,222,256,-1,223,222,257,-1,256,221,255,-1,222,221,256,-1,255,220,254,-1,221,220,255,-1,254,219,253,-1,220,219,254,-1,253,218,252,-1,219,218,253,-1,252,217,240,-1,218,217,252,-1,240,206,238,-1,217,206,240,-1,238,205,241,-1,206,205,238,-1,241,207,242,-1,205,207,241,-1,242,208,243,-1,207,208,242,-1,243,209,244,-1,208,209,243,-1,244,210,245,-1,209,210,244,-1,245,211,246,-1,210,211,245,-1,246,212,247,-1,211,212,246,-1,247,213,248,-1,212,213,247,-1,248,214,249,-1,213,214,248,-1,249,215,250,-1,214,215,249,-1,250,216,251,-1,215,216,250,-1,251,237,263,-1,216,237,251,-1,263,236,262,-1,262,236,261,-1,237,236,263,-1,236,235,261,-1,261,234,260,-1,235,234,261,-1,272,273,274,-1,274,273,275,-1,275,276,277,-1,273,276,275,-1,277,278,279,-1,276,278,277,-1,279,280,281,-1,278,280,279,-1,281,282,283,-1,280,282,281,-1,283,284,285,-1,282,284,283,-1,285,286,287,-1,284,286,285,-1,287,288,289,-1,286,288,287,-1,288,290,289,-1,289,290,291,-1,290,292,291,-1,291,292,293,-1,292,294,293,-1,293,294,295,-1,294,296,295,-1,295,296,297,-1,296,298,297,-1,297,298,299,-1,298,300,299,-1,299,300,301,-1,301,300,302,-1,300,303,302,-1,303,304,302,-1,302,304,305,-1,305,304,306,-1,304,307,306,-1,307,308,306,-1,306,308,309,-1,308,310,309,-1,309,310,311,-1,310,312,311,-1,311,312,313,-1,313,314,315,-1,312,314,313,-1,315,316,317,-1,314,316,315,-1,317,318,319,-1,319,318,320,-1,316,318,317,-1,320,321,322,-1,318,321,320,-1,321,323,322,-1,322,324,325,-1,325,324,326,-1,323,324,322,-1,324,327,326,-1,326,328,329,-1,327,328,326,-1,329,330,331,-1,328,330,329,-1,331,332,333,-1,333,332,334,-1,330,332,331,-1,332,335,334,-1,334,336,337,-1,335,336,334,-1,338,339,340,-1,340,339,341,-1,341,342,343,-1,339,342,341,-1,343,344,345,-1,342,344,343,-1,345,346,347,-1,344,346,345,-1,347,348,349,-1,346,348,347,-1,349,350,351,-1,348,350,349,-1,351,352,353,-1,350,352,351,-1,353,354,355,-1,352,354,353,-1,354,356,355,-1,355,356,357,-1,356,358,357,-1,357,358,359,-1,358,360,359,-1,359,360,361,-1,360,362,361,-1,361,362,363,-1,362,364,363,-1,363,364,365,-1,364,366,365,-1,365,366,367,-1,367,366,368,-1,366,369,368,-1,369,370,368,-1,368,370,371,-1,371,370,372,-1,370,373,372,-1,373,374,372,-1,372,374,375,-1,374,376,375,-1,375,376,377,-1,376,378,377,-1,377,378,379,-1,379,380,381,-1,378,380,379,-1,381,382,383,-1,380,382,381,-1,383,384,385,-1,385,384,386,-1,382,384,383,-1,386,387,388,-1,384,387,386,-1,387,389,388,-1,388,390,391,-1,391,390,392,-1,389,390,388,-1,390,393,392,-1,392,394,395,-1,393,394,392,-1,395,396,397,-1,394,396,395,-1,397,398,399,-1,399,398,400,-1,396,398,397,-1,398,401,400,-1,400,402,403,-1,401,402,400,-1,404,405,406,-1,406,405,407,-1,407,408,409,-1,405,408,407,-1,409,410,411,-1,408,410,409,-1,411,412,413,-1,410,412,411,-1,413,414,415,-1,412,414,413,-1,415,416,417,-1,414,416,415,-1,417,418,419,-1,416,418,417,-1,419,420,421,-1,418,420,419,-1,420,422,421,-1,421,422,423,-1,422,424,423,-1,423,424,425,-1,424,426,425,-1,425,426,427,-1,426,428,427,-1,427,428,429,-1,428,430,429,-1,429,430,431,-1,430,432,431,-1,431,432,433,-1,433,432,434,-1,432,435,434,-1,435,436,434,-1,434,436,437,-1,437,436,438,-1,436,439,438,-1,439,440,438,-1,438,440,441,-1,440,442,441,-1,441,442,443,-1,442,444,443,-1,443,444,445,-1,445,446,447,-1,444,446,445,-1,447,448,449,-1,446,448,447,-1,449,450,451,-1,451,450,452,-1,448,450,449,-1,452,453,454,-1,450,453,452,-1,453,455,454,-1,454,456,457,-1,457,456,458,-1,455,456,454,-1,456,459,458,-1,458,460,461,-1,459,460,458,-1,461,462,463,-1,460,462,461,-1,463,464,465,-1,465,464,466,-1,462,464,463,-1,464,467,466,-1,466,468,469,-1,467,468,466,-1,470,471,472,-1,472,471,473,-1,473,474,475,-1,471,474,473,-1,475,476,477,-1,474,476,475,-1,477,478,479,-1,476,478,477,-1,479,480,481,-1,478,480,479,-1,481,482,483,-1,480,482,481,-1,483,484,485,-1,482,484,483,-1,485,486,487,-1,484,486,485,-1,486,488,487,-1,487,488,489,-1,488,490,489,-1,489,490,491,-1,490,492,491,-1,491,492,493,-1,492,494,493,-1,493,494,495,-1,494,496,495,-1,495,496,497,-1,496,498,497,-1,497,498,499,-1,499,498,500,-1,498,501,500,-1,501,502,500,-1,500,502,503,-1,503,502,504,-1,502,505,504,-1,505,506,504,-1,504,506,507,-1,506,508,507,-1,507,508,509,-1,508,510,509,-1,509,510,511,-1,511,512,513,-1,510,512,511,-1,513,514,515,-1,512,514,513,-1,515,516,517,-1,517,516,518,-1,514,516,515,-1,518,519,520,-1,516,519,518,-1,519,521,520,-1,520,522,523,-1,523,522,524,-1,521,522,520,-1,522,525,524,-1,524,526,527,-1,525,526,524,-1,527,528,529,-1,526,528,527,-1,529,530,531,-1,531,530,532,-1,528,530,529,-1,530,533,532,-1,532,534,535,-1,533,534,532,-1,536,537,538,-1,538,537,539,-1,539,540,541,-1,537,540,539,-1,541,542,543,-1,540,542,541,-1,543,544,545,-1,542,544,543,-1,545,546,547,-1,544,546,545,-1,547,548,549,-1,546,548,547,-1,549,550,551,-1,548,550,549,-1,551,552,553,-1,550,552,551,-1,552,554,553,-1,553,554,555,-1,554,556,555,-1,555,556,557,-1,556,558,557,-1,557,558,559,-1,558,560,559,-1,559,560,561,-1,560,562,561,-1,561,562,563,-1,562,564,563,-1,563,564,565,-1,565,564,566,-1,564,567,566,-1,567,568,566,-1,566,568,569,-1,569,568,570,-1,568,571,570,-1,571,572,570,-1,570,572,573,-1,572,574,573,-1,573,574,575,-1,574,576,575,-1,575,576,577,-1,577,578,579,-1,576,578,577,-1,579,580,581,-1,578,580,579,-1,581,582,583,-1,583,582,584,-1,580,582,581,-1,584,585,586,-1,582,585,584,-1,585,587,586,-1,586,588,589,-1,589,588,590,-1,587,588,586,-1,588,591,590,-1,590,592,593,-1,591,592,590,-1,593,594,595,-1,592,594,593,-1,595,596,597,-1,597,596,598,-1,594,596,595,-1,596,599,598,-1,598,600,601,-1,599,600,598,-1,602,603,604,-1,604,603,605,-1,605,606,607,-1,603,606,605,-1,607,608,609,-1,606,608,607,-1,609,610,611,-1,608,610,609,-1,611,612,613,-1,610,612,611,-1,613,614,615,-1,612,614,613,-1,615,616,617,-1,614,616,615,-1,617,618,619,-1,616,618,617,-1,618,620,619,-1,619,620,621,-1,620,622,621,-1,621,622,623,-1,622,624,623,-1,623,624,625,-1,624,626,625,-1,625,626,627,-1,626,628,627,-1,627,628,629,-1,628,630,629,-1,629,630,631,-1,631,630,632,-1,630,633,632,-1,633,634,632,-1,632,634,635,-1,635,634,636,-1,634,637,636,-1,637,638,636,-1,636,638,639,-1,638,640,639,-1,639,640,641,-1,640,642,641,-1,641,642,643,-1,643,644,645,-1,642,644,643,-1,645,646,647,-1,644,646,645,-1,647,648,649,-1,649,648,650,-1,646,648,647,-1,650,651,652,-1,648,651,650,-1,651,653,652,-1,652,654,655,-1,655,654,656,-1,653,654,652,-1,654,657,656,-1,656,658,659,-1,657,658,656,-1,659,660,661,-1,658,660,659,-1,661,662,663,-1,663,662,664,-1,660,662,661,-1,662,665,664,-1,664,666,667,-1,665,666,664,-1,668,669,670,-1,670,669,671,-1,671,672,673,-1,669,672,671,-1,673,674,675,-1,672,674,673,-1,675,676,677,-1,674,676,675,-1,677,678,679,-1,676,678,677,-1,679,680,681,-1,678,680,679,-1,681,682,683,-1,680,682,681,-1,683,684,685,-1,682,684,683,-1,684,686,685,-1,685,686,687,-1,686,688,687,-1,687,688,689,-1,688,690,689,-1,689,690,691,-1,690,692,691,-1,691,692,693,-1,692,694,693,-1,693,694,695,-1,694,696,695,-1,695,696,697,-1,697,696,698,-1,696,699,698,-1,699,700,698,-1,698,700,701,-1,701,700,702,-1,700,703,702,-1,703,704,702,-1,702,704,705,-1,704,706,705,-1,705,706,707,-1,706,708,707,-1,707,708,709,-1,709,710,711,-1,708,710,709,-1,711,712,713,-1,710,712,711,-1,713,714,715,-1,715,714,716,-1,712,714,713,-1,716,717,718,-1,714,717,716,-1,717,719,718,-1,718,720,721,-1,721,720,722,-1,719,720,718,-1,720,723,722,-1,722,724,725,-1,723,724,722,-1,725,726,727,-1,724,726,725,-1,727,728,729,-1,729,728,730,-1,726,728,727,-1,728,731,730,-1,730,732,733,-1,731,732,730,-1,734,735,736,-1,736,735,737,-1,737,738,739,-1,735,738,737,-1,739,740,741,-1,738,740,739,-1,741,742,743,-1,740,742,741,-1,743,744,745,-1,742,744,743,-1,745,746,747,-1,744,746,745,-1,747,748,749,-1,746,748,747,-1,749,750,751,-1,748,750,749,-1,750,752,751,-1,751,752,753,-1,752,754,753,-1,753,754,755,-1,754,756,755,-1,755,756,757,-1,756,758,757,-1,757,758,759,-1,758,760,759,-1,759,760,761,-1,760,762,761,-1,761,762,763,-1,763,762,764,-1,762,765,764,-1,765,766,764,-1,764,766,767,-1,767,766,768,-1,766,769,768,-1,769,770,768,-1,768,770,771,-1,770,772,771,-1,771,772,773,-1,772,774,773,-1,773,774,775,-1,775,776,777,-1,774,776,775,-1,777,778,779,-1,776,778,777,-1,779,780,781,-1,781,780,782,-1,778,780,779,-1,782,783,784,-1,780,783,782,-1,783,785,784,-1,784,786,787,-1,787,786,788,-1,785,786,784,-1,786,789,788,-1,788,790,791,-1,789,790,788,-1,791,792,793,-1,790,792,791,-1,793,794,795,-1,795,794,796,-1,792,794,793,-1,794,797,796,-1,796,798,799,-1,797,798,796,-1,800,801,802,-1,802,801,803,-1,803,804,805,-1,801,804,803,-1,805,806,807,-1,804,806,805,-1,807,808,809,-1,806,808,807,-1,809,810,811,-1,808,810,809,-1,811,812,813,-1,810,812,811,-1,813,814,815,-1,812,814,813,-1,815,816,817,-1,814,816,815,-1,816,818,817,-1,817,818,819,-1,818,820,819,-1,819,820,821,-1,820,822,821,-1,821,822,823,-1,822,824,823,-1,823,824,825,-1,824,826,825,-1,825,826,827,-1,826,828,827,-1,827,828,829,-1,829,828,830,-1,828,831,830,-1,831,832,830,-1,830,832,833,-1,833,832,834,-1,832,835,834,-1,835,836,834,-1,834,836,837,-1,836,838,837,-1,837,838,839,-1,838,840,839,-1,839,840,841,-1,841,842,843,-1,840,842,841,-1,843,844,845,-1,842,844,843,-1,845,846,847,-1,847,846,848,-1,844,846,845,-1,848,849,850,-1,846,849,848,-1,849,851,850,-1,850,852,853,-1,853,852,854,-1,851,852,850,-1,852,855,854,-1,854,856,857,-1,855,856,854,-1,857,858,859,-1,856,858,857,-1,859,860,861,-1,861,860,862,-1,858,860,859,-1,860,863,862,-1,862,864,865,-1,863,864,862,-1,866,867,868,-1,868,867,869,-1,869,870,871,-1,867,870,869,-1,871,872,873,-1,870,872,871,-1,873,874,875,-1,872,874,873,-1,875,876,877,-1,874,876,875,-1,877,878,879,-1,876,878,877,-1,879,880,881,-1,878,880,879,-1,881,882,883,-1,880,882,881,-1,882,884,883,-1,883,884,885,-1,884,886,885,-1,885,886,887,-1,886,888,887,-1,887,888,889,-1,888,890,889,-1,889,890,891,-1,890,892,891,-1,891,892,893,-1,892,894,893,-1,893,894,895,-1,895,894,896,-1,894,897,896,-1,897,898,896,-1,896,898,899,-1,899,898,900,-1,898,901,900,-1,901,902,900,-1,900,902,903,-1,902,904,903,-1,903,904,905,-1,904,906,905,-1,905,906,907,-1,907,908,909,-1,906,908,907,-1,909,910,911,-1,908,910,909,-1,911,912,913,-1,913,912,914,-1,910,912,911,-1,914,915,916,-1,912,915,914,-1,915,917,916,-1,916,918,919,-1,919,918,920,-1,917,918,916,-1,918,921,920,-1,920,922,923,-1,921,922,920,-1,923,924,925,-1,922,924,923,-1,925,926,927,-1,927,926,928,-1,924,926,925,-1,926,929,928,-1,928,930,931,-1,929,930,928,-1,932,933,934,-1,934,933,935,-1,935,936,937,-1,933,936,935,-1,937,938,939,-1,936,938,937,-1,939,940,941,-1,938,940,939,-1,941,942,943,-1,940,942,941,-1,943,944,945,-1,942,944,943,-1,945,946,947,-1,944,946,945,-1,947,948,949,-1,946,948,947,-1,948,950,949,-1,949,950,951,-1,950,952,951,-1,951,952,953,-1,952,954,953,-1,953,954,955,-1,954,956,955,-1,955,956,957,-1,956,958,957,-1,957,958,959,-1,958,960,959,-1,959,960,961,-1,961,960,962,-1,960,963,962,-1,963,964,962,-1,962,964,965,-1,965,964,966,-1,964,967,966,-1,967,968,966,-1,966,968,969,-1,968,970,969,-1,969,970,971,-1,970,972,971,-1,971,972,973,-1,973,974,975,-1,972,974,973,-1,975,976,977,-1,974,976,975,-1,977,978,979,-1,979,978,980,-1,976,978,977,-1,980,981,982,-1,978,981,980,-1,981,983,982,-1,982,984,985,-1,985,984,986,-1,983,984,982,-1,984,987,986,-1,986,988,989,-1,987,988,986,-1,989,990,991,-1,988,990,989,-1,991,992,993,-1,993,992,994,-1,990,992,991,-1,992,995,994,-1,994,996,997,-1,995,996,994,-1,998,999,1000,-1,1000,999,1001,-1,1001,1002,1003,-1,999,1002,1001,-1,1003,1004,1005,-1,1002,1004,1003,-1,1005,1006,1007,-1,1004,1006,1005,-1,1007,1008,1009,-1,1006,1008,1007,-1,1009,1010,1011,-1,1008,1010,1009,-1,1011,1012,1013,-1,1010,1012,1011,-1,1013,1014,1015,-1,1012,1014,1013,-1,1014,1016,1015,-1,1015,1016,1017,-1,1016,1018,1017,-1,1017,1018,1019,-1,1018,1020,1019,-1,1019,1020,1021,-1,1020,1022,1021,-1,1021,1022,1023,-1,1022,1024,1023,-1,1023,1024,1025,-1,1024,1026,1025,-1,1025,1026,1027,-1,1027,1026,1028,-1,1026,1029,1028,-1,1029,1030,1028,-1,1028,1030,1031,-1,1031,1030,1032,-1,1030,1033,1032,-1,1033,1034,1032,-1,1032,1034,1035,-1,1034,1036,1035,-1,1035,1036,1037,-1,1036,1038,1037,-1,1037,1038,1039,-1,1039,1040,1041,-1,1038,1040,1039,-1,1041,1042,1043,-1,1040,1042,1041,-1,1043,1044,1045,-1,1045,1044,1046,-1,1042,1044,1043,-1,1046,1047,1048,-1,1044,1047,1046,-1,1047,1049,1048,-1,1048,1050,1051,-1,1051,1050,1052,-1,1049,1050,1048,-1,1050,1053,1052,-1,1052,1054,1055,-1,1053,1054,1052,-1,1055,1056,1057,-1,1054,1056,1055,-1,1057,1058,1059,-1,1059,1058,1060,-1,1056,1058,1057,-1,1058,1061,1060,-1,1060,1062,1063,-1,1061,1062,1060,-1,1064,1065,1066,-1,1066,1065,1067,-1,1067,1068,1069,-1,1065,1068,1067,-1,1069,1070,1071,-1,1068,1070,1069,-1,1071,1072,1073,-1,1070,1072,1071,-1,1073,1074,1075,-1,1072,1074,1073,-1,1075,1076,1077,-1,1074,1076,1075,-1,1077,1078,1079,-1,1076,1078,1077,-1,1079,1080,1081,-1,1078,1080,1079,-1,1080,1082,1081,-1,1081,1082,1083,-1,1082,1084,1083,-1,1083,1084,1085,-1,1084,1086,1085,-1,1085,1086,1087,-1,1086,1088,1087,-1,1087,1088,1089,-1,1088,1090,1089,-1,1089,1090,1091,-1,1090,1092,1091,-1,1091,1092,1093,-1,1093,1092,1094,-1,1092,1095,1094,-1,1095,1096,1094,-1,1094,1096,1097,-1,1097,1096,1098,-1,1096,1099,1098,-1,1099,1100,1098,-1,1098,1100,1101,-1,1100,1102,1101,-1,1101,1102,1103,-1,1102,1104,1103,-1,1103,1104,1105,-1,1105,1106,1107,-1,1104,1106,1105,-1,1107,1108,1109,-1,1106,1108,1107,-1,1109,1110,1111,-1,1111,1110,1112,-1,1108,1110,1109,-1,1112,1113,1114,-1,1110,1113,1112,-1,1113,1115,1114,-1,1114,1116,1117,-1,1117,1116,1118,-1,1115,1116,1114,-1,1116,1119,1118,-1,1118,1120,1121,-1,1119,1120,1118,-1,1121,1122,1123,-1,1120,1122,1121,-1,1123,1124,1125,-1,1125,1124,1126,-1,1122,1124,1123,-1,1124,1127,1126,-1,1126,1128,1129,-1,1127,1128,1126,-1,1130,1131,1132,-1,1132,1131,1133,-1,1133,1134,1135,-1,1131,1134,1133,-1,1135,1136,1137,-1,1134,1136,1135,-1,1137,1138,1139,-1,1136,1138,1137,-1,1139,1140,1141,-1,1138,1140,1139,-1,1141,1142,1143,-1,1140,1142,1141,-1,1143,1144,1145,-1,1142,1144,1143,-1,1145,1146,1147,-1,1144,1146,1145,-1,1146,1148,1147,-1,1147,1148,1149,-1,1148,1150,1149,-1,1149,1150,1151,-1,1150,1152,1151,-1,1151,1152,1153,-1,1152,1154,1153,-1,1153,1154,1155,-1,1154,1156,1155,-1,1155,1156,1157,-1,1156,1158,1157,-1,1157,1158,1159,-1,1159,1158,1160,-1,1158,1161,1160,-1,1161,1162,1160,-1,1160,1162,1163,-1,1163,1162,1164,-1,1162,1165,1164,-1,1165,1166,1164,-1,1164,1166,1167,-1,1166,1168,1167,-1,1167,1168,1169,-1,1168,1170,1169,-1,1169,1170,1171,-1,1171,1172,1173,-1,1170,1172,1171,-1,1173,1174,1175,-1,1172,1174,1173,-1,1175,1176,1177,-1,1177,1176,1178,-1,1174,1176,1175,-1,1178,1179,1180,-1,1176,1179,1178,-1,1179,1181,1180,-1,1180,1182,1183,-1,1183,1182,1184,-1,1181,1182,1180,-1,1182,1185,1184,-1,1184,1186,1187,-1,1185,1186,1184,-1,1187,1188,1189,-1,1186,1188,1187,-1,1189,1190,1191,-1,1191,1190,1192,-1,1188,1190,1189,-1,1190,1193,1192,-1,1192,1194,1195,-1,1193,1194,1192,-1,1196,1197,1198,-1,1198,1197,1199,-1,1199,1200,1201,-1,1197,1200,1199,-1,1201,1202,1203,-1,1200,1202,1201,-1,1203,1204,1205,-1,1202,1204,1203,-1,1205,1206,1207,-1,1204,1206,1205,-1,1207,1208,1209,-1,1206,1208,1207,-1,1209,1210,1211,-1,1208,1210,1209,-1,1211,1212,1213,-1,1210,1212,1211,-1,1212,1214,1213,-1,1213,1214,1215,-1,1214,1216,1215,-1,1215,1216,1217,-1,1216,1218,1217,-1,1217,1218,1219,-1,1218,1220,1219,-1,1219,1220,1221,-1,1220,1222,1221,-1,1221,1222,1223,-1,1222,1224,1223,-1,1223,1224,1225,-1,1225,1224,1226,-1,1224,1227,1226,-1,1227,1228,1226,-1,1226,1228,1229,-1,1229,1228,1230,-1,1228,1231,1230,-1,1231,1232,1230,-1,1230,1232,1233,-1,1232,1234,1233,-1,1233,1234,1235,-1,1234,1236,1235,-1,1235,1236,1237,-1,1237,1238,1239,-1,1236,1238,1237,-1,1239,1240,1241,-1,1238,1240,1239,-1,1241,1242,1243,-1,1243,1242,1244,-1,1240,1242,1241,-1,1244,1245,1246,-1,1242,1245,1244,-1,1245,1247,1246,-1,1246,1248,1249,-1,1249,1248,1250,-1,1247,1248,1246,-1,1248,1251,1250,-1,1250,1252,1253,-1,1251,1252,1250,-1,1253,1254,1255,-1,1252,1254,1253,-1,1255,1256,1257,-1,1257,1256,1258,-1,1254,1256,1255,-1,1256,1259,1258,-1,1258,1260,1261,-1,1259,1260,1258,-1,1262,1263,1264,-1,1264,1263,1265,-1,1265,1266,1267,-1,1263,1266,1265,-1,1267,1268,1269,-1,1266,1268,1267,-1,1269,1270,1271,-1,1268,1270,1269,-1,1271,1272,1273,-1,1270,1272,1271,-1,1273,1274,1275,-1,1272,1274,1273,-1,1275,1276,1277,-1,1274,1276,1275,-1,1277,1278,1279,-1,1276,1278,1277,-1,1278,1280,1279,-1,1279,1280,1281,-1,1280,1282,1281,-1,1281,1282,1283,-1,1282,1284,1283,-1,1283,1284,1285,-1,1284,1286,1285,-1,1285,1286,1287,-1,1286,1288,1287,-1,1287,1288,1289,-1,1288,1290,1289,-1,1289,1290,1291,-1,1291,1290,1292,-1,1290,1293,1292,-1,1293,1294,1292,-1,1292,1294,1295,-1,1295,1294,1296,-1,1294,1297,1296,-1,1297,1298,1296,-1,1296,1298,1299,-1,1298,1300,1299,-1,1299,1300,1301,-1,1300,1302,1301,-1,1301,1302,1303,-1,1303,1304,1305,-1,1302,1304,1303,-1,1305,1306,1307,-1,1304,1306,1305,-1,1307,1308,1309,-1,1309,1308,1310,-1,1306,1308,1307,-1,1310,1311,1312,-1,1308,1311,1310,-1,1311,1313,1312,-1,1312,1314,1315,-1,1315,1314,1316,-1,1313,1314,1312,-1,1314,1317,1316,-1,1316,1318,1319,-1,1317,1318,1316,-1,1319,1320,1321,-1,1318,1320,1319,-1,1321,1322,1323,-1,1323,1322,1324,-1,1320,1322,1321,-1,1322,1325,1324,-1,1324,1326,1327,-1,1325,1326,1324,-1,1328,1329,1330,-1,1330,1329,1331,-1,1331,1332,1333,-1,1329,1332,1331,-1,1333,1334,1335,-1,1332,1334,1333,-1,1335,1336,1337,-1,1334,1336,1335,-1,1337,1338,1339,-1,1336,1338,1337,-1,1339,1340,1341,-1,1338,1340,1339,-1,1341,1342,1343,-1,1340,1342,1341,-1,1343,1344,1345,-1,1342,1344,1343,-1,1344,1346,1345,-1,1345,1346,1347,-1,1346,1348,1347,-1,1347,1348,1349,-1,1348,1350,1349,-1,1349,1350,1351,-1,1350,1352,1351,-1,1351,1352,1353,-1,1352,1354,1353,-1,1353,1354,1355,-1,1355,1354,1356,-1,1354,1357,1356,-1,1357,1358,1356,-1,1356,1358,1359,-1,1358,1360,1359,-1,1359,1360,1361,-1,1360,1362,1361,-1,1361,1362,1363,-1,1363,1362,1364,-1,1362,1365,1364,-1,1364,1365,1366,-1,1365,1367,1366,-1,1367,1368,1366,-1,1366,1368,1369,-1,1369,1370,1371,-1,1368,1370,1369,-1,1371,1370,1372,-1,1370,1373,1372,-1,1372,1374,1375,-1,1375,1374,1376,-1,1373,1374,1372,-1,1376,1377,1378,-1,1374,1377,1376,-1,1377,1379,1378,-1,1378,1380,1381,-1,1379,1380,1378,-1,1381,1382,1383,-1,1383,1382,1384,-1,1380,1382,1381,-1,1382,1385,1384,-1,1384,1386,1387,-1,1387,1386,1388,-1,1385,1386,1384,-1,1386,1389,1388,-1,1388,1390,1391,-1,1391,1390,264,-1,1389,1390,1388,-1,1390,226,264,-1,1392,1393,1394,-1,1394,1393,1395,-1,1393,1396,1395,-1,1395,1396,1397,-1,1396,1398,1397,-1,1397,1398,1399,-1,1398,1400,1399,-1,1399,1400,1401,-1,1400,1402,1401,-1,1401,1402,1403,-1,1402,1404,1403,-1,1403,1404,1405,-1,1404,1406,1405,-1,1405,1406,1407,-1,1407,1406,1408,-1,1406,1409,1408,-1,1409,1410,1408,-1,1408,1410,1411,-1,1410,1412,1411,-1,1411,1412,1413,-1,1412,1414,1413,-1,1413,1414,1415,-1,1415,1416,1417,-1,1414,1416,1415,-1,1417,1418,1419,-1,1419,1418,1420,-1,1416,1418,1417,-1,1418,1421,1420,-1,1420,1422,1423,-1,1423,1422,1424,-1,1421,1422,1420,-1,1422,1425,1424,-1,1425,1426,1424,-1,1424,1426,1427,-1,1426,1428,1427,-1,1427,1428,1429,-1,1428,1430,1429,-1,1429,1430,1431,-1,1430,1432,1431,-1,1431,1432,1433,-1,1433,1432,1434,-1,1432,1435,1434,-1,1435,1436,1434,-1,1434,1436,1437,-1,1436,1438,1437,-1,1437,1438,1439,-1,1439,1438,1440,-1,1438,1441,1440,-1,1441,1442,1440,-1,1440,1442,1443,-1,1442,1444,1443,-1,1443,1444,1445,-1,1444,1446,1445,-1,1445,1446,1447,-1,1446,1448,1447,-1,1447,1448,1449,-1,1448,1450,1449,-1,1449,1450,1451,-1,1450,1452,1451,-1,1451,1452,1453,-1,1452,1454,1453,-1,1453,1454,1455,-1,1455,1454,1456,-1,1454,1457,1456,-1,1456,1457,1458,-1,1457,1459,1458,-1,1459,1460,1458,-1,1458,1460,1461,-1,1460,1462,1461,-1,1461,1462,1463,-1,1463,1464,1465,-1,1465,1464,1466,-1,1462,1464,1463,-1,1464,1467,1466,-1,1466,1468,1469,-1,1467,1468,1466,-1,1469,1470,1471,-1,1468,1470,1469,-1,1471,1472,1473,-1,1473,1472,1474,-1,1470,1472,1471,-1,1474,1475,1476,-1,1472,1475,1474,-1,1475,1477,1476,-1,1477,1478,1476,-1,1476,1478,1479,-1,1479,1478,1480,-1,1480,1481,1482,-1,1478,1481,1480,-1,1481,1483,1482,-1,1482,1484,1485,-1,1483,1484,1482,-1,1485,1486,1487,-1,1484,1486,1485,-1,1487,1488,1489,-1,1489,1488,1490,-1,1486,1488,1487,-1,1488,1491,1490,-1,1490,1492,1493,-1,1491,1492,1490,-1,1493,1494,1495,-1,1492,1494,1493,-1,1495,1496,1497,-1,1497,1496,1498,-1,1494,1496,1495,-1,1496,1499,1498,-1,1498,1500,1501,-1,1499,1500,1498,-1,1501,1502,1503,-1,1500,1502,1501,-1,1503,1504,1505,-1,1505,1504,1506,-1,1502,1504,1503,-1,1504,1507,1506,-1,1506,1508,1509,-1,1507,1508,1506,-1,1509,1510,1511,-1,1511,1510,1512,-1,1508,1510,1509,-1,1510,1513,1512,-1,1512,1514,1515,-1,1513,1514,1512,-1,1515,1516,1517,-1,1517,1516,63,-1,1514,1516,1515,-1,1516,27,63,-1,1518,1519,1520,-1,1520,1519,1521,-1,1522,1523,1524,-1,1524,1523,1525,-1,1526,1527,1528,-1,1528,1527,1529,-1,1530,1531,1532,-1,1532,1531,1533,-1,1534,1535,1536,-1,1536,1535,1537,-1,1538,1539,1540,-1,1540,1539,1541,-1,1542,1543,1544,-1,1544,1543,1545,-1,1546,1547,1548,-1,1548,1547,1549,-1,1550,1551,1552,-1,1552,1551,1553,-1,1554,1555,1556,-1,1556,1555,1557,-1,1558,1559,1560,-1,1560,1559,1561,-1,1562,1563,1564,-1,1564,1563,1565,-1,1566,1567,1568,-1,1568,1567,1569,-1,1570,1571,1572,-1,1572,1571,1573,-1,1574,234,1575,-1,1575,234,260,-1,1576,1577,1578,-1,1578,1577,1579,-1,1580,1472,1470,-1,1580,1475,1472,-1,1580,1477,1475,-1,1580,1478,1477,-1,1580,1481,1478,-1,1580,1483,1481,-1,1580,1484,1483,-1,1580,1486,1484,-1,1580,1488,1486,-1,1580,1491,1488,-1,1580,1492,1491,-1,1580,1494,1492,-1,1580,1496,1494,-1,1580,1499,1496,-1,1580,1500,1499,-1,1580,1502,1500,-1,1580,1504,1502,-1,1580,1507,1504,-1,1580,1508,1507,-1,1580,1510,1508,-1,1580,1513,1510,-1,1580,1514,1513,-1,1580,1516,1514,-1,1581,1462,1460,-1,1581,1464,1462,-1,1581,1467,1464,-1,1581,1468,1467,-1,1581,1470,1468,-1,1581,1580,1470,-1,1582,1581,1460,-1,1583,1582,1460,-1,1583,1460,1459,-1,1584,1583,1459,-1,1584,1459,1457,-1,1585,1584,1457,-1,1586,1457,1454,-1,1586,1585,1457,-1,1587,1586,1454,-1,1588,1587,1454,-1,1588,1454,1452,-1,1589,1588,1452,-1,1590,1589,1452,-1,1590,1452,1450,-1,1591,1590,1450,-1,1592,1450,1448,-1,1592,1591,1450,-1,1593,1448,1446,-1,1593,1592,1448,-1,1594,1593,1446,-1,1595,1594,1446,-1,1595,1446,1444,-1,1596,1595,1444,-1,1597,1444,1442,-1,1597,1596,1444,-1,1598,1597,1442,-1,1599,1442,1441,-1,1599,1598,1442,-1,1600,1599,1441,-1,1600,1441,1438,-1,1601,1600,1438,-1,1602,1438,1436,-1,1602,1601,1438,-1,1603,1436,1435,-1,1603,1602,1436,-1,1604,1603,1435,-1,1605,1435,1432,-1,1605,1604,1435,-1,1606,1605,1432,-1,1606,1432,1430,-1,1607,1606,1430,-1,1608,1430,1428,-1,1608,1607,1430,-1,1609,1608,1428,-1,1609,1428,1426,-1,1610,1609,1426,-1,1611,1426,1425,-1,1611,1610,1426,-1,1612,1611,1425,-1,1612,1425,1422,-1,1326,1577,1576,-1,1262,1612,1422,-1,1262,1422,1421,-1,1263,1262,1421,-1,1263,1421,1418,-1,1266,1263,1418,-1,1268,1266,1418,-1,1268,1418,1416,-1,1613,1577,1326,-1,1614,1613,1326,-1,1614,1325,1322,-1,1614,1326,1325,-1,1615,1614,1322,-1,1616,1615,1322,-1,1616,1320,1318,-1,1616,1322,1320,-1,1617,1616,1318,-1,1618,1617,1318,-1,1618,1317,1314,-1,1618,1318,1317,-1,1619,1618,1314,-1,1619,1314,1313,-1,1620,1619,1313,-1,1620,1313,1311,-1,1621,1620,1311,-1,1622,1308,1306,-1,1622,1311,1308,-1,1622,1621,1311,-1,1623,1622,1306,-1,1624,1623,1306,-1,1624,1304,1302,-1,1624,1306,1304,-1,1625,1302,1300,-1,1625,1624,1302,-1,1626,1625,1300,-1,1627,1626,1300,-1,1627,1300,1298,-1,1628,1627,1298,-1,1628,1297,1294,-1,1628,1298,1297,-1,1629,1628,1294,-1,1630,1629,1294,-1,1630,1294,1293,-1,1631,1630,1293,-1,1631,1290,1288,-1,1631,1293,1290,-1,1632,1631,1288,-1,1633,1288,1286,-1,1633,1632,1288,-1,1634,1633,1286,-1,1634,1284,1282,-1,1634,1286,1284,-1,1635,1634,1282,-1,1636,1282,1280,-1,1636,1635,1282,-1,1637,1636,1280,-1,1637,1280,1278,-1,1638,1637,1278,-1,1638,1278,1276,-1,1639,1638,1276,-1,1639,1276,1274,-1,1640,1639,1274,-1,1640,1274,1272,-1,1641,1640,1272,-1,1641,1270,1268,-1,1641,1272,1270,-1,1642,1268,1416,-1,1642,1641,1268,-1,1643,1642,1416,-1,1644,1643,1416,-1,1644,1416,1414,-1,272,1644,1414,-1,272,1414,1412,-1,1645,1518,336,-1,1645,336,335,-1,1645,1519,1518,-1,1646,1645,335,-1,1647,335,332,-1,1647,1646,335,-1,1648,330,328,-1,1648,332,330,-1,1648,1647,332,-1,1649,1648,328,-1,1649,328,327,-1,1650,1649,327,-1,1650,327,324,-1,1651,1650,324,-1,1652,1651,324,-1,1652,323,321,-1,1652,324,323,-1,1653,1652,321,-1,1654,318,316,-1,1654,321,318,-1,1654,1653,321,-1,1655,1654,316,-1,1656,314,312,-1,1656,316,314,-1,1656,1655,316,-1,1657,1656,312,-1,1657,312,310,-1,1658,1657,310,-1,1659,1658,310,-1,1659,310,308,-1,1660,1659,308,-1,1660,307,304,-1,1660,308,307,-1,1661,304,303,-1,1661,1660,304,-1,1662,1661,303,-1,1663,300,298,-1,1663,303,300,-1,1663,1662,303,-1,1664,1663,298,-1,1665,298,296,-1,1665,1664,298,-1,1666,294,292,-1,1666,296,294,-1,1666,1665,296,-1,1667,1666,292,-1,1668,292,290,-1,1668,1667,292,-1,1669,290,288,-1,1669,1668,290,-1,1670,288,286,-1,1670,1669,288,-1,1671,286,284,-1,1671,1670,286,-1,1672,284,282,-1,1672,1671,284,-1,1673,282,280,-1,1673,1672,282,-1,1674,280,278,-1,1674,1673,280,-1,1675,278,276,-1,1675,1674,278,-1,1676,1523,1522,-1,1676,1522,402,-1,1677,401,398,-1,1677,402,401,-1,1677,1676,402,-1,1678,1677,398,-1,1679,398,396,-1,1679,1678,398,-1,1680,396,394,-1,1680,1679,396,-1,1681,394,393,-1,1681,1680,394,-1,1682,390,389,-1,1682,393,390,-1,1682,1681,393,-1,1683,389,387,-1,1683,1682,389,-1,1684,387,384,-1,1684,1683,387,-1,1685,1684,384,-1,1685,384,382,-1,1686,1685,382,-1,1687,1686,382,-1,1687,380,378,-1,1687,382,380,-1,1688,1687,378,-1,1689,1688,378,-1,1689,378,376,-1,1690,1689,376,-1,1690,374,373,-1,1690,376,374,-1,1691,1690,373,-1,1691,373,370,-1,1692,1691,370,-1,1692,370,369,-1,1693,1692,369,-1,1693,369,366,-1,1694,1693,366,-1,1694,366,364,-1,1695,1694,364,-1,1695,364,362,-1,1696,1695,362,-1,1697,1696,362,-1,1697,360,358,-1,1697,362,360,-1,1698,1697,358,-1,1698,358,356,-1,1699,1698,356,-1,1700,356,354,-1,1700,1699,356,-1,1701,352,350,-1,1701,354,352,-1,1701,1700,354,-1,1702,1701,350,-1,1703,348,346,-1,1703,350,348,-1,1703,1702,350,-1,1704,1703,346,-1,1705,346,344,-1,1705,1704,346,-1,1706,1705,344,-1,1706,344,342,-1,1707,1527,1526,-1,1707,1526,468,-1,1707,468,467,-1,1708,1707,467,-1,1709,467,464,-1,1709,1708,467,-1,1710,462,460,-1,1710,464,462,-1,1710,1709,464,-1,1711,460,459,-1,1711,1710,460,-1,1712,1711,459,-1,1712,459,456,-1,1713,1712,456,-1,1713,456,455,-1,1714,1713,455,-1,1715,455,453,-1,1715,1714,455,-1,1716,453,450,-1,1716,1715,453,-1,1717,450,448,-1,1717,1716,450,-1,1718,1717,448,-1,1718,448,446,-1,1719,444,442,-1,1719,446,444,-1,1719,1718,446,-1,1720,1719,442,-1,1721,442,440,-1,1721,1720,442,-1,1722,440,439,-1,1722,1721,440,-1,1723,436,435,-1,1723,439,436,-1,1723,1722,439,-1,1724,1723,435,-1,1725,1724,435,-1,1725,435,432,-1,1726,1725,432,-1,1726,432,430,-1,1727,430,428,-1,1727,1726,430,-1,1728,426,424,-1,1728,428,426,-1,1728,1727,428,-1,1729,1728,424,-1,1730,1729,424,-1,1730,424,422,-1,1731,1730,422,-1,1731,422,420,-1,1732,1731,420,-1,1732,420,418,-1,1733,418,416,-1,1733,1732,418,-1,1734,416,414,-1,1734,1733,416,-1,1735,412,410,-1,1735,414,412,-1,1735,1734,414,-1,1736,1735,410,-1,1737,1736,410,-1,1737,410,408,-1,1738,408,405,-1,1738,1737,408,-1,1739,1531,1530,-1,1739,1530,534,-1,1739,534,533,-1,1740,1739,533,-1,1740,533,530,-1,1741,1740,530,-1,1742,1741,530,-1,1742,528,526,-1,1742,530,528,-1,1743,1742,526,-1,1744,526,525,-1,1744,1743,526,-1,1745,1744,525,-1,1745,525,522,-1,1746,1745,522,-1,1746,522,521,-1,1747,1746,521,-1,1747,521,519,-1,1748,1747,519,-1,1748,519,516,-1,1749,1748,516,-1,1749,516,514,-1,1750,1749,514,-1,1750,514,512,-1,1751,1750,512,-1,1751,512,510,-1,1752,1751,510,-1,1752,510,508,-1,1753,1752,508,-1,1753,508,506,-1,1754,1753,506,-1,1754,506,505,-1,1755,1754,505,-1,1755,502,501,-1,1755,505,502,-1,1756,1755,501,-1,1757,1756,501,-1,1757,498,496,-1,1757,501,498,-1,1758,1757,496,-1,1759,1758,496,-1,1759,496,494,-1,1760,1759,494,-1,1760,492,490,-1,1760,494,492,-1,1761,1760,490,-1,1762,490,488,-1,1762,1761,490,-1,1763,488,486,-1,1763,1762,488,-1,1764,486,484,-1,1764,1763,486,-1,1765,484,482,-1,1765,1764,484,-1,1766,482,480,-1,1766,1765,482,-1,1767,1766,480,-1,1767,478,476,-1,1767,480,478,-1,1768,1767,476,-1,1769,476,474,-1,1769,1768,476,-1,1770,474,471,-1,1770,1769,474,-1,1771,600,599,-1,1771,1535,1534,-1,1771,1534,600,-1,1772,599,596,-1,1772,1771,599,-1,1773,596,594,-1,1773,1772,596,-1,1774,1773,594,-1,1775,592,591,-1,1775,594,592,-1,1775,1774,594,-1,1776,591,588,-1,1776,1775,591,-1,1777,588,587,-1,1777,1776,588,-1,1778,1777,587,-1,1779,587,585,-1,1779,1778,587,-1,1780,585,582,-1,1780,1779,585,-1,1781,582,580,-1,1781,1780,582,-1,1782,1781,580,-1,1782,580,578,-1,1783,1782,578,-1,1783,578,576,-1,1784,1783,576,-1,1784,576,574,-1,1785,1784,574,-1,1785,574,572,-1,1786,1785,572,-1,1786,571,568,-1,1786,572,571,-1,1787,1786,568,-1,1787,568,567,-1,1788,1787,567,-1,1789,1788,567,-1,1789,567,564,-1,1790,1789,564,-1,1790,564,562,-1,1791,1790,562,-1,1791,562,560,-1,1792,1791,560,-1,1792,558,556,-1,1792,560,558,-1,1793,1792,556,-1,1794,556,554,-1,1794,1793,556,-1,1795,554,552,-1,1795,1794,554,-1,1796,552,550,-1,1796,1795,552,-1,1797,550,548,-1,1797,1796,550,-1,1798,548,546,-1,1798,1797,548,-1,1799,544,542,-1,1799,546,544,-1,1799,1798,546,-1,1800,1799,542,-1,1801,1800,542,-1,1801,540,537,-1,1801,542,540,-1,1802,1801,537,-1,1803,1539,1538,-1,1803,1538,666,-1,1804,665,662,-1,1804,666,665,-1,1804,1803,666,-1,1805,662,660,-1,1805,1804,662,-1,1806,1805,660,-1,1807,1806,660,-1,1807,660,658,-1,1808,1807,658,-1,1808,657,654,-1,1808,658,657,-1,1809,1808,654,-1,1810,654,653,-1,1810,1809,654,-1,1811,653,651,-1,1811,1810,653,-1,1812,1811,651,-1,1812,651,648,-1,1813,646,644,-1,1813,648,646,-1,1813,1812,648,-1,1814,644,642,-1,1814,1813,644,-1,1815,1814,642,-1,1816,642,640,-1,1816,1815,642,-1,1817,638,637,-1,1817,640,638,-1,1817,1816,640,-1,1818,637,634,-1,1818,1817,637,-1,1819,634,633,-1,1819,1818,634,-1,1820,1819,633,-1,1821,633,630,-1,1821,1820,633,-1,1822,628,626,-1,1822,630,628,-1,1822,1821,630,-1,1823,1822,626,-1,1824,1823,626,-1,1824,624,622,-1,1824,626,624,-1,1825,1824,622,-1,1826,1825,622,-1,1826,622,620,-1,1827,620,618,-1,1827,1826,620,-1,1828,616,614,-1,1828,618,616,-1,1828,1827,618,-1,1829,1828,614,-1,1830,614,612,-1,1830,1829,614,-1,1831,612,610,-1,1831,1830,612,-1,1832,610,608,-1,1832,1831,610,-1,1833,608,606,-1,1833,1832,608,-1,1834,606,603,-1,1834,1833,606,-1,1835,1543,1542,-1,1835,1542,732,-1,1835,732,731,-1,1836,1835,731,-1,1836,731,728,-1,1837,1836,728,-1,1837,728,726,-1,1838,1837,726,-1,1838,726,724,-1,1839,1838,724,-1,1840,1839,724,-1,1840,724,723,-1,1841,1840,723,-1,1841,720,719,-1,1841,723,720,-1,1842,1841,719,-1,1842,719,717,-1,1843,1842,717,-1,1844,1843,717,-1,1844,717,714,-1,1845,1844,714,-1,1845,714,712,-1,1846,1845,712,-1,1846,712,710,-1,1847,1846,710,-1,1847,710,708,-1,1848,1847,708,-1,1848,708,706,-1,1849,1848,706,-1,1849,706,704,-1,1850,1849,704,-1,1850,704,703,-1,1851,1850,703,-1,1851,703,700,-1,1852,1851,700,-1,1852,700,699,-1,1853,699,696,-1,1853,1852,699,-1,1854,1853,696,-1,1854,696,694,-1,1855,1854,694,-1,1855,694,692,-1,1856,1855,692,-1,1856,692,690,-1,1857,1856,690,-1,1857,688,686,-1,1857,690,688,-1,1858,1857,686,-1,1859,1858,686,-1,1859,686,684,-1,1860,1859,684,-1,1860,684,682,-1,1861,1860,682,-1,1861,682,680,-1,1862,680,678,-1,1862,1861,680,-1,1863,1862,678,-1,1863,676,674,-1,1863,678,676,-1,1864,1863,674,-1,1865,1864,674,-1,1865,674,672,-1,1866,672,669,-1,1866,1865,672,-1,1867,1547,1546,-1,1867,1546,798,-1,1868,1867,798,-1,1868,797,794,-1,1868,798,797,-1,1869,794,792,-1,1869,1868,794,-1,1870,792,790,-1,1870,1869,792,-1,1871,1870,790,-1,1872,789,786,-1,1872,790,789,-1,1872,1871,790,-1,1873,786,785,-1,1873,1872,786,-1,1874,785,783,-1,1874,1873,785,-1,1875,1874,783,-1,1876,783,780,-1,1876,1875,783,-1,1877,1878,1879,-1,1880,1879,1881,-1,1880,1877,1879,-1,1882,1878,1877,-1,1882,1883,1878,-1,1884,1881,1885,-1,1884,1880,1881,-1,1886,1887,1883,-1,1886,1883,1882,-1,1888,780,778,-1,1888,1876,780,-1,1889,1885,1890,-1,1889,1884,1885,-1,1891,1887,1886,-1,1891,1892,1887,-1,1893,1890,1894,-1,1893,1889,1890,-1,1895,1896,1892,-1,1895,1892,1891,-1,1897,778,776,-1,1897,1888,778,-1,1897,776,774,-1,1898,1894,1899,-1,1898,1893,1894,-1,1900,1901,1896,-1,1900,1896,1895,-1,1902,1898,1899,-1,1902,1899,1903,-1,1904,1897,774,-1,1905,1906,1901,-1,1905,1901,1900,-1,1907,1903,1908,-1,1907,1902,1903,-1,1909,1904,774,-1,1909,774,772,-1,1910,1911,1906,-1,1910,1906,1905,-1,1912,1908,1913,-1,1912,1907,1908,-1,1914,1909,772,-1,1914,772,770,-1,1915,1916,1911,-1,1915,1911,1910,-1,1917,1914,770,-1,1917,769,766,-1,1917,770,769,-1,1918,1913,1919,-1,1918,1912,1913,-1,1920,1916,1915,-1,1920,1921,1916,-1,1922,1917,766,-1,1922,766,765,-1,1923,1919,1924,-1,1923,1918,1919,-1,1925,1921,1920,-1,1925,1926,1921,-1,1927,1922,765,-1,1928,1924,1929,-1,1928,1923,1924,-1,1930,1927,765,-1,1930,762,760,-1,1930,765,762,-1,1931,1932,1926,-1,1931,1926,1925,-1,1933,1930,760,-1,1933,760,758,-1,1934,1929,1935,-1,1934,1928,1929,-1,1936,1937,1932,-1,1936,1932,1931,-1,1938,1933,758,-1,1939,1934,1935,-1,1939,1935,1940,-1,1941,758,756,-1,1941,1938,758,-1,1942,1943,1937,-1,1942,1937,1936,-1,1944,1941,756,-1,1944,756,754,-1,1945,1939,1940,-1,1945,1940,1946,-1,1947,1944,754,-1,1947,754,752,-1,1948,1949,1943,-1,1948,1943,1942,-1,1950,1947,752,-1,1950,750,748,-1,1950,752,750,-1,1951,1945,1946,-1,1951,1946,1952,-1,1953,1950,748,-1,1954,1392,1949,-1,1954,1949,1948,-1,1955,1953,748,-1,1955,748,746,-1,1956,1955,746,-1,1956,744,742,-1,1956,746,744,-1,1957,1392,1954,-1,1957,1393,1392,-1,1958,1956,742,-1,1959,1958,742,-1,1959,740,738,-1,1959,742,740,-1,1960,1959,738,-1,1960,738,735,-1,1961,1396,1393,-1,1961,1393,1957,-1,1962,1960,735,-1,1963,1398,1396,-1,1963,1396,1961,-1,1964,1398,1963,-1,1964,1400,1398,-1,1965,1400,1964,-1,1965,1402,1400,-1,1966,1404,1402,-1,1966,1402,1965,-1,1967,1406,1404,-1,1967,1404,1966,-1,1968,1551,1550,-1,1968,1550,864,-1,1968,864,863,-1,1969,1968,863,-1,1969,863,860,-1,1970,1409,1406,-1,1970,1406,1967,-1,1971,1969,860,-1,1972,1971,860,-1,1972,858,856,-1,1972,860,858,-1,1973,1972,856,-1,1974,1409,1970,-1,1974,1410,1409,-1,1975,856,855,-1,1975,1973,856,-1,1976,1975,855,-1,1976,852,851,-1,1976,855,852,-1,1977,1976,851,-1,1978,1412,1410,-1,1978,1410,1974,-1,1979,1977,851,-1,1979,851,849,-1,1980,849,846,-1,1980,1979,849,-1,1981,844,842,-1,1981,846,844,-1,1981,1980,846,-1,1982,273,272,-1,1982,1412,1978,-1,1982,272,1412,-1,1983,1981,842,-1,1984,842,840,-1,1984,1983,842,-1,1985,840,838,-1,1985,1984,840,-1,1986,276,273,-1,1986,1987,1675,-1,1986,273,1982,-1,1986,1675,276,-1,1988,838,836,-1,1988,1985,838,-1,1989,836,835,-1,1989,1988,836,-1,1990,338,1987,-1,1990,1987,1986,-1,1991,835,832,-1,1991,1989,835,-1,1992,832,831,-1,1992,1991,832,-1,1993,828,826,-1,1993,831,828,-1,1993,1992,831,-1,1994,338,1990,-1,1994,339,338,-1,1994,342,339,-1,1995,1993,826,-1,1996,826,824,-1,1996,1995,826,-1,1997,824,822,-1,1997,1996,824,-1,1998,1706,342,-1,1998,342,1994,-1,1998,1999,1706,-1,1998,404,1999,-1,2000,822,820,-1,2000,1997,822,-1,2001,820,818,-1,2001,2000,820,-1,2002,816,814,-1,2002,818,816,-1,2002,2001,818,-1,2003,405,404,-1,2003,404,1998,-1,2004,2002,814,-1,2005,814,812,-1,2005,2004,814,-1,2006,810,808,-1,2006,812,810,-1,2006,2005,812,-1,2007,1738,405,-1,2007,405,2003,-1,2008,808,806,-1,2008,2006,808,-1,2009,2008,806,-1,2010,804,801,-1,2010,806,804,-1,2010,2009,806,-1,2011,2010,801,-1,2012,470,1738,-1,2012,1738,2007,-1,2013,470,2012,-1,2013,471,470,-1,2014,536,1770,-1,2014,1770,471,-1,2014,471,2013,-1,2015,536,2014,-1,2015,537,536,-1,2016,1802,537,-1,2016,537,2015,-1,2017,1555,1554,-1,2017,1554,930,-1,2018,930,929,-1,2018,2017,930,-1,2019,1802,2016,-1,2019,602,1802,-1,2020,2018,929,-1,2020,929,926,-1,2021,2020,926,-1,2021,924,922,-1,2021,926,924,-1,2022,2021,922,-1,2023,603,602,-1,2023,602,2019,-1,2023,1834,603,-1,2024,921,918,-1,2024,922,921,-1,2024,2022,922,-1,2025,2024,918,-1,2026,2025,918,-1,2026,917,915,-1,2026,918,917,-1,2027,668,1834,-1,2027,1834,2023,-1,2028,2026,915,-1,2029,2028,915,-1,2029,912,910,-1,2029,915,912,-1,2030,2029,910,-1,2031,668,2027,-1,2031,669,668,-1,2031,1866,669,-1,2032,2030,910,-1,2032,908,906,-1,2032,910,908,-1,2033,2032,906,-1,2034,2033,906,-1,2034,906,904,-1,2035,734,1866,-1,2035,1866,2031,-1,2036,2034,904,-1,2036,902,901,-1,2036,904,902,-1,2037,2036,901,-1,2038,734,2035,-1,2038,1962,735,-1,2038,735,734,-1,2039,901,898,-1,2039,2037,901,-1,2040,897,894,-1,2040,898,897,-1,2040,2039,898,-1,2041,1962,2038,-1,2041,800,1962,-1,2042,2040,894,-1,2043,2042,894,-1,2043,894,892,-1,2044,892,890,-1,2044,2043,892,-1,2045,2011,801,-1,2045,866,2011,-1,2045,801,800,-1,2045,800,2041,-1,2046,2044,890,-1,2046,888,886,-1,2046,890,888,-1,2047,2046,886,-1,2048,867,866,-1,2048,866,2045,-1,2049,886,884,-1,2049,2047,886,-1,2050,884,882,-1,2050,2049,884,-1,2051,867,2048,-1,2052,2050,882,-1,2052,880,878,-1,2052,882,880,-1,2053,2052,878,-1,2054,878,876,-1,2054,2053,878,-1,2055,874,872,-1,2055,876,874,-1,2055,2054,876,-1,2056,2055,872,-1,2057,872,870,-1,2057,2056,872,-1,2058,870,867,-1,2058,867,2051,-1,2058,2057,870,-1,932,2058,2051,-1,932,2051,2059,-1,933,932,2059,-1,2060,996,995,-1,2060,1559,1558,-1,2060,1558,996,-1,2061,2060,995,-1,2062,2061,995,-1,2062,992,990,-1,2062,995,992,-1,2063,990,988,-1,2063,2062,990,-1,2064,2063,988,-1,2065,988,987,-1,2065,2064,988,-1,2066,2065,987,-1,2066,987,984,-1,2067,984,983,-1,2067,2066,984,-1,2068,983,981,-1,2068,2067,983,-1,2069,981,978,-1,2069,2068,981,-1,2070,978,976,-1,2070,2069,978,-1,2071,976,974,-1,2071,2070,976,-1,2072,974,972,-1,2072,2071,974,-1,2073,2072,972,-1,2073,972,970,-1,2074,2073,970,-1,2074,968,967,-1,2074,970,968,-1,2075,2074,967,-1,2075,967,964,-1,2076,2075,964,-1,2077,2076,964,-1,2077,963,960,-1,2077,964,963,-1,2078,2077,960,-1,2079,2078,960,-1,2079,958,956,-1,2079,960,958,-1,2080,2079,956,-1,2081,2080,956,-1,2081,956,954,-1,2082,2081,954,-1,2082,954,952,-1,2083,2082,952,-1,2083,952,950,-1,2084,2083,950,-1,2084,948,946,-1,2084,950,948,-1,2085,2084,946,-1,2086,946,944,-1,2086,2085,946,-1,2087,2086,944,-1,2087,944,942,-1,2088,2087,942,-1,2088,940,938,-1,2088,942,940,-1,2089,938,936,-1,2089,2088,938,-1,2090,2089,936,-1,2090,936,933,-1,2091,2059,2092,-1,2091,2090,933,-1,2091,933,2059,-1,998,2091,2092,-1,999,2092,2093,-1,999,998,2092,-1,2094,1563,1562,-1,2094,1562,1062,-1,2094,1062,1061,-1,2095,2094,1061,-1,2096,1061,1058,-1,2096,2095,1061,-1,2097,1056,1054,-1,2097,1058,1056,-1,2097,2096,1058,-1,2098,2097,1054,-1,2099,1053,1050,-1,2099,1054,1053,-1,2099,2098,1054,-1,2100,2099,1050,-1,2101,2100,1050,-1,2101,1049,1047,-1,2101,1050,1049,-1,2102,2101,1047,-1,2103,1047,1044,-1,2103,2102,1047,-1,2104,2103,1044,-1,2104,1044,1042,-1,2105,1040,1038,-1,2105,1042,1040,-1,2105,2104,1042,-1,2106,2105,1038,-1,2107,1038,1036,-1,2107,2106,1038,-1,2108,1036,1034,-1,2108,2107,1036,-1,2109,1033,1030,-1,2109,1034,1033,-1,2109,2108,1034,-1,2110,2109,1030,-1,2111,1029,1026,-1,2111,1030,1029,-1,2111,2110,1030,-1,2112,2111,1026,-1,2113,1026,1024,-1,2113,2112,1026,-1,2114,2113,1024,-1,2114,1024,1022,-1,2115,1022,1020,-1,2115,2114,1022,-1,2116,2115,1020,-1,2116,1020,1018,-1,2117,1018,1016,-1,2117,2116,1018,-1,2118,1016,1014,-1,2118,2117,1016,-1,2119,2118,1014,-1,2119,1014,1012,-1,2120,2119,1012,-1,2120,1012,1010,-1,2121,2120,1010,-1,2121,1008,1006,-1,2121,1010,1008,-1,2122,2121,1006,-1,2122,1006,1004,-1,2123,2122,1004,-1,2124,2123,1004,-1,2124,1002,999,-1,2124,1004,1002,-1,2125,2124,999,-1,2125,999,2093,-1,2126,1567,1566,-1,2126,1566,1128,-1,2126,1128,1127,-1,2127,2126,1127,-1,2128,1127,1124,-1,2128,2127,1127,-1,2129,1122,1120,-1,2129,1124,1122,-1,2129,2128,1124,-1,2130,2129,1120,-1,2131,2130,1120,-1,2131,1120,1119,-1,2132,2131,1119,-1,2132,1116,1115,-1,2132,1119,1116,-1,2133,2132,1115,-1,2134,1115,1113,-1,2134,2133,1115,-1,2135,2134,1113,-1,2135,1113,1110,-1,2136,2135,1110,-1,2136,1110,1108,-1,2137,2136,1108,-1,2137,1108,1106,-1,2138,2137,1106,-1,2138,1106,1104,-1,2139,2138,1104,-1,2139,1104,1102,-1,2140,2139,1102,-1,2140,1100,1099,-1,2140,1102,1100,-1,2141,2140,1099,-1,2142,2141,1099,-1,2142,1099,1096,-1,2143,2142,1096,-1,2143,1096,1095,-1,2144,2143,1095,-1,2144,1095,1092,-1,2145,2144,1092,-1,2145,1092,1090,-1,2146,2145,1090,-1,2146,1090,1088,-1,2147,2146,1088,-1,2147,1088,1086,-1,2148,2147,1086,-1,2148,1084,1082,-1,2148,1086,1084,-1,2149,2148,1082,-1,2150,2149,1082,-1,2150,1082,1080,-1,2151,2150,1080,-1,2151,1080,1078,-1,2152,2151,1078,-1,2152,1078,1076,-1,2153,1074,1072,-1,2153,1076,1074,-1,2153,2152,1076,-1,2154,2153,1072,-1,2154,1072,1070,-1,2155,2154,1070,-1,2156,2155,1070,-1,2156,1068,1065,-1,2156,1070,1068,-1,2157,2156,1065,-1,2158,1194,1193,-1,2158,1571,1570,-1,2158,1570,1194,-1,2159,2158,1193,-1,2160,1193,1190,-1,2160,2159,1193,-1,2161,1188,1186,-1,2161,1190,1188,-1,2161,2160,1190,-1,2162,2161,1186,-1,2163,1186,1185,-1,2163,2162,1186,-1,2164,1185,1182,-1,2164,2163,1185,-1,2165,1182,1181,-1,2165,2164,1182,-1,2166,1181,1179,-1,2166,2165,1181,-1,2167,1179,1176,-1,2167,2166,1179,-1,2168,1176,1174,-1,2168,2167,1176,-1,2169,1174,1172,-1,2169,2168,1174,-1,2170,2169,1172,-1,2170,1170,1168,-1,2170,1172,1170,-1,2171,2170,1168,-1,2172,2171,1168,-1,2172,1168,1166,-1,2173,2172,1166,-1,2173,1166,1165,-1,2174,2173,1165,-1,2174,1165,1162,-1,2175,2174,1162,-1,2175,1162,1161,-1,2176,2175,1161,-1,2176,1158,1156,-1,2176,1161,1158,-1,2177,2176,1156,-1,2178,2177,1156,-1,2178,1156,1154,-1,2179,2178,1154,-1,2179,1154,1152,-1,2180,2179,1152,-1,2180,1152,1150,-1,2181,2180,1150,-1,2181,1150,1148,-1,2182,2181,1148,-1,2182,1148,1146,-1,2183,2182,1146,-1,2183,1146,1144,-1,2184,2183,1144,-1,2184,1144,1142,-1,2185,2184,1142,-1,2185,1140,1138,-1,2185,1142,1140,-1,2186,2185,1138,-1,2186,1138,1136,-1,2187,2186,1136,-1,2188,2187,1136,-1,2188,1134,1131,-1,2188,1136,1134,-1,2189,2188,1131,-1,2190,1574,2191,-1,2192,2191,1574,-1,2193,1574,2190,-1,2194,2192,1574,-1,2195,1574,2193,-1,2196,2194,1574,-1,2197,1574,2195,-1,2198,2196,1574,-1,2199,1574,2197,-1,2200,2198,1574,-1,2201,1574,2199,-1,2202,2200,1574,-1,2203,1574,2201,-1,2204,2202,1574,-1,2205,1574,2203,-1,2206,2204,1574,-1,2207,1574,2205,-1,2208,2206,1574,-1,2209,1574,2207,-1,2210,2208,1574,-1,2211,1574,2209,-1,2212,2210,1574,-1,2213,1574,2211,-1,2214,2212,1574,-1,2215,1574,2213,-1,2216,2214,1574,-1,2217,1574,1260,-1,2217,2216,1574,-1,2218,1260,1259,-1,2218,2217,1260,-1,2219,2218,1259,-1,2219,1259,1256,-1,2220,1256,1254,-1,2220,2219,1256,-1,2221,1254,1252,-1,2221,2220,1254,-1,2222,2221,1252,-1,2222,1252,1251,-1,2223,1251,1248,-1,2223,2222,1251,-1,2224,2223,1248,-1,2224,1248,1247,-1,2225,1245,1242,-1,2225,1247,1245,-1,2225,2224,1247,-1,2226,2225,1242,-1,2226,1242,1240,-1,2227,2226,1240,-1,2227,1240,1238,-1,2228,2227,1238,-1,2228,1238,1236,-1,2229,2228,1236,-1,2229,1236,1234,-1,2230,2229,1234,-1,2230,1234,1232,-1,2231,2230,1232,-1,2231,1232,1231,-1,2232,2231,1231,-1,2232,1231,1228,-1,2233,2232,1228,-1,2233,1228,1227,-1,2234,2235,2236,-1,2237,2233,1227,-1,2237,2234,2236,-1,2237,2236,2233,-1,2238,2235,2234,-1,2238,2239,2235,-1,2240,1227,1224,-1,2240,2237,1227,-1,2241,2239,2238,-1,2241,2242,2239,-1,2243,1224,1222,-1,2243,2240,1224,-1,2244,2245,2242,-1,2244,2242,2241,-1,2246,1222,1220,-1,2246,2243,1222,-1,2247,2248,2245,-1,2247,2245,2244,-1,2249,1220,1218,-1,2249,2246,1220,-1,2250,2251,2248,-1,2250,2248,2247,-1,2252,1216,1214,-1,2252,1218,1216,-1,2252,2249,1218,-1,2253,2254,2251,-1,2253,2251,2250,-1,2255,1214,1212,-1,2255,2252,1214,-1,2256,2254,2253,-1,2256,2257,2254,-1,2258,1212,1210,-1,2258,2255,1212,-1,2259,2260,2257,-1,2259,2257,2256,-1,2261,1210,1208,-1,2261,2258,1210,-1,2262,2263,2260,-1,2262,2260,2259,-1,2264,1208,1206,-1,2264,2261,1208,-1,2265,2266,2263,-1,2265,2263,2262,-1,2267,1206,1204,-1,2267,2264,1206,-1,2268,2269,2266,-1,2268,2266,2265,-1,2270,1204,1202,-1,2270,2267,1204,-1,2271,2272,2269,-1,2271,2269,2268,-1,2273,1202,1200,-1,2273,2270,1202,-1,2274,2275,2272,-1,2274,2272,2271,-1,2276,1200,1197,-1,2276,2273,1200,-1,2277,2278,2275,-1,2277,2275,2274,-1,2279,1197,1196,-1,2279,2276,1197,-1,2280,2278,2277,-1,2280,1328,2278,-1,2281,1196,2189,-1,2281,1131,1130,-1,2281,2279,1196,-1,2281,2189,1131,-1,2282,1329,1328,-1,2282,1328,2280,-1,2283,1130,2157,-1,2283,2281,1130,-1,2284,1332,1329,-1,2284,1329,2282,-1,2285,2283,2157,-1,2285,2157,1065,-1,2285,1065,1064,-1,2286,1332,2284,-1,2286,1334,1332,-1,2287,1064,2125,-1,2287,2125,2093,-1,2287,2285,1064,-1,2288,1334,2286,-1,2288,1336,1334,-1,2289,2287,2093,-1,2289,2290,2291,-1,2289,2093,2290,-1,2292,1336,2288,-1,2292,1338,1336,-1,2293,2289,2291,-1,2294,1340,1338,-1,2294,1338,2292,-1,2295,2293,2291,-1,2295,2291,2296,-1,2297,1342,1340,-1,2297,1340,2294,-1,2298,2299,2300,-1,2298,2296,2299,-1,2298,2295,2296,-1,2301,1344,1342,-1,2301,1342,2297,-1,2302,2298,2300,-1,2303,1344,2301,-1,2303,1346,1344,-1,2304,2305,2306,-1,2304,2300,2305,-1,2304,2302,2300,-1,2307,1346,2303,-1,2307,1348,1346,-1,2308,2304,2306,-1,2309,1350,1348,-1,2309,1348,2307,-1,2310,2308,2306,-1,2310,2306,2311,-1,2312,1352,1350,-1,2312,1350,2309,-1,2313,2311,2314,-1,2313,2310,2311,-1,2315,1354,1352,-1,2315,1352,2312,-1,2316,2314,2317,-1,2316,2313,2314,-1,2318,1357,1354,-1,2318,1354,2315,-1,2319,2316,2317,-1,2319,2317,2320,-1,2321,1358,1357,-1,2321,1357,2318,-1,2322,2323,2324,-1,2322,2320,2323,-1,2322,2319,2320,-1,2325,1360,1358,-1,2325,1358,2321,-1,2326,2324,2327,-1,2326,2322,2324,-1,2328,1362,1360,-1,2328,1360,2325,-1,2329,2326,2327,-1,2330,1365,1362,-1,2330,1362,2328,-1,2331,2329,2327,-1,2331,2327,2332,-1,2333,1365,2330,-1,2333,1367,1365,-1,2334,2332,2335,-1,2334,2331,2332,-1,2336,1368,1367,-1,2336,1367,2333,-1,2337,2334,2335,-1,2337,2335,2338,-1,2339,1370,1368,-1,2339,1368,2336,-1,2340,2338,2341,-1,2340,2337,2338,-1,2342,1370,2339,-1,2342,1373,1370,-1,2343,2344,2345,-1,2343,2341,2344,-1,2343,2340,2341,-1,2346,1373,2342,-1,2346,1374,1373,-1,2347,2343,2345,-1,2348,1377,1374,-1,2348,1374,2346,-1,2349,1379,1377,-1,2349,1377,2348,-1,1580,27,1516,-1,32,137,1952,-1,1952,137,1951,-1,140,90,2350,-1,140,2350,2351,-1,2351,2350,2352,-1,2351,2352,2353,-1,2353,2352,2354,-1,2354,2352,2355,-1,2354,2355,2356,-1,2354,2356,2357,-1,2357,2356,2358,-1,2357,2358,2359,-1,2359,2358,2360,-1,2360,2358,2361,-1,2360,2361,2362,-1,2360,2362,2363,-1,2363,2362,2364,-1,2363,2364,2365,-1,2365,2364,2347,-1,2365,2347,2345,-1,94,226,1390,-1,94,1390,2366,-1,2366,1390,1389,-1,2366,1389,2367,-1,2367,1389,1386,-1,2367,1386,2368,-1,2368,1386,1385,-1,2368,1385,2369,-1,2369,1385,1382,-1,2369,1382,2370,-1,2370,1382,1380,-1,2370,1380,2371,-1,2371,1380,1379,-1,2371,1379,2349,-1,234,1574,2372,-1,2372,1574,2373,-1,2373,1574,2215,-1,1473,2374,1471,-1,1474,2374,1473,-1,1476,2374,1474,-1,1479,2374,1476,-1,1480,2374,1479,-1,1482,2374,1480,-1,1485,2374,1482,-1,1487,2374,1485,-1,1489,2374,1487,-1,1490,2374,1489,-1,1493,2374,1490,-1,1495,2374,1493,-1,1497,2374,1495,-1,1498,2374,1497,-1,1501,2374,1498,-1,1503,2374,1501,-1,1505,2374,1503,-1,1506,2374,1505,-1,1509,2374,1506,-1,1511,2374,1509,-1,1512,2374,1511,-1,1515,2374,1512,-1,1517,2374,1515,-1,1463,2375,1461,-1,1465,2375,1463,-1,1466,2375,1465,-1,1469,2375,1466,-1,1471,2375,1469,-1,2374,2375,1471,-1,2375,2376,1461,-1,1461,2377,1458,-1,2376,2377,1461,-1,1458,2378,1456,-1,2377,2378,1458,-1,2378,2379,1456,-1,1456,2380,1455,-1,2379,2380,1456,-1,2380,2381,1455,-1,2381,2382,1455,-1,1455,2382,1453,-1,2382,2383,1453,-1,2383,2384,1453,-1,1453,2384,1451,-1,2384,2385,1451,-1,2385,2386,1451,-1,1451,2386,1449,-1,2386,2387,1449,-1,1449,2387,1447,-1,2387,2388,1447,-1,2388,2389,1447,-1,1447,2389,1445,-1,2389,2390,1445,-1,2390,2391,1445,-1,1445,2391,1443,-1,2391,2392,1443,-1,2392,2393,1443,-1,1443,2393,1440,-1,2393,2394,1440,-1,1440,2394,1439,-1,2394,2395,1439,-1,2395,2396,1439,-1,1439,2396,1437,-1,2396,2397,1437,-1,1437,2397,1434,-1,2397,2398,1434,-1,1434,2399,1433,-1,2398,2399,1434,-1,1433,2400,1431,-1,2399,2400,1433,-1,2400,2401,1431,-1,1431,2402,1429,-1,2401,2402,1431,-1,1429,2403,1427,-1,2402,2403,1429,-1,2403,2404,1427,-1,1427,2405,1424,-1,2404,2405,1427,-1,2405,2406,1424,-1,1424,2406,1423,-1,1579,1327,1578,-1,2406,1264,1423,-1,1423,1264,1420,-1,1264,1265,1420,-1,1420,1265,1419,-1,1265,1267,1419,-1,1419,1269,1417,-1,1267,1269,1419,-1,1579,2407,1327,-1,1324,2408,1323,-1,1327,2408,1324,-1,2407,2408,1327,-1,2408,2409,1323,-1,2409,2410,1323,-1,1321,2410,1319,-1,1323,2410,1321,-1,2410,2411,1319,-1,1316,2412,1315,-1,1319,2412,1316,-1,2411,2412,1319,-1,1315,2413,1312,-1,2412,2413,1315,-1,1312,2414,1310,-1,2413,2414,1312,-1,2414,2415,1310,-1,1309,2416,1307,-1,1310,2416,1309,-1,2415,2416,1310,-1,2416,2417,1307,-1,1305,2418,1303,-1,1307,2418,1305,-1,2417,2418,1307,-1,1303,2419,1301,-1,2418,2419,1303,-1,2419,2420,1301,-1,1301,2421,1299,-1,2420,2421,1301,-1,1296,2422,1295,-1,1299,2422,1296,-1,2421,2422,1299,-1,2422,2423,1295,-1,1295,2424,1292,-1,2423,2424,1295,-1,1291,2425,1289,-1,1292,2425,1291,-1,2424,2425,1292,-1,2425,2426,1289,-1,2426,2427,1289,-1,1289,2427,1287,-1,1285,2428,1283,-1,1287,2428,1285,-1,2427,2428,1287,-1,2428,2429,1283,-1,1283,2430,1281,-1,2429,2430,1283,-1,1281,2431,1279,-1,2430,2431,1281,-1,1279,2432,1277,-1,2431,2432,1279,-1,1277,2433,1275,-1,2432,2433,1277,-1,1275,2434,1273,-1,2433,2434,1275,-1,1271,2435,1269,-1,1273,2435,1271,-1,2434,2435,1273,-1,1269,2436,1417,-1,2435,2436,1269,-1,2436,2437,1417,-1,2437,2438,1417,-1,1417,2438,1415,-1,2438,274,1415,-1,1415,274,1413,-1,337,2439,334,-1,1521,2439,1520,-1,1520,2439,337,-1,2439,2440,334,-1,334,2441,333,-1,2440,2441,334,-1,331,2442,329,-1,333,2442,331,-1,2441,2442,333,-1,329,2443,326,-1,2442,2443,329,-1,326,2444,325,-1,2443,2444,326,-1,2444,2445,325,-1,322,2446,320,-1,325,2446,322,-1,2445,2446,325,-1,2446,2447,320,-1,319,2448,317,-1,320,2448,319,-1,2447,2448,320,-1,2448,2449,317,-1,317,2450,315,-1,2449,2450,317,-1,315,2450,313,-1,2450,2451,313,-1,313,2451,311,-1,2451,2452,311,-1,2452,2453,311,-1,311,2453,309,-1,2453,2454,309,-1,306,2454,305,-1,309,2454,306,-1,2454,2455,305,-1,305,2455,302,-1,2455,2456,302,-1,2456,2457,302,-1,301,2457,299,-1,302,2457,301,-1,2457,2458,299,-1,2458,2459,299,-1,299,2459,297,-1,2459,2460,297,-1,295,2460,293,-1,297,2460,295,-1,2460,2461,293,-1,2461,2462,293,-1,293,2462,291,-1,2462,2463,291,-1,291,2463,289,-1,2463,2464,289,-1,289,2464,287,-1,2464,2465,287,-1,287,2465,285,-1,2465,2466,285,-1,285,2466,283,-1,2466,2467,283,-1,283,2467,281,-1,2467,2468,281,-1,281,2468,279,-1,2468,2469,279,-1,279,2469,277,-1,1525,2470,1524,-1,1524,2470,403,-1,2470,2471,403,-1,400,2471,399,-1,403,2471,400,-1,2471,2472,399,-1,2472,2473,399,-1,399,2473,397,-1,397,2474,395,-1,2473,2474,397,-1,2474,2475,395,-1,395,2475,392,-1,2475,2476,392,-1,391,2476,388,-1,392,2476,391,-1,2476,2477,388,-1,388,2477,386,-1,386,2478,385,-1,2477,2478,386,-1,2478,2479,385,-1,385,2479,383,-1,2479,2480,383,-1,381,2481,379,-1,383,2481,381,-1,2480,2481,383,-1,2481,2482,379,-1,2482,2483,379,-1,379,2483,377,-1,375,2484,372,-1,377,2484,375,-1,2483,2484,377,-1,372,2485,371,-1,2484,2485,372,-1,2485,2486,371,-1,371,2486,368,-1,368,2487,367,-1,2486,2487,368,-1,367,2488,365,-1,2487,2488,367,-1,365,2489,363,-1,2488,2489,365,-1,2489,2490,363,-1,361,2491,359,-1,363,2491,361,-1,2490,2491,363,-1,359,2492,357,-1,2491,2492,359,-1,2492,2493,357,-1,357,2494,355,-1,2493,2494,357,-1,353,2495,351,-1,355,2495,353,-1,2494,2495,355,-1,2495,2496,351,-1,349,2497,347,-1,351,2497,349,-1,2496,2497,351,-1,2497,2498,347,-1,347,2499,345,-1,2498,2499,347,-1,345,2500,343,-1,2499,2500,345,-1,1529,2501,1528,-1,1528,2501,469,-1,469,2501,466,-1,2501,2502,466,-1,2502,2503,466,-1,466,2503,465,-1,463,2504,461,-1,465,2504,463,-1,2503,2504,465,-1,2504,2505,461,-1,461,2505,458,-1,458,2506,457,-1,2505,2506,458,-1,457,2507,454,-1,2506,2507,457,-1,2507,2508,454,-1,454,2509,452,-1,2508,2509,454,-1,2509,2510,452,-1,452,2510,451,-1,451,2511,449,-1,2510,2511,451,-1,449,2512,447,-1,2511,2512,449,-1,2512,2513,447,-1,445,2513,443,-1,447,2513,445,-1,2513,2514,443,-1,443,2515,441,-1,2514,2515,443,-1,2515,2516,441,-1,441,2516,438,-1,2516,2517,438,-1,437,2517,434,-1,438,2517,437,-1,2517,2518,434,-1,2518,2519,434,-1,434,2519,433,-1,2519,2520,433,-1,433,2520,431,-1,2520,2521,431,-1,431,2521,429,-1,2521,2522,429,-1,427,2522,425,-1,429,2522,427,-1,2522,2523,425,-1,2523,2524,425,-1,425,2524,423,-1,2524,2525,423,-1,423,2525,421,-1,2525,2526,421,-1,421,2526,419,-1,2526,2527,419,-1,419,2527,417,-1,2527,2528,417,-1,417,2528,415,-1,2528,2529,415,-1,413,2529,411,-1,415,2529,413,-1,2529,2530,411,-1,2530,2531,411,-1,411,2531,409,-1,2531,2532,409,-1,409,2532,407,-1,535,2533,532,-1,1533,2533,1532,-1,1532,2533,535,-1,532,2534,531,-1,2533,2534,532,-1,2534,2535,531,-1,529,2536,527,-1,531,2536,529,-1,2535,2536,531,-1,2536,2537,527,-1,527,2538,524,-1,2537,2538,527,-1,524,2539,523,-1,2538,2539,524,-1,523,2540,520,-1,2539,2540,523,-1,520,2541,518,-1,2540,2541,520,-1,518,2542,517,-1,2541,2542,518,-1,517,2543,515,-1,2542,2543,517,-1,515,2544,513,-1,2543,2544,515,-1,513,2545,511,-1,2544,2545,513,-1,2545,2546,511,-1,511,2546,509,-1,2546,2547,509,-1,509,2547,507,-1,2547,2548,507,-1,507,2548,504,-1,2548,2549,504,-1,503,2549,500,-1,504,2549,503,-1,2549,2550,500,-1,2550,2551,500,-1,499,2551,497,-1,500,2551,499,-1,2551,2552,497,-1,2552,2553,497,-1,497,2553,495,-1,2553,2554,495,-1,493,2554,491,-1,495,2554,493,-1,2554,2555,491,-1,2555,2556,491,-1,491,2556,489,-1,2556,2557,489,-1,489,2557,487,-1,2557,2558,487,-1,487,2558,485,-1,2558,2559,485,-1,485,2559,483,-1,2559,2560,483,-1,483,2560,481,-1,2560,2561,481,-1,479,2561,477,-1,481,2561,479,-1,2561,2562,477,-1,2562,2563,477,-1,477,2563,475,-1,2563,2564,475,-1,475,2564,473,-1,1537,2565,1536,-1,1536,2565,601,-1,601,2565,598,-1,2565,2566,598,-1,598,2566,597,-1,2566,2567,597,-1,597,2567,595,-1,2567,2568,595,-1,593,2569,590,-1,595,2569,593,-1,2568,2569,595,-1,590,2570,589,-1,2569,2570,590,-1,589,2571,586,-1,2570,2571,589,-1,2571,2572,586,-1,586,2573,584,-1,2572,2573,586,-1,584,2574,583,-1,2573,2574,584,-1,583,2575,581,-1,2574,2575,583,-1,2575,2576,581,-1,581,2576,579,-1,2576,2577,579,-1,579,2577,577,-1,2577,2578,577,-1,577,2578,575,-1,575,2579,573,-1,2578,2579,575,-1,2579,2580,573,-1,570,2580,569,-1,573,2580,570,-1,569,2581,566,-1,2580,2581,569,-1,2581,2582,566,-1,2582,2583,566,-1,566,2583,565,-1,565,2584,563,-1,2583,2584,565,-1,2584,2585,563,-1,563,2585,561,-1,559,2586,557,-1,561,2586,559,-1,2585,2586,561,-1,2586,2587,557,-1,557,2588,555,-1,2587,2588,557,-1,555,2589,553,-1,2588,2589,555,-1,553,2590,551,-1,2589,2590,553,-1,551,2591,549,-1,2590,2591,551,-1,549,2592,547,-1,2591,2592,549,-1,545,2593,543,-1,547,2593,545,-1,2592,2593,547,-1,2593,2594,543,-1,541,2595,539,-1,543,2595,541,-1,2594,2595,543,-1,2595,2596,539,-1,1541,2597,1540,-1,1540,2597,667,-1,2597,2598,667,-1,664,2598,663,-1,667,2598,664,-1,2598,2599,663,-1,663,2599,661,-1,2599,2600,661,-1,661,2601,659,-1,2600,2601,661,-1,656,2602,655,-1,659,2602,656,-1,2601,2602,659,-1,2602,2603,655,-1,2603,2604,655,-1,655,2604,652,-1,652,2605,650,-1,2604,2605,652,-1,650,2606,649,-1,2605,2606,650,-1,647,2607,645,-1,649,2607,647,-1,2606,2607,649,-1,2607,2608,645,-1,645,2608,643,-1,2608,2609,643,-1,643,2610,641,-1,2609,2610,643,-1,2610,2611,641,-1,639,2611,636,-1,641,2611,639,-1,2611,2612,636,-1,636,2612,635,-1,2612,2613,635,-1,635,2613,632,-1,2613,2614,632,-1,2614,2615,632,-1,632,2615,631,-1,2615,2616,631,-1,629,2616,627,-1,631,2616,629,-1,2616,2617,627,-1,2617,2618,627,-1,625,2618,623,-1,627,2618,625,-1,2618,2619,623,-1,2619,2620,623,-1,623,2620,621,-1,2620,2621,621,-1,621,2621,619,-1,2621,2622,619,-1,617,2622,615,-1,619,2622,617,-1,2622,2623,615,-1,2623,2624,615,-1,615,2624,613,-1,2624,2625,613,-1,613,2625,611,-1,2625,2626,611,-1,611,2626,609,-1,2626,2627,609,-1,609,2627,607,-1,2627,2628,607,-1,607,2628,605,-1,733,2629,730,-1,1545,2629,1544,-1,1544,2629,733,-1,730,2630,729,-1,2629,2630,730,-1,729,2631,727,-1,2630,2631,729,-1,727,2632,725,-1,2631,2632,727,-1,2632,2633,725,-1,725,2634,722,-1,2633,2634,725,-1,721,2635,718,-1,722,2635,721,-1,2634,2635,722,-1,718,2636,716,-1,2635,2636,718,-1,2636,2637,716,-1,716,2638,715,-1,2637,2638,716,-1,715,2639,713,-1,2638,2639,715,-1,713,2640,711,-1,2639,2640,713,-1,711,2641,709,-1,2640,2641,711,-1,709,2642,707,-1,2641,2642,709,-1,707,2643,705,-1,2642,2643,707,-1,2643,2644,705,-1,705,2644,702,-1,2644,2645,702,-1,702,2645,701,-1,2645,2646,701,-1,701,2646,698,-1,2646,2647,698,-1,698,2647,697,-1,2647,2648,697,-1,697,2648,695,-1,2648,2649,695,-1,695,2649,693,-1,2649,2650,693,-1,693,2650,691,-1,2650,2651,691,-1,689,2651,687,-1,691,2651,689,-1,2651,2652,687,-1,2652,2653,687,-1,687,2653,685,-1,2653,2654,685,-1,685,2654,683,-1,2654,2655,683,-1,683,2655,681,-1,2655,2656,681,-1,681,2656,679,-1,2656,2657,679,-1,677,2657,675,-1,679,2657,677,-1,2657,2658,675,-1,2658,2659,675,-1,675,2659,673,-1,2659,2660,673,-1,673,2660,671,-1,1549,2661,1548,-1,1548,2661,799,-1,796,2662,795,-1,799,2662,796,-1,2661,2662,799,-1,2662,2663,795,-1,795,2663,793,-1,2663,2664,793,-1,793,2664,791,-1,2664,2665,791,-1,2665,2666,791,-1,788,2666,787,-1,791,2666,788,-1,787,2667,784,-1,2666,2667,787,-1,784,2668,782,-1,2667,2668,784,-1,2668,2669,782,-1,2669,2670,782,-1,782,2670,781,-1,2671,2672,2673,-1,2673,2674,2675,-1,2672,2674,2673,-1,2676,2677,2671,-1,2671,2677,2672,-1,2675,2678,2679,-1,2674,2678,2675,-1,2680,2681,2676,-1,2676,2681,2677,-1,781,2682,779,-1,2670,2682,781,-1,2679,2683,2684,-1,2678,2683,2679,-1,2685,2686,2680,-1,2680,2686,2681,-1,2684,2687,2688,-1,2683,2687,2684,-1,2685,2689,2686,-1,2690,2689,2685,-1,777,2691,775,-1,779,2691,777,-1,2682,2691,779,-1,2687,2692,2688,-1,2688,2692,2693,-1,2694,2695,2690,-1,2690,2695,2689,-1,2692,2696,2693,-1,2693,2696,2697,-1,2691,2698,775,-1,2694,2699,2695,-1,2700,2699,2694,-1,2697,2701,2702,-1,2696,2701,2697,-1,2698,2703,775,-1,775,2703,773,-1,2704,2705,2700,-1,2700,2705,2699,-1,2702,2706,2707,-1,2701,2706,2702,-1,2703,2708,773,-1,773,2708,771,-1,2709,2710,2704,-1,2704,2710,2705,-1,768,2711,767,-1,771,2711,768,-1,2708,2711,771,-1,2707,2712,2713,-1,2706,2712,2707,-1,2714,2715,2709,-1,2709,2715,2710,-1,2711,2716,767,-1,767,2716,764,-1,2712,2717,2713,-1,2713,2717,2718,-1,2714,2719,2715,-1,2720,2719,2714,-1,2716,2721,764,-1,2717,2722,2718,-1,2718,2722,2723,-1,763,2724,761,-1,764,2724,763,-1,2721,2724,764,-1,2720,2725,2719,-1,2726,2725,2720,-1,761,2727,759,-1,2724,2727,761,-1,2722,2728,2723,-1,2723,2728,2729,-1,2730,2731,2726,-1,2726,2731,2725,-1,2727,2732,759,-1,2729,2733,2734,-1,2728,2733,2729,-1,759,2735,757,-1,2732,2735,759,-1,2736,2737,2730,-1,2730,2737,2731,-1,757,2738,755,-1,2735,2738,757,-1,2733,2739,2734,-1,2734,2739,2740,-1,2738,2741,755,-1,755,2741,753,-1,2736,2742,2737,-1,2743,2742,2736,-1,751,2744,749,-1,753,2744,751,-1,2741,2744,753,-1,2740,2745,2746,-1,2739,2745,2740,-1,2744,2747,749,-1,2743,2748,2742,-1,1394,2748,2743,-1,2747,2749,749,-1,749,2749,747,-1,2749,2750,747,-1,745,2750,743,-1,747,2750,745,-1,1394,2751,2748,-1,1395,2751,1394,-1,2750,2752,743,-1,741,2753,739,-1,743,2753,741,-1,2752,2753,743,-1,739,2754,737,-1,2753,2754,739,-1,1395,2755,2751,-1,1397,2755,1395,-1,2754,2756,737,-1,1397,2757,2755,-1,1399,2757,1397,-1,1399,2758,2757,-1,1401,2758,1399,-1,1403,2759,1401,-1,1401,2759,2758,-1,1403,2760,2759,-1,1405,2760,1403,-1,1405,2761,2760,-1,1407,2761,1405,-1,1553,2762,1552,-1,1552,2762,865,-1,865,2762,862,-1,2762,2763,862,-1,862,2763,861,-1,1408,2764,1407,-1,1407,2764,2761,-1,2763,2765,861,-1,2765,2766,861,-1,859,2766,857,-1,861,2766,859,-1,2766,2767,857,-1,1408,2768,2764,-1,1411,2768,1408,-1,2767,2769,857,-1,857,2769,854,-1,2769,2770,854,-1,853,2770,850,-1,854,2770,853,-1,2770,2771,850,-1,1411,2772,2768,-1,1413,2772,1411,-1,2771,2773,850,-1,850,2773,848,-1,2773,2774,848,-1,848,2774,847,-1,845,2775,843,-1,847,2775,845,-1,2774,2775,847,-1,274,2776,1413,-1,1413,2776,2772,-1,275,2776,274,-1,2775,2777,843,-1,843,2778,841,-1,2777,2778,843,-1,2778,2779,841,-1,841,2779,839,-1,2469,2780,277,-1,2781,2780,2469,-1,275,2780,2776,-1,277,2780,275,-1,839,2782,837,-1,2779,2782,839,-1,2782,2783,837,-1,837,2783,834,-1,340,2784,2781,-1,2781,2784,2780,-1,834,2785,833,-1,2783,2785,834,-1,2785,2786,833,-1,833,2786,830,-1,829,2787,827,-1,830,2787,829,-1,2786,2787,830,-1,341,2788,340,-1,343,2788,341,-1,340,2788,2784,-1,2787,2789,827,-1,2789,2790,827,-1,827,2790,825,-1,2790,2791,825,-1,825,2791,823,-1,2792,2793,2500,-1,343,2793,2788,-1,406,2793,2792,-1,2500,2793,343,-1,2791,2794,823,-1,823,2794,821,-1,2794,2795,821,-1,821,2795,819,-1,2795,2796,819,-1,817,2796,815,-1,819,2796,817,-1,407,2797,406,-1,406,2797,2793,-1,2796,2798,815,-1,815,2799,813,-1,2798,2799,815,-1,811,2800,809,-1,813,2800,811,-1,2799,2800,813,-1,2532,2801,407,-1,407,2801,2797,-1,2800,2802,809,-1,809,2802,807,-1,2802,2803,807,-1,2803,2804,807,-1,805,2804,803,-1,807,2804,805,-1,2804,2805,803,-1,472,2806,2532,-1,2532,2806,2801,-1,473,2807,472,-1,472,2807,2806,-1,473,2808,2807,-1,2564,2808,473,-1,538,2808,2564,-1,538,2809,2808,-1,539,2809,538,-1,539,2810,2809,-1,2596,2810,539,-1,1557,2811,1556,-1,1556,2811,931,-1,931,2812,928,-1,2811,2812,931,-1,604,2813,2596,-1,2596,2813,2810,-1,2812,2814,928,-1,928,2814,927,-1,925,2815,923,-1,927,2815,925,-1,2814,2815,927,-1,2815,2816,923,-1,604,2817,2813,-1,2628,2817,605,-1,605,2817,604,-1,920,2818,919,-1,923,2818,920,-1,2816,2818,923,-1,2818,2819,919,-1,2819,2820,919,-1,916,2820,914,-1,919,2820,916,-1,670,2821,2628,-1,2628,2821,2817,-1,2820,2822,914,-1,913,2823,911,-1,914,2823,913,-1,2822,2823,914,-1,2823,2824,911,-1,670,2825,2821,-1,2660,2825,671,-1,671,2825,670,-1,909,2826,907,-1,911,2826,909,-1,2824,2826,911,-1,2826,2827,907,-1,907,2828,905,-1,2827,2828,907,-1,2660,2829,2825,-1,736,2829,2660,-1,905,2830,903,-1,2828,2830,905,-1,903,2830,900,-1,2830,2831,900,-1,737,2832,736,-1,736,2832,2829,-1,2756,2832,737,-1,2831,2833,900,-1,900,2833,899,-1,2833,2834,899,-1,896,2834,895,-1,899,2834,896,-1,802,2835,2756,-1,2756,2835,2832,-1,2834,2836,895,-1,2836,2837,895,-1,895,2837,893,-1,2837,2838,893,-1,893,2838,891,-1,802,2839,2835,-1,2805,2839,803,-1,868,2839,2805,-1,803,2839,802,-1,2838,2840,891,-1,889,2840,887,-1,891,2840,889,-1,2840,2841,887,-1,868,2842,2839,-1,869,2842,868,-1,2841,2843,887,-1,887,2843,885,-1,2843,2844,885,-1,885,2844,883,-1,869,2845,2842,-1,2844,2846,883,-1,881,2846,879,-1,883,2846,881,-1,2846,2847,879,-1,2847,2848,879,-1,879,2848,877,-1,875,2849,873,-1,877,2849,875,-1,2848,2849,877,-1,2849,2850,873,-1,873,2851,871,-1,2850,2851,873,-1,2851,2852,871,-1,869,2852,2845,-1,871,2852,869,-1,2852,934,2845,-1,2845,934,2853,-1,934,935,2853,-1,1561,2854,1560,-1,1560,2854,997,-1,997,2854,994,-1,2854,2855,994,-1,993,2856,991,-1,994,2856,993,-1,2855,2856,994,-1,991,2857,989,-1,2856,2857,991,-1,2857,2858,989,-1,989,2859,986,-1,2858,2859,989,-1,2859,2860,986,-1,986,2860,985,-1,2860,2861,985,-1,985,2861,982,-1,2861,2862,982,-1,982,2862,980,-1,2862,2863,980,-1,980,2863,979,-1,979,2864,977,-1,2863,2864,979,-1,2864,2865,977,-1,977,2865,975,-1,975,2866,973,-1,2865,2866,975,-1,2866,2867,973,-1,973,2867,971,-1,969,2868,966,-1,971,2868,969,-1,2867,2868,971,-1,966,2869,965,-1,2868,2869,966,-1,2869,2870,965,-1,962,2871,961,-1,965,2871,962,-1,2870,2871,965,-1,2871,2872,961,-1,959,2873,957,-1,961,2873,959,-1,2872,2873,961,-1,2873,2874,957,-1,957,2875,955,-1,2874,2875,957,-1,955,2876,953,-1,2875,2876,955,-1,953,2877,951,-1,2876,2877,953,-1,949,2878,947,-1,951,2878,949,-1,2877,2878,951,-1,2878,2879,947,-1,947,2880,945,-1,2879,2880,947,-1,945,2881,943,-1,2880,2881,945,-1,941,2882,939,-1,943,2882,941,-1,2881,2882,943,-1,939,2883,937,-1,2882,2883,939,-1,937,2884,935,-1,2883,2884,937,-1,2884,2885,935,-1,935,2885,2853,-1,2853,2885,2886,-1,2885,1000,2886,-1,1000,1001,2886,-1,2886,1001,2887,-1,1565,2888,1564,-1,1564,2888,1063,-1,1063,2888,1060,-1,2888,2889,1060,-1,2889,2890,1060,-1,1060,2890,1059,-1,2890,2891,1059,-1,1057,2891,1055,-1,1059,2891,1057,-1,2891,2892,1055,-1,2892,2893,1055,-1,1052,2893,1051,-1,1055,2893,1052,-1,2893,2894,1051,-1,2894,2895,1051,-1,1048,2895,1046,-1,1051,2895,1048,-1,2895,2896,1046,-1,2896,2897,1046,-1,1046,2897,1045,-1,1045,2898,1043,-1,2897,2898,1045,-1,2898,2899,1043,-1,1041,2899,1039,-1,1043,2899,1041,-1,2899,2900,1039,-1,1039,2901,1037,-1,2900,2901,1039,-1,1037,2902,1035,-1,2901,2902,1037,-1,2902,2903,1035,-1,1032,2903,1031,-1,1035,2903,1032,-1,2903,2904,1031,-1,1028,2905,1027,-1,1031,2905,1028,-1,2904,2905,1031,-1,2905,2906,1027,-1,2906,2907,1027,-1,1027,2907,1025,-1,2907,2908,1025,-1,1025,2908,1023,-1,1023,2909,1021,-1,2908,2909,1023,-1,2909,2910,1021,-1,1021,2910,1019,-1,2910,2911,1019,-1,1019,2911,1017,-1,2911,2912,1017,-1,1017,2912,1015,-1,2912,2913,1015,-1,1015,2913,1013,-1,1013,2914,1011,-1,2913,2914,1013,-1,2914,2915,1011,-1,1009,2915,1007,-1,1011,2915,1009,-1,2915,2916,1007,-1,1007,2916,1005,-1,2916,2917,1005,-1,2917,2918,1005,-1,1003,2918,1001,-1,1005,2918,1003,-1,2918,2919,1001,-1,1001,2919,2887,-1,1129,2920,1126,-1,1569,2920,1568,-1,1568,2920,1129,-1,2920,2921,1126,-1,1126,2922,1125,-1,2921,2922,1126,-1,1123,2923,1121,-1,1125,2923,1123,-1,2922,2923,1125,-1,2923,2924,1121,-1,1121,2925,1118,-1,2924,2925,1121,-1,1117,2926,1114,-1,1118,2926,1117,-1,2925,2926,1118,-1,2926,2927,1114,-1,1114,2928,1112,-1,2927,2928,1114,-1,1112,2929,1111,-1,2928,2929,1112,-1,1111,2930,1109,-1,2929,2930,1111,-1,1109,2931,1107,-1,2930,2931,1109,-1,1107,2932,1105,-1,2931,2932,1107,-1,1105,2933,1103,-1,2932,2933,1105,-1,1101,2934,1098,-1,1103,2934,1101,-1,2933,2934,1103,-1,2934,2935,1098,-1,2935,2936,1098,-1,1098,2936,1097,-1,2936,2937,1097,-1,1097,2937,1094,-1,2937,2938,1094,-1,1094,2938,1093,-1,2938,2939,1093,-1,1093,2939,1091,-1,2939,2940,1091,-1,1091,2940,1089,-1,2940,2941,1089,-1,1089,2941,1087,-1,2941,2942,1087,-1,1085,2942,1083,-1,1087,2942,1085,-1,2942,2943,1083,-1,2943,2944,1083,-1,1083,2944,1081,-1,2944,2945,1081,-1,1081,2945,1079,-1,2945,2946,1079,-1,1079,2946,1077,-1,2946,2947,1077,-1,1075,2947,1073,-1,1077,2947,1075,-1,2947,2948,1073,-1,1073,2948,1071,-1,2948,2949,1071,-1,2949,2950,1071,-1,1069,2950,1067,-1,1071,2950,1069,-1,2950,2951,1067,-1,1573,2952,1572,-1,1572,2952,1195,-1,1195,2952,1192,-1,2952,2953,1192,-1,2953,2954,1192,-1,1192,2954,1191,-1,2954,2955,1191,-1,1189,2955,1187,-1,1191,2955,1189,-1,2955,2956,1187,-1,1187,2957,1184,-1,2956,2957,1187,-1,2957,2958,1184,-1,1184,2958,1183,-1,2958,2959,1183,-1,1183,2959,1180,-1,1180,2960,1178,-1,2959,2960,1180,-1,1178,2961,1177,-1,2960,2961,1178,-1,2961,2962,1177,-1,1177,2962,1175,-1,2962,2963,1175,-1,1175,2963,1173,-1,2963,2964,1173,-1,1171,2964,1169,-1,1173,2964,1171,-1,2964,2965,1169,-1,2965,2966,1169,-1,1169,2966,1167,-1,1167,2967,1164,-1,2966,2967,1167,-1,2967,2968,1164,-1,1164,2968,1163,-1,1163,2969,1160,-1,2968,2969,1163,-1,1159,2970,1157,-1,1160,2970,1159,-1,2969,2970,1160,-1,2970,2971,1157,-1,1157,2972,1155,-1,2971,2972,1157,-1,1155,2973,1153,-1,2972,2973,1155,-1,1153,2974,1151,-1,2973,2974,1153,-1,1151,2975,1149,-1,2974,2975,1151,-1,1149,2976,1147,-1,2975,2976,1149,-1,1147,2977,1145,-1,2976,2977,1147,-1,1145,2978,1143,-1,2977,2978,1145,-1,1141,2979,1139,-1,1143,2979,1141,-1,2978,2979,1143,-1,1139,2980,1137,-1,2979,2980,1139,-1,2980,2981,1137,-1,1135,2982,1133,-1,1137,2982,1135,-1,2981,2982,1137,-1,2982,2983,1133,-1,1575,2984,2985,-1,2985,2986,1575,-1,1575,2987,2984,-1,2986,2988,1575,-1,1575,2989,2987,-1,2988,2990,1575,-1,1575,2991,2989,-1,2990,2992,1575,-1,1575,2993,2991,-1,2992,2994,1575,-1,1575,2995,2993,-1,2994,2996,1575,-1,1575,2997,2995,-1,2996,2998,1575,-1,1575,2999,2997,-1,2998,3000,1575,-1,1575,3001,2999,-1,3000,3002,1575,-1,1575,3003,3001,-1,3002,3004,1575,-1,1575,3005,3003,-1,3004,3006,1575,-1,1575,3007,3005,-1,3006,3008,1575,-1,1575,3009,3007,-1,3008,3010,1575,-1,1575,3011,1261,-1,3010,3011,1575,-1,3011,3012,1261,-1,1261,3012,1258,-1,3012,3013,1258,-1,1258,3013,1257,-1,3013,3014,1257,-1,1257,3014,1255,-1,3014,3015,1255,-1,1255,3015,1253,-1,1253,3016,1250,-1,3015,3016,1253,-1,1250,3017,1249,-1,3016,3017,1250,-1,3017,3018,1249,-1,1249,3018,1246,-1,3018,3019,1246,-1,1244,3019,1243,-1,1246,3019,1244,-1,3019,3020,1243,-1,1243,3020,1241,-1,3020,3021,1241,-1,1241,3021,1239,-1,3021,3022,1239,-1,1239,3022,1237,-1,3022,3023,1237,-1,1237,3023,1235,-1,1235,3024,1233,-1,3023,3024,1235,-1,3024,3025,1233,-1,1233,3025,1230,-1,1230,3026,1229,-1,3025,3026,1230,-1,3026,3027,1229,-1,1229,3027,1226,-1,3028,3029,3030,-1,3029,3031,3030,-1,3030,3031,3027,-1,3027,3031,1226,-1,3032,3033,3028,-1,3028,3033,3029,-1,3031,3034,1226,-1,1226,3034,1225,-1,3032,3035,3033,-1,3036,3035,3032,-1,3034,3037,1225,-1,1225,3037,1223,-1,3036,3038,3035,-1,3039,3038,3036,-1,3037,3040,1223,-1,1223,3040,1221,-1,3041,3042,3039,-1,3039,3042,3038,-1,3040,3043,1221,-1,1221,3043,1219,-1,3044,3045,3041,-1,3041,3045,3042,-1,1217,3046,1215,-1,1219,3046,1217,-1,3043,3046,1219,-1,3047,3048,3044,-1,3044,3048,3045,-1,1215,3049,1213,-1,3046,3049,1215,-1,3047,3050,3048,-1,3051,3050,3047,-1,1213,3052,1211,-1,3049,3052,1213,-1,3053,3054,3051,-1,3051,3054,3050,-1,3052,3055,1211,-1,1211,3055,1209,-1,3056,3057,3053,-1,3053,3057,3054,-1,1209,3058,1207,-1,3055,3058,1209,-1,3059,3060,3056,-1,3056,3060,3057,-1,3058,3061,1207,-1,1207,3061,1205,-1,3062,3063,3059,-1,3059,3063,3060,-1,1205,3064,1203,-1,3061,3064,1205,-1,3065,3066,3062,-1,3062,3066,3063,-1,1203,3067,1201,-1,3064,3067,1203,-1,3068,3069,3065,-1,3065,3069,3066,-1,1201,3070,1199,-1,3067,3070,1201,-1,3068,3071,3069,-1,3072,3071,3068,-1,3070,3073,1199,-1,1199,3073,1198,-1,1330,3074,3072,-1,3072,3074,3071,-1,1198,3075,2983,-1,1133,3075,1132,-1,2983,3075,1133,-1,3073,3075,1198,-1,1330,3076,3074,-1,1331,3076,1330,-1,1132,3077,2951,-1,3075,3077,1132,-1,1333,3078,1331,-1,1331,3078,3076,-1,2951,3079,1067,-1,3077,3079,2951,-1,1067,3079,1066,-1,1333,3080,3078,-1,1335,3080,1333,-1,2919,3081,2887,-1,3079,3081,1066,-1,1066,3081,2919,-1,1337,3082,1335,-1,1335,3082,3080,-1,3081,3083,2887,-1,3084,3083,3085,-1,2887,3083,3084,-1,1339,3086,1337,-1,1337,3086,3082,-1,3083,3087,3085,-1,1339,3088,3086,-1,1341,3088,1339,-1,3087,3089,3085,-1,3085,3089,3090,-1,1343,3091,1341,-1,1341,3091,3088,-1,3089,3092,3090,-1,3093,3092,3094,-1,3090,3092,3093,-1,1343,3095,3091,-1,1345,3095,1343,-1,3092,3096,3094,-1,1345,3097,3095,-1,1347,3097,1345,-1,3096,3098,3094,-1,3099,3098,3100,-1,3094,3098,3099,-1,1349,3101,1347,-1,1347,3101,3097,-1,3098,3102,3100,-1,1349,3103,3101,-1,1351,3103,1349,-1,3102,3104,3100,-1,3105,3104,3106,-1,3100,3104,3105,-1,1351,3107,3103,-1,1353,3107,1351,-1,3104,3108,3106,-1,3106,3108,3109,-1,1355,3110,1353,-1,1353,3110,3107,-1,3108,3111,3109,-1,3109,3111,3112,-1,1356,3113,1355,-1,1355,3113,3110,-1,3111,3114,3112,-1,1356,3115,3113,-1,1359,3115,1356,-1,3112,3116,3117,-1,3114,3116,3112,-1,1359,3118,3115,-1,1361,3118,1359,-1,3116,3119,3117,-1,3120,3119,3121,-1,3117,3119,3120,-1,1361,3122,3118,-1,1363,3122,1361,-1,3119,3123,3121,-1,1363,3124,3122,-1,1364,3124,1363,-1,3123,3125,3121,-1,3121,3125,3126,-1,1364,3127,3124,-1,1366,3127,1364,-1,3126,3128,3129,-1,3125,3128,3126,-1,1366,3130,3127,-1,1369,3130,1366,-1,3131,3132,3133,-1,3129,3132,3131,-1,3128,3132,3129,-1,1369,3134,3130,-1,1371,3134,1369,-1,3132,3135,3133,-1,1371,3136,3134,-1,1372,3136,1371,-1,3133,3137,3138,-1,3135,3137,3133,-1,1375,3139,1372,-1,1372,3139,3136,-1,3138,3140,3141,-1,3137,3140,3138,-1,1375,3142,3139,-1,1376,3142,1375,-1,1378,3143,1376,-1,1376,3143,3142,-1,63,2374,1517,-1,139,61,2746,-1,139,2746,2745,-1,132,141,3144,-1,3144,141,3145,-1,3144,3145,3146,-1,3146,3145,3147,-1,3146,3147,3148,-1,3146,3148,3149,-1,3149,3148,3150,-1,3150,3148,3151,-1,3150,3151,3152,-1,3152,3151,3153,-1,3152,3153,3154,-1,3152,3154,3155,-1,3155,3154,3156,-1,3156,3154,3157,-1,3156,3157,3158,-1,3158,3157,3159,-1,3158,3159,3140,-1,3140,3159,3141,-1,264,124,1391,-1,1391,124,3160,-1,1391,3160,1388,-1,1388,3160,3161,-1,1388,3161,1387,-1,1387,3161,3162,-1,1387,3162,1384,-1,1384,3162,3163,-1,1384,3163,1383,-1,1383,3163,3164,-1,1383,3164,1381,-1,1381,3164,3165,-1,1381,3165,1378,-1,1378,3165,3143,-1,1575,260,3166,-1,1575,3166,3167,-1,1575,3167,3009,-1,27,1580,63,-1,63,1580,2374,-1,226,94,264,-1,264,94,124,-1,90,140,132,-1,132,140,141,-1,137,32,139,-1,139,32,61,-1,32,1952,61,-1,61,1952,2746,-1,2746,1946,2740,-1,1952,1946,2746,-1,2740,1940,2734,-1,1946,1940,2740,-1,2734,1935,2729,-1,1940,1935,2734,-1,2729,1929,2723,-1,1935,1929,2729,-1,2723,1924,2718,-1,1929,1924,2723,-1,2718,1919,2713,-1,1924,1919,2718,-1,2713,1913,2707,-1,1919,1913,2713,-1,1913,1908,2707,-1,2707,1908,2702,-1,1908,1903,2702,-1,2702,1903,2697,-1,1903,1899,2697,-1,2697,1899,2693,-1,1899,1894,2693,-1,2693,1894,2688,-1,1894,1890,2688,-1,2688,1890,2684,-1,2684,1890,2679,-1,1890,1885,2679,-1,1885,1881,2679,-1,2679,1881,2675,-1,1881,1879,2675,-1,2675,1879,2673,-1,1879,1878,2673,-1,2673,1878,2671,-1,2671,1878,2676,-1,1878,1883,2676,-1,2676,1883,2680,-1,1883,1887,2680,-1,1887,1892,2680,-1,2680,1892,2685,-1,2685,1896,2690,-1,2690,1896,2694,-1,1892,1896,2685,-1,1896,1901,2694,-1,2694,1906,2700,-1,2700,1906,2704,-1,1901,1906,2694,-1,2704,1911,2709,-1,1906,1911,2704,-1,1911,1916,2709,-1,2709,1921,2714,-1,1916,1921,2709,-1,2714,1926,2720,-1,2720,1926,2726,-1,1921,1926,2714,-1,1926,1932,2726,-1,2726,1937,2730,-1,2730,1937,2736,-1,1932,1937,2726,-1,1937,1943,2736,-1,2736,1949,2743,-1,2743,1949,1394,-1,1943,1949,2736,-1,1949,1392,1394,-1,141,140,3145,-1,140,2351,3145,-1,3145,2351,3147,-1,2351,2353,3147,-1,3147,2353,3148,-1,3148,2354,3151,-1,2353,2354,3148,-1,3151,2357,3153,-1,2354,2357,3151,-1,3153,2359,3154,-1,2357,2359,3153,-1,3154,2360,3157,-1,2359,2360,3154,-1,3157,2363,3159,-1,2360,2363,3157,-1,3159,2365,3141,-1,2363,2365,3159,-1,3141,2345,3138,-1,2365,2345,3141,-1,3138,2344,3133,-1,2345,2344,3138,-1,3133,2341,3131,-1,2344,2341,3133,-1,3131,2338,3129,-1,2341,2338,3131,-1,2338,2335,3129,-1,3129,2332,3126,-1,3126,2332,3121,-1,2335,2332,3129,-1,3121,2327,3120,-1,2332,2327,3121,-1,3120,2324,3117,-1,2327,2324,3120,-1,3117,2323,3112,-1,2324,2323,3117,-1,3112,2320,3109,-1,2323,2320,3112,-1,3109,2317,3106,-1,2320,2317,3109,-1,3106,2314,3105,-1,2317,2314,3106,-1,3105,2311,3100,-1,2314,2311,3105,-1,3100,2306,3099,-1,2311,2306,3100,-1,3099,2305,3094,-1,2306,2305,3099,-1,3094,2300,3093,-1,2305,2300,3094,-1,3093,2299,3090,-1,2300,2299,3093,-1,3090,2296,3085,-1,2299,2296,3090,-1,2296,2291,3085,-1,3085,2291,3084,-1,2291,2290,3084,-1,2290,2093,3084,-1,3084,2093,2887,-1,2887,2093,2886,-1,2093,2092,2886,-1,2886,2092,2853,-1,2092,2059,2853,-1,2853,2059,2845,-1,2059,2051,2845,-1,2845,2051,2842,-1,2051,2048,2842,-1,2842,2048,2839,-1,2048,2045,2839,-1,2045,2041,2839,-1,2839,2041,2835,-1,2835,2041,2832,-1,2832,2038,2829,-1,2041,2038,2832,-1,2829,2035,2825,-1,2038,2035,2829,-1,2825,2031,2821,-1,2035,2031,2825,-1,2821,2027,2817,-1,2031,2027,2821,-1,2817,2023,2813,-1,2027,2023,2817,-1,2813,2019,2810,-1,2023,2019,2813,-1,2810,2016,2809,-1,2019,2016,2810,-1,2809,2015,2808,-1,2016,2015,2809,-1,2808,2014,2807,-1,2015,2014,2808,-1,2807,2013,2806,-1,2014,2013,2807,-1,2806,2012,2801,-1,2013,2012,2806,-1,2801,2007,2797,-1,2012,2007,2801,-1,2797,2003,2793,-1,2007,2003,2797,-1,2793,1998,2788,-1,2003,1998,2793,-1,1998,1994,2788,-1,2788,1990,2784,-1,2784,1990,2780,-1,1994,1990,2788,-1,1990,1986,2780,-1,2780,1986,2776,-1,1986,1982,2776,-1,1982,1978,2776,-1,2776,1978,2772,-1,2772,1978,2768,-1,1978,1974,2768,-1,1974,1970,2768,-1,2768,1970,2764,-1,2764,1970,2761,-1,1970,1967,2761,-1,2761,1967,2760,-1,1967,1966,2760,-1,2760,1966,2759,-1,1966,1965,2759,-1,1965,1964,2759,-1,2759,1964,2758,-1,2758,1964,2757,-1,1964,1963,2757,-1,1963,1961,2757,-1,2757,1961,2755,-1,2755,1961,2751,-1,1961,1957,2751,-1,1957,1954,2751,-1,2751,1954,2748,-1,1954,1948,2748,-1,2748,1948,2742,-1,2742,1948,2737,-1,1948,1942,2737,-1,1942,1936,2737,-1,2737,1936,2731,-1,2731,1936,2725,-1,1936,1931,2725,-1,2725,1925,2719,-1,1931,1925,2725,-1,2719,1920,2715,-1,1925,1920,2719,-1,2715,1915,2710,-1,2710,1915,2705,-1,1920,1915,2715,-1,2705,1910,2699,-1,1915,1910,2705,-1,1910,1905,2699,-1,2699,1900,2695,-1,2695,1900,2689,-1,1905,1900,2699,-1,1900,1895,2689,-1,2689,1891,2686,-1,1895,1891,2689,-1,2686,1886,2681,-1,2681,1886,2677,-1,1891,1886,2686,-1,1886,1882,2677,-1,1882,1877,2677,-1,2677,1877,2672,-1,2672,1877,2674,-1,1877,1880,2674,-1,1880,1884,2674,-1,2674,1884,2678,-1,2678,1884,2683,-1,1884,1889,2683,-1,2683,1889,2687,-1,1889,1893,2687,-1,1893,1898,2687,-1,2687,1898,2692,-1,2692,1898,2696,-1,1898,1902,2696,-1,1902,1907,2696,-1,2696,1907,2701,-1,1907,1912,2701,-1,2701,1912,2706,-1,2706,1912,2712,-1,1912,1918,2712,-1,1918,1923,2712,-1,2712,1923,2717,-1,1923,1928,2717,-1,2717,1928,2722,-1,2722,1928,2728,-1,1928,1934,2728,-1,1934,1939,2728,-1,2728,1939,2733,-1,1939,1945,2733,-1,2733,1945,2739,-1,1945,1951,2739,-1,2739,1951,2745,-1,1951,137,2745,-1,2745,137,139,-1,94,2366,124,-1,124,2366,3160,-1,2366,2367,3160,-1,3160,2367,3161,-1,2367,2368,3161,-1,3161,2368,3162,-1,3162,2369,3163,-1,2368,2369,3162,-1,3163,2370,3164,-1,2369,2370,3163,-1,3164,2371,3165,-1,2370,2371,3164,-1,3165,2349,3143,-1,2371,2349,3165,-1,3143,2348,3142,-1,2349,2348,3143,-1,3142,2346,3139,-1,2348,2346,3142,-1,3139,2342,3136,-1,2346,2342,3139,-1,3136,2339,3134,-1,2342,2339,3136,-1,3134,2336,3130,-1,2339,2336,3134,-1,3130,2333,3127,-1,2336,2333,3130,-1,3127,2330,3124,-1,2333,2330,3127,-1,3124,2328,3122,-1,3122,2328,3118,-1,2330,2328,3124,-1,2328,2325,3118,-1,3118,2321,3115,-1,2325,2321,3118,-1,3115,2318,3113,-1,2321,2318,3115,-1,3113,2315,3110,-1,3110,2315,3107,-1,2318,2315,3113,-1,2315,2312,3107,-1,3107,2309,3103,-1,2312,2309,3107,-1,3103,2307,3101,-1,3101,2307,3097,-1,2309,2307,3103,-1,2307,2303,3097,-1,3097,2301,3095,-1,2303,2301,3097,-1,3095,2297,3091,-1,2301,2297,3095,-1,3091,2294,3088,-1,3088,2294,3086,-1,2297,2294,3091,-1,2294,2292,3086,-1,2292,2288,3086,-1,3086,2288,3082,-1,2288,2286,3082,-1,3082,2286,3080,-1,3080,2286,3078,-1,2286,2284,3078,-1,3078,2284,3076,-1,2284,2282,3076,-1,2282,2280,3076,-1,3076,2280,3074,-1,2280,2277,3074,-1,3074,2277,3071,-1,3071,2277,3069,-1,2277,2274,3069,-1,2274,2271,3069,-1,3069,2271,3066,-1,3066,2271,3063,-1,3063,2268,3060,-1,2271,2268,3063,-1,2268,2265,3060,-1,2265,2262,3060,-1,3060,2262,3057,-1,3057,2259,3054,-1,2262,2259,3057,-1,3054,2256,3050,-1,2259,2256,3054,-1,3050,2253,3048,-1,3048,2253,3045,-1,2256,2253,3050,-1,2253,2250,3045,-1,3045,2247,3042,-1,3042,2247,3038,-1,2250,2247,3045,-1,2247,2244,3038,-1,3038,2241,3035,-1,3035,2241,3033,-1,2244,2241,3038,-1,3033,2238,3029,-1,2241,2238,3033,-1,2238,2234,3029,-1,3029,2237,3031,-1,2234,2237,3029,-1,3031,2240,3034,-1,2237,2240,3031,-1,3034,2243,3037,-1,3037,2243,3040,-1,2240,2243,3034,-1,3040,2246,3043,-1,2243,2246,3040,-1,2246,2249,3043,-1,2249,2252,3043,-1,3043,2252,3046,-1,3046,2252,3049,-1,2252,2255,3049,-1,2255,2258,3049,-1,3049,2258,3052,-1,3052,2258,3055,-1,2258,2261,3055,-1,3055,2261,3058,-1,2261,2264,3058,-1,2264,2267,3058,-1,3058,2267,3061,-1,3061,2267,3064,-1,2267,2270,3064,-1,2270,2273,3064,-1,3064,2273,3067,-1,3067,2273,3070,-1,2273,2276,3070,-1,3070,2276,3073,-1,2276,2279,3073,-1,2279,2281,3073,-1,3073,2281,3075,-1,3075,2281,3077,-1,2281,2283,3077,-1,2283,2285,3077,-1,3077,2285,3079,-1,2285,2287,3079,-1,3079,2287,3081,-1,3081,2287,3083,-1,2287,2289,3083,-1,3083,2293,3087,-1,2289,2293,3083,-1,3087,2293,3089,-1,3089,2295,3092,-1,2293,2295,3089,-1,2295,2298,3092,-1,3092,2302,3096,-1,3096,2302,3098,-1,2298,2302,3092,-1,2302,2304,3098,-1,3098,2308,3102,-1,3102,2308,3104,-1,2304,2308,3098,-1,2308,2310,3104,-1,3104,2313,3108,-1,3108,2313,3111,-1,2310,2313,3104,-1,3111,2316,3114,-1,2313,2316,3111,-1,2316,2319,3114,-1,2319,2322,3114,-1,3114,2322,3116,-1,3116,2322,3119,-1,2322,2326,3119,-1,2326,2329,3119,-1,3119,2329,3123,-1,3123,2329,3125,-1,2329,2331,3125,-1,2331,2334,3125,-1,3125,2334,3128,-1,2334,2337,3128,-1,3128,2337,3132,-1,3132,2337,3135,-1,2337,2340,3135,-1,2340,2343,3135,-1,3135,2343,3137,-1,2343,2347,3137,-1,3137,2347,3140,-1,2347,2364,3140,-1,3140,2364,3158,-1,2364,2362,3158,-1,3158,2362,3156,-1,3156,2362,3155,-1,2362,2361,3155,-1,2361,2358,3155,-1,3155,2358,3152,-1,2358,2356,3152,-1,3152,2356,3150,-1,2356,2355,3150,-1,3150,2355,3149,-1,2355,2352,3149,-1,3149,2352,3146,-1,2352,2350,3146,-1,3146,2350,3144,-1,2350,90,3144,-1,3144,90,132,-1,234,2372,260,-1,260,2372,3166,-1,2372,2373,3166,-1,3166,2373,3167,-1,2373,2215,3167,-1,3167,2215,3009,-1,2215,2213,3009,-1,3009,2213,3007,-1,2213,2211,3007,-1,3007,2211,3005,-1,2211,2209,3005,-1,3005,2209,3003,-1,2209,2207,3003,-1,3003,2207,3001,-1,2207,2205,3001,-1,3001,2205,2999,-1,2999,2205,2997,-1,2205,2203,2997,-1,2203,2201,2997,-1,2997,2201,2995,-1,2995,2201,2993,-1,2201,2199,2993,-1,2993,2197,2991,-1,2991,2197,2989,-1,2199,2197,2993,-1,2197,2195,2989,-1,2989,2193,2987,-1,2195,2193,2989,-1,2987,2190,2984,-1,2193,2190,2987,-1,2984,2191,2985,-1,2190,2191,2984,-1,2985,2192,2986,-1,2191,2192,2985,-1,2192,2194,2986,-1,2986,2194,2988,-1,2194,2196,2988,-1,2988,2196,2990,-1,2196,2198,2990,-1,2990,2198,2992,-1,2198,2200,2992,-1,2992,2200,2994,-1,2200,2202,2994,-1,2994,2202,2996,-1,2202,2204,2996,-1,2996,2204,2998,-1,2204,2206,2998,-1,2998,2206,3000,-1,2206,2208,3000,-1,3000,2208,3002,-1,2208,2210,3002,-1,3002,2210,3004,-1,3004,2210,3006,-1,2210,2212,3006,-1,2212,2214,3006,-1,3006,2214,3008,-1,2214,2216,3008,-1,3008,2216,3010,-1,2216,2217,3010,-1,3010,2217,3011,-1,3011,2217,3012,-1,2217,2218,3012,-1,2218,2219,3012,-1,3012,2219,3013,-1,2219,2220,3013,-1,3013,2220,3014,-1,3014,2220,3015,-1,2220,2221,3015,-1,2221,2222,3015,-1,3015,2222,3016,-1,3017,2223,3018,-1,2222,2223,3016,-1,3016,2223,3017,-1,3018,2224,3019,-1,2223,2224,3018,-1,2224,2225,3019,-1,3019,2226,3020,-1,3020,2226,3021,-1,2225,2226,3019,-1,2226,2227,3021,-1,3021,2228,3022,-1,3022,2228,3023,-1,2227,2228,3021,-1,2228,2229,3023,-1,2229,2230,3023,-1,3023,2230,3024,-1,3024,2230,3025,-1,2230,2231,3025,-1,3025,2231,3026,-1,2231,2232,3026,-1,3026,2233,3027,-1,2232,2233,3026,-1,3027,2236,3030,-1,2233,2236,3027,-1,3030,2235,3028,-1,3028,2235,3032,-1,2236,2235,3030,-1,2235,2239,3032,-1,3032,2242,3036,-1,2239,2242,3032,-1,3036,2245,3039,-1,2242,2245,3036,-1,3039,2248,3041,-1,3041,2248,3044,-1,2245,2248,3039,-1,2248,2251,3044,-1,3044,2254,3047,-1,2251,2254,3044,-1,3047,2257,3051,-1,2254,2257,3047,-1,3051,2260,3053,-1,3053,2260,3056,-1,2257,2260,3051,-1,2260,2263,3056,-1,3056,2266,3059,-1,2263,2266,3056,-1,3059,2269,3062,-1,3062,2269,3065,-1,2266,2269,3059,-1,2269,2272,3065,-1,3065,2275,3068,-1,2272,2275,3065,-1,3068,2278,3072,-1,3072,2278,1330,-1,2275,2278,3068,-1,2278,1328,1330,-1,1326,1576,1327,-1,1327,1576,1578,-1,1581,1582,2375,-1,2375,1582,2376,-1,2376,1583,2377,-1,1582,1583,2376,-1,2377,1584,2378,-1,1583,1584,2377,-1,2378,1585,2379,-1,1584,1585,2378,-1,2379,1586,2380,-1,1585,1586,2379,-1,2380,1587,2381,-1,1586,1587,2380,-1,2381,1588,2382,-1,1587,1588,2381,-1,2382,1589,2383,-1,1588,1589,2382,-1,1589,1590,2383,-1,2383,1590,2384,-1,1590,1591,2384,-1,2384,1591,2385,-1,1591,1592,2385,-1,2385,1592,2386,-1,1592,1593,2386,-1,2386,1593,2387,-1,1593,1594,2387,-1,2387,1594,2388,-1,2388,1594,2389,-1,1594,1595,2389,-1,1595,1596,2389,-1,2389,1596,2390,-1,1596,1597,2390,-1,2390,1597,2391,-1,1597,1598,2391,-1,2391,1598,2392,-1,2392,1598,2393,-1,1598,1599,2393,-1,2393,1599,2394,-1,1599,1600,2394,-1,1600,1601,2394,-1,2394,1601,2395,-1,2395,1602,2396,-1,2396,1602,2397,-1,1601,1602,2395,-1,1602,1603,2397,-1,2397,1604,2398,-1,2398,1604,2399,-1,1603,1604,2397,-1,2399,1605,2400,-1,1604,1605,2399,-1,1605,1606,2400,-1,2400,1607,2401,-1,1606,1607,2400,-1,2401,1608,2402,-1,2402,1608,2403,-1,1607,1608,2401,-1,1608,1609,2403,-1,2403,1610,2404,-1,2404,1610,2405,-1,1609,1610,2403,-1,1610,1611,2405,-1,2405,1612,2406,-1,2406,1612,1264,-1,1611,1612,2405,-1,1612,1262,1264,-1,1580,1581,2374,-1,2374,1581,2375,-1,1260,1574,1261,-1,1261,1574,1575,-1,2158,2159,2952,-1,2952,2159,2953,-1,2953,2160,2954,-1,2159,2160,2953,-1,2954,2161,2955,-1,2160,2161,2954,-1,2955,2162,2956,-1,2161,2162,2955,-1,2956,2163,2957,-1,2162,2163,2956,-1,2957,2164,2958,-1,2163,2164,2957,-1,2958,2165,2959,-1,2164,2165,2958,-1,2959,2166,2960,-1,2165,2166,2959,-1,2166,2167,2960,-1,2960,2167,2961,-1,2167,2168,2961,-1,2961,2168,2962,-1,2168,2169,2962,-1,2962,2169,2963,-1,2169,2170,2963,-1,2963,2170,2964,-1,2170,2171,2964,-1,2964,2171,2965,-1,2965,2171,2966,-1,2171,2172,2966,-1,2172,2173,2966,-1,2966,2173,2967,-1,2173,2174,2967,-1,2967,2174,2968,-1,2174,2175,2968,-1,2968,2175,2969,-1,2969,2175,2970,-1,2175,2176,2970,-1,2970,2176,2971,-1,2176,2177,2971,-1,2177,2178,2971,-1,2971,2178,2972,-1,2972,2179,2973,-1,2973,2179,2974,-1,2178,2179,2972,-1,2179,2180,2974,-1,2974,2181,2975,-1,2975,2181,2976,-1,2180,2181,2974,-1,2976,2182,2977,-1,2181,2182,2976,-1,2182,2183,2977,-1,2977,2184,2978,-1,2183,2184,2977,-1,2978,2185,2979,-1,2979,2185,2980,-1,2184,2185,2978,-1,2185,2186,2980,-1,2980,2187,2981,-1,2981,2187,2982,-1,2186,2187,2980,-1,2187,2188,2982,-1,2982,2189,2983,-1,2983,2189,1198,-1,2188,2189,2982,-1,2189,1196,1198,-1,1571,2158,1573,-1,1573,2158,2952,-1,1194,1570,1195,-1,1195,1570,1572,-1,2126,2127,2920,-1,2920,2127,2921,-1,2921,2128,2922,-1,2127,2128,2921,-1,2922,2129,2923,-1,2128,2129,2922,-1,2923,2130,2924,-1,2129,2130,2923,-1,2924,2131,2925,-1,2130,2131,2924,-1,2925,2132,2926,-1,2131,2132,2925,-1,2926,2133,2927,-1,2132,2133,2926,-1,2927,2134,2928,-1,2133,2134,2927,-1,2134,2135,2928,-1,2928,2135,2929,-1,2135,2136,2929,-1,2929,2136,2930,-1,2136,2137,2930,-1,2930,2137,2931,-1,2137,2138,2931,-1,2931,2138,2932,-1,2138,2139,2932,-1,2932,2139,2933,-1,2933,2139,2934,-1,2139,2140,2934,-1,2140,2141,2934,-1,2934,2141,2935,-1,2141,2142,2935,-1,2935,2142,2936,-1,2142,2143,2936,-1,2936,2143,2937,-1,2937,2143,2938,-1,2143,2144,2938,-1,2938,2144,2939,-1,2144,2145,2939,-1,2145,2146,2939,-1,2939,2146,2940,-1,2940,2147,2941,-1,2941,2147,2942,-1,2146,2147,2940,-1,2147,2148,2942,-1,2942,2149,2943,-1,2943,2149,2944,-1,2148,2149,2942,-1,2944,2150,2945,-1,2149,2150,2944,-1,2150,2151,2945,-1,2945,2152,2946,-1,2151,2152,2945,-1,2946,2153,2947,-1,2947,2153,2948,-1,2152,2153,2946,-1,2153,2154,2948,-1,2948,2155,2949,-1,2949,2155,2950,-1,2154,2155,2948,-1,2155,2156,2950,-1,2950,2157,2951,-1,2951,2157,1132,-1,2156,2157,2950,-1,2157,1130,1132,-1,1567,2126,1569,-1,1569,2126,2920,-1,1128,1566,1129,-1,1129,1566,1568,-1,2094,2095,2888,-1,2888,2095,2889,-1,2889,2096,2890,-1,2095,2096,2889,-1,2890,2097,2891,-1,2096,2097,2890,-1,2891,2098,2892,-1,2097,2098,2891,-1,2892,2099,2893,-1,2098,2099,2892,-1,2893,2100,2894,-1,2099,2100,2893,-1,2894,2101,2895,-1,2100,2101,2894,-1,2895,2102,2896,-1,2101,2102,2895,-1,2102,2103,2896,-1,2896,2103,2897,-1,2103,2104,2897,-1,2897,2104,2898,-1,2104,2105,2898,-1,2898,2105,2899,-1,2105,2106,2899,-1,2899,2106,2900,-1,2106,2107,2900,-1,2900,2107,2901,-1,2901,2107,2902,-1,2107,2108,2902,-1,2108,2109,2902,-1,2902,2109,2903,-1,2109,2110,2903,-1,2903,2110,2904,-1,2110,2111,2904,-1,2904,2111,2905,-1,2905,2111,2906,-1,2111,2112,2906,-1,2906,2112,2907,-1,2112,2113,2907,-1,2113,2114,2907,-1,2907,2114,2908,-1,2908,2115,2909,-1,2909,2115,2910,-1,2114,2115,2908,-1,2115,2116,2910,-1,2910,2117,2911,-1,2911,2117,2912,-1,2116,2117,2910,-1,2912,2118,2913,-1,2117,2118,2912,-1,2118,2119,2913,-1,2913,2120,2914,-1,2119,2120,2913,-1,2914,2121,2915,-1,2915,2121,2916,-1,2120,2121,2914,-1,2121,2122,2916,-1,2916,2123,2917,-1,2917,2123,2918,-1,2122,2123,2916,-1,2123,2124,2918,-1,2918,2125,2919,-1,2919,2125,1066,-1,2124,2125,2918,-1,2125,1064,1066,-1,1563,2094,1565,-1,1565,2094,2888,-1,1062,1562,1063,-1,1063,1562,1564,-1,2060,2061,2854,-1,2854,2061,2855,-1,2855,2062,2856,-1,2061,2062,2855,-1,2856,2063,2857,-1,2062,2063,2856,-1,2857,2064,2858,-1,2063,2064,2857,-1,2858,2065,2859,-1,2064,2065,2858,-1,2859,2066,2860,-1,2065,2066,2859,-1,2860,2067,2861,-1,2066,2067,2860,-1,2861,2068,2862,-1,2067,2068,2861,-1,2068,2069,2862,-1,2862,2069,2863,-1,2069,2070,2863,-1,2863,2070,2864,-1,2070,2071,2864,-1,2864,2071,2865,-1,2071,2072,2865,-1,2865,2072,2866,-1,2072,2073,2866,-1,2866,2073,2867,-1,2867,2073,2868,-1,2073,2074,2868,-1,2074,2075,2868,-1,2868,2075,2869,-1,2075,2076,2869,-1,2869,2076,2870,-1,2076,2077,2870,-1,2870,2077,2871,-1,2871,2077,2872,-1,2077,2078,2872,-1,2872,2078,2873,-1,2078,2079,2873,-1,2079,2080,2873,-1,2873,2080,2874,-1,2874,2081,2875,-1,2875,2081,2876,-1,2080,2081,2874,-1,2081,2082,2876,-1,2876,2083,2877,-1,2877,2083,2878,-1,2082,2083,2876,-1,2878,2084,2879,-1,2083,2084,2878,-1,2084,2085,2879,-1,2879,2086,2880,-1,2085,2086,2879,-1,2880,2087,2881,-1,2881,2087,2882,-1,2086,2087,2880,-1,2087,2088,2882,-1,2882,2089,2883,-1,2883,2089,2884,-1,2088,2089,2882,-1,2089,2090,2884,-1,2884,2091,2885,-1,2885,2091,1000,-1,2090,2091,2884,-1,2091,998,1000,-1,1559,2060,1561,-1,1561,2060,2854,-1,996,1558,997,-1,997,1558,1560,-1,2017,2018,2811,-1,2811,2018,2812,-1,2812,2020,2814,-1,2018,2020,2812,-1,2814,2021,2815,-1,2020,2021,2814,-1,2815,2022,2816,-1,2021,2022,2815,-1,2816,2024,2818,-1,2022,2024,2816,-1,2818,2025,2819,-1,2024,2025,2818,-1,2819,2026,2820,-1,2025,2026,2819,-1,2820,2028,2822,-1,2026,2028,2820,-1,2028,2029,2822,-1,2822,2029,2823,-1,2029,2030,2823,-1,2823,2030,2824,-1,2030,2032,2824,-1,2824,2032,2826,-1,2032,2033,2826,-1,2826,2033,2827,-1,2033,2034,2827,-1,2827,2034,2828,-1,2828,2034,2830,-1,2034,2036,2830,-1,2036,2037,2830,-1,2830,2037,2831,-1,2037,2039,2831,-1,2831,2039,2833,-1,2039,2040,2833,-1,2833,2040,2834,-1,2834,2040,2836,-1,2040,2042,2836,-1,2836,2042,2837,-1,2042,2043,2837,-1,2043,2044,2837,-1,2837,2044,2838,-1,2838,2046,2840,-1,2840,2046,2841,-1,2044,2046,2838,-1,2046,2047,2841,-1,2841,2049,2843,-1,2843,2049,2844,-1,2047,2049,2841,-1,2844,2050,2846,-1,2049,2050,2844,-1,2050,2052,2846,-1,2846,2053,2847,-1,2052,2053,2846,-1,2847,2054,2848,-1,2848,2054,2849,-1,2053,2054,2847,-1,2054,2055,2849,-1,2849,2056,2850,-1,2850,2056,2851,-1,2055,2056,2849,-1,2056,2057,2851,-1,2851,2058,2852,-1,2852,2058,934,-1,2057,2058,2851,-1,2058,932,934,-1,1555,2017,1557,-1,1557,2017,2811,-1,930,1554,931,-1,931,1554,1556,-1,1968,1969,2762,-1,2762,1969,2763,-1,2763,1971,2765,-1,1969,1971,2763,-1,2765,1972,2766,-1,1971,1972,2765,-1,2766,1973,2767,-1,1972,1973,2766,-1,2767,1975,2769,-1,1973,1975,2767,-1,2769,1976,2770,-1,1975,1976,2769,-1,2770,1977,2771,-1,1976,1977,2770,-1,2771,1979,2773,-1,1977,1979,2771,-1,1979,1980,2773,-1,2773,1980,2774,-1,1980,1981,2774,-1,2774,1981,2775,-1,1981,1983,2775,-1,2775,1983,2777,-1,1983,1984,2777,-1,2777,1984,2778,-1,1984,1985,2778,-1,2778,1985,2779,-1,2779,1985,2782,-1,1985,1988,2782,-1,1988,1989,2782,-1,2782,1989,2783,-1,1989,1991,2783,-1,2783,1991,2785,-1,1991,1992,2785,-1,2785,1992,2786,-1,2786,1992,2787,-1,1992,1993,2787,-1,2787,1993,2789,-1,1993,1995,2789,-1,1995,1996,2789,-1,2789,1996,2790,-1,2790,1997,2791,-1,2791,1997,2794,-1,1996,1997,2790,-1,1997,2000,2794,-1,2794,2001,2795,-1,2795,2001,2796,-1,2000,2001,2794,-1,2796,2002,2798,-1,2001,2002,2796,-1,2002,2004,2798,-1,2798,2005,2799,-1,2004,2005,2798,-1,2799,2006,2800,-1,2800,2006,2802,-1,2005,2006,2799,-1,2006,2008,2802,-1,2802,2009,2803,-1,2803,2009,2804,-1,2008,2009,2802,-1,2009,2010,2804,-1,2804,2011,2805,-1,2805,2011,868,-1,2010,2011,2804,-1,2011,866,868,-1,1551,1968,1553,-1,1553,1968,2762,-1,864,1550,865,-1,865,1550,1552,-1,1867,1868,2661,-1,2661,1868,2662,-1,2662,1869,2663,-1,1868,1869,2662,-1,2663,1870,2664,-1,1869,1870,2663,-1,2664,1871,2665,-1,1870,1871,2664,-1,2665,1872,2666,-1,1871,1872,2665,-1,2666,1873,2667,-1,1872,1873,2666,-1,2667,1874,2668,-1,1873,1874,2667,-1,2668,1875,2669,-1,1874,1875,2668,-1,1875,1876,2669,-1,2669,1876,2670,-1,1876,1888,2670,-1,2670,1888,2682,-1,1888,1897,2682,-1,2682,1897,2691,-1,1897,1904,2691,-1,2691,1904,2698,-1,1904,1909,2698,-1,2698,1909,2703,-1,2703,1909,2708,-1,1909,1914,2708,-1,1914,1917,2708,-1,2708,1917,2711,-1,1917,1922,2711,-1,2711,1922,2716,-1,1922,1927,2716,-1,2716,1927,2721,-1,2721,1927,2724,-1,1927,1930,2724,-1,2724,1930,2727,-1,1930,1933,2727,-1,1933,1938,2727,-1,2727,1938,2732,-1,2732,1941,2735,-1,2735,1941,2738,-1,1938,1941,2732,-1,1941,1944,2738,-1,2738,1947,2741,-1,2741,1947,2744,-1,1944,1947,2738,-1,2744,1950,2747,-1,1947,1950,2744,-1,1950,1953,2747,-1,2747,1955,2749,-1,1953,1955,2747,-1,2749,1956,2750,-1,2750,1956,2752,-1,1955,1956,2749,-1,1956,1958,2752,-1,2752,1959,2753,-1,2753,1959,2754,-1,1958,1959,2752,-1,1959,1960,2754,-1,2754,1962,2756,-1,2756,1962,802,-1,1960,1962,2754,-1,1962,800,802,-1,1547,1867,1549,-1,1549,1867,2661,-1,798,1546,799,-1,799,1546,1548,-1,1835,1836,2629,-1,2629,1836,2630,-1,2630,1837,2631,-1,1836,1837,2630,-1,2631,1838,2632,-1,1837,1838,2631,-1,2632,1839,2633,-1,1838,1839,2632,-1,2633,1840,2634,-1,1839,1840,2633,-1,2634,1841,2635,-1,1840,1841,2634,-1,2635,1842,2636,-1,1841,1842,2635,-1,2636,1843,2637,-1,1842,1843,2636,-1,1843,1844,2637,-1,2637,1844,2638,-1,1844,1845,2638,-1,2638,1845,2639,-1,1845,1846,2639,-1,2639,1846,2640,-1,1846,1847,2640,-1,2640,1847,2641,-1,1847,1848,2641,-1,2641,1848,2642,-1,2642,1848,2643,-1,1848,1849,2643,-1,1849,1850,2643,-1,2643,1850,2644,-1,1850,1851,2644,-1,2644,1851,2645,-1,1851,1852,2645,-1,2645,1852,2646,-1,2646,1852,2647,-1,1852,1853,2647,-1,2647,1853,2648,-1,1853,1854,2648,-1,1854,1855,2648,-1,2648,1855,2649,-1,2649,1856,2650,-1,2650,1856,2651,-1,1855,1856,2649,-1,1856,1857,2651,-1,2651,1858,2652,-1,2652,1858,2653,-1,1857,1858,2651,-1,2653,1859,2654,-1,1858,1859,2653,-1,1859,1860,2654,-1,2654,1861,2655,-1,1860,1861,2654,-1,2655,1862,2656,-1,2656,1862,2657,-1,1861,1862,2655,-1,1862,1863,2657,-1,2657,1864,2658,-1,2658,1864,2659,-1,1863,1864,2657,-1,1864,1865,2659,-1,2659,1866,2660,-1,2660,1866,736,-1,1865,1866,2659,-1,1866,734,736,-1,1543,1835,1545,-1,1545,1835,2629,-1,732,1542,733,-1,733,1542,1544,-1,1803,1804,2597,-1,2597,1804,2598,-1,2598,1805,2599,-1,1804,1805,2598,-1,2599,1806,2600,-1,1805,1806,2599,-1,2600,1807,2601,-1,1806,1807,2600,-1,2601,1808,2602,-1,1807,1808,2601,-1,2602,1809,2603,-1,1808,1809,2602,-1,2603,1810,2604,-1,1809,1810,2603,-1,2604,1811,2605,-1,1810,1811,2604,-1,1811,1812,2605,-1,2605,1812,2606,-1,1812,1813,2606,-1,2606,1813,2607,-1,1813,1814,2607,-1,2607,1814,2608,-1,1814,1815,2608,-1,2608,1815,2609,-1,1815,1816,2609,-1,2609,1816,2610,-1,2610,1816,2611,-1,1816,1817,2611,-1,1817,1818,2611,-1,2611,1818,2612,-1,1818,1819,2612,-1,2612,1819,2613,-1,1819,1820,2613,-1,2613,1820,2614,-1,2614,1820,2615,-1,1820,1821,2615,-1,2615,1821,2616,-1,1821,1822,2616,-1,1822,1823,2616,-1,2616,1823,2617,-1,2617,1824,2618,-1,2618,1824,2619,-1,1823,1824,2617,-1,1824,1825,2619,-1,2619,1826,2620,-1,2620,1826,2621,-1,1825,1826,2619,-1,2621,1827,2622,-1,1826,1827,2621,-1,1827,1828,2622,-1,2622,1829,2623,-1,1828,1829,2622,-1,2623,1830,2624,-1,2624,1830,2625,-1,1829,1830,2623,-1,1830,1831,2625,-1,2625,1832,2626,-1,2626,1832,2627,-1,1831,1832,2625,-1,1832,1833,2627,-1,2627,1834,2628,-1,2628,1834,670,-1,1833,1834,2627,-1,1834,668,670,-1,1539,1803,1541,-1,1541,1803,2597,-1,666,1538,667,-1,667,1538,1540,-1,1771,1772,2565,-1,2565,1772,2566,-1,2566,1773,2567,-1,1772,1773,2566,-1,2567,1774,2568,-1,1773,1774,2567,-1,2568,1775,2569,-1,1774,1775,2568,-1,2569,1776,2570,-1,1775,1776,2569,-1,2570,1777,2571,-1,1776,1777,2570,-1,2571,1778,2572,-1,1777,1778,2571,-1,2572,1779,2573,-1,1778,1779,2572,-1,1779,1780,2573,-1,2573,1780,2574,-1,1780,1781,2574,-1,2574,1781,2575,-1,1781,1782,2575,-1,2575,1782,2576,-1,1782,1783,2576,-1,2576,1783,2577,-1,1783,1784,2577,-1,2577,1784,2578,-1,2578,1784,2579,-1,1784,1785,2579,-1,1785,1786,2579,-1,2579,1786,2580,-1,1786,1787,2580,-1,2580,1787,2581,-1,1787,1788,2581,-1,2581,1788,2582,-1,2582,1788,2583,-1,1788,1789,2583,-1,2583,1789,2584,-1,1789,1790,2584,-1,1790,1791,2584,-1,2584,1791,2585,-1,2585,1792,2586,-1,2586,1792,2587,-1,1791,1792,2585,-1,1792,1793,2587,-1,2587,1794,2588,-1,2588,1794,2589,-1,1793,1794,2587,-1,2589,1795,2590,-1,1794,1795,2589,-1,1795,1796,2590,-1,2590,1797,2591,-1,1796,1797,2590,-1,2591,1798,2592,-1,2592,1798,2593,-1,1797,1798,2591,-1,1798,1799,2593,-1,2593,1800,2594,-1,2594,1800,2595,-1,1799,1800,2593,-1,1800,1801,2595,-1,2595,1802,2596,-1,2596,1802,604,-1,1801,1802,2595,-1,1802,602,604,-1,1535,1771,1537,-1,1537,1771,2565,-1,600,1534,601,-1,601,1534,1536,-1,1739,1740,2533,-1,2533,1740,2534,-1,2534,1741,2535,-1,1740,1741,2534,-1,2535,1742,2536,-1,1741,1742,2535,-1,2536,1743,2537,-1,1742,1743,2536,-1,2537,1744,2538,-1,1743,1744,2537,-1,2538,1745,2539,-1,1744,1745,2538,-1,2539,1746,2540,-1,1745,1746,2539,-1,2540,1747,2541,-1,1746,1747,2540,-1,1747,1748,2541,-1,2541,1748,2542,-1,1748,1749,2542,-1,2542,1749,2543,-1,1749,1750,2543,-1,2543,1750,2544,-1,1750,1751,2544,-1,2544,1751,2545,-1,1751,1752,2545,-1,2545,1752,2546,-1,2546,1752,2547,-1,1752,1753,2547,-1,1753,1754,2547,-1,2547,1754,2548,-1,1754,1755,2548,-1,2548,1755,2549,-1,1755,1756,2549,-1,2549,1756,2550,-1,2550,1756,2551,-1,1756,1757,2551,-1,2551,1757,2552,-1,1757,1758,2552,-1,1758,1759,2552,-1,2552,1759,2553,-1,2553,1760,2554,-1,2554,1760,2555,-1,1759,1760,2553,-1,1760,1761,2555,-1,2555,1762,2556,-1,2556,1762,2557,-1,1761,1762,2555,-1,2557,1763,2558,-1,1762,1763,2557,-1,1763,1764,2558,-1,2558,1765,2559,-1,1764,1765,2558,-1,2559,1766,2560,-1,2560,1766,2561,-1,1765,1766,2559,-1,1766,1767,2561,-1,2561,1768,2562,-1,2562,1768,2563,-1,1767,1768,2561,-1,1768,1769,2563,-1,2563,1770,2564,-1,2564,1770,538,-1,1769,1770,2563,-1,1770,536,538,-1,1531,1739,1533,-1,1533,1739,2533,-1,534,1530,535,-1,535,1530,1532,-1,1707,1708,2501,-1,2501,1708,2502,-1,2502,1709,2503,-1,1708,1709,2502,-1,2503,1710,2504,-1,1709,1710,2503,-1,2504,1711,2505,-1,1710,1711,2504,-1,2505,1712,2506,-1,1711,1712,2505,-1,2506,1713,2507,-1,1712,1713,2506,-1,2507,1714,2508,-1,1713,1714,2507,-1,2508,1715,2509,-1,1714,1715,2508,-1,1715,1716,2509,-1,2509,1716,2510,-1,1716,1717,2510,-1,2510,1717,2511,-1,1717,1718,2511,-1,2511,1718,2512,-1,1718,1719,2512,-1,2512,1719,2513,-1,1719,1720,2513,-1,2513,1720,2514,-1,2514,1720,2515,-1,1720,1721,2515,-1,1721,1722,2515,-1,2515,1722,2516,-1,1722,1723,2516,-1,2516,1723,2517,-1,1723,1724,2517,-1,2517,1724,2518,-1,2518,1724,2519,-1,1724,1725,2519,-1,2519,1725,2520,-1,1725,1726,2520,-1,1726,1727,2520,-1,2520,1727,2521,-1,2521,1728,2522,-1,2522,1728,2523,-1,1727,1728,2521,-1,1728,1729,2523,-1,2523,1730,2524,-1,2524,1730,2525,-1,1729,1730,2523,-1,2525,1731,2526,-1,1730,1731,2525,-1,1731,1732,2526,-1,2526,1733,2527,-1,1732,1733,2526,-1,2527,1734,2528,-1,2528,1734,2529,-1,1733,1734,2527,-1,1734,1735,2529,-1,2529,1736,2530,-1,2530,1736,2531,-1,1735,1736,2529,-1,1736,1737,2531,-1,2531,1738,2532,-1,2532,1738,472,-1,1737,1738,2531,-1,1738,470,472,-1,1527,1707,1529,-1,1529,1707,2501,-1,468,1526,469,-1,469,1526,1528,-1,1676,1677,2470,-1,2470,1677,2471,-1,2471,1678,2472,-1,1677,1678,2471,-1,2472,1679,2473,-1,1678,1679,2472,-1,2473,1680,2474,-1,1679,1680,2473,-1,2474,1681,2475,-1,1680,1681,2474,-1,2475,1682,2476,-1,1681,1682,2475,-1,2476,1683,2477,-1,1682,1683,2476,-1,2477,1684,2478,-1,1683,1684,2477,-1,1684,1685,2478,-1,2478,1685,2479,-1,1685,1686,2479,-1,2479,1686,2480,-1,1686,1687,2480,-1,2480,1687,2481,-1,1687,1688,2481,-1,2481,1688,2482,-1,1688,1689,2482,-1,2482,1689,2483,-1,2483,1689,2484,-1,1689,1690,2484,-1,1690,1691,2484,-1,2484,1691,2485,-1,1691,1692,2485,-1,2485,1692,2486,-1,1692,1693,2486,-1,2486,1693,2487,-1,2487,1693,2488,-1,1693,1694,2488,-1,2488,1694,2489,-1,1694,1695,2489,-1,1695,1696,2489,-1,2489,1696,2490,-1,2490,1697,2491,-1,2491,1697,2492,-1,1696,1697,2490,-1,1697,1698,2492,-1,2492,1699,2493,-1,2493,1699,2494,-1,1698,1699,2492,-1,2494,1700,2495,-1,1699,1700,2494,-1,1700,1701,2495,-1,2495,1702,2496,-1,1701,1702,2495,-1,2496,1703,2497,-1,2497,1703,2498,-1,1702,1703,2496,-1,1703,1704,2498,-1,2498,1705,2499,-1,2499,1705,2500,-1,1704,1705,2498,-1,1705,1706,2500,-1,2500,1999,2792,-1,2792,1999,406,-1,1706,1999,2500,-1,1999,404,406,-1,1523,1676,1525,-1,1525,1676,2470,-1,402,1522,403,-1,403,1522,1524,-1,1645,1646,2439,-1,2439,1646,2440,-1,2440,1647,2441,-1,1646,1647,2440,-1,2441,1648,2442,-1,1647,1648,2441,-1,2442,1649,2443,-1,1648,1649,2442,-1,2443,1650,2444,-1,1649,1650,2443,-1,2444,1651,2445,-1,1650,1651,2444,-1,2445,1652,2446,-1,1651,1652,2445,-1,2446,1653,2447,-1,1652,1653,2446,-1,1653,1654,2447,-1,2447,1654,2448,-1,1654,1655,2448,-1,2448,1655,2449,-1,1655,1656,2449,-1,2449,1656,2450,-1,1656,1657,2450,-1,2450,1657,2451,-1,1657,1658,2451,-1,2451,1658,2452,-1,2452,1658,2453,-1,1658,1659,2453,-1,1659,1660,2453,-1,2453,1660,2454,-1,1660,1661,2454,-1,2454,1661,2455,-1,1661,1662,2455,-1,2455,1662,2456,-1,2456,1662,2457,-1,1662,1663,2457,-1,2457,1663,2458,-1,1663,1664,2458,-1,1664,1665,2458,-1,2458,1665,2459,-1,2459,1666,2460,-1,2460,1666,2461,-1,1665,1666,2459,-1,1666,1667,2461,-1,2461,1668,2462,-1,2462,1668,2463,-1,1667,1668,2461,-1,2463,1669,2464,-1,1668,1669,2463,-1,1669,1670,2464,-1,2464,1671,2465,-1,1670,1671,2464,-1,2465,1672,2466,-1,2466,1672,2467,-1,1671,1672,2465,-1,1672,1673,2467,-1,2467,1674,2468,-1,2468,1674,2469,-1,1673,1674,2467,-1,1674,1675,2469,-1,2469,1987,2781,-1,2781,1987,340,-1,1675,1987,2469,-1,1987,338,340,-1,1519,1645,1521,-1,1521,1645,2439,-1,336,1518,337,-1,337,1518,1520,-1,1613,1614,2407,-1,2407,1614,2408,-1,2408,1615,2409,-1,1614,1615,2408,-1,2409,1616,2410,-1,1615,1616,2409,-1,2410,1617,2411,-1,1616,1617,2410,-1,2411,1618,2412,-1,1617,1618,2411,-1,2412,1619,2413,-1,1618,1619,2412,-1,2413,1620,2414,-1,1619,1620,2413,-1,2414,1621,2415,-1,1620,1621,2414,-1,1621,1622,2415,-1,2415,1622,2416,-1,1622,1623,2416,-1,2416,1623,2417,-1,1623,1624,2417,-1,2417,1624,2418,-1,1624,1625,2418,-1,2418,1625,2419,-1,1625,1626,2419,-1,2419,1626,2420,-1,2420,1626,2421,-1,1626,1627,2421,-1,1627,1628,2421,-1,2421,1628,2422,-1,1628,1629,2422,-1,2422,1629,2423,-1,1629,1630,2423,-1,2423,1630,2424,-1,2424,1630,2425,-1,1630,1631,2425,-1,2425,1631,2426,-1,1631,1632,2426,-1,1632,1633,2426,-1,2426,1633,2427,-1,2427,1634,2428,-1,2428,1634,2429,-1,1633,1634,2427,-1,1634,1635,2429,-1,2429,1636,2430,-1,2430,1636,2431,-1,1635,1636,2429,-1,2431,1637,2432,-1,1636,1637,2431,-1,1637,1638,2432,-1,2432,1639,2433,-1,1638,1639,2432,-1,2433,1640,2434,-1,2434,1640,2435,-1,1639,1640,2433,-1,1640,1641,2435,-1,2435,1642,2436,-1,2436,1642,2437,-1,1641,1642,2435,-1,1642,1643,2437,-1,2437,1644,2438,-1,2438,1644,274,-1,1643,1644,2437,-1,1644,272,274,-1,1577,1613,1579,-1,1579,1613,2407            ]
            ccw TRUE
          }
        }
        Shape {
          appearance DEF M2 Appearance {
            material Material {
              diffuseColor 0.25098 0.25098 0.25098
              specularColor 0.05 0.05 0.05
              shininess 0.5
            }
          }
          geometry IndexedFaceSet {
            coord Coordinate {
              point [
-35.59999847 -9.60000038 -0,-34.59999847 -11.60000038 -0,-35.59999847 -11.60000038 -0,34.59999847 -11.60000038 -0,-34.59999847 -12.60000038 -0,34.59999847 -12.60000038 -0,35.59999847 -9.60000038 -0,35.59999847 -11.60000038 -0,-35.59999847 -9.60000038 3,-35.59999847 -11.60000038 3,35.59999847 -9.60000038 3,35.59999847 -11.60000038 3,-34.59999847 -12.60000038 3,34.59999847 -12.60000038 3,-34.59999847 -11.60000038 3,34.59999847 -11.60000038 3,-34.59999847 11.60000038 0,-35.59999847 9.60000038 0,-35.59999847 11.60000038 0,34.59999847 11.60000038 0,35.59999847 9.60000038 0,34.59999847 12.60000038 0,-34.59999847 12.60000038 0,35.59999847 11.60000038 0,35.59999847 9.60000038 3,-35.59999847 9.60000038 3,-35.59999847 11.60000038 3,-34.59999847 12.60000038 3,34.59999847 12.60000038 3,35.59999847 11.60000038 3,-34.59999847 11.60000038 3,34.59999847 11.60000038 3,-35.59999847 11.60000038 -9.69999981,-35.59999847 -11.60000038 -9.69999981,-35.59999847 11.60000038 -1.60000002,-35.59999847 -11.60000038 -1.60000002,34.59999847 12.60000038 -9.69999981,-34.59999847 12.60000038 -9.69999981,34.59999847 12.60000038 -1.60000002,-34.59999847 12.60000038 -1.60000002,35.59999847 -11.60000038 -9.69999981,35.59999847 11.60000038 -9.69999981,35.59999847 -11.60000038 -1.60000002,35.59999847 11.60000038 -1.60000002,-34.59999847 -12.60000038 -9.69999981,34.59999847 -12.60000038 -9.69999981,-34.59999847 -12.60000038 -1.60000002,34.59999847 -12.60000038 -1.60000002,-33.72531128 -11.04566765 -10.19999981,-34.59999847 -11.60000038 -10.19999981,-33.74316025 -11.02826023 -10.19999981,-33.76011658 -11.00998402 -10.19999981,-33.70661926 -11.06216335 -10.19999981,-33.77614212 -10.99088669 -10.19999981,-33.68712616 -11.07770729 -10.19999981,-33.79119492 -10.97101307 -10.19999981,-33.66688538 -11.09226131 -10.19999981,-33.80523682 -10.95041466 -10.19999981,-33.64594269 -11.10578728 -10.19999981,-33.8182373 -10.92914104 -10.19999981,-33.6243515 -11.1182518 -10.19999981,-33.83016205 -10.90724659 -10.19999981,-33.60216904 -11.12962627 -10.19999981,-33.84097672 -10.8847847 -10.19999981,-33.57944489 -11.13987923 -10.19999981,-34.59999847 -12.10000038 -10.19999981,-33.85066223 -10.86181164 -10.19999981,-33.55623627 -11.14898777 -10.19999981,-33.85918808 -10.83838463 -10.19999981,-33.53260422 -11.15692806 -10.19999981,-33.866539 -10.81456184 -10.19999981,-33.50860596 -11.16368008 -10.19999981,-33.87268829 -10.79040146 -10.19999981,-33.48429871 -11.1692276 -10.19999981,-33.87762833 -10.76596546 -10.19999981,-33.45974731 -11.17355728 -10.19999981,-33.88134384 -10.74131298 -10.19999981,-33.435009 -11.17665672 -10.19999981,-33.88382721 -10.71650696 -10.19999981,-33.41014862 -11.1785202 -10.19999981,-33.8850708 -10.69160652 -10.19999981,-33.3852272 -11.17914104 -10.19999981,-33.8850708 -10.66667652 -10.19999981,-35.09999847 -11.60000038 -10.19999981,-33.88382721 -10.64177608 -10.19999981,-33.88134384 -10.61697006 -10.19999981,-33.87762833 -10.59231758 -10.19999981,-33.87268829 -10.56788063 -10.19999981,-33.866539 -10.5437212 -10.19999981,-33.85918808 -10.51989841 -10.19999981,-33.85066223 -10.49647141 -10.19999981,-33.84097672 -10.47349834 -10.19999981,-33.83016205 -10.45103645 -10.19999981,-33.8182373 -10.42914104 -10.19999981,-33.80523682 -10.40786839 -10.19999981,-33.79119492 -10.38726997 -10.19999981,-33 -8 -10.19999981,-33.77614212 -10.36739635 -10.19999981,-33.76011658 -10.34829807 -10.19999981,-33.74316025 -10.33002281 -10.19999981,-33.72531128 -10.31261539 -10.19999981,-33.70661926 -10.29611969 -10.19999981,-33.68712616 -10.2805748 -10.19999981,-33.66688538 -10.26602173 -10.19999981,-33.64594269 -10.25249577 -10.19999981,-33.6243515 -10.24003029 -10.19999981,-33.60216904 -10.22865677 -10.19999981,-33.57944489 -10.21840382 -10.19999981,-33.55623627 -10.20929527 -10.19999981,-33.53260422 -10.20135498 -10.19999981,-33.50860596 -10.19460297 -10.19999981,-33.48429871 -10.18905544 -10.19999981,-33.45974731 -10.18472576 -10.19999981,-33.435009 -10.18162632 -10.19999981,-33.41014862 -10.17976284 -10.19999981,-33.3852272 -10.17914104 -10.19999981,-35.09999847 11.60000038 -10.19999981,-33 8 -10.19999981,-33.72531128 10.31261539 -10.19999981,-33.74316025 10.33002281 -10.19999981,-33.76011658 10.34829807 -10.19999981,-33.70661926 10.29611969 -10.19999981,-33.77614212 10.36739635 -10.19999981,-33.68712616 10.2805748 -10.19999981,-33.79119492 10.38726997 -10.19999981,-33.66688538 10.26602173 -10.19999981,-33.80523682 10.40786839 -10.19999981,-33.64594269 10.25249577 -10.19999981,-33.8182373 10.42914104 -10.19999981,-33.6243515 10.24003029 -10.19999981,-33.83016205 10.45103645 -10.19999981,-33.60216904 10.22865677 -10.19999981,-33.84097672 10.47349834 -10.19999981,-33.57944489 10.21840382 -10.19999981,-33.85066223 10.49647141 -10.19999981,-33.55623627 10.20929527 -10.19999981,-33.85918808 10.51989841 -10.19999981,-33.53260422 10.20135498 -10.19999981,-33.866539 10.5437212 -10.19999981,-33.50860596 10.19460297 -10.19999981,-33.87268829 10.56788063 -10.19999981,-33.48429871 10.18905544 -10.19999981,-33.87762833 10.59231758 -10.19999981,-33.45974731 10.18472576 -10.19999981,-33.88134384 10.61697006 -10.19999981,-33.435009 10.18162632 -10.19999981,-33.88382721 10.64177608 -10.19999981,-33.41014862 10.17976284 -10.19999981,-33.8850708 10.66667652 -10.19999981,-33.3852272 10.17914104 -10.19999981,-34.59999847 11.60000038 -10.19999981,-33.8850708 10.69160652 -10.19999981,-33.88382721 10.71650696 -10.19999981,-33.88134384 10.74131298 -10.19999981,-33.87762833 10.76596546 -10.19999981,-33.87268829 10.79040146 -10.19999981,-33.866539 10.81456184 -10.19999981,-33.85918808 10.83838463 -10.19999981,-33.85066223 10.86181164 -10.19999981,-33.84097672 10.8847847 -10.19999981,-33.83016205 10.90724659 -10.19999981,-33.8182373 10.92914104 -10.19999981,-33.80523682 10.95041466 -10.19999981,-33.79119492 10.97101307 -10.19999981,-33.77614212 10.99088669 -10.19999981,-33.76011658 11.00998402 -10.19999981,-33.74316025 11.02826023 -10.19999981,-33.72531128 11.04566765 -10.19999981,-33.70661926 11.06216335 -10.19999981,-33.68712616 11.07770729 -10.19999981,-33.66688538 11.09226131 -10.19999981,-33.64594269 11.10578728 -10.19999981,-33.6243515 11.1182518 -10.19999981,-33.60216904 11.12962627 -10.19999981,-33.57944489 11.13987923 -10.19999981,-34.59999847 12.10000038 -10.19999981,-33.55623627 11.14898777 -10.19999981,-33.53260422 11.15692806 -10.19999981,-33.50860596 11.16368008 -10.19999981,-33.48429871 11.1692276 -10.19999981,-33.45974731 11.17355728 -10.19999981,-33.435009 11.17665672 -10.19999981,-33.41014862 11.1785202 -10.19999981,-33.3852272 11.17914104 -10.19999981,34.59999847 -12.10000038 -10.19999981,33.3852272 -11.17914104 -10.19999981,33.55623627 -11.14898777 -10.19999981,33.57944489 -11.13987923 -10.19999981,33.53260422 -11.15692806 -10.19999981,33.50860596 -11.16368008 -10.19999981,33.48429871 -11.1692276 -10.19999981,33.45974731 -11.17355728 -10.19999981,33.435009 -11.17665672 -10.19999981,33.41014862 -11.1785202 -10.19999981,34.59999847 -11.60000038 -10.19999981,33.84097672 -10.8847847 -10.19999981,33.85066223 -10.86181164 -10.19999981,33.83016205 -10.90724659 -10.19999981,33.8182373 -10.92914104 -10.19999981,33.80523682 -10.95041466 -10.19999981,33.79119492 -10.97101307 -10.19999981,33.77614212 -10.99088669 -10.19999981,33.76011658 -11.00998402 -10.19999981,33.74316025 -11.02826023 -10.19999981,33.72531128 -11.04566765 -10.19999981,33.70661926 -11.06216335 -10.19999981,33.68712616 -11.07770729 -10.19999981,33.66688538 -11.09226131 -10.19999981,33.64594269 -11.10578728 -10.19999981,33.6243515 -11.1182518 -10.19999981,33.60216904 -11.12962627 -10.19999981,33.85918808 -10.83838463 -10.19999981,33.866539 -10.81456184 -10.19999981,33.87268829 -10.79040146 -10.19999981,33.87762833 -10.76596546 -10.19999981,33.88134384 -10.74131298 -10.19999981,33.88382721 -10.71650696 -10.19999981,33.8850708 -10.69160652 -10.19999981,33.8850708 -10.66667652 -10.19999981,35.09999847 -11.60000038 -10.19999981,33.80523682 -10.40786839 -10.19999981,33.79119492 -10.38726997 -10.19999981,33.8182373 -10.42914104 -10.19999981,33.83016205 -10.45103645 -10.19999981,33.84097672 -10.47349834 -10.19999981,33.85066223 -10.49647141 -10.19999981,33.85918808 -10.51989841 -10.19999981,33.866539 -10.5437212 -10.19999981,33.87268829 -10.56788063 -10.19999981,33.87762833 -10.59231758 -10.19999981,33.88134384 -10.61697006 -10.19999981,33.88382721 -10.64177608 -10.19999981,33 -8 -10.19999981,33.41014862 -10.17976284 -10.19999981,33.3852272 -10.17914104 -10.19999981,33.435009 -10.18162632 -10.19999981,33.45974731 -10.18472576 -10.19999981,33.48429871 -10.18905544 -10.19999981,33.50860596 -10.19460297 -10.19999981,33.53260422 -10.20135498 -10.19999981,33.55623627 -10.20929527 -10.19999981,33.57944489 -10.21840382 -10.19999981,33.60216904 -10.22865677 -10.19999981,33.6243515 -10.24003029 -10.19999981,33.64594269 -10.25249577 -10.19999981,33.66688538 -10.26602173 -10.19999981,33.68712616 -10.2805748 -10.19999981,33.70661926 -10.29611969 -10.19999981,33.72531128 -10.31261539 -10.19999981,33.74316025 -10.33002281 -10.19999981,33.76011658 -10.34829807 -10.19999981,33.77614212 -10.36739635 -10.19999981,33 8 -10.19999981,33.41014862 10.17976284 -10.19999981,33.3852272 10.17914104 -10.19999981,33.435009 10.18162632 -10.19999981,33.45974731 10.18472576 -10.19999981,33.48429871 10.18905544 -10.19999981,33.50860596 10.19460297 -10.19999981,33.53260422 10.20135498 -10.19999981,33.55623627 10.20929527 -10.19999981,33.57944489 10.21840382 -10.19999981,33.60216904 10.22865677 -10.19999981,33.6243515 10.24003029 -10.19999981,33.64594269 10.25249577 -10.19999981,33.66688538 10.26602173 -10.19999981,33.68712616 10.2805748 -10.19999981,33.70661926 10.29611969 -10.19999981,33.72531128 10.31261539 -10.19999981,33.74316025 10.33002281 -10.19999981,33.76011658 10.34829807 -10.19999981,33.77614212 10.36739635 -10.19999981,33.79119492 10.38726997 -10.19999981,34.59999847 11.60000038 -10.19999981,33.60216904 11.12962627 -10.19999981,33.57944489 11.13987923 -10.19999981,33.6243515 11.1182518 -10.19999981,33.64594269 11.10578728 -10.19999981,33.66688538 11.09226131 -10.19999981,33.68712616 11.07770729 -10.19999981,33.70661926 11.06216335 -10.19999981,33.72531128 11.04566765 -10.19999981,33.74316025 11.02826023 -10.19999981,33.76011658 11.00998402 -10.19999981,33.77614212 10.99088669 -10.19999981,33.79119492 10.97101307 -10.19999981,33.80523682 10.95041466 -10.19999981,33.8182373 10.92914104 -10.19999981,33.83016205 10.90724659 -10.19999981,33.84097672 10.8847847 -10.19999981,33.85066223 10.86181164 -10.19999981,33.85918808 10.83838463 -10.19999981,33.866539 10.81456184 -10.19999981,33.87268829 10.79040146 -10.19999981,33.87762833 10.76596546 -10.19999981,33.88134384 10.74131298 -10.19999981,33.88382721 10.71650696 -10.19999981,33.8850708 10.69160652 -10.19999981,33.8850708 10.66667652 -10.19999981,35.09999847 11.60000038 -10.19999981,33.88382721 10.64177608 -10.19999981,33.88134384 10.61697006 -10.19999981,33.87762833 10.59231758 -10.19999981,33.87268829 10.56788063 -10.19999981,33.866539 10.5437212 -10.19999981,33.85918808 10.51989841 -10.19999981,33.85066223 10.49647141 -10.19999981,33.84097672 10.47349834 -10.19999981,33.83016205 10.45103645 -10.19999981,33.8182373 10.42914104 -10.19999981,33.80523682 10.40786839 -10.19999981,34.59999847 12.10000038 -10.19999981,33.3852272 11.17914104 -10.19999981,33.41014862 11.1785202 -10.19999981,33.435009 11.17665672 -10.19999981,33.45974731 11.17355728 -10.19999981,33.48429871 11.1692276 -10.19999981,33.50860596 11.16368008 -10.19999981,33.53260422 11.15692806 -10.19999981,33.55623627 11.14898777 -10.19999981,-34.59999847 11.60000038 -1.60000002,-34.59999847 -11.60000038 -1.60000002,34.59999847 -11.60000038 -1.60000002,34.59999847 11.60000038 -1.60000002,-34.59999847 12.59939766 -9.72453403,34.59999847 12.59939766 -9.72453403,-34.59999847 12.59759235 -9.74900818,34.59999847 12.59759235 -9.74900818,-34.59999847 12.59458828 -9.77336502,34.59999847 12.59458828 -9.77336502,-34.59999847 12.59039307 -9.79754543,34.59999847 12.59039307 -9.79754543,-34.59999847 12.5850153 -9.82149029,34.59999847 12.5850153 -9.82149029,-34.59999847 12.57847023 -9.84514236,34.59999847 12.57847023 -9.84514236,-34.59999847 12.57077217 -9.8684454,34.59999847 12.57077217 -9.8684454,-34.59999847 12.56194019 -9.89134216,34.59999847 12.56194019 -9.89134216,-34.59999847 12.55199432 -9.91377735,34.59999847 12.55199432 -9.91377735,-34.59999847 12.54096031 -9.93569851,34.59999847 12.54096031 -9.93569851,-34.59999847 12.52886391 -9.95705128,34.59999847 12.52886391 -9.95705128,-34.59999847 12.51573467 -9.97778511,34.59999847 12.51573467 -9.97778511,-34.59999847 12.50160408 -9.99784946,34.59999847 12.50160408 -9.99784946,-34.59999847 12.48650551 -10.01719666,34.59999847 12.48650551 -10.01719666,-34.59999847 12.4704752 -10.03577995,34.59999847 12.4704752 -10.03577995,-34.59999847 12.4535532 -10.05355358,34.59999847 12.4535532 -10.05355358,-34.59999847 12.43577957 -10.07047558,34.59999847 12.43577957 -10.07047558,-34.59999847 12.41719627 -10.08650494,34.59999847 12.41719627 -10.08650494,-34.59999847 12.39785004 -10.10160351,34.59999847 12.39785004 -10.10160351,-34.59999847 12.37778473 -10.11573505,34.59999847 12.37778473 -10.11573505,-34.59999847 12.3570509 -10.12886429,34.59999847 12.3570509 -10.12886429,-34.59999847 12.33569813 -10.14096069,34.59999847 12.33569813 -10.14096069,-34.59999847 12.31377792 -10.15199471,34.59999847 12.31377792 -10.15199471,-34.59999847 12.29134178 -10.16193962,34.59999847 12.29134178 -10.16193962,-34.59999847 12.26844501 -10.1707716,34.59999847 12.26844501 -10.1707716,-34.59999847 12.24514198 -10.17847061,34.59999847 12.24514198 -10.17847061,-34.59999847 12.22148991 -10.18501568,34.59999847 12.22148991 -10.18501568,-34.59999847 12.19754505 -10.19039249,34.59999847 12.19754505 -10.19039249,-34.59999847 12.17336559 -10.19458866,34.59999847 12.17336559 -10.19458866,-34.59999847 12.14900875 -10.19759274,34.59999847 12.14900875 -10.19759274,-34.59999847 12.12453365 -10.19939804,34.59999847 12.12453365 -10.19939804,35.59939957 11.60000038 -9.72453403,35.59939957 -11.60000038 -9.72453403,35.5975914 11.60000038 -9.74900818,35.5975914 -11.60000038 -9.74900818,35.59458923 11.60000038 -9.77336502,35.59458923 -11.60000038 -9.77336502,35.59039307 11.60000038 -9.79754543,35.59039307 -11.60000038 -9.79754543,35.58501434 11.60000038 -9.82149029,35.58501434 -11.60000038 -9.82149029,35.57846832 11.60000038 -9.84514236,35.57846832 -11.60000038 -9.84514236,35.57077026 11.60000038 -9.8684454,35.57077026 -11.60000038 -9.8684454,35.56193924 11.60000038 -9.89134216,35.56193924 -11.60000038 -9.89134216,35.55199432 11.60000038 -9.91377735,35.55199432 -11.60000038 -9.91377735,35.54096222 11.60000038 -9.93569851,35.54096222 -11.60000038 -9.93569851,35.52886581 11.60000038 -9.95705128,35.52886581 -11.60000038 -9.95705128,35.51573563 11.60000038 -9.97778511,35.51573563 -11.60000038 -9.97778511,35.50160217 11.60000038 -9.99784946,35.50160217 -11.60000038 -9.99784946,35.4865036 11.60000038 -10.01719666,35.4865036 -11.60000038 -10.01719666,35.47047424 11.60000038 -10.03577995,35.47047424 -11.60000038 -10.03577995,35.45355225 11.60000038 -10.05355358,35.45355225 -11.60000038 -10.05355358,35.43577957 11.60000038 -10.07047558,35.43577957 -11.60000038 -10.07047558,35.41719818 11.60000038 -10.08650494,35.41719818 -11.60000038 -10.08650494,35.39785004 11.60000038 -10.10160351,35.39785004 -11.60000038 -10.10160351,35.37778473 11.60000038 -10.11573505,35.37778473 -11.60000038 -10.11573505,35.35705185 11.60000038 -10.12886429,35.35705185 -11.60000038 -10.12886429,35.33569717 11.60000038 -10.14096069,35.33569717 -11.60000038 -10.14096069,35.31377792 11.60000038 -10.15199471,35.31377792 -11.60000038 -10.15199471,35.29133987 11.60000038 -10.16193962,35.29133987 -11.60000038 -10.16193962,35.26844406 11.60000038 -10.1707716,35.26844406 -11.60000038 -10.1707716,35.24514389 11.60000038 -10.17847061,35.24514389 -11.60000038 -10.17847061,35.22148895 11.60000038 -10.18501568,35.22148895 -11.60000038 -10.18501568,35.1975441 11.60000038 -10.19039249,35.1975441 -11.60000038 -10.19039249,35.17336655 11.60000038 -10.19458866,35.17336655 -11.60000038 -10.19458866,35.1490097 11.60000038 -10.19759274,35.1490097 -11.60000038 -10.19759274,35.12453461 11.60000038 -10.19939804,35.12453461 -11.60000038 -10.19939804,-35.59939957 -11.60000038 -9.72453403,-35.59939957 11.60000038 -9.72453403,-35.5975914 -11.60000038 -9.74900818,-35.5975914 11.60000038 -9.74900818,-35.59458923 -11.60000038 -9.77336502,-35.59458923 11.60000038 -9.77336502,-35.59039307 -11.60000038 -9.79754543,-35.59039307 11.60000038 -9.79754543,-35.58501434 -11.60000038 -9.82149029,-35.58501434 11.60000038 -9.82149029,-35.57846832 -11.60000038 -9.84514236,-35.57846832 11.60000038 -9.84514236,-35.57077026 -11.60000038 -9.8684454,-35.57077026 11.60000038 -9.8684454,-35.56193924 -11.60000038 -9.89134216,-35.56193924 11.60000038 -9.89134216,-35.55199432 -11.60000038 -9.91377735,-35.55199432 11.60000038 -9.91377735,-35.54096222 -11.60000038 -9.93569851,-35.54096222 11.60000038 -9.93569851,-35.52886581 -11.60000038 -9.95705128,-35.52886581 11.60000038 -9.95705128,-35.51573563 -11.60000038 -9.97778511,-35.51573563 11.60000038 -9.97778511,-35.50160217 -11.60000038 -9.99784946,-35.50160217 11.60000038 -9.99784946,-35.4865036 -11.60000038 -10.01719666,-35.4865036 11.60000038 -10.01719666,-35.47047424 -11.60000038 -10.03577995,-35.47047424 11.60000038 -10.03577995,-35.45355225 -11.60000038 -10.05355358,-35.45355225 11.60000038 -10.05355358,-35.43577957 -11.60000038 -10.07047558,-35.43577957 11.60000038 -10.07047558,-35.41719818 -11.60000038 -10.08650494,-35.41719818 11.60000038 -10.08650494,-35.39785004 -11.60000038 -10.10160351,-35.39785004 11.60000038 -10.10160351,-35.37778473 -11.60000038 -10.11573505,-35.37778473 11.60000038 -10.11573505,-35.35705185 -11.60000038 -10.12886429,-35.35705185 11.60000038 -10.12886429,-35.33569717 -11.60000038 -10.14096069,-35.33569717 11.60000038 -10.14096069,-35.31377792 -11.60000038 -10.15199471,-35.31377792 11.60000038 -10.15199471,-35.29133987 -11.60000038 -10.16193962,-35.29133987 11.60000038 -10.16193962,-35.26844406 -11.60000038 -10.1707716,-35.26844406 11.60000038 -10.1707716,-35.24514389 -11.60000038 -10.17847061,-35.24514389 11.60000038 -10.17847061,-35.22148895 -11.60000038 -10.18501568,-35.22148895 11.60000038 -10.18501568,-35.1975441 -11.60000038 -10.19039249,-35.1975441 11.60000038 -10.19039249,-35.17336655 -11.60000038 -10.19458866,-35.17336655 11.60000038 -10.19458866,-35.1490097 -11.60000038 -10.19759274,-35.1490097 11.60000038 -10.19759274,-35.12453461 -11.60000038 -10.19939804,-35.12453461 11.60000038 -10.19939804,34.59999847 -12.59939766 -9.72453403,-34.59999847 -12.59939766 -9.72453403,34.59999847 -12.59759235 -9.74900818,-34.59999847 -12.59759235 -9.74900818,34.59999847 -12.59458828 -9.77336502,-34.59999847 -12.59458828 -9.77336502,34.59999847 -12.59039307 -9.79754543,-34.59999847 -12.59039307 -9.79754543,34.59999847 -12.5850153 -9.82149029,-34.59999847 -12.5850153 -9.82149029,34.59999847 -12.57847023 -9.84514236,-34.59999847 -12.57847023 -9.84514236,34.59999847 -12.57077217 -9.8684454,-34.59999847 -12.57077217 -9.8684454,34.59999847 -12.56194019 -9.89134216,-34.59999847 -12.56194019 -9.89134216,34.59999847 -12.55199432 -9.91377735,-34.59999847 -12.55199432 -9.91377735,34.59999847 -12.54096031 -9.93569851,-34.59999847 -12.54096031 -9.93569851,34.59999847 -12.52886391 -9.95705128,-34.59999847 -12.52886391 -9.95705128,34.59999847 -12.51573467 -9.97778511,-34.59999847 -12.51573467 -9.97778511,34.59999847 -12.50160408 -9.99784946,-34.59999847 -12.50160408 -9.99784946,34.59999847 -12.48650551 -10.01719666,-34.59999847 -12.48650551 -10.01719666,34.59999847 -12.4704752 -10.03577995,-34.59999847 -12.4704752 -10.03577995,34.59999847 -12.4535532 -10.05355358,-34.59999847 -12.4535532 -10.05355358,34.59999847 -12.43577957 -10.07047558,-34.59999847 -12.43577957 -10.07047558,34.59999847 -12.41719627 -10.08650494,-34.59999847 -12.41719627 -10.08650494,34.59999847 -12.39785004 -10.10160351,-34.59999847 -12.39785004 -10.10160351,34.59999847 -12.37778473 -10.11573505,-34.59999847 -12.37778473 -10.11573505,34.59999847 -12.3570509 -10.12886429,-34.59999847 -12.3570509 -10.12886429,34.59999847 -12.33569813 -10.14096069,-34.59999847 -12.33569813 -10.14096069,34.59999847 -12.31377792 -10.15199471,-34.59999847 -12.31377792 -10.15199471,34.59999847 -12.29134178 -10.16193962,-34.59999847 -12.29134178 -10.16193962,34.59999847 -12.26844501 -10.1707716,-34.59999847 -12.26844501 -10.1707716,34.59999847 -12.24514198 -10.17847061,-34.59999847 -12.24514198 -10.17847061,34.59999847 -12.22148991 -10.18501568,-34.59999847 -12.22148991 -10.18501568,34.59999847 -12.19754505 -10.19039249,-34.59999847 -12.19754505 -10.19039249,34.59999847 -12.17336559 -10.19458866,-34.59999847 -12.17336559 -10.19458866,34.59999847 -12.14900875 -10.19759274,-34.59999847 -12.14900875 -10.19759274,34.59999847 -12.12453365 -10.19939804,-34.59999847 -12.12453365 -10.19939804,-33 8 -10.10000038,-33 -8 -10.10000038,33 -8 -10.10000038,33 8 -10.10000038,33.3852272 11.17914104 -10.10000038,33.41014862 11.1785202 -10.10000038,33.435009 11.17665672 -10.10000038,33.45974731 11.17355728 -10.10000038,33.48429871 11.1692276 -10.10000038,33.50860596 11.16368008 -10.10000038,33.53260422 11.15692806 -10.10000038,33.55623627 11.14898777 -10.10000038,33.57944489 11.13987923 -10.10000038,33.60216904 11.12962627 -10.10000038,33.6243515 11.1182518 -10.10000038,33.64594269 11.10578728 -10.10000038,33.66688538 11.09226131 -10.10000038,33.68712616 11.07770729 -10.10000038,33.70661926 11.06216335 -10.10000038,33.72531128 11.04566765 -10.10000038,33.74316025 11.02826023 -10.10000038,33.76011658 11.00998402 -10.10000038,33.77614212 10.99088669 -10.10000038,33.79119492 10.97101307 -10.10000038,33.80523682 10.95041466 -10.10000038,33.8182373 10.92914104 -10.10000038,33.83016205 10.90724659 -10.10000038,33.84097672 10.8847847 -10.10000038,33.85066223 10.86181164 -10.10000038,33.85918808 10.83838463 -10.10000038,33.866539 10.81456184 -10.10000038,33.87268829 10.79040146 -10.10000038,33.87762833 10.76596546 -10.10000038,33.88134384 10.74131298 -10.10000038,33.88382721 10.71650696 -10.10000038,33.8850708 10.69160652 -10.10000038,33.8850708 10.66667652 -10.10000038,33.88382721 10.64177608 -10.10000038,33.88134384 10.61697006 -10.10000038,33.87762833 10.59231758 -10.10000038,33.87268829 10.56788063 -10.10000038,33.866539 10.5437212 -10.10000038,33.85918808 10.51989841 -10.10000038,33.85066223 10.49647141 -10.10000038,33.84097672 10.47349834 -10.10000038,33.83016205 10.45103645 -10.10000038,33.8182373 10.42914104 -10.10000038,33.80523682 10.40786839 -10.10000038,33.79119492 10.38726997 -10.10000038,33.77614212 10.36739635 -10.10000038,33.76011658 10.34829807 -10.10000038,33.74316025 10.33002281 -10.10000038,33.72531128 10.31261539 -10.10000038,33.70661926 10.29611969 -10.10000038,33.68712616 10.2805748 -10.10000038,33.66688538 10.26602173 -10.10000038,33.64594269 10.25249577 -10.10000038,33.6243515 10.24003029 -10.10000038,33.60216904 10.22865677 -10.10000038,33.57944489 10.21840382 -10.10000038,33.55623627 10.20929527 -10.10000038,33.53260422 10.20135498 -10.10000038,33.50860596 10.19460297 -10.10000038,33.48429871 10.18905544 -10.10000038,33.45974731 10.18472576 -10.10000038,33.435009 10.18162632 -10.10000038,33.41014862 10.17976284 -10.10000038,33.3852272 10.17914104 -10.10000038,-33.3852272 11.17914104 -10.10000038,-33.3852272 10.17914104 -10.10000038,-33.41014862 10.17976284 -10.10000038,-33.435009 10.18162632 -10.10000038,-33.45974731 10.18472576 -10.10000038,-33.48429871 10.18905544 -10.10000038,-33.50860596 10.19460297 -10.10000038,-33.53260422 10.20135498 -10.10000038,-33.55623627 10.20929527 -10.10000038,-33.57944489 10.21840382 -10.10000038,-33.60216904 10.22865677 -10.10000038,-33.6243515 10.24003029 -10.10000038,-33.64594269 10.25249577 -10.10000038,-33.66688538 10.26602173 -10.10000038,-33.68712616 10.2805748 -10.10000038,-33.70661926 10.29611969 -10.10000038,-33.72531128 10.31261539 -10.10000038,-33.74316025 10.33002281 -10.10000038,-33.76011658 10.34829807 -10.10000038,-33.77614212 10.36739635 -10.10000038,-33.79119492 10.38726997 -10.10000038,-33.80523682 10.40786839 -10.10000038,-33.8182373 10.42914104 -10.10000038,-33.83016205 10.45103645 -10.10000038,-33.84097672 10.47349834 -10.10000038,-33.85066223 10.49647141 -10.10000038,-33.85918808 10.51989841 -10.10000038,-33.866539 10.5437212 -10.10000038,-33.87268829 10.56788063 -10.10000038,-33.87762833 10.59231758 -10.10000038,-33.88134384 10.61697006 -10.10000038,-33.88382721 10.64177608 -10.10000038,-33.8850708 10.66667652 -10.10000038,-33.8850708 10.69160652 -10.10000038,-33.88382721 10.71650696 -10.10000038,-33.88134384 10.74131298 -10.10000038,-33.87762833 10.76596546 -10.10000038,-33.87268829 10.79040146 -10.10000038,-33.866539 10.81456184 -10.10000038,-33.85918808 10.83838463 -10.10000038,-33.85066223 10.86181164 -10.10000038,-33.84097672 10.8847847 -10.10000038,-33.83016205 10.90724659 -10.10000038,-33.8182373 10.92914104 -10.10000038,-33.80523682 10.95041466 -10.10000038,-33.79119492 10.97101307 -10.10000038,-33.77614212 10.99088669 -10.10000038,-33.76011658 11.00998402 -10.10000038,-33.74316025 11.02826023 -10.10000038,-33.72531128 11.04566765 -10.10000038,-33.70661926 11.06216335 -10.10000038,-33.68712616 11.07770729 -10.10000038,-33.66688538 11.09226131 -10.10000038,-33.64594269 11.10578728 -10.10000038,-33.6243515 11.1182518 -10.10000038,-33.60216904 11.12962627 -10.10000038,-33.57944489 11.13987923 -10.10000038,-33.55623627 11.14898777 -10.10000038,-33.53260422 11.15692806 -10.10000038,-33.50860596 11.16368008 -10.10000038,-33.48429871 11.1692276 -10.10000038,-33.45974731 11.17355728 -10.10000038,-33.435009 11.17665672 -10.10000038,-33.41014862 11.1785202 -10.10000038,33.3852272 -10.17914104 -10.10000038,33.41014862 -10.17976284 -10.10000038,33.435009 -10.18162632 -10.10000038,33.45974731 -10.18472576 -10.10000038,33.48429871 -10.18905544 -10.10000038,33.50860596 -10.19460297 -10.10000038,33.53260422 -10.20135498 -10.10000038,33.55623627 -10.20929527 -10.10000038,33.57944489 -10.21840382 -10.10000038,33.60216904 -10.22865677 -10.10000038,33.6243515 -10.24003029 -10.10000038,33.64594269 -10.25249577 -10.10000038,33.66688538 -10.26602173 -10.10000038,33.68712616 -10.2805748 -10.10000038,33.70661926 -10.29611969 -10.10000038,33.72531128 -10.31261539 -10.10000038,33.74316025 -10.33002281 -10.10000038,33.76011658 -10.34829807 -10.10000038,33.77614212 -10.36739635 -10.10000038,33.79119492 -10.38726997 -10.10000038,33.80523682 -10.40786839 -10.10000038,33.8182373 -10.42914104 -10.10000038,33.83016205 -10.45103645 -10.10000038,33.84097672 -10.47349834 -10.10000038,33.85066223 -10.49647141 -10.10000038,33.85918808 -10.51989841 -10.10000038,33.866539 -10.5437212 -10.10000038,33.87268829 -10.56788063 -10.10000038,33.87762833 -10.59231758 -10.10000038,33.88134384 -10.61697006 -10.10000038,33.88382721 -10.64177608 -10.10000038,33.8850708 -10.66667652 -10.10000038,33.8850708 -10.69160652 -10.10000038,33.88382721 -10.71650696 -10.10000038,33.88134384 -10.74131298 -10.10000038,33.87762833 -10.76596546 -10.10000038,33.87268829 -10.79040146 -10.10000038,33.866539 -10.81456184 -10.10000038,33.85918808 -10.83838463 -10.10000038,33.85066223 -10.86181164 -10.10000038,33.84097672 -10.8847847 -10.10000038,33.83016205 -10.90724659 -10.10000038,33.8182373 -10.92914104 -10.10000038,33.80523682 -10.95041466 -10.10000038,33.79119492 -10.97101307 -10.10000038,33.77614212 -10.99088669 -10.10000038,33.76011658 -11.00998402 -10.10000038,33.74316025 -11.02826023 -10.10000038,33.72531128 -11.04566765 -10.10000038,33.70661926 -11.06216335 -10.10000038,33.68712616 -11.07770729 -10.10000038,33.66688538 -11.09226131 -10.10000038,33.64594269 -11.10578728 -10.10000038,33.6243515 -11.1182518 -10.10000038,33.60216904 -11.12962627 -10.10000038,33.57944489 -11.13987923 -10.10000038,33.55623627 -11.14898777 -10.10000038,33.53260422 -11.15692806 -10.10000038,33.50860596 -11.16368008 -10.10000038,33.48429871 -11.1692276 -10.10000038,33.45974731 -11.17355728 -10.10000038,33.435009 -11.17665672 -10.10000038,33.41014862 -11.1785202 -10.10000038,33.3852272 -11.17914104 -10.10000038,-33.3852272 -10.17914104 -10.10000038,-33.3852272 -11.17914104 -10.10000038,-33.41014862 -11.1785202 -10.10000038,-33.435009 -11.17665672 -10.10000038,-33.45974731 -11.17355728 -10.10000038,-33.48429871 -11.1692276 -10.10000038,-33.50860596 -11.16368008 -10.10000038,-33.53260422 -11.15692806 -10.10000038,-33.55623627 -11.14898777 -10.10000038,-33.57944489 -11.13987923 -10.10000038,-33.60216904 -11.12962627 -10.10000038,-33.6243515 -11.1182518 -10.10000038,-33.64594269 -11.10578728 -10.10000038,-33.66688538 -11.09226131 -10.10000038,-33.68712616 -11.07770729 -10.10000038,-33.70661926 -11.06216335 -10.10000038,-33.72531128 -11.04566765 -10.10000038,-33.74316025 -11.02826023 -10.10000038,-33.76011658 -11.00998402 -10.10000038,-33.77614212 -10.99088669 -10.10000038,-33.79119492 -10.97101307 -10.10000038,-33.80523682 -10.95041466 -10.10000038,-33.8182373 -10.92914104 -10.10000038,-33.83016205 -10.90724659 -10.10000038,-33.84097672 -10.8847847 -10.10000038,-33.85066223 -10.86181164 -10.10000038,-33.85918808 -10.83838463 -10.10000038,-33.866539 -10.81456184 -10.10000038,-33.87268829 -10.79040146 -10.10000038,-33.87762833 -10.76596546 -10.10000038,-33.88134384 -10.74131298 -10.10000038,-33.88382721 -10.71650696 -10.10000038,-33.8850708 -10.69160652 -10.10000038,-33.8850708 -10.66667652 -10.10000038,-33.88382721 -10.64177608 -10.10000038,-33.88134384 -10.61697006 -10.10000038,-33.87762833 -10.59231758 -10.10000038,-33.87268829 -10.56788063 -10.10000038,-33.866539 -10.5437212 -10.10000038,-33.85918808 -10.51989841 -10.10000038,-33.85066223 -10.49647141 -10.10000038,-33.84097672 -10.47349834 -10.10000038,-33.83016205 -10.45103645 -10.10000038,-33.8182373 -10.42914104 -10.10000038,-33.80523682 -10.40786839 -10.10000038,-33.79119492 -10.38726997 -10.10000038,-33.77614212 -10.36739635 -10.10000038,-33.76011658 -10.34829807 -10.10000038,-33.74316025 -10.33002281 -10.10000038,-33.72531128 -10.31261539 -10.10000038,-33.70661926 -10.29611969 -10.10000038,-33.68712616 -10.2805748 -10.10000038,-33.66688538 -10.26602173 -10.10000038,-33.64594269 -10.25249577 -10.10000038,-33.6243515 -10.24003029 -10.10000038,-33.60216904 -10.22865677 -10.10000038,-33.57944489 -10.21840382 -10.10000038,-33.55623627 -10.20929527 -10.10000038,-33.53260422 -10.20135498 -10.10000038,-33.50860596 -10.19460297 -10.10000038,-33.48429871 -10.18905544 -10.10000038,-33.45974731 -10.18472576 -10.10000038,-33.435009 -10.18162632 -10.10000038,-33.41014862 -10.17976284 -10.10000038,15 -4.8054781 0.23250899,14.73851109 -5.23943424 -0,15 -5.24595547 -0,14.73851109 5.23943424 0,15 4.8054781 0.23250899,15 5.24595547 0,14.31577778 -4.91403389 0.15315172,13.9605341 -5.14194107 -0,14.21813107 -5.18736219 -0,14.47767162 -5.21988726 -0,14.31577778 -4.25480556 0.46428519,15 -4.35472059 0.44440201,15 -3.8946476 0.63522577,13.63432121 -4.5592351 0.25535735,13.20577717 -4.92958546 -0,13.45372772 -5.01289225 -0,13.70552158 -5.08373642 -0,14.31577778 -3.57600212 0.73001415,15 -3.42624307 0.80457205,13.63432121 -3.89389443 0.54220402,12.95838261 -4.18610001 0.30492273,12.49110126 -4.60711098 -0,12.72386551 -4.72644234 -0,12.9622879 -4.834023 -0,14.31577778 -2.88074636 0.94911611,15 -2.95050931 0.95207858,15 -2.46846366 1.07742989,12.29069424 -4.44850349 0.02073939,12.04484844 -4.33441162 -0,12.26457405 -4.47632599 -0,13.63432121 -3.210639 0.78328776,12.95838261 -3.51825762 0.56636077,14.31577778 -2.17223716 1.12058294,15 -1.98113751 1.18035769,12.29069424 -3.79932213 0.30061936,11.62796497 -4.0186348 -0,11.83246899 -4.18172169 -0,13.63432121 -2.51261258 0.97749937,12.95838261 -2.83422875 0.78192472,14.31577778 -1.45373428 1.24362588,15 -1.48957336 1.26064193,15 -0.99482274 1.3181107,12.29069424 -3.1326611 0.53584778,13.63432121 -1.80302608 1.12394536,11.63395405 -3.40370131 0.24169666,11.06668091 -3.47117448 -0,11.24459457 -3.66291928 -0,11.43184376 -3.84555745 -0,12.95838261 -2.13716054 0.9506228,14.31577778 -0.72854304 1.31767881,15 -0.49794397 1.35264134,12.29069424 -2.45158768 0.72534251,13.63432121 -1.0851444 1.22195196,11.63395405 -2.74194479 0.45024171,12.95838261 -1.4302597 1.07167888,14.31577778 -0 1.34240103,15 -0 1.3641597,15 0.49794397 1.35264134,10.99081707 -3.00409794 0.12788981,10.59326172 -2.84617352 -0,10.74060917 -3.06229329 -0,10.89854717 -3.27079964 -0,12.29069424 -1.75923538 0.86823171,13.63432121 -0.36227039 1.27106822,11.63395405 -2.06757331 0.61344689,12.95838261 -0.7167787 1.14453602,14.31577778 0.72854304 1.31767881,15 0.99482274 1.3181107,10.99081707 -2.35097551 0.30960774,10.33177185 -2.39326072 -0,10.45686913 -2.62297773 -0,12.29069424 -1.05878913 0.96385795,13.63432121 0.36227039 1.27106822,11.63395405 -1.38368964 0.73056132,12.95838261 -0 1.168859,14.31577778 1.45373428 1.24362588,15 1.48957336 1.26064193,15 1.98113751 1.18035769,10.99081707 -1.68703699 0.44663277,12.29069424 -0.35347179 1.01178133,13.63432121 1.0851444 1.22195196,10.36388016 -1.96459973 0.1144999,10.027215 -1.67076671 -0,10.11667824 -1.91656268 -0,10.21828079 -2.15759373 -0,11.63395405 -0.69344002 0.80104619,12.95838261 0.7167787 1.14453602,14.31577778 2.17223716 1.12058294,15 2.46846366 1.07742989,10.99081707 -1.01533687 0.53833455,12.29069424 0.35347179 1.01178133,13.63432121 1.80302608 1.12394536,10.36388016 -1.31477618 0.22578155,9.83374214 -0.9109506 -0,9.88557148 -1.16733491 -0,9.95011616 -1.42081702 -0,11.63395405 -0 0.82457721,12.95838261 1.4302597 1.07167888,14.31577778 2.88074636 0.94911611,15 2.95050931 0.95207858,15 3.42624307 0.80457205,10.99081707 -0.33896545 0.58429116,12.29069424 1.05878913 0.96385795,13.63432121 2.51261258 0.97749937,10.36388016 -0.65890384 0.29275599,9.768713 -0.39203075 -0,9.79475689 -0.65230155 -0,11.63395405 0.69344002 0.80104619,12.95838261 2.13716054 0.9506228,14.31577778 3.57600212 0.73001415,15 3.8946476 0.63522577,10.99081707 0.33896545 0.58429116,12.29069424 1.75923538 0.86823171,13.63432121 3.210639 0.78328776,10.36388016 -0 0.31511509,9.768713 0.39203075 0,9.75567532 0.1307853 0,9.75567532 -0.1307853 -0,11.63395405 1.38368964 0.73056132,12.95838261 2.83422875 0.78192472,14.31577778 4.25480556 0.46428519,15 4.35472059 0.44440201,10.99081707 1.01533687 0.53833455,12.29069424 2.45158768 0.72534251,13.63432121 3.89389443 0.54220402,10.36388016 0.65890384 0.29275599,9.83374214 0.9109506 0,9.79475689 0.65230155 0,11.63395405 2.06757331 0.61344689,12.95838261 3.51825762 0.56636077,14.31577778 4.91403389 0.15315172,14.47767162 5.21988726 0,14.21813107 5.18736219 0,13.9605341 5.14194107 0,10.99081707 1.68703699 0.44663277,12.29069424 3.1326611 0.53584778,13.63432121 4.5592351 0.25535735,13.70552158 5.08373642 0,13.45372772 5.01289225 0,13.20577717 4.92958546 0,10.36388016 1.31477618 0.22578155,10.027215 1.67076671 0,9.95011616 1.42081702 0,9.88557148 1.16733491 0,11.63395405 2.74194479 0.45024171,12.95838261 4.18610001 0.30492273,12.9622879 4.834023 0,12.72386551 4.72644234 0,12.49110126 4.60711098 0,10.99081707 2.35097551 0.30960774,10.59326172 2.84617352 0,10.45686913 2.62297773 0,10.33177185 2.39326072 0,12.29069424 3.79932213 0.30061936,12.04484844 4.33441162 0,11.83246899 4.18172169 0,11.62796497 4.0186348 0,10.36388016 1.96459973 0.1144999,10.21828079 2.15759373 0,10.11667824 1.91656268 0,11.63395405 3.40370131 0.24169666,11.43184376 3.84555745 0,11.24459457 3.66291928 0,11.06668091 3.47117448 0,10.99081707 3.00409794 0.12788981,10.89854717 3.27079964 0,10.74060917 3.06229329 0,12.29069424 4.44850349 0.02073939,12.26457405 4.47632599 0,15.26148891 -5.23943424 -0,16.03946495 -5.14194107 -0,15.52232838 -5.21988726 -0,15.78186893 -5.18736219 -0,16.54627228 -5.01289225 -0,16.29447746 -5.08373642 -0,16.79422188 -4.92958546 -0,17.27613449 -4.72644234 -0,17.0377121 -4.834023 -0,17.73542595 -4.47632599 -0,17.50889969 -4.60711098 -0,18.75540543 -3.66291928 -0,18.37203598 -4.0186348 -0,18.16753197 -4.18172169 -0,18.56815529 -3.84555745 -0,19.25938988 -3.06229329 -0,17.95515251 -4.33441162 -0,18.93331909 -3.47117448 -0,19.10145378 -3.27079964 -0,19.78171921 -2.15759373 -0,19.54313087 -2.62297773 -0,19.40673828 -2.84617352 -0,19.66822815 -2.39326072 -0,19.88332176 -1.91656268 -0,19.97278404 -1.67076671 -0,20.0498848 -1.42081702 -0,20.24432564 -0.1307853 -0,20.11442757 -1.16733491 -0,20.16625786 -0.9109506 -0,20.20524216 -0.65230155 -0,20.231287 -0.39203075 -0,15.26148891 5.23943424 0,15.52232838 5.21988726 0,20.20524216 0.65230155 0,20.231287 0.39203075 0,20.24432564 0.1307853 0,15.78186893 5.18736219 0,20.11442757 1.16733491 0,20.16625786 0.9109506 0,16.29447746 5.08373642 0,16.03946495 5.14194107 0,20.0498848 1.42081702 0,16.54627228 5.01289225 0,19.97278404 1.67076671 0,19.88332176 1.91656268 0,19.66822815 2.39326072 0,19.78171921 2.15759373 0,17.50889969 4.60711098 0,17.0377121 4.834023 0,17.27613449 4.72644234 0,16.79422188 4.92958546 0,19.40673828 2.84617352 0,19.54313087 2.62297773 0,17.95515251 4.33441162 0,17.73542595 4.47632599 0,19.25938988 3.06229329 0,18.93331909 3.47117448 0,19.10145378 3.27079964 0,18.16753197 4.18172169 0,18.37203598 4.0186348 0,18.75540543 3.66291928 0,18.56815529 3.84555745 0,17.70930481 -4.44850349 0.02073939,19.00918388 -3.00409794 0.12788981,18.366045 -3.40370131 0.24169666,19.63611984 -1.96459973 0.1144999,17.70930481 -3.79932213 0.30061936,19.00918388 -2.35097551 0.30960774,17.04161835 -4.18610001 0.30492273,18.366045 -2.74194479 0.45024171,19.63611984 -1.31477618 0.22578155,16.36567879 -4.5592351 0.25535735,17.70930481 -3.1326611 0.53584778,19.00918388 -1.68703699 0.44663277,15.68422222 -4.91403389 0.15315172,17.04161835 -3.51825762 0.56636077,18.366045 -2.06757331 0.61344689,19.63611984 -0.65890384 0.29275599,16.36567879 -3.89389443 0.54220402,17.70930481 -2.45158768 0.72534251,19.00918388 -1.01533687 0.53833455,15.68422222 -4.25480556 0.46428519,17.04161835 -2.83422875 0.78192472,18.366045 -1.38368964 0.73056132,19.63611984 -0 0.31511509,16.36567879 -3.210639 0.78328776,17.70930481 -1.75923538 0.86823171,19.00918388 -0.33896545 0.58429116,15.68422222 -3.57600212 0.73001415,17.04161835 -2.13716054 0.9506228,18.366045 -0.69344002 0.80104619,19.63611984 0.65890384 0.29275599,16.36567879 -2.51261258 0.97749937,17.70930481 -1.05878913 0.96385795,19.00918388 0.33896545 0.58429116,15.68422222 -2.88074636 0.94911611,17.04161835 -1.4302597 1.07167888,18.366045 -0 0.82457721,19.63611984 1.31477618 0.22578155,16.36567879 -1.80302608 1.12394536,17.70930481 -0.35347179 1.01178133,19.00918388 1.01533687 0.53833455,15.68422222 -2.17223716 1.12058294,17.04161835 -0.7167787 1.14453602,18.366045 0.69344002 0.80104619,19.63611984 1.96459973 0.1144999,16.36567879 -1.0851444 1.22195196,17.70930481 0.35347179 1.01178133,19.00918388 1.68703699 0.44663277,15.68422222 -1.45373428 1.24362588,17.04161835 -0 1.168859,18.366045 1.38368964 0.73056132,16.36567879 -0.36227039 1.27106822,17.70930481 1.05878913 0.96385795,19.00918388 2.35097551 0.30960774,15.68422222 -0.72854304 1.31767881,17.04161835 0.7167787 1.14453602,18.366045 2.06757331 0.61344689,16.36567879 0.36227039 1.27106822,17.70930481 1.75923538 0.86823171,19.00918388 3.00409794 0.12788981,15.68422222 -0 1.34240103,17.04161835 1.4302597 1.07167888,18.366045 2.74194479 0.45024171,16.36567879 1.0851444 1.22195196,17.70930481 2.45158768 0.72534251,15.68422222 0.72854304 1.31767881,17.04161835 2.13716054 0.9506228,18.366045 3.40370131 0.24169666,16.36567879 1.80302608 1.12394536,17.70930481 3.1326611 0.53584778,15.68422222 1.45373428 1.24362588,17.04161835 2.83422875 0.78192472,16.36567879 2.51261258 0.97749937,17.70930481 3.79932213 0.30061936,15.68422222 2.17223716 1.12058294,17.04161835 3.51825762 0.56636077,16.36567879 3.210639 0.78328776,17.70930481 4.44850349 0.02073939,15.68422222 2.88074636 0.94911611,17.04161835 4.18610001 0.30492273,16.36567879 3.89389443 0.54220402,15.68422222 3.57600212 0.73001415,16.36567879 4.5592351 0.25535735,15.68422222 4.25480556 0.46428519,15.68422222 4.91403389 0.15315172,-15 -4.8054781 0.23250899,-15.26148891 -5.23943424 -0,-15 -5.24595547 -0,-15.26148891 5.23943424 0,-15 4.8054781 0.23250899,-15 5.24595547 0,-15.68422222 -4.91403389 0.15315172,-15.52232838 -5.21988726 -0,-15.78186893 -5.18736219 -0,-16.03946495 -5.14194107 -0,-15.68422222 -4.25480556 0.46428519,-15 -4.35472059 0.44440201,-15 -3.8946476 0.63522577,-16.36567879 -4.5592351 0.25535735,-16.29447746 -5.08373642 -0,-16.54627228 -5.01289225 -0,-16.79422188 -4.92958546 -0,-15.68422222 -3.57600212 0.73001415,-15 -3.42624307 0.80457205,-16.36567879 -3.89389443 0.54220402,-17.04161835 -4.18610001 0.30492273,-17.0377121 -4.834023 -0,-17.27613449 -4.72644234 -0,-17.50889969 -4.60711098 -0,-15.68422222 -2.88074636 0.94911611,-15 -2.95050931 0.95207858,-15 -2.46846366 1.07742989,-17.70930481 -4.44850349 0.02073939,-17.73542595 -4.47632599 -0,-17.95515251 -4.33441162 -0,-16.36567879 -3.210639 0.78328776,-17.04161835 -3.51825762 0.56636077,-15.68422222 -2.17223716 1.12058294,-15 -1.98113751 1.18035769,-17.70930481 -3.79932213 0.30061936,-18.16753197 -4.18172169 -0,-18.37203598 -4.0186348 -0,-16.36567879 -2.51261258 0.97749937,-17.04161835 -2.83422875 0.78192472,-15.68422222 -1.45373428 1.24362588,-15 -1.48957336 1.26064193,-15 -0.99482274 1.3181107,-17.70930481 -3.1326611 0.53584778,-16.36567879 -1.80302608 1.12394536,-18.366045 -3.40370131 0.24169666,-18.56815529 -3.84555745 -0,-18.75540543 -3.66291928 -0,-18.93331909 -3.47117448 -0,-17.04161835 -2.13716054 0.9506228,-15.68422222 -0.72854304 1.31767881,-15 -0.49794397 1.35264134,-17.70930481 -2.45158768 0.72534251,-16.36567879 -1.0851444 1.22195196,-18.366045 -2.74194479 0.45024171,-17.04161835 -1.4302597 1.07167888,-15.68422222 -0 1.34240103,-15 -0 1.3641597,-15 0.49794397 1.35264134,-19.00918388 -3.00409794 0.12788981,-19.10145378 -3.27079964 -0,-19.25938988 -3.06229329 -0,-19.40673828 -2.84617352 -0,-17.70930481 -1.75923538 0.86823171,-16.36567879 -0.36227039 1.27106822,-18.366045 -2.06757331 0.61344689,-17.04161835 -0.7167787 1.14453602,-15.68422222 0.72854304 1.31767881,-15 0.99482274 1.3181107,-19.00918388 -2.35097551 0.30960774,-19.54313087 -2.62297773 -0,-19.66822815 -2.39326072 -0,-17.70930481 -1.05878913 0.96385795,-16.36567879 0.36227039 1.27106822,-18.366045 -1.38368964 0.73056132,-17.04161835 -0 1.168859,-15.68422222 1.45373428 1.24362588,-15 1.48957336 1.26064193,-15 1.98113751 1.18035769,-19.00918388 -1.68703699 0.44663277,-17.70930481 -0.35347179 1.01178133,-16.36567879 1.0851444 1.22195196,-19.63611984 -1.96459973 0.1144999,-19.78171921 -2.15759373 -0,-19.88332176 -1.91656268 -0,-19.97278404 -1.67076671 -0,-18.366045 -0.69344002 0.80104619,-17.04161835 0.7167787 1.14453602,-15.68422222 2.17223716 1.12058294,-15 2.46846366 1.07742989,-19.00918388 -1.01533687 0.53833455,-17.70930481 0.35347179 1.01178133,-16.36567879 1.80302608 1.12394536,-19.63611984 -1.31477618 0.22578155,-20.0498848 -1.42081702 -0,-20.11442757 -1.16733491 -0,-20.16625786 -0.9109506 -0,-18.366045 -0 0.82457721,-17.04161835 1.4302597 1.07167888,-15.68422222 2.88074636 0.94911611,-15 2.95050931 0.95207858,-15 3.42624307 0.80457205,-19.00918388 -0.33896545 0.58429116,-17.70930481 1.05878913 0.96385795,-16.36567879 2.51261258 0.97749937,-19.63611984 -0.65890384 0.29275599,-20.20524216 -0.65230155 -0,-20.231287 -0.39203075 -0,-18.366045 0.69344002 0.80104619,-17.04161835 2.13716054 0.9506228,-15.68422222 3.57600212 0.73001415,-15 3.8946476 0.63522577,-19.00918388 0.33896545 0.58429116,-17.70930481 1.75923538 0.86823171,-16.36567879 3.210639 0.78328776,-19.63611984 -0 0.31511509,-20.24432564 -0.1307853 -0,-20.24432564 0.1307853 0,-20.231287 0.39203075 0,-18.366045 1.38368964 0.73056132,-17.04161835 2.83422875 0.78192472,-15.68422222 4.25480556 0.46428519,-15 4.35472059 0.44440201,-19.00918388 1.01533687 0.53833455,-17.70930481 2.45158768 0.72534251,-16.36567879 3.89389443 0.54220402,-19.63611984 0.65890384 0.29275599,-20.20524216 0.65230155 0,-20.16625786 0.9109506 0,-18.366045 2.06757331 0.61344689,-17.04161835 3.51825762 0.56636077,-15.68422222 4.91403389 0.15315172,-15.78186893 5.18736219 0,-16.03946495 5.14194107 0,-15.52232838 5.21988726 0,-19.00918388 1.68703699 0.44663277,-17.70930481 3.1326611 0.53584778,-16.36567879 4.5592351 0.25535735,-16.54627228 5.01289225 0,-16.79422188 4.92958546 0,-16.29447746 5.08373642 0,-19.63611984 1.31477618 0.22578155,-20.11442757 1.16733491 0,-20.0498848 1.42081702 0,-19.97278404 1.67076671 0,-18.366045 2.74194479 0.45024171,-17.04161835 4.18610001 0.30492273,-17.27613449 4.72644234 0,-17.50889969 4.60711098 0,-17.0377121 4.834023 0,-19.00918388 2.35097551 0.30960774,-19.54313087 2.62297773 0,-19.66822815 2.39326072 0,-19.40673828 2.84617352 0,-17.70930481 3.79932213 0.30061936,-18.16753197 4.18172169 0,-18.37203598 4.0186348 0,-17.95515251 4.33441162 0,-19.63611984 1.96459973 0.1144999,-19.88332176 1.91656268 0,-19.78171921 2.15759373 0,-18.366045 3.40370131 0.24169666,-18.75540543 3.66291928 0,-18.93331909 3.47117448 0,-18.56815529 3.84555745 0,-19.00918388 3.00409794 0.12788981,-19.25938988 3.06229329 0,-19.10145378 3.27079964 0,-17.70930481 4.44850349 0.02073939,-17.73542595 4.47632599 0,-13.9605341 -5.14194107 -0,-14.21813107 -5.18736219 -0,-14.47767162 -5.21988726 -0,-14.73851109 -5.23943424 -0,-13.20577717 -4.92958546 -0,-13.45372772 -5.01289225 -0,-13.70552158 -5.08373642 -0,-12.26457405 -4.47632599 -0,-12.49110126 -4.60711098 -0,-12.72386551 -4.72644234 -0,-12.9622879 -4.834023 -0,-11.83246899 -4.18172169 -0,-12.04484844 -4.33441162 -0,-11.62796497 -4.0186348 -0,-11.24459457 -3.66291928 -0,-11.43184376 -3.84555745 -0,-11.06668091 -3.47117448 -0,-10.89854717 -3.27079964 -0,-10.21828079 -2.15759373 -0,-10.33177185 -2.39326072 -0,-10.45686913 -2.62297773 -0,-10.59326172 -2.84617352 -0,-10.74060917 -3.06229329 -0,-10.027215 -1.67076671 -0,-10.11667824 -1.91656268 -0,-9.95011616 -1.42081702 -0,-9.79475689 -0.65230155 -0,-9.83374214 -0.9109506 -0,-9.88557148 -1.16733491 -0,-9.75567532 0.1307853 0,-9.75567532 -0.1307853 -0,-9.768713 -0.39203075 -0,-9.768713 0.39203075 0,-9.88557148 1.16733491 0,-9.83374214 0.9109506 0,-9.79475689 0.65230155 0,-13.70552158 5.08373642 0,-14.73851109 5.23943424 0,-14.47767162 5.21988726 0,-14.21813107 5.18736219 0,-13.9605341 5.14194107 0,-9.95011616 1.42081702 0,-13.20577717 4.92958546 0,-13.45372772 5.01289225 0,-10.11667824 1.91656268 0,-10.027215 1.67076671 0,-10.33177185 2.39326072 0,-10.21828079 2.15759373 0,-12.49110126 4.60711098 0,-12.9622879 4.834023 0,-12.72386551 4.72644234 0,-12.26457405 4.47632599 0,-12.04484844 4.33441162 0,-11.83246899 4.18172169 0,-10.89854717 3.27079964 0,-10.74060917 3.06229329 0,-10.59326172 2.84617352 0,-11.43184376 3.84555745 0,-11.62796497 4.0186348 0,-11.24459457 3.66291928 0,-11.06668091 3.47117448 0,-10.45686913 2.62297773 0,-12.29069424 -4.44850349 0.02073939,-10.99081707 -3.00409794 0.12788981,-11.63395405 -3.40370131 0.24169666,-10.36388016 -1.96459973 0.1144999,-12.29069424 -3.79932213 0.30061936,-10.99081707 -2.35097551 0.30960774,-12.95838261 -4.18610001 0.30492273,-11.63395405 -2.74194479 0.45024171,-10.36388016 -1.31477618 0.22578155,-13.63432121 -4.5592351 0.25535735,-12.29069424 -3.1326611 0.53584778,-10.99081707 -1.68703699 0.44663277,-14.31577778 -4.91403389 0.15315172,-12.95838261 -3.51825762 0.56636077,-11.63395405 -2.06757331 0.61344689,-10.36388016 -0.65890384 0.29275599,-13.63432121 -3.89389443 0.54220402,-12.29069424 -2.45158768 0.72534251,-10.99081707 -1.01533687 0.53833455,-14.31577778 -4.25480556 0.46428519,-12.95838261 -2.83422875 0.78192472,-11.63395405 -1.38368964 0.73056132,-10.36388016 -0 0.31511509,-13.63432121 -3.210639 0.78328776,-12.29069424 -1.75923538 0.86823171,-10.99081707 -0.33896545 0.58429116,-14.31577778 -3.57600212 0.73001415,-12.95838261 -2.13716054 0.9506228,-11.63395405 -0.69344002 0.80104619,-10.36388016 0.65890384 0.29275599,-13.63432121 -2.51261258 0.97749937,-12.29069424 -1.05878913 0.96385795,-10.99081707 0.33896545 0.58429116,-14.31577778 -2.88074636 0.94911611,-12.95838261 -1.4302597 1.07167888,-11.63395405 -0 0.82457721,-10.36388016 1.31477618 0.22578155,-13.63432121 -1.80302608 1.12394536,-12.29069424 -0.35347179 1.01178133,-10.99081707 1.01533687 0.53833455,-14.31577778 -2.17223716 1.12058294,-12.95838261 -0.7167787 1.14453602,-11.63395405 0.69344002 0.80104619,-10.36388016 1.96459973 0.1144999,-13.63432121 -1.0851444 1.22195196,-12.29069424 0.35347179 1.01178133,-10.99081707 1.68703699 0.44663277,-14.31577778 -1.45373428 1.24362588,-12.95838261 -0 1.168859,-11.63395405 1.38368964 0.73056132,-13.63432121 -0.36227039 1.27106822,-12.29069424 1.05878913 0.96385795,-10.99081707 2.35097551 0.30960774,-14.31577778 -0.72854304 1.31767881,-12.95838261 0.7167787 1.14453602,-11.63395405 2.06757331 0.61344689,-13.63432121 0.36227039 1.27106822,-12.29069424 1.75923538 0.86823171,-10.99081707 3.00409794 0.12788981,-14.31577778 -0 1.34240103,-12.95838261 1.4302597 1.07167888,-11.63395405 2.74194479 0.45024171,-13.63432121 1.0851444 1.22195196,-12.29069424 2.45158768 0.72534251,-14.31577778 0.72854304 1.31767881,-12.95838261 2.13716054 0.9506228,-11.63395405 3.40370131 0.24169666,-13.63432121 1.80302608 1.12394536,-12.29069424 3.1326611 0.53584778,-14.31577778 1.45373428 1.24362588,-12.95838261 2.83422875 0.78192472,-13.63432121 2.51261258 0.97749937,-12.29069424 3.79932213 0.30061936,-14.31577778 2.17223716 1.12058294,-12.95838261 3.51825762 0.56636077,-13.63432121 3.210639 0.78328776,-12.29069424 4.44850349 0.02073939,-14.31577778 2.88074636 0.94911611,-12.95838261 4.18610001 0.30492273,-13.63432121 3.89389443 0.54220402,-14.31577778 3.57600212 0.73001415,-13.63432121 4.5592351 0.25535735,-14.31577778 4.25480556 0.46428519,-14.31577778 4.91403389 0.15315172              ]
            }
            coordIndex [
0,1,2,-1,3,4,1,-1,3,5,4,-1,6,7,3,-1,6,1,0,-1,6,3,1,-1,0,2,8,-1,8,2,9,-1,6,0,10,-1,10,0,8,-1,7,6,11,-1,11,6,10,-1,4,5,12,-1,12,5,13,-1,14,8,9,-1,13,15,12,-1,12,15,14,-1,11,10,15,-1,14,10,8,-1,15,10,14,-1,3,7,15,-1,15,7,11,-1,5,3,13,-1,13,3,15,-1,1,4,14,-1,14,4,12,-1,2,1,9,-1,9,1,14,-1,16,17,18,-1,19,20,17,-1,19,17,16,-1,21,16,22,-1,21,19,16,-1,23,20,19,-1,17,24,25,-1,17,20,24,-1,18,17,26,-1,26,17,25,-1,21,27,28,-1,21,22,27,-1,20,23,24,-1,24,23,29,-1,25,30,26,-1,24,31,25,-1,25,31,30,-1,30,28,27,-1,31,28,30,-1,24,29,31,-1,19,21,31,-1,31,21,28,-1,23,19,29,-1,29,19,31,-1,16,18,30,-1,30,18,26,-1,22,16,27,-1,27,16,30,-1,32,33,34,-1,34,33,35,-1,36,37,38,-1,38,37,39,-1,40,41,42,-1,42,41,43,-1,44,45,46,-1,46,45,47,-1,48,49,50,-1,51,50,49,-1,52,49,48,-1,53,51,49,-1,54,49,52,-1,55,53,49,-1,56,49,54,-1,57,55,49,-1,58,49,56,-1,59,57,49,-1,60,49,58,-1,61,59,49,-1,62,49,60,-1,63,61,49,-1,64,49,62,-1,64,65,49,-1,66,63,49,-1,67,65,64,-1,68,66,49,-1,69,65,67,-1,70,68,49,-1,71,65,69,-1,72,70,49,-1,73,65,71,-1,74,72,49,-1,75,65,73,-1,76,74,49,-1,77,65,75,-1,78,76,49,-1,79,65,77,-1,80,78,49,-1,81,65,79,-1,82,49,83,-1,82,80,49,-1,84,82,83,-1,85,84,83,-1,86,85,83,-1,87,86,83,-1,88,87,83,-1,89,88,83,-1,90,89,83,-1,91,90,83,-1,92,91,83,-1,93,92,83,-1,94,93,83,-1,95,94,83,-1,96,97,95,-1,96,98,97,-1,96,99,98,-1,96,100,99,-1,96,101,100,-1,96,102,101,-1,96,103,102,-1,96,104,103,-1,96,105,104,-1,96,106,105,-1,96,107,106,-1,96,108,107,-1,96,109,108,-1,96,110,109,-1,96,111,110,-1,96,112,111,-1,96,113,112,-1,96,114,113,-1,96,115,114,-1,96,95,83,-1,116,96,83,-1,116,117,96,-1,118,117,119,-1,120,119,117,-1,121,117,118,-1,122,120,117,-1,123,117,121,-1,124,122,117,-1,124,117,116,-1,125,117,123,-1,126,124,116,-1,127,117,125,-1,128,126,116,-1,129,117,127,-1,130,128,116,-1,131,117,129,-1,132,130,116,-1,133,117,131,-1,134,132,116,-1,135,117,133,-1,136,134,116,-1,137,117,135,-1,138,136,116,-1,139,117,137,-1,140,138,116,-1,141,117,139,-1,142,140,116,-1,143,117,141,-1,144,142,116,-1,145,117,143,-1,146,144,116,-1,147,117,145,-1,148,146,116,-1,149,117,147,-1,150,151,148,-1,150,152,151,-1,150,153,152,-1,150,154,153,-1,150,155,154,-1,150,156,155,-1,150,157,156,-1,150,148,116,-1,158,157,150,-1,159,158,150,-1,160,159,150,-1,161,160,150,-1,162,161,150,-1,163,162,150,-1,164,163,150,-1,165,164,150,-1,166,165,150,-1,167,166,150,-1,168,167,150,-1,169,168,150,-1,170,169,150,-1,171,170,150,-1,172,171,150,-1,173,172,150,-1,174,150,175,-1,174,173,150,-1,176,174,175,-1,177,176,175,-1,178,177,175,-1,179,178,175,-1,180,179,175,-1,181,180,175,-1,182,181,175,-1,183,182,175,-1,184,65,81,-1,184,81,185,-1,184,186,187,-1,184,188,186,-1,184,189,188,-1,184,190,189,-1,184,191,190,-1,184,192,191,-1,184,193,192,-1,184,185,193,-1,194,195,196,-1,194,197,195,-1,194,198,197,-1,194,199,198,-1,194,200,199,-1,194,184,187,-1,194,201,200,-1,194,202,201,-1,194,203,202,-1,194,204,203,-1,194,205,204,-1,194,206,205,-1,194,207,206,-1,194,208,207,-1,194,209,208,-1,194,210,209,-1,194,187,210,-1,211,194,196,-1,212,194,211,-1,213,194,212,-1,214,194,213,-1,215,194,214,-1,216,194,215,-1,217,194,216,-1,218,194,217,-1,219,194,218,-1,219,220,221,-1,219,222,220,-1,219,223,222,-1,219,224,223,-1,219,225,224,-1,219,226,225,-1,219,227,226,-1,219,228,227,-1,219,229,228,-1,219,230,229,-1,219,231,230,-1,219,218,231,-1,232,233,234,-1,232,235,233,-1,232,236,235,-1,232,237,236,-1,232,238,237,-1,232,239,238,-1,232,240,239,-1,232,241,240,-1,232,242,241,-1,232,243,242,-1,232,244,243,-1,232,245,244,-1,232,246,245,-1,232,247,246,-1,232,248,247,-1,232,249,248,-1,232,250,249,-1,232,251,250,-1,232,221,251,-1,232,219,221,-1,252,219,232,-1,253,252,254,-1,255,252,253,-1,256,252,255,-1,257,252,256,-1,258,252,257,-1,259,252,258,-1,260,252,259,-1,261,252,260,-1,262,252,261,-1,263,252,262,-1,264,252,263,-1,265,252,264,-1,266,252,265,-1,267,252,266,-1,268,252,267,-1,269,252,268,-1,270,252,269,-1,271,252,270,-1,272,252,271,-1,273,274,275,-1,273,276,274,-1,273,277,276,-1,273,278,277,-1,273,279,278,-1,273,280,279,-1,273,281,280,-1,273,282,281,-1,273,283,282,-1,273,284,283,-1,273,285,284,-1,273,286,285,-1,273,287,286,-1,273,288,287,-1,273,289,288,-1,273,290,289,-1,273,291,290,-1,273,292,291,-1,273,293,292,-1,273,294,293,-1,273,295,294,-1,273,296,295,-1,273,297,296,-1,273,298,297,-1,299,252,272,-1,299,298,273,-1,299,300,298,-1,299,301,300,-1,299,302,301,-1,299,303,302,-1,299,304,303,-1,299,305,304,-1,299,306,305,-1,299,307,306,-1,299,308,307,-1,299,309,308,-1,299,310,309,-1,299,219,252,-1,299,272,310,-1,311,312,183,-1,311,183,175,-1,311,313,312,-1,311,314,313,-1,311,315,314,-1,311,316,315,-1,311,317,316,-1,311,318,317,-1,311,319,318,-1,311,275,319,-1,311,273,275,-1,234,115,96,-1,234,96,232,-1,149,254,252,-1,149,252,117,-1,35,320,34,-1,321,320,35,-1,47,322,46,-1,46,322,321,-1,321,323,320,-1,322,323,321,-1,320,38,39,-1,323,38,320,-1,42,43,322,-1,322,43,323,-1,324,37,36,-1,324,36,325,-1,326,325,327,-1,326,324,325,-1,328,327,329,-1,328,326,327,-1,330,329,331,-1,330,328,329,-1,332,331,333,-1,332,330,331,-1,334,333,335,-1,334,332,333,-1,336,335,337,-1,336,334,335,-1,338,336,337,-1,338,337,339,-1,340,338,339,-1,340,339,341,-1,342,340,341,-1,342,341,343,-1,344,342,343,-1,344,343,345,-1,346,344,345,-1,346,345,347,-1,348,346,347,-1,348,347,349,-1,350,348,349,-1,350,349,351,-1,352,350,351,-1,352,351,353,-1,354,352,353,-1,354,353,355,-1,356,354,355,-1,356,355,357,-1,358,356,357,-1,358,357,359,-1,360,359,361,-1,360,358,359,-1,362,361,363,-1,362,360,361,-1,364,362,363,-1,364,363,365,-1,366,365,367,-1,366,364,365,-1,368,366,367,-1,368,367,369,-1,370,369,371,-1,370,368,369,-1,372,371,373,-1,372,370,371,-1,374,373,375,-1,374,372,373,-1,376,375,377,-1,376,374,375,-1,378,377,379,-1,378,376,377,-1,380,379,381,-1,380,378,379,-1,382,381,383,-1,382,380,381,-1,384,383,385,-1,384,382,383,-1,175,385,311,-1,175,384,385,-1,386,41,40,-1,386,40,387,-1,388,387,389,-1,388,386,387,-1,390,389,391,-1,390,388,389,-1,392,391,393,-1,392,390,391,-1,394,393,395,-1,394,392,393,-1,396,395,397,-1,396,394,395,-1,398,397,399,-1,398,396,397,-1,400,398,399,-1,400,399,401,-1,402,400,401,-1,402,401,403,-1,404,402,403,-1,404,403,405,-1,406,404,405,-1,406,405,407,-1,408,406,407,-1,408,407,409,-1,410,408,409,-1,410,409,411,-1,412,410,411,-1,412,411,413,-1,414,412,413,-1,414,413,415,-1,416,414,415,-1,416,415,417,-1,418,416,417,-1,418,417,419,-1,420,418,419,-1,420,419,421,-1,422,421,423,-1,422,420,421,-1,424,423,425,-1,424,422,423,-1,426,424,425,-1,426,425,427,-1,428,427,429,-1,428,426,427,-1,430,428,429,-1,430,429,431,-1,432,431,433,-1,432,430,431,-1,434,433,435,-1,434,432,433,-1,436,435,437,-1,436,434,435,-1,438,437,439,-1,438,436,437,-1,440,439,441,-1,440,438,439,-1,442,441,443,-1,442,440,441,-1,444,443,445,-1,444,442,443,-1,446,445,447,-1,446,444,445,-1,299,447,219,-1,299,446,447,-1,448,33,32,-1,448,32,449,-1,450,449,451,-1,450,448,449,-1,452,451,453,-1,452,450,451,-1,454,453,455,-1,454,452,453,-1,456,455,457,-1,456,454,455,-1,458,457,459,-1,458,456,457,-1,460,459,461,-1,460,458,459,-1,462,460,461,-1,462,461,463,-1,464,462,463,-1,464,463,465,-1,466,464,465,-1,466,465,467,-1,468,466,467,-1,468,467,469,-1,470,468,469,-1,470,469,471,-1,472,470,471,-1,472,471,473,-1,474,472,473,-1,474,473,475,-1,476,474,475,-1,476,475,477,-1,478,476,477,-1,478,477,479,-1,480,478,479,-1,480,479,481,-1,482,480,481,-1,482,481,483,-1,484,483,485,-1,484,482,483,-1,486,485,487,-1,486,484,485,-1,488,486,487,-1,488,487,489,-1,490,489,491,-1,490,488,489,-1,492,490,491,-1,492,491,493,-1,494,493,495,-1,494,492,493,-1,496,495,497,-1,496,494,495,-1,498,497,499,-1,498,496,497,-1,500,499,501,-1,500,498,499,-1,502,501,503,-1,502,500,501,-1,504,503,505,-1,504,502,503,-1,506,505,507,-1,506,504,505,-1,508,507,509,-1,508,506,507,-1,83,509,116,-1,83,508,509,-1,510,44,511,-1,510,45,44,-1,512,511,513,-1,512,510,511,-1,514,513,515,-1,514,512,513,-1,516,515,517,-1,516,514,515,-1,518,517,519,-1,518,516,517,-1,520,519,521,-1,520,518,519,-1,522,521,523,-1,522,520,521,-1,524,522,523,-1,524,523,525,-1,526,524,525,-1,526,525,527,-1,528,526,527,-1,528,527,529,-1,530,528,529,-1,530,529,531,-1,532,531,533,-1,532,530,531,-1,534,533,535,-1,534,532,533,-1,536,535,537,-1,536,534,535,-1,538,537,539,-1,538,536,537,-1,540,539,541,-1,540,538,539,-1,542,541,543,-1,542,540,541,-1,544,543,545,-1,544,542,543,-1,546,545,547,-1,546,544,545,-1,548,547,549,-1,548,546,547,-1,550,549,551,-1,550,548,549,-1,552,551,553,-1,552,550,551,-1,554,553,555,-1,554,552,553,-1,556,555,557,-1,556,554,555,-1,558,557,559,-1,558,556,557,-1,560,559,561,-1,560,558,559,-1,562,561,563,-1,562,560,561,-1,564,563,565,-1,564,562,563,-1,566,565,567,-1,566,564,565,-1,568,567,569,-1,568,566,567,-1,570,569,571,-1,570,568,569,-1,184,571,65,-1,184,570,571,-1,322,40,42,-1,219,40,194,-1,194,40,322,-1,447,445,219,-1,40,445,387,-1,219,445,40,-1,389,393,391,-1,443,439,445,-1,441,439,443,-1,393,397,395,-1,387,397,389,-1,389,397,393,-1,387,399,397,-1,387,401,399,-1,437,431,439,-1,435,431,437,-1,433,431,435,-1,431,429,439,-1,429,427,439,-1,405,409,407,-1,403,409,405,-1,401,409,403,-1,425,423,427,-1,401,411,409,-1,445,421,387,-1,439,421,445,-1,427,421,439,-1,423,421,427,-1,401,413,411,-1,401,415,413,-1,401,417,415,-1,419,417,421,-1,387,417,401,-1,421,417,387,-1,47,45,322,-1,510,512,45,-1,514,516,512,-1,512,516,45,-1,518,520,516,-1,520,522,516,-1,522,524,516,-1,524,526,516,-1,526,528,516,-1,528,530,516,-1,532,534,530,-1,516,534,45,-1,530,534,516,-1,536,538,534,-1,534,538,45,-1,540,542,538,-1,538,542,45,-1,544,548,542,-1,546,548,544,-1,542,548,45,-1,548,550,45,-1,554,558,552,-1,556,558,554,-1,552,560,550,-1,550,560,45,-1,558,560,552,-1,562,564,560,-1,566,568,564,-1,564,568,560,-1,568,184,560,-1,570,184,568,-1,560,184,45,-1,184,194,45,-1,45,194,322,-1,35,33,321,-1,448,450,33,-1,452,454,450,-1,450,454,33,-1,456,458,454,-1,458,460,454,-1,460,462,454,-1,462,464,454,-1,464,466,454,-1,466,468,454,-1,470,472,468,-1,454,472,33,-1,468,472,454,-1,474,476,472,-1,472,476,33,-1,478,480,476,-1,476,480,33,-1,482,486,480,-1,484,486,482,-1,480,486,33,-1,486,488,33,-1,492,496,490,-1,494,496,492,-1,490,498,488,-1,488,498,33,-1,496,498,490,-1,500,502,498,-1,504,506,502,-1,502,506,498,-1,506,83,498,-1,508,83,506,-1,498,83,33,-1,83,49,33,-1,33,49,321,-1,321,44,46,-1,65,44,49,-1,49,44,321,-1,571,569,65,-1,44,569,511,-1,65,569,44,-1,513,517,515,-1,567,563,569,-1,565,563,567,-1,517,521,519,-1,511,521,513,-1,513,521,517,-1,511,523,521,-1,511,525,523,-1,561,555,563,-1,559,555,561,-1,557,555,559,-1,555,553,563,-1,553,551,563,-1,529,533,531,-1,527,533,529,-1,525,533,527,-1,549,547,551,-1,525,535,533,-1,569,545,511,-1,563,545,569,-1,551,545,563,-1,547,545,551,-1,525,537,535,-1,525,539,537,-1,525,541,539,-1,543,541,545,-1,511,541,525,-1,545,541,511,-1,39,37,320,-1,324,326,37,-1,328,330,326,-1,326,330,37,-1,332,334,330,-1,334,336,330,-1,336,338,330,-1,338,340,330,-1,340,342,330,-1,342,344,330,-1,346,348,344,-1,330,348,37,-1,344,348,330,-1,350,352,348,-1,348,352,37,-1,354,356,352,-1,352,356,37,-1,358,362,356,-1,360,362,358,-1,356,362,37,-1,362,364,37,-1,368,372,366,-1,370,372,368,-1,366,374,364,-1,364,374,37,-1,372,374,366,-1,376,378,374,-1,380,382,378,-1,378,382,374,-1,382,175,374,-1,384,175,382,-1,374,175,37,-1,175,150,37,-1,37,150,320,-1,320,32,34,-1,116,32,150,-1,150,32,320,-1,509,507,116,-1,32,507,449,-1,116,507,32,-1,451,455,453,-1,505,501,507,-1,503,501,505,-1,455,459,457,-1,449,459,451,-1,451,459,455,-1,449,461,459,-1,449,463,461,-1,499,493,501,-1,497,493,499,-1,495,493,497,-1,493,491,501,-1,491,489,501,-1,467,471,469,-1,465,471,467,-1,463,471,465,-1,487,485,489,-1,463,473,471,-1,507,483,449,-1,501,483,507,-1,489,483,501,-1,485,483,489,-1,463,475,473,-1,463,477,475,-1,463,479,477,-1,481,479,483,-1,449,479,463,-1,483,479,449,-1,323,36,38,-1,311,36,273,-1,273,36,323,-1,385,383,311,-1,36,383,325,-1,311,383,36,-1,327,331,329,-1,381,377,383,-1,379,377,381,-1,331,335,333,-1,325,335,327,-1,327,335,331,-1,325,337,335,-1,325,339,337,-1,375,369,377,-1,373,369,375,-1,371,369,373,-1,369,367,377,-1,367,365,377,-1,343,347,345,-1,341,347,343,-1,339,347,341,-1,363,361,365,-1,339,349,347,-1,383,359,325,-1,377,359,383,-1,365,359,377,-1,361,359,365,-1,339,351,349,-1,339,353,351,-1,339,355,353,-1,357,355,359,-1,325,355,339,-1,359,355,325,-1,43,41,323,-1,386,388,41,-1,390,392,388,-1,388,392,41,-1,394,396,392,-1,396,398,392,-1,398,400,392,-1,400,402,392,-1,402,404,392,-1,404,406,392,-1,408,410,406,-1,392,410,41,-1,406,410,392,-1,412,414,410,-1,410,414,41,-1,416,418,414,-1,414,418,41,-1,420,424,418,-1,422,424,420,-1,418,424,41,-1,424,426,41,-1,430,434,428,-1,432,434,430,-1,428,436,426,-1,426,436,41,-1,434,436,428,-1,438,440,436,-1,442,444,440,-1,440,444,436,-1,444,299,436,-1,446,299,444,-1,436,299,41,-1,299,273,41,-1,41,273,323,-1,96,572,573,-1,96,117,572,-1,232,96,574,-1,574,96,573,-1,252,574,575,-1,252,232,574,-1,117,252,572,-1,572,252,575,-1,575,573,572,-1,575,574,573,-1,312,313,576,-1,576,313,577,-1,577,314,578,-1,313,314,577,-1,578,315,579,-1,314,315,578,-1,579,316,580,-1,315,316,579,-1,580,317,581,-1,316,317,580,-1,581,318,582,-1,317,318,581,-1,582,319,583,-1,318,319,582,-1,583,275,584,-1,319,275,583,-1,584,274,585,-1,275,274,584,-1,585,276,586,-1,274,276,585,-1,586,277,587,-1,276,277,586,-1,587,278,588,-1,277,278,587,-1,588,279,589,-1,278,279,588,-1,589,280,590,-1,279,280,589,-1,590,281,591,-1,280,281,590,-1,591,282,592,-1,281,282,591,-1,592,283,593,-1,282,283,592,-1,593,284,594,-1,594,284,595,-1,283,284,593,-1,284,285,595,-1,285,286,595,-1,595,286,596,-1,286,287,596,-1,596,287,597,-1,287,288,597,-1,597,288,598,-1,598,289,599,-1,288,289,598,-1,599,290,600,-1,289,290,599,-1,600,291,601,-1,290,291,600,-1,601,292,602,-1,291,292,601,-1,602,293,603,-1,292,293,602,-1,603,294,604,-1,293,294,603,-1,604,295,605,-1,605,295,606,-1,294,295,604,-1,295,296,606,-1,606,297,607,-1,296,297,606,-1,607,298,608,-1,297,298,607,-1,608,300,609,-1,298,300,608,-1,609,301,610,-1,300,301,609,-1,610,302,611,-1,611,302,612,-1,301,302,610,-1,612,303,613,-1,302,303,612,-1,303,304,613,-1,613,305,614,-1,304,305,613,-1,614,306,615,-1,305,306,614,-1,615,307,616,-1,306,307,615,-1,616,308,617,-1,307,308,616,-1,617,309,618,-1,308,309,617,-1,309,310,618,-1,618,310,619,-1,619,310,620,-1,310,272,620,-1,272,271,620,-1,620,271,621,-1,621,271,622,-1,271,270,622,-1,270,269,622,-1,622,269,623,-1,269,268,623,-1,623,268,624,-1,268,267,624,-1,624,267,625,-1,625,267,626,-1,267,266,626,-1,266,265,626,-1,626,265,627,-1,265,264,627,-1,627,264,628,-1,628,264,629,-1,264,263,629,-1,263,262,629,-1,629,262,630,-1,262,261,630,-1,630,261,631,-1,261,260,631,-1,631,260,632,-1,632,259,633,-1,260,259,632,-1,633,258,634,-1,259,258,633,-1,634,257,635,-1,635,257,636,-1,258,257,634,-1,257,256,636,-1,636,255,637,-1,637,255,638,-1,256,255,636,-1,255,253,638,-1,638,254,639,-1,253,254,638,-1,183,312,640,-1,640,312,576,-1,149,147,641,-1,641,147,642,-1,642,145,643,-1,147,145,642,-1,643,143,644,-1,145,143,643,-1,644,141,645,-1,143,141,644,-1,645,139,646,-1,141,139,645,-1,646,137,647,-1,139,137,646,-1,647,135,648,-1,137,135,647,-1,648,133,649,-1,135,133,648,-1,649,131,650,-1,133,131,649,-1,650,129,651,-1,131,129,650,-1,651,127,652,-1,129,127,651,-1,652,125,653,-1,127,125,652,-1,653,123,654,-1,125,123,653,-1,654,121,655,-1,123,121,654,-1,655,118,656,-1,121,118,655,-1,656,119,657,-1,118,119,656,-1,657,120,658,-1,119,120,657,-1,658,122,659,-1,120,122,658,-1,122,124,659,-1,659,124,660,-1,124,126,660,-1,660,126,661,-1,126,128,661,-1,661,128,662,-1,128,130,662,-1,662,130,663,-1,663,132,664,-1,130,132,663,-1,664,134,665,-1,132,134,664,-1,665,136,666,-1,134,136,665,-1,666,138,667,-1,136,138,666,-1,667,140,668,-1,138,140,667,-1,668,142,669,-1,140,142,668,-1,669,144,670,-1,142,144,669,-1,670,146,671,-1,671,146,672,-1,144,146,670,-1,146,148,672,-1,672,151,673,-1,673,151,674,-1,148,151,672,-1,151,152,674,-1,674,153,675,-1,675,153,676,-1,152,153,674,-1,676,154,677,-1,153,154,676,-1,154,155,677,-1,677,156,678,-1,155,156,677,-1,678,157,679,-1,156,157,678,-1,679,158,680,-1,157,158,679,-1,680,159,681,-1,158,159,680,-1,681,160,682,-1,159,160,681,-1,682,161,683,-1,160,161,682,-1,161,162,683,-1,683,162,684,-1,684,162,685,-1,162,163,685,-1,163,164,685,-1,685,164,686,-1,164,165,686,-1,686,165,687,-1,687,165,688,-1,165,166,688,-1,166,167,688,-1,688,167,689,-1,167,168,689,-1,689,168,690,-1,168,169,690,-1,690,169,691,-1,691,169,692,-1,169,170,692,-1,170,171,692,-1,692,171,693,-1,171,172,693,-1,693,172,694,-1,172,173,694,-1,694,173,695,-1,173,174,695,-1,695,174,696,-1,174,176,696,-1,696,176,697,-1,697,177,698,-1,176,177,697,-1,698,178,699,-1,177,178,698,-1,699,179,700,-1,178,179,699,-1,700,180,701,-1,179,180,700,-1,701,181,702,-1,702,181,703,-1,180,181,701,-1,181,182,703,-1,703,183,640,-1,182,183,703,-1,254,149,639,-1,639,149,641,-1,688,690,687,-1,689,690,688,-1,690,685,687,-1,687,685,686,-1,691,692,690,-1,692,693,690,-1,685,683,684,-1,694,695,693,-1,683,681,682,-1,685,681,683,-1,696,697,695,-1,695,697,693,-1,680,678,679,-1,681,678,680,-1,693,699,690,-1,698,699,697,-1,697,699,693,-1,678,676,677,-1,690,676,685,-1,681,676,678,-1,685,676,681,-1,700,701,699,-1,702,703,701,-1,675,673,674,-1,676,673,675,-1,699,640,690,-1,690,640,676,-1,701,640,699,-1,703,640,701,-1,671,669,670,-1,672,669,671,-1,673,669,672,-1,676,669,673,-1,669,667,668,-1,667,665,666,-1,667,664,665,-1,669,660,667,-1,667,660,664,-1,662,660,661,-1,663,660,662,-1,664,660,663,-1,660,658,659,-1,669,655,660,-1,660,655,658,-1,657,655,656,-1,658,655,657,-1,654,652,653,-1,655,652,654,-1,652,650,651,-1,650,648,649,-1,652,648,650,-1,648,646,647,-1,646,644,645,-1,676,641,669,-1,643,641,642,-1,644,641,643,-1,669,641,655,-1,648,641,646,-1,655,641,652,-1,652,641,648,-1,646,641,644,-1,640,641,676,-1,577,578,576,-1,578,579,576,-1,579,580,576,-1,580,582,576,-1,581,582,580,-1,583,584,582,-1,582,585,576,-1,584,585,582,-1,586,590,585,-1,587,590,586,-1,588,590,587,-1,589,590,588,-1,590,591,585,-1,593,594,592,-1,594,595,592,-1,592,596,591,-1,595,596,592,-1,597,598,596,-1,596,598,591,-1,598,599,591,-1,599,601,591,-1,600,601,599,-1,602,603,601,-1,603,606,601,-1,604,606,603,-1,605,606,604,-1,576,639,640,-1,601,639,591,-1,640,639,641,-1,585,639,576,-1,591,639,585,-1,607,608,606,-1,606,636,601,-1,601,636,639,-1,638,636,637,-1,639,636,638,-1,608,636,606,-1,609,636,608,-1,610,611,609,-1,612,613,611,-1,611,613,609,-1,635,633,634,-1,636,633,635,-1,613,614,609,-1,633,631,632,-1,615,616,614,-1,609,616,636,-1,636,616,633,-1,614,616,609,-1,633,630,631,-1,633,629,630,-1,618,619,617,-1,629,627,628,-1,627,625,626,-1,629,625,627,-1,617,622,616,-1,620,622,619,-1,621,622,620,-1,619,622,617,-1,625,623,624,-1,616,623,633,-1,633,623,629,-1,622,623,616,-1,629,623,625,-1,234,233,704,-1,704,233,705,-1,705,235,706,-1,233,235,705,-1,706,236,707,-1,235,236,706,-1,707,237,708,-1,236,237,707,-1,708,238,709,-1,237,238,708,-1,709,239,710,-1,238,239,709,-1,710,240,711,-1,239,240,710,-1,711,241,712,-1,240,241,711,-1,712,242,713,-1,241,242,712,-1,713,243,714,-1,242,243,713,-1,714,244,715,-1,243,244,714,-1,715,245,716,-1,244,245,715,-1,716,246,717,-1,245,246,716,-1,717,247,718,-1,246,247,717,-1,718,248,719,-1,247,248,718,-1,719,249,720,-1,248,249,719,-1,720,250,721,-1,249,250,720,-1,721,251,722,-1,250,251,721,-1,251,221,722,-1,722,221,723,-1,221,220,723,-1,723,220,724,-1,220,222,724,-1,724,222,725,-1,222,223,725,-1,725,223,726,-1,726,224,727,-1,223,224,726,-1,727,225,728,-1,224,225,727,-1,728,226,729,-1,225,226,728,-1,729,227,730,-1,226,227,729,-1,730,228,731,-1,227,228,730,-1,731,229,732,-1,228,229,731,-1,732,230,733,-1,229,230,732,-1,733,231,734,-1,734,231,735,-1,230,231,733,-1,231,218,735,-1,735,217,736,-1,736,217,737,-1,218,217,735,-1,737,216,738,-1,217,216,737,-1,216,215,738,-1,738,214,739,-1,739,214,740,-1,215,214,738,-1,740,213,741,-1,214,213,740,-1,213,212,741,-1,741,211,742,-1,212,211,741,-1,742,196,743,-1,743,196,744,-1,211,196,742,-1,196,195,744,-1,744,197,745,-1,195,197,744,-1,745,198,746,-1,197,198,745,-1,198,199,746,-1,746,199,747,-1,747,199,748,-1,199,200,748,-1,200,201,748,-1,748,201,749,-1,201,202,749,-1,749,202,750,-1,750,202,751,-1,202,203,751,-1,203,204,751,-1,751,204,752,-1,204,205,752,-1,752,205,753,-1,205,206,753,-1,753,206,754,-1,754,206,755,-1,206,207,755,-1,207,208,755,-1,755,208,756,-1,208,209,756,-1,756,209,757,-1,209,210,757,-1,757,210,758,-1,210,187,758,-1,758,187,759,-1,187,186,759,-1,759,186,760,-1,760,188,761,-1,186,188,760,-1,761,189,762,-1,188,189,761,-1,762,190,763,-1,189,190,762,-1,763,191,764,-1,190,191,763,-1,764,192,765,-1,765,192,766,-1,191,192,764,-1,192,193,766,-1,766,185,767,-1,193,185,766,-1,115,234,768,-1,768,234,704,-1,81,79,769,-1,769,79,770,-1,770,77,771,-1,79,77,770,-1,771,75,772,-1,77,75,771,-1,772,73,773,-1,75,73,772,-1,773,71,774,-1,73,71,773,-1,774,69,775,-1,71,69,774,-1,775,67,776,-1,69,67,775,-1,776,64,777,-1,67,64,776,-1,777,62,778,-1,64,62,777,-1,778,60,779,-1,62,60,778,-1,779,58,780,-1,60,58,779,-1,780,56,781,-1,58,56,780,-1,781,54,782,-1,56,54,781,-1,782,52,783,-1,54,52,782,-1,783,48,784,-1,52,48,783,-1,784,50,785,-1,48,50,784,-1,785,51,786,-1,50,51,785,-1,786,53,787,-1,787,53,788,-1,51,53,786,-1,53,55,788,-1,55,57,788,-1,788,57,789,-1,57,59,789,-1,789,59,790,-1,59,61,790,-1,790,61,791,-1,791,63,792,-1,61,63,791,-1,792,66,793,-1,63,66,792,-1,793,68,794,-1,66,68,793,-1,794,70,795,-1,68,70,794,-1,795,72,796,-1,70,72,795,-1,796,74,797,-1,72,74,796,-1,797,76,798,-1,798,76,799,-1,74,76,797,-1,76,78,799,-1,799,80,800,-1,78,80,799,-1,800,82,801,-1,80,82,800,-1,801,84,802,-1,82,84,801,-1,802,85,803,-1,84,85,802,-1,803,86,804,-1,804,86,805,-1,85,86,803,-1,805,87,806,-1,86,87,805,-1,87,88,806,-1,806,89,807,-1,88,89,806,-1,807,90,808,-1,89,90,807,-1,808,91,809,-1,90,91,808,-1,809,92,810,-1,91,92,809,-1,810,93,811,-1,92,93,810,-1,93,94,811,-1,811,94,812,-1,812,94,813,-1,94,95,813,-1,95,97,813,-1,813,97,814,-1,814,97,815,-1,97,98,815,-1,98,99,815,-1,815,99,816,-1,99,100,816,-1,816,100,817,-1,100,101,817,-1,817,101,818,-1,818,101,819,-1,101,102,819,-1,102,103,819,-1,819,103,820,-1,103,104,820,-1,820,104,821,-1,821,104,822,-1,104,105,822,-1,105,106,822,-1,822,106,823,-1,106,107,823,-1,823,107,824,-1,107,108,824,-1,824,108,825,-1,825,109,826,-1,108,109,825,-1,826,110,827,-1,109,110,826,-1,827,111,828,-1,828,111,829,-1,110,111,827,-1,111,112,829,-1,829,113,830,-1,830,113,831,-1,112,113,829,-1,113,114,831,-1,831,115,768,-1,114,115,831,-1,185,81,767,-1,767,81,769,-1,783,784,785,-1,783,785,786,-1,788,783,786,-1,788,786,787,-1,781,782,783,-1,780,781,783,-1,790,788,789,-1,778,779,780,-1,792,788,790,-1,792,790,791,-1,776,778,780,-1,776,777,778,-1,795,792,793,-1,795,793,794,-1,774,780,783,-1,774,776,780,-1,774,775,776,-1,797,783,788,-1,797,788,792,-1,797,792,795,-1,797,795,796,-1,772,773,774,-1,770,771,772,-1,800,797,798,-1,800,798,799,-1,769,772,774,-1,769,774,783,-1,769,770,772,-1,803,801,802,-1,804,801,803,-1,804,797,800,-1,804,800,801,-1,806,804,805,-1,808,806,807,-1,809,806,808,-1,812,797,804,-1,812,809,810,-1,812,806,809,-1,812,810,811,-1,812,804,806,-1,814,812,813,-1,816,814,815,-1,818,816,817,-1,818,814,816,-1,819,812,814,-1,819,814,818,-1,821,819,820,-1,824,821,822,-1,824,822,823,-1,824,819,821,-1,826,824,825,-1,827,824,826,-1,828,824,827,-1,768,797,812,-1,768,828,829,-1,768,829,830,-1,768,830,831,-1,768,812,819,-1,768,819,824,-1,768,824,828,-1,768,783,797,-1,768,769,783,-1,765,766,767,-1,764,765,767,-1,763,764,767,-1,761,762,763,-1,761,763,767,-1,760,761,767,-1,758,759,760,-1,758,760,767,-1,756,757,758,-1,756,758,767,-1,755,756,767,-1,754,755,767,-1,752,753,754,-1,752,754,767,-1,749,750,751,-1,748,751,752,-1,748,749,751,-1,746,747,748,-1,746,748,752,-1,744,745,746,-1,743,744,746,-1,743,746,752,-1,742,743,752,-1,740,741,742,-1,737,740,742,-1,737,738,739,-1,737,739,740,-1,704,742,752,-1,704,769,768,-1,704,767,769,-1,704,752,767,-1,735,736,737,-1,734,735,737,-1,707,704,705,-1,707,705,706,-1,732,733,734,-1,730,731,732,-1,730,732,734,-1,710,707,708,-1,710,708,709,-1,710,704,707,-1,729,730,734,-1,728,734,737,-1,728,729,734,-1,713,710,711,-1,713,711,712,-1,713,742,704,-1,713,704,710,-1,726,727,728,-1,715,713,714,-1,724,725,726,-1,724,726,728,-1,723,724,728,-1,723,728,737,-1,717,715,716,-1,717,742,713,-1,717,713,715,-1,721,737,742,-1,721,722,723,-1,721,723,737,-1,720,717,718,-1,720,718,719,-1,720,721,742,-1,720,742,717,-1,832,833,834,-1,835,836,837,-1,838,839,840,-1,838,840,841,-1,838,841,833,-1,838,833,832,-1,842,838,832,-1,842,832,843,-1,842,843,844,-1,845,839,838,-1,845,838,842,-1,845,846,847,-1,845,847,848,-1,845,848,839,-1,849,842,844,-1,849,844,850,-1,851,842,849,-1,851,845,842,-1,852,845,851,-1,852,853,854,-1,852,854,855,-1,852,855,846,-1,852,846,845,-1,856,849,850,-1,856,850,857,-1,856,857,858,-1,859,860,861,-1,859,861,853,-1,859,853,852,-1,862,849,856,-1,862,851,849,-1,863,852,851,-1,863,851,862,-1,864,858,865,-1,864,856,858,-1,866,859,852,-1,866,852,863,-1,866,867,868,-1,866,868,860,-1,866,860,859,-1,869,862,856,-1,869,856,864,-1,870,862,869,-1,870,863,862,-1,871,865,872,-1,871,872,873,-1,871,864,865,-1,874,866,863,-1,874,863,870,-1,875,869,864,-1,875,864,871,-1,876,866,874,-1,876,877,878,-1,876,878,879,-1,876,879,867,-1,876,867,866,-1,880,870,869,-1,880,869,875,-1,881,871,873,-1,881,873,882,-1,883,870,880,-1,883,874,870,-1,884,871,881,-1,884,875,871,-1,885,874,883,-1,885,876,874,-1,886,875,884,-1,886,880,875,-1,887,881,882,-1,887,882,888,-1,887,888,889,-1,890,877,876,-1,890,891,892,-1,890,892,893,-1,890,893,877,-1,890,876,885,-1,894,883,880,-1,894,880,886,-1,895,881,887,-1,895,884,881,-1,896,885,883,-1,896,883,894,-1,897,886,884,-1,897,884,895,-1,898,889,899,-1,898,887,889,-1,900,891,890,-1,900,885,896,-1,900,901,902,-1,900,902,891,-1,900,890,885,-1,903,886,897,-1,903,894,886,-1,904,895,887,-1,904,887,898,-1,905,896,894,-1,905,894,903,-1,906,897,895,-1,906,895,904,-1,907,898,899,-1,907,908,909,-1,907,899,908,-1,910,900,896,-1,910,896,905,-1,911,897,906,-1,911,903,897,-1,912,898,907,-1,912,904,898,-1,913,914,915,-1,913,915,916,-1,913,916,901,-1,913,901,900,-1,913,900,910,-1,917,905,903,-1,917,903,911,-1,918,906,904,-1,918,904,912,-1,919,907,909,-1,919,909,920,-1,921,910,905,-1,921,905,917,-1,922,911,906,-1,922,906,918,-1,923,907,919,-1,923,912,907,-1,924,925,926,-1,924,926,927,-1,924,927,914,-1,924,910,921,-1,924,914,913,-1,924,913,910,-1,928,911,922,-1,928,917,911,-1,929,912,923,-1,929,918,912,-1,930,931,932,-1,930,920,931,-1,930,919,920,-1,933,917,928,-1,933,921,917,-1,934,922,918,-1,934,918,929,-1,935,923,919,-1,935,919,930,-1,936,921,933,-1,936,937,938,-1,936,938,925,-1,936,924,921,-1,936,925,924,-1,939,928,922,-1,939,922,934,-1,940,923,935,-1,940,929,923,-1,941,930,932,-1,941,932,942,-1,943,928,939,-1,943,933,928,-1,944,934,929,-1,944,929,940,-1,945,930,941,-1,945,935,930,-1,946,936,933,-1,946,933,943,-1,946,947,948,-1,946,948,949,-1,946,949,937,-1,946,937,936,-1,950,939,934,-1,950,934,944,-1,951,940,935,-1,951,935,945,-1,952,941,942,-1,952,953,836,-1,952,942,953,-1,954,943,939,-1,954,939,950,-1,955,944,940,-1,955,940,951,-1,956,941,952,-1,956,945,941,-1,957,947,946,-1,957,958,959,-1,957,959,947,-1,957,946,943,-1,957,943,954,-1,960,950,944,-1,960,944,955,-1,961,951,945,-1,961,945,956,-1,962,835,963,-1,962,963,964,-1,962,964,965,-1,962,952,836,-1,962,836,835,-1,966,954,950,-1,966,950,960,-1,967,955,951,-1,967,951,961,-1,968,965,969,-1,968,956,952,-1,968,969,970,-1,968,970,971,-1,968,962,965,-1,968,952,962,-1,972,973,974,-1,972,974,975,-1,972,975,958,-1,972,958,957,-1,972,957,954,-1,972,954,966,-1,976,960,955,-1,976,955,967,-1,977,971,978,-1,977,978,979,-1,977,979,980,-1,977,961,956,-1,977,956,968,-1,977,968,971,-1,981,982,983,-1,981,983,984,-1,981,960,976,-1,981,966,960,-1,985,986,987,-1,985,987,988,-1,985,967,961,-1,985,961,977,-1,989,966,981,-1,989,984,990,-1,989,990,991,-1,989,991,973,-1,989,973,972,-1,989,972,966,-1,989,981,984,-1,992,967,985,-1,992,988,993,-1,992,993,994,-1,992,994,995,-1,992,985,988,-1,992,976,967,-1,996,992,995,-1,996,976,992,-1,996,995,997,-1,996,997,998,-1,996,998,982,-1,996,982,981,-1,996,981,976,-1,999,985,977,-1,999,980,1000,-1,999,1000,986,-1,999,986,985,-1,999,977,980,-1,893,878,877,-1,860,868,867,-1,861,860,867,-1,861,879,878,-1,861,867,879,-1,901,891,902,-1,901,892,891,-1,854,853,861,-1,855,854,861,-1,915,901,916,-1,915,892,901,-1,839,846,855,-1,839,847,846,-1,839,848,847,-1,839,855,861,-1,938,926,925,-1,938,927,926,-1,938,914,927,-1,938,915,914,-1,1001,840,839,-1,1001,841,840,-1,1001,833,841,-1,1001,834,833,-1,947,949,948,-1,947,937,949,-1,947,938,937,-1,1002,1003,1001,-1,1002,1004,1003,-1,975,959,958,-1,1005,1002,1001,-1,1005,1006,1002,-1,1005,1001,839,-1,1007,1005,839,-1,1007,878,893,-1,1007,893,892,-1,1007,861,878,-1,1007,839,861,-1,991,974,973,-1,991,975,974,-1,991,947,959,-1,991,959,975,-1,991,915,938,-1,991,938,947,-1,990,915,991,-1,1008,1009,1007,-1,1010,1007,892,-1,1010,1008,1007,-1,1010,892,915,-1,1010,1011,1008,-1,994,997,995,-1,994,998,997,-1,994,982,998,-1,994,983,982,-1,994,984,983,-1,994,990,984,-1,1012,1013,1014,-1,1012,1015,1013,-1,987,993,988,-1,1016,1012,1014,-1,1016,1017,1010,-1,1016,1014,1017,-1,1016,1018,1012,-1,1016,1019,1018,-1,1000,987,986,-1,1000,993,987,-1,980,994,993,-1,980,993,1000,-1,979,994,980,-1,1020,1021,1022,-1,1020,1023,1021,-1,1024,1020,1022,-1,971,979,978,-1,971,994,979,-1,1025,1024,1022,-1,1026,915,990,-1,1026,1010,915,-1,1026,1016,1010,-1,1026,1022,1016,-1,1026,1025,1022,-1,969,971,970,-1,835,964,963,-1,835,965,964,-1,835,969,965,-1,835,971,969,-1,1027,990,994,-1,1027,1026,990,-1,1027,1028,1026,-1,1027,1029,1028,-1,1027,1030,1029,-1,1027,1031,1030,-1,1032,835,837,-1,1032,971,835,-1,1033,971,1032,-1,1034,1035,1036,-1,1037,971,1033,-1,1038,1034,1036,-1,1038,1039,1034,-1,1040,1037,1041,-1,1042,1038,1036,-1,1042,1036,1027,-1,1043,1037,1040,-1,1044,1042,1027,-1,1045,1044,1027,-1,1046,1047,1045,-1,1048,1049,1050,-1,1048,1051,1049,-1,1048,1043,1051,-1,1052,1053,1046,-1,1054,1048,1055,-1,1054,971,1037,-1,1054,1037,1043,-1,1054,1043,1048,-1,1056,1052,1046,-1,1057,1058,1056,-1,1057,1059,1060,-1,1057,1054,1059,-1,1057,1045,1027,-1,1057,1046,1045,-1,1057,1056,1046,-1,1057,971,1054,-1,1057,994,971,-1,1057,1027,994,-1,1061,1060,1062,-1,1061,1057,1060,-1,832,834,1001,-1,837,836,1032,-1,1063,1011,1010,-1,1063,1010,1017,-1,1064,1018,1019,-1,1064,1019,1016,-1,1064,1016,1022,-1,1065,1013,1015,-1,1065,1018,1064,-1,1065,1015,1012,-1,1065,1012,1018,-1,1066,1023,1020,-1,1066,1020,1024,-1,1066,1024,1025,-1,1067,1013,1065,-1,1067,1017,1014,-1,1067,1014,1013,-1,1067,1063,1017,-1,1068,1064,1022,-1,1068,1022,1021,-1,1068,1021,1023,-1,1068,1023,1066,-1,1069,1007,1009,-1,1069,1009,1008,-1,1069,1008,1011,-1,1069,1063,1067,-1,1069,1011,1063,-1,1070,1065,1064,-1,1070,1064,1068,-1,1071,1025,1026,-1,1071,1026,1028,-1,1071,1028,1029,-1,1071,1066,1025,-1,1072,1002,1006,-1,1072,1006,1005,-1,1072,1005,1007,-1,1072,1007,1069,-1,1073,1067,1065,-1,1073,1065,1070,-1,1074,1068,1066,-1,1074,1066,1071,-1,1075,1001,1003,-1,1075,1003,1004,-1,1075,1004,1002,-1,1075,1002,1072,-1,1075,832,1001,-1,1076,1069,1067,-1,1076,1067,1073,-1,1077,1068,1074,-1,1077,1070,1068,-1,1078,1071,1029,-1,1078,1029,1030,-1,1078,1030,1031,-1,1079,1072,1069,-1,1079,1069,1076,-1,1080,1070,1077,-1,1080,1073,1070,-1,1081,1074,1071,-1,1081,1071,1078,-1,1082,1072,1079,-1,1082,843,832,-1,1082,844,843,-1,1082,832,1075,-1,1082,1075,1072,-1,1083,1076,1073,-1,1083,1073,1080,-1,1084,1077,1074,-1,1084,1074,1081,-1,1085,1031,1027,-1,1085,1027,1036,-1,1085,1036,1035,-1,1085,1078,1031,-1,1086,1079,1076,-1,1086,1076,1083,-1,1087,1077,1084,-1,1087,1080,1077,-1,1088,1078,1085,-1,1088,1081,1078,-1,1089,850,844,-1,1089,1082,1079,-1,1089,844,1082,-1,1089,1079,1086,-1,1090,1080,1087,-1,1090,1083,1080,-1,1091,1081,1088,-1,1091,1084,1081,-1,1092,1085,1035,-1,1092,1035,1034,-1,1092,1034,1039,-1,1093,1083,1090,-1,1093,1086,1083,-1,1094,1084,1091,-1,1094,1087,1084,-1,1095,1085,1092,-1,1095,1088,1085,-1,1096,850,1089,-1,1096,857,850,-1,1096,858,857,-1,1096,1086,1093,-1,1096,1089,1086,-1,1097,1090,1087,-1,1097,1087,1094,-1,1098,1088,1095,-1,1098,1091,1088,-1,1099,1039,1038,-1,1099,1038,1042,-1,1099,1042,1044,-1,1099,1092,1039,-1,1100,1093,1090,-1,1100,1090,1097,-1,1101,1091,1098,-1,1101,1094,1091,-1,1102,1095,1092,-1,1102,1092,1099,-1,1103,865,858,-1,1103,1096,1093,-1,1103,1093,1100,-1,1103,858,1096,-1,1104,1094,1101,-1,1104,1097,1094,-1,1105,1098,1095,-1,1105,1095,1102,-1,1106,1044,1045,-1,1106,1045,1047,-1,1106,1047,1046,-1,1106,1099,1044,-1,1107,1100,1097,-1,1107,1097,1104,-1,1108,1098,1105,-1,1108,1101,1098,-1,1109,1102,1099,-1,1109,1099,1106,-1,1110,872,865,-1,1110,873,872,-1,1110,865,1103,-1,1110,1103,1100,-1,1110,1100,1107,-1,1111,1101,1108,-1,1111,1104,1101,-1,1112,1105,1102,-1,1112,1102,1109,-1,1113,1104,1111,-1,1113,1107,1104,-1,1114,1105,1112,-1,1114,1108,1105,-1,1115,1109,1106,-1,1115,1046,1053,-1,1115,1053,1052,-1,1115,1106,1046,-1,1116,1107,1113,-1,1116,1110,1107,-1,1116,882,873,-1,1116,873,1110,-1,1117,1111,1108,-1,1117,1108,1114,-1,1118,1112,1109,-1,1118,1109,1115,-1,1119,1113,1111,-1,1119,1111,1117,-1,1120,1112,1118,-1,1120,1114,1112,-1,1121,1115,1052,-1,1121,1052,1056,-1,1121,1056,1058,-1,1121,1058,1057,-1,1122,1113,1119,-1,1122,888,882,-1,1122,882,1116,-1,1122,889,888,-1,1122,1116,1113,-1,1123,1114,1120,-1,1123,1117,1114,-1,1124,1115,1121,-1,1124,1118,1115,-1,1125,1119,1117,-1,1125,1117,1123,-1,1126,1120,1118,-1,1126,1118,1124,-1,1127,1122,1119,-1,1127,889,1122,-1,1127,899,889,-1,1127,1119,1125,-1,1128,1123,1120,-1,1128,1120,1126,-1,1129,1121,1057,-1,1129,1124,1121,-1,1129,1057,1061,-1,1129,1061,1062,-1,1129,1062,1060,-1,1130,1123,1128,-1,1130,1125,1123,-1,1131,1126,1124,-1,1131,1124,1129,-1,1132,1125,1130,-1,1132,1127,1125,-1,1132,899,1127,-1,1132,909,908,-1,1132,908,899,-1,1133,1126,1131,-1,1133,1128,1126,-1,1134,1130,1128,-1,1134,1128,1133,-1,1135,1131,1129,-1,1135,1060,1059,-1,1135,1059,1054,-1,1135,1129,1060,-1,1136,1130,1134,-1,1136,1132,1130,-1,1136,909,1132,-1,1136,920,909,-1,1137,1133,1131,-1,1137,1131,1135,-1,1138,1134,1133,-1,1138,1133,1137,-1,1139,1135,1054,-1,1139,1054,1055,-1,1139,1055,1048,-1,1140,932,931,-1,1140,931,920,-1,1140,1136,1134,-1,1140,1134,1138,-1,1140,920,1136,-1,1141,1135,1139,-1,1141,1048,1050,-1,1141,1050,1049,-1,1141,1049,1051,-1,1141,1137,1135,-1,1141,1139,1048,-1,1142,1137,1141,-1,1142,1138,1137,-1,1143,1138,1142,-1,1143,942,932,-1,1143,932,1140,-1,1143,1140,1138,-1,1144,1141,1051,-1,1144,1051,1043,-1,1144,1043,1040,-1,1144,1040,1041,-1,1144,1142,1141,-1,1145,1143,1142,-1,1145,942,1143,-1,1145,836,953,-1,1145,953,942,-1,1145,1142,1144,-1,1146,1144,1041,-1,1146,836,1145,-1,1146,1145,1144,-1,1146,1032,836,-1,1146,1041,1037,-1,1146,1037,1033,-1,1146,1033,1032,-1,1147,1148,1149,-1,1150,1151,1152,-1,1153,1154,1148,-1,1153,1155,1154,-1,1153,1156,1155,-1,1153,1148,1147,-1,1157,1153,1147,-1,1157,1147,1158,-1,1157,1158,1159,-1,1160,1161,1156,-1,1160,1156,1153,-1,1160,1162,1161,-1,1160,1163,1162,-1,1160,1153,1157,-1,1164,1157,1159,-1,1164,1159,1165,-1,1166,1160,1157,-1,1166,1157,1164,-1,1167,1168,1163,-1,1167,1169,1168,-1,1167,1170,1169,-1,1167,1160,1166,-1,1167,1163,1160,-1,1171,1165,1172,-1,1171,1172,1173,-1,1171,1164,1165,-1,1174,1175,1170,-1,1174,1176,1175,-1,1174,1170,1167,-1,1177,1166,1164,-1,1177,1164,1171,-1,1178,1166,1177,-1,1178,1167,1166,-1,1179,1173,1180,-1,1179,1171,1173,-1,1181,1174,1167,-1,1181,1176,1174,-1,1181,1182,1176,-1,1181,1183,1182,-1,1181,1167,1178,-1,1184,1177,1171,-1,1184,1171,1179,-1,1185,1178,1177,-1,1185,1177,1184,-1,1186,1179,1180,-1,1186,1180,1187,-1,1186,1187,1188,-1,1189,1181,1178,-1,1189,1178,1185,-1,1190,1179,1186,-1,1190,1184,1179,-1,1191,1192,1183,-1,1191,1193,1192,-1,1191,1194,1193,-1,1191,1183,1181,-1,1191,1181,1189,-1,1195,1185,1184,-1,1195,1184,1190,-1,1196,1186,1188,-1,1196,1188,1197,-1,1198,1189,1185,-1,1198,1185,1195,-1,1199,1190,1186,-1,1199,1186,1196,-1,1200,1189,1198,-1,1200,1191,1189,-1,1201,1190,1199,-1,1201,1195,1190,-1,1202,1196,1197,-1,1202,1197,1203,-1,1202,1203,1204,-1,1205,1206,1194,-1,1205,1207,1206,-1,1205,1208,1207,-1,1205,1191,1200,-1,1205,1194,1191,-1,1209,1198,1195,-1,1209,1195,1201,-1,1210,1199,1196,-1,1210,1196,1202,-1,1211,1200,1198,-1,1211,1198,1209,-1,1212,1201,1199,-1,1212,1199,1210,-1,1213,1202,1204,-1,1213,1204,1214,-1,1215,1216,1208,-1,1215,1217,1216,-1,1215,1208,1205,-1,1215,1205,1200,-1,1215,1200,1211,-1,1218,1201,1212,-1,1218,1209,1201,-1,1219,1210,1202,-1,1219,1202,1213,-1,1220,1209,1218,-1,1220,1211,1209,-1,1221,1212,1210,-1,1221,1210,1219,-1,1222,1213,1214,-1,1222,1223,1224,-1,1222,1214,1223,-1,1225,1215,1211,-1,1225,1211,1220,-1,1226,1218,1212,-1,1226,1212,1221,-1,1227,1213,1222,-1,1227,1219,1213,-1,1228,1229,1217,-1,1228,1230,1229,-1,1228,1231,1230,-1,1228,1217,1215,-1,1228,1215,1225,-1,1232,1220,1218,-1,1232,1218,1226,-1,1233,1221,1219,-1,1233,1219,1227,-1,1234,1222,1224,-1,1234,1224,1235,-1,1236,1225,1220,-1,1236,1220,1232,-1,1237,1221,1233,-1,1237,1226,1221,-1,1238,1227,1222,-1,1238,1222,1234,-1,1239,1240,1231,-1,1239,1241,1240,-1,1239,1242,1241,-1,1239,1231,1228,-1,1239,1228,1225,-1,1239,1225,1236,-1,1243,1226,1237,-1,1243,1232,1226,-1,1244,1227,1238,-1,1244,1233,1227,-1,1245,1246,1247,-1,1245,1235,1246,-1,1245,1234,1235,-1,1248,1232,1243,-1,1248,1236,1232,-1,1249,1233,1244,-1,1249,1237,1233,-1,1250,1234,1245,-1,1250,1238,1234,-1,1251,1239,1236,-1,1251,1252,1242,-1,1251,1253,1252,-1,1251,1242,1239,-1,1251,1236,1248,-1,1254,1237,1249,-1,1254,1243,1237,-1,1255,1238,1250,-1,1255,1244,1238,-1,1256,1245,1247,-1,1256,1247,1257,-1,1258,1243,1254,-1,1258,1248,1243,-1,1259,1244,1255,-1,1259,1249,1244,-1,1260,1250,1245,-1,1260,1245,1256,-1,1261,1248,1258,-1,1261,1251,1248,-1,1261,1262,1253,-1,1261,1263,1262,-1,1261,1264,1263,-1,1261,1253,1251,-1,1265,1249,1259,-1,1265,1254,1249,-1,1266,1255,1250,-1,1266,1250,1260,-1,1267,1256,1257,-1,1267,1268,1151,-1,1267,1257,1268,-1,1269,1258,1254,-1,1269,1254,1265,-1,1270,1255,1266,-1,1270,1259,1255,-1,1271,1256,1267,-1,1271,1260,1256,-1,1272,1273,1264,-1,1272,1274,1273,-1,1272,1264,1261,-1,1272,1258,1269,-1,1272,1261,1258,-1,1275,1265,1259,-1,1275,1259,1270,-1,1276,1260,1271,-1,1276,1266,1260,-1,1277,1267,1151,-1,1277,1278,1279,-1,1277,1280,1278,-1,1277,1150,1280,-1,1277,1151,1150,-1,1281,1269,1265,-1,1281,1265,1275,-1,1282,1270,1266,-1,1282,1266,1276,-1,1283,1267,1277,-1,1283,1271,1267,-1,1283,1284,1285,-1,1283,1286,1284,-1,1283,1279,1286,-1,1283,1277,1279,-1,1287,1288,1274,-1,1287,1289,1288,-1,1287,1290,1289,-1,1287,1274,1272,-1,1287,1269,1281,-1,1287,1272,1269,-1,1291,1275,1270,-1,1291,1270,1282,-1,1292,1271,1283,-1,1292,1293,1294,-1,1292,1295,1293,-1,1292,1285,1295,-1,1292,1276,1271,-1,1292,1283,1285,-1,1296,1297,1298,-1,1296,1299,1297,-1,1296,1275,1291,-1,1296,1281,1275,-1,1300,1282,1276,-1,1300,1276,1292,-1,1300,1301,1302,-1,1300,1303,1301,-1,1304,1290,1287,-1,1304,1305,1290,-1,1304,1306,1305,-1,1304,1298,1306,-1,1304,1281,1296,-1,1304,1296,1298,-1,1304,1287,1281,-1,1307,1282,1300,-1,1307,1308,1309,-1,1307,1310,1308,-1,1307,1302,1310,-1,1307,1291,1282,-1,1307,1300,1302,-1,1311,1296,1291,-1,1311,1291,1307,-1,1311,1312,1299,-1,1311,1313,1312,-1,1311,1309,1313,-1,1311,1299,1296,-1,1311,1307,1309,-1,1314,1303,1300,-1,1314,1315,1303,-1,1314,1294,1315,-1,1314,1300,1292,-1,1314,1292,1294,-1,1206,1193,1194,-1,1182,1183,1192,-1,1175,1193,1206,-1,1175,1182,1192,-1,1175,1176,1182,-1,1175,1192,1193,-1,1217,1208,1216,-1,1229,1208,1217,-1,1229,1207,1208,-1,1168,1175,1206,-1,1168,1169,1170,-1,1168,1170,1175,-1,1168,1206,1207,-1,1231,1207,1229,-1,1231,1229,1230,-1,1162,1168,1207,-1,1162,1163,1168,-1,1242,1240,1241,-1,1253,1240,1242,-1,1253,1242,1252,-1,1148,1154,1155,-1,1148,1155,1156,-1,1148,1156,1161,-1,1148,1161,1162,-1,1263,1253,1262,-1,1274,1263,1264,-1,1274,1264,1273,-1,1316,1263,1274,-1,1316,1207,1231,-1,1316,1317,1318,-1,1316,1318,1319,-1,1316,1319,1149,-1,1316,1149,1148,-1,1316,1162,1207,-1,1316,1148,1162,-1,1316,1240,1253,-1,1316,1231,1240,-1,1316,1253,1263,-1,1289,1274,1288,-1,1320,1321,1322,-1,1320,1322,1316,-1,1305,1289,1290,-1,1305,1274,1289,-1,1297,1306,1298,-1,1323,1320,1316,-1,1323,1324,1325,-1,1323,1325,1326,-1,1323,1326,1320,-1,1312,1297,1299,-1,1327,1323,1316,-1,1327,1328,1323,-1,1313,1297,1312,-1,1329,1316,1274,-1,1329,1305,1306,-1,1329,1274,1305,-1,1329,1327,1316,-1,1308,1313,1309,-1,1308,1297,1313,-1,1330,1331,1329,-1,1332,1330,1329,-1,1302,1308,1310,-1,1333,1332,1329,-1,1301,1297,1308,-1,1301,1308,1302,-1,1294,1303,1315,-1,1334,1335,1336,-1,1334,1336,1337,-1,1334,1337,1338,-1,1334,1338,1333,-1,1334,1333,1329,-1,1295,1301,1303,-1,1295,1294,1293,-1,1295,1297,1301,-1,1295,1303,1294,-1,1339,1340,1334,-1,1341,1329,1306,-1,1341,1334,1329,-1,1341,1339,1334,-1,1279,1284,1286,-1,1278,1295,1285,-1,1278,1285,1284,-1,1278,1284,1279,-1,1342,1343,1344,-1,1342,1344,1341,-1,1150,1278,1280,-1,1152,1278,1150,-1,1345,1346,1347,-1,1345,1347,1342,-1,1348,1342,1341,-1,1348,1345,1342,-1,1348,1306,1297,-1,1348,1297,1295,-1,1348,1341,1306,-1,1349,1350,1351,-1,1352,1152,1353,-1,1352,1353,1354,-1,1352,1354,1355,-1,1352,1355,1356,-1,1357,1348,1295,-1,1357,1351,1348,-1,1357,1349,1351,-1,1358,1352,1359,-1,1358,1278,1152,-1,1358,1152,1352,-1,1360,1361,1357,-1,1362,1363,1360,-1,1362,1360,1357,-1,1364,1365,1366,-1,1367,1358,1365,-1,1367,1365,1364,-1,1368,1358,1367,-1,1369,1295,1278,-1,1369,1278,1358,-1,1369,1358,1368,-1,1370,1371,1372,-1,1373,1369,1374,-1,1373,1295,1369,-1,1375,1376,1370,-1,1375,1372,1377,-1,1375,1377,1362,-1,1375,1357,1295,-1,1375,1362,1357,-1,1375,1370,1372,-1,1375,1295,1373,-1,1147,1149,1319,-1,1152,1151,1353,-1,1378,1323,1328,-1,1378,1324,1323,-1,1379,1338,1337,-1,1379,1333,1338,-1,1379,1332,1333,-1,1380,1332,1379,-1,1380,1330,1332,-1,1380,1331,1330,-1,1380,1329,1331,-1,1381,1340,1339,-1,1381,1334,1340,-1,1381,1335,1334,-1,1382,1327,1329,-1,1382,1328,1327,-1,1382,1329,1380,-1,1382,1378,1328,-1,1383,1379,1337,-1,1383,1336,1335,-1,1383,1337,1336,-1,1383,1335,1381,-1,1384,1378,1382,-1,1384,1325,1324,-1,1384,1326,1325,-1,1384,1320,1326,-1,1384,1324,1378,-1,1385,1379,1383,-1,1385,1380,1379,-1,1386,1381,1339,-1,1386,1344,1343,-1,1386,1341,1344,-1,1386,1339,1341,-1,1387,1320,1384,-1,1387,1321,1320,-1,1387,1322,1321,-1,1387,1316,1322,-1,1388,1382,1380,-1,1388,1380,1385,-1,1389,1381,1386,-1,1389,1383,1381,-1,1390,1316,1387,-1,1390,1147,1319,-1,1390,1317,1316,-1,1390,1318,1317,-1,1390,1319,1318,-1,1391,1384,1382,-1,1391,1382,1388,-1,1392,1385,1383,-1,1392,1383,1389,-1,1393,1342,1347,-1,1393,1343,1342,-1,1393,1386,1343,-1,1394,1387,1384,-1,1394,1384,1391,-1,1395,1388,1385,-1,1395,1385,1392,-1,1396,1386,1393,-1,1396,1389,1386,-1,1397,1158,1147,-1,1397,1387,1394,-1,1397,1159,1158,-1,1397,1390,1387,-1,1397,1147,1390,-1,1398,1391,1388,-1,1398,1388,1395,-1,1399,1392,1389,-1,1399,1389,1396,-1,1400,1345,1348,-1,1400,1346,1345,-1,1400,1347,1346,-1,1400,1393,1347,-1,1401,1391,1398,-1,1401,1394,1391,-1,1402,1395,1392,-1,1402,1392,1399,-1,1403,1393,1400,-1,1403,1396,1393,-1,1404,1165,1159,-1,1404,1394,1401,-1,1404,1397,1394,-1,1404,1159,1397,-1,1405,1395,1402,-1,1405,1398,1395,-1,1406,1396,1403,-1,1406,1399,1396,-1,1407,1351,1350,-1,1407,1348,1351,-1,1407,1400,1348,-1,1408,1398,1405,-1,1408,1401,1398,-1,1409,1402,1399,-1,1409,1399,1406,-1,1410,1400,1407,-1,1410,1403,1400,-1,1411,1172,1165,-1,1411,1173,1172,-1,1411,1404,1401,-1,1411,1401,1408,-1,1411,1165,1404,-1,1412,1405,1402,-1,1412,1402,1409,-1,1413,1403,1410,-1,1413,1406,1403,-1,1414,1357,1361,-1,1414,1349,1357,-1,1414,1350,1349,-1,1414,1407,1350,-1,1415,1408,1405,-1,1415,1405,1412,-1,1416,1406,1413,-1,1416,1409,1406,-1,1417,1410,1407,-1,1417,1407,1414,-1,1418,1180,1173,-1,1418,1411,1408,-1,1418,1408,1415,-1,1418,1173,1411,-1,1419,1412,1409,-1,1419,1409,1416,-1,1420,1413,1410,-1,1420,1410,1417,-1,1421,1414,1361,-1,1421,1363,1362,-1,1421,1360,1363,-1,1421,1361,1360,-1,1422,1412,1419,-1,1422,1415,1412,-1,1423,1413,1420,-1,1423,1416,1413,-1,1424,1417,1414,-1,1424,1414,1421,-1,1425,1187,1180,-1,1425,1188,1187,-1,1425,1180,1418,-1,1425,1418,1415,-1,1425,1415,1422,-1,1426,1416,1423,-1,1426,1419,1416,-1,1427,1420,1417,-1,1427,1417,1424,-1,1428,1419,1426,-1,1428,1422,1419,-1,1429,1420,1427,-1,1429,1423,1420,-1,1430,1424,1421,-1,1430,1377,1372,-1,1430,1362,1377,-1,1430,1421,1362,-1,1431,1422,1428,-1,1431,1425,1422,-1,1431,1197,1188,-1,1431,1188,1425,-1,1432,1423,1429,-1,1432,1426,1423,-1,1433,1424,1430,-1,1433,1427,1424,-1,1434,1428,1426,-1,1434,1426,1432,-1,1435,1429,1427,-1,1435,1427,1433,-1,1436,1430,1372,-1,1436,1370,1376,-1,1436,1371,1370,-1,1436,1372,1371,-1,1437,1431,1428,-1,1437,1203,1197,-1,1437,1197,1431,-1,1437,1428,1434,-1,1437,1204,1203,-1,1438,1432,1429,-1,1438,1429,1435,-1,1439,1433,1430,-1,1439,1430,1436,-1,1440,1432,1438,-1,1440,1434,1432,-1,1441,1435,1433,-1,1441,1433,1439,-1,1442,1434,1440,-1,1442,1437,1434,-1,1442,1204,1437,-1,1442,1214,1204,-1,1443,1435,1441,-1,1443,1438,1435,-1,1444,1436,1376,-1,1444,1373,1374,-1,1444,1375,1373,-1,1444,1376,1375,-1,1444,1439,1436,-1,1445,1438,1443,-1,1445,1440,1438,-1,1446,1441,1439,-1,1446,1439,1444,-1,1447,1442,1440,-1,1447,1440,1445,-1,1447,1214,1442,-1,1447,1224,1223,-1,1447,1223,1214,-1,1448,1443,1441,-1,1448,1441,1446,-1,1449,1443,1448,-1,1449,1445,1443,-1,1450,1444,1374,-1,1450,1369,1368,-1,1450,1374,1369,-1,1450,1446,1444,-1,1451,1447,1445,-1,1451,1445,1449,-1,1451,1224,1447,-1,1451,1235,1224,-1,1452,1448,1446,-1,1452,1446,1450,-1,1453,1448,1452,-1,1453,1449,1448,-1,1454,1367,1364,-1,1454,1368,1367,-1,1454,1450,1368,-1,1455,1449,1453,-1,1455,1451,1449,-1,1455,1247,1246,-1,1455,1246,1235,-1,1455,1235,1451,-1,1456,1365,1358,-1,1456,1366,1365,-1,1456,1364,1366,-1,1456,1452,1450,-1,1456,1454,1364,-1,1456,1450,1454,-1,1457,1453,1452,-1,1457,1452,1456,-1,1458,1453,1457,-1,1458,1257,1247,-1,1458,1455,1453,-1,1458,1247,1455,-1,1459,1352,1356,-1,1459,1359,1352,-1,1459,1358,1359,-1,1459,1457,1456,-1,1459,1456,1358,-1,1460,1257,1458,-1,1460,1458,1457,-1,1460,1151,1268,-1,1460,1268,1257,-1,1460,1457,1459,-1,1461,1151,1460,-1,1461,1460,1459,-1,1461,1354,1353,-1,1461,1355,1354,-1,1461,1356,1355,-1,1461,1353,1151,-1,1461,1459,1356            ]
            ccw TRUE
          }
        }
        Shape {
          appearance DEF M3 Appearance {
            material Material {
              diffuseColor 0.79216 0.81961 0.93333
              specularColor 0.05 0.05 0.05
              shininess 0.5
            }
          }
          geometry IndexedFaceSet {
            coord Coordinate {
              point [
35.59999847 -8.0089922 -5.5999999,38.3211441 -6.46041059 -5.5999999,35.59999847 -8.0089922 -1.60000002,38.3211441 -6.46041059 -1.60000002,35.59999847 8.0089922 -5.5999999,35.59999847 8.0089922 -1.60000002,38.3211441 6.46041059 -1.60000002,38.3211441 6.46041059 -5.5999999              ]
            }
            coordIndex [
0,1,2,-1,2,1,3,-1,4,0,5,-1,5,0,2,-1,6,7,5,-1,7,4,5,-1,1,7,3,-1,3,7,6,-1,7,0,4,-1,7,1,0,-1,3,6,5,-1,3,5,2            ]
            ccw TRUE
          }
        }
        Shape {
          appearance DEF M4 Appearance {
            material Material {
              diffuseColor 1 0.85882 1
              specularColor 0.05 0.05 0.05
              shininess 0.5
            }
          }
          geometry IndexedFaceSet {
            coord Coordinate {
              point [
-33 -8 -10.19999981,33 -8 -10.19999981,-33 -8 -10.10000038,33 -8 -10.10000038,-33 8 -10.19999981,-33 8 -10.10000038,33 8 -10.19999981,33 8 -10.10000038              ]
            }
            coordIndex [
0,1,2,-1,2,1,3,-1,4,2,5,-1,4,0,2,-1,6,4,7,-1,7,4,5,-1,1,7,3,-1,1,6,7,-1,6,1,0,-1,6,0,4,-1,2,7,5,-1,3,7,2            ]
            ccw TRUE
          }
        }
      ]
    }
  ]
}
