#VRML V2.0 utf8
# File generated by ImageToStl.com - Free Image and 3D model conversion tools

Group {
  children [
    Group {
      children [
        Shape {
          appearance DEF M1 Appearance {
            material Material {
              diffuseColor 0.75294 0.75294 0.75294
              specularColor 0.05 0.05 0.05
              shininess 0.5
            }
          }
          geometry IndexedFaceSet {
            coord Coordinate {
              point [
-1.24009252 0.59925413 -1,-1.26999998 0.60000002 -0.6347146,-1.24009252 0.59925413 -0.6347146,-1.26999998 0.60000002 -1,-1.21025932 0.59701848 -1,-1.21025932 0.59701848 -0.6347146,-1.18057466 0.59329849 -1,-1.18057466 0.59329849 -0.6347146,-1.15111232 0.58810347 -1,-1.15111232 0.58810347 -0.6347146,-1.12194562 0.58144635 -1,-1.12194562 0.58144635 -0.6347146,-1.09314692 0.57334369 -1,-1.09314692 0.57334369 -0.6347146,-1.06478786 0.56381559 -1,-1.06478786 0.56381559 -0.6347146,-1.03693914 0.55288571 -1,-1.03693914 0.55288571 -0.6347146,-1.00966978 0.54058135 -1,-1.00966978 0.54058135 -0.6347146,-0.9830476 0.52693295 -1,-0.9830476 0.52693295 -0.6347146,-0.9571389 0.51197451 -1,-0.9571389 0.51197451 -0.6347146,-0.93200797 0.49574327 -1,-0.93200797 0.49574327 -0.6347146,-0.90771735 0.4782795 -1,-0.90771735 0.4782795 -0.6347146,-0.88432741 0.45962667 -1,-0.88432741 0.45962667 -0.6347146,-0.86189634 0.43983114 -1,-0.86189634 0.43983114 -0.6347146,-0.84047991 0.41894209 -1,-0.84047991 0.41894209 -0.6347146,-0.8201313 0.39701149 -1,-0.8201313 0.39701149 -0.6347146,-0.80090111 0.37409389 -1,-0.80090111 0.37409389 -0.6347146,-0.78283721 0.35024619 -1,-0.78283721 0.35024619 -0.6347146,-0.76598448 0.32552776 -1,-0.76598448 0.32552776 -0.6347146,-0.75038475 0.30000001 -1,-0.75038475 0.30000001 -0.6347146,-0.73607689 0.2737264 -1,-0.73607689 0.2737264 -0.6347146,-0.72309649 0.24677226 -1,-0.72309649 0.24677226 -0.6347146,-0.71147573 0.21920462 -1,-0.71147573 0.21920462 -0.6347146,-0.70124358 0.19109198 -1,-0.70124358 0.19109198 -0.6347146,-0.69242543 0.16250429 -1,-0.69242543 0.16250429 -0.6347146,-0.68504328 0.13351256 -1,-0.68504328 0.13351256 -0.6347146,-0.67911536 0.1041889 -1,-0.67911536 0.1041889 -0.6347146,-0.67465645 0.07460622 -1,-0.67465645 0.07460622 -0.6347146,-0.67167771 0.04483806 -1,-0.67167771 0.04483806 -0.6347146,-0.67018652 0.01495842 -1,-0.67018652 0.01495842 -0.6347146,-0.67018652 -0.01495842 -1,-0.67018652 -0.01495842 -0.6347146,-0.67167771 -0.04483806 -1,-0.67167771 -0.04483806 -0.6347146,-0.67465645 -0.07460622 -1,-0.67465645 -0.07460622 -0.6347146,-0.67911536 -0.1041889 -1,-0.67911536 -0.1041889 -0.6347146,-0.68504328 -0.13351256 -1,-0.68504328 -0.13351256 -0.6347146,-0.69242543 -0.16250429 -1,-0.69242543 -0.16250429 -0.6347146,-0.70124358 -0.19109198 -1,-0.70124358 -0.19109198 -0.6347146,-0.71147573 -0.21920462 -1,-0.71147573 -0.21920462 -0.6347146,-0.72309649 -0.24677226 -1,-0.72309649 -0.24677226 -0.6347146,-0.73607689 -0.2737264 -1,-0.73607689 -0.2737264 -0.6347146,-0.75038475 -0.30000001 -1,-0.75038475 -0.30000001 -0.6347146,-0.76598448 -0.32552776 -1,-0.76598448 -0.32552776 -0.6347146,-0.78283721 -0.35024619 -1,-0.78283721 -0.35024619 -0.6347146,-0.80090111 -0.37409389 -1,-0.80090111 -0.37409389 -0.6347146,-0.8201313 -0.39701149 -1,-0.8201313 -0.39701149 -0.6347146,-0.84047991 -0.41894209 -1,-0.84047991 -0.41894209 -0.6347146,-0.86189634 -0.43983114 -1,-0.86189634 -0.43983114 -0.6347146,-0.88432741 -0.45962667 -1,-0.88432741 -0.45962667 -0.6347146,-0.90771735 -0.4782795 -1,-0.90771735 -0.4782795 -0.6347146,-0.93200797 -0.49574327 -1,-0.93200797 -0.49574327 -0.6347146,-0.9571389 -0.51197451 -1,-0.9571389 -0.51197451 -0.6347146,-0.9830476 -0.52693295 -1,-0.9830476 -0.52693295 -0.6347146,-1.00966978 -0.54058135 -1,-1.00966978 -0.54058135 -0.6347146,-1.03693914 -0.55288571 -1,-1.03693914 -0.55288571 -0.6347146,-1.06478786 -0.56381559 -1,-1.06478786 -0.56381559 -0.6347146,-1.09314692 -0.57334369 -1,-1.09314692 -0.57334369 -0.6347146,-1.12194562 -0.58144635 -1,-1.12194562 -0.58144635 -0.6347146,-1.15111232 -0.58810347 -1,-1.15111232 -0.58810347 -0.6347146,-1.18057466 -0.59329849 -1,-1.18057466 -0.59329849 -0.6347146,-1.21025932 -0.59701848 -1,-1.21025932 -0.59701848 -0.6347146,-1.24009252 -0.59925413 -1,-1.24009252 -0.59925413 -0.6347146,-1.26999998 -0.60000002 -1,-1.26999998 -0.60000002 -0.6347146,-1.26999998 -0.59936619 -0.60831797,-1.25354004 -0.34331837 -0.16970778,-1.26999998 -0.34333333 -0.16946678,-1.26999998 -0.36532438 -0.18408114,-1.26999998 0.59936619 -0.60831797,-1.2281903 -0.59790617 -0.60831797,-1.22832286 -0.59601086 -0.58198214,-1.26999998 -0.59746623 -0.58198214,-1.18658435 -0.59353322 -0.60831797,-1.2285434 -0.59285682 -0.55576783,-1.26999998 -0.5943045 -0.55576783,-1.18684876 -0.59165174 -0.58198214,-1.14538479 -0.5862686 -0.60831797,-1.22885144 -0.58845139 -0.52973551,-1.26999998 -0.58988833 -0.52973551,-1.18728876 -0.58852077 -0.55576783,-1.14577973 -0.58441019 -0.58198214,-1.10479224 -0.57614774 -0.60831797,-1.22924638 -0.58280462 -0.50394511,-1.26999998 -0.5842278 -0.50394511,-1.1879034 -0.58414757 -0.52973551,-1.14643717 -0.58131754 -0.55576783,-1.10531604 -0.57432139 -0.58198214,-1.22972703 -0.57592964 -0.47845608,-1.26999998 -0.57733601 -0.47845608,-1.06500471 -0.56321996 -0.60831797,-1.18869126 -0.57854211 -0.50394511,-1.14735532 -0.57699782 -0.52973551,-1.10618746 -0.57128215 -0.55576783,-1.23029256 -0.56784225 -0.45332724,-1.26999998 -0.56922889 -0.45332724,-1.06565452 -0.56143463 -0.58198214,-1.1896503 -0.57171744 -0.47845608,-1.02621579 -0.54754829 -0.60831797,-1.14853227 -0.57146102 -0.50394511,-1.10740471 -0.56703705 -0.52973551,-1.23094165 -0.55856109 -0.4286164,-1.26999998 -0.55992502 -0.4286164,-1.06673586 -0.55846357 -0.55576783,-1.19077861 -0.56368917 -0.45332724,-1.02698863 -0.54581255 -0.58198214,-1.14996505 -0.56471986 -0.47845608,-0.98861462 -0.52920896 -0.60831797,-1.10896504 -0.5615958 -0.50394511,-1.23167264 -0.5481075 -0.40438059,-1.26999998 -0.54944593 -0.40438059,-1.06824636 -0.55431366 -0.52973551,-1.19207346 -0.55447584 -0.4286164,-1.02827454 -0.54292417 -0.55576783,-1.15165067 -0.55678988 -0.45332724,-0.9895066 -0.52753139 -0.58198214,-1.11086464 -0.55497098 -0.47845608,-1.23248386 -0.53650564 -0.38067564,-1.26999998 -0.53781575 -0.38067564,-0.95238429 -0.50829136 -0.60831797,-1.07018232 -0.54899454 -0.50394511,-1.19353187 -0.54409873 -0.40438059,-1.03007078 -0.53888977 -0.52973551,-1.15358508 -0.54768932 -0.4286164,-0.99099094 -0.52473974 -0.55576783,-1.11309922 -0.54717791 -0.45332724,-1.23337352 -0.52378225 -0.35755619,-1.26999998 -0.52506125 -0.35755619,-0.95339113 -0.50668013 -0.58198214,-1.07253945 -0.54251838 -0.47845608,-1.19515049 -0.53258175 -0.38067564,-0.91770136 -0.48489743 -0.60831797,-1.03237319 -0.53371865 -0.50394511,-1.15576375 -0.53743923 -0.40438059,-0.99306422 -0.52084047 -0.52973551,-1.11566377 -0.53823447 -0.4286164,-1.23433971 -0.50996661 -0.33507553,-1.26999998 -0.51121187 -0.33507553,-0.95506656 -0.50399882 -0.55576783,-1.07531226 -0.53490019 -0.45332724,-1.19692564 -0.5199514 -0.35755619,-0.91881818 -0.48336035 -0.58198214,-1.03517628 -0.52742267 -0.47845608,-1.15818179 -0.5260632 -0.38067564,-0.88473481 -0.45914114 -0.60831797,-0.99572164 -0.5158425 -0.50394511,-1.11855221 -0.52816135 -0.40438059,-1.23537993 -0.4950906 -0.31328544,-1.26999998 -0.49629956 -0.31328544,-0.95740682 -0.50025368 -0.52973551,-1.07849431 -0.52615744 -0.4286164,-1.19885302 -0.50623679 -0.33507553,-0.92067659 -0.48080245 -0.55576783,-1.03847373 -0.52001643 -0.45332724,-1.1608336 -0.51358742 -0.35755619,-0.88595611 -0.45768568 -0.58198214,-0.99895716 -0.50975746 -0.47845608,-1.12175786 -0.51698166 -0.38067564,-0.85364527 -0.43114796 -0.60831797,-1.23649192 -0.47918847 -0.29223618,-1.26999998 -0.4803586 -0.29223618,-0.96040642 -0.49545327 -0.50394511,-1.08207846 -0.51631027 -0.40438059,-1.20092845 -0.49146959 -0.31328544,-0.92327237 -0.47722965 -0.52973551,-1.04225802 -0.51151699 -0.4286164,-1.1637131 -0.50004071 -0.33507553,-0.88798845 -0.45526367 -0.55576783,-1.23731411 -0.46742991 -0.27792612,-1.26999998 -0.46342579 -0.27197623,-1.00276327 -0.50259924 -0.45332724,-1.12527347 -0.50472128 -0.35755619,-0.85496509 -0.42978126 -0.58198214,-0.96405852 -0.48960871 -0.47845608,-1.08605623 -0.50538146 -0.38067564,-0.82458413 -0.40105426 -0.60831797,-1.20314705 -0.47568378 -0.29223618,-0.9265995 -0.4726502 -0.50394511,-1.23817801 -0.45507604 -0.26388866,-1.26999998 -0.4455401 -0.25255233,-1.04652023 -0.50194383 -0.40438059,-1.16681349 -0.4854542 -0.31328544,-0.89082712 -0.45188066 -0.52973551,-1.0071311 -0.49438444 -0.4286164,-1.12909091 -0.49140841 -0.33507553,-0.8571614 -0.42750689 -0.55576783,-1.20478749 -0.46401122 -0.27792612,-0.96835464 -0.48273346 -0.45332724,-1.09041846 -0.49339619 -0.35755619,-0.82599604 -0.39978296 -0.58198214,-0.93065041 -0.46707463 -0.47845608,-1.05125058 -0.49131912 -0.38067564,-0.79769301 -0.36900666 -0.60831797,-1.17012787 -0.4698616 -0.29223618,-1.23973584 -0.43279788 -0.24081674,-1.26999998 -0.42674282 -0.23400919,-0.89446563 -0.44754446 -0.50394511,-1.20651102 -0.45174769 -0.26388866,-1.01205075 -0.48513198 -0.40438059,-1.13320136 -0.47707376 -0.31328544,-0.86022913 -0.42433015 -0.52973551,-0.97328496 -0.47484335 -0.4286164,-1.09515524 -0.48038206 -0.33507553,-0.82834566 -0.39766735 -0.55576783,-1.17257857 -0.45833194 -0.27792612,-0.93541569 -0.46051583 -0.45332724,-1.05643833 -0.47966734 -0.35755619,-0.79919016 -0.36783695 -0.58198214,-0.89889556 -0.44226503 -0.47845608,-1.01751077 -0.47486311 -0.38067564,-1.24131978 -0.41014552 -0.21989803,-1.26999998 -0.40707725 -0.21638957,-0.77310288 -0.33516133 -0.60831797,-1.13759518 -0.46175033 -0.29223618,-1.20961905 -0.42963248 -0.24081674,-0.86416125 -0.42025831 -0.50394511,-1.17515337 -0.44621849 -0.26388866,-0.97883803 -0.46595657 -0.40438059,-1.10025561 -0.46636903 -0.31328544,-0.83162755 -0.39471233 -0.52973551,-0.94088435 -0.45298886 -0.4286164,-1.06207144 -0.4670153 -0.33507553,-0.80168164 -0.36589038 -0.55576783,-1.14084423 -0.45041966 -0.27792612,-0.90410674 -0.43605462 -0.45332724,-1.02349865 -0.46360159 -0.35755619,-1.24277568 -0.38932589 -0.20261297,-1.26999998 -0.38658869 -0.19973409,-0.77467805 -0.33409888 -0.58198214,-0.8689487 -0.41530079 -0.47845608,-0.98500109 -0.45609361 -0.38067564,-1.2127794 -0.4071458 -0.21989803,-0.75093365 -0.29968309 -0.60831797,-1.10570765 -0.45138943 -0.29223618,-1.17979658 -0.42437398 -0.24081674,-0.83583415 -0.39092469 -0.50394511,-1.14425778 -0.43851537 -0.26388866,-0.94704378 -0.44451109 -0.40438059,-1.06813681 -0.45339221 -0.31328544,-0.80516165 -0.36317152 -0.52973551,-1.24403846 -0.37126753 -0.18895255,-0.91008711 -0.42892745 -0.4286164,-1.03000057 -0.45137331 -0.33507553,-0.77729923 -0.33233085 -0.55576783,-1.10973918 -0.44031304 -0.27792612,-0.87458038 -0.40946898 -0.45332724,-0.9917599 -0.44527721 -0.35755619,-1.21568406 -0.38647845 -0.20261297,-0.75257903 -0.29873312 -0.58198214,-0.84095573 -0.3863132 -0.47845608,-1.24510002 -0.35608652 -0.17833979,-1.2371099 -0.3432748 -0.17043078,-0.95387983 -0.43510208 -0.38067564,-1.18451774 -0.40216252 -0.21989803,-0.73129326 -0.26274484 -0.60831797,-1.0746206 -0.43882942 -0.29223618,-1.15041339 -0.41704795 -0.24081674,-0.80962223 -0.35968655 -0.50394511,-1.11397481 -0.4286758 -0.26388866,-0.91682297 -0.42090002 -0.40438059,-1.03700149 -0.43820649 -0.31328544,-0.78096044 -0.32986134 -0.52973551,-1.21820343 -0.36855215 -0.18895255,-0.88104337 -0.40277636 -0.4286164,-0.99909896 -0.43353227 -0.33507553,-0.75531721 -0.29715225 -0.55576783,-1.07941484 -0.42806122 -0.27792612,-0.84698051 -0.38088846 -0.45332724,-0.96137673 -0.4247835 -0.35755619,-1.18885696 -0.38174811 -0.20261297,-0.73300087 -0.26191196 -0.58198214,-0.81505299 -0.35544354 -0.47845608,-1.2203213 -0.35348219 -0.17833979,-1.21469164 -0.34317249 -0.17220213,-0.9242987 -0.41199076 -0.38067564,-1.15667248 -0.39521992 -0.21989803,-0.71427733 -0.22452652 -0.60831797,-1.04448533 -0.42413145 -0.29223618,-1.12161291 -0.40769011 -0.24081674,-0.78565323 -0.32669604 -0.50394511,-1.08445191 -0.41674781 -0.26388866,-0.88832277 -0.39523834 -0.40438059,-1.00700128 -0.42088589 -0.31328544,-0.75914174 -0.29494417 -0.52973551,-1.19262064 -0.36404124 -0.18895255,-0.85389459 -0.37466297 -0.4286164,-0.96951717 -0.41357911 -0.33507553,-0.73584265 -0.26052594 -0.55576783,-1.05001903 -0.41372395 -0.27792612,-0.82144153 -0.35045227 -0.45332724,-0.93249714 -0.40222028 -0.35755619,-1.16242516 -0.37515792 -0.20261297,-0.71603894 -0.22381479 -0.58198214,-0.79136676 -0.32284221 -0.47845608,-1.19578469 -0.34915572 -0.17833979,-1.19239426 -0.34302562 -0.17487673,-0.89640176 -0.38687226 -0.38067564,-1.12937939 -0.38635185 -0.21989803,-0.69996887 -0.18521434 -0.60831797,-1.01544869 -0.4073672 -0.29223618,-1.09353542 -0.39634603 -0.24081674,-0.76404387 -0.2921139 -0.50394511,-1.0558331 -0.40278944 -0.26388866,-0.86168212 -0.3676511 -0.40438059,-0.97828245 -0.40151477 -0.31328544,-0.7398119 -0.25859001 -0.52973551,-1.1674149 -0.35775673 -0.18895255,-1.14831161 -0.34261894 -0.18293546,-1.17025506 -0.34283936 -0.17845453,-0.82877308 -0.34472427 -0.4286164,-0.94139934 -0.39161104 -0.33507553,-0.71897048 -0.2226304 -0.55576783,-1.02169502 -0.39737102 -0.27792612,-0.79808789 -0.31830874 -0.45332724,-0.90526181 -0.37769747 -0.35755619,-1.13651752 -0.36674002 -0.20261297,-0.70177585 -0.18462722 -0.58198214,-0.77001232 -0.28866801 -0.47845608,-0.87032503 -0.35986897 -0.38067564,-1.1027714 -0.37560153 -0.21989803,-0.68843752 -0.1449998 -0.60831797,-0.9876523 -0.38861826 -0.29223618,-1.06631756 -0.38307101 -0.24081674,-0.74489957 -0.25610861 -0.50394511,-1.02825761 -0.38686875 -0.26388866,-0.83703071 -0.33827269 -0.40438059,-0.95098478 -0.38018751 -0.31328544,-0.72306508 -0.22097605 -0.52973551,-1.1427089 -0.3497293 -0.18895255,-1.12660134 -0.34236959 -0.18831947,-0.80580109 -0.31310609 -0.4286164,-0.91488236 -0.36773506 -0.33507553,-0.70478284 -0.1836502 -0.55576783,-0.99458069 -0.37908217 -0.27792612,-0.77703333 -0.28461444 -0.45332724,-0.87980342 -0.35133457 -0.35755619,-1.11126018 -0.3565354 -0.20261297,-1.10516179 -0.34209645 -0.1946065,-0.69028103 -0.14454016 -0.58198214,-0.7510938 -0.25308746 -0.47845608,-0.8461954 -0.33111244 -0.38067564,-1.07697809 -0.36302131 -0.21989803,-1.0632447 -0.34149975 -0.20988937,-1.08403039 -0.34180477 -0.20179647,-0.67973953 -0.10407884 -0.60831797,-0.96123147 -0.36797604 -0.29223618,-1.04009199 -0.3679297 -0.24081674,-1.02286017 -0.34087047 -0.22878361,-1.04284215 -0.34118655 -0.21888509,-0.72831345 -0.21885557 -0.50394511,-1.0018599 -0.36906326 -0.26388866,-0.98430812 -0.34025028 -0.25128874,-1.00333643 -0.34055662 -0.23958485,-0.81448865 -0.30724627 -0.40438059,-0.92524135 -0.35700801 -0.31328544,-0.70898288 -0.18228552 -0.52973551,-0.78509068 -0.27996251 -0.4286164,-0.89009553 -0.34206754 -0.33507553,-0.69334888 -0.14377527 -0.55576783,-0.96880817 -0.35894647 -0.27792612,-0.94788843 -0.33968079 -0.27740434,-0.96581298 -0.33995658 -0.26389527,-0.75838047 -0.2495335 -0.45332724,-0.85624605 -0.32326001 -0.35755619,-1.08677626 -0.34459376 -0.20261297,-0.68161064 -0.10374893 -0.58198214,-0.73470336 -0.21627387 -0.47845608,-0.82413054 -0.30074275 -0.38067564,-1.05212522 -0.34867248 -0.21989803,-0.67391717 -0.06265083 -0.60831797,-0.93631488 -0.34554106 -0.29223618,-0.93057191 -0.3394281 -0.29181591,-1.01498663 -0.35099587 -0.24081674,-0.71436638 -0.18053631 -0.50394511,-0.97676849 -0.34945974 -0.26388866,-0.79416585 -0.27472296 -0.40438059,-0.90117759 -0.33208922 -0.31328544,-0.69763392 -0.1427069 -0.52973551,-0.76674271 -0.24545498 -0.4286164,-0.86715955 -0.31473348 -0.33507553,-0.68472433 -0.1031999 -0.55576783,-0.74222016 -0.21323688 -0.45332724,-0.83470446 -0.29361054 -0.35755619,-0.67580676 -0.06245223 -0.58198214,-0.7209208 -0.17840664 -0.47845608,-0.8042379 -0.26890787 -0.38067564,-0.67099893 -0.02091758 -0.60831797,-0.91302401 -0.32142264 -0.29223618,-0.9303292 -0.32277542 -0.27792358,-0.70312625 -0.1413375 -0.50394511,-0.77616125 -0.24086124 -0.40438059,-0.8789106 -0.30555251 -0.31328544,-0.68907344 -0.10243303 -0.52973551,-0.75084656 -0.20975161 -0.4286164,-0.8461861 -0.28586605 -0.33507553,-0.67895114 -0.06212174 -0.55576783,-0.92178363 -0.31353542 -0.27792612,-0.93006521 -0.30558202 -0.26487368,-0.7286312 -0.1759014 -0.45332724,-0.8152836 -0.26253062 -0.35755619,-0.6728977 -0.02085127 -0.58198214,-0.70981336 -0.13967022 -0.47845608,-0.78661442 -0.23576291 -0.38067564,-0.67099893 0.02091758 -0.60831797,-0.89147228 -0.29573828 -0.29223618,-0.69464797 -0.10145009 -0.50394511,-0.7605626 -0.20582607 -0.40438059,-0.858549 -0.27752718 -0.31328544,-0.68334317 -0.06166012 -0.52973551,-0.73747969 -0.17302635 -0.4286164,-0.82727748 -0.25560594 -0.33507553,-0.67605752 -0.02074093 -0.55576783,-0.90076077 -0.28848132 -0.27792612,-0.71767968 -0.13770893 -0.45332724,-0.79807806 -0.23017171 -0.35755619,-0.6728977 0.02085127 -0.58198214,-0.70143503 -0.10025334 -0.47845608,-0.77134591 -0.20146933 -0.38067564,-0.67391717 0.06265083 -0.60831797,-0.87176466 -0.26861313 -0.29223618,-0.68897265 -0.06106843 -0.50394511,-0.91051954 -0.28085694 -0.26388866,-0.92946756 -0.26819476 -0.24040878,-0.92977285 -0.28714761 -0.25218624,-0.74744588 -0.16978814 -0.40438059,-0.84019196 -0.24814978 -0.31328544,-0.68047106 -0.02058681 -0.52973551,-0.72670716 -0.13545813 -0.4286164,-0.81052577 -0.22410055 -0.33507553,-0.67605752 0.02074093 -0.55576783,-0.88153678 -0.26202178 -0.27792612,-0.70941901 -0.09884556 -0.45332724,-0.78317165 -0.19669141 -0.35755619,-0.67580676 0.06245223 -0.58198214,-0.69582671 -0.06034805 -0.47845608,-0.75850683 -0.1661942 -0.38067564,-0.67973953 0.10407884 -0.60831797,-0.85399723 -0.2401793 -0.29223618,-0.68612808 -0.02038926 -0.50394511,-0.89180362 -0.25509667 -0.26388866,-0.73687494 -0.13292301 -0.40438059,-0.82392889 -0.21756341 -0.31328544,-0.68047106 0.02058681 -0.52973551,-0.7185815 -0.09722996 -0.4286164,-0.79601258 -0.19150335 -0.33507553,-0.67895114 0.06212174 -0.55576783,-0.8642053 -0.23428567 -0.27792612,-0.70388943 -0.05950062 -0.45332724,-0.77063704 -0.16225286 -0.35755619,-0.68161064 0.10374893 -0.58198214,-0.69301569 -0.02014874 -0.47845608,-0.74815971 -0.1301094 -0.38067564,-0.68843752 0.1449998 -0.60831797,-0.83825654 -0.21057534 -0.29223618,-0.91031814 -0.24260849 -0.24081674,-0.92883897 -0.22887054 -0.21957886,-0.92915457 -0.24875765 -0.22954005,-0.68612808 0.02038926 -0.50394511,-0.8749302 -0.22809364 -0.26388866,-0.72890139 -0.09541029 -0.40438059,-0.80983907 -0.18591708 -0.31328544,-0.68334317 0.06166012 -0.52973551,-0.71314228 -0.0585281 -0.4286164,-0.78380859 -0.15797317 -0.33507553,-0.68472433 0.1031999 -0.55576783,-0.84885085 -0.20540816 -0.27792612,-0.70111787 -0.0198658 -0.45332724,-0.7605353 -0.12702382 -0.35755619,-0.69028103 0.14454016 -0.58198214,-0.69301569 0.02014874 -0.47845608,-0.7403549 -0.09339073 -0.38067564,-0.69996887 0.18521434 -0.60831797,-0.82461929 -0.1799455 -0.29223618,-0.89427078 -0.21692736 -0.24081674,-0.68897265 0.06106843 -0.50394511,-0.8599816 -0.19997934 -0.26388866,-0.72356397 -0.05743274 -0.40438059,-0.7979911 -0.153365 -0.31328544,-0.68907344 0.10243303 -0.52973551,-0.71041608 -0.0195411 -0.4286164,-0.77397329 -0.12367335 -0.33507553,-0.69334888 0.14377527 -0.55576783,-0.83554822 -0.17552991 -0.27792612,-0.70111787 0.0198658 -0.45332724,-0.75291556 -0.09117594 -0.35755619,-0.70177585 0.18462722 -0.58198214,-0.69582671 0.06034805 -0.47845608,-0.73513049 -0.05621705 -0.38067564,-0.9139362 -0.20557353 -0.21989803,-0.92822063 -0.18788326 -0.20237412,-0.92852592 -0.20856766 -0.21052395,-0.71427733 0.22452652 -0.60831797,-0.81315184 -0.14843898 -0.29223618,-0.88005394 -0.19018941 -0.24081674,-0.69464797 0.10145009 -0.50394511,-0.84703052 -0.17089076 -0.26388866,-0.72088879 -0.01917539 -0.40438059,-0.78844267 -0.12006573 -0.31328544,-0.69763392 0.1427069 -0.52973551,-0.71041608 0.0195411 -0.4286164,-0.76655453 -0.08877102 -0.33507553,-0.70478284 0.1836502 -0.55576783,-0.82436216 -0.14479651 -0.27792612,-0.70388943 0.05950062 -0.45332724,-0.74781507 -0.05488385 -0.35755619,-0.71603894 0.22381479 -0.58198214,-0.70143503 0.10025334 -0.47845608,-0.73251188 -0.0187695 -0.38067564,-0.90046346 -0.18023501 -0.21989803,-0.73129326 0.26274484 -0.60831797,-0.80391014 -0.11620926 -0.29223618,-0.86773688 -0.16252485 -0.24081674,-0.70312625 0.1413375 -0.50394511,-0.8361401 -0.14096962 -0.26388866,-0.72088879 0.01917539 -0.40438059,-0.78124034 -0.08618151 -0.31328544,-0.70898288 0.18228552 -0.52973551,-0.71314228 0.0585281 -0.4286164,-0.76158857 -0.05343619 -0.33507553,-0.71897048 0.2226304 -0.55576783,-0.81534725 -0.11335766 -0.27792612,-0.70941901 0.09884556 -0.45332724,-0.74525857 -0.01832437 -0.35755619,-0.9192217 -0.171086 -0.20261297,-0.92792827 -0.16685157 -0.19512811,-0.73300087 0.26191196 -0.58198214,-0.70981336 0.13967022 -0.47845608,-0.73251188 0.0187695 -0.38067564,-0.88879108 -0.1540184 -0.21989803,-0.75093365 0.29968309 -0.60831797,-0.79693913 -0.08341339 -0.29223618,-0.85737962 -0.13406849 -0.24081674,-0.71436638 0.18053631 -0.50394511,-0.82736343 -0.11036169 -0.26388866,-0.72356397 0.05743274 -0.40438059,-0.77641922 -0.05187743 -0.31328544,-0.72306508 0.22097605 -0.52973551,-0.7185815 0.09722996 -0.4286164,-0.75909954 -0.01784104 -0.33507553,-0.73584265 0.26052594 -0.55576783,-0.80854732 -0.08136656 -0.27792612,-0.71767968 0.13770893 -0.45332724,-0.74525857 0.01832437 -0.35755619,-0.90814185 -0.14620018 -0.20261297,-0.92740273 -0.12388324 -0.18334268,-0.92765391 -0.14550681 -0.1887847,-0.75257903 0.29873312 -0.58198214,-0.7209208 0.17840664 -0.47845608,-0.73513049 0.05621705 -0.38067564,-0.87897593 -0.12705143 -0.21989803,-0.77310288 0.33516133 -0.60831797,-0.79227287 -0.05021115 -0.29223618,-0.84903258 -0.10495896 -0.24081674,-0.72831345 0.21885557 -0.50394511,-0.82074326 -0.07921609 -0.26388866,-0.72890139 0.09541029 -0.40438059,-0.77400279 -0.0173206 -0.31328544,-0.7398119 0.25859001 -0.52973551,-0.72670716 0.13545813 -0.4286164,-0.75909954 0.01784104 -0.33507553,-0.75531721 0.29715225 -0.55576783,-0.80399555 -0.04897904 -0.27792612,-0.7286312 0.1759014 -0.45332724,-0.74781507 0.05488385 -0.35755619,-0.89882493 -0.1206021 -0.20261297,-0.77467805 0.33409888 -0.58198214,-0.73470336 0.21627387 -0.47845608,-0.7403549 0.09339073 -0.38067564,-0.87106574 -0.09946547 -0.21989803,-0.79769301 0.36900666 -0.60831797,-0.78993404 -0.01676427 -0.29223618,-0.84273648 -0.07533809 -0.24081674,-0.74489957 0.25610861 -0.50394511,-0.81631178 -0.04768455 -0.26388866,-0.73687494 0.13292301 -0.40438059,-0.77400279 0.0173206 -0.31328544,-0.75914174 0.29494417 -0.52973551,-0.91604137 -0.11500813 -0.18895255,-0.92717999 -0.10201509 -0.17880081,-0.73747969 0.17302635 -0.4286164,-0.76158857 0.05343619 -0.33507553,-0.77729923 0.33233085 -0.55576783,-0.80171412 -0.0163529 -0.27792612,-0.74222016 0.21323688 -0.45332724,-0.75291556 0.09117594 -0.35755619,-0.89131629 -0.09441645 -0.20261297,-0.79919016 0.36783695 -0.58198214,-0.7510938 0.25308746 -0.47845608,-0.74815971 0.1301094 -0.38067564,-0.86509919 -0.07139494 -0.21989803,-0.82458413 0.40105426 -0.60831797,-0.78993404 0.01676427 -0.29223618,-0.83852196 -0.04535017 -0.24081674,-0.76404387 0.2921139 -0.50394511,-0.81409061 -0.01592071 -0.26388866,-0.74744588 0.16978814 -0.40438059,-0.77641922 0.05187743 -0.31328544,-0.78096044 0.32986134 -0.52973551,-0.90888101 -0.09003707 -0.18895255,-0.92699075 -0.0799366 -0.17515786,-0.75084656 0.20975161 -0.4286164,-0.76655453 0.08877102 -0.33507553,-0.80168164 0.36589038 -0.55576783,-0.80171412 0.0163529 -0.27792612,-0.75838047 0.2495335 -0.45332724,-0.7605353 0.12702382 -0.35755619,-0.8856526 -0.06777082 -0.20261297,-0.82599604 0.39978296 -0.58198214,-0.77001232 0.28866801 -0.47845608,-0.75850683 0.1661942 -0.38067564,-0.86110526 -0.04297657 -0.21989803,-0.85364527 0.43114796 -0.60831797,-0.79227287 0.05021115 -0.29223618,-0.83640957 -0.01514131 -0.24081674,-0.78565323 0.32669604 -0.50394511,-0.81409061 0.01592071 -0.26388866,-0.7605626 0.20582607 -0.40438059,-0.78124034 0.08618151 -0.31328544,-0.80516165 0.36317152 -0.52973551,-0.90348005 -0.06462736 -0.18895255,-0.76674271 0.24545498 -0.4286164,-0.77397329 0.12367335 -0.33507553,-0.82834566 0.39766735 -0.55576783,-0.80399555 0.04897904 -0.27792612,-0.77703333 0.28461444 -0.45332724,-0.77063704 0.16225286 -0.35755619,-0.88186139 -0.04079501 -0.20261297,-0.85496509 0.42978126 -0.58198214,-0.79136676 0.32284221 -0.47845608,-0.91846693 -0.06198477 -0.17833979,-0.92684013 -0.057682 -0.17241259,-0.77134591 0.20146933 -0.38067564,-0.85910338 -0.01434883 -0.21989803,-0.88473481 0.45914114 -0.60831797,-0.79693913 0.08341339 -0.29223618,-0.83640957 0.01514131 -0.24081674,-0.80962223 0.35968655 -0.50394511,-0.81631178 0.04768455 -0.26388866,-0.77616125 0.24086124 -0.40438059,-0.78844267 0.12006573 -0.31328544,-0.83162755 0.39471233 -0.52973551,-0.89986467 -0.03890279 -0.18895255,-0.78509068 0.27996251 -0.4286164,-0.78380859 0.15797317 -0.33507553,-0.8571614 0.42750689 -0.55576783,-0.80854732 0.08136656 -0.27792612,-0.79808789 0.31830874 -0.45332724,-0.78317165 0.19669141 -0.35755619,-0.87996113 -0.01362046 -0.20261297,-0.88595611 0.45768568 -0.58198214,-0.81505299 0.35544354 -0.47845608,-0.91499937 -0.03731207 -0.17833979,-0.92673343 -0.03528553 -0.17056379,-0.78661442 0.23576291 -0.38067564,-0.85910338 0.01434883 -0.21989803,-0.91770136 0.48489743 -0.60831797,-0.80391014 0.11620926 -0.29223618,-0.83852196 0.04535017 -0.24081674,-0.83583415 0.39092469 -0.50394511,-0.82074326 0.07921609 -0.26388866,-0.79416585 0.27472296 -0.40438059,-0.7979911 0.153365 -0.31328544,-0.86022913 0.42433015 -0.52973551,-0.89805257 -0.01298869 -0.18895255,-0.80580109 0.31310609 -0.4286164,-0.79601258 0.19150335 -0.33507553,-0.88798845 0.45526367 -0.55576783,-0.81534725 0.11335766 -0.27792612,-0.82144153 0.35045227 -0.45332724,-0.79807806 0.23017171 -0.35755619,-0.87996113 0.01362046 -0.20261297,-0.91881818 0.48336035 -0.58198214,-0.84095573 0.3863132 -0.47845608,-0.91326141 -0.01245759 -0.17833979,-0.92667198 0.00978737 -0.16955204,-0.92667568 -0.01278143 -0.16961022,-0.8042379 0.26890787 -0.38067564,-0.86110526 0.04297657 -0.21989803,-0.95238429 0.50829136 -0.60831797,-0.81315184 0.14843898 -0.29223618,-0.84273648 0.07533809 -0.24081674,-0.86416125 0.42025831 -0.50394511,-0.82736343 0.11036169 -0.26388866,-0.81448865 0.30724627 -0.40438059,-0.80983907 0.18591708 -0.31328544,-0.89082712 0.45188066 -0.52973551,-0.89805257 0.01298869 -0.18895255,-0.82877308 0.34472427 -0.4286164,-0.81052577 0.22410055 -0.33507553,-0.92067659 0.48080245 -0.55576783,-0.82436216 0.14479651 -0.27792612,-0.84698051 0.38088846 -0.45332724,-0.8152836 0.26253062 -0.35755619,-0.88186139 0.04079501 -0.20261297,-0.95339113 0.50668013 -0.58198214,-0.8689487 0.41530079 -0.47845608,-0.91326141 0.01245759 -0.17833979,-0.92672324 0.03232409 -0.17039835,-0.82413054 0.30074275 -0.38067564,-0.86509919 0.07139494 -0.21989803,-0.98861462 0.52920896 -0.60831797,-0.82461929 0.1799455 -0.29223618,-0.84903258 0.10495896 -0.24081674,-0.89446563 0.44754446 -0.50394511,-0.8361401 0.14096962 -0.26388866,-0.83703071 0.33827269 -0.40438059,-0.82392889 0.21756341 -0.31328544,-0.92327237 0.47722965 -0.52973551,-0.89986467 0.03890279 -0.18895255,-0.85389459 0.37466297 -0.4286164,-0.82727748 0.25560594 -0.33507553,-0.95506656 0.50399882 -0.55576783,-0.83554822 0.17552991 -0.27792612,-0.87458038 0.40946898 -0.45332724,-0.83470446 0.29361054 -0.35755619,-0.8856526 0.06777082 -0.20261297,-0.9895066 0.52753139 -0.58198214,-0.89889556 0.44226503 -0.47845608,-0.91499937 0.03731207 -0.17833979,-0.92682457 0.05477922 -0.17215094,-0.8461954 0.33111244 -0.38067564,-0.87106574 0.09946547 -0.21989803,-1.02621579 0.54754829 -0.60831797,-0.83825654 0.21057534 -0.29223618,-0.85737962 0.13406849 -0.24081674,-0.9265995 0.4726502 -0.50394511,-0.84703052 0.17089076 -0.26388866,-0.86168212 0.3676511 -0.40438059,-0.84019196 0.24814978 -0.31328544,-0.95740682 0.50025368 -0.52973551,-0.90348005 0.06462736 -0.18895255,-0.88104337 0.40277636 -0.4286164,-0.8461861 0.28586605 -0.33507553,-0.99099094 0.52473974 -0.55576783,-0.84885085 0.20540816 -0.27792612,-0.90410674 0.43605462 -0.45332724,-0.85624605 0.32326001 -0.35755619,-0.89131629 0.09441645 -0.20261297,-1.02698863 0.54581255 -0.58198214,-0.93065041 0.46707463 -0.47845608,-0.91846693 0.06198477 -0.17833979,-0.92697078 0.07711499 -0.17480975,-0.87032503 0.35986897 -0.38067564,-0.87897593 0.12705143 -0.21989803,-1.06500471 0.56321996 -0.60831797,-0.85399723 0.2401793 -0.29223618,-0.86773688 0.16252485 -0.24081674,-0.96040642 0.49545327 -0.50394511,-0.8599816 0.19997934 -0.26388866,-0.88832277 0.39523834 -0.40438059,-0.858549 0.27752718 -0.31328544,-0.99306422 0.52084047 -0.52973551,-0.90888101 0.09003707 -0.18895255,-0.92715657 0.09929361 -0.17837474,-0.91008711 0.42892745 -0.4286164,-0.86715955 0.31473348 -0.33507553,-1.02827454 0.54292417 -0.55576783,-0.8642053 0.23428567 -0.27792612,-0.93541569 0.46051583 -0.45332724,-0.87980342 0.35133457 -0.35755619,-0.89882493 0.1206021 -0.20261297,-1.06565452 0.56143463 -0.58198214,-0.96405852 0.48960871 -0.47845608,-0.89640176 0.38687226 -0.38067564,-0.88879108 0.1540184 -0.21989803,-1.10479224 0.57614774 -0.60831797,-0.87176466 0.26861313 -0.29223618,-0.88005394 0.19018941 -0.24081674,-0.99572164 0.5158425 -0.50394511,-0.8749302 0.22809364 -0.26388866,-0.91682297 0.42090002 -0.40438059,-0.8789106 0.30555251 -0.31328544,-1.03007078 0.53888977 -0.52973551,-0.91604137 0.11500813 -0.18895255,-0.92737675 0.1212773 -0.18284583,-0.94088435 0.45298886 -0.4286164,-0.89009553 0.34206754 -0.33507553,-1.06673586 0.55846357 -0.55576783,-0.88153678 0.26202178 -0.27792612,-0.96835464 0.48273346 -0.45332724,-0.90526181 0.37769747 -0.35755619,-0.90814185 0.14620018 -0.20261297,-0.9278993 0.1645088 -0.19450615,-0.92762607 0.1430283 -0.18822299,-1.10531604 0.57432139 -0.58198214,-0.99895716 0.50975746 -0.47845608,-0.9242987 0.41199076 -0.38067564,-0.90046346 0.18023501 -0.21989803,-1.14538479 0.5862686 -0.60831797,-0.89147228 0.29573828 -0.29223618,-0.89427078 0.21692736 -0.24081674,-1.03237319 0.53371865 -0.50394511,-0.89180362 0.25509667 -0.26388866,-0.94704378 0.44451109 -0.40438059,-0.90117759 0.33208922 -0.31328544,-1.06824636 0.55431366 -0.52973551,-0.97328496 0.47484335 -0.4286164,-0.91488236 0.36773506 -0.33507553,-1.10618746 0.57128215 -0.55576783,-0.90076077 0.28848132 -0.27792612,-1.00276327 0.50259924 -0.45332724,-0.93249714 0.40222028 -0.35755619,-0.9192217 0.171086 -0.20261297,-0.92819124 0.18568106 -0.20169528,-1.14577973 0.58441019 -0.58198214,-1.03517628 0.52742267 -0.47845608,-0.95387983 0.43510208 -0.38067564,-0.9139362 0.20557353 -0.21989803,-0.9288103 0.22694965 -0.21879114,-0.92849666 0.20650727 -0.20979029,-1.18658435 0.59353322 -0.60831797,-0.91302401 0.32142264 -0.29223618,-0.93057191 0.3394281 -0.29181591,-0.93031877 0.32208198 -0.27738115,-0.91031814 0.24260849 -0.24081674,-0.92912692 0.24697043 -0.22869779,-1.07018232 0.54899454 -0.50394511,-0.91051954 0.28085694 -0.26388866,-0.93004245 0.3041254 -0.26385191,-0.92974824 0.2855961 -0.25122821,-0.97883803 0.46595657 -0.40438059,-0.92524135 0.35700801 -0.31328544,-1.10740471 0.56703705 -0.52973551,-1.0071311 0.49438444 -0.4286164,-0.94139934 0.39161104 -0.33507553,-1.14643717 0.58131754 -0.55576783,-0.92178363 0.31353542 -0.27792612,-1.03847373 0.52001643 -0.45332724,-0.96137673 0.4247835 -0.35755619,-1.18684876 0.59165174 -0.58198214,-1.07253945 0.54251838 -0.47845608,-0.98500109 0.45609361 -0.38067564,-1.2281903 0.59790617 -0.60831797,-0.93631488 0.34554106 -0.29223618,-0.94688958 0.3396658 -0.27819031,-0.92811781 0.26710764 -0.24081674,-0.92944127 0.26653183 -0.23951016,-1.10896504 0.5615958 -0.50394511,-1.01205075 0.48513198 -0.40438059,-0.95098478 0.38018751 -0.31328544,-1.14735532 0.57699782 -0.52973551,-1.04225802 0.51151699 -0.4286164,-0.96951717 0.41357911 -0.33507553,-1.18728876 0.58852077 -0.55576783,-1.07531226 0.53490019 -0.45332724,-0.9917599 0.44527721 -0.35755619,-1.22832286 0.59601086 -0.58198214,-1.26999998 0.59746623 -0.58198214,-1.26999998 0.5943045 -0.55576783,-1.11086464 0.55497098 -0.47845608,-1.01751077 0.47486311 -0.38067564,-0.96123147 0.36797604 -0.29223618,-1.14853227 0.57146102 -0.50394511,-1.04652023 0.50194383 -0.40438059,-0.97828245 0.40151477 -0.31328544,-1.1879034 0.58414757 -0.52973551,-1.07849431 0.52615744 -0.4286164,-0.99909896 0.43353227 -0.33507553,-1.2285434 0.59285682 -0.55576783,-0.96880817 0.35894647 -0.27792612,-0.96372712 0.33992401 -0.26537415,-1.11309922 0.54717791 -0.45332724,-1.02349865 0.46360159 -0.35755619,-1.14996505 0.56471986 -0.47845608,-1.05125058 0.49131912 -0.38067564,-0.9876523 0.38861826 -0.29223618,-1.18869126 0.57854211 -0.50394511,-0.97676849 0.34945974 -0.26388866,-0.98217154 0.34021628 -0.25263166,-1.08207846 0.51631027 -0.40438059,-1.00700128 0.42088589 -0.31328544,-1.22885144 0.58845139 -0.52973551,-1.26999998 0.58988833 -0.52973551,-1.11566377 0.53823447 -0.4286164,-1.03000057 0.45137331 -0.33507553,-0.99458069 0.37908217 -0.27792612,-1.15165067 0.55678988 -0.45332724,-1.05643833 0.47966734 -0.35755619,-1.1896503 0.57171744 -0.47845608,-1.08605623 0.50538146 -0.38067564,-1.01544869 0.4073672 -0.29223618,-1.22924638 0.58280462 -0.50394511,-1.26999998 0.5842278 -0.50394511,-1.0018599 0.36906326 -0.26388866,-1.00113726 0.34052169 -0.24080223,-1.11855221 0.52816135 -0.40438059,-1.03700149 0.43820649 -0.31328544,-1.15358508 0.54768932 -0.4286164,-1.06207144 0.4670153 -0.33507553,-1.02169502 0.39737102 -0.27792612,-1.19077861 0.56368917 -0.45332724,-1.09041846 0.49339619 -0.35755619,-1.22972703 0.57592964 -0.47845608,-1.26999998 0.57733601 -0.47845608,-1.26999998 0.56922889 -0.45332724,-1.12175786 0.51698166 -0.38067564,-1.04448533 0.42413145 -0.29223618,-1.01498663 0.35099587 -0.24081674,-1.02058995 0.34083506 -0.22988459,-1.02825761 0.38686875 -0.26388866,-1.15576375 0.53743923 -0.40438059,-1.06813681 0.45339221 -0.31328544,-1.19207346 0.55447584 -0.4286164,-1.09515524 0.48038206 -0.33507553,-1.05001903 0.41372395 -0.27792612,-1.23029256 0.56784225 -0.45332724,-1.12527347 0.50472128 -0.35755619,-1.15818179 0.5260632 -0.38067564,-1.0746206 0.43882942 -0.29223618,-1.04009199 0.3679297 -0.24081674,-1.04049516 0.34115118 -0.21987753,-1.0558331 0.40278944 -0.26388866,-1.19353187 0.54409873 -0.40438059,-1.10025561 0.46636903 -0.31328544,-1.23094165 0.55856109 -0.4286164,-1.26999998 0.55992502 -0.4286164,-1.26999998 0.54944593 -0.40438059,-1.12909091 0.49140841 -0.33507553,-1.07941484 0.42806122 -0.27792612,-1.1608336 0.51358742 -0.35755619,-1.19515049 0.53258175 -0.38067564,-1.05212522 0.34867248 -0.21989803,-1.06081867 0.34146488 -0.21077982,-1.10570765 0.45138943 -0.29223618,-1.06631756 0.38307101 -0.24081674,-1.08445191 0.41674781 -0.26388866,-1.23167264 0.5481075 -0.40438059,-1.13320136 0.47707376 -0.31328544,-1.1637131 0.50004071 -0.33507553,-1.10973918 0.44031304 -0.27792612,-1.19692564 0.5199514 -0.35755619,-1.23248386 0.53650564 -0.38067564,-1.26999998 0.53781575 -0.38067564,-1.07697809 0.36302131 -0.21989803,-1.10258305 0.34206426 -0.19530748,-1.08152604 0.34177098 -0.2025902,-1.13759518 0.46175033 -0.29223618,-1.09353542 0.39634603 -0.24081674,-1.11397481 0.4286758 -0.26388866,-1.16681349 0.4854542 -0.31328544,-1.19885302 0.50623679 -0.33507553,-1.14084423 0.45041966 -0.27792612,-1.23337352 0.52378225 -0.35755619,-1.26999998 0.52506125 -0.35755619,-1.1027714 0.37560153 -0.21989803,-1.17012787 0.4698616 -0.29223618,-1.12161291 0.40769011 -0.24081674,-1.14425778 0.43851537 -0.26388866,-1.20092845 0.49146959 -0.31328544,-1.23433971 0.50996661 -0.33507553,-1.26999998 0.51121187 -0.33507553,-1.17257857 0.45833194 -0.27792612,-1.11126018 0.3565354 -0.20261297,-1.12395525 0.34233961 -0.18893041,-1.12937939 0.38635185 -0.21989803,-1.20314705 0.47568378 -0.29223618,-1.15041339 0.41704795 -0.24081674,-1.17515337 0.44621849 -0.26388866,-1.23537993 0.4950906 -0.31328544,-1.26999998 0.49629956 -0.31328544,-1.26999998 0.4803586 -0.29223618,-1.20478749 0.46401122 -0.27792612,-1.13651752 0.36674002 -0.20261297,-1.15667248 0.39521992 -0.21989803,-1.23649192 0.47918847 -0.29223618,-1.17979658 0.42437398 -0.24081674,-1.20651102 0.45174769 -0.26388866,-1.1427089 0.3497293 -0.18895255,-1.14560819 0.34259179 -0.18345775,-1.23731411 0.46742991 -0.27792612,-1.26999998 0.46342579 -0.27197623,-1.16242516 0.37515792 -0.20261297,-1.18451774 0.40216252 -0.21989803,-1.20961905 0.42963248 -0.24081674,-1.23817801 0.45507604 -0.26388866,-1.26999998 0.4455401 -0.25255233,-1.1674149 0.35775673 -0.18895255,-1.1896193 0.34300593 -0.17522079,-1.16750765 0.34281561 -0.17888829,-1.18885696 0.38174811 -0.20261297,-1.2127794 0.4071458 -0.21989803,-1.23973584 0.43279788 -0.24081674,-1.26999998 0.42674282 -0.23400919,-1.19262064 0.36404124 -0.18895255,-1.21568406 0.38647845 -0.20261297,-1.19578469 0.34915572 -0.17833979,-1.21439481 0.34317175 -0.17220213,-1.24131978 0.41014552 -0.21989803,-1.26999998 0.40707725 -0.21638957,-1.21820343 0.36855215 -0.18895255,-1.24277568 0.38932589 -0.20261297,-1.26999998 0.38658869 -0.19973409,-1.2203213 0.35348219 -0.17833979,-1.24212337 0.34329131 -0.17015024,-1.24403846 0.37126753 -0.18895255,-1.26999998 0.36532438 -0.18408114,-1.24510002 0.35608652 -0.17833979,-1.26999998 0.34333333 -0.16946678,-1.29383266 0.25 -0.00040338,-1.51999998 0.25 -1,-1.26287794 0.25 -3.6E-05,-1.3247472 0.25 -0.00213151,-1.35556984 0.25 -0.00522036,-1.38624895 0.25 -0.00966988,-1.41673279 0.25 -0.01548001,-1.44696951 0.25 -0.02265069,-1.47690761 0.25 -0.03118189,-1.49855733 0.25 -0.03827335,-1.51999998 0.25 -0.04609067,-1.04941428 0.25 -0.03557009,-1.01999998 0.25 -1,-1.01999998 0.25 -0.04609067,-1.07920218 0.25 -0.02641068,-1.10931182 0.25 -0.01861239,-1.13969171 0.25 -0.01217518,-1.17028987 0.25 -0.00709898,-1.20105481 0.25 -0.00338375,-1.23193479 0.25 -0.00102944,-1.29990757 0.59925413 -1,-1.32974076 0.59701848 -1,-1.35942531 0.59329849 -1,-1.38888764 0.58810347 -1,-1.41805446 0.58144635 -1,-1.44685316 0.57334369 -1,-1.4752121 0.56381559 -1,-1.50306094 0.55288571 -1,-1.5303303 0.54058135 -1,-1.55695236 0.52693295 -1,-1.58286107 0.51197451 -1,-1.60799205 0.49574327 -1,-1.63228261 0.4782795 -1,-1.65567255 0.45962667 -1,-1.67810369 0.43983114 -1,-1.69952011 0.41894209 -1,-1.71986878 0.39701149 -1,-1.73909891 0.37409389 -1,-1.75716281 0.35024619 -1,-1.77401555 0.32552776 -1,-1.78961527 0.30000001 -1,-1.80392313 0.2737264 -1,-1.81690347 0.24677226 -1,-1.82852423 0.21920462 -1,-1.83875644 0.19109198 -1,-1.84757459 0.16250429 -1,-1.85495675 0.13351256 -1,-1.86088467 0.1041889 -1,-1.86534357 0.07460622 -1,-1.86832225 0.04483806 -1,-1.86981356 0.01495842 -1,-1.84757459 -0.16250429 -1,-1.51999998 -0.25 -1,-1.83875644 -0.19109198 -1,-1.82852423 -0.21920462 -1,-1.81690347 -0.24677226 -1,-1.80392313 -0.2737264 -1,-1.78961527 -0.30000001 -1,-1.77401555 -0.32552776 -1,-1.75716281 -0.35024619 -1,-1.73909891 -0.37409389 -1,-1.71986878 -0.39701149 -1,-1.69952011 -0.41894209 -1,-1.86981356 -0.01495842 -1,-1.86832225 -0.04483806 -1,-1.86534357 -0.07460622 -1,-1.86088467 -0.1041889 -1,-1.85495675 -0.13351256 -1,-1.67810369 -0.43983114 -1,-1.65567255 -0.45962667 -1,-1.63228261 -0.4782795 -1,-1.60799205 -0.49574327 -1,-1.58286107 -0.51197451 -1,-1.55695236 -0.52693295 -1,-1.5303303 -0.54058135 -1,-1.50306094 -0.55288571 -1,-1.4752121 -0.56381559 -1,-1.44685316 -0.57334369 -1,-1.41805446 -0.58144635 -1,-1.38888764 -0.58810347 -1,-1.35942531 -0.59329849 -1,-1.32974076 -0.59701848 -1,-1.29990757 -0.59925413 -1,-1.01999998 -0.25 -1,-1.29990757 -0.59925413 -0.6347146,-1.32974076 -0.59701848 -0.6347146,-1.35942531 -0.59329849 -0.6347146,-1.38888764 -0.58810347 -0.6347146,-1.41805446 -0.58144635 -0.6347146,-1.44685316 -0.57334369 -0.6347146,-1.4752121 -0.56381559 -0.6347146,-1.50306094 -0.55288571 -0.6347146,-1.5303303 -0.54058135 -0.6347146,-1.55695236 -0.52693295 -0.6347146,-1.58286107 -0.51197451 -0.6347146,-1.60799205 -0.49574327 -0.6347146,-1.63228261 -0.4782795 -0.6347146,-1.65567255 -0.45962667 -0.6347146,-1.67810369 -0.43983114 -0.6347146,-1.69952011 -0.41894209 -0.6347146,-1.71986878 -0.39701149 -0.6347146,-1.73909891 -0.37409389 -0.6347146,-1.75716281 -0.35024619 -0.6347146,-1.77401555 -0.32552776 -0.6347146,-1.78961527 -0.30000001 -0.6347146,-1.80392313 -0.2737264 -0.6347146,-1.81690347 -0.24677226 -0.6347146,-1.82852423 -0.21920462 -0.6347146,-1.83875644 -0.19109198 -0.6347146,-1.84757459 -0.16250429 -0.6347146,-1.85495675 -0.13351256 -0.6347146,-1.86088467 -0.1041889 -0.6347146,-1.86534357 -0.07460622 -0.6347146,-1.86832225 -0.04483806 -0.6347146,-1.86981356 -0.01495842 -0.6347146,-1.86981356 0.01495842 -0.6347146,-1.86832225 0.04483806 -0.6347146,-1.86534357 0.07460622 -0.6347146,-1.86088467 0.1041889 -0.6347146,-1.85495675 0.13351256 -0.6347146,-1.84757459 0.16250429 -0.6347146,-1.83875644 0.19109198 -0.6347146,-1.82852423 0.21920462 -0.6347146,-1.81690347 0.24677226 -0.6347146,-1.80392313 0.2737264 -0.6347146,-1.78961527 0.30000001 -0.6347146,-1.77401555 0.32552776 -0.6347146,-1.75716281 0.35024619 -0.6347146,-1.73909891 0.37409389 -0.6347146,-1.71986878 0.39701149 -0.6347146,-1.69952011 0.41894209 -0.6347146,-1.67810369 0.43983114 -0.6347146,-1.65567255 0.45962667 -0.6347146,-1.63228261 0.4782795 -0.6347146,-1.60799205 0.49574327 -0.6347146,-1.58286107 0.51197451 -0.6347146,-1.55695236 0.52693295 -0.6347146,-1.5303303 0.54058135 -0.6347146,-1.50306094 0.55288571 -0.6347146,-1.4752121 0.56381559 -0.6347146,-1.44685316 0.57334369 -0.6347146,-1.41805446 0.58144635 -0.6347146,-1.38888764 0.58810347 -0.6347146,-1.35942531 0.59329849 -0.6347146,-1.32974076 0.59701848 -0.6347146,-1.29990757 0.59925413 -0.6347146,-1.60942805 0.3394281 -0.29181591,-1.58827853 0.31827852 -0.25384805,-1.59211159 0.33968079 -0.27740434,-1.57418704 0.33995658 -0.26389527,-1.52009761 0.25009757 -0.05300118,-0.95172149 0.31827852 -0.25384805,-1.57300806 0.30300811 -0.22495686,-1.56361437 0.32086697 -0.23924142,-1.55569184 0.34025028 -0.25128874,-1.55388987 0.32098395 -0.23311342,-1.53666365 0.34055662 -0.23958485,-1.55934715 0.28934711 -0.19689986,-1.54669952 0.31314036 -0.22055963,-1.53656816 0.31324914 -0.21483788,-1.51713979 0.34087047 -0.22878361,-1.52632844 0.31336021 -0.20935974,-1.50369108 0.29867348 -0.18117414,-1.4927243 0.29876176 -0.176442,-1.50680578 0.30294362 -0.18788095,-1.49052894 0.29552934 -0.17134759,-1.4793576 0.29561201 -0.16690797,-1.47732604 0.29241014 -0.1618291,-1.46420574 0.28950709 -0.15290047,-1.47568214 0.28943616 -0.15701793,-1.46280503 0.28674325 -0.1483666,-1.52097476 0.25097477 -0.0680817,-1.48807001 0.25121847 -0.05820619,-1.52192545 0.25192544 -0.0771281,-1.52038527 0.25038522 -0.05986391,-1.07576334 0.28678736 -0.14877237,-1.06129444 0.29245165 -0.16225787,-1.07437408 0.28954995 -0.15330566,-1.07263565 0.29252774 -0.15808357,-1.0592761 0.29565123 -0.16733763,-1.04813337 0.29556885 -0.17180263,-1.04595125 0.29879847 -0.17689912,-1.03191543 0.30297613 -0.18837008,-1.04270351 0.30307204 -0.1835434,-1.01246607 0.31337917 -0.20989688,-1.00224864 0.31326789 -0.21541002,-0.99213809 0.31315869 -0.22116868,-0.98065287 0.28934711 -0.19689986,-0.9669919 0.30300811 -0.22495686,-0.98498386 0.32099101 -0.23374401,-0.97527373 0.32087338 -0.23991406,-1.01807463 0.25192544 -0.0771281,-1.04535544 0.25122648 -0.06036704,-1.01902521 0.25097477 -0.0680817,-1.01961482 0.25038522 -0.05986391,-1.01990247 0.25009757 -0.05300118,-1.5035758 0.3240191 -0.20825417,-1.49715781 0.34118655 -0.21888509,-1.51097 0.30800202 -0.1957228,-1.52150893 0.30789813 -0.20085342,-1.49319279 0.32414877 -0.20351484,-1.47675526 0.34149975 -0.20988937,-1.49097538 0.32138166 -0.20001262,-1.55058944 0.28058943 -0.17712459,-1.53547454 0.29331613 -0.18958566,-1.48401654 0.31905553 -0.19480929,-1.47334123 0.31917602 -0.19050281,-1.45596957 0.34180477 -0.20179647,-1.54311681 0.2731168 -0.15856293,-1.52275205 0.28483352 -0.1702456,-1.46675861 0.31738973 -0.18623661,-1.53737974 0.2673797 -0.14264323,-1.51977706 0.28125739 -0.16281903,-1.45590079 0.3175053 -0.18230633,-1.43483818 0.34209645 -0.1946065,-1.51309538 0.27994049 -0.15742722,-1.44835305 0.31392607 -0.17622583,-1.50577986 0.27736887 -0.1495243,-1.43727946 0.3140322 -0.17269014,-1.43647158 0.31235144 -0.170782,-1.5334568 0.26345676 -0.13044256,-1.50361705 0.2748619 -0.14380202,-1.52997565 0.25997567 -0.11822294,-1.50173295 0.27242801 -0.13807851,-1.49521708 0.27137482 -0.13320167,-1.49363744 0.26920727 -0.12780251,-1.41953135 0.30445322 -0.1575384,-1.49240017 0.26723891 -0.12271584,-1.52713597 0.25713596 -0.10672536,-1.52487409 0.25487405 -0.09592621,-1.47506082 0.26288942 -0.10510261,-1.34760571 0.34302562 -0.17487673,-1.32981229 0.32329726 -0.15829249,-1.32530832 0.34317249 -0.17220213,-1.31104505 0.3050085 -0.13953154,-1.35503125 0.30485052 -0.1442852,-1.31831062 0.32335064 -0.15720087,-1.30289018 0.3432748 -0.17043078,-1.29912674 0.30503759 -0.13882369,-1.30679178 0.32339343 -0.15634257,-1.30101144 0.32341182 -0.15600079,-1.29257965 0.32343206 -0.15560618,-1.28645992 0.34331837 -0.16970778,-1.28720117 0.3050577 -0.13835737,-1.33676946 0.28862098 -0.1222347,-1.28679216 0.32344353 -0.15540828,-1.28256714 0.32344964 -0.15530044,-1.27848864 0.3050662 -0.13816883,-1.2741195 0.32345629 -0.15517759,-1.26977766 0.30506906 -0.13810824,-1.2698921 0.32345736 -0.155163,-1.25501156 0.3050608 -0.13829476,-1.26272368 0.32345432 -0.15520792,-1.24025667 0.3050375 -0.13884476,-1.24841547 0.32343569 -0.15556297,-1.32411754 0.25611109 -0.05158488,-1.34505665 0.2639007 -0.0780205,-1.37488306 0.25609061 -0.05770767,-1.29102683 0.28870231 -0.11891288,-1.24126399 0.32341897 -0.15587242,-1.28484488 0.28870887 -0.1187327,-1.2348268 0.3233999 -0.15622665,-1.22699511 0.30500504 -0.1396523,-1.27866793 0.28871346 -0.11861508,-1.26952338 0.27488098 -0.0968951,-1.27415967 0.28871539 -0.11856838,-1.26965511 0.28871605 -0.11855455,-1.22058713 0.32334837 -0.15726969,-1.26201665 0.28871411 -0.11860532,-1.254372 0.28870878 -0.11874975,-1.20780098 0.32328844 -0.15851074,-1.2474879 0.2887015 -0.11896063,-1.35426748 0.25149497 -0.02993259,-1.2958672 0.26393318 -0.07415865,-1.29526353 0.25611657 -0.04985667,-1.30969048 0.2561143 -0.05056316,-1.28889382 0.26393509 -0.07391615,-1.28084123 0.25611785 -0.04946432,-1.33938468 0.25149611 -0.02825063,-1.28193045 0.2639364 -0.07374942,-1.26642704 0.25611809 -0.04938513,-1.27497661 0.26393715 -0.07365806,-1.32448947 0.25149706 -0.02689681,-1.26803136 0.26393726 -0.07364172,-1.31701052 0.25149748 -0.02634065,-1.26107955 0.26393679 -0.07369962,-1.25200546 0.25611734 -0.049616,-1.25411248 0.26393574 -0.07383186,-1.30209053 0.2514981 -0.02547688,-1.24713135 0.26393408 -0.07403906,-1.23756814 0.25611556 -0.0501572,-1.2946043 0.25149831 -0.02516646,-1.24013662 0.26393184 -0.07432181,-1.22312236 0.25611284 -0.05101084,-1.28712714 0.25149849 -0.0249383,-1.27218401 0.25149864 -0.02472724,-1.26470828 0.25149864 -0.02474387,-1.25722814 0.25149855 -0.02484119,-1.24228883 0.25149825 -0.02527723,-1.23480821 0.25149798 -0.02561692,-1.22731423 0.25149769 -0.02603871,-1.11558497 0.30442458 -0.15873224,-1.21240175 0.25149688 -0.02712172,-1.20867407 0.25610918 -0.05217903,-1.10146987 0.31236932 -0.17130254,-1.20491719 0.25149643 -0.02778815,-1.10066926 0.3140485 -0.17321174,-1.0886904 0.3157109 -0.17882262,-1.09968698 0.31581998 -0.17523366,-1.19003153 0.25149533 -0.02935948,-1.07776785 0.3156001 -0.18265021,-1.07128739 0.3174026 -0.18684801,-1.17515635 0.25149405 -0.03125944,-1.06298029 0.32157686 -0.19405049,-1.05240583 0.3214522 -0.19843116,-1.02777386 0.3080284 -0.19621858,-1.04495716 0.32415241 -0.2042153,-1.03460729 0.32402271 -0.20899539,-1.01726019 0.30792454 -0.2013806,-1.01286399 0.25713596 -0.10672536,-1.05971003 0.26463142 -0.11148342,-1.01512599 0.25487405 -0.09592621,-1.06112313 0.26291347 -0.10632469,-1.04208839 0.27380973 -0.13916568,-1.04404593 0.27142686 -0.13343473,-1.00654328 0.26345676 -0.13044256,-1.01002431 0.25997567 -0.11822294,-1.04561901 0.26925865 -0.12803724,-1.03281438 0.27867854 -0.15237381,-1.03495073 0.27611908 -0.14668322,-1.00262034 0.2673797 -0.14264323,-1.02313733 0.28350416 -0.1651091,-1.02621388 0.27999228 -0.15767018,-0.99688321 0.2731168 -0.15856293,-1.01512539 0.28673193 -0.17416853,-0.98941058 0.28058943 -0.17712459,-1.00388801 0.29335868 -0.18985127,-1.41613293 0.32264486 -0.17427982,-1.41339862 0.34236959 -0.18831947,-1.41335881 0.32267222 -0.1735431,-1.41379702 0.3044951 -0.15604304,-1.4022156 0.32277846 -0.17073902,-1.39168835 0.34261894 -0.18293546,-1.40227187 0.30457583 -0.15322982,-1.39661682 0.32282954 -0.16942288,-1.39619708 0.30461395 -0.15184617,-1.39367282 0.3228544 -0.16875422,-1.39086711 0.32287917 -0.16813387,-1.39039898 0.30465177 -0.15059322,-1.46874034 0.2733807 -0.12746342,-1.42788911 0.27460372 -0.11725004,-1.37875414 0.3047238 -0.1482655,-1.37960315 0.32297432 -0.16579592,-1.3697449 0.34283936 -0.17845453,-1.37262666 0.30475667 -0.14713763,-1.37394786 0.3230195 -0.16471319,-1.370978 0.32304093 -0.16416745,-1.42348921 0.28828201 -0.13840526,-1.42052138 0.28829712 -0.1376276,-1.36530924 0.32308346 -0.16317415,-1.36090982 0.30482066 -0.14517635,-1.41457129 0.28832683 -0.13611834,-1.41553509 0.27464262 -0.11413116,-1.408602 0.28835583 -0.1346706,-1.35393095 0.32316306 -0.1613605,-1.35107827 0.32318178 -0.1609432,-1.40249228 0.27467775 -0.11112831,-1.40231979 0.28838325 -0.13321486,-1.39917123 0.28839663 -0.13251247,-1.39617074 0.28841031 -0.13186151,-1.39015698 0.28843707 -0.13060583,-1.39000905 0.27471286 -0.10854135,-1.48157036 0.2554819 -0.08182745,-1.52316964 0.2531696 -0.08608385,-1.45674264 0.2591553 -0.08778912,-1.38412714 0.28846294 -0.12941191,-1.37685525 0.27474311 -0.10609896,-1.37778986 0.28848663 -0.12822343,-1.43258822 0.26378462 -0.09455379,-1.43742907 0.25605288 -0.07087256,-1.37461507 0.2884981 -0.12765472,-1.42938602 0.26379028 -0.09372151,-1.43076754 0.25605804 -0.06916582,-1.3685559 0.28852159 -0.12662172,-1.36426556 0.2747733 -0.10404394,-1.42296636 0.26380143 -0.09210712,-1.36248279 0.28854406 -0.12565066,-1.35944116 0.28855491 -0.12518838,-1.41672432 0.25606665 -0.06580461,-1.41621017 0.26381144 -0.09048183,-1.40943325 0.26382118 -0.08893039,-1.40967119 0.25607076 -0.06423976,-1.40603709 0.26382592 -0.08818241,-1.40280092 0.26383108 -0.08748972,-1.40294111 0.2560755 -0.06282639,-1.39631546 0.26384118 -0.08615471,-1.45673728 0.251481 -0.05075263,-1.38949978 0.26384988 -0.0848236,-1.38877738 0.25608298 -0.06008324,-1.38266659 0.26385823 -0.08356649,-1.38166916 0.25608647 -0.05882765,-1.44225252 0.25148323 -0.04679205,-1.37924361 0.26386228 -0.08296572,-1.43879652 0.25148398 -0.04590004,-1.37271142 0.26387116 -0.08187637,-1.43152773 0.25148502 -0.0440839,-1.36944008 0.26387545 -0.08135697,-1.34076691 0.27481708 -0.10090747,-1.41692424 0.25148705 -0.04069281,-1.41326034 0.25148752 -0.0398954,-1.40976906 0.25148821 -0.03915729,-1.31711996 0.27485043 -0.098667,-1.4024359 0.25148913 -0.03766526,-1.38771415 0.25149086 -0.03492291,-1.38402283 0.25149128 -0.03428778,-1.38050282 0.25149187 -0.03370358,-1.29336011 0.27487212 -0.09732784,-1.18504965 0.32316115 -0.16145061,-1.20336699 0.3049303 -0.1418435,-1.1799233 0.30482957 -0.14497955,-1.19848621 0.28861031 -0.12273373,-1.22291124 0.28866616 -0.12035467,-1.21848178 0.27484602 -0.09898907,-1.24394441 0.27487078 -0.09742694,-1.1793555 0.32312238 -0.16233268,-1.16820264 0.30476677 -0.14691097,-1.1623646 0.30473334 -0.14796588,-1.16801 0.32303938 -0.16426955,-1.16518307 0.32301754 -0.16478969,-1.15623987 0.30469927 -0.14914244,-1.16221309 0.32299548 -0.16535357,-1.14462888 0.30462602 -0.15155897,-1.15657055 0.32294971 -0.16646886,-1.13884926 0.30458766 -0.15285625,-1.14533532 0.32285339 -0.16887181,-1.14253724 0.32282838 -0.16950838,-1.132779 0.30454847 -0.15428996,-1.13959372 0.32280299 -0.17019579,-1.1742512 0.28853619 -0.12609349,-1.19317627 0.27480817 -0.10157721,-1.16806769 0.2747587 -0.10518689,-1.18747652 0.26389453 -0.07888434,-1.12129664 0.30446684 -0.15719223,-1.13401186 0.32275143 -0.17154449,-1.21372473 0.26391679 -0.07606764,-1.16818547 0.28851351 -0.12709118,-1.1555146 0.27472752 -0.10738493,-1.16213477 0.28848985 -0.12815067,-1.15911531 0.28847766 -0.12870355,-1.12290478 0.32264441 -0.17441383,-1.12014019 0.32261688 -0.17516693,-1.15594292 0.28846568 -0.12930337,-1.14237857 0.27469572 -0.10998148,-1.14961183 0.288441 -0.13055415,-1.14360213 0.28841457 -0.13180539,-1.12994504 0.2746599 -0.11271105,-1.13760984 0.2883873 -0.1331183,-1.13462043 0.28837338 -0.13379787,-1.13147557 0.28835955 -0.13453205,-1.11692572 0.27462342 -0.11587135,-1.12520146 0.28833127 -0.13605165,-1.16143346 0.26386589 -0.08276713,-1.18144572 0.25609887 -0.05524083,-1.1544311 0.25608581 -0.05941552,-1.11925769 0.28830189 -0.13755688,-1.10463285 0.27458403 -0.1191335,-1.15491533 0.26385689 -0.08390958,-1.14766991 0.25608155 -0.06063871,-1.15166223 0.26385224 -0.08450599,-1.11333394 0.28827181 -0.13912368,-1.14824438 0.26384798 -0.0851533,-1.14057517 0.25607783 -0.0620048,-1.1103797 0.28825653 -0.13993014,-1.14142275 0.26383913 -0.08650357,-1.1264447 0.2560699 -0.06496931,-1.13462067 0.26382995 -0.08792799,-1.12816381 0.26381963 -0.0893496,-1.11974764 0.2560651 -0.06648571,-1.12494242 0.26381439 -0.09008554,-1.1215533 0.26380941 -0.09088083,-1.11271238 0.25606078 -0.06816274,-1.09871054 0.25605175 -0.07174939,-1.11479139 0.26379925 -0.09252715,-1.10805213 0.26378882 -0.0942477,-1.14715838 0.25149059 -0.03573947,-1.14365268 0.25148997 -0.03638406,-1.10166764 0.26377755 -0.09594904,-1.0920893 0.25604656 -0.07355963,-1.13996911 0.25148952 -0.03708375,-1.09848344 0.26377183 -0.09682481,-1.07619488 0.25916073 -0.0898324,-1.12528467 0.25148767 -0.04008453,-1.06798768 0.27453586 -0.13071498,-1.11797345 0.25148669 -0.04170597,-1.114501 0.251486 -0.04250441,-1.11084735 0.2514855 -0.04336722,-1.09629095 0.25148335 -0.04702074,-1.08904874 0.25148225 -0.04896867,-1.08561552 0.25148153 -0.04992126,-1.05328131 0.25549793 -0.08350364,-1.01683044 0.2531696 -0.08608385,-1.31180966 0.59790617 -0.60831797,-1.3116771 0.59601086 -0.58198214,-1.35341561 0.59353322 -0.60831797,-1.31145656 0.59285682 -0.55576783,-1.3531512 0.59165174 -0.58198214,-1.39461529 0.5862686 -0.60831797,-1.31114852 0.58845139 -0.52973551,-1.3527112 0.58852077 -0.55576783,-1.39422023 0.58441019 -0.58198214,-1.43520772 0.57614774 -0.60831797,-1.3107537 0.58280462 -0.50394511,-1.35209656 0.58414757 -0.52973551,-1.39356291 0.58131754 -0.55576783,-1.43468404 0.57432139 -0.58198214,-1.31027293 0.57592964 -0.47845608,-1.47499526 0.56321996 -0.60831797,-1.35130882 0.57854211 -0.50394511,-1.39264464 0.57699782 -0.52973551,-1.4338125 0.57128215 -0.55576783,-1.3097074 0.56784225 -0.45332724,-1.47434545 0.56143463 -0.58198214,-1.35034966 0.57171744 -0.47845608,-1.51378417 0.54754829 -0.60831797,-1.39146781 0.57146102 -0.50394511,-1.43259525 0.56703705 -0.52973551,-1.30905843 0.55856109 -0.4286164,-1.4732641 0.55846357 -0.55576783,-1.34922135 0.56368917 -0.45332724,-1.51301146 0.54581255 -0.58198214,-1.39003491 0.56471986 -0.47845608,-1.5513854 0.52920896 -0.60831797,-1.43103504 0.5615958 -0.50394511,-1.30832744 0.5481075 -0.40438059,-1.47175372 0.55431366 -0.52973551,-1.3479265 0.55447584 -0.4286164,-1.51172543 0.54292417 -0.55576783,-1.38834929 0.55678988 -0.45332724,-1.55049336 0.52753139 -0.58198214,-1.42913532 0.55497098 -0.47845608,-1.3075161 0.53650564 -0.38067564,-1.58761573 0.50829136 -0.60831797,-1.46981764 0.54899454 -0.50394511,-1.34646809 0.54409873 -0.40438059,-1.50992918 0.53888977 -0.52973551,-1.386415 0.54768932 -0.4286164,-1.54900908 0.52473974 -0.55576783,-1.42690074 0.54717791 -0.45332724,-1.30662644 0.52378225 -0.35755619,-1.58660889 0.50668013 -0.58198214,-1.46746051 0.54251838 -0.47845608,-1.34484947 0.53258175 -0.38067564,-1.6222986 0.48489743 -0.60831797,-1.50762689 0.53371865 -0.50394511,-1.38423622 0.53743923 -0.40438059,-1.5469358 0.52084047 -0.52973551,-1.42433619 0.53823447 -0.4286164,-1.30566037 0.50996661 -0.33507553,-1.5849334 0.50399882 -0.55576783,-1.46468771 0.53490019 -0.45332724,-1.34307444 0.5199514 -0.35755619,-1.62118185 0.48336035 -0.58198214,-1.50482368 0.52742267 -0.47845608,-1.38181818 0.5260632 -0.38067564,-1.65526521 0.45914114 -0.60831797,-1.54427838 0.5158425 -0.50394511,-1.42144787 0.52816135 -0.40438059,-1.30462015 0.4950906 -0.31328544,-1.5825932 0.50025368 -0.52973551,-1.46150565 0.52615744 -0.4286164,-1.34114695 0.50623679 -0.33507553,-1.61932337 0.48080245 -0.55576783,-1.50152624 0.52001643 -0.45332724,-1.37916636 0.51358742 -0.35755619,-1.65404391 0.45768568 -0.58198214,-1.5410428 0.50975746 -0.47845608,-1.4182421 0.51698166 -0.38067564,-1.68635476 0.43114796 -0.60831797,-1.30350816 0.47918847 -0.29223618,-1.57959354 0.49545327 -0.50394511,-1.45792162 0.51631027 -0.40438059,-1.33907151 0.49146959 -0.31328544,-1.61672759 0.47722965 -0.52973551,-1.49774206 0.51151699 -0.4286164,-1.37628698 0.50004071 -0.33507553,-1.65201163 0.45526367 -0.55576783,-1.30268586 0.46742991 -0.27792612,-1.53723681 0.50259924 -0.45332724,-1.4147265 0.50472128 -0.35755619,-1.68503487 0.42978126 -0.58198214,-1.57594144 0.48960871 -0.47845608,-1.45394385 0.50538146 -0.38067564,-1.71541584 0.40105426 -0.60831797,-1.33685303 0.47568378 -0.29223618,-1.61340046 0.4726502 -0.50394511,-1.30182207 0.45507604 -0.26388866,-1.49347985 0.50194383 -0.40438059,-1.37318647 0.4854542 -0.31328544,-1.6491729 0.45188066 -0.52973551,-1.53286886 0.49438444 -0.4286164,-1.41090906 0.49140841 -0.33507553,-1.68283856 0.42750689 -0.55576783,-1.33521247 0.46401122 -0.27792612,-1.57164538 0.48273346 -0.45332724,-1.4495815 0.49339619 -0.35755619,-1.71400392 0.39978296 -0.58198214,-1.60934961 0.46707463 -0.47845608,-1.48874938 0.49131912 -0.38067564,-1.74230695 0.36900666 -0.60831797,-1.36987221 0.4698616 -0.29223618,-1.30026412 0.43279788 -0.24081674,-1.6455344 0.44754446 -0.50394511,-1.33348894 0.45174769 -0.26388866,-1.52794921 0.48513198 -0.40438059,-1.40679872 0.47707376 -0.31328544,-1.67977083 0.42433015 -0.52973551,-1.566715 0.47484335 -0.4286164,-1.44484472 0.48038206 -0.33507553,-1.71165431 0.39766735 -0.55576783,-1.36742151 0.45833194 -0.27792612,-1.60458434 0.46051583 -0.45332724,-1.48356164 0.47966734 -0.35755619,-1.7408098 0.36783695 -0.58198214,-1.64110446 0.44226503 -0.47845608,-1.52248919 0.47486311 -0.38067564,-1.29868019 0.41014552 -0.21989803,-1.76689708 0.33516133 -0.60831797,-1.40240479 0.46175033 -0.29223618,-1.33038092 0.42963248 -0.24081674,-1.67583871 0.42025831 -0.50394511,-1.36484671 0.44621849 -0.26388866,-1.56116199 0.46595657 -0.40438059,-1.43974447 0.46636903 -0.31328544,-1.70837247 0.39471233 -0.52973551,-1.59911573 0.45298886 -0.4286164,-1.47792864 0.4670153 -0.33507553,-1.73831832 0.36589038 -0.55576783,-1.39915574 0.45041966 -0.27792612,-1.63589323 0.43605462 -0.45332724,-1.51650131 0.46360159 -0.35755619,-1.29722428 0.38932589 -0.20261297,-1.76532197 0.33409888 -0.58198214,-1.67105126 0.41530079 -0.47845608,-1.55499887 0.45609361 -0.38067564,-1.32722056 0.4071458 -0.21989803,-1.78906631 0.29968309 -0.60831797,-1.43429232 0.45138943 -0.29223618,-1.3602035 0.42437398 -0.24081674,-1.70416582 0.39092469 -0.50394511,-1.3957423 0.43851537 -0.26388866,-1.59295619 0.44451109 -0.40438059,-1.47186327 0.45339221 -0.31328544,-1.73483837 0.36317152 -0.52973551,-1.2959615 0.37126753 -0.18895255,-1.62991285 0.42892745 -0.4286164,-1.50999939 0.45137331 -0.33507553,-1.7627008 0.33233085 -0.55576783,-1.43026078 0.44031304 -0.27792612,-1.66541958 0.40946898 -0.45332724,-1.54824007 0.44527721 -0.35755619,-1.32431602 0.38647845 -0.20261297,-1.78742099 0.29873312 -0.58198214,-1.69904423 0.3863132 -0.47845608,-1.29489994 0.35608652 -0.17833979,-1.58612013 0.43510208 -0.38067564,-1.35548234 0.40216252 -0.21989803,-1.80870676 0.26274484 -0.60831797,-1.46537948 0.43882942 -0.29223618,-1.38958657 0.41704795 -0.24081674,-1.73037779 0.35968655 -0.50394511,-1.42602527 0.4286758 -0.26388866,-1.62317705 0.42090002 -0.40438059,-1.50299847 0.43820649 -0.31328544,-1.75903952 0.32986134 -0.52973551,-1.32179666 0.36855215 -0.18895255,-1.65895665 0.40277636 -0.4286164,-1.54090106 0.43353227 -0.33507553,-1.78468275 0.29715225 -0.55576783,-1.46058512 0.42806122 -0.27792612,-1.69301951 0.38088846 -0.45332724,-1.57862329 0.4247835 -0.35755619,-1.35114312 0.38174811 -0.20261297,-1.80699909 0.26191196 -0.58198214,-1.72494698 0.35544354 -0.47845608,-1.31967866 0.35348219 -0.17833979,-1.61570132 0.41199076 -0.38067564,-1.38332748 0.39521992 -0.21989803,-1.82572269 0.22452652 -0.60831797,-1.49551475 0.42413145 -0.29223618,-1.41838706 0.40769011 -0.24081674,-1.75434685 0.32669604 -0.50394511,-1.45554805 0.41674781 -0.26388866,-1.65167725 0.39523834 -0.40438059,-1.53299868 0.42088589 -0.31328544,-1.78085828 0.29494417 -0.52973551,-1.34737933 0.36404124 -0.18895255,-1.68610537 0.37466297 -0.4286164,-1.57048285 0.41357911 -0.33507553,-1.80415738 0.26052594 -0.55576783,-1.48998094 0.41372395 -0.27792612,-1.71855843 0.35045227 -0.45332724,-1.60750294 0.40222028 -0.35755619,-1.3775748 0.37515792 -0.20261297,-1.82396102 0.22381479 -0.58198214,-1.74863327 0.32284221 -0.47845608,-1.34421539 0.34915572 -0.17833979,-1.6435982 0.38687226 -0.38067564,-1.41062057 0.38635185 -0.21989803,-1.84003115 0.18521434 -0.60831797,-1.52455127 0.4073672 -0.29223618,-1.44646466 0.39634603 -0.24081674,-1.77595615 0.2921139 -0.50394511,-1.48416698 0.40278944 -0.26388866,-1.6783179 0.3676511 -0.40438059,-1.56171751 0.40151477 -0.31328544,-1.80018806 0.25859001 -0.52973551,-1.37258506 0.35775673 -0.18895255,-1.71122694 0.34472427 -0.4286164,-1.59860063 0.39161104 -0.33507553,-1.82102954 0.2226304 -0.55576783,-1.51830494 0.39737102 -0.27792612,-1.74191213 0.31830874 -0.45332724,-1.63473821 0.37769747 -0.35755619,-1.40348244 0.36674002 -0.20261297,-1.83822417 0.18462722 -0.58198214,-1.7699877 0.28866801 -0.47845608,-1.66967499 0.35986897 -0.38067564,-1.43722856 0.37560153 -0.21989803,-1.8515625 0.1449998 -0.60831797,-1.55234766 0.38861826 -0.29223618,-1.4736824 0.38307101 -0.24081674,-1.79510045 0.25610861 -0.50394511,-1.51174247 0.38686875 -0.26388866,-1.70296931 0.33827269 -0.40438059,-1.58901525 0.38018751 -0.31328544,-1.81693494 0.22097605 -0.52973551,-1.39729106 0.3497293 -0.18895255,-1.73419893 0.31310609 -0.4286164,-1.62511766 0.36773506 -0.33507553,-1.83521724 0.1836502 -0.55576783,-1.54541934 0.37908217 -0.27792612,-1.76296663 0.28461444 -0.45332724,-1.66019654 0.35133457 -0.35755619,-1.42873979 0.3565354 -0.20261297,-1.84971893 0.14454016 -0.58198214,-1.78890622 0.25308746 -0.47845608,-1.69380462 0.33111244 -0.38067564,-1.46302187 0.36302131 -0.21989803,-1.86026049 0.10407884 -0.60831797,-1.57876861 0.36797604 -0.29223618,-1.49990797 0.3679297 -0.24081674,-1.81168652 0.21885557 -0.50394511,-1.53814018 0.36906326 -0.26388866,-1.72551131 0.30724627 -0.40438059,-1.61475861 0.35700801 -0.31328544,-1.83101714 0.18228552 -0.52973551,-1.75490928 0.27996251 -0.4286164,-1.64990449 0.34206754 -0.33507553,-1.84665108 0.14377527 -0.55576783,-1.57119191 0.35894647 -0.27792612,-1.78161955 0.2495335 -0.45332724,-1.68375397 0.32326001 -0.35755619,-1.45322371 0.34459376 -0.20261297,-1.85838938 0.10374893 -0.58198214,-1.80529666 0.21627387 -0.47845608,-1.71586943 0.30074275 -0.38067564,-1.48787475 0.34867248 -0.21989803,-1.86608279 0.06265083 -0.60831797,-1.60368514 0.34554106 -0.29223618,-1.52501345 0.35099587 -0.24081674,-1.82563365 0.18053631 -0.50394511,-1.56323147 0.34945974 -0.26388866,-1.74583411 0.27472296 -0.40438059,-1.63882244 0.33208922 -0.31328544,-1.8423661 0.1427069 -0.52973551,-1.77325726 0.24545498 -0.4286164,-1.67284048 0.31473348 -0.33507553,-1.85527575 0.1031999 -0.55576783,-1.7977798 0.21323688 -0.45332724,-1.70529556 0.29361054 -0.35755619,-1.8641932 0.06245223 -0.58198214,-1.81907916 0.17840664 -0.47845608,-1.73576212 0.26890787 -0.38067564,-1.86900103 0.02091758 -0.60831797,-1.62697601 0.32142264 -0.29223618,-1.60967088 0.32277542 -0.27792358,-1.83687377 0.1413375 -0.50394511,-1.76383877 0.24086124 -0.40438059,-1.66108942 0.30555251 -0.31328544,-1.85092652 0.10243303 -0.52973551,-1.78915346 0.20975161 -0.4286164,-1.69381392 0.28586605 -0.33507553,-1.86104882 0.06212174 -0.55576783,-1.6182164 0.31353542 -0.27792612,-1.60993481 0.30558202 -0.26487368,-1.81136882 0.1759014 -0.45332724,-1.72471642 0.26253062 -0.35755619,-1.86710227 0.02085127 -0.58198214,-1.83018672 0.13967022 -0.47845608,-1.75338554 0.23576291 -0.38067564,-1.86900103 -0.02091758 -0.60831797,-1.64852774 0.29573828 -0.29223618,-1.84535205 0.10145009 -0.50394511,-1.77943742 0.20582607 -0.40438059,-1.68145096 0.27752718 -0.31328544,-1.85665679 0.06166012 -0.52973551,-1.80252039 0.17302635 -0.4286164,-1.71272254 0.25560594 -0.33507553,-1.8639425 0.02074093 -0.55576783,-1.63923931 0.28848132 -0.27792612,-1.82232034 0.13770893 -0.45332724,-1.7419219 0.23017171 -0.35755619,-1.86710227 -0.02085127 -0.58198214,-1.83856499 0.10025334 -0.47845608,-1.76865411 0.20146933 -0.38067564,-1.86608279 -0.06265083 -0.60831797,-1.6682353 0.26861313 -0.29223618,-1.85102737 0.06106843 -0.50394511,-1.62948048 0.28085694 -0.26388866,-1.6105324 0.26819476 -0.24040878,-1.61022723 0.28714761 -0.25218624,-1.79255414 0.16978814 -0.40438059,-1.699808 0.24814978 -0.31328544,-1.85952902 0.02058681 -0.52973551,-1.81329286 0.13545813 -0.4286164,-1.72947419 0.22410055 -0.33507553,-1.8639425 -0.02074093 -0.55576783,-1.65846324 0.26202178 -0.27792612,-1.83058095 0.09884556 -0.45332724,-1.75682831 0.19669141 -0.35755619,-1.8641932 -0.06245223 -0.58198214,-1.84417331 0.06034805 -0.47845608,-1.78149319 0.1661942 -0.38067564,-1.86026049 -0.10407884 -0.60831797,-1.68600273 0.2401793 -0.29223618,-1.85387194 0.02038926 -0.50394511,-1.64819634 0.25509667 -0.26388866,-1.80312502 0.13292301 -0.40438059,-1.71607113 0.21756341 -0.31328544,-1.85952902 -0.02058681 -0.52973551,-1.82141852 0.09722996 -0.4286164,-1.74398744 0.19150335 -0.33507553,-1.86104882 -0.06212174 -0.55576783,-1.67579472 0.23428567 -0.27792612,-1.83611059 0.05950062 -0.45332724,-1.76936293 0.16225286 -0.35755619,-1.85838938 -0.10374893 -0.58198214,-1.84698427 0.02014874 -0.47845608,-1.79184031 0.1301094 -0.38067564,-1.8515625 -0.1449998 -0.60831797,-1.70174348 0.21057534 -0.29223618,-1.62968183 0.24260849 -0.24081674,-1.61116099 0.22887054 -0.21957886,-1.61084545 0.24875765 -0.22954005,-1.85387194 -0.02038926 -0.50394511,-1.66506982 0.22809364 -0.26388866,-1.81109858 0.09541029 -0.40438059,-1.73016095 0.18591708 -0.31328544,-1.85665679 -0.06166012 -0.52973551,-1.82685769 0.0585281 -0.4286164,-1.75619137 0.15797317 -0.33507553,-1.85527575 -0.1031999 -0.55576783,-1.69114912 0.20540816 -0.27792612,-1.83888209 0.0198658 -0.45332724,-1.77946472 0.12702382 -0.35755619,-1.84971893 -0.14454016 -0.58198214,-1.84698427 -0.02014874 -0.47845608,-1.79964507 0.09339073 -0.38067564,-1.84003115 -0.18521434 -0.60831797,-1.71538079 0.1799455 -0.29223618,-1.64572918 0.21692736 -0.24081674,-1.85102737 -0.06106843 -0.50394511,-1.68001842 0.19997934 -0.26388866,-1.81643605 0.05743274 -0.40438059,-1.74200892 0.153365 -0.31328544,-1.85092652 -0.10243303 -0.52973551,-1.82958388 0.0195411 -0.4286164,-1.76602674 0.12367335 -0.33507553,-1.84665108 -0.14377527 -0.55576783,-1.7044518 0.17552991 -0.27792612,-1.83888209 -0.0198658 -0.45332724,-1.78708446 0.09117594 -0.35755619,-1.83822417 -0.18462722 -0.58198214,-1.84417331 -0.06034805 -0.47845608,-1.80486953 0.05621705 -0.38067564,-1.62606382 0.20557353 -0.21989803,-1.61177933 0.18788326 -0.20237412,-1.61147404 0.20856766 -0.21052395,-1.82572269 -0.22452652 -0.60831797,-1.72684813 0.14843898 -0.29223618,-1.65994608 0.19018941 -0.24081674,-1.84535205 -0.10145009 -0.50394511,-1.69296944 0.17089076 -0.26388866,-1.81911123 0.01917539 -0.40438059,-1.75155735 0.12006573 -0.31328544,-1.8423661 -0.1427069 -0.52973551,-1.82958388 -0.0195411 -0.4286164,-1.77344549 0.08877102 -0.33507553,-1.83521724 -0.1836502 -0.55576783,-1.7156378 0.14479651 -0.27792612,-1.83611059 -0.05950062 -0.45332724,-1.79218495 0.05488385 -0.35755619,-1.82396102 -0.22381479 -0.58198214,-1.83856499 -0.10025334 -0.47845608,-1.80748808 0.0187695 -0.38067564,-1.6395365 0.18023501 -0.21989803,-1.80870676 -0.26274484 -0.60831797,-1.73608994 0.11620926 -0.29223618,-1.67226315 0.16252485 -0.24081674,-1.83687377 -0.1413375 -0.50394511,-1.70385993 0.14096962 -0.26388866,-1.81911123 -0.01917539 -0.40438059,-1.75875962 0.08618151 -0.31328544,-1.83101714 -0.18228552 -0.52973551,-1.82685769 -0.0585281 -0.4286164,-1.77841139 0.05343619 -0.33507553,-1.82102954 -0.2226304 -0.55576783,-1.72465277 0.11335766 -0.27792612,-1.83058095 -0.09884556 -0.45332724,-1.79474139 0.01832437 -0.35755619,-1.62077832 0.171086 -0.20261297,-1.61207175 0.16685157 -0.19512811,-1.80699909 -0.26191196 -0.58198214,-1.83018672 -0.13967022 -0.47845608,-1.80748808 -0.0187695 -0.38067564,-1.65120888 0.1540184 -0.21989803,-1.78906631 -0.29968309 -0.60831797,-1.74306083 0.08341339 -0.29223618,-1.68262041 0.13406849 -0.24081674,-1.82563365 -0.18053631 -0.50394511,-1.71263659 0.11036169 -0.26388866,-1.81643605 -0.05743274 -0.40438059,-1.7635808 0.05187743 -0.31328544,-1.81693494 -0.22097605 -0.52973551,-1.82141852 -0.09722996 -0.4286164,-1.78090048 0.01784104 -0.33507553,-1.80415738 -0.26052594 -0.55576783,-1.7314527 0.08136656 -0.27792612,-1.82232034 -0.13770893 -0.45332724,-1.79474139 -0.01832437 -0.35755619,-1.63185811 0.14620018 -0.20261297,-1.61259723 0.12388324 -0.18334268,-1.61234605 0.14550681 -0.1887847,-1.78742099 -0.29873312 -0.58198214,-1.81907916 -0.17840664 -0.47845608,-1.80486953 -0.05621705 -0.38067564,-1.66102409 0.12705143 -0.21989803,-1.76689708 -0.33516133 -0.60831797,-1.74772716 0.05021115 -0.29223618,-1.69096744 0.10495896 -0.24081674,-1.81168652 -0.21885557 -0.50394511,-1.71925676 0.07921609 -0.26388866,-1.81109858 -0.09541029 -0.40438059,-1.76599717 0.0173206 -0.31328544,-1.80018806 -0.25859001 -0.52973551,-1.81329286 -0.13545813 -0.4286164,-1.78090048 -0.01784104 -0.33507553,-1.78468275 -0.29715225 -0.55576783,-1.73600447 0.04897904 -0.27792612,-1.81136882 -0.1759014 -0.45332724,-1.79218495 -0.05488385 -0.35755619,-1.64117515 0.1206021 -0.20261297,-1.76532197 -0.33409888 -0.58198214,-1.80529666 -0.21627387 -0.47845608,-1.79964507 -0.09339073 -0.38067564,-1.66893423 0.09946547 -0.21989803,-1.74230695 -0.36900666 -0.60831797,-1.75006592 0.01676427 -0.29223618,-1.69726348 0.07533809 -0.24081674,-1.79510045 -0.25610861 -0.50394511,-1.72368824 0.04768455 -0.26388866,-1.80312502 -0.13292301 -0.40438059,-1.76599717 -0.0173206 -0.31328544,-1.78085828 -0.29494417 -0.52973551,-1.62395859 0.11500813 -0.18895255,-1.61282003 0.10201509 -0.17880081,-1.80252039 -0.17302635 -0.4286164,-1.77841139 -0.05343619 -0.33507553,-1.7627008 -0.33233085 -0.55576783,-1.7382859 0.0163529 -0.27792612,-1.7977798 -0.21323688 -0.45332724,-1.78708446 -0.09117594 -0.35755619,-1.64868367 0.09441645 -0.20261297,-1.7408098 -0.36783695 -0.58198214,-1.78890622 -0.25308746 -0.47845608,-1.79184031 -0.1301094 -0.38067564,-1.67490077 0.07139494 -0.21989803,-1.71541584 -0.40105426 -0.60831797,-1.75006592 -0.01676427 -0.29223618,-1.701478 0.04535017 -0.24081674,-1.77595615 -0.2921139 -0.50394511,-1.72590935 0.01592071 -0.26388866,-1.79255414 -0.16978814 -0.40438059,-1.7635808 -0.05187743 -0.31328544,-1.75903952 -0.32986134 -0.52973551,-1.63111901 0.09003707 -0.18895255,-1.61300933 0.0799366 -0.17515786,-1.78915346 -0.20975161 -0.4286164,-1.77344549 -0.08877102 -0.33507553,-1.73831832 -0.36589038 -0.55576783,-1.7382859 -0.0163529 -0.27792612,-1.78161955 -0.2495335 -0.45332724,-1.77946472 -0.12702382 -0.35755619,-1.65434742 0.06777082 -0.20261297,-1.71400392 -0.39978296 -0.58198214,-1.7699877 -0.28866801 -0.47845608,-1.78149319 -0.1661942 -0.38067564,-1.67889476 0.04297657 -0.21989803,-1.68635476 -0.43114796 -0.60831797,-1.74772716 -0.05021115 -0.29223618,-1.70359039 0.01514131 -0.24081674,-1.75434685 -0.32669604 -0.50394511,-1.72590935 -0.01592071 -0.26388866,-1.77943742 -0.20582607 -0.40438059,-1.75875962 -0.08618151 -0.31328544,-1.73483837 -0.36317152 -0.52973551,-1.63652003 0.06462736 -0.18895255,-1.77325726 -0.24545498 -0.4286164,-1.76602674 -0.12367335 -0.33507553,-1.71165431 -0.39766735 -0.55576783,-1.73600447 -0.04897904 -0.27792612,-1.76296663 -0.28461444 -0.45332724,-1.76936293 -0.16225286 -0.35755619,-1.65813863 0.04079501 -0.20261297,-1.68503487 -0.42978126 -0.58198214,-1.74863327 -0.32284221 -0.47845608,-1.62153304 0.06198477 -0.17833979,-1.61315989 0.057682 -0.17241259,-1.76865411 -0.20146933 -0.38067564,-1.68089664 0.01434883 -0.21989803,-1.65526521 -0.45914114 -0.60831797,-1.74306083 -0.08341339 -0.29223618,-1.70359039 -0.01514131 -0.24081674,-1.73037779 -0.35968655 -0.50394511,-1.72368824 -0.04768455 -0.26388866,-1.76383877 -0.24086124 -0.40438059,-1.75155735 -0.12006573 -0.31328544,-1.70837247 -0.39471233 -0.52973551,-1.64013529 0.03890279 -0.18895255,-1.75490928 -0.27996251 -0.4286164,-1.75619137 -0.15797317 -0.33507553,-1.68283856 -0.42750689 -0.55576783,-1.7314527 -0.08136656 -0.27792612,-1.74191213 -0.31830874 -0.45332724,-1.75682831 -0.19669141 -0.35755619,-1.66003883 0.01362046 -0.20261297,-1.65404391 -0.45768568 -0.58198214,-1.72494698 -0.35544354 -0.47845608,-1.6250006 0.03731207 -0.17833979,-1.61326659 0.03528553 -0.17056379,-1.75338554 -0.23576291 -0.38067564,-1.68089664 -0.01434883 -0.21989803,-1.6222986 -0.48489743 -0.60831797,-1.73608994 -0.11620926 -0.29223618,-1.701478 -0.04535017 -0.24081674,-1.70416582 -0.39092469 -0.50394511,-1.71925676 -0.07921609 -0.26388866,-1.74583411 -0.27472296 -0.40438059,-1.74200892 -0.153365 -0.31328544,-1.67977083 -0.42433015 -0.52973551,-1.64194739 0.01298869 -0.18895255,-1.73419893 -0.31310609 -0.4286164,-1.74398744 -0.19150335 -0.33507553,-1.65201163 -0.45526367 -0.55576783,-1.72465277 -0.11335766 -0.27792612,-1.71855843 -0.35045227 -0.45332724,-1.7419219 -0.23017171 -0.35755619,-1.66003883 -0.01362046 -0.20261297,-1.62118185 -0.48336035 -0.58198214,-1.69904423 -0.3863132 -0.47845608,-1.62673867 0.01245759 -0.17833979,-1.61332798 -0.00978737 -0.16955204,-1.61332428 0.01278143 -0.16961022,-1.73576212 -0.26890787 -0.38067564,-1.67889476 -0.04297657 -0.21989803,-1.58761573 -0.50829136 -0.60831797,-1.72684813 -0.14843898 -0.29223618,-1.69726348 -0.07533809 -0.24081674,-1.67583871 -0.42025831 -0.50394511,-1.71263659 -0.11036169 -0.26388866,-1.72551131 -0.30724627 -0.40438059,-1.73016095 -0.18591708 -0.31328544,-1.6491729 -0.45188066 -0.52973551,-1.64194739 -0.01298869 -0.18895255,-1.71122694 -0.34472427 -0.4286164,-1.72947419 -0.22410055 -0.33507553,-1.61932337 -0.48080245 -0.55576783,-1.7156378 -0.14479651 -0.27792612,-1.69301951 -0.38088846 -0.45332724,-1.72471642 -0.26253062 -0.35755619,-1.65813863 -0.04079501 -0.20261297,-1.58660889 -0.50668013 -0.58198214,-1.67105126 -0.41530079 -0.47845608,-1.62673867 -0.01245759 -0.17833979,-1.61327672 -0.03232409 -0.17039835,-1.71586943 -0.30074275 -0.38067564,-1.67490077 -0.07139494 -0.21989803,-1.5513854 -0.52920896 -0.60831797,-1.71538079 -0.1799455 -0.29223618,-1.69096744 -0.10495896 -0.24081674,-1.6455344 -0.44754446 -0.50394511,-1.70385993 -0.14096962 -0.26388866,-1.70296931 -0.33827269 -0.40438059,-1.71607113 -0.21756341 -0.31328544,-1.61672759 -0.47722965 -0.52973551,-1.64013529 -0.03890279 -0.18895255,-1.68610537 -0.37466297 -0.4286164,-1.71272254 -0.25560594 -0.33507553,-1.5849334 -0.50399882 -0.55576783,-1.7044518 -0.17552991 -0.27792612,-1.66541958 -0.40946898 -0.45332724,-1.70529556 -0.29361054 -0.35755619,-1.65434742 -0.06777082 -0.20261297,-1.55049336 -0.52753139 -0.58198214,-1.64110446 -0.44226503 -0.47845608,-1.6250006 -0.03731207 -0.17833979,-1.61317539 -0.05477922 -0.17215094,-1.69380462 -0.33111244 -0.38067564,-1.66893423 -0.09946547 -0.21989803,-1.51378417 -0.54754829 -0.60831797,-1.70174348 -0.21057534 -0.29223618,-1.68262041 -0.13406849 -0.24081674,-1.61340046 -0.4726502 -0.50394511,-1.69296944 -0.17089076 -0.26388866,-1.6783179 -0.3676511 -0.40438059,-1.699808 -0.24814978 -0.31328544,-1.5825932 -0.50025368 -0.52973551,-1.63652003 -0.06462736 -0.18895255,-1.65895665 -0.40277636 -0.4286164,-1.69381392 -0.28586605 -0.33507553,-1.54900908 -0.52473974 -0.55576783,-1.69114912 -0.20540816 -0.27792612,-1.63589323 -0.43605462 -0.45332724,-1.68375397 -0.32326001 -0.35755619,-1.64868367 -0.09441645 -0.20261297,-1.51301146 -0.54581255 -0.58198214,-1.60934961 -0.46707463 -0.47845608,-1.62153304 -0.06198477 -0.17833979,-1.61302924 -0.07711499 -0.17480975,-1.66967499 -0.35986897 -0.38067564,-1.66102409 -0.12705143 -0.21989803,-1.47499526 -0.56321996 -0.60831797,-1.68600273 -0.2401793 -0.29223618,-1.67226315 -0.16252485 -0.24081674,-1.57959354 -0.49545327 -0.50394511,-1.68001842 -0.19997934 -0.26388866,-1.65167725 -0.39523834 -0.40438059,-1.68145096 -0.27752718 -0.31328544,-1.5469358 -0.52084047 -0.52973551,-1.63111901 -0.09003707 -0.18895255,-1.61284339 -0.09929361 -0.17837474,-1.62991285 -0.42892745 -0.4286164,-1.67284048 -0.31473348 -0.33507553,-1.51172543 -0.54292417 -0.55576783,-1.67579472 -0.23428567 -0.27792612,-1.60458434 -0.46051583 -0.45332724,-1.66019654 -0.35133457 -0.35755619,-1.64117515 -0.1206021 -0.20261297,-1.47434545 -0.56143463 -0.58198214,-1.57594144 -0.48960871 -0.47845608,-1.6435982 -0.38687226 -0.38067564,-1.65120888 -0.1540184 -0.21989803,-1.43520772 -0.57614774 -0.60831797,-1.6682353 -0.26861313 -0.29223618,-1.65994608 -0.19018941 -0.24081674,-1.54427838 -0.5158425 -0.50394511,-1.66506982 -0.22809364 -0.26388866,-1.62317705 -0.42090002 -0.40438059,-1.66108942 -0.30555251 -0.31328544,-1.50992918 -0.53888977 -0.52973551,-1.62395859 -0.11500813 -0.18895255,-1.61262321 -0.1212773 -0.18284583,-1.59911573 -0.45298886 -0.4286164,-1.64990449 -0.34206754 -0.33507553,-1.4732641 -0.55846357 -0.55576783,-1.65846324 -0.26202178 -0.27792612,-1.57164538 -0.48273346 -0.45332724,-1.63473821 -0.37769747 -0.35755619,-1.63185811 -0.14620018 -0.20261297,-1.61210072 -0.1645088 -0.19450615,-1.61237395 -0.1430283 -0.18822299,-1.43468404 -0.57432139 -0.58198214,-1.5410428 -0.50975746 -0.47845608,-1.61570132 -0.41199076 -0.38067564,-1.6395365 -0.18023501 -0.21989803,-1.39461529 -0.5862686 -0.60831797,-1.64852774 -0.29573828 -0.29223618,-1.64572918 -0.21692736 -0.24081674,-1.50762689 -0.53371865 -0.50394511,-1.64819634 -0.25509667 -0.26388866,-1.59295619 -0.44451109 -0.40438059,-1.63882244 -0.33208922 -0.31328544,-1.47175372 -0.55431366 -0.52973551,-1.566715 -0.47484335 -0.4286164,-1.62511766 -0.36773506 -0.33507553,-1.4338125 -0.57128215 -0.55576783,-1.63923931 -0.28848132 -0.27792612,-1.53723681 -0.50259924 -0.45332724,-1.60750294 -0.40222028 -0.35755619,-1.62077832 -0.171086 -0.20261297,-1.61180878 -0.18568106 -0.20169528,-1.39422023 -0.58441019 -0.58198214,-1.50482368 -0.52742267 -0.47845608,-1.58612013 -0.43510208 -0.38067564,-1.62606382 -0.20557353 -0.21989803,-1.61118972 -0.22694965 -0.21879114,-1.61150336 -0.20650727 -0.20979029,-1.35341561 -0.59353322 -0.60831797,-1.62697601 -0.32142264 -0.29223618,-1.60942805 -0.3394281 -0.29181591,-1.60968125 -0.32208198 -0.27738115,-1.62968183 -0.24260849 -0.24081674,-1.6108731 -0.24697043 -0.22869779,-1.46981764 -0.54899454 -0.50394511,-1.62948048 -0.28085694 -0.26388866,-1.60995758 -0.3041254 -0.26385191,-1.61025178 -0.2855961 -0.25122821,-1.56116199 -0.46595657 -0.40438059,-1.61475861 -0.35700801 -0.31328544,-1.43259525 -0.56703705 -0.52973551,-1.53286886 -0.49438444 -0.4286164,-1.59860063 -0.39161104 -0.33507553,-1.39356291 -0.58131754 -0.55576783,-1.6182164 -0.31353542 -0.27792612,-1.50152624 -0.52001643 -0.45332724,-1.57862329 -0.4247835 -0.35755619,-1.3531512 -0.59165174 -0.58198214,-1.46746051 -0.54251838 -0.47845608,-1.55499887 -0.45609361 -0.38067564,-1.31180966 -0.59790617 -0.60831797,-1.60368514 -0.34554106 -0.29223618,-1.59311044 -0.3396658 -0.27819031,-1.61188221 -0.26710764 -0.24081674,-1.61055875 -0.26653183 -0.23951016,-1.43103504 -0.5615958 -0.50394511,-1.52794921 -0.48513198 -0.40438059,-1.58901525 -0.38018751 -0.31328544,-1.39264464 -0.57699782 -0.52973551,-1.49774206 -0.51151699 -0.4286164,-1.57048285 -0.41357911 -0.33507553,-1.3527112 -0.58852077 -0.55576783,-1.46468771 -0.53490019 -0.45332724,-1.54824007 -0.44527721 -0.35755619,-1.3116771 -0.59601086 -0.58198214,-1.42913532 -0.55497098 -0.47845608,-1.52248919 -0.47486311 -0.38067564,-1.57876861 -0.36797604 -0.29223618,-1.39146781 -0.57146102 -0.50394511,-1.49347985 -0.50194383 -0.40438059,-1.56171751 -0.40151477 -0.31328544,-1.35209656 -0.58414757 -0.52973551,-1.46150565 -0.52615744 -0.4286164,-1.54090106 -0.43353227 -0.33507553,-1.31145656 -0.59285682 -0.55576783,-1.57119191 -0.35894647 -0.27792612,-1.57627285 -0.33992401 -0.26537415,-1.42690074 -0.54717791 -0.45332724,-1.51650131 -0.46360159 -0.35755619,-1.39003491 -0.56471986 -0.47845608,-1.48874938 -0.49131912 -0.38067564,-1.55234766 -0.38861826 -0.29223618,-1.35130882 -0.57854211 -0.50394511,-1.56323147 -0.34945974 -0.26388866,-1.55782843 -0.34021628 -0.25263166,-1.45792162 -0.51631027 -0.40438059,-1.53299868 -0.42088589 -0.31328544,-1.31114852 -0.58845139 -0.52973551,-1.42433619 -0.53823447 -0.4286164,-1.50999939 -0.45137331 -0.33507553,-1.54541934 -0.37908217 -0.27792612,-1.38834929 -0.55678988 -0.45332724,-1.48356164 -0.47966734 -0.35755619,-1.35034966 -0.57171744 -0.47845608,-1.45394385 -0.50538146 -0.38067564,-1.52455127 -0.4073672 -0.29223618,-1.3107537 -0.58280462 -0.50394511,-1.53814018 -0.36906326 -0.26388866,-1.53886271 -0.34052169 -0.24080223,-1.42144787 -0.52816135 -0.40438059,-1.50299847 -0.43820649 -0.31328544,-1.386415 -0.54768932 -0.4286164,-1.47792864 -0.4670153 -0.33507553,-1.51830494 -0.39737102 -0.27792612,-1.34922135 -0.56368917 -0.45332724,-1.4495815 -0.49339619 -0.35755619,-1.31027293 -0.57592964 -0.47845608,-1.4182421 -0.51698166 -0.38067564,-1.49551475 -0.42413145 -0.29223618,-1.52501345 -0.35099587 -0.24081674,-1.51941013 -0.34083506 -0.22988459,-1.51174247 -0.38686875 -0.26388866,-1.38423622 -0.53743923 -0.40438059,-1.47186327 -0.45339221 -0.31328544,-1.3479265 -0.55447584 -0.4286164,-1.44484472 -0.48038206 -0.33507553,-1.48998094 -0.41372395 -0.27792612,-1.3097074 -0.56784225 -0.45332724,-1.4147265 -0.50472128 -0.35755619,-1.38181818 -0.5260632 -0.38067564,-1.46537948 -0.43882942 -0.29223618,-1.49990797 -0.3679297 -0.24081674,-1.4995048 -0.34115118 -0.21987753,-1.48416698 -0.40278944 -0.26388866,-1.34646809 -0.54409873 -0.40438059,-1.43974447 -0.46636903 -0.31328544,-1.30905843 -0.55856109 -0.4286164,-1.41090906 -0.49140841 -0.33507553,-1.46058512 -0.42806122 -0.27792612,-1.37916636 -0.51358742 -0.35755619,-1.34484947 -0.53258175 -0.38067564,-1.48787475 -0.34867248 -0.21989803,-1.47918129 -0.34146488 -0.21077982,-1.43429232 -0.45138943 -0.29223618,-1.4736824 -0.38307101 -0.24081674,-1.45554805 -0.41674781 -0.26388866,-1.30832744 -0.5481075 -0.40438059,-1.40679872 -0.47707376 -0.31328544,-1.37628698 -0.50004071 -0.33507553,-1.43026078 -0.44031304 -0.27792612,-1.34307444 -0.5199514 -0.35755619,-1.3075161 -0.53650564 -0.38067564,-1.46302187 -0.36302131 -0.21989803,-1.43741691 -0.34206426 -0.19530748,-1.45847392 -0.34177098 -0.2025902,-1.40240479 -0.46175033 -0.29223618,-1.44646466 -0.39634603 -0.24081674,-1.42602527 -0.4286758 -0.26388866,-1.37318647 -0.4854542 -0.31328544,-1.34114695 -0.50623679 -0.33507553,-1.39915574 -0.45041966 -0.27792612,-1.30662644 -0.52378225 -0.35755619,-1.43722856 -0.37560153 -0.21989803,-1.36987221 -0.4698616 -0.29223618,-1.41838706 -0.40769011 -0.24081674,-1.3957423 -0.43851537 -0.26388866,-1.33907151 -0.49146959 -0.31328544,-1.30566037 -0.50996661 -0.33507553,-1.36742151 -0.45833194 -0.27792612,-1.42873979 -0.3565354 -0.20261297,-1.41604483 -0.34233961 -0.18893041,-1.41062057 -0.38635185 -0.21989803,-1.33685303 -0.47568378 -0.29223618,-1.38958657 -0.41704795 -0.24081674,-1.36484671 -0.44621849 -0.26388866,-1.30462015 -0.4950906 -0.31328544,-1.33521247 -0.46401122 -0.27792612,-1.40348244 -0.36674002 -0.20261297,-1.38332748 -0.39521992 -0.21989803,-1.30350816 -0.47918847 -0.29223618,-1.3602035 -0.42437398 -0.24081674,-1.33348894 -0.45174769 -0.26388866,-1.39729106 -0.3497293 -0.18895255,-1.39439178 -0.34259179 -0.18345775,-1.30268586 -0.46742991 -0.27792612,-1.3775748 -0.37515792 -0.20261297,-1.35548234 -0.40216252 -0.21989803,-1.33038092 -0.42963248 -0.24081674,-1.30182207 -0.45507604 -0.26388866,-1.37258506 -0.35775673 -0.18895255,-1.35038066 -0.34300593 -0.17522079,-1.37249231 -0.34281561 -0.17888829,-1.35114312 -0.38174811 -0.20261297,-1.32722056 -0.4071458 -0.21989803,-1.30026412 -0.43279788 -0.24081674,-1.34737933 -0.36404124 -0.18895255,-1.32431602 -0.38647845 -0.20261297,-1.34421539 -0.34915572 -0.17833979,-1.32560515 -0.34317175 -0.17220213,-1.29868019 -0.41014552 -0.21989803,-1.32179666 -0.36855215 -0.18895255,-1.29722428 -0.38932589 -0.20261297,-1.31967866 -0.35348219 -0.17833979,-1.29787672 -0.34329131 -0.17015024,-1.2959615 -0.37126753 -0.18895255,-1.29489994 -0.35608652 -0.17833979,-1.51999998 -0.02383263 -0.00040338,-1.51999998 0.00712209 -3.6E-05,-1.51999998 -0.05474719 -0.00213151,-1.51999998 -0.08556987 -0.00522036,-1.51999998 -0.11624897 -0.00966988,-1.51999998 -0.14673276 -0.01548001,-1.51999998 -0.17696953 -0.02265069,-1.51999998 -0.20690759 -0.03118189,-1.51999998 -0.22855736 -0.03827335,-1.51999998 -0.25 -0.04609067,-1.51999998 0.22058569 -0.03557009,-1.51999998 0.19079782 -0.02641068,-1.51999998 0.16068813 -0.01861239,-1.51999998 0.13030832 -0.01217518,-1.51999998 0.09971008 -0.00709898,-1.51999998 0.06894516 -0.00338375,-1.51999998 0.03806526 -0.00102944,-1.01999998 0.02383263 -0.00040338,-1.01999998 -0.00712209 -3.6E-05,-1.01999998 0.05474719 -0.00213151,-1.01999998 0.08556987 -0.00522036,-1.01999998 0.11624897 -0.00966988,-1.01999998 0.14673276 -0.01548001,-1.01999998 0.17696953 -0.02265069,-1.01999998 0.20690759 -0.03118189,-1.01999998 0.22855736 -0.03827335,-1.01999998 -0.22058569 -0.03557009,-1.01999998 -0.25 -0.04609067,-1.01999998 -0.19079782 -0.02641068,-1.01999998 -0.16068813 -0.01861239,-1.01999998 -0.13030832 -0.01217518,-1.01999998 -0.09971008 -0.00709898,-1.01999998 -0.06894516 -0.00338375,-1.01999998 -0.03806526 -0.00102944,-1.52148771 0.14463989 -0.04006837,-1.52148676 0.15195127 -0.04168899,-1.52607 0.14341004 -0.06493744,-1.52148604 0.15541801 -0.04248567,-1.52606523 0.15009613 -0.06644973,-1.52148557 0.15907168 -0.04334804,-1.52606094 0.15713188 -0.06812504,-1.52148342 0.17362863 -0.04699976,-1.52605188 0.17113476 -0.07170825,-1.52148223 0.1808711 -0.04894679,-1.52604675 0.17774539 -0.07351378,-1.52148163 0.18429875 -0.04989736,-1.59239829 -0.32239825 -0.26136467,-1.52122653 0.22464459 -0.06036704,-1.52549803 0.21663757 -0.08347554,-1.52916098 0.19364442 -0.08978245,-1.5329138 0.2087207 -0.10627084,-1.5201534 -0.25015336 -0.05476105,-1.57581675 -0.30581674 -0.23042259,-1.59229088 -0.30458283 -0.24813479,-1.59240711 -0.29502094 -0.2417198,-1.59252632 -0.2853376 -0.23554851,-1.58666503 -0.27975044 -0.22615266,-1.56534529 -0.29534531 -0.20955776,-1.58677936 -0.26973096 -0.22035177,-1.55783689 -0.28783688 -0.19360948,-1.58233786 -0.26567283 -0.21335208,-1.58244789 -0.25538129 -0.20788492,-1.57796359 -0.25145468 -0.20089988,-1.57393122 -0.24822776 -0.19457708,-1.57096601 -0.23518324 -0.18472582,-1.57402837 -0.23752749 -0.18950948,-1.57105863 -0.2242779 -0.17995431,-1.56796896 -0.22201034 -0.17513423,-1.56520796 -0.22017035 -0.17077231,-1.56529021 -0.20896707 -0.16633296,-1.56320834 -0.2076323 -0.16303618,-1.56112182 -0.20640747 -0.15968926,-1.56119597 -0.19497117 -0.15555064,-1.55910182 -0.19378801 -0.15217189,-1.55700517 -0.19272844 -0.14873107,-1.52126706 -0.21821608 -0.05871401,-1.52060342 -0.25060341 -0.06335577,-1.52133524 -0.2513352 -0.07187337,-1.56252992 0.19708002 -0.15798293,-1.56245399 0.20840473 -0.16214396,-1.5656538 0.21042606 -0.16722263,-1.55955207 0.1953389 -0.15320589,-1.55678928 0.19394706 -0.14867328,-1.56557155 0.22155307 -0.17167354,-1.56880128 0.22373843 -0.17676874,-1.56871331 0.23466194 -0.18151335,-1.57297933 0.23776364 -0.18822274,-1.58338308 0.25721043 -0.20972759,-1.58327186 0.26741478 -0.21522385,-1.58316267 0.27751261 -0.22096476,-1.59099531 0.28467682 -0.23353432,-1.59087777 0.2943753 -0.2396856,-1.59399152 -0.23859297 -0.21067731,-1.59185624 -0.23170616 -0.20538773,-1.59198248 -0.22123949 -0.20068145,-1.59034693 -0.21470112 -0.1963096,-1.55805719 -0.2608529 -0.17937544,-1.54465961 -0.27465957 -0.16256176,-1.55068791 -0.2806879 -0.1773573,-1.59046996 -0.20404162 -0.19198132,-1.55675554 -0.25425151 -0.17404924,-1.58720672 -0.19641215 -0.1859297,-1.55414355 -0.25202292 -0.16876544,-1.54038572 -0.27038577 -0.15121461,-1.58482683 -0.18960512 -0.18108368,-1.55167973 -0.24453256 -0.16111334,-1.58493662 -0.17860895 -0.17729796,-1.53638029 -0.26638031 -0.13965827,-1.54916167 -0.24239331 -0.15571903,-1.54745543 -0.23551947 -0.14957301,-1.5850445 -0.16754064 -0.17375121,-1.58379066 -0.16686802 -0.17232469,-1.58251488 -0.16625646 -0.17087692,-1.5452944 -0.23371704 -0.14469162,-1.54368937 -0.23248535 -0.14098534,-1.53080213 -0.26080218 -0.12127755,-1.53308606 -0.26308608 -0.12921433,-1.54206634 -0.22562928 -0.13483137,-1.54052889 -0.22445026 -0.13106777,-1.53901112 -0.22338994 -0.12725887,-1.57445633 -0.14923693 -0.15746106,-1.53751504 -0.2224561 -0.12340055,-1.52677953 -0.25677958 -0.10514334,-1.52869499 -0.25869501 -0.11325339,-1.53304935 -0.20507997 -0.10555564,-1.52922285 -0.18670566 -0.08800267,-1.5446049 -0.15767792 -0.11719523,-1.59329975 -0.05943213 -0.15825304,-1.57500947 -0.04078229 -0.13951357,-1.57485294 -0.08464206 -0.14422891,-1.59335268 -0.04791081 -0.15716746,-1.59339499 -0.03637402 -0.15631604,-1.57503831 -0.02884432 -0.13880999,-1.59341323 -0.03058389 -0.15597796,-1.5750581 -0.01690075 -0.13834876,-1.59342825 -0.02479673 -0.15569858,-1.558622 -0.06649926 -0.12220522,-1.575068 -0.00495786 -0.1381288,-1.59344852 -0.01322484 -0.15531492,-1.5934546 -0.0074308 -0.15521103,-1.59345675 -0.001636 -0.15516496,-1.57506716 0.00698797 -0.13814867,-1.59345269 0.00995265 -0.15524791,-1.57505596 0.01892313 -0.13840574,-1.59344542 0.01574231 -0.15537533,-1.59343481 0.02153518 -0.1555603,-1.57503521 0.03085151 -0.13890091,-1.52611101 -0.0541176 -0.05158477,-1.53390098 -0.07491136 -0.0780037,-1.52609074 -0.10473329 -0.057684,-1.55870247 -0.02089047 -0.11890829,-1.55870903 -0.01469852 -0.11872918,-1.57500589 0.04276667 -0.13963531,-1.59340715 0.03307808 -0.15610404,-1.55871344 -0.00851247 -0.11861284,-1.59338832 0.03885631 -0.15646258,-1.54488087 0.00047665 -0.0968949,-1.5587157 -0.00233357 -0.1185587,-1.55871558 0.00384347 -0.11856614,-1.59334457 0.05036661 -0.15735245,-1.55871296 0.01002064 -0.11863454,-1.55870819 0.01620275 -0.11876436,-1.59329057 0.06185461 -0.15847374,-1.55870163 0.02238829 -0.11895615,-1.52149498 -0.08426744 -0.02993254,-1.53393316 -0.02586716 -0.0741585,-1.52611649 -0.02526358 -0.04985657,-1.52611423 -0.03969049 -0.05056306,-1.53393507 -0.01889381 -0.073916,-1.5261178 -0.01084126 -0.04946421,-1.52149606 -0.06938472 -0.02825058,-1.53393638 -0.0119304 -0.07374927,-1.52611804 0.00357298 -0.04938503,-1.5339371 -0.00497656 -0.07365791,-1.52149701 -0.05448952 -0.02689676,-1.53393722 0.00196869 -0.07364157,-1.52149749 -0.04701048 -0.0263406,-1.52611732 0.01799449 -0.0496159,-1.53393674 0.00892042 -0.07369947,-1.53393567 0.01588752 -0.07383171,-1.52149808 -0.03209052 -0.02547682,-1.52611554 0.03243188 -0.0501571,-1.533934 0.02286867 -0.07403891,-1.52149832 -0.02460429 -0.02516641,-1.53393173 0.02986343 -0.07432166,-1.52611279 0.04687764 -0.05101073,-1.52149844 -0.01712713 -0.02493825,-1.52149868 -0.00218397 -0.02472719,-1.52149868 0.00529167 -0.02474381,-1.52149856 0.01277185 -0.02484113,-1.5214982 0.02771118 -0.02527717,-1.52149796 0.03519182 -0.02561687,-1.52149773 0.04268581 -0.02603865,-1.57442832 0.15398733 -0.15861526,-1.52149689 0.05759823 -0.02712166,-1.52610922 0.06132595 -0.05217893,-1.58237374 0.1681134 -0.1711746,-1.52149642 0.06508277 -0.0277881,-1.58571577 0.18088116 -0.17867845,-1.58582461 0.1698996 -0.17510435,-1.58405304 0.16891554 -0.1730832,-1.52149534 0.07996843 -0.02935943,-1.58560526 0.19178911 -0.18249038,-1.58740807 0.19826463 -0.18667915,-1.52149403 0.09484371 -0.03125939,-1.58919251 0.20481683 -0.19095705,-1.58907223 0.21544494 -0.19528379,-1.5913955 0.22237141 -0.20050085,-1.5780319 0.24191059 -0.19606856,-1.59415889 0.22457696 -0.20400721,-1.59402931 0.23491459 -0.20876886,-1.57792807 0.25241029 -0.20121466,-1.53463185 0.21013528 -0.11142925,-1.54381049 0.22776447 -0.13910696,-1.54142749 0.22580537 -0.13337649,-1.5392592 0.22423087 -0.1279794,-1.54867935 0.23703261 -0.15230851,-1.54611981 0.23489453 -0.1466185,-1.55350518 0.24670404 -0.16503672,-1.54999328 0.24362518 -0.15759872,-1.55488408 0.25325334 -0.17041826,-1.5633601 0.2659432 -0.1897635,-1.59264934 -0.14580031 -0.17419167,-1.59267664 -0.14302109 -0.17345545,-1.57449818 -0.14349209 -0.15596628,-1.57457888 -0.13194588 -0.15315485,-1.59278286 -0.13185714 -0.17065385,-1.59283388 -0.126248 -0.16933922,-1.57461691 -0.12587017 -0.15177472,-1.59285867 -0.12330341 -0.16867255,-1.5746547 -0.12006174 -0.1505231,-1.59288347 -0.12049255 -0.16805308,-1.54359412 -0.19870779 -0.1278761,-1.57472658 -0.10839617 -0.14819862,-1.59297848 -0.10920831 -0.16571912,-1.57475936 -0.10226769 -0.14707457,-1.59302354 -0.10354275 -0.16463867,-1.59304488 -0.10057232 -0.16409509,-1.55828393 -0.15323496 -0.13833894,-1.57479191 -0.09640612 -0.1460662,-1.59306633 -0.09773477 -0.1635925,-1.55829906 -0.15026188 -0.13756131,-1.55832875 -0.14430103 -0.13605225,-1.54464376 -0.14530212 -0.11407574,-1.52662027 -0.22822861 -0.09262399,-1.52233374 -0.2523337 -0.0803124,-1.52358389 -0.25358394 -0.08867138,-1.52507091 -0.25507089 -0.09694885,-1.59314752 -0.08634999 -0.16172665,-1.55835772 -0.13832115 -0.13460493,-1.59318519 -0.08063789 -0.16088061,-1.54467881 -0.13225798 -0.11107796,-1.55838513 -0.13203795 -0.13315223,-1.55839849 -0.12888901 -0.13245136,-1.55841219 -0.12588324 -0.13180079,-1.5584389 -0.11985905 -0.13054605,-1.54471385 -0.1197532 -0.10849176,-1.52558601 -0.211649 -0.08231221,-1.55846477 -0.11381856 -0.12935324,-1.54474413 -0.10659812 -0.10605489,-1.55848837 -0.10748058 -0.12816808,-1.5337851 -0.16242361 -0.09451123,-1.52605307 -0.16731508 -0.07084316,-1.55849981 -0.10430537 -0.12760103,-1.53379083 -0.15921584 -0.09367842,-1.5260582 -0.16064212 -0.06913481,-1.55851161 -0.1012724 -0.12707753,-1.53380191 -0.15278511 -0.09206315,-1.5585345 -0.09519588 -0.12607712,-1.54477417 -0.09398749 -0.10400197,-1.55855644 -0.08910579 -0.12513886,-1.53381193 -0.14602838 -0.09043985,-1.5260669 -0.14659819 -0.06577636,-1.52607095 -0.13954471 -0.06421289,-1.5338217 -0.13925081 -0.0888904,-1.53382647 -0.13585447 -0.08814342,-1.52607572 -0.13280335 -0.06279855,-1.5338316 -0.13261274 -0.08745054,-1.53384161 -0.12611632 -0.08611531,-1.52148104 -0.1866785 -0.0507361,-1.53385031 -0.11930015 -0.08478636,-1.52608311 -0.11863898 -0.06005841,-1.53385866 -0.11246642 -0.08353142,-1.52608657 -0.1115304 -0.05880434,-1.5214833 -0.17219333 -0.04677683,-1.53386271 -0.10904323 -0.08293173,-1.52148402 -0.16873148 -0.04588365,-1.53386724 -0.1057736 -0.08237877,-1.52148509 -0.16146253 -0.04406823,-1.53387582 -0.09922361 -0.08132356,-1.54481757 -0.07055692 -0.10088389,-1.52148712 -0.14685869 -0.04067859,-1.52148759 -0.14319462 -0.03988153,-1.52148819 -0.13969763 -0.03914256,-1.54485071 -0.04697914 -0.09865655,-1.52148914 -0.13236429 -0.03765131,-1.52149093 -0.11764222 -0.03491053,-1.52149129 -0.11395079 -0.0342758,-1.52149189 -0.11042521 -0.03369103,-1.54487216 -0.0232894 -0.0973252,-1.59316421 0.08455202 -0.16139147,-1.5748316 0.08972488 -0.14492573,-1.57493174 0.06633728 -0.14181043,-1.55861115 0.07126921 -0.12270521,-1.55866659 0.04690401 -0.12034063,-1.54484618 0.05139061 -0.09897874,-1.54487073 0.02599151 -0.09742425,-1.5931257 0.09023736 -0.16226798,-1.57476926 0.10142714 -0.14684656,-1.574736 0.10725603 -0.14789587,-1.59304309 0.10156538 -0.16419315,-1.59302139 0.10438809 -0.16471025,-1.57470202 0.11338191 -0.14906839,-1.59299946 0.10735866 -0.16527182,-1.57462907 0.12497544 -0.15147294,-1.5929538 0.11299281 -0.16638085,-1.5745908 0.13074641 -0.15276395,-1.59285796 0.12421166 -0.16877069,-1.59283316 0.12700568 -0.16940387,-1.5745517 0.13681808 -0.15419328,-1.59280777 0.12994996 -0.1700888,-1.55853748 0.09544566 -0.12604563,-1.54480863 0.07663371 -0.1015541,-1.54475939 0.10168104 -0.1051459,-1.53389478 0.08239206 -0.07886766,-1.5744704 0.14828382 -0.15708223,-1.59275639 0.13552392 -0.17143053,-1.53391683 0.05620916 -0.0760619,-1.55851495 0.10150167 -0.12703851,-1.5447284 0.11421382 -0.10733488,-1.55849147 0.10754275 -0.12809297,-1.59264982 0.14661561 -0.17428534,-1.55847931 0.1105575 -0.12864326,-1.5926224 0.14937642 -0.1750347,-1.54469669 0.1273514 -0.10992558,-1.55846739 0.11373029 -0.12924132,-1.55844271 0.12006229 -0.1304886,-1.55841637 0.12606281 -0.13173436,-1.54466093 0.13976543 -0.1126448,-1.55838919 0.13204591 -0.13304158,-1.55837536 0.13503073 -0.13371821,-1.54462457 0.15278673 -0.11579879,-1.55836153 0.1381762 -0.13445051,-1.55833328 0.14445142 -0.13596633,-1.53386617 0.10837111 -0.08273418,-1.52609885 0.08848617 -0.05523178,-1.52608597 0.11543372 -0.05939196,-1.55830407 0.15038638 -0.1374654,-1.54458523 0.16506077 -0.11904929,-1.52608168 0.12218364 -0.06061163,-1.53385723 0.11487854 -0.08387263,-1.5338527 0.11812627 -0.08446696,-1.55827403 0.15630144 -0.13902582,-1.52607799 0.12927881 -0.06197612,-1.5338484 0.1215444 -0.08511312,-1.55825877 0.15925132 -0.13982904,-1.53383958 0.12836654 -0.0864611,-1.5338304 0.13516924 -0.08788323,-1.53382015 0.14161579 -0.08930022,-1.53381491 0.14483206 -0.09003377,-1.5338099 0.14822154 -0.09082783,-1.53379977 0.15498412 -0.09247167,-1.5337894 0.16172418 -0.09418976,-1.52149057 0.12277155 -0.03572686,-1.52148998 0.12627134 -0.03636999,-1.53377807 0.16809872 -0.09588586,-1.5214895 0.12995496 -0.03706925,-1.53377235 0.17127796 -0.09675892,-1.54453683 0.20178789 -0.13063733,-1.24616742 -0.25 -0.00040338,-1.27712214 -0.25 -3.6E-05,-1.21525276 -0.25 -0.00213151,-1.18443012 -0.25 -0.00522036,-1.15375102 -0.25 -0.00966988,-1.12326729 -0.25 -0.01548001,-1.09303045 -0.25 -0.02265069,-1.06309247 -0.25 -0.03118189,-1.04144263 -0.25 -0.03827335,-1.49058568 -0.25 -0.03557009,-1.46079779 -0.25 -0.02641068,-1.43068814 -0.25 -0.01861239,-1.40030825 -0.25 -0.01217518,-1.36971009 -0.25 -0.00709898,-1.33894515 -0.25 -0.00338375,-1.3080653 -0.25 -0.00102944,-0.9476018 -0.32239825 -0.26136467,-0.94913214 0.29356524 -0.23920995,-0.94901484 0.28382331 -0.23307297,-0.95685852 0.276631 -0.22052029,-0.95674944 0.26648128 -0.21479064,-0.95663804 0.25622281 -0.20930539,-0.97132486 0.23356006 -0.18111667,-0.97123641 0.22257316 -0.17637958,-0.96705461 0.2366766 -0.18782267,-0.97446895 0.22037615 -0.17128579,-0.9743861 0.20918439 -0.16684216,-0.97758812 0.20715111 -0.16176395,-0.98049116 0.1940084 -0.15283288,-0.98056215 0.20550554 -0.15695329,-0.98325509 0.19260597 -0.14829947,-1.01878154 0.21806996 -0.05820619,-0.97876179 -0.19629517 -0.15592346,-0.97675002 -0.20888299 -0.16341625,-0.97466969 -0.21020998 -0.16671336,-0.98295051 -0.19406857 -0.14910474,-0.97883534 -0.20766585 -0.16006926,-0.98085481 -0.1951201 -0.15254496,-0.97475135 -0.22134842 -0.17115995,-0.97199255 -0.22317852 -0.17552298,-0.96899801 -0.2362773 -0.18512422,-0.96890581 -0.22543459 -0.18034478,-0.96593893 -0.23861058 -0.18991055,-0.96200812 -0.25246346 -0.20131446,-0.96190423 -0.24196601 -0.19616719,-0.97465467 -0.29534531 -0.20955776,-0.95763958 -0.26660964 -0.21378368,-0.98216313 -0.28783688 -0.19360948,-0.95752984 -0.25637272 -0.20830578,-0.95320439 -0.2706506 -0.22079135,-0.95331877 -0.28062052 -0.22660463,-0.96418327 -0.30581674 -0.23042259,-0.94746566 -0.28618443 -0.2360132,-0.94758511 -0.2958256 -0.24219935,-1.01984668 -0.25015336 -0.05476105,-1.0187248 -0.2247854 -0.06087584,-1.01939654 -0.25060341 -0.06335577,-1.01866484 -0.2513352 -0.07187337,-1.01766634 -0.2523337 -0.0803124,-0.94770187 -0.3053486 -0.24862957,-0.96199608 0.24084286 -0.19566345,-0.94597781 0.23340778 -0.20817617,-0.96210021 0.25140128 -0.20080017,-0.94584781 0.22300518 -0.20343268,-0.94861507 0.22078621 -0.19993132,-0.9766832 0.26541945 -0.18955743,-0.95094115 0.21381618 -0.19472696,-0.95082045 0.2031206 -0.19041768,-0.98516583 0.2526851 -0.17021434,-0.95260668 0.19652678 -0.18615095,-0.98874199 0.2497092 -0.16278815,-0.95249099 0.18564855 -0.18221915,-0.9900589 0.24301697 -0.15739292,-0.9560703 0.17808834 -0.17613925,-0.99263048 0.23569047 -0.14948694,-0.95596415 0.16699401 -0.17260337,-0.957645 0.16618499 -0.17069566,-0.99513751 0.23352671 -0.14376499,-0.99757141 0.23164158 -0.13804178,-0.99862462 0.22511491 -0.13316208,-1.00079226 0.22353423 -0.12776318,-0.96554369 0.14923693 -0.15746106,-1.00276065 0.22229601 -0.12267671,-1.00711024 0.20495336 -0.10506657,-0.94670033 0.05943213 -0.15825304,-0.9649905 0.04078229 -0.13951357,-0.96514708 0.08464206 -0.14422891,-0.94664735 0.04791081 -0.15716746,-0.94660497 0.03637402 -0.15631604,-0.96496171 0.02884432 -0.13880999,-0.94658679 0.03058389 -0.15597796,-0.94657183 0.02479673 -0.15569858,-0.96494192 0.01690075 -0.13834876,-0.98137802 0.06649926 -0.12220522,-0.9465515 0.01322484 -0.15531492,-0.96493202 0.00495786 -0.1381288,-0.94654542 0.0074308 -0.15521103,-0.94654322 0.001636 -0.15516496,-0.9649328 -0.00698797 -0.13814867,-0.94654733 -0.00995265 -0.15524791,-0.96494401 -0.01892313 -0.13840574,-0.94655454 -0.01574231 -0.15537533,-0.94656527 -0.02153518 -0.1555603,-0.96496475 -0.03085151 -0.13890091,-1.01388896 0.0541176 -0.05158477,-1.0060991 0.07491136 -0.0780037,-1.01390922 0.10473329 -0.057684,-0.98129749 0.02089047 -0.11890829,-0.981291 0.01469852 -0.11872918,-0.94659281 -0.03307808 -0.15610404,-0.96499413 -0.04276667 -0.13963531,-0.98128653 0.00851247 -0.11861284,-0.94661164 -0.03885631 -0.15646258,-0.99511909 -0.00047665 -0.0968949,-0.98128426 0.00233357 -0.1185587,-0.9812845 -0.00384347 -0.11856614,-0.94665545 -0.05036661 -0.15735245,-0.98128706 -0.01002064 -0.11863454,-0.98129177 -0.01620275 -0.11876436,-0.94670945 -0.06185461 -0.15847374,-0.98129833 -0.02238829 -0.11895615,-1.0185051 0.08426744 -0.02993254,-1.00606692 0.02586716 -0.0741585,-1.01388574 0.03969049 -0.05056306,-1.01388347 0.02526358 -0.04985657,-1.00606501 0.01889381 -0.073916,-1.01388216 0.01084126 -0.04946421,-1.0185039 0.06938472 -0.02825058,-1.0060637 0.0119304 -0.07374927,-1.01388192 -0.00357298 -0.04938503,-1.00606298 0.00497656 -0.07365791,-1.01850295 0.05448952 -0.02689676,-1.00606275 -0.00196869 -0.07364157,-1.01850259 0.04701048 -0.0263406,-1.01388264 -0.01799449 -0.0496159,-1.00606322 -0.00892042 -0.07369947,-1.0060643 -0.01588752 -0.07383171,-1.01850188 0.03209052 -0.02547682,-1.00606596 -0.02286867 -0.07403891,-1.01388443 -0.03243188 -0.0501571,-1.01850164 0.02460429 -0.02516641,-1.01388717 -0.04687764 -0.05101073,-1.00606823 -0.02986343 -0.07432166,-1.01850152 0.01712713 -0.02493825,-1.0185014 0.00218397 -0.02472719,-1.0185014 -0.00529167 -0.02474381,-1.0185014 -0.01277185 -0.02484113,-1.01850176 -0.02771118 -0.02527717,-1.018502 -0.03519182 -0.02561687,-1.01850235 -0.04268581 -0.02603865,-0.9655717 -0.15398733 -0.15861526,-1.01850307 -0.05759823 -0.02712166,-1.01389086 -0.06132595 -0.05217893,-0.95746654 -0.16818422 -0.17135592,-1.01850355 -0.06508277 -0.0277881,-0.95493925 -0.16945797 -0.17423175,-0.95504671 -0.18045929 -0.17779696,-0.95619202 -0.16879058 -0.17280436,-1.01850462 -0.07996843 -0.02935943,-0.95515597 -0.19138721 -0.18160035,-0.95277828 -0.19815078 -0.18645771,-1.01850593 -0.09484371 -0.03125939,-0.9495188 -0.20573199 -0.19252248,-0.94964135 -0.21632427 -0.19686835,-0.9480077 -0.22282195 -0.20125201,-0.94580662 -0.22460644 -0.20405152,-0.9459362 -0.23494305 -0.2088138,-1.01322043 -0.25677958 -0.10514334,-1.00562441 -0.2099129 -0.11067472,-1.01492906 -0.25507089 -0.09694885,-1.00692666 -0.20884418 -0.10676023,-1.00093758 -0.22408718 -0.12747522,-0.99941921 -0.22514316 -0.13128287,-1.00919783 -0.26080218 -0.12127755,-1.01130497 -0.25869501 -0.11325339,-0.99249214 -0.23616312 -0.14978141,-0.99465275 -0.23436639 -0.14490114,-0.99788147 -0.22631782 -0.1350452,-0.9962579 -0.23313881 -0.1411958,-1.0069139 -0.26308608 -0.12921433,-1.00361967 -0.26638031 -0.13965827,-0.98826897 -0.24513645 -0.1613187,-0.99078596 -0.24300331 -0.15592502,-0.99961424 -0.27038577 -0.15121461,-0.99534041 -0.27465957 -0.16256176,-0.98580611 -0.25259292 -0.16896938,-0.98319578 -0.25481588 -0.17425343,-0.98931211 -0.2806879 -0.1773573,-0.97655421 -0.26601958 -0.18992631,-0.94735068 0.14580031 -0.17419167,-0.94732332 0.14302109 -0.17345545,-0.96550184 0.14349209 -0.15596628,-0.94721711 0.13185714 -0.17065385,-0.96542114 0.13194588 -0.15315485,-0.94716609 0.126248 -0.16933922,-0.96538305 0.12587017 -0.15177472,-0.94714129 0.12330341 -0.16867255,-0.96534532 0.12006174 -0.1505231,-0.94711655 0.12049255 -0.16805308,-0.99661845 0.19858521 -0.12741131,-0.99539518 0.15767792 -0.11719523,-0.94702154 0.10920831 -0.16571912,-0.96527344 0.10839617 -0.14819862,-0.94697648 0.10354275 -0.16463867,-0.9652406 0.10226769 -0.14707457,-0.94695508 0.10057232 -0.16409509,-0.98171604 0.15323496 -0.13833894,-0.96520805 0.09640612 -0.1460662,-0.94693369 0.09773477 -0.1635925,-0.9817009 0.15026188 -0.13756131,-0.98167121 0.14430103 -0.13605225,-0.99535626 0.14530212 -0.11407574,-0.94685251 0.08634999 -0.16172665,-0.98164225 0.13832115 -0.13460493,-0.94681478 0.08063789 -0.16088061,-0.98161489 0.13203795 -0.13315223,-0.99532115 0.13225798 -0.11107796,-0.98160148 0.12888901 -0.13245136,-0.98158783 0.12588324 -0.13180079,-0.98156112 0.11985905 -0.13054605,-0.99528611 0.1197532 -0.10849176,-1.01451802 0.21151443 -0.08180875,-1.01084447 0.1866318 -0.08775631,-0.98153526 0.11381856 -0.12935324,-0.98151165 0.10748058 -0.12816808,-0.99525595 0.10659812 -0.10605489,-1.00621486 0.16242361 -0.09451123,-1.01394689 0.16731508 -0.07084316,-0.98150021 0.10430537 -0.12760103,-1.00620914 0.15921584 -0.09367842,-1.01394176 0.16064212 -0.06913481,-0.98148835 0.1012724 -0.12707753,-1.00619805 0.15278511 -0.09206315,-0.98146546 0.09519588 -0.12607712,-0.99522585 0.09398749 -0.10400197,-0.98144358 0.08910579 -0.12513886,-1.01393318 0.14659819 -0.06577636,-1.00618804 0.14602838 -0.09043985,-1.00617826 0.13925081 -0.0888904,-1.01392901 0.13954471 -0.06421289,-1.00617361 0.13585447 -0.08814342,-1.01392436 0.13280335 -0.06279855,-1.00616837 0.13261274 -0.08745054,-1.00615835 0.12611632 -0.08611531,-1.01851892 0.1866785 -0.0507361,-1.01391685 0.11863898 -0.06005841,-1.00614965 0.11930015 -0.08478636,-1.0061413 0.11246642 -0.08353142,-1.01391339 0.1115304 -0.05880434,-1.01851666 0.17219333 -0.04677683,-1.00613725 0.10904323 -0.08293173,-1.01851594 0.16873148 -0.04588365,-1.00613284 0.1057736 -0.08237877,-1.01851499 0.16146253 -0.04406823,-1.00612414 0.09922361 -0.08132356,-0.99518239 0.07055692 -0.10088389,-1.01851296 0.14685869 -0.04067859,-1.01851249 0.14319462 -0.03988153,-1.01851177 0.13969763 -0.03914256,-0.99514931 0.04697914 -0.09865655,-1.01851082 0.13236429 -0.03765131,-1.01850915 0.11764222 -0.03491053,-1.01850867 0.11395079 -0.0342758,-1.01850808 0.11042521 -0.03369103,-0.99512786 0.0232894 -0.0973252,-0.94683582 -0.08455202 -0.16139147,-0.96506828 -0.06633728 -0.14181043,-0.96516836 -0.08972488 -0.14492573,-0.98138881 -0.07126921 -0.12270521,-0.98133337 -0.04690401 -0.12034063,-0.99515378 -0.05139061 -0.09897874,-0.99512923 -0.02599151 -0.09742425,-0.96523076 -0.10142714 -0.14684656,-0.94687432 -0.09023736 -0.16226798,-0.94695687 -0.10156538 -0.16419315,-0.96526408 -0.10725603 -0.14789587,-0.94697857 -0.10438809 -0.16471025,-0.94700056 -0.10735866 -0.16527182,-0.96529806 -0.11338191 -0.14906839,-0.94704616 -0.11299281 -0.16638085,-0.96537095 -0.12497544 -0.15147294,-0.947142 -0.12421166 -0.16877069,-0.96540916 -0.13074641 -0.15276395,-0.94716686 -0.12700568 -0.16940387,-0.94719219 -0.12994996 -0.1700888,-0.96544826 -0.13681808 -0.15419328,-0.98146248 -0.09544566 -0.12604563,-0.99524057 -0.10168104 -0.1051459,-0.9951914 -0.07663371 -0.1015541,-1.0061053 -0.08239206 -0.07886766,-0.94724357 -0.13552392 -0.17143053,-0.96552956 -0.14828382 -0.15708223,-1.00608313 -0.05620916 -0.0760619,-0.98148507 -0.10150167 -0.12703851,-0.99527156 -0.11421382 -0.10733488,-0.98150855 -0.10754275 -0.12809297,-0.9473502 -0.14661561 -0.17428534,-0.98152071 -0.1105575 -0.12864326,-0.94737762 -0.14937642 -0.1750347,-0.98153263 -0.11373029 -0.12924132,-0.99530333 -0.1273514 -0.10992558,-0.98155731 -0.12006229 -0.1304886,-0.9815836 -0.12606281 -0.13173436,-0.99533904 -0.13976543 -0.1126448,-0.98161077 -0.13204591 -0.13304158,-0.98162466 -0.13503073 -0.13371821,-0.99537545 -0.15278673 -0.11579879,-0.98163843 -0.1381762 -0.13445051,-0.98166668 -0.14445142 -0.13596633,-1.00613379 -0.10837111 -0.08273418,-1.01390111 -0.08848617 -0.05523178,-1.01391411 -0.11543372 -0.05939196,-0.99541473 -0.16506077 -0.11904929,-0.98169595 -0.15038638 -0.1374654,-1.00614274 -0.11487854 -0.08387263,-1.01391828 -0.12218364 -0.06061163,-1.00614738 -0.11812627 -0.08446696,-0.98172593 -0.15630144 -0.13902582,-1.00615168 -0.1215444 -0.08511312,-1.01392198 -0.12927881 -0.06197612,-0.98174119 -0.15925132 -0.13982904,-1.0061605 -0.12836654 -0.0864611,-1.01392996 -0.14341004 -0.06493744,-1.00616968 -0.13516924 -0.08788323,-1.00617993 -0.14161579 -0.08930022,-1.01393473 -0.15009613 -0.06644973,-1.00618517 -0.14483206 -0.09003377,-1.01393902 -0.15713188 -0.06812504,-1.00619006 -0.14822154 -0.09082783,-1.00620019 -0.15498412 -0.09247167,-1.01394808 -0.17113476 -0.07170825,-1.00621068 -0.16172418 -0.09418976,-1.01850939 -0.12277155 -0.03572686,-1.01850998 -0.12627134 -0.03636999,-1.00622189 -0.16809872 -0.09588586,-1.01395321 -0.17774539 -0.07351378,-1.01851046 -0.12995496 -0.03706925,-1.00622761 -0.17127796 -0.09675892,-1.01077175 -0.19371542 -0.09002932,-1.01851225 -0.14463989 -0.04006837,-0.9955197 -0.20173794 -0.13050982,-1.01851332 -0.15195127 -0.04168899,-1.01851392 -0.15541801 -0.04248567,-1.01851451 -0.15907168 -0.04334804,-1.01851666 -0.17362863 -0.04699976,-1.01851773 -0.1808711 -0.04894679,-1.01851845 -0.18429875 -0.04989736,-1.01439798 -0.21676789 -0.08397961,-1.01641607 -0.25358394 -0.08867138,-1.39857721 -0.26383913 -0.08650357,-1.4053793 -0.26382995 -0.08792799,-1.39762139 -0.27469572 -0.10998148,-1.41355526 -0.2560699 -0.06496931,-1.41183615 -0.26381963 -0.0893496,-1.41005492 -0.2746599 -0.11271105,-1.42025232 -0.2560651 -0.06648571,-1.41505754 -0.26381439 -0.09008554,-1.42728758 -0.25606078 -0.06816274,-1.41844678 -0.26380941 -0.09088083,-1.42520857 -0.26379925 -0.09252715,-1.42307436 -0.27462342 -0.11587135,-1.44128942 -0.25605175 -0.07174939,-1.43194783 -0.26378882 -0.0942477,-1.36484373 -0.25149405 -0.03125944,-1.39284158 -0.25149059 -0.03573947,-1.38556886 -0.25608581 -0.05941552,-1.39233005 -0.25608155 -0.06063871,-1.39634728 -0.25148997 -0.03638406,-1.43833244 -0.26377755 -0.09594904,-1.43536711 -0.27458403 -0.1191335,-1.44791067 -0.25604656 -0.07355963,-1.40003085 -0.25148952 -0.03708375,-1.39942491 -0.25607783 -0.0620048,-1.46387613 -0.25922793 -0.09007929,-1.44151664 -0.26377183 -0.09682481,-1.47900021 -0.26307294 -0.1068141,-1.41471541 -0.25148767 -0.04008453,-1.47196245 -0.2744793 -0.13058746,-1.46435785 -0.28704751 -0.1492039,-1.47796798 -0.29116237 -0.16018276,-1.48006785 -0.26437512 -0.11072884,-1.49646604 -0.27211788 -0.13510355,-1.49529243 -0.2705802 -0.13134094,-1.49423742 -0.26906192 -0.12753303,-1.42202652 -0.25148669 -0.04170597,-1.42549908 -0.251486 -0.04250441,-1.42915261 -0.2514855 -0.04336722,-1.44370902 -0.25148335 -0.04702074,-1.45095122 -0.25148225 -0.04896867,-1.45438457 -0.25148153 -0.04992126,-1.49478543 -0.25127518 -0.06087584,-1.48684895 -0.25560194 -0.08400773,-0.9653852 -0.3222903 -0.24815661,-0.97493029 -0.32240623 -0.24175145,-0.98459625 -0.32252505 -0.23558922,-0.99018192 -0.31666383 -0.22619247,-1.00018322 -0.31677783 -0.22039963,-1.00423992 -0.31233647 -0.21339916,-1.01451266 -0.31244612 -0.20793907,-1.01843762 -0.30796197 -0.20095316,-1.02166307 -0.30392963 -0.19462962,-1.03468668 -0.30096427 -0.18478371,-1.03234375 -0.30402654 -0.18956797,-1.04557204 -0.30105674 -0.18001722,-1.04783809 -0.29796714 -0.1751965,-1.04967678 -0.29520619 -0.17083405,-1.06085956 -0.29528829 -0.16639869,-1.06219327 -0.29320657 -0.16310148,-1.06341684 -0.29112005 -0.15975419,-1.07483256 -0.29119411 -0.15561858,-1.0760144 -0.28910014 -0.15223941,-1.07707262 -0.28700355 -0.14879823,-1.05178392 -0.25126708 -0.05871401,-1.46658075 -0.29123607 -0.15602371,-1.47918308 -0.29324755 -0.16353041,-1.48050809 -0.29532775 -0.16682823,-1.46540749 -0.28914315 -0.15264463,-1.49166226 -0.29524598 -0.17128892,-1.49348962 -0.2980046 -0.17565304,-1.50660026 -0.3009989 -0.18527061,-1.49574268 -0.30109119 -0.18047617,-1.50893033 -0.30405784 -0.19005843,-1.52279294 -0.30798829 -0.20148045,-1.51228154 -0.30809227 -0.19631724,-1.53694737 -0.31235653 -0.21396925,-1.54098296 -0.3167915 -0.22097996,-1.52669728 -0.31246632 -0.20847449,-1.55096531 -0.31667709 -0.22681104,-1.55652177 -0.32252994 -0.23622413,-1.56617451 -0.32241043 -0.24242908,-1.03124881 -0.32398856 -0.21075293,-1.0381248 -0.32185322 -0.20546512,-1.04857171 -0.32197919 -0.20076293,-1.05509925 -0.32034352 -0.1963923,-1.00909078 -0.28805655 -0.17940314,-1.06573856 -0.32046631 -0.19206686,-1.0156821 -0.28675485 -0.1740807,-1.07335591 -0.31720322 -0.18601531,-1.01791 -0.28414288 -0.16879661,-1.08015144 -0.31482336 -0.18116947,-1.02538967 -0.281679 -0.16114785,-1.09112692 -0.31493294 -0.17738479,-1.02752805 -0.27916104 -0.15575323,-1.03439116 -0.27745482 -0.14961036,-1.10217452 -0.31504083 -0.17383827,-1.10284638 -0.31378698 -0.17241138,-1.10345709 -0.31251132 -0.1709633,-1.03619277 -0.27529386 -0.14472868,-1.03742385 -0.27368873 -0.14102221,-1.04426885 -0.27206573 -0.13487104,-1.04544723 -0.27052835 -0.13110724,-1.04650676 -0.2690106 -0.12729816,-1.12046862 -0.30445322 -0.1575384,-1.04743993 -0.26751462 -0.1234397,-1.06481266 -0.26304895 -0.10559171,-1.08318353 -0.25922257 -0.08803549,-1.11211097 -0.27460372 -0.11725004,-1.22895491 -0.3050085 -0.13953154,-1.21018767 -0.32329726 -0.15829249,-1.18496883 -0.30485052 -0.1442852,-1.22168934 -0.32335064 -0.15720087,-1.24087322 -0.30503759 -0.13882369,-1.23320818 -0.32339343 -0.15634257,-1.23898852 -0.32341182 -0.15600079,-1.2527988 -0.3050577 -0.13835737,-1.24742031 -0.32343206 -0.15560618,-1.2032305 -0.28862098 -0.1222347,-1.2532078 -0.32344353 -0.15540828,-1.25743282 -0.32344964 -0.15530044,-1.26151133 -0.3050662 -0.13816883,-1.26588058 -0.32345629 -0.15517759,-1.27022243 -0.30506906 -0.13810824,-1.27010787 -0.32345736 -0.155163,-1.2772764 -0.32345432 -0.15520792,-1.2849884 -0.3050608 -0.13829476,-1.29158449 -0.32343569 -0.15556297,-1.29974329 -0.3050375 -0.13884476,-1.21588242 -0.25611109 -0.05158488,-1.19494331 -0.2639007 -0.0780205,-1.16511703 -0.25609061 -0.05770767,-1.24897313 -0.28870231 -0.11891288,-1.29873598 -0.32341897 -0.15587242,-1.25515509 -0.28870887 -0.1187327,-1.30517316 -0.3233999 -0.15622665,-1.31300485 -0.30500504 -0.1396523,-1.26133204 -0.28871346 -0.11861508,-1.26584029 -0.28871539 -0.11856838,-1.2704767 -0.27488098 -0.0968951,-1.27034497 -0.28871605 -0.11855455,-1.31941295 -0.32334837 -0.15726969,-1.27798331 -0.28871411 -0.11860532,-1.28562796 -0.28870878 -0.11874975,-1.33219898 -0.32328844 -0.15851074,-1.29251206 -0.2887015 -0.11896063,-1.1857326 -0.25149497 -0.02993259,-1.24413288 -0.26393318 -0.07415865,-1.23030949 -0.2561143 -0.05056316,-1.24473643 -0.25611657 -0.04985667,-1.25110614 -0.26393509 -0.07391615,-1.25915873 -0.25611785 -0.04946432,-1.20061529 -0.25149611 -0.02825063,-1.25806963 -0.2639364 -0.07374942,-1.27357292 -0.25611809 -0.04938513,-1.26502347 -0.26393715 -0.07365806,-1.21551049 -0.25149706 -0.02689681,-1.27196872 -0.26393726 -0.07364172,-1.22298956 -0.25149748 -0.02634065,-1.27892041 -0.26393679 -0.07369962,-1.2879945 -0.25611734 -0.049616,-1.28588748 -0.26393574 -0.07383186,-1.23790944 -0.2514981 -0.02547688,-1.29286861 -0.26393408 -0.07403906,-1.30243182 -0.25611556 -0.0501572,-1.24539566 -0.25149831 -0.02516646,-1.29986346 -0.26393184 -0.07432181,-1.3168776 -0.25611284 -0.05101084,-1.25287282 -0.25149849 -0.0249383,-1.26781607 -0.25149864 -0.02472724,-1.27529168 -0.25149864 -0.02474387,-1.28277183 -0.25149855 -0.02484119,-1.29771113 -0.25149825 -0.02527723,-1.30519187 -0.25149798 -0.02561692,-1.31268585 -0.25149769 -0.02603871,-1.42441499 -0.30442458 -0.15873224,-1.32759821 -0.25149688 -0.02712172,-1.33132589 -0.25610918 -0.05217903,-1.43860078 -0.31252903 -0.1714839,-1.33508277 -0.25149643 -0.02778815,-1.45088851 -0.31494844 -0.17794079,-1.43987215 -0.31505617 -0.17436072,-1.439206 -0.31380352 -0.1729328,-1.34996843 -0.25149533 -0.02935948,-1.46183097 -0.31483895 -0.18175983,-1.46859896 -0.31721631 -0.18662645,-1.4761833 -0.32047537 -0.19270152,-1.48678875 -0.32035264 -0.19706461,-1.49329066 -0.32198602 -0.20145838,-1.49507225 -0.32418695 -0.20425963,-1.50542116 -0.32405722 -0.20904036,-1.5063169 -0.27750704 -0.14984646,-1.50452161 -0.27534646 -0.14496572,-1.50329518 -0.27374136 -0.14126004,-1.51529634 -0.28173003 -0.16139062,-1.51316488 -0.27921313 -0.15599631,-1.52275968 -0.28419283 -0.16904806,-1.52498078 -0.28680304 -0.17433281,-1.53618824 -0.2934444 -0.19001412,-1.12386703 -0.32264486 -0.17427982,-1.12620294 -0.3044951 -0.15604304,-1.12664115 -0.32267222 -0.1735431,-1.13778436 -0.32277846 -0.17073902,-1.13772821 -0.30457583 -0.15322982,-1.14338315 -0.32282954 -0.16942288,-1.14380288 -0.30461395 -0.15184617,-1.14632714 -0.3228544 -0.16875422,-1.14913297 -0.32287917 -0.16813387,-1.14960098 -0.30465177 -0.15059322,-1.07113719 -0.27359319 -0.12792824,-1.16039681 -0.32297432 -0.16579592,-1.16124582 -0.3047238 -0.1482655,-1.1660521 -0.3230195 -0.16471319,-1.16737342 -0.30475667 -0.14713763,-1.16902208 -0.32304093 -0.16416745,-1.11651087 -0.28828201 -0.13840526,-1.11947858 -0.28829712 -0.1376276,-1.17469072 -0.32308346 -0.16317415,-1.17909026 -0.30482066 -0.14517635,-1.1254288 -0.28832683 -0.13611834,-1.12446499 -0.27464262 -0.11413116,-1.04171658 -0.25662017 -0.09264421,-1.13139796 -0.28835583 -0.1346706,-1.18606901 -0.32316306 -0.1613605,-1.18892169 -0.32318178 -0.1609432,-1.13768029 -0.28838325 -0.13321486,-1.13750768 -0.27467775 -0.11112831,-1.14082873 -0.28839663 -0.13251247,-1.14382935 -0.28841031 -0.13186151,-1.14999092 -0.27471286 -0.10854135,-1.14984298 -0.28843707 -0.13060583,-1.05829513 -0.25558588 -0.08233093,-1.15587294 -0.28846294 -0.12941191,-1.16314471 -0.27474311 -0.10609896,-1.16221011 -0.28848663 -0.12822343,-1.10741186 -0.26378462 -0.09455379,-1.10257089 -0.25605288 -0.07087256,-1.16538489 -0.2884981 -0.12765472,-1.11061406 -0.26379028 -0.09372151,-1.10923243 -0.25605804 -0.06916582,-1.1757344 -0.2747733 -0.10404394,-1.17144418 -0.28852159 -0.12662172,-1.1170336 -0.26380143 -0.09210712,-1.17751729 -0.28854406 -0.12565066,-1.1805588 -0.28855491 -0.12518838,-1.12327564 -0.25606665 -0.06580461,-1.12378979 -0.26381144 -0.09048183,-1.13032877 -0.25607076 -0.06423976,-1.13056684 -0.26382118 -0.08893039,-1.13396287 -0.26382592 -0.08818241,-1.13705885 -0.2560755 -0.06282639,-1.13719916 -0.26383108 -0.08748972,-1.14368463 -0.26384118 -0.08615471,-1.08326268 -0.251481 -0.05075263,-1.15050018 -0.26384988 -0.0848236,-1.15122259 -0.25608298 -0.06008324,-1.15733349 -0.26385823 -0.08356649,-1.1583308 -0.25608647 -0.05882765,-1.09774745 -0.25148323 -0.04679205,-1.16075647 -0.26386228 -0.08296572,-1.10120356 -0.25148398 -0.04590004,-1.16728854 -0.26387116 -0.08187637,-1.10847223 -0.25148502 -0.0440839,-1.17056 -0.26387545 -0.08135697,-1.19923306 -0.27481708 -0.10090747,-1.12307572 -0.25148705 -0.04069281,-1.12673974 -0.25148752 -0.0398954,-1.13023102 -0.25148821 -0.03915729,-1.22288013 -0.27485043 -0.098667,-1.13756406 -0.25148913 -0.03766526,-1.15228581 -0.25149086 -0.03492291,-1.15597725 -0.25149128 -0.03428778,-1.15949714 -0.25149187 -0.03370358,-1.24663997 -0.27487212 -0.09732784,-1.35495043 -0.32316115 -0.16145061,-1.36007679 -0.30482957 -0.14497955,-1.33663297 -0.3049303 -0.1418435,-1.34151375 -0.28861031 -0.12273373,-1.31708872 -0.28866616 -0.12035467,-1.32151818 -0.27484602 -0.09898907,-1.29605567 -0.27487078 -0.09742694,-1.36064458 -0.32312238 -0.16233268,-1.37179744 -0.30476677 -0.14691097,-1.37763536 -0.30473334 -0.14796588,-1.37198997 -0.32303938 -0.16426955,-1.37481701 -0.32301754 -0.16478969,-1.38376021 -0.30469927 -0.14914244,-1.37778699 -0.32299548 -0.16535357,-1.38342941 -0.32294971 -0.16646886,-1.3953712 -0.30462602 -0.15155897,-1.39466465 -0.32285339 -0.16887181,-1.4011507 -0.30458766 -0.15285625,-1.39746273 -0.32282838 -0.16950838,-1.40040624 -0.32280299 -0.17019579,-1.40722108 -0.30454847 -0.15428996,-1.36574876 -0.28853619 -0.12609349,-1.34682381 -0.27480817 -0.10157721,-1.37193227 -0.2747587 -0.10518689,-1.35252345 -0.26389453 -0.07888434,-1.4059881 -0.32275143 -0.17154449,-1.41870332 -0.30446684 -0.15719223,-1.32627535 -0.26391679 -0.07606764,-1.37181449 -0.28851351 -0.12709118,-1.38448536 -0.27472752 -0.10738493,-1.3778652 -0.28848985 -0.12815067,-1.38088477 -0.28847766 -0.12870355,-1.41709518 -0.32264441 -0.17441383,-1.41985989 -0.32261688 -0.17516693,-1.38405704 -0.28846568 -0.12930337,-1.39038813 -0.288441 -0.13055415,-1.39639795 -0.28841457 -0.13180539,-1.40239012 -0.2883873 -0.1331183,-1.40537953 -0.28837338 -0.13379787,-1.40852439 -0.28835955 -0.13453205,-1.4147985 -0.28833127 -0.13605165,-1.3785665 -0.26386589 -0.08276713,-1.35855436 -0.25609887 -0.05524083,-1.42074227 -0.28830189 -0.13755688,-1.38508475 -0.26385689 -0.08390958,-1.38833773 -0.26385224 -0.08450599,-1.42666614 -0.28827181 -0.13912368,-1.39175558 -0.26384798 -0.0851533,-1.42962027 -0.28825653 -0.13993014,1.26999998 0.60000002 -1,1.26999998 0.60000002 -0.6347146,1.29990757 0.59925413 -0.6347146,1.29990757 0.59925413 -1,1.32974076 0.59701848 -0.6347146,1.32974076 0.59701848 -1,1.35942531 0.59329849 -0.6347146,1.35942531 0.59329849 -1,1.38888764 0.58810347 -0.6347146,1.38888764 0.58810347 -1,1.41805446 0.58144635 -0.6347146,1.41805446 0.58144635 -1,1.44685316 0.57334369 -0.6347146,1.44685316 0.57334369 -1,1.4752121 0.56381559 -0.6347146,1.4752121 0.56381559 -1,1.50306094 0.55288571 -0.6347146,1.50306094 0.55288571 -1,1.5303303 0.54058135 -0.6347146,1.5303303 0.54058135 -1,1.55695236 0.52693295 -0.6347146,1.55695236 0.52693295 -1,1.58286107 0.51197451 -0.6347146,1.58286107 0.51197451 -1,1.60799205 0.49574327 -0.6347146,1.60799205 0.49574327 -1,1.63228261 0.4782795 -0.6347146,1.63228261 0.4782795 -1,1.65567255 0.45962667 -0.6347146,1.65567255 0.45962667 -1,1.67810369 0.43983114 -0.6347146,1.67810369 0.43983114 -1,1.69952011 0.41894209 -0.6347146,1.69952011 0.41894209 -1,1.71986878 0.39701149 -0.6347146,1.71986878 0.39701149 -1,1.73909891 0.37409389 -0.6347146,1.73909891 0.37409389 -1,1.75716281 0.35024619 -0.6347146,1.75716281 0.35024619 -1,1.77401555 0.32552776 -0.6347146,1.77401555 0.32552776 -1,1.78961527 0.30000001 -0.6347146,1.78961527 0.30000001 -1,1.80392313 0.2737264 -0.6347146,1.80392313 0.2737264 -1,1.81690347 0.24677226 -0.6347146,1.81690347 0.24677226 -1,1.82852423 0.21920462 -0.6347146,1.82852423 0.21920462 -1,1.83875644 0.19109198 -0.6347146,1.83875644 0.19109198 -1,1.84757459 0.16250429 -0.6347146,1.84757459 0.16250429 -1,1.85495675 0.13351256 -0.6347146,1.85495675 0.13351256 -1,1.86088467 0.1041889 -0.6347146,1.86088467 0.1041889 -1,1.86534357 0.07460622 -0.6347146,1.86534357 0.07460622 -1,1.86832225 0.04483806 -0.6347146,1.86832225 0.04483806 -1,1.86981356 0.01495842 -0.6347146,1.86981356 0.01495842 -1,1.86981356 -0.01495842 -0.6347146,1.86981356 -0.01495842 -1,1.86832225 -0.04483806 -1,1.86832225 -0.04483806 -0.6347146,1.86534357 -0.07460622 -0.6347146,1.86534357 -0.07460622 -1,1.86088467 -0.1041889 -1,1.86088467 -0.1041889 -0.6347146,1.85495675 -0.13351256 -0.6347146,1.85495675 -0.13351256 -1,1.84757459 -0.16250429 -1,1.84757459 -0.16250429 -0.6347146,1.83875644 -0.19109198 -0.6347146,1.83875644 -0.19109198 -1,1.82852423 -0.21920462 -1,1.82852423 -0.21920462 -0.6347146,1.81690347 -0.24677226 -0.6347146,1.81690347 -0.24677226 -1,1.80392313 -0.2737264 -0.6347146,1.80392313 -0.2737264 -1,1.78961527 -0.30000001 -1,1.78961527 -0.30000001 -0.6347146,1.77401555 -0.32552776 -0.6347146,1.77401555 -0.32552776 -1,1.75716281 -0.35024619 -0.6347146,1.75716281 -0.35024619 -1,1.73909891 -0.37409389 -0.6347146,1.73909891 -0.37409389 -1,1.71986878 -0.39701149 -0.6347146,1.71986878 -0.39701149 -1,1.69952011 -0.41894209 -0.6347146,1.69952011 -0.41894209 -1,1.67810369 -0.43983114 -1,1.67810369 -0.43983114 -0.6347146,1.65567255 -0.45962667 -0.6347146,1.65567255 -0.45962667 -1,1.63228261 -0.4782795 -0.6347146,1.63228261 -0.4782795 -1,1.60799205 -0.49574327 -0.6347146,1.60799205 -0.49574327 -1,1.58286107 -0.51197451 -1,1.58286107 -0.51197451 -0.6347146,1.55695236 -0.52693295 -0.6347146,1.55695236 -0.52693295 -1,1.5303303 -0.54058135 -1,1.5303303 -0.54058135 -0.6347146,1.50306094 -0.55288571 -0.6347146,1.50306094 -0.55288571 -1,1.4752121 -0.56381559 -1,1.4752121 -0.56381559 -0.6347146,1.44685316 -0.57334369 -0.6347146,1.44685316 -0.57334369 -1,1.41805446 -0.58144635 -0.6347146,1.41805446 -0.58144635 -1,1.38888764 -0.58810347 -1,1.38888764 -0.58810347 -0.6347146,1.35942531 -0.59329849 -1,1.35942531 -0.59329849 -0.6347146,1.32974076 -0.59701848 -0.6347146,1.32974076 -0.59701848 -1,1.29990757 -0.59925413 -1,1.29990757 -0.59925413 -0.6347146,1.26999998 -0.60000002 -0.6347146,1.26999998 -0.60000002 -1,1.26999998 -0.59936619 -0.60831797,1.26999998 0.59936619 -0.60831797,1.26999998 0.34333333 -0.16946678,1.28645992 0.34331837 -0.16970778,1.26999998 0.36532438 -0.18408114,1.31180966 -0.59790617 -0.60831797,1.3116771 -0.59601086 -0.58198214,1.26999998 -0.59746623 -0.58198214,1.35341561 -0.59353322 -0.60831797,1.31145656 -0.59285682 -0.55576783,1.26999998 -0.5943045 -0.55576783,1.3531512 -0.59165174 -0.58198214,1.39461529 -0.5862686 -0.60831797,1.31114852 -0.58845139 -0.52973551,1.26999998 -0.58988833 -0.52973551,1.3527112 -0.58852077 -0.55576783,1.39422023 -0.58441019 -0.58198214,1.43520772 -0.57614774 -0.60831797,1.3107537 -0.58280462 -0.50394511,1.26999998 -0.5842278 -0.50394511,1.35209656 -0.58414757 -0.52973551,1.39356291 -0.58131754 -0.55576783,1.43468404 -0.57432139 -0.58198214,1.31027293 -0.57592964 -0.47845608,1.26999998 -0.57733601 -0.47845608,1.47499526 -0.56321996 -0.60831797,1.35130882 -0.57854211 -0.50394511,1.39264464 -0.57699782 -0.52973551,1.4338125 -0.57128215 -0.55576783,1.3097074 -0.56784225 -0.45332724,1.26999998 -0.56922889 -0.45332724,1.47434545 -0.56143463 -0.58198214,1.35034966 -0.57171744 -0.47845608,1.51378417 -0.54754829 -0.60831797,1.39146781 -0.57146102 -0.50394511,1.43259525 -0.56703705 -0.52973551,1.30905843 -0.55856109 -0.4286164,1.26999998 -0.55992502 -0.4286164,1.4732641 -0.55846357 -0.55576783,1.34922135 -0.56368917 -0.45332724,1.51301146 -0.54581255 -0.58198214,1.39003491 -0.56471986 -0.47845608,1.5513854 -0.52920896 -0.60831797,1.43103504 -0.5615958 -0.50394511,1.30832744 -0.5481075 -0.40438059,1.26999998 -0.54944593 -0.40438059,1.47175372 -0.55431366 -0.52973551,1.3479265 -0.55447584 -0.4286164,1.51172543 -0.54292417 -0.55576783,1.38834929 -0.55678988 -0.45332724,1.55049336 -0.52753139 -0.58198214,1.42913532 -0.55497098 -0.47845608,1.3075161 -0.53650564 -0.38067564,1.26999998 -0.53781575 -0.38067564,1.58761573 -0.50829136 -0.60831797,1.46981764 -0.54899454 -0.50394511,1.34646809 -0.54409873 -0.40438059,1.50992918 -0.53888977 -0.52973551,1.386415 -0.54768932 -0.4286164,1.54900908 -0.52473974 -0.55576783,1.42690074 -0.54717791 -0.45332724,1.30662644 -0.52378225 -0.35755619,1.26999998 -0.52506125 -0.35755619,1.58660889 -0.50668013 -0.58198214,1.46746051 -0.54251838 -0.47845608,1.34484947 -0.53258175 -0.38067564,1.6222986 -0.48489743 -0.60831797,1.50762689 -0.53371865 -0.50394511,1.38423622 -0.53743923 -0.40438059,1.5469358 -0.52084047 -0.52973551,1.42433619 -0.53823447 -0.4286164,1.30566037 -0.50996661 -0.33507553,1.26999998 -0.51121187 -0.33507553,1.5849334 -0.50399882 -0.55576783,1.46468771 -0.53490019 -0.45332724,1.34307444 -0.5199514 -0.35755619,1.62118185 -0.48336035 -0.58198214,1.50482368 -0.52742267 -0.47845608,1.38181818 -0.5260632 -0.38067564,1.65526521 -0.45914114 -0.60831797,1.54427838 -0.5158425 -0.50394511,1.42144787 -0.52816135 -0.40438059,1.30462015 -0.4950906 -0.31328544,1.26999998 -0.49629956 -0.31328544,1.5825932 -0.50025368 -0.52973551,1.46150565 -0.52615744 -0.4286164,1.34114695 -0.50623679 -0.33507553,1.61932337 -0.48080245 -0.55576783,1.50152624 -0.52001643 -0.45332724,1.37916636 -0.51358742 -0.35755619,1.65404391 -0.45768568 -0.58198214,1.5410428 -0.50975746 -0.47845608,1.4182421 -0.51698166 -0.38067564,1.68635476 -0.43114796 -0.60831797,1.30350816 -0.47918847 -0.29223618,1.26999998 -0.4803586 -0.29223618,1.57959354 -0.49545327 -0.50394511,1.45792162 -0.51631027 -0.40438059,1.33907151 -0.49146959 -0.31328544,1.61672759 -0.47722965 -0.52973551,1.49774206 -0.51151699 -0.4286164,1.37628698 -0.50004071 -0.33507553,1.65201163 -0.45526367 -0.55576783,1.30268586 -0.46742991 -0.27792612,1.26999998 -0.46342579 -0.27197623,1.53723681 -0.50259924 -0.45332724,1.4147265 -0.50472128 -0.35755619,1.68503487 -0.42978126 -0.58198214,1.57594144 -0.48960871 -0.47845608,1.45394385 -0.50538146 -0.38067564,1.71541584 -0.40105426 -0.60831797,1.33685303 -0.47568378 -0.29223618,1.61340046 -0.4726502 -0.50394511,1.30182207 -0.45507604 -0.26388866,1.26999998 -0.4455401 -0.25255233,1.49347985 -0.50194383 -0.40438059,1.37318647 -0.4854542 -0.31328544,1.6491729 -0.45188066 -0.52973551,1.53286886 -0.49438444 -0.4286164,1.41090906 -0.49140841 -0.33507553,1.68283856 -0.42750689 -0.55576783,1.33521247 -0.46401122 -0.27792612,1.57164538 -0.48273346 -0.45332724,1.4495815 -0.49339619 -0.35755619,1.71400392 -0.39978296 -0.58198214,1.60934961 -0.46707463 -0.47845608,1.48874938 -0.49131912 -0.38067564,1.74230695 -0.36900666 -0.60831797,1.36987221 -0.4698616 -0.29223618,1.30026412 -0.43279788 -0.24081674,1.26999998 -0.42674282 -0.23400919,1.6455344 -0.44754446 -0.50394511,1.33348894 -0.45174769 -0.26388866,1.52794921 -0.48513198 -0.40438059,1.40679872 -0.47707376 -0.31328544,1.67977083 -0.42433015 -0.52973551,1.566715 -0.47484335 -0.4286164,1.44484472 -0.48038206 -0.33507553,1.71165431 -0.39766735 -0.55576783,1.36742151 -0.45833194 -0.27792612,1.60458434 -0.46051583 -0.45332724,1.48356164 -0.47966734 -0.35755619,1.7408098 -0.36783695 -0.58198214,1.64110446 -0.44226503 -0.47845608,1.52248919 -0.47486311 -0.38067564,1.29868019 -0.41014552 -0.21989803,1.26999998 -0.40707725 -0.21638957,1.76689708 -0.33516133 -0.60831797,1.40240479 -0.46175033 -0.29223618,1.33038092 -0.42963248 -0.24081674,1.67583871 -0.42025831 -0.50394511,1.36484671 -0.44621849 -0.26388866,1.56116199 -0.46595657 -0.40438059,1.43974447 -0.46636903 -0.31328544,1.70837247 -0.39471233 -0.52973551,1.59911573 -0.45298886 -0.4286164,1.47792864 -0.4670153 -0.33507553,1.73831832 -0.36589038 -0.55576783,1.39915574 -0.45041966 -0.27792612,1.63589323 -0.43605462 -0.45332724,1.51650131 -0.46360159 -0.35755619,1.29722428 -0.38932589 -0.20261297,1.26999998 -0.38658869 -0.19973409,1.76532197 -0.33409888 -0.58198214,1.67105126 -0.41530079 -0.47845608,1.55499887 -0.45609361 -0.38067564,1.32722056 -0.4071458 -0.21989803,1.78906631 -0.29968309 -0.60831797,1.43429232 -0.45138943 -0.29223618,1.3602035 -0.42437398 -0.24081674,1.70416582 -0.39092469 -0.50394511,1.3957423 -0.43851537 -0.26388866,1.59295619 -0.44451109 -0.40438059,1.47186327 -0.45339221 -0.31328544,1.73483837 -0.36317152 -0.52973551,1.2959615 -0.37126753 -0.18895255,1.26999998 -0.36532438 -0.18408114,1.62991285 -0.42892745 -0.4286164,1.50999939 -0.45137331 -0.33507553,1.7627008 -0.33233085 -0.55576783,1.43026078 -0.44031304 -0.27792612,1.66541958 -0.40946898 -0.45332724,1.54824007 -0.44527721 -0.35755619,1.32431602 -0.38647845 -0.20261297,1.78742099 -0.29873312 -0.58198214,1.69904423 -0.3863132 -0.47845608,1.29489994 -0.35608652 -0.17833979,1.29787672 -0.34329131 -0.17015024,1.26999998 -0.34333333 -0.16946678,1.58612013 -0.43510208 -0.38067564,1.35548234 -0.40216252 -0.21989803,1.80870676 -0.26274484 -0.60831797,1.46537948 -0.43882942 -0.29223618,1.38958657 -0.41704795 -0.24081674,1.73037779 -0.35968655 -0.50394511,1.42602527 -0.4286758 -0.26388866,1.62317705 -0.42090002 -0.40438059,1.50299847 -0.43820649 -0.31328544,1.75903952 -0.32986134 -0.52973551,1.32179666 -0.36855215 -0.18895255,1.65895665 -0.40277636 -0.4286164,1.54090106 -0.43353227 -0.33507553,1.78468275 -0.29715225 -0.55576783,1.46058512 -0.42806122 -0.27792612,1.69301951 -0.38088846 -0.45332724,1.57862329 -0.4247835 -0.35755619,1.35114312 -0.38174811 -0.20261297,1.80699909 -0.26191196 -0.58198214,1.72494698 -0.35544354 -0.47845608,1.31967866 -0.35348219 -0.17833979,1.32560515 -0.34317175 -0.17220213,1.61570132 -0.41199076 -0.38067564,1.38332748 -0.39521992 -0.21989803,1.82572269 -0.22452652 -0.60831797,1.49551475 -0.42413145 -0.29223618,1.41838706 -0.40769011 -0.24081674,1.75434685 -0.32669604 -0.50394511,1.45554805 -0.41674781 -0.26388866,1.65167725 -0.39523834 -0.40438059,1.53299868 -0.42088589 -0.31328544,1.78085828 -0.29494417 -0.52973551,1.34737933 -0.36404124 -0.18895255,1.68610537 -0.37466297 -0.4286164,1.57048285 -0.41357911 -0.33507553,1.80415738 -0.26052594 -0.55576783,1.48998094 -0.41372395 -0.27792612,1.71855843 -0.35045227 -0.45332724,1.60750294 -0.40222028 -0.35755619,1.3775748 -0.37515792 -0.20261297,1.82396102 -0.22381479 -0.58198214,1.74863327 -0.32284221 -0.47845608,1.34421539 -0.34915572 -0.17833979,1.35038066 -0.34300593 -0.17522079,1.6435982 -0.38687226 -0.38067564,1.41062057 -0.38635185 -0.21989803,1.84003115 -0.18521434 -0.60831797,1.52455127 -0.4073672 -0.29223618,1.44646466 -0.39634603 -0.24081674,1.77595615 -0.2921139 -0.50394511,1.48416698 -0.40278944 -0.26388866,1.6783179 -0.3676511 -0.40438059,1.56171751 -0.40151477 -0.31328544,1.80018806 -0.25859001 -0.52973551,1.37258506 -0.35775673 -0.18895255,1.37249231 -0.34281561 -0.17888829,1.39439178 -0.34259179 -0.18345775,1.71122694 -0.34472427 -0.4286164,1.59860063 -0.39161104 -0.33507553,1.82102954 -0.2226304 -0.55576783,1.51830494 -0.39737102 -0.27792612,1.74191213 -0.31830874 -0.45332724,1.63473821 -0.37769747 -0.35755619,1.40348244 -0.36674002 -0.20261297,1.83822417 -0.18462722 -0.58198214,1.7699877 -0.28866801 -0.47845608,1.66967499 -0.35986897 -0.38067564,1.43722856 -0.37560153 -0.21989803,1.8515625 -0.1449998 -0.60831797,1.55234766 -0.38861826 -0.29223618,1.4736824 -0.38307101 -0.24081674,1.79510045 -0.25610861 -0.50394511,1.51174247 -0.38686875 -0.26388866,1.70296931 -0.33827269 -0.40438059,1.58901525 -0.38018751 -0.31328544,1.81693494 -0.22097605 -0.52973551,1.39729106 -0.3497293 -0.18895255,1.41604483 -0.34233961 -0.18893041,1.73419893 -0.31310609 -0.4286164,1.62511766 -0.36773506 -0.33507553,1.83521724 -0.1836502 -0.55576783,1.54541934 -0.37908217 -0.27792612,1.76296663 -0.28461444 -0.45332724,1.66019654 -0.35133457 -0.35755619,1.42873979 -0.3565354 -0.20261297,1.43741691 -0.34206426 -0.19530748,1.84971893 -0.14454016 -0.58198214,1.78890622 -0.25308746 -0.47845608,1.69380462 -0.33111244 -0.38067564,1.46302187 -0.36302131 -0.21989803,1.45847392 -0.34177098 -0.2025902,1.47918129 -0.34146488 -0.21077982,1.86026049 -0.10407884 -0.60831797,1.57876861 -0.36797604 -0.29223618,1.49990797 -0.3679297 -0.24081674,1.51941013 -0.34083506 -0.22988459,1.4995048 -0.34115118 -0.21987753,1.81168652 -0.21885557 -0.50394511,1.53814018 -0.36906326 -0.26388866,1.55782843 -0.34021628 -0.25263166,1.53886271 -0.34052169 -0.24080223,1.72551131 -0.30724627 -0.40438059,1.61475861 -0.35700801 -0.31328544,1.83101714 -0.18228552 -0.52973551,1.75490928 -0.27996251 -0.4286164,1.64990449 -0.34206754 -0.33507553,1.84665108 -0.14377527 -0.55576783,1.57119191 -0.35894647 -0.27792612,1.59311044 -0.3396658 -0.27819031,1.57627285 -0.33992401 -0.26537415,1.78161955 -0.2495335 -0.45332724,1.68375397 -0.32326001 -0.35755619,1.85838938 -0.10374893 -0.58198214,1.80529666 -0.21627387 -0.47845608,1.71586943 -0.30074275 -0.38067564,1.48787475 -0.34867248 -0.21989803,1.86608279 -0.06265083 -0.60831797,1.60368514 -0.34554106 -0.29223618,1.60942805 -0.3394281 -0.29181591,1.52501345 -0.35099587 -0.24081674,1.82563365 -0.18053631 -0.50394511,1.56323147 -0.34945974 -0.26388866,1.74583411 -0.27472296 -0.40438059,1.63882244 -0.33208922 -0.31328544,1.8423661 -0.1427069 -0.52973551,1.77325726 -0.24545498 -0.4286164,1.67284048 -0.31473348 -0.33507553,1.85527575 -0.1031999 -0.55576783,1.7977798 -0.21323688 -0.45332724,1.70529556 -0.29361054 -0.35755619,1.8641932 -0.06245223 -0.58198214,1.81907916 -0.17840664 -0.47845608,1.73576212 -0.26890787 -0.38067564,1.86900103 -0.02091758 -0.60831797,1.62697601 -0.32142264 -0.29223618,1.60968125 -0.32208198 -0.27738115,1.83687377 -0.1413375 -0.50394511,1.76383877 -0.24086124 -0.40438059,1.66108942 -0.30555251 -0.31328544,1.85092652 -0.10243303 -0.52973551,1.78915346 -0.20975161 -0.4286164,1.69381392 -0.28586605 -0.33507553,1.86104882 -0.06212174 -0.55576783,1.6182164 -0.31353542 -0.27792612,1.60995758 -0.3041254 -0.26385191,1.81136882 -0.1759014 -0.45332724,1.72471642 -0.26253062 -0.35755619,1.86710227 -0.02085127 -0.58198214,1.83018672 -0.13967022 -0.47845608,1.75338554 -0.23576291 -0.38067564,1.86900103 0.02091758 -0.60831797,1.64852774 -0.29573828 -0.29223618,1.84535205 -0.10145009 -0.50394511,1.77943742 -0.20582607 -0.40438059,1.68145096 -0.27752718 -0.31328544,1.85665679 -0.06166012 -0.52973551,1.80252039 -0.17302635 -0.4286164,1.71272254 -0.25560594 -0.33507553,1.8639425 -0.02074093 -0.55576783,1.63923931 -0.28848132 -0.27792612,1.82232034 -0.13770893 -0.45332724,1.7419219 -0.23017171 -0.35755619,1.86710227 0.02085127 -0.58198214,1.83856499 -0.10025334 -0.47845608,1.76865411 -0.20146933 -0.38067564,1.86608279 0.06265083 -0.60831797,1.6682353 -0.26861313 -0.29223618,1.85102737 -0.06106843 -0.50394511,1.62948048 -0.28085694 -0.26388866,1.61025178 -0.2855961 -0.25122821,1.79255414 -0.16978814 -0.40438059,1.699808 -0.24814978 -0.31328544,1.85952902 -0.02058681 -0.52973551,1.81329286 -0.13545813 -0.4286164,1.72947419 -0.22410055 -0.33507553,1.8639425 0.02074093 -0.55576783,1.65846324 -0.26202178 -0.27792612,1.83058095 -0.09884556 -0.45332724,1.75682831 -0.19669141 -0.35755619,1.8641932 0.06245223 -0.58198214,1.84417331 -0.06034805 -0.47845608,1.78149319 -0.1661942 -0.38067564,1.86026049 0.10407884 -0.60831797,1.68600273 -0.2401793 -0.29223618,1.61188221 -0.26710764 -0.24081674,1.61055875 -0.26653183 -0.23951016,1.6108731 -0.24697043 -0.22869779,1.85387194 -0.02038926 -0.50394511,1.64819634 -0.25509667 -0.26388866,1.80312502 -0.13292301 -0.40438059,1.71607113 -0.21756341 -0.31328544,1.85952902 0.02058681 -0.52973551,1.82141852 -0.09722996 -0.4286164,1.74398744 -0.19150335 -0.33507553,1.86104882 0.06212174 -0.55576783,1.67579472 -0.23428567 -0.27792612,1.83611059 -0.05950062 -0.45332724,1.76936293 -0.16225286 -0.35755619,1.85838938 0.10374893 -0.58198214,1.84698427 -0.02014874 -0.47845608,1.79184031 -0.1301094 -0.38067564,1.8515625 0.1449998 -0.60831797,1.70174348 -0.21057534 -0.29223618,1.62968183 -0.24260849 -0.24081674,1.61118972 -0.22694965 -0.21879114,1.85387194 0.02038926 -0.50394511,1.66506982 -0.22809364 -0.26388866,1.81109858 -0.09541029 -0.40438059,1.73016095 -0.18591708 -0.31328544,1.85665679 0.06166012 -0.52973551,1.82685769 -0.0585281 -0.4286164,1.75619137 -0.15797317 -0.33507553,1.85527575 0.1031999 -0.55576783,1.69114912 -0.20540816 -0.27792612,1.83888209 -0.0198658 -0.45332724,1.77946472 -0.12702382 -0.35755619,1.84971893 0.14454016 -0.58198214,1.84698427 0.02014874 -0.47845608,1.79964507 -0.09339073 -0.38067564,1.84003115 0.18521434 -0.60831797,1.71538079 -0.1799455 -0.29223618,1.64572918 -0.21692736 -0.24081674,1.85102737 0.06106843 -0.50394511,1.68001842 -0.19997934 -0.26388866,1.81643605 -0.05743274 -0.40438059,1.74200892 -0.153365 -0.31328544,1.85092652 0.10243303 -0.52973551,1.82958388 -0.0195411 -0.4286164,1.76602674 -0.12367335 -0.33507553,1.84665108 0.14377527 -0.55576783,1.7044518 -0.17552991 -0.27792612,1.83888209 0.0198658 -0.45332724,1.78708446 -0.09117594 -0.35755619,1.83822417 0.18462722 -0.58198214,1.84417331 0.06034805 -0.47845608,1.80486953 -0.05621705 -0.38067564,1.62606382 -0.20557353 -0.21989803,1.61150336 -0.20650727 -0.20979029,1.61180878 -0.18568106 -0.20169528,1.82572269 0.22452652 -0.60831797,1.72684813 -0.14843898 -0.29223618,1.65994608 -0.19018941 -0.24081674,1.84535205 0.10145009 -0.50394511,1.69296944 -0.17089076 -0.26388866,1.81911123 -0.01917539 -0.40438059,1.75155735 -0.12006573 -0.31328544,1.8423661 0.1427069 -0.52973551,1.82958388 0.0195411 -0.4286164,1.77344549 -0.08877102 -0.33507553,1.83521724 0.1836502 -0.55576783,1.7156378 -0.14479651 -0.27792612,1.83611059 0.05950062 -0.45332724,1.79218495 -0.05488385 -0.35755619,1.82396102 0.22381479 -0.58198214,1.83856499 0.10025334 -0.47845608,1.80748808 -0.0187695 -0.38067564,1.6395365 -0.18023501 -0.21989803,1.80870676 0.26274484 -0.60831797,1.73608994 -0.11620926 -0.29223618,1.67226315 -0.16252485 -0.24081674,1.83687377 0.1413375 -0.50394511,1.70385993 -0.14096962 -0.26388866,1.81911123 0.01917539 -0.40438059,1.75875962 -0.08618151 -0.31328544,1.83101714 0.18228552 -0.52973551,1.82685769 0.0585281 -0.4286164,1.77841139 -0.05343619 -0.33507553,1.82102954 0.2226304 -0.55576783,1.72465277 -0.11335766 -0.27792612,1.83058095 0.09884556 -0.45332724,1.79474139 -0.01832437 -0.35755619,1.62077832 -0.171086 -0.20261297,1.61210072 -0.1645088 -0.19450615,1.80699909 0.26191196 -0.58198214,1.83018672 0.13967022 -0.47845608,1.80748808 0.0187695 -0.38067564,1.65120888 -0.1540184 -0.21989803,1.78906631 0.29968309 -0.60831797,1.74306083 -0.08341339 -0.29223618,1.68262041 -0.13406849 -0.24081674,1.82563365 0.18053631 -0.50394511,1.71263659 -0.11036169 -0.26388866,1.81643605 0.05743274 -0.40438059,1.7635808 -0.05187743 -0.31328544,1.81693494 0.22097605 -0.52973551,1.82141852 0.09722996 -0.4286164,1.78090048 -0.01784104 -0.33507553,1.80415738 0.26052594 -0.55576783,1.7314527 -0.08136656 -0.27792612,1.82232034 0.13770893 -0.45332724,1.79474139 0.01832437 -0.35755619,1.63185811 -0.14620018 -0.20261297,1.61237395 -0.1430283 -0.18822299,1.61262321 -0.1212773 -0.18284583,1.78742099 0.29873312 -0.58198214,1.81907916 0.17840664 -0.47845608,1.80486953 0.05621705 -0.38067564,1.66102409 -0.12705143 -0.21989803,1.76689708 0.33516133 -0.60831797,1.74772716 -0.05021115 -0.29223618,1.69096744 -0.10495896 -0.24081674,1.81168652 0.21885557 -0.50394511,1.71925676 -0.07921609 -0.26388866,1.81109858 0.09541029 -0.40438059,1.76599717 -0.0173206 -0.31328544,1.80018806 0.25859001 -0.52973551,1.81329286 0.13545813 -0.4286164,1.78090048 0.01784104 -0.33507553,1.78468275 0.29715225 -0.55576783,1.73600447 -0.04897904 -0.27792612,1.81136882 0.1759014 -0.45332724,1.79218495 0.05488385 -0.35755619,1.64117515 -0.1206021 -0.20261297,1.76532197 0.33409888 -0.58198214,1.80529666 0.21627387 -0.47845608,1.79964507 0.09339073 -0.38067564,1.66893423 -0.09946547 -0.21989803,1.74230695 0.36900666 -0.60831797,1.75006592 -0.01676427 -0.29223618,1.69726348 -0.07533809 -0.24081674,1.79510045 0.25610861 -0.50394511,1.72368824 -0.04768455 -0.26388866,1.80312502 0.13292301 -0.40438059,1.76599717 0.0173206 -0.31328544,1.78085828 0.29494417 -0.52973551,1.62395859 -0.11500813 -0.18895255,1.61284339 -0.09929361 -0.17837474,1.80252039 0.17302635 -0.4286164,1.77841139 0.05343619 -0.33507553,1.7627008 0.33233085 -0.55576783,1.7382859 -0.0163529 -0.27792612,1.7977798 0.21323688 -0.45332724,1.78708446 0.09117594 -0.35755619,1.64868367 -0.09441645 -0.20261297,1.7408098 0.36783695 -0.58198214,1.78890622 0.25308746 -0.47845608,1.79184031 0.1301094 -0.38067564,1.67490077 -0.07139494 -0.21989803,1.71541584 0.40105426 -0.60831797,1.75006592 0.01676427 -0.29223618,1.701478 -0.04535017 -0.24081674,1.77595615 0.2921139 -0.50394511,1.72590935 -0.01592071 -0.26388866,1.79255414 0.16978814 -0.40438059,1.7635808 0.05187743 -0.31328544,1.75903952 0.32986134 -0.52973551,1.63111901 -0.09003707 -0.18895255,1.61302924 -0.07711499 -0.17480975,1.78915346 0.20975161 -0.4286164,1.77344549 0.08877102 -0.33507553,1.73831832 0.36589038 -0.55576783,1.7382859 0.0163529 -0.27792612,1.78161955 0.2495335 -0.45332724,1.77946472 0.12702382 -0.35755619,1.65434742 -0.06777082 -0.20261297,1.71400392 0.39978296 -0.58198214,1.7699877 0.28866801 -0.47845608,1.78149319 0.1661942 -0.38067564,1.67889476 -0.04297657 -0.21989803,1.68635476 0.43114796 -0.60831797,1.74772716 0.05021115 -0.29223618,1.70359039 -0.01514131 -0.24081674,1.75434685 0.32669604 -0.50394511,1.72590935 0.01592071 -0.26388866,1.77943742 0.20582607 -0.40438059,1.75875962 0.08618151 -0.31328544,1.73483837 0.36317152 -0.52973551,1.63652003 -0.06462736 -0.18895255,1.77325726 0.24545498 -0.4286164,1.76602674 0.12367335 -0.33507553,1.71165431 0.39766735 -0.55576783,1.73600447 0.04897904 -0.27792612,1.76296663 0.28461444 -0.45332724,1.76936293 0.16225286 -0.35755619,1.65813863 -0.04079501 -0.20261297,1.68503487 0.42978126 -0.58198214,1.74863327 0.32284221 -0.47845608,1.62153304 -0.06198477 -0.17833979,1.61317539 -0.05477922 -0.17215094,1.76865411 0.20146933 -0.38067564,1.68089664 -0.01434883 -0.21989803,1.65526521 0.45914114 -0.60831797,1.74306083 0.08341339 -0.29223618,1.70359039 0.01514131 -0.24081674,1.73037779 0.35968655 -0.50394511,1.72368824 0.04768455 -0.26388866,1.76383877 0.24086124 -0.40438059,1.75155735 0.12006573 -0.31328544,1.70837247 0.39471233 -0.52973551,1.64013529 -0.03890279 -0.18895255,1.75490928 0.27996251 -0.4286164,1.75619137 0.15797317 -0.33507553,1.68283856 0.42750689 -0.55576783,1.7314527 0.08136656 -0.27792612,1.74191213 0.31830874 -0.45332724,1.75682831 0.19669141 -0.35755619,1.66003883 -0.01362046 -0.20261297,1.65404391 0.45768568 -0.58198214,1.72494698 0.35544354 -0.47845608,1.6250006 -0.03731207 -0.17833979,1.61327672 -0.03232409 -0.17039835,1.75338554 0.23576291 -0.38067564,1.68089664 0.01434883 -0.21989803,1.6222986 0.48489743 -0.60831797,1.73608994 0.11620926 -0.29223618,1.701478 0.04535017 -0.24081674,1.70416582 0.39092469 -0.50394511,1.71925676 0.07921609 -0.26388866,1.74583411 0.27472296 -0.40438059,1.74200892 0.153365 -0.31328544,1.67977083 0.42433015 -0.52973551,1.64194739 -0.01298869 -0.18895255,1.73419893 0.31310609 -0.4286164,1.74398744 0.19150335 -0.33507553,1.65201163 0.45526367 -0.55576783,1.72465277 0.11335766 -0.27792612,1.71855843 0.35045227 -0.45332724,1.7419219 0.23017171 -0.35755619,1.66003883 0.01362046 -0.20261297,1.62118185 0.48336035 -0.58198214,1.69904423 0.3863132 -0.47845608,1.62673867 -0.01245759 -0.17833979,1.61332798 -0.00978737 -0.16955204,1.73576212 0.26890787 -0.38067564,1.67889476 0.04297657 -0.21989803,1.58761573 0.50829136 -0.60831797,1.72684813 0.14843898 -0.29223618,1.69726348 0.07533809 -0.24081674,1.67583871 0.42025831 -0.50394511,1.71263659 0.11036169 -0.26388866,1.72551131 0.30724627 -0.40438059,1.73016095 0.18591708 -0.31328544,1.6491729 0.45188066 -0.52973551,1.64194739 0.01298869 -0.18895255,1.71122694 0.34472427 -0.4286164,1.72947419 0.22410055 -0.33507553,1.61932337 0.48080245 -0.55576783,1.7156378 0.14479651 -0.27792612,1.69301951 0.38088846 -0.45332724,1.72471642 0.26253062 -0.35755619,1.65813863 0.04079501 -0.20261297,1.58660889 0.50668013 -0.58198214,1.67105126 0.41530079 -0.47845608,1.62673867 0.01245759 -0.17833979,1.61332428 0.01278143 -0.16961022,1.61326659 0.03528553 -0.17056379,1.71586943 0.30074275 -0.38067564,1.67490077 0.07139494 -0.21989803,1.5513854 0.52920896 -0.60831797,1.71538079 0.1799455 -0.29223618,1.69096744 0.10495896 -0.24081674,1.6455344 0.44754446 -0.50394511,1.70385993 0.14096962 -0.26388866,1.70296931 0.33827269 -0.40438059,1.71607113 0.21756341 -0.31328544,1.61672759 0.47722965 -0.52973551,1.64013529 0.03890279 -0.18895255,1.68610537 0.37466297 -0.4286164,1.71272254 0.25560594 -0.33507553,1.5849334 0.50399882 -0.55576783,1.7044518 0.17552991 -0.27792612,1.66541958 0.40946898 -0.45332724,1.70529556 0.29361054 -0.35755619,1.65434742 0.06777082 -0.20261297,1.55049336 0.52753139 -0.58198214,1.64110446 0.44226503 -0.47845608,1.6250006 0.03731207 -0.17833979,1.61315989 0.057682 -0.17241259,1.69380462 0.33111244 -0.38067564,1.66893423 0.09946547 -0.21989803,1.51378417 0.54754829 -0.60831797,1.70174348 0.21057534 -0.29223618,1.68262041 0.13406849 -0.24081674,1.61340046 0.4726502 -0.50394511,1.69296944 0.17089076 -0.26388866,1.6783179 0.3676511 -0.40438059,1.699808 0.24814978 -0.31328544,1.5825932 0.50025368 -0.52973551,1.63652003 0.06462736 -0.18895255,1.65895665 0.40277636 -0.4286164,1.69381392 0.28586605 -0.33507553,1.54900908 0.52473974 -0.55576783,1.69114912 0.20540816 -0.27792612,1.63589323 0.43605462 -0.45332724,1.68375397 0.32326001 -0.35755619,1.64868367 0.09441645 -0.20261297,1.51301146 0.54581255 -0.58198214,1.60934961 0.46707463 -0.47845608,1.62153304 0.06198477 -0.17833979,1.61300933 0.0799366 -0.17515786,1.66967499 0.35986897 -0.38067564,1.66102409 0.12705143 -0.21989803,1.47499526 0.56321996 -0.60831797,1.68600273 0.2401793 -0.29223618,1.67226315 0.16252485 -0.24081674,1.57959354 0.49545327 -0.50394511,1.68001842 0.19997934 -0.26388866,1.65167725 0.39523834 -0.40438059,1.68145096 0.27752718 -0.31328544,1.5469358 0.52084047 -0.52973551,1.63111901 0.09003707 -0.18895255,1.61282003 0.10201509 -0.17880081,1.62991285 0.42892745 -0.4286164,1.67284048 0.31473348 -0.33507553,1.51172543 0.54292417 -0.55576783,1.67579472 0.23428567 -0.27792612,1.60458434 0.46051583 -0.45332724,1.66019654 0.35133457 -0.35755619,1.64117515 0.1206021 -0.20261297,1.47434545 0.56143463 -0.58198214,1.57594144 0.48960871 -0.47845608,1.6435982 0.38687226 -0.38067564,1.65120888 0.1540184 -0.21989803,1.43520772 0.57614774 -0.60831797,1.6682353 0.26861313 -0.29223618,1.65994608 0.19018941 -0.24081674,1.54427838 0.5158425 -0.50394511,1.66506982 0.22809364 -0.26388866,1.62317705 0.42090002 -0.40438059,1.66108942 0.30555251 -0.31328544,1.50992918 0.53888977 -0.52973551,1.62395859 0.11500813 -0.18895255,1.61259723 0.12388324 -0.18334268,1.59911573 0.45298886 -0.4286164,1.64990449 0.34206754 -0.33507553,1.4732641 0.55846357 -0.55576783,1.65846324 0.26202178 -0.27792612,1.57164538 0.48273346 -0.45332724,1.63473821 0.37769747 -0.35755619,1.63185811 0.14620018 -0.20261297,1.61234605 0.14550681 -0.1887847,1.61207175 0.16685157 -0.19512811,1.43468404 0.57432139 -0.58198214,1.5410428 0.50975746 -0.47845608,1.61570132 0.41199076 -0.38067564,1.6395365 0.18023501 -0.21989803,1.39461529 0.5862686 -0.60831797,1.64852774 0.29573828 -0.29223618,1.64572918 0.21692736 -0.24081674,1.50762689 0.53371865 -0.50394511,1.64819634 0.25509667 -0.26388866,1.59295619 0.44451109 -0.40438059,1.63882244 0.33208922 -0.31328544,1.47175372 0.55431366 -0.52973551,1.566715 0.47484335 -0.4286164,1.62511766 0.36773506 -0.33507553,1.4338125 0.57128215 -0.55576783,1.63923931 0.28848132 -0.27792612,1.53723681 0.50259924 -0.45332724,1.60750294 0.40222028 -0.35755619,1.62077832 0.171086 -0.20261297,1.61177933 0.18788326 -0.20237412,1.39422023 0.58441019 -0.58198214,1.50482368 0.52742267 -0.47845608,1.58612013 0.43510208 -0.38067564,1.62606382 0.20557353 -0.21989803,1.61147404 0.20856766 -0.21052395,1.61116099 0.22887054 -0.21957886,1.35341561 0.59353322 -0.60831797,1.62697601 0.32142264 -0.29223618,1.60942805 0.3394281 -0.29181591,1.60967088 0.32277542 -0.27792358,1.62968183 0.24260849 -0.24081674,1.61084545 0.24875765 -0.22954005,1.46981764 0.54899454 -0.50394511,1.62948048 0.28085694 -0.26388866,1.60993481 0.30558202 -0.26487368,1.61022723 0.28714761 -0.25218624,1.56116199 0.46595657 -0.40438059,1.61475861 0.35700801 -0.31328544,1.43259525 0.56703705 -0.52973551,1.53286886 0.49438444 -0.4286164,1.59860063 0.39161104 -0.33507553,1.39356291 0.58131754 -0.55576783,1.6182164 0.31353542 -0.27792612,1.50152624 0.52001643 -0.45332724,1.57862329 0.4247835 -0.35755619,1.3531512 0.59165174 -0.58198214,1.46746051 0.54251838 -0.47845608,1.55499887 0.45609361 -0.38067564,1.31180966 0.59790617 -0.60831797,1.60368514 0.34554106 -0.29223618,1.59211159 0.33968079 -0.27740434,1.61188221 0.26710764 -0.24081674,1.6105324 0.26819476 -0.24040878,1.43103504 0.5615958 -0.50394511,1.52794921 0.48513198 -0.40438059,1.58901525 0.38018751 -0.31328544,1.39264464 0.57699782 -0.52973551,1.49774206 0.51151699 -0.4286164,1.57048285 0.41357911 -0.33507553,1.3527112 0.58852077 -0.55576783,1.46468771 0.53490019 -0.45332724,1.54824007 0.44527721 -0.35755619,1.3116771 0.59601086 -0.58198214,1.26999998 0.59746623 -0.58198214,1.42913532 0.55497098 -0.47845608,1.52248919 0.47486311 -0.38067564,1.57876861 0.36797604 -0.29223618,1.39146781 0.57146102 -0.50394511,1.49347985 0.50194383 -0.40438059,1.56171751 0.40151477 -0.31328544,1.35209656 0.58414757 -0.52973551,1.46150565 0.52615744 -0.4286164,1.54090106 0.43353227 -0.33507553,1.31145656 0.59285682 -0.55576783,1.26999998 0.5943045 -0.55576783,1.57119191 0.35894647 -0.27792612,1.57418704 0.33995658 -0.26389527,1.42690074 0.54717791 -0.45332724,1.51650131 0.46360159 -0.35755619,1.39003491 0.56471986 -0.47845608,1.48874938 0.49131912 -0.38067564,1.55234766 0.38861826 -0.29223618,1.35130882 0.57854211 -0.50394511,1.56323147 0.34945974 -0.26388866,1.55569184 0.34025028 -0.25128874,1.45792162 0.51631027 -0.40438059,1.53299868 0.42088589 -0.31328544,1.31114852 0.58845139 -0.52973551,1.26999998 0.58988833 -0.52973551,1.42433619 0.53823447 -0.4286164,1.50999939 0.45137331 -0.33507553,1.54541934 0.37908217 -0.27792612,1.38834929 0.55678988 -0.45332724,1.48356164 0.47966734 -0.35755619,1.35034966 0.57171744 -0.47845608,1.45394385 0.50538146 -0.38067564,1.52455127 0.4073672 -0.29223618,1.3107537 0.58280462 -0.50394511,1.26999998 0.5842278 -0.50394511,1.53814018 0.36906326 -0.26388866,1.53666365 0.34055662 -0.23958485,1.42144787 0.52816135 -0.40438059,1.50299847 0.43820649 -0.31328544,1.386415 0.54768932 -0.4286164,1.47792864 0.4670153 -0.33507553,1.51830494 0.39737102 -0.27792612,1.34922135 0.56368917 -0.45332724,1.4495815 0.49339619 -0.35755619,1.31027293 0.57592964 -0.47845608,1.26999998 0.57733601 -0.47845608,1.4182421 0.51698166 -0.38067564,1.49551475 0.42413145 -0.29223618,1.52501345 0.35099587 -0.24081674,1.51713979 0.34087047 -0.22878361,1.51174247 0.38686875 -0.26388866,1.38423622 0.53743923 -0.40438059,1.47186327 0.45339221 -0.31328544,1.3479265 0.55447584 -0.4286164,1.44484472 0.48038206 -0.33507553,1.48998094 0.41372395 -0.27792612,1.3097074 0.56784225 -0.45332724,1.26999998 0.56922889 -0.45332724,1.4147265 0.50472128 -0.35755619,1.38181818 0.5260632 -0.38067564,1.46537948 0.43882942 -0.29223618,1.49990797 0.3679297 -0.24081674,1.49715781 0.34118655 -0.21888509,1.48416698 0.40278944 -0.26388866,1.34646809 0.54409873 -0.40438059,1.43974447 0.46636903 -0.31328544,1.30905843 0.55856109 -0.4286164,1.26999998 0.55992502 -0.4286164,1.41090906 0.49140841 -0.33507553,1.46058512 0.42806122 -0.27792612,1.37916636 0.51358742 -0.35755619,1.34484947 0.53258175 -0.38067564,1.48787475 0.34867248 -0.21989803,1.47675526 0.34149975 -0.20988937,1.43429232 0.45138943 -0.29223618,1.4736824 0.38307101 -0.24081674,1.45554805 0.41674781 -0.26388866,1.30832744 0.5481075 -0.40438059,1.26999998 0.54944593 -0.40438059,1.40679872 0.47707376 -0.31328544,1.37628698 0.50004071 -0.33507553,1.43026078 0.44031304 -0.27792612,1.34307444 0.5199514 -0.35755619,1.3075161 0.53650564 -0.38067564,1.26999998 0.53781575 -0.38067564,1.46302187 0.36302131 -0.21989803,1.45596957 0.34180477 -0.20179647,1.40240479 0.46175033 -0.29223618,1.44646466 0.39634603 -0.24081674,1.42602527 0.4286758 -0.26388866,1.37318647 0.4854542 -0.31328544,1.34114695 0.50623679 -0.33507553,1.39915574 0.45041966 -0.27792612,1.30662644 0.52378225 -0.35755619,1.26999998 0.52506125 -0.35755619,1.43722856 0.37560153 -0.21989803,1.36987221 0.4698616 -0.29223618,1.41838706 0.40769011 -0.24081674,1.3957423 0.43851537 -0.26388866,1.33907151 0.49146959 -0.31328544,1.30566037 0.50996661 -0.33507553,1.26999998 0.51121187 -0.33507553,1.36742151 0.45833194 -0.27792612,1.42873979 0.3565354 -0.20261297,1.43483818 0.34209645 -0.1946065,1.41339862 0.34236959 -0.18831947,1.41062057 0.38635185 -0.21989803,1.33685303 0.47568378 -0.29223618,1.38958657 0.41704795 -0.24081674,1.36484671 0.44621849 -0.26388866,1.30462015 0.4950906 -0.31328544,1.26999998 0.49629956 -0.31328544,1.33521247 0.46401122 -0.27792612,1.40348244 0.36674002 -0.20261297,1.38332748 0.39521992 -0.21989803,1.30350816 0.47918847 -0.29223618,1.26999998 0.4803586 -0.29223618,1.3602035 0.42437398 -0.24081674,1.33348894 0.45174769 -0.26388866,1.39729106 0.3497293 -0.18895255,1.39168835 0.34261894 -0.18293546,1.30268586 0.46742991 -0.27792612,1.26999998 0.46342579 -0.27197623,1.3775748 0.37515792 -0.20261297,1.35548234 0.40216252 -0.21989803,1.33038092 0.42963248 -0.24081674,1.30182207 0.45507604 -0.26388866,1.26999998 0.4455401 -0.25255233,1.37258506 0.35775673 -0.18895255,1.3697449 0.34283936 -0.17845453,1.34760571 0.34302562 -0.17487673,1.35114312 0.38174811 -0.20261297,1.32722056 0.4071458 -0.21989803,1.30026412 0.43279788 -0.24081674,1.26999998 0.42674282 -0.23400919,1.34737933 0.36404124 -0.18895255,1.32431602 0.38647845 -0.20261297,1.34421539 0.34915572 -0.17833979,1.32530832 0.34317249 -0.17220213,1.29868019 0.41014552 -0.21989803,1.26999998 0.40707725 -0.21638957,1.32179666 0.36855215 -0.18895255,1.29722428 0.38932589 -0.20261297,1.26999998 0.38658869 -0.19973409,1.31967866 0.35348219 -0.17833979,1.30289018 0.3432748 -0.17043078,1.2959615 0.37126753 -0.18895255,1.29489994 0.35608652 -0.17833979,1.51999998 0.25 -0.04609067,1.49855733 0.25 -0.03827335,1.51999998 0.25 -1,1.47690761 0.25 -0.03118189,1.44696951 0.25 -0.02265069,1.41673279 0.25 -0.01548001,1.38624895 0.25 -0.00966988,1.35556984 0.25 -0.00522036,1.3247472 0.25 -0.00213151,1.29383266 0.25 -0.00040338,1.26287794 0.25 -3.6E-05,1.01999998 0.25 -1,1.23193479 0.25 -0.00102944,1.20105481 0.25 -0.00338375,1.17028987 0.25 -0.00709898,1.13969171 0.25 -0.01217518,1.10931182 0.25 -0.01861239,1.07920218 0.25 -0.02641068,1.04941428 0.25 -0.03557009,1.01999998 0.25 -0.04609067,1.24009252 0.59925413 -0.6347146,1.24009252 -0.59925413 -0.6347146,1.25354004 -0.34331837 -0.16970778,1.2281903 0.59790617 -0.60831797,1.21025932 0.59701848 -0.6347146,1.22832286 0.59601086 -0.58198214,1.18658435 0.59353322 -0.60831797,1.18057466 0.59329849 -0.6347146,1.2285434 0.59285682 -0.55576783,1.18684876 0.59165174 -0.58198214,1.14538479 0.5862686 -0.60831797,1.15111232 0.58810347 -0.6347146,1.12194562 0.58144635 -0.6347146,1.22885144 0.58845139 -0.52973551,1.18728876 0.58852077 -0.55576783,1.14577973 0.58441019 -0.58198214,1.10479224 0.57614774 -0.60831797,1.09314692 0.57334369 -0.6347146,1.22924638 0.58280462 -0.50394511,1.1879034 0.58414757 -0.52973551,1.14643717 0.58131754 -0.55576783,1.10531604 0.57432139 -0.58198214,1.22972703 0.57592964 -0.47845608,1.06500471 0.56321996 -0.60831797,1.06478786 0.56381559 -0.6347146,1.03693914 0.55288571 -0.6347146,1.18869126 0.57854211 -0.50394511,1.14735532 0.57699782 -0.52973551,1.10618746 0.57128215 -0.55576783,1.23029256 0.56784225 -0.45332724,1.06565452 0.56143463 -0.58198214,1.1896503 0.57171744 -0.47845608,1.02621579 0.54754829 -0.60831797,1.00966978 0.54058135 -0.6347146,1.14853227 0.57146102 -0.50394511,1.10740471 0.56703705 -0.52973551,1.23094165 0.55856109 -0.4286164,1.06673586 0.55846357 -0.55576783,1.19077861 0.56368917 -0.45332724,1.02698863 0.54581255 -0.58198214,1.14996505 0.56471986 -0.47845608,0.98861462 0.52920896 -0.60831797,0.9830476 0.52693295 -0.6347146,1.10896504 0.5615958 -0.50394511,1.23167264 0.5481075 -0.40438059,1.06824636 0.55431366 -0.52973551,1.19207346 0.55447584 -0.4286164,1.02827454 0.54292417 -0.55576783,1.15165067 0.55678988 -0.45332724,0.9895066 0.52753139 -0.58198214,1.11086464 0.55497098 -0.47845608,1.23248386 0.53650564 -0.38067564,0.95238429 0.50829136 -0.60831797,0.9571389 0.51197451 -0.6347146,0.93200797 0.49574327 -0.6347146,1.07018232 0.54899454 -0.50394511,1.19353187 0.54409873 -0.40438059,1.03007078 0.53888977 -0.52973551,1.15358508 0.54768932 -0.4286164,0.99099094 0.52473974 -0.55576783,1.11309922 0.54717791 -0.45332724,1.23337352 0.52378225 -0.35755619,0.95339113 0.50668013 -0.58198214,1.07253945 0.54251838 -0.47845608,1.19515049 0.53258175 -0.38067564,0.91770136 0.48489743 -0.60831797,0.90771735 0.4782795 -0.6347146,1.03237319 0.53371865 -0.50394511,1.15576375 0.53743923 -0.40438059,0.99306422 0.52084047 -0.52973551,1.11566377 0.53823447 -0.4286164,1.23433971 0.50996661 -0.33507553,0.95506656 0.50399882 -0.55576783,1.07531226 0.53490019 -0.45332724,1.19692564 0.5199514 -0.35755619,0.91881818 0.48336035 -0.58198214,1.03517628 0.52742267 -0.47845608,1.15818179 0.5260632 -0.38067564,0.88473481 0.45914114 -0.60831797,0.88432741 0.45962667 -0.6347146,0.86189634 0.43983114 -0.6347146,0.99572164 0.5158425 -0.50394511,1.11855221 0.52816135 -0.40438059,1.23537993 0.4950906 -0.31328544,0.95740682 0.50025368 -0.52973551,1.07849431 0.52615744 -0.4286164,1.19885302 0.50623679 -0.33507553,0.92067659 0.48080245 -0.55576783,1.03847373 0.52001643 -0.45332724,1.1608336 0.51358742 -0.35755619,0.88595611 0.45768568 -0.58198214,0.99895716 0.50975746 -0.47845608,1.12175786 0.51698166 -0.38067564,0.85364527 0.43114796 -0.60831797,0.84047991 0.41894209 -0.6347146,1.23649192 0.47918847 -0.29223618,0.96040642 0.49545327 -0.50394511,1.08207846 0.51631027 -0.40438059,1.20092845 0.49146959 -0.31328544,0.92327237 0.47722965 -0.52973551,1.04225802 0.51151699 -0.4286164,1.1637131 0.50004071 -0.33507553,0.88798845 0.45526367 -0.55576783,1.23731411 0.46742991 -0.27792612,1.00276327 0.50259924 -0.45332724,1.12527347 0.50472128 -0.35755619,0.85496509 0.42978126 -0.58198214,0.96405852 0.48960871 -0.47845608,1.08605623 0.50538146 -0.38067564,0.82458413 0.40105426 -0.60831797,0.8201313 0.39701149 -0.6347146,1.20314705 0.47568378 -0.29223618,0.9265995 0.4726502 -0.50394511,1.23817801 0.45507604 -0.26388866,1.04652023 0.50194383 -0.40438059,1.16681349 0.4854542 -0.31328544,0.89082712 0.45188066 -0.52973551,1.0071311 0.49438444 -0.4286164,1.12909091 0.49140841 -0.33507553,0.8571614 0.42750689 -0.55576783,1.20478749 0.46401122 -0.27792612,0.96835464 0.48273346 -0.45332724,1.09041846 0.49339619 -0.35755619,0.82599604 0.39978296 -0.58198214,0.93065041 0.46707463 -0.47845608,1.05125058 0.49131912 -0.38067564,0.79769301 0.36900666 -0.60831797,0.80090111 0.37409389 -0.6347146,0.78283721 0.35024619 -0.6347146,1.17012787 0.4698616 -0.29223618,1.23973584 0.43279788 -0.24081674,0.89446563 0.44754446 -0.50394511,1.20651102 0.45174769 -0.26388866,1.01205075 0.48513198 -0.40438059,1.13320136 0.47707376 -0.31328544,0.86022913 0.42433015 -0.52973551,0.97328496 0.47484335 -0.4286164,1.09515524 0.48038206 -0.33507553,0.82834566 0.39766735 -0.55576783,1.17257857 0.45833194 -0.27792612,0.93541569 0.46051583 -0.45332724,1.05643833 0.47966734 -0.35755619,0.79919016 0.36783695 -0.58198214,0.89889556 0.44226503 -0.47845608,1.01751077 0.47486311 -0.38067564,1.24131978 0.41014552 -0.21989803,0.77310288 0.33516133 -0.60831797,0.76598448 0.32552776 -0.6347146,1.13759518 0.46175033 -0.29223618,1.20961905 0.42963248 -0.24081674,0.86416125 0.42025831 -0.50394511,1.17515337 0.44621849 -0.26388866,0.97883803 0.46595657 -0.40438059,1.10025561 0.46636903 -0.31328544,0.83162755 0.39471233 -0.52973551,0.94088435 0.45298886 -0.4286164,1.06207144 0.4670153 -0.33507553,0.80168164 0.36589038 -0.55576783,1.14084423 0.45041966 -0.27792612,0.90410674 0.43605462 -0.45332724,1.02349865 0.46360159 -0.35755619,1.24277568 0.38932589 -0.20261297,0.77467805 0.33409888 -0.58198214,0.8689487 0.41530079 -0.47845608,0.98500109 0.45609361 -0.38067564,1.2127794 0.4071458 -0.21989803,0.75093365 0.29968309 -0.60831797,0.75038475 0.30000001 -0.6347146,0.73607689 0.2737264 -0.6347146,1.10570765 0.45138943 -0.29223618,1.17979658 0.42437398 -0.24081674,0.83583415 0.39092469 -0.50394511,1.14425778 0.43851537 -0.26388866,0.94704378 0.44451109 -0.40438059,1.06813681 0.45339221 -0.31328544,0.80516165 0.36317152 -0.52973551,1.24403846 0.37126753 -0.18895255,0.91008711 0.42892745 -0.4286164,1.03000057 0.45137331 -0.33507553,0.77729923 0.33233085 -0.55576783,1.10973918 0.44031304 -0.27792612,0.87458038 0.40946898 -0.45332724,0.9917599 0.44527721 -0.35755619,1.21568406 0.38647845 -0.20261297,0.75257903 0.29873312 -0.58198214,0.84095573 0.3863132 -0.47845608,1.24510002 0.35608652 -0.17833979,1.24212337 0.34329131 -0.17015024,0.95387983 0.43510208 -0.38067564,1.18451774 0.40216252 -0.21989803,0.73129326 0.26274484 -0.60831797,0.72309649 0.24677226 -0.6347146,1.0746206 0.43882942 -0.29223618,1.15041339 0.41704795 -0.24081674,0.80962223 0.35968655 -0.50394511,1.11397481 0.4286758 -0.26388866,0.91682297 0.42090002 -0.40438059,1.03700149 0.43820649 -0.31328544,0.78096044 0.32986134 -0.52973551,1.21820343 0.36855215 -0.18895255,0.88104337 0.40277636 -0.4286164,0.99909896 0.43353227 -0.33507553,0.75531721 0.29715225 -0.55576783,1.07941484 0.42806122 -0.27792612,0.84698051 0.38088846 -0.45332724,0.96137673 0.4247835 -0.35755619,1.18885696 0.38174811 -0.20261297,0.73300087 0.26191196 -0.58198214,0.81505299 0.35544354 -0.47845608,1.2203213 0.35348219 -0.17833979,1.21439481 0.34317175 -0.17220213,0.9242987 0.41199076 -0.38067564,1.15667248 0.39521992 -0.21989803,0.71427733 0.22452652 -0.60831797,0.71147573 0.21920462 -0.6347146,1.04448533 0.42413145 -0.29223618,1.12161291 0.40769011 -0.24081674,0.78565323 0.32669604 -0.50394511,1.08445191 0.41674781 -0.26388866,0.88832277 0.39523834 -0.40438059,1.00700128 0.42088589 -0.31328544,0.75914174 0.29494417 -0.52973551,1.19262064 0.36404124 -0.18895255,0.85389459 0.37466297 -0.4286164,0.96951717 0.41357911 -0.33507553,0.73584265 0.26052594 -0.55576783,1.05001903 0.41372395 -0.27792612,0.82144153 0.35045227 -0.45332724,0.93249714 0.40222028 -0.35755619,1.16242516 0.37515792 -0.20261297,0.71603894 0.22381479 -0.58198214,0.79136676 0.32284221 -0.47845608,1.19578469 0.34915572 -0.17833979,1.1896193 0.34300593 -0.17522079,0.89640176 0.38687226 -0.38067564,1.12937939 0.38635185 -0.21989803,0.69996887 0.18521434 -0.60831797,0.70124358 0.19109198 -0.6347146,0.69242543 0.16250429 -0.6347146,1.01544869 0.4073672 -0.29223618,1.09353542 0.39634603 -0.24081674,0.76404387 0.2921139 -0.50394511,1.0558331 0.40278944 -0.26388866,0.86168212 0.3676511 -0.40438059,0.97828245 0.40151477 -0.31328544,0.7398119 0.25859001 -0.52973551,1.1674149 0.35775673 -0.18895255,1.16750765 0.34281561 -0.17888829,1.14560819 0.34259179 -0.18345775,0.82877308 0.34472427 -0.4286164,0.94139934 0.39161104 -0.33507553,0.71897048 0.2226304 -0.55576783,1.02169502 0.39737102 -0.27792612,0.79808789 0.31830874 -0.45332724,0.90526181 0.37769747 -0.35755619,1.13651752 0.36674002 -0.20261297,0.70177585 0.18462722 -0.58198214,0.77001232 0.28866801 -0.47845608,0.87032503 0.35986897 -0.38067564,1.1027714 0.37560153 -0.21989803,0.68843752 0.1449998 -0.60831797,0.68504328 0.13351256 -0.6347146,0.9876523 0.38861826 -0.29223618,1.06631756 0.38307101 -0.24081674,0.74489957 0.25610861 -0.50394511,1.02825761 0.38686875 -0.26388866,0.83703071 0.33827269 -0.40438059,0.95098478 0.38018751 -0.31328544,0.72306508 0.22097605 -0.52973551,1.1427089 0.3497293 -0.18895255,1.12395525 0.34233961 -0.18893041,0.80580109 0.31310609 -0.4286164,0.91488236 0.36773506 -0.33507553,0.70478284 0.1836502 -0.55576783,0.99458069 0.37908217 -0.27792612,0.77703333 0.28461444 -0.45332724,0.87980342 0.35133457 -0.35755619,1.11126018 0.3565354 -0.20261297,1.10258305 0.34206426 -0.19530748,0.69028103 0.14454016 -0.58198214,0.7510938 0.25308746 -0.47845608,0.8461954 0.33111244 -0.38067564,1.07697809 0.36302131 -0.21989803,1.08152604 0.34177098 -0.2025902,1.06081867 0.34146488 -0.21077982,0.67973953 0.10407884 -0.60831797,0.67911536 0.1041889 -0.6347146,0.67465645 0.07460622 -0.6347146,0.96123147 0.36797604 -0.29223618,1.04009199 0.3679297 -0.24081674,1.02058995 0.34083506 -0.22988459,1.04049516 0.34115118 -0.21987753,0.72831345 0.21885557 -0.50394511,1.0018599 0.36906326 -0.26388866,0.98217154 0.34021628 -0.25263166,1.00113726 0.34052169 -0.24080223,0.81448865 0.30724627 -0.40438059,0.92524135 0.35700801 -0.31328544,0.70898288 0.18228552 -0.52973551,0.78509068 0.27996251 -0.4286164,0.89009553 0.34206754 -0.33507553,0.69334888 0.14377527 -0.55576783,0.96880817 0.35894647 -0.27792612,0.94688958 0.3396658 -0.27819031,0.96372712 0.33992401 -0.26537415,0.75838047 0.2495335 -0.45332724,0.85624605 0.32326001 -0.35755619,0.68161064 0.10374893 -0.58198214,0.73470336 0.21627387 -0.47845608,0.82413054 0.30074275 -0.38067564,1.05212522 0.34867248 -0.21989803,0.67391717 0.06265083 -0.60831797,0.67167771 0.04483806 -0.6347146,0.93631488 0.34554106 -0.29223618,0.93057191 0.3394281 -0.29181591,1.01498663 0.35099587 -0.24081674,0.71436638 0.18053631 -0.50394511,0.97676849 0.34945974 -0.26388866,0.79416585 0.27472296 -0.40438059,0.90117759 0.33208922 -0.31328544,0.69763392 0.1427069 -0.52973551,0.76674271 0.24545498 -0.4286164,0.86715955 0.31473348 -0.33507553,0.68472433 0.1031999 -0.55576783,0.74222016 0.21323688 -0.45332724,0.83470446 0.29361054 -0.35755619,0.67580676 0.06245223 -0.58198214,0.7209208 0.17840664 -0.47845608,0.8042379 0.26890787 -0.38067564,0.67099893 0.02091758 -0.60831797,0.67018652 0.01495842 -0.6347146,0.91302401 0.32142264 -0.29223618,0.93031877 0.32208198 -0.27738115,0.70312625 0.1413375 -0.50394511,0.77616125 0.24086124 -0.40438059,0.8789106 0.30555251 -0.31328544,0.68907344 0.10243303 -0.52973551,0.75084656 0.20975161 -0.4286164,0.8461861 0.28586605 -0.33507553,0.67895114 0.06212174 -0.55576783,0.92178363 0.31353542 -0.27792612,0.93004245 0.3041254 -0.26385191,0.7286312 0.1759014 -0.45332724,0.8152836 0.26253062 -0.35755619,0.6728977 0.02085127 -0.58198214,0.70981336 0.13967022 -0.47845608,0.78661442 0.23576291 -0.38067564,0.67099893 -0.02091758 -0.60831797,0.67018652 -0.01495842 -0.6347146,0.67167771 -0.04483806 -0.6347146,0.89147228 0.29573828 -0.29223618,0.69464797 0.10145009 -0.50394511,0.7605626 0.20582607 -0.40438059,0.858549 0.27752718 -0.31328544,0.68334317 0.06166012 -0.52973551,0.73747969 0.17302635 -0.4286164,0.82727748 0.25560594 -0.33507553,0.67605752 0.02074093 -0.55576783,0.90076077 0.28848132 -0.27792612,0.71767968 0.13770893 -0.45332724,0.79807806 0.23017171 -0.35755619,0.6728977 -0.02085127 -0.58198214,0.70143503 0.10025334 -0.47845608,0.77134591 0.20146933 -0.38067564,0.67391717 -0.06265083 -0.60831797,0.67465645 -0.07460622 -0.6347146,0.87176466 0.26861313 -0.29223618,0.68897265 0.06106843 -0.50394511,0.91051954 0.28085694 -0.26388866,0.92974824 0.2855961 -0.25122821,0.74744588 0.16978814 -0.40438059,0.84019196 0.24814978 -0.31328544,0.68047106 0.02058681 -0.52973551,0.72670716 0.13545813 -0.4286164,0.81052577 0.22410055 -0.33507553,0.67605752 -0.02074093 -0.55576783,0.88153678 0.26202178 -0.27792612,0.70941901 0.09884556 -0.45332724,0.78317165 0.19669141 -0.35755619,0.67580676 -0.06245223 -0.58198214,0.69582671 0.06034805 -0.47845608,0.75850683 0.1661942 -0.38067564,0.67973953 -0.10407884 -0.60831797,0.67911536 -0.1041889 -0.6347146,0.68504328 -0.13351256 -0.6347146,0.85399723 0.2401793 -0.29223618,0.92811781 0.26710764 -0.24081674,0.92944127 0.26653183 -0.23951016,0.92912692 0.24697043 -0.22869779,0.68612808 0.02038926 -0.50394511,0.89180362 0.25509667 -0.26388866,0.73687494 0.13292301 -0.40438059,0.82392889 0.21756341 -0.31328544,0.68047106 -0.02058681 -0.52973551,0.7185815 0.09722996 -0.4286164,0.79601258 0.19150335 -0.33507553,0.67895114 -0.06212174 -0.55576783,0.8642053 0.23428567 -0.27792612,0.70388943 0.05950062 -0.45332724,0.77063704 0.16225286 -0.35755619,0.68161064 -0.10374893 -0.58198214,0.69301569 0.02014874 -0.47845608,0.74815971 0.1301094 -0.38067564,0.68843752 -0.1449998 -0.60831797,0.69242543 -0.16250429 -0.6347146,0.83825654 0.21057534 -0.29223618,0.91031814 0.24260849 -0.24081674,0.9288103 0.22694965 -0.21879114,0.68612808 -0.02038926 -0.50394511,0.8749302 0.22809364 -0.26388866,0.72890139 0.09541029 -0.40438059,0.80983907 0.18591708 -0.31328544,0.68334317 -0.06166012 -0.52973551,0.71314228 0.0585281 -0.4286164,0.78380859 0.15797317 -0.33507553,0.68472433 -0.1031999 -0.55576783,0.84885085 0.20540816 -0.27792612,0.70111787 0.0198658 -0.45332724,0.7605353 0.12702382 -0.35755619,0.69028103 -0.14454016 -0.58198214,0.69301569 -0.02014874 -0.47845608,0.7403549 0.09339073 -0.38067564,0.69996887 -0.18521434 -0.60831797,0.70124358 -0.19109198 -0.6347146,0.82461929 0.1799455 -0.29223618,0.89427078 0.21692736 -0.24081674,0.68897265 -0.06106843 -0.50394511,0.8599816 0.19997934 -0.26388866,0.72356397 0.05743274 -0.40438059,0.7979911 0.153365 -0.31328544,0.68907344 -0.10243303 -0.52973551,0.71041608 0.0195411 -0.4286164,0.77397329 0.12367335 -0.33507553,0.69334888 -0.14377527 -0.55576783,0.83554822 0.17552991 -0.27792612,0.70111787 -0.0198658 -0.45332724,0.75291556 0.09117594 -0.35755619,0.70177585 -0.18462722 -0.58198214,0.69582671 -0.06034805 -0.47845608,0.73513049 0.05621705 -0.38067564,0.9139362 0.20557353 -0.21989803,0.92849666 0.20650727 -0.20979029,0.92819124 0.18568106 -0.20169528,0.71427733 -0.22452652 -0.60831797,0.71147573 -0.21920462 -0.6347146,0.72309649 -0.24677226 -0.6347146,0.81315184 0.14843898 -0.29223618,0.88005394 0.19018941 -0.24081674,0.69464797 -0.10145009 -0.50394511,0.84703052 0.17089076 -0.26388866,0.72088879 0.01917539 -0.40438059,0.78844267 0.12006573 -0.31328544,0.69763392 -0.1427069 -0.52973551,0.71041608 -0.0195411 -0.4286164,0.76655453 0.08877102 -0.33507553,0.70478284 -0.1836502 -0.55576783,0.82436216 0.14479651 -0.27792612,0.70388943 -0.05950062 -0.45332724,0.74781507 0.05488385 -0.35755619,0.71603894 -0.22381479 -0.58198214,0.70143503 -0.10025334 -0.47845608,0.73251188 0.0187695 -0.38067564,0.90046346 0.18023501 -0.21989803,0.73129326 -0.26274484 -0.60831797,0.73607689 -0.2737264 -0.6347146,0.80391014 0.11620926 -0.29223618,0.86773688 0.16252485 -0.24081674,0.70312625 -0.1413375 -0.50394511,0.8361401 0.14096962 -0.26388866,0.72088879 -0.01917539 -0.40438059,0.78124034 0.08618151 -0.31328544,0.70898288 -0.18228552 -0.52973551,0.71314228 -0.0585281 -0.4286164,0.76158857 0.05343619 -0.33507553,0.71897048 -0.2226304 -0.55576783,0.81534725 0.11335766 -0.27792612,0.70941901 -0.09884556 -0.45332724,0.74525857 0.01832437 -0.35755619,0.9192217 0.171086 -0.20261297,0.9278993 0.1645088 -0.19450615,0.73300087 -0.26191196 -0.58198214,0.70981336 -0.13967022 -0.47845608,0.73251188 -0.0187695 -0.38067564,0.88879108 0.1540184 -0.21989803,0.75093365 -0.29968309 -0.60831797,0.75038475 -0.30000001 -0.6347146,0.76598448 -0.32552776 -0.6347146,0.79693913 0.08341339 -0.29223618,0.85737962 0.13406849 -0.24081674,0.71436638 -0.18053631 -0.50394511,0.82736343 0.11036169 -0.26388866,0.72356397 -0.05743274 -0.40438059,0.77641922 0.05187743 -0.31328544,0.72306508 -0.22097605 -0.52973551,0.7185815 -0.09722996 -0.4286164,0.75909954 0.01784104 -0.33507553,0.73584265 -0.26052594 -0.55576783,0.80854732 0.08136656 -0.27792612,0.71767968 -0.13770893 -0.45332724,0.74525857 -0.01832437 -0.35755619,0.90814185 0.14620018 -0.20261297,0.92762607 0.1430283 -0.18822299,0.92737675 0.1212773 -0.18284583,0.75257903 -0.29873312 -0.58198214,0.7209208 -0.17840664 -0.47845608,0.73513049 -0.05621705 -0.38067564,0.87897593 0.12705143 -0.21989803,0.77310288 -0.33516133 -0.60831797,0.78283721 -0.35024619 -0.6347146,0.79227287 0.05021115 -0.29223618,0.84903258 0.10495896 -0.24081674,0.72831345 -0.21885557 -0.50394511,0.82074326 0.07921609 -0.26388866,0.72890139 -0.09541029 -0.40438059,0.77400279 0.0173206 -0.31328544,0.7398119 -0.25859001 -0.52973551,0.72670716 -0.13545813 -0.4286164,0.75909954 -0.01784104 -0.33507553,0.75531721 -0.29715225 -0.55576783,0.80399555 0.04897904 -0.27792612,0.7286312 -0.1759014 -0.45332724,0.74781507 -0.05488385 -0.35755619,0.89882493 0.1206021 -0.20261297,0.77467805 -0.33409888 -0.58198214,0.73470336 -0.21627387 -0.47845608,0.7403549 -0.09339073 -0.38067564,0.87106574 0.09946547 -0.21989803,0.79769301 -0.36900666 -0.60831797,0.80090111 -0.37409389 -0.6347146,0.78993404 0.01676427 -0.29223618,0.84273648 0.07533809 -0.24081674,0.74489957 -0.25610861 -0.50394511,0.81631178 0.04768455 -0.26388866,0.73687494 -0.13292301 -0.40438059,0.77400279 -0.0173206 -0.31328544,0.75914174 -0.29494417 -0.52973551,0.91604137 0.11500813 -0.18895255,0.92715657 0.09929361 -0.17837474,0.73747969 -0.17302635 -0.4286164,0.76158857 -0.05343619 -0.33507553,0.77729923 -0.33233085 -0.55576783,0.80171412 0.0163529 -0.27792612,0.74222016 -0.21323688 -0.45332724,0.75291556 -0.09117594 -0.35755619,0.89131629 0.09441645 -0.20261297,0.79919016 -0.36783695 -0.58198214,0.7510938 -0.25308746 -0.47845608,0.74815971 -0.1301094 -0.38067564,0.86509919 0.07139494 -0.21989803,0.82458413 -0.40105426 -0.60831797,0.8201313 -0.39701149 -0.6347146,0.84047991 -0.41894209 -0.6347146,0.78993404 -0.01676427 -0.29223618,0.83852196 0.04535017 -0.24081674,0.76404387 -0.2921139 -0.50394511,0.81409061 0.01592071 -0.26388866,0.74744588 -0.16978814 -0.40438059,0.77641922 -0.05187743 -0.31328544,0.78096044 -0.32986134 -0.52973551,0.90888101 0.09003707 -0.18895255,0.92697078 0.07711499 -0.17480975,0.75084656 -0.20975161 -0.4286164,0.76655453 -0.08877102 -0.33507553,0.80168164 -0.36589038 -0.55576783,0.80171412 -0.0163529 -0.27792612,0.75838047 -0.2495335 -0.45332724,0.7605353 -0.12702382 -0.35755619,0.8856526 0.06777082 -0.20261297,0.82599604 -0.39978296 -0.58198214,0.77001232 -0.28866801 -0.47845608,0.75850683 -0.1661942 -0.38067564,0.86110526 0.04297657 -0.21989803,0.85364527 -0.43114796 -0.60831797,0.86189634 -0.43983114 -0.6347146,0.79227287 -0.05021115 -0.29223618,0.83640957 0.01514131 -0.24081674,0.78565323 -0.32669604 -0.50394511,0.81409061 -0.01592071 -0.26388866,0.7605626 -0.20582607 -0.40438059,0.78124034 -0.08618151 -0.31328544,0.80516165 -0.36317152 -0.52973551,0.90348005 0.06462736 -0.18895255,0.76674271 -0.24545498 -0.4286164,0.77397329 -0.12367335 -0.33507553,0.82834566 -0.39766735 -0.55576783,0.80399555 -0.04897904 -0.27792612,0.77703333 -0.28461444 -0.45332724,0.77063704 -0.16225286 -0.35755619,0.88186139 0.04079501 -0.20261297,0.85496509 -0.42978126 -0.58198214,0.79136676 -0.32284221 -0.47845608,0.91846693 0.06198477 -0.17833979,0.92682457 0.05477922 -0.17215094,0.77134591 -0.20146933 -0.38067564,0.85910338 0.01434883 -0.21989803,0.88473481 -0.45914114 -0.60831797,0.88432741 -0.45962667 -0.6347146,0.90771735 -0.4782795 -0.6347146,0.79693913 -0.08341339 -0.29223618,0.83640957 -0.01514131 -0.24081674,0.80962223 -0.35968655 -0.50394511,0.81631178 -0.04768455 -0.26388866,0.77616125 -0.24086124 -0.40438059,0.78844267 -0.12006573 -0.31328544,0.83162755 -0.39471233 -0.52973551,0.89986467 0.03890279 -0.18895255,0.78509068 -0.27996251 -0.4286164,0.78380859 -0.15797317 -0.33507553,0.8571614 -0.42750689 -0.55576783,0.80854732 -0.08136656 -0.27792612,0.79808789 -0.31830874 -0.45332724,0.78317165 -0.19669141 -0.35755619,0.87996113 0.01362046 -0.20261297,0.88595611 -0.45768568 -0.58198214,0.81505299 -0.35544354 -0.47845608,0.91499937 0.03731207 -0.17833979,0.92672324 0.03232409 -0.17039835,0.78661442 -0.23576291 -0.38067564,0.85910338 -0.01434883 -0.21989803,0.91770136 -0.48489743 -0.60831797,0.93200797 -0.49574327 -0.6347146,0.80391014 -0.11620926 -0.29223618,0.83852196 -0.04535017 -0.24081674,0.83583415 -0.39092469 -0.50394511,0.82074326 -0.07921609 -0.26388866,0.79416585 -0.27472296 -0.40438059,0.7979911 -0.153365 -0.31328544,0.86022913 -0.42433015 -0.52973551,0.89805257 0.01298869 -0.18895255,0.80580109 -0.31310609 -0.4286164,0.79601258 -0.19150335 -0.33507553,0.88798845 -0.45526367 -0.55576783,0.81534725 -0.11335766 -0.27792612,0.82144153 -0.35045227 -0.45332724,0.79807806 -0.23017171 -0.35755619,0.87996113 -0.01362046 -0.20261297,0.91881818 -0.48336035 -0.58198214,0.84095573 -0.3863132 -0.47845608,0.91326141 0.01245759 -0.17833979,0.92667198 0.00978737 -0.16955204,0.8042379 -0.26890787 -0.38067564,0.86110526 -0.04297657 -0.21989803,0.95238429 -0.50829136 -0.60831797,0.9571389 -0.51197451 -0.6347146,0.81315184 -0.14843898 -0.29223618,0.84273648 -0.07533809 -0.24081674,0.86416125 -0.42025831 -0.50394511,0.82736343 -0.11036169 -0.26388866,0.81448865 -0.30724627 -0.40438059,0.80983907 -0.18591708 -0.31328544,0.89082712 -0.45188066 -0.52973551,0.89805257 -0.01298869 -0.18895255,0.82877308 -0.34472427 -0.4286164,0.81052577 -0.22410055 -0.33507553,0.92067659 -0.48080245 -0.55576783,0.82436216 -0.14479651 -0.27792612,0.84698051 -0.38088846 -0.45332724,0.8152836 -0.26253062 -0.35755619,0.88186139 -0.04079501 -0.20261297,0.95339113 -0.50668013 -0.58198214,0.8689487 -0.41530079 -0.47845608,0.91326141 -0.01245759 -0.17833979,0.92667568 -0.01278143 -0.16961022,0.92673343 -0.03528553 -0.17056379,0.82413054 -0.30074275 -0.38067564,0.86509919 -0.07139494 -0.21989803,0.98861462 -0.52920896 -0.60831797,0.9830476 -0.52693295 -0.6347146,1.00966978 -0.54058135 -0.6347146,0.82461929 -0.1799455 -0.29223618,0.84903258 -0.10495896 -0.24081674,0.89446563 -0.44754446 -0.50394511,0.8361401 -0.14096962 -0.26388866,0.83703071 -0.33827269 -0.40438059,0.82392889 -0.21756341 -0.31328544,0.92327237 -0.47722965 -0.52973551,0.89986467 -0.03890279 -0.18895255,0.85389459 -0.37466297 -0.4286164,0.82727748 -0.25560594 -0.33507553,0.95506656 -0.50399882 -0.55576783,0.83554822 -0.17552991 -0.27792612,0.87458038 -0.40946898 -0.45332724,0.83470446 -0.29361054 -0.35755619,0.8856526 -0.06777082 -0.20261297,0.9895066 -0.52753139 -0.58198214,0.89889556 -0.44226503 -0.47845608,0.91499937 -0.03731207 -0.17833979,0.92684013 -0.057682 -0.17241259,0.8461954 -0.33111244 -0.38067564,0.87106574 -0.09946547 -0.21989803,1.02621579 -0.54754829 -0.60831797,1.03693914 -0.55288571 -0.6347146,0.83825654 -0.21057534 -0.29223618,0.85737962 -0.13406849 -0.24081674,0.9265995 -0.4726502 -0.50394511,0.84703052 -0.17089076 -0.26388866,0.86168212 -0.3676511 -0.40438059,0.84019196 -0.24814978 -0.31328544,0.95740682 -0.50025368 -0.52973551,0.90348005 -0.06462736 -0.18895255,0.88104337 -0.40277636 -0.4286164,0.8461861 -0.28586605 -0.33507553,0.99099094 -0.52473974 -0.55576783,0.84885085 -0.20540816 -0.27792612,0.90410674 -0.43605462 -0.45332724,0.85624605 -0.32326001 -0.35755619,0.89131629 -0.09441645 -0.20261297,1.02698863 -0.54581255 -0.58198214,0.93065041 -0.46707463 -0.47845608,0.91846693 -0.06198477 -0.17833979,0.92699075 -0.0799366 -0.17515786,0.87032503 -0.35986897 -0.38067564,0.87897593 -0.12705143 -0.21989803,1.06500471 -0.56321996 -0.60831797,1.06478786 -0.56381559 -0.6347146,1.09314692 -0.57334369 -0.6347146,0.85399723 -0.2401793 -0.29223618,0.86773688 -0.16252485 -0.24081674,0.96040642 -0.49545327 -0.50394511,0.8599816 -0.19997934 -0.26388866,0.88832277 -0.39523834 -0.40438059,0.858549 -0.27752718 -0.31328544,0.99306422 -0.52084047 -0.52973551,0.90888101 -0.09003707 -0.18895255,0.92717999 -0.10201509 -0.17880081,0.91008711 -0.42892745 -0.4286164,0.86715955 -0.31473348 -0.33507553,1.02827454 -0.54292417 -0.55576783,0.8642053 -0.23428567 -0.27792612,0.93541569 -0.46051583 -0.45332724,0.87980342 -0.35133457 -0.35755619,0.89882493 -0.1206021 -0.20261297,1.06565452 -0.56143463 -0.58198214,0.96405852 -0.48960871 -0.47845608,0.89640176 -0.38687226 -0.38067564,0.88879108 -0.1540184 -0.21989803,1.10479224 -0.57614774 -0.60831797,1.12194562 -0.58144635 -0.6347146,0.87176466 -0.26861313 -0.29223618,0.88005394 -0.19018941 -0.24081674,0.99572164 -0.5158425 -0.50394511,0.8749302 -0.22809364 -0.26388866,0.91682297 -0.42090002 -0.40438059,0.8789106 -0.30555251 -0.31328544,1.03007078 -0.53888977 -0.52973551,0.91604137 -0.11500813 -0.18895255,0.92740273 -0.12388324 -0.18334268,0.94088435 -0.45298886 -0.4286164,0.89009553 -0.34206754 -0.33507553,1.06673586 -0.55846357 -0.55576783,0.88153678 -0.26202178 -0.27792612,0.96835464 -0.48273346 -0.45332724,0.90526181 -0.37769747 -0.35755619,0.90814185 -0.14620018 -0.20261297,0.92765391 -0.14550681 -0.1887847,0.92792827 -0.16685157 -0.19512811,1.10531604 -0.57432139 -0.58198214,0.99895716 -0.50975746 -0.47845608,0.9242987 -0.41199076 -0.38067564,0.90046346 -0.18023501 -0.21989803,1.14538479 -0.5862686 -0.60831797,1.15111232 -0.58810347 -0.6347146,0.89147228 -0.29573828 -0.29223618,0.89427078 -0.21692736 -0.24081674,1.03237319 -0.53371865 -0.50394511,0.89180362 -0.25509667 -0.26388866,0.94704378 -0.44451109 -0.40438059,0.90117759 -0.33208922 -0.31328544,1.06824636 -0.55431366 -0.52973551,0.97328496 -0.47484335 -0.4286164,0.91488236 -0.36773506 -0.33507553,1.10618746 -0.57128215 -0.55576783,0.90076077 -0.28848132 -0.27792612,1.00276327 -0.50259924 -0.45332724,0.93249714 -0.40222028 -0.35755619,0.9192217 -0.171086 -0.20261297,0.92822063 -0.18788326 -0.20237412,1.14577973 -0.58441019 -0.58198214,1.03517628 -0.52742267 -0.47845608,0.95387983 -0.43510208 -0.38067564,0.9139362 -0.20557353 -0.21989803,0.92883897 -0.22887054 -0.21957886,0.92852592 -0.20856766 -0.21052395,1.18658435 -0.59353322 -0.60831797,1.18057466 -0.59329849 -0.6347146,1.21025932 -0.59701848 -0.6347146,0.91302401 -0.32142264 -0.29223618,0.93057191 -0.3394281 -0.29181591,0.9303292 -0.32277542 -0.27792358,0.91031814 -0.24260849 -0.24081674,0.92915457 -0.24875765 -0.22954005,1.07018232 -0.54899454 -0.50394511,0.91051954 -0.28085694 -0.26388866,0.93006521 -0.30558202 -0.26487368,0.92977285 -0.28714761 -0.25218624,0.97883803 -0.46595657 -0.40438059,0.92524135 -0.35700801 -0.31328544,1.10740471 -0.56703705 -0.52973551,1.0071311 -0.49438444 -0.4286164,0.94139934 -0.39161104 -0.33507553,1.14643717 -0.58131754 -0.55576783,0.92178363 -0.31353542 -0.27792612,1.03847373 -0.52001643 -0.45332724,0.96137673 -0.4247835 -0.35755619,1.18684876 -0.59165174 -0.58198214,1.07253945 -0.54251838 -0.47845608,0.98500109 -0.45609361 -0.38067564,1.2281903 -0.59790617 -0.60831797,0.93631488 -0.34554106 -0.29223618,0.94788843 -0.33968079 -0.27740434,0.92811781 -0.26710764 -0.24081674,0.92946756 -0.26819476 -0.24040878,1.10896504 -0.5615958 -0.50394511,1.01205075 -0.48513198 -0.40438059,0.95098478 -0.38018751 -0.31328544,1.14735532 -0.57699782 -0.52973551,1.04225802 -0.51151699 -0.4286164,0.96951717 -0.41357911 -0.33507553,1.18728876 -0.58852077 -0.55576783,1.07531226 -0.53490019 -0.45332724,0.9917599 -0.44527721 -0.35755619,1.22832286 -0.59601086 -0.58198214,1.11086464 -0.55497098 -0.47845608,1.01751077 -0.47486311 -0.38067564,0.96123147 -0.36797604 -0.29223618,1.14853227 -0.57146102 -0.50394511,1.04652023 -0.50194383 -0.40438059,0.97828245 -0.40151477 -0.31328544,1.1879034 -0.58414757 -0.52973551,1.07849431 -0.52615744 -0.4286164,0.99909896 -0.43353227 -0.33507553,1.2285434 -0.59285682 -0.55576783,0.96880817 -0.35894647 -0.27792612,0.96581298 -0.33995658 -0.26389527,1.11309922 -0.54717791 -0.45332724,1.02349865 -0.46360159 -0.35755619,1.14996505 -0.56471986 -0.47845608,1.05125058 -0.49131912 -0.38067564,0.9876523 -0.38861826 -0.29223618,1.18869126 -0.57854211 -0.50394511,0.97676849 -0.34945974 -0.26388866,0.98430812 -0.34025028 -0.25128874,1.08207846 -0.51631027 -0.40438059,1.00700128 -0.42088589 -0.31328544,1.22885144 -0.58845139 -0.52973551,1.11566377 -0.53823447 -0.4286164,1.03000057 -0.45137331 -0.33507553,0.99458069 -0.37908217 -0.27792612,1.15165067 -0.55678988 -0.45332724,1.05643833 -0.47966734 -0.35755619,1.1896503 -0.57171744 -0.47845608,1.08605623 -0.50538146 -0.38067564,1.01544869 -0.4073672 -0.29223618,1.22924638 -0.58280462 -0.50394511,1.0018599 -0.36906326 -0.26388866,1.00333643 -0.34055662 -0.23958485,1.11855221 -0.52816135 -0.40438059,1.03700149 -0.43820649 -0.31328544,1.15358508 -0.54768932 -0.4286164,1.06207144 -0.4670153 -0.33507553,1.02169502 -0.39737102 -0.27792612,1.19077861 -0.56368917 -0.45332724,1.09041846 -0.49339619 -0.35755619,1.22972703 -0.57592964 -0.47845608,1.12175786 -0.51698166 -0.38067564,1.04448533 -0.42413145 -0.29223618,1.01498663 -0.35099587 -0.24081674,1.02286017 -0.34087047 -0.22878361,1.02825761 -0.38686875 -0.26388866,1.15576375 -0.53743923 -0.40438059,1.06813681 -0.45339221 -0.31328544,1.19207346 -0.55447584 -0.4286164,1.09515524 -0.48038206 -0.33507553,1.05001903 -0.41372395 -0.27792612,1.23029256 -0.56784225 -0.45332724,1.12527347 -0.50472128 -0.35755619,1.15818179 -0.5260632 -0.38067564,1.0746206 -0.43882942 -0.29223618,1.04009199 -0.3679297 -0.24081674,1.04284215 -0.34118655 -0.21888509,1.0558331 -0.40278944 -0.26388866,1.19353187 -0.54409873 -0.40438059,1.10025561 -0.46636903 -0.31328544,1.23094165 -0.55856109 -0.4286164,1.12909091 -0.49140841 -0.33507553,1.07941484 -0.42806122 -0.27792612,1.1608336 -0.51358742 -0.35755619,1.19515049 -0.53258175 -0.38067564,1.05212522 -0.34867248 -0.21989803,1.0632447 -0.34149975 -0.20988937,1.10570765 -0.45138943 -0.29223618,1.06631756 -0.38307101 -0.24081674,1.08445191 -0.41674781 -0.26388866,1.23167264 -0.5481075 -0.40438059,1.13320136 -0.47707376 -0.31328544,1.1637131 -0.50004071 -0.33507553,1.10973918 -0.44031304 -0.27792612,1.19692564 -0.5199514 -0.35755619,1.23248386 -0.53650564 -0.38067564,1.07697809 -0.36302131 -0.21989803,1.08403039 -0.34180477 -0.20179647,1.13759518 -0.46175033 -0.29223618,1.09353542 -0.39634603 -0.24081674,1.11397481 -0.4286758 -0.26388866,1.16681349 -0.4854542 -0.31328544,1.19885302 -0.50623679 -0.33507553,1.14084423 -0.45041966 -0.27792612,1.23337352 -0.52378225 -0.35755619,1.1027714 -0.37560153 -0.21989803,1.17012787 -0.4698616 -0.29223618,1.12161291 -0.40769011 -0.24081674,1.14425778 -0.43851537 -0.26388866,1.20092845 -0.49146959 -0.31328544,1.23433971 -0.50996661 -0.33507553,1.17257857 -0.45833194 -0.27792612,1.11126018 -0.3565354 -0.20261297,1.10516179 -0.34209645 -0.1946065,1.12660134 -0.34236959 -0.18831947,1.12937939 -0.38635185 -0.21989803,1.20314705 -0.47568378 -0.29223618,1.15041339 -0.41704795 -0.24081674,1.17515337 -0.44621849 -0.26388866,1.23537993 -0.4950906 -0.31328544,1.20478749 -0.46401122 -0.27792612,1.13651752 -0.36674002 -0.20261297,1.15667248 -0.39521992 -0.21989803,1.23649192 -0.47918847 -0.29223618,1.17979658 -0.42437398 -0.24081674,1.20651102 -0.45174769 -0.26388866,1.1427089 -0.3497293 -0.18895255,1.14831161 -0.34261894 -0.18293546,1.23731411 -0.46742991 -0.27792612,1.16242516 -0.37515792 -0.20261297,1.18451774 -0.40216252 -0.21989803,1.20961905 -0.42963248 -0.24081674,1.23817801 -0.45507604 -0.26388866,1.1674149 -0.35775673 -0.18895255,1.17025506 -0.34283936 -0.17845453,1.19239426 -0.34302562 -0.17487673,1.18885696 -0.38174811 -0.20261297,1.2127794 -0.4071458 -0.21989803,1.23973584 -0.43279788 -0.24081674,1.19262064 -0.36404124 -0.18895255,1.21568406 -0.38647845 -0.20261297,1.19578469 -0.34915572 -0.17833979,1.21469164 -0.34317249 -0.17220213,1.24131978 -0.41014552 -0.21989803,1.21820343 -0.36855215 -0.18895255,1.24277568 -0.38932589 -0.20261297,1.2203213 -0.35348219 -0.17833979,1.2371099 -0.3432748 -0.17043078,1.24403846 -0.37126753 -0.18895255,1.24510002 -0.35608652 -0.17833979,1.52009761 0.25009757 -0.05300118,1.58827853 0.31827852 -0.25384805,0.95172149 0.31827852 -0.25384805,1.52192545 0.25192544 -0.0771281,1.48807001 0.25121847 -0.05820619,1.52097476 0.25097477 -0.0680817,1.52038527 0.25038522 -0.05986391,1.56361437 0.32086697 -0.23924142,1.57300806 0.30300811 -0.22495686,1.55388987 0.32098395 -0.23311342,1.54669952 0.31314036 -0.22055963,1.55934715 0.28934711 -0.19689986,1.53656816 0.31324914 -0.21483788,1.52632844 0.31336021 -0.20935974,1.50680578 0.30294362 -0.18788095,1.4927243 0.29876176 -0.176442,1.50369108 0.29867348 -0.18117414,1.49052894 0.29552934 -0.17134759,1.4793576 0.29561201 -0.16690797,1.47732604 0.29241014 -0.1618291,1.47568214 0.28943616 -0.15701793,1.46420574 0.28950709 -0.15290047,1.46280503 0.28674325 -0.1483666,1.01902521 0.25097477 -0.0680817,1.04535544 0.25122648 -0.06036704,1.01807463 0.25192544 -0.0771281,1.01961482 0.25038522 -0.05986391,1.01990247 0.25009757 -0.05300118,1.07263565 0.29252774 -0.15808357,1.06129444 0.29245165 -0.16225787,1.07437408 0.28954995 -0.15330566,1.07576334 0.28678736 -0.14877237,1.0592761 0.29565123 -0.16733763,1.04813337 0.29556885 -0.17180263,1.04595125 0.29879847 -0.17689912,1.04270351 0.30307204 -0.1835434,1.03191543 0.30297613 -0.18837008,1.00224864 0.31326789 -0.21541002,1.01246607 0.31337917 -0.20989688,0.98065287 0.28934711 -0.19689986,0.99213809 0.31315869 -0.22116868,0.9669919 0.30300811 -0.22495686,0.98498386 0.32099101 -0.23374401,0.97527373 0.32087338 -0.23991406,1.53547454 0.29331613 -0.18958566,1.52150893 0.30789813 -0.20085342,1.51097 0.30800202 -0.1957228,1.55058944 0.28058943 -0.17712459,1.54311681 0.2731168 -0.15856293,1.51977706 0.28125739 -0.16281903,1.53737974 0.2673797 -0.14264323,1.52275205 0.28483352 -0.1702456,1.51309538 0.27994049 -0.15742722,1.5334568 0.26345676 -0.13044256,1.50173295 0.27242801 -0.13807851,1.52997565 0.25997567 -0.11822294,1.50361705 0.2748619 -0.14380202,1.50577986 0.27736887 -0.1495243,1.49240017 0.26723891 -0.12271584,1.52713597 0.25713596 -0.10672536,1.52487409 0.25487405 -0.09592621,1.49363744 0.26920727 -0.12780251,1.49521708 0.27137482 -0.13320167,1.47506082 0.26288942 -0.10510261,1.5035758 0.3240191 -0.20825417,1.49319279 0.32414877 -0.20351484,1.49097538 0.32138166 -0.20001262,1.48401654 0.31905553 -0.19480929,1.47334123 0.31917602 -0.19050281,1.46675861 0.31738973 -0.18623661,1.35426748 0.25149497 -0.02993259,1.37488306 0.25609061 -0.05770767,1.32411754 0.25611109 -0.05158488,1.45590079 0.3175053 -0.18230633,1.33938468 0.25149611 -0.02825063,1.44835305 0.31392607 -0.17622583,1.43647158 0.31235144 -0.170782,1.32448947 0.25149706 -0.02689681,1.43727946 0.3140322 -0.17269014,1.30969048 0.2561143 -0.05056316,1.31701052 0.25149748 -0.02634065,1.41953135 0.30445322 -0.1575384,1.30209053 0.2514981 -0.02547688,1.29526353 0.25611657 -0.04985667,1.34505665 0.2639007 -0.0780205,1.2946043 0.25149831 -0.02516646,1.28084123 0.25611785 -0.04946432,1.28712714 0.25149849 -0.0249383,1.27218401 0.25149864 -0.02472724,1.26642704 0.25611809 -0.04938513,1.26470828 0.25149864 -0.02474387,1.25722814 0.25149855 -0.02484119,1.25200546 0.25611734 -0.049616,1.2958672 0.26393318 -0.07415865,1.24228883 0.25149825 -0.02527723,1.23756814 0.25611556 -0.0501572,1.28889382 0.26393509 -0.07391615,1.23480821 0.25149798 -0.02561692,1.33676946 0.28862098 -0.1222347,1.35503125 0.30485052 -0.1442852,1.31104505 0.3050085 -0.13953154,1.28193045 0.2639364 -0.07374942,1.22731423 0.25149769 -0.02603871,1.22312236 0.25611284 -0.05101084,1.26952338 0.27488098 -0.0968951,1.27497661 0.26393715 -0.07365806,1.26803136 0.26393726 -0.07364172,1.20867407 0.25610918 -0.05217903,1.21240175 0.25149688 -0.02712172,1.26107955 0.26393679 -0.07369962,1.20491719 0.25149643 -0.02778815,1.25411248 0.26393574 -0.07383186,1.24713135 0.26393408 -0.07403906,1.19003153 0.25149533 -0.02935948,1.29102683 0.28870231 -0.11891288,1.29912674 0.30503759 -0.13882369,1.28720117 0.3050577 -0.13835737,1.24013662 0.26393184 -0.07432181,1.32981229 0.32329726 -0.15829249,1.28484488 0.28870887 -0.1187327,1.27848864 0.3050662 -0.13816883,1.17515635 0.25149405 -0.03125944,1.27866793 0.28871346 -0.11861508,1.27415967 0.28871539 -0.11856838,1.26977766 0.30506906 -0.13810824,1.31831062 0.32335064 -0.15720087,1.26965511 0.28871605 -0.11855455,1.26201665 0.28871411 -0.11860532,1.25501156 0.3050608 -0.13829476,1.30679178 0.32339343 -0.15634257,1.30101144 0.32341182 -0.15600079,1.254372 0.28870878 -0.11874975,1.24025667 0.3050375 -0.13884476,1.2474879 0.2887015 -0.11896063,1.29257965 0.32343206 -0.15560618,1.28679216 0.32344353 -0.15540828,1.28256714 0.32344964 -0.15530044,1.2741195 0.32345629 -0.15517759,1.2698921 0.32345736 -0.155163,1.26272368 0.32345432 -0.15520792,1.24841547 0.32343569 -0.15556297,1.24126399 0.32341897 -0.15587242,1.2348268 0.3233999 -0.15622665,1.22699511 0.30500504 -0.1396523,1.22058713 0.32334837 -0.15726969,1.20780098 0.32328844 -0.15851074,1.06112313 0.26291347 -0.10632469,1.05971003 0.26463142 -0.11148342,1.01512599 0.25487405 -0.09592621,1.01286399 0.25713596 -0.10672536,1.04561901 0.26925865 -0.12803724,1.01002431 0.25997567 -0.11822294,1.11558497 0.30442458 -0.15873224,1.04404593 0.27142686 -0.13343473,1.00654328 0.26345676 -0.13044256,1.04208839 0.27380973 -0.13916568,1.03495073 0.27611908 -0.14668322,1.00262034 0.2673797 -0.14264323,1.10146987 0.31236932 -0.17130254,1.03281438 0.27867854 -0.15237381,1.02621388 0.27999228 -0.15767018,0.99688321 0.2731168 -0.15856293,1.10066926 0.3140485 -0.17321174,1.0886904 0.3157109 -0.17882262,1.09968698 0.31581998 -0.17523366,1.02313733 0.28350416 -0.1651091,1.07776785 0.3156001 -0.18265021,1.07128739 0.3174026 -0.18684801,1.01512539 0.28673193 -0.17416853,0.98941058 0.28058943 -0.17712459,1.06298029 0.32157686 -0.19405049,1.05240583 0.3214522 -0.19843116,1.00388801 0.29335868 -0.18985127,1.02777386 0.3080284 -0.19621858,1.01726019 0.30792454 -0.2013806,1.04495716 0.32415241 -0.2042153,1.03460729 0.32402271 -0.20899539,1.48157036 0.2554819 -0.08182745,1.52316964 0.2531696 -0.08608385,1.45674264 0.2591553 -0.08778912,1.45673728 0.251481 -0.05075263,1.43742907 0.25605288 -0.07087256,1.44225252 0.25148323 -0.04679205,1.43879652 0.25148398 -0.04590004,1.43076754 0.25605804 -0.06916582,1.43152773 0.25148502 -0.0440839,1.41672432 0.25606665 -0.06580461,1.40967119 0.25607076 -0.06423976,1.41692424 0.25148705 -0.04069281,1.46874034 0.2733807 -0.12746342,1.42788911 0.27460372 -0.11725004,1.41326034 0.25148752 -0.0398954,1.40976906 0.25148821 -0.03915729,1.40294111 0.2560755 -0.06282639,1.38877738 0.25608298 -0.06008324,1.4024359 0.25148913 -0.03766526,1.43258822 0.26378462 -0.09455379,1.41553509 0.27464262 -0.11413116,1.42938602 0.26379028 -0.09372151,1.38771415 0.25149086 -0.03492291,1.38166916 0.25608647 -0.05882765,1.38402283 0.25149128 -0.03428778,1.42296636 0.26380143 -0.09210712,1.38050282 0.25149187 -0.03370358,1.41621017 0.26381144 -0.09048183,1.40249228 0.27467775 -0.11112831,1.40943325 0.26382118 -0.08893039,1.40603709 0.26382592 -0.08818241,1.39000905 0.27471286 -0.10854135,1.40280092 0.26383108 -0.08748972,1.39631546 0.26384118 -0.08615471,1.38949978 0.26384988 -0.0848236,1.37685525 0.27474311 -0.10609896,1.42348921 0.28828201 -0.13840526,1.38266659 0.26385823 -0.08356649,1.42052138 0.28829712 -0.1376276,1.41379702 0.3044951 -0.15604304,1.37924361 0.26386228 -0.08296572,1.41457129 0.28832683 -0.13611834,1.40227187 0.30457583 -0.15322982,1.37271142 0.26387116 -0.08187637,1.36426556 0.2747733 -0.10404394,1.36944008 0.26387545 -0.08135697,1.408602 0.28835583 -0.1346706,1.40231979 0.28838325 -0.13321486,1.39619708 0.30461395 -0.15184617,1.39917123 0.28839663 -0.13251247,1.39617074 0.28841031 -0.13186151,1.39039898 0.30465177 -0.15059322,1.39015698 0.28843707 -0.13060583,1.37875414 0.3047238 -0.1482655,1.38412714 0.28846294 -0.12941191,1.41613293 0.32264486 -0.17427982,1.37778986 0.28848663 -0.12822343,1.37262666 0.30475667 -0.14713763,1.41335881 0.32267222 -0.1735431,1.37461507 0.2884981 -0.12765472,1.36090982 0.30482066 -0.14517635,1.3685559 0.28852159 -0.12662172,1.4022156 0.32277846 -0.17073902,1.36248279 0.28854406 -0.12565066,1.34076691 0.27481708 -0.10090747,1.35944116 0.28855491 -0.12518838,1.39661682 0.32282954 -0.16942288,1.39367282 0.3228544 -0.16875422,1.39086711 0.32287917 -0.16813387,1.37960315 0.32297432 -0.16579592,1.31711996 0.27485043 -0.098667,1.37394786 0.3230195 -0.16471319,1.370978 0.32304093 -0.16416745,1.36530924 0.32308346 -0.16317415,1.29336011 0.27487212 -0.09732784,1.35393095 0.32316306 -0.1613605,1.35107827 0.32318178 -0.1609432,1.24394441 0.27487078 -0.09742694,1.21848178 0.27484602 -0.09898907,1.21372473 0.26391679 -0.07606764,1.18747652 0.26389453 -0.07888434,1.18144572 0.25609887 -0.05524083,1.1544311 0.25608581 -0.05941552,1.14715838 0.25149059 -0.03573947,1.14766991 0.25608155 -0.06063871,1.14365268 0.25148997 -0.03638406,1.13996911 0.25148952 -0.03708375,1.14057517 0.25607783 -0.0620048,1.1264447 0.2560699 -0.06496931,1.12528467 0.25148767 -0.04008453,1.11974764 0.2560651 -0.06648571,1.11797345 0.25148669 -0.04170597,1.114501 0.251486 -0.04250441,1.11271238 0.25606078 -0.06816274,1.11084735 0.2514855 -0.04336722,1.22291124 0.28866616 -0.12035467,1.19848621 0.28861031 -0.12273373,1.19317627 0.27480817 -0.10157721,1.16806769 0.2747587 -0.10518689,1.16143346 0.26386589 -0.08276713,1.09629095 0.25148335 -0.04702074,1.09871054 0.25605175 -0.07174939,1.15491533 0.26385689 -0.08390958,1.1555146 0.27472752 -0.10738493,1.15166223 0.26385224 -0.08450599,1.0920893 0.25604656 -0.07355963,1.08904874 0.25148225 -0.04896867,1.08561552 0.25148153 -0.04992126,1.14824438 0.26384798 -0.0851533,1.14142275 0.26383913 -0.08650357,1.14237857 0.27469572 -0.10998148,1.13462067 0.26382995 -0.08792799,1.12816381 0.26381963 -0.0893496,1.12994504 0.2746599 -0.11271105,1.12494242 0.26381439 -0.09008554,1.1215533 0.26380941 -0.09088083,1.20336699 0.3049303 -0.1418435,1.1799233 0.30482957 -0.14497955,1.1742512 0.28853619 -0.12609349,1.11479139 0.26379925 -0.09252715,1.11692572 0.27462342 -0.11587135,1.16818547 0.28851351 -0.12709118,1.16820264 0.30476677 -0.14691097,1.10805213 0.26378882 -0.0942477,1.16213477 0.28848985 -0.12815067,1.1623646 0.30473334 -0.14796588,1.10463285 0.27458403 -0.1191335,1.10166764 0.26377755 -0.09594904,1.15911531 0.28847766 -0.12870355,1.09848344 0.26377183 -0.09682481,1.07619488 0.25916073 -0.0898324,1.15594292 0.28846568 -0.12930337,1.15623987 0.30469927 -0.14914244,1.14961183 0.288441 -0.13055415,1.05328131 0.25549793 -0.08350364,1.01683044 0.2531696 -0.08608385,1.14360213 0.28841457 -0.13180539,1.14462888 0.30462602 -0.15155897,1.13760984 0.2883873 -0.1331183,1.13884926 0.30458766 -0.15285625,1.13462043 0.28837338 -0.13379787,1.18504965 0.32316115 -0.16145061,1.13147557 0.28835955 -0.13453205,1.132779 0.30454847 -0.15428996,1.1793555 0.32312238 -0.16233268,1.12520146 0.28833127 -0.13605165,1.11925769 0.28830189 -0.13755688,1.12129664 0.30446684 -0.15719223,1.16801 0.32303938 -0.16426955,1.11333394 0.28827181 -0.13912368,1.16518307 0.32301754 -0.16478969,1.1103797 0.28825653 -0.13993014,1.16221309 0.32299548 -0.16535357,1.15657055 0.32294971 -0.16646886,1.06798768 0.27453586 -0.13071498,1.14533532 0.32285339 -0.16887181,1.14253724 0.32282838 -0.16950838,1.13959372 0.32280299 -0.17019579,1.13401186 0.32275143 -0.17154449,1.12290478 0.32264441 -0.17441383,1.12014019 0.32261688 -0.17516693,1.24009252 -0.59925413 -1,1.21025932 -0.59701848 -1,1.18057466 -0.59329849 -1,1.15111232 -0.58810347 -1,1.12194562 -0.58144635 -1,1.09314692 -0.57334369 -1,1.06478786 -0.56381559 -1,1.03693914 -0.55288571 -1,1.00966978 -0.54058135 -1,0.9830476 -0.52693295 -1,0.9571389 -0.51197451 -1,0.93200797 -0.49574327 -1,0.90771735 -0.4782795 -1,0.88432741 -0.45962667 -1,0.86189634 -0.43983114 -1,0.84047991 -0.41894209 -1,0.8201313 -0.39701149 -1,0.80090111 -0.37409389 -1,0.78283721 -0.35024619 -1,0.76598448 -0.32552776 -1,0.75038475 -0.30000001 -1,0.73607689 -0.2737264 -1,0.72309649 -0.24677226 -1,0.71147573 -0.21920462 -1,0.70124358 -0.19109198 -1,0.69242543 -0.16250429 -1,0.68504328 -0.13351256 -1,0.67911536 -0.1041889 -1,0.67465645 -0.07460622 -1,0.67167771 -0.04483806 -1,0.67018652 -0.01495842 -1,0.67018652 0.01495842 -1,0.67167771 0.04483806 -1,0.67465645 0.07460622 -1,0.67911536 0.1041889 -1,0.68504328 0.13351256 -1,0.69242543 0.16250429 -1,0.70124358 0.19109198 -1,0.71147573 0.21920462 -1,0.72309649 0.24677226 -1,0.73607689 0.2737264 -1,0.75038475 0.30000001 -1,0.76598448 0.32552776 -1,0.78283721 0.35024619 -1,0.80090111 0.37409389 -1,0.8201313 0.39701149 -1,0.84047991 0.41894209 -1,0.86189634 0.43983114 -1,0.88432741 0.45962667 -1,0.90771735 0.4782795 -1,0.93200797 0.49574327 -1,0.9571389 0.51197451 -1,0.9830476 0.52693295 -1,1.00966978 0.54058135 -1,1.03693914 0.55288571 -1,1.06478786 0.56381559 -1,1.09314692 0.57334369 -1,1.12194562 0.58144635 -1,1.15111232 0.58810347 -1,1.18057466 0.59329849 -1,1.21025932 0.59701848 -1,1.24009252 0.59925413 -1,1.01999998 -0.25 -1,1.51999998 -0.25 -1,1.51999998 -0.25 -0.04609067,1.51999998 -0.22855736 -0.03827335,1.51999998 -0.20690759 -0.03118189,1.51999998 -0.17696953 -0.02265069,1.51999998 -0.14673276 -0.01548001,1.51999998 -0.11624897 -0.00966988,1.51999998 -0.08556987 -0.00522036,1.51999998 -0.05474719 -0.00213151,1.51999998 -0.02383263 -0.00040338,1.51999998 0.00712209 -3.6E-05,1.51999998 0.03806526 -0.00102944,1.51999998 0.06894516 -0.00338375,1.51999998 0.09971008 -0.00709898,1.51999998 0.13030832 -0.01217518,1.51999998 0.16068813 -0.01861239,1.51999998 0.19079782 -0.02641068,1.51999998 0.22058569 -0.03557009,1.01999998 0.22855736 -0.03827335,1.01999998 0.20690759 -0.03118189,1.01999998 0.17696953 -0.02265069,1.01999998 0.14673276 -0.01548001,1.01999998 0.11624897 -0.00966988,1.01999998 0.08556987 -0.00522036,1.01999998 0.05474719 -0.00213151,1.01999998 0.02383263 -0.00040338,1.01999998 -0.00712209 -3.6E-05,1.01999998 -0.03806526 -0.00102944,1.01999998 -0.06894516 -0.00338375,1.01999998 -0.09971008 -0.00709898,1.01999998 -0.13030832 -0.01217518,1.01999998 -0.16068813 -0.01861239,1.01999998 -0.19079782 -0.02641068,1.01999998 -0.22058569 -0.03557009,1.01999998 -0.25 -0.04609067,1.5201534 -0.25015336 -0.05476105,1.59239829 -0.32239825 -0.26136467,1.59229088 -0.30458283 -0.24813479,1.57581675 -0.30581674 -0.23042259,1.52060342 -0.25060341 -0.06335577,1.52126706 -0.21821608 -0.05871401,1.52133524 -0.2513352 -0.07187337,1.59240711 -0.29502094 -0.2417198,1.59252632 -0.2853376 -0.23554851,1.58666503 -0.27975044 -0.22615266,1.56534529 -0.29534531 -0.20955776,1.58677936 -0.26973096 -0.22035177,1.58233786 -0.26567283 -0.21335208,1.55783689 -0.28783688 -0.19360948,1.58244789 -0.25538129 -0.20788492,1.57796359 -0.25145468 -0.20089988,1.57393122 -0.24822776 -0.19457708,1.57402837 -0.23752749 -0.18950948,1.57096601 -0.23518324 -0.18472582,1.57105863 -0.2242779 -0.17995431,1.56796896 -0.22201034 -0.17513423,1.56520796 -0.22017035 -0.17077231,1.56320834 -0.2076323 -0.16303618,1.56112182 -0.20640747 -0.15968926,1.56529021 -0.20896707 -0.16633296,1.55910182 -0.19378801 -0.15217189,1.55700517 -0.19272844 -0.14873107,1.56119597 -0.19497117 -0.15555064,1.52122653 0.22464459 -0.06036704,1.55955207 0.1953389 -0.15320589,1.56245399 0.20840473 -0.16214396,1.55678928 0.19394706 -0.14867328,1.56252992 0.19708002 -0.15798293,1.5656538 0.21042606 -0.16722263,1.56557155 0.22155307 -0.17167354,1.56880128 0.22373843 -0.17676874,1.56871331 0.23466194 -0.18151335,1.57297933 0.23776364 -0.18822274,1.58327186 0.26741478 -0.21522385,1.58338308 0.25721043 -0.20972759,1.58316267 0.27751261 -0.22096476,1.59099531 0.28467682 -0.23353432,1.59087777 0.2943753 -0.2396856,1.55805719 -0.2608529 -0.17937544,1.55068791 -0.2806879 -0.1773573,1.54465961 -0.27465957 -0.16256176,1.55414355 -0.25202292 -0.16876544,1.54038572 -0.27038577 -0.15121461,1.55675554 -0.25425151 -0.17404924,1.54916167 -0.24239331 -0.15571903,1.53638029 -0.26638031 -0.13965827,1.55167973 -0.24453256 -0.16111334,1.53308606 -0.26308608 -0.12921433,1.54368937 -0.23248535 -0.14098534,1.53080213 -0.26080218 -0.12127755,1.5452944 -0.23371704 -0.14469162,1.54745543 -0.23551947 -0.14957301,1.52869499 -0.25869501 -0.11325339,1.53751504 -0.2224561 -0.12340055,1.52677953 -0.25677958 -0.10514334,1.53901112 -0.22338994 -0.12725887,1.54052889 -0.22445026 -0.13106777,1.54206634 -0.22562928 -0.13483137,1.5446049 -0.15767792 -0.11719523,1.52922285 -0.18670566 -0.08800267,1.53304935 -0.20507997 -0.10555564,1.59399152 -0.23859297 -0.21067731,1.59185624 -0.23170616 -0.20538773,1.59198248 -0.22123949 -0.20068145,1.59034693 -0.21470112 -0.1963096,1.59046996 -0.20404162 -0.19198132,1.58720672 -0.19641215 -0.1859297,1.58482683 -0.18960512 -0.18108368,1.52149498 -0.08426744 -0.02993254,1.52609074 -0.10473329 -0.057684,1.52611101 -0.0541176 -0.05158477,1.52149606 -0.06938472 -0.02825058,1.58493662 -0.17860895 -0.17729796,1.58251488 -0.16625646 -0.17087692,1.52149701 -0.05448952 -0.02689676,1.58379066 -0.16686802 -0.17232469,1.5850445 -0.16754064 -0.17375121,1.52611423 -0.03969049 -0.05056306,1.52149749 -0.04701048 -0.0263406,1.57445633 -0.14923693 -0.15746106,1.52149808 -0.03209052 -0.02547682,1.52611649 -0.02526358 -0.04985657,1.53390098 -0.07491136 -0.0780037,1.52149832 -0.02460429 -0.02516641,1.5261178 -0.01084126 -0.04946421,1.52149844 -0.01712713 -0.02493825,1.52149868 -0.00218397 -0.02472719,1.52611804 0.00357298 -0.04938503,1.52149868 0.00529167 -0.02474381,1.52149856 0.01277185 -0.02484113,1.52611732 0.01799449 -0.0496159,1.53393316 -0.02586716 -0.0741585,1.5214982 0.02771118 -0.02527717,1.52611554 0.03243188 -0.0501571,1.53393507 -0.01889381 -0.073916,1.52149796 0.03519182 -0.02561687,1.558622 -0.06649926 -0.12220522,1.57485294 -0.08464206 -0.14422891,1.57500947 -0.04078229 -0.13951357,1.53393638 -0.0119304 -0.07374927,1.52611279 0.04687764 -0.05101073,1.52149773 0.04268581 -0.02603865,1.54488087 0.00047665 -0.0968949,1.5339371 -0.00497656 -0.07365791,1.53393722 0.00196869 -0.07364157,1.52149689 0.05759823 -0.02712166,1.52610922 0.06132595 -0.05217893,1.53393674 0.00892042 -0.07369947,1.52149642 0.06508277 -0.0277881,1.53393567 0.01588752 -0.07383171,1.533934 0.02286867 -0.07403891,1.52149534 0.07996843 -0.02935943,1.57503831 -0.02884432 -0.13880999,1.55870247 -0.02089047 -0.11890829,1.5750581 -0.01690075 -0.13834876,1.53393173 0.02986343 -0.07432166,1.59329975 -0.05943213 -0.15825304,1.55870903 -0.01469852 -0.11872918,1.52149403 0.09484371 -0.03125939,1.55871344 -0.00851247 -0.11861284,1.575068 -0.00495786 -0.1381288,1.59335268 -0.04791081 -0.15716746,1.5587157 -0.00233357 -0.1185587,1.57506716 0.00698797 -0.13814867,1.55871558 0.00384347 -0.11856614,1.59339499 -0.03637402 -0.15631604,1.55871296 0.01002064 -0.11863454,1.59341323 -0.03058389 -0.15597796,1.55870819 0.01620275 -0.11876436,1.57505596 0.01892313 -0.13840574,1.59342825 -0.02479673 -0.15569858,1.55870163 0.02238829 -0.11895615,1.57503521 0.03085151 -0.13890091,1.59344852 -0.01322484 -0.15531492,1.5934546 -0.0074308 -0.15521103,1.59345675 -0.001636 -0.15516496,1.59345269 0.00995265 -0.15524791,1.59344542 0.01574231 -0.15537533,1.59343481 0.02153518 -0.1555603,1.59340715 0.03307808 -0.15610404,1.57500589 0.04276667 -0.13963531,1.59338832 0.03885631 -0.15646258,1.59334457 0.05036661 -0.15735245,1.59329057 0.06185461 -0.15847374,1.53463185 0.21013528 -0.11142925,1.5329138 0.2087207 -0.10627084,1.5392592 0.22423087 -0.1279794,1.57442832 0.15398733 -0.15861526,1.54142749 0.22580537 -0.13337649,1.54381049 0.22776447 -0.13910696,1.58237374 0.1681134 -0.1711746,1.54611981 0.23489453 -0.1466185,1.54867935 0.23703261 -0.15230851,1.54999328 0.24362518 -0.15759872,1.58571577 0.18088116 -0.17867845,1.58405304 0.16891554 -0.1730832,1.58582461 0.1698996 -0.17510435,1.55350518 0.24670404 -0.16503672,1.58560526 0.19178911 -0.18249038,1.55488408 0.25325334 -0.17041826,1.58740807 0.19826463 -0.18667915,1.58919251 0.20481683 -0.19095705,1.58907223 0.21544494 -0.19528379,1.5633601 0.2659432 -0.1897635,1.57792807 0.25241029 -0.20121466,1.5780319 0.24191059 -0.19606856,1.5913955 0.22237141 -0.20050085,1.59415889 0.22457696 -0.20400721,1.59402931 0.23491459 -0.20876886,1.52233374 -0.2523337 -0.0803124,1.52662027 -0.22822861 -0.09262399,1.52358389 -0.25358394 -0.08867138,1.52507091 -0.25507089 -0.09694885,1.52558601 -0.211649 -0.08231221,1.52605307 -0.16731508 -0.07084316,1.52148104 -0.1866785 -0.0507361,1.5214833 -0.17219333 -0.04677683,1.52148402 -0.16873148 -0.04588365,1.5260582 -0.16064212 -0.06913481,1.5260669 -0.14659819 -0.06577636,1.52148509 -0.16146253 -0.04406823,1.52607095 -0.13954471 -0.06421289,1.52148712 -0.14685869 -0.04067859,1.54359412 -0.19870779 -0.1278761,1.52148759 -0.14319462 -0.03988153,1.52607572 -0.13280335 -0.06279855,1.52148819 -0.13969763 -0.03914256,1.52608311 -0.11863898 -0.06005841,1.52148914 -0.13236429 -0.03765131,1.5337851 -0.16242361 -0.09451123,1.52149093 -0.11764222 -0.03491053,1.52608657 -0.1115304 -0.05880434,1.53379083 -0.15921584 -0.09367842,1.54464376 -0.14530212 -0.11407574,1.52149129 -0.11395079 -0.0342758,1.53380191 -0.15278511 -0.09206315,1.52149189 -0.11042521 -0.03369103,1.53381193 -0.14602838 -0.09043985,1.54467881 -0.13225798 -0.11107796,1.5338217 -0.13925081 -0.0888904,1.53382647 -0.13585447 -0.08814342,1.5338316 -0.13261274 -0.08745054,1.54471385 -0.1197532 -0.10849176,1.53384161 -0.12611632 -0.08611531,1.53385031 -0.11930015 -0.08478636,1.54474413 -0.10659812 -0.10605489,1.55828393 -0.15323496 -0.13833894,1.53385866 -0.11246642 -0.08353142,1.55829906 -0.15026188 -0.13756131,1.57449818 -0.14349209 -0.15596628,1.53386271 -0.10904323 -0.08293173,1.53386724 -0.1057736 -0.08237877,1.54477417 -0.09398749 -0.10400197,1.55832875 -0.14430103 -0.13605225,1.57457888 -0.13194588 -0.15315485,1.53387582 -0.09922361 -0.08132356,1.55835772 -0.13832115 -0.13460493,1.55838513 -0.13203795 -0.13315223,1.57461691 -0.12587017 -0.15177472,1.55839849 -0.12888901 -0.13245136,1.5746547 -0.12006174 -0.1505231,1.55841219 -0.12588324 -0.13180079,1.57472658 -0.10839617 -0.14819862,1.5584389 -0.11985905 -0.13054605,1.55846477 -0.11381856 -0.12935324,1.59264934 -0.14580031 -0.17419167,1.57475936 -0.10226769 -0.14707457,1.55848837 -0.10748058 -0.12816808,1.59267664 -0.14302109 -0.17345545,1.55849981 -0.10430537 -0.12760103,1.57479191 -0.09640612 -0.1460662,1.55851161 -0.1012724 -0.12707753,1.5585345 -0.09519588 -0.12607712,1.59278286 -0.13185714 -0.17065385,1.54481757 -0.07055692 -0.10088389,1.55855644 -0.08910579 -0.12513886,1.59283388 -0.126248 -0.16933922,1.59285867 -0.12330341 -0.16867255,1.59288347 -0.12049255 -0.16805308,1.59297848 -0.10920831 -0.16571912,1.54485071 -0.04697914 -0.09865655,1.59302354 -0.10354275 -0.16463867,1.59304488 -0.10057232 -0.16409509,1.59306633 -0.09773477 -0.1635925,1.54487216 -0.0232894 -0.0973252,1.59314752 -0.08634999 -0.16172665,1.59318519 -0.08063789 -0.16088061,1.54487073 0.02599151 -0.09742425,1.54484618 0.05139061 -0.09897874,1.53391683 0.05620916 -0.0760619,1.53389478 0.08239206 -0.07886766,1.52609885 0.08848617 -0.05523178,1.52608597 0.11543372 -0.05939196,1.52149057 0.12277155 -0.03572686,1.52608168 0.12218364 -0.06061163,1.52148998 0.12627134 -0.03636999,1.52607799 0.12927881 -0.06197612,1.5214895 0.12995496 -0.03706925,1.52148771 0.14463989 -0.04006837,1.52607 0.14341004 -0.06493744,1.52148676 0.15195127 -0.04168899,1.52606523 0.15009613 -0.06644973,1.52148604 0.15541801 -0.04248567,1.52606094 0.15713188 -0.06812504,1.52148557 0.15907168 -0.04334804,1.55866659 0.04690401 -0.12034063,1.55861115 0.07126921 -0.12270521,1.54480863 0.07663371 -0.1015541,1.54475939 0.10168104 -0.1051459,1.53386617 0.10837111 -0.08273418,1.52148342 0.17362863 -0.04699976,1.52605188 0.17113476 -0.07170825,1.5447284 0.11421382 -0.10733488,1.53385723 0.11487854 -0.08387263,1.5338527 0.11812627 -0.08446696,1.52148223 0.1808711 -0.04894679,1.52604675 0.17774539 -0.07351378,1.5338484 0.1215444 -0.08511312,1.52148163 0.18429875 -0.04989736,1.54469669 0.1273514 -0.10992558,1.53383958 0.12836654 -0.0864611,1.5338304 0.13516924 -0.08788323,1.54466093 0.13976543 -0.1126448,1.53382015 0.14161579 -0.08930022,1.53381491 0.14483206 -0.09003377,1.5338099 0.14822154 -0.09082783,1.57493174 0.06633728 -0.14181043,1.5748316 0.08972488 -0.14492573,1.55853748 0.09544566 -0.12604563,1.54462457 0.15278673 -0.11579879,1.53379977 0.15498412 -0.09247167,1.55851495 0.10150167 -0.12703851,1.57476926 0.10142714 -0.14684656,1.5337894 0.16172418 -0.09418976,1.55849147 0.10754275 -0.12809297,1.574736 0.10725603 -0.14789587,1.54458523 0.16506077 -0.11904929,1.53377807 0.16809872 -0.09588586,1.55847931 0.1105575 -0.12864326,1.52916098 0.19364442 -0.08978245,1.53377235 0.17127796 -0.09675892,1.55846739 0.11373029 -0.12924132,1.57470202 0.11338191 -0.14906839,1.55844271 0.12006229 -0.1304886,1.52549803 0.21663757 -0.08347554,1.57462907 0.12497544 -0.15147294,1.55841637 0.12606281 -0.13173436,1.5745908 0.13074641 -0.15276395,1.55838919 0.13204591 -0.13304158,1.55837536 0.13503073 -0.13371821,1.59316421 0.08455202 -0.16139147,1.55836153 0.1381762 -0.13445051,1.5745517 0.13681808 -0.15419328,1.5931257 0.09023736 -0.16226798,1.55833328 0.14445142 -0.13596633,1.55830407 0.15038638 -0.1374654,1.5744704 0.14828382 -0.15708223,1.59304309 0.10156538 -0.16419315,1.55827403 0.15630144 -0.13902582,1.59302139 0.10438809 -0.16471025,1.55825877 0.15925132 -0.13982904,1.59299946 0.10735866 -0.16527182,1.5929538 0.11299281 -0.16638085,1.54453683 0.20178789 -0.13063733,1.59285796 0.12421166 -0.16877069,1.59283316 0.12700568 -0.16940387,1.59280777 0.12994996 -0.1700888,1.59275639 0.13552392 -0.17143053,1.59264982 0.14661561 -0.17428534,1.5926224 0.14937642 -0.1750347,1.04144263 -0.25 -0.03827335,1.06309247 -0.25 -0.03118189,1.09303045 -0.25 -0.02265069,1.12326729 -0.25 -0.01548001,1.15375102 -0.25 -0.00966988,1.18443012 -0.25 -0.00522036,1.21525276 -0.25 -0.00213151,1.24616742 -0.25 -0.00040338,1.27712214 -0.25 -3.6E-05,1.3080653 -0.25 -0.00102944,1.33894515 -0.25 -0.00338375,1.36971009 -0.25 -0.00709898,1.40030825 -0.25 -0.01217518,1.43068814 -0.25 -0.01861239,1.46079779 -0.25 -0.02641068,1.49058568 -0.25 -0.03557009,0.9476018 -0.32239825 -0.26136467,1.01878154 0.21806996 -0.05820619,0.94913214 0.29356524 -0.23920995,0.94901484 0.28382331 -0.23307297,0.95685852 0.276631 -0.22052029,0.95674944 0.26648128 -0.21479064,0.95663804 0.25622281 -0.20930539,0.97132486 0.23356006 -0.18111667,0.97123641 0.22257316 -0.17637958,0.97446895 0.22037615 -0.17128579,0.96705461 0.2366766 -0.18782267,0.9743861 0.20918439 -0.16684216,0.97758812 0.20715111 -0.16176395,0.98049116 0.1940084 -0.15283288,0.98056215 0.20550554 -0.15695329,0.98325509 0.19260597 -0.14829947,1.0187248 -0.2247854 -0.06087584,1.01984668 -0.25015336 -0.05476105,1.01939654 -0.25060341 -0.06335577,1.01866484 -0.2513352 -0.07187337,1.01766634 -0.2523337 -0.0803124,0.98085481 -0.1951201 -0.15254496,0.97883534 -0.20766585 -0.16006926,0.98295051 -0.19406857 -0.14910474,0.97876179 -0.19629517 -0.15592346,0.97675002 -0.20888299 -0.16341625,0.97466969 -0.21020998 -0.16671336,0.97475135 -0.22134842 -0.17115995,0.97199255 -0.22317852 -0.17552298,0.96890581 -0.22543459 -0.18034478,0.96899801 -0.2362773 -0.18512422,0.96593893 -0.23861058 -0.18991055,0.96190423 -0.24196601 -0.19616719,0.96200812 -0.25246346 -0.20131446,0.98216313 -0.28783688 -0.19360948,0.95763958 -0.26660964 -0.21378368,0.97465467 -0.29534531 -0.20955776,0.95320439 -0.2706506 -0.22079135,0.95752984 -0.25637272 -0.20830578,0.95331877 -0.28062052 -0.22660463,0.96418327 -0.30581674 -0.23042259,0.94746566 -0.28618443 -0.2360132,0.94758511 -0.2958256 -0.24219935,0.94770187 -0.3053486 -0.24862957,0.9766832 0.26541945 -0.18955743,0.96199608 0.24084286 -0.19566345,0.96210021 0.25140128 -0.20080017,0.98874199 0.2497092 -0.16278815,0.98516583 0.2526851 -0.17021434,0.9900589 0.24301697 -0.15739292,0.99757141 0.23164158 -0.13804178,0.99513751 0.23352671 -0.14376499,0.99263048 0.23569047 -0.14948694,1.00276065 0.22229601 -0.12267671,1.00079226 0.22353423 -0.12776318,0.99862462 0.22511491 -0.13316208,1.00711024 0.20495336 -0.10506657,0.94597781 0.23340778 -0.20817617,0.94584781 0.22300518 -0.20343268,0.94861507 0.22078621 -0.19993132,0.95094115 0.21381618 -0.19472696,0.95082045 0.2031206 -0.19041768,0.95260668 0.19652678 -0.18615095,1.0185051 0.08426744 -0.02993254,1.01390922 0.10473329 -0.057684,1.01388896 0.0541176 -0.05158477,0.95249099 0.18564855 -0.18221915,1.0185039 0.06938472 -0.02825058,0.9560703 0.17808834 -0.17613925,0.957645 0.16618499 -0.17069566,1.01850295 0.05448952 -0.02689676,0.95596415 0.16699401 -0.17260337,1.01850259 0.04701048 -0.0263406,1.01388574 0.03969049 -0.05056306,0.96554369 0.14923693 -0.15746106,1.01850188 0.03209052 -0.02547682,1.01388347 0.02526358 -0.04985657,1.0060991 0.07491136 -0.0780037,1.01850164 0.02460429 -0.02516641,1.01850152 0.01712713 -0.02493825,1.01388216 0.01084126 -0.04946421,1.0185014 0.00218397 -0.02472719,1.01388192 -0.00357298 -0.04938503,1.0185014 -0.00529167 -0.02474381,1.01388264 -0.01799449 -0.0496159,1.0185014 -0.01277185 -0.02484113,1.00606692 0.02586716 -0.0741585,1.01850176 -0.02771118 -0.02527717,1.01388443 -0.03243188 -0.0501571,1.00606501 0.01889381 -0.073916,1.018502 -0.03519182 -0.02561687,0.98137802 0.06649926 -0.12220522,0.96514708 0.08464206 -0.14422891,0.9649905 0.04078229 -0.13951357,1.0060637 0.0119304 -0.07374927,1.01388717 -0.04687764 -0.05101073,1.01850235 -0.04268581 -0.02603865,1.00606298 0.00497656 -0.07365791,0.99511909 -0.00047665 -0.0968949,1.00606275 -0.00196869 -0.07364157,1.01850307 -0.05759823 -0.02712166,1.01389086 -0.06132595 -0.05217893,1.00606322 -0.00892042 -0.07369947,1.01850355 -0.06508277 -0.0277881,1.0060643 -0.01588752 -0.07383171,1.00606596 -0.02286867 -0.07403891,1.01850462 -0.07996843 -0.02935943,0.98129749 0.02089047 -0.11890829,0.96496171 0.02884432 -0.13880999,0.96494192 0.01690075 -0.13834876,1.00606823 -0.02986343 -0.07432166,0.94670033 0.05943213 -0.15825304,0.981291 0.01469852 -0.11872918,1.01850593 -0.09484371 -0.03125939,0.98128653 0.00851247 -0.11861284,0.96493202 0.00495786 -0.1381288,0.94664735 0.04791081 -0.15716746,0.98128426 0.00233357 -0.1185587,0.9649328 -0.00698797 -0.13814867,0.9812845 -0.00384347 -0.11856614,0.94660497 0.03637402 -0.15631604,0.98128706 -0.01002064 -0.11863454,0.94658679 0.03058389 -0.15597796,0.96494401 -0.01892313 -0.13840574,0.98129177 -0.01620275 -0.11876436,0.94657183 0.02479673 -0.15569858,0.96496475 -0.03085151 -0.13890091,0.98129833 -0.02238829 -0.11895615,0.9465515 0.01322484 -0.15531492,0.94654542 0.0074308 -0.15521103,0.94654322 0.001636 -0.15516496,0.94654733 -0.00995265 -0.15524791,0.94655454 -0.01574231 -0.15537533,0.94656527 -0.02153518 -0.1555603,0.94659281 -0.03307808 -0.15610404,0.96499413 -0.04276667 -0.13963531,0.94661164 -0.03885631 -0.15646258,0.94665545 -0.05036661 -0.15735245,0.94670945 -0.06185461 -0.15847374,1.01492906 -0.25507089 -0.09694885,1.00562441 -0.2099129 -0.11067472,1.01322043 -0.25677958 -0.10514334,1.00692666 -0.20884418 -0.10676023,1.00093758 -0.22408718 -0.12747522,1.01130497 -0.25869501 -0.11325339,1.00919783 -0.26080218 -0.12127755,0.9655717 -0.15398733 -0.15861526,0.99941921 -0.22514316 -0.13128287,0.9962579 -0.23313881 -0.1411958,0.99788147 -0.22631782 -0.1350452,1.0069139 -0.26308608 -0.12921433,1.00361967 -0.26638031 -0.13965827,0.99465275 -0.23436639 -0.14490114,0.95746654 -0.16818422 -0.17135592,0.99249214 -0.23616312 -0.14978141,0.99078596 -0.24300331 -0.15592502,0.99961424 -0.27038577 -0.15121461,0.95504671 -0.18045929 -0.17779696,0.95619202 -0.16879058 -0.17280436,0.95493925 -0.16945797 -0.17423175,0.98826897 -0.24513645 -0.1613187,0.95515597 -0.19138721 -0.18160035,0.98580611 -0.25259292 -0.16896938,0.99534041 -0.27465957 -0.16256176,0.95277828 -0.19815078 -0.18645771,0.98319578 -0.25481588 -0.17425343,0.98931211 -0.2806879 -0.1773573,0.9495188 -0.20573199 -0.19252248,0.94964135 -0.21632427 -0.19686835,0.97655421 -0.26601958 -0.18992631,0.9480077 -0.22282195 -0.20125201,0.94580662 -0.22460644 -0.20405152,0.9459362 -0.23494305 -0.2088138,1.01084447 0.1866318 -0.08775631,1.01451802 0.21151443 -0.08180875,1.01851892 0.1866785 -0.0507361,1.01394689 0.16731508 -0.07084316,1.01851666 0.17219333 -0.04677683,1.01394176 0.16064212 -0.06913481,1.01851594 0.16873148 -0.04588365,1.01851499 0.16146253 -0.04406823,1.01393318 0.14659819 -0.06577636,1.01392901 0.13954471 -0.06421289,1.01851296 0.14685869 -0.04067859,0.99661845 0.19858521 -0.12741131,0.99539518 0.15767792 -0.11719523,1.01851249 0.14319462 -0.03988153,1.01851177 0.13969763 -0.03914256,1.01392436 0.13280335 -0.06279855,1.01391685 0.11863898 -0.06005841,1.01851082 0.13236429 -0.03765131,1.00621486 0.16242361 -0.09451123,1.01391339 0.1115304 -0.05880434,1.01850915 0.11764222 -0.03491053,1.00620914 0.15921584 -0.09367842,0.99535626 0.14530212 -0.11407574,1.01850867 0.11395079 -0.0342758,1.00619805 0.15278511 -0.09206315,1.01850808 0.11042521 -0.03369103,1.00618804 0.14602838 -0.09043985,0.99532115 0.13225798 -0.11107796,1.00617826 0.13925081 -0.0888904,1.00617361 0.13585447 -0.08814342,1.00616837 0.13261274 -0.08745054,0.99528611 0.1197532 -0.10849176,1.00615835 0.12611632 -0.08611531,1.00614965 0.11930015 -0.08478636,0.99525595 0.10659812 -0.10605489,0.98171604 0.15323496 -0.13833894,1.0061413 0.11246642 -0.08353142,0.9817009 0.15026188 -0.13756131,0.96550184 0.14349209 -0.15596628,1.00613725 0.10904323 -0.08293173,0.99522585 0.09398749 -0.10400197,1.00613284 0.1057736 -0.08237877,0.98167121 0.14430103 -0.13605225,0.96542114 0.13194588 -0.15315485,1.00612414 0.09922361 -0.08132356,0.98164225 0.13832115 -0.13460493,0.98161489 0.13203795 -0.13315223,0.96538305 0.12587017 -0.15177472,0.98160148 0.12888901 -0.13245136,0.96534532 0.12006174 -0.1505231,0.98158783 0.12588324 -0.13180079,0.96527344 0.10839617 -0.14819862,0.98156112 0.11985905 -0.13054605,0.98153526 0.11381856 -0.12935324,0.94735068 0.14580031 -0.17419167,0.9652406 0.10226769 -0.14707457,0.98151165 0.10748058 -0.12816808,0.94732332 0.14302109 -0.17345545,0.98150021 0.10430537 -0.12760103,0.98148835 0.1012724 -0.12707753,0.96520805 0.09640612 -0.1460662,0.98146546 0.09519588 -0.12607712,0.94721711 0.13185714 -0.17065385,0.99518239 0.07055692 -0.10088389,0.98144358 0.08910579 -0.12513886,0.94716609 0.126248 -0.16933922,0.94714129 0.12330341 -0.16867255,0.94711655 0.12049255 -0.16805308,0.94702154 0.10920831 -0.16571912,0.99514931 0.04697914 -0.09865655,0.94697648 0.10354275 -0.16463867,0.94695508 0.10057232 -0.16409509,0.94693369 0.09773477 -0.1635925,0.99512786 0.0232894 -0.0973252,0.94685251 0.08634999 -0.16172665,0.94681478 0.08063789 -0.16088061,0.99512923 -0.02599151 -0.09742425,0.99515378 -0.05139061 -0.09897874,1.00608313 -0.05620916 -0.0760619,1.0061053 -0.08239206 -0.07886766,1.01390111 -0.08848617 -0.05523178,1.01391411 -0.11543372 -0.05939196,1.01850939 -0.12277155 -0.03572686,1.01391828 -0.12218364 -0.06061163,1.01850998 -0.12627134 -0.03636999,1.01851046 -0.12995496 -0.03706925,1.01392198 -0.12927881 -0.06197612,1.01851225 -0.14463989 -0.04006837,1.01392996 -0.14341004 -0.06493744,1.01851332 -0.15195127 -0.04168899,1.01393473 -0.15009613 -0.06644973,1.01851392 -0.15541801 -0.04248567,1.01393902 -0.15713188 -0.06812504,1.01851451 -0.15907168 -0.04334804,0.98133337 -0.04690401 -0.12034063,0.98138881 -0.07126921 -0.12270521,0.9951914 -0.07663371 -0.1015541,0.99524057 -0.10168104 -0.1051459,1.00613379 -0.10837111 -0.08273418,1.01851666 -0.17362863 -0.04699976,1.01394808 -0.17113476 -0.07170825,1.00614274 -0.11487854 -0.08387263,0.99527156 -0.11421382 -0.10733488,1.00614738 -0.11812627 -0.08446696,1.01851773 -0.1808711 -0.04894679,1.01395321 -0.17774539 -0.07351378,1.00615168 -0.1215444 -0.08511312,1.01851845 -0.18429875 -0.04989736,1.0061605 -0.12836654 -0.0864611,0.99530333 -0.1273514 -0.10992558,1.00616968 -0.13516924 -0.08788323,0.99533904 -0.13976543 -0.1126448,1.00617993 -0.14161579 -0.08930022,1.00618517 -0.14483206 -0.09003377,1.00619006 -0.14822154 -0.09082783,0.96506828 -0.06633728 -0.14181043,0.96516836 -0.08972488 -0.14492573,0.98146248 -0.09544566 -0.12604563,0.99537545 -0.15278673 -0.11579879,1.00620019 -0.15498412 -0.09247167,0.98148507 -0.10150167 -0.12703851,0.96523076 -0.10142714 -0.14684656,1.00621068 -0.16172418 -0.09418976,0.98150855 -0.10754275 -0.12809297,0.96526408 -0.10725603 -0.14789587,1.00622189 -0.16809872 -0.09588586,0.99541473 -0.16506077 -0.11904929,0.98152071 -0.1105575 -0.12864326,1.00622761 -0.17127796 -0.09675892,1.01077175 -0.19371542 -0.09002932,0.98153263 -0.11373029 -0.12924132,0.96529806 -0.11338191 -0.14906839,0.98155731 -0.12006229 -0.1304886,1.01439798 -0.21676789 -0.08397961,1.01641607 -0.25358394 -0.08867138,0.9815836 -0.12606281 -0.13173436,0.96537095 -0.12497544 -0.15147294,0.98161077 -0.13204591 -0.13304158,0.96540916 -0.13074641 -0.15276395,0.98162466 -0.13503073 -0.13371821,0.94683582 -0.08455202 -0.16139147,0.98163843 -0.1381762 -0.13445051,0.96544826 -0.13681808 -0.15419328,0.94687432 -0.09023736 -0.16226798,0.98166668 -0.14445142 -0.13596633,0.96552956 -0.14828382 -0.15708223,0.98169595 -0.15038638 -0.1374654,0.94695687 -0.10156538 -0.16419315,0.98172593 -0.15630144 -0.13902582,0.94697857 -0.10438809 -0.16471025,0.98174119 -0.15925132 -0.13982904,0.94700056 -0.10735866 -0.16527182,0.94704616 -0.11299281 -0.16638085,0.9955197 -0.20173794 -0.13050982,0.947142 -0.12421166 -0.16877069,0.94716686 -0.12700568 -0.16940387,0.94719219 -0.12994996 -0.1700888,0.94724357 -0.13552392 -0.17143053,0.9473502 -0.14661561 -0.17428534,0.94737762 -0.14937642 -0.1750347,0.9653852 -0.3222903 -0.24815661,1.05178392 -0.25126708 -0.05871401,0.97493029 -0.32240623 -0.24175145,0.98459625 -0.32252505 -0.23558922,0.99018192 -0.31666383 -0.22619247,1.00018322 -0.31677783 -0.22039963,1.00423992 -0.31233647 -0.21339916,1.01451266 -0.31244612 -0.20793907,1.01843762 -0.30796197 -0.20095316,1.02166307 -0.30392963 -0.19462962,1.03234375 -0.30402654 -0.18956797,1.03468668 -0.30096427 -0.18478371,1.04557204 -0.30105674 -0.18001722,1.04783809 -0.29796714 -0.1751965,1.04967678 -0.29520619 -0.17083405,1.06219327 -0.29320657 -0.16310148,1.06341684 -0.29112005 -0.15975419,1.06085956 -0.29528829 -0.16639869,1.0760144 -0.28910014 -0.15223941,1.07707262 -0.28700355 -0.14879823,1.07483256 -0.29119411 -0.15561858,1.49478543 -0.25127518 -0.06087584,1.46658075 -0.29123607 -0.15602371,1.47796798 -0.29116237 -0.16018276,1.46540749 -0.28914315 -0.15264463,1.46435785 -0.28704751 -0.1492039,1.47918308 -0.29324755 -0.16353041,1.48050809 -0.29532775 -0.16682823,1.49166226 -0.29524598 -0.17128892,1.49348962 -0.2980046 -0.17565304,1.49574268 -0.30109119 -0.18047617,1.50660026 -0.3009989 -0.18527061,1.50893033 -0.30405784 -0.19005843,1.51228154 -0.30809227 -0.19631724,1.52279294 -0.30798829 -0.20148045,1.53694737 -0.31235653 -0.21396925,1.54098296 -0.3167915 -0.22097996,1.52669728 -0.31246632 -0.20847449,1.55096531 -0.31667709 -0.22681104,1.55652177 -0.32252994 -0.23622413,1.56617451 -0.32241043 -0.24242908,1.00909078 -0.28805655 -0.17940314,1.01791 -0.28414288 -0.16879661,1.0156821 -0.28675485 -0.1740807,1.02752805 -0.27916104 -0.15575323,1.02538967 -0.281679 -0.16114785,1.03742385 -0.27368873 -0.14102221,1.03619277 -0.27529386 -0.14472868,1.03439116 -0.27745482 -0.14961036,1.04743993 -0.26751462 -0.1234397,1.04650676 -0.2690106 -0.12729816,1.04544723 -0.27052835 -0.13110724,1.04426885 -0.27206573 -0.13487104,1.11211097 -0.27460372 -0.11725004,1.08318353 -0.25922257 -0.08803549,1.06481266 -0.26304895 -0.10559171,1.03124881 -0.32398856 -0.21075293,1.0381248 -0.32185322 -0.20546512,1.04857171 -0.32197919 -0.20076293,1.05509925 -0.32034352 -0.1963923,1.06573856 -0.32046631 -0.19206686,1.07335591 -0.31720322 -0.18601531,1.08015144 -0.31482336 -0.18116947,1.1857326 -0.25149497 -0.02993259,1.16511703 -0.25609061 -0.05770767,1.21588242 -0.25611109 -0.05158488,1.20061529 -0.25149611 -0.02825063,1.09112692 -0.31493294 -0.17738479,1.10345709 -0.31251132 -0.1709633,1.10284638 -0.31378698 -0.17241138,1.21551049 -0.25149706 -0.02689681,1.10217452 -0.31504083 -0.17383827,1.23030949 -0.2561143 -0.05056316,1.22298956 -0.25149748 -0.02634065,1.12046862 -0.30445322 -0.1575384,1.24473643 -0.25611657 -0.04985667,1.23790944 -0.2514981 -0.02547688,1.19494331 -0.2639007 -0.0780205,1.24539566 -0.25149831 -0.02516646,1.25287282 -0.25149849 -0.0249383,1.25915873 -0.25611785 -0.04946432,1.26781607 -0.25149864 -0.02472724,1.27357292 -0.25611809 -0.04938513,1.27529168 -0.25149864 -0.02474387,1.2879945 -0.25611734 -0.049616,1.28277183 -0.25149855 -0.02484119,1.24413288 -0.26393318 -0.07415865,1.29771113 -0.25149825 -0.02527723,1.30243182 -0.25611556 -0.0501572,1.25110614 -0.26393509 -0.07391615,1.30519187 -0.25149798 -0.02561692,1.2032305 -0.28862098 -0.1222347,1.18496883 -0.30485052 -0.1442852,1.22895491 -0.3050085 -0.13953154,1.25806963 -0.2639364 -0.07374942,1.31268585 -0.25149769 -0.02603871,1.3168776 -0.25611284 -0.05101084,1.26502347 -0.26393715 -0.07365806,1.2704767 -0.27488098 -0.0968951,1.27196872 -0.26393726 -0.07364172,1.32759821 -0.25149688 -0.02712172,1.33132589 -0.25610918 -0.05217903,1.27892041 -0.26393679 -0.07369962,1.33508277 -0.25149643 -0.02778815,1.28588748 -0.26393574 -0.07383186,1.29286861 -0.26393408 -0.07403906,1.34996843 -0.25149533 -0.02935948,1.24897313 -0.28870231 -0.11891288,1.24087322 -0.30503759 -0.13882369,1.2527988 -0.3050577 -0.13835737,1.29986346 -0.26393184 -0.07432181,1.21018767 -0.32329726 -0.15829249,1.25515509 -0.28870887 -0.1187327,1.26151133 -0.3050662 -0.13816883,1.36484373 -0.25149405 -0.03125944,1.26133204 -0.28871346 -0.11861508,1.26584029 -0.28871539 -0.11856838,1.27022243 -0.30506906 -0.13810824,1.22168934 -0.32335064 -0.15720087,1.27034497 -0.28871605 -0.11855455,1.27798331 -0.28871411 -0.11860532,1.2849884 -0.3050608 -0.13829476,1.23320818 -0.32339343 -0.15634257,1.23898852 -0.32341182 -0.15600079,1.28562796 -0.28870878 -0.11874975,1.29974329 -0.3050375 -0.13884476,1.29251206 -0.2887015 -0.11896063,1.24742031 -0.32343206 -0.15560618,1.2532078 -0.32344353 -0.15540828,1.25743282 -0.32344964 -0.15530044,1.26588058 -0.32345629 -0.15517759,1.27010787 -0.32345736 -0.155163,1.2772764 -0.32345432 -0.15520792,1.29158449 -0.32343569 -0.15556297,1.29873598 -0.32341897 -0.15587242,1.30517316 -0.3233999 -0.15622665,1.31300485 -0.30500504 -0.1396523,1.31941295 -0.32334837 -0.15726969,1.33219898 -0.32328844 -0.15851074,1.47900021 -0.26307294 -0.1068141,1.48006785 -0.26437512 -0.11072884,1.49423742 -0.26906192 -0.12753303,1.42441499 -0.30442458 -0.15873224,1.49529243 -0.2705802 -0.13134094,1.50329518 -0.27374136 -0.14126004,1.49646604 -0.27211788 -0.13510355,1.50452161 -0.27534646 -0.14496572,1.43860078 -0.31252903 -0.1714839,1.5063169 -0.27750704 -0.14984646,1.51316488 -0.27921313 -0.15599631,1.45088851 -0.31494844 -0.17794079,1.439206 -0.31380352 -0.1729328,1.43987215 -0.31505617 -0.17436072,1.51529634 -0.28173003 -0.16139062,1.46183097 -0.31483895 -0.18175983,1.52275968 -0.28419283 -0.16904806,1.46859896 -0.31721631 -0.18662645,1.52498078 -0.28680304 -0.17433281,1.4761833 -0.32047537 -0.19270152,1.48678875 -0.32035264 -0.19706461,1.53618824 -0.2934444 -0.19001412,1.49329066 -0.32198602 -0.20145838,1.49507225 -0.32418695 -0.20425963,1.50542116 -0.32405722 -0.20904036,1.04171658 -0.25662017 -0.09264421,1.05829513 -0.25558588 -0.08233093,1.10257089 -0.25605288 -0.07087256,1.08326268 -0.251481 -0.05075263,1.09774745 -0.25148323 -0.04679205,1.10120356 -0.25148398 -0.04590004,1.10923243 -0.25605804 -0.06916582,1.10847223 -0.25148502 -0.0440839,1.12327564 -0.25606665 -0.06580461,1.12307572 -0.25148705 -0.04069281,1.13032877 -0.25607076 -0.06423976,1.07113719 -0.27359319 -0.12792824,1.12673974 -0.25148752 -0.0398954,1.13023102 -0.25148821 -0.03915729,1.13705885 -0.2560755 -0.06282639,1.13756406 -0.25148913 -0.03766526,1.15122259 -0.25608298 -0.06008324,1.10741186 -0.26378462 -0.09455379,1.12446499 -0.27464262 -0.11413116,1.11061406 -0.26379028 -0.09372151,1.15228581 -0.25149086 -0.03492291,1.1583308 -0.25608647 -0.05882765,1.15597725 -0.25149128 -0.03428778,1.1170336 -0.26380143 -0.09210712,1.15949714 -0.25149187 -0.03370358,1.12378979 -0.26381144 -0.09048183,1.13750768 -0.27467775 -0.11112831,1.13056684 -0.26382118 -0.08893039,1.13396287 -0.26382592 -0.08818241,1.14999092 -0.27471286 -0.10854135,1.13719916 -0.26383108 -0.08748972,1.14368463 -0.26384118 -0.08615471,1.16314471 -0.27474311 -0.10609896,1.15050018 -0.26384988 -0.0848236,1.11651087 -0.28828201 -0.13840526,1.15733349 -0.26385823 -0.08356649,1.11947858 -0.28829712 -0.1376276,1.12620294 -0.3044951 -0.15604304,1.16075647 -0.26386228 -0.08296572,1.1254288 -0.28832683 -0.13611834,1.13772821 -0.30457583 -0.15322982,1.16728854 -0.26387116 -0.08187637,1.1757344 -0.2747733 -0.10404394,1.17056 -0.26387545 -0.08135697,1.13139796 -0.28835583 -0.1346706,1.13768029 -0.28838325 -0.13321486,1.14380288 -0.30461395 -0.15184617,1.14082873 -0.28839663 -0.13251247,1.14960098 -0.30465177 -0.15059322,1.14382935 -0.28841031 -0.13186151,1.14984298 -0.28843707 -0.13060583,1.16124582 -0.3047238 -0.1482655,1.15587294 -0.28846294 -0.12941191,1.12386703 -0.32264486 -0.17427982,1.16737342 -0.30475667 -0.14713763,1.16221011 -0.28848663 -0.12822343,1.12664115 -0.32267222 -0.1735431,1.16538489 -0.2884981 -0.12765472,1.17144418 -0.28852159 -0.12662172,1.17909026 -0.30482066 -0.14517635,1.13778436 -0.32277846 -0.17073902,1.17751729 -0.28854406 -0.12565066,1.19923306 -0.27481708 -0.10090747,1.1805588 -0.28855491 -0.12518838,1.14338315 -0.32282954 -0.16942288,1.14632714 -0.3228544 -0.16875422,1.14913297 -0.32287917 -0.16813387,1.16039681 -0.32297432 -0.16579592,1.22288013 -0.27485043 -0.098667,1.1660521 -0.3230195 -0.16471319,1.16902208 -0.32304093 -0.16416745,1.17469072 -0.32308346 -0.16317415,1.24663997 -0.27487212 -0.09732784,1.18606901 -0.32316306 -0.1613605,1.18892169 -0.32318178 -0.1609432,1.29605567 -0.27487078 -0.09742694,1.32151818 -0.27484602 -0.09898907,1.32627535 -0.26391679 -0.07606764,1.35252345 -0.26389453 -0.07888434,1.35855436 -0.25609887 -0.05524083,1.38556886 -0.25608581 -0.05941552,1.39284158 -0.25149059 -0.03573947,1.39233005 -0.25608155 -0.06063871,1.39634728 -0.25148997 -0.03638406,1.40003085 -0.25148952 -0.03708375,1.39942491 -0.25607783 -0.0620048,1.41471541 -0.25148767 -0.04008453,1.41355526 -0.2560699 -0.06496931,1.42025232 -0.2560651 -0.06648571,1.42202652 -0.25148669 -0.04170597,1.42549908 -0.251486 -0.04250441,1.42728758 -0.25606078 -0.06816274,1.42915261 -0.2514855 -0.04336722,1.31708872 -0.28866616 -0.12035467,1.34151375 -0.28861031 -0.12273373,1.34682381 -0.27480817 -0.10157721,1.37193227 -0.2747587 -0.10518689,1.3785665 -0.26386589 -0.08276713,1.44370902 -0.25148335 -0.04702074,1.44128942 -0.25605175 -0.07174939,1.38448536 -0.27472752 -0.10738493,1.38508475 -0.26385689 -0.08390958,1.38833773 -0.26385224 -0.08450599,1.45095122 -0.25148225 -0.04896867,1.44791067 -0.25604656 -0.07355963,1.45438457 -0.25148153 -0.04992126,1.39175558 -0.26384798 -0.0851533,1.39857721 -0.26383913 -0.08650357,1.39762139 -0.27469572 -0.10998148,1.4053793 -0.26382995 -0.08792799,1.41183615 -0.26381963 -0.0893496,1.41005492 -0.2746599 -0.11271105,1.41505754 -0.26381439 -0.09008554,1.41844678 -0.26380941 -0.09088083,1.33663297 -0.3049303 -0.1418435,1.36007679 -0.30482957 -0.14497955,1.36574876 -0.28853619 -0.12609349,1.42307436 -0.27462342 -0.11587135,1.42520857 -0.26379925 -0.09252715,1.37179744 -0.30476677 -0.14691097,1.37181449 -0.28851351 -0.12709118,1.43194783 -0.26378882 -0.0942477,1.37763536 -0.30473334 -0.14796588,1.3778652 -0.28848985 -0.12815067,1.43536711 -0.27458403 -0.1191335,1.43833244 -0.26377755 -0.09594904,1.38088477 -0.28847766 -0.12870355,1.44151664 -0.26377183 -0.09682481,1.46387613 -0.25922793 -0.09007929,1.38405704 -0.28846568 -0.12930337,1.38376021 -0.30469927 -0.14914244,1.39038813 -0.288441 -0.13055415,1.48684895 -0.25560194 -0.08400773,1.3953712 -0.30462602 -0.15155897,1.39639795 -0.28841457 -0.13180539,1.4011507 -0.30458766 -0.15285625,1.40239012 -0.2883873 -0.1331183,1.40537953 -0.28837338 -0.13379787,1.35495043 -0.32316115 -0.16145061,1.40852439 -0.28835955 -0.13453205,1.40722108 -0.30454847 -0.15428996,1.36064458 -0.32312238 -0.16233268,1.4147985 -0.28833127 -0.13605165,1.42074227 -0.28830189 -0.13755688,1.41870332 -0.30446684 -0.15719223,1.37198997 -0.32303938 -0.16426955,1.42666614 -0.28827181 -0.13912368,1.37481701 -0.32301754 -0.16478969,1.42962027 -0.28825653 -0.13993014,1.37778699 -0.32299548 -0.16535357,1.38342941 -0.32294971 -0.16646886,1.47196245 -0.2744793 -0.13058746,1.39466465 -0.32285339 -0.16887181,1.39746273 -0.32282838 -0.16950838,1.40040624 -0.32280299 -0.17019579,1.4059881 -0.32275143 -0.17154449,1.41709518 -0.32264441 -0.17441383,1.41985989 -0.32261688 -0.17516693              ]
            }
            coordIndex [
0,1,2,-1,0,3,1,-1,4,2,5,-1,4,0,2,-1,6,5,7,-1,6,4,5,-1,8,7,9,-1,8,6,7,-1,10,9,11,-1,10,8,9,-1,12,11,13,-1,12,10,11,-1,14,13,15,-1,14,12,13,-1,16,15,17,-1,16,14,15,-1,18,17,19,-1,18,16,17,-1,20,19,21,-1,20,18,19,-1,22,21,23,-1,22,20,21,-1,24,23,25,-1,24,22,23,-1,26,25,27,-1,26,24,25,-1,28,27,29,-1,28,26,27,-1,30,29,31,-1,30,28,29,-1,32,31,33,-1,32,30,31,-1,34,33,35,-1,34,32,33,-1,36,35,37,-1,36,34,35,-1,38,36,37,-1,38,37,39,-1,40,38,39,-1,40,39,41,-1,42,40,41,-1,42,41,43,-1,44,42,43,-1,44,43,45,-1,46,45,47,-1,46,44,45,-1,48,47,49,-1,48,46,47,-1,50,49,51,-1,50,48,49,-1,52,51,53,-1,52,50,51,-1,54,53,55,-1,54,52,53,-1,56,55,57,-1,56,54,55,-1,58,57,59,-1,58,56,57,-1,60,59,61,-1,60,58,59,-1,62,61,63,-1,62,60,61,-1,64,63,65,-1,64,62,63,-1,66,65,67,-1,66,64,65,-1,68,67,69,-1,68,66,67,-1,70,69,71,-1,70,68,69,-1,72,71,73,-1,72,70,71,-1,74,73,75,-1,74,72,73,-1,76,75,77,-1,76,74,75,-1,78,77,79,-1,78,76,77,-1,80,79,81,-1,80,78,79,-1,82,81,83,-1,82,80,81,-1,84,83,85,-1,84,82,83,-1,86,84,85,-1,86,85,87,-1,88,86,87,-1,88,87,89,-1,90,88,89,-1,90,89,91,-1,92,90,91,-1,92,91,93,-1,94,92,93,-1,94,93,95,-1,96,94,95,-1,96,95,97,-1,98,96,97,-1,98,97,99,-1,100,98,99,-1,100,99,101,-1,102,100,101,-1,102,101,103,-1,104,102,103,-1,104,103,105,-1,106,104,105,-1,106,105,107,-1,108,106,107,-1,108,107,109,-1,110,108,109,-1,110,109,111,-1,112,111,113,-1,112,110,111,-1,114,113,115,-1,114,112,113,-1,116,115,117,-1,116,114,115,-1,118,117,119,-1,118,116,117,-1,120,119,121,-1,120,118,119,-1,122,121,123,-1,122,120,121,-1,124,123,125,-1,124,122,123,-1,126,125,127,-1,126,124,125,-1,128,127,125,-1,129,130,131,-1,132,2,1,-1,133,125,123,-1,133,128,125,-1,134,128,133,-1,134,135,128,-1,136,121,119,-1,136,123,121,-1,136,133,123,-1,137,138,135,-1,137,135,134,-1,139,133,136,-1,139,134,133,-1,140,136,119,-1,140,119,117,-1,141,142,138,-1,141,138,137,-1,143,137,134,-1,143,134,139,-1,144,136,140,-1,144,139,136,-1,145,117,115,-1,145,140,117,-1,146,142,141,-1,146,147,142,-1,148,141,137,-1,148,137,143,-1,149,139,144,-1,149,143,139,-1,150,140,145,-1,150,144,140,-1,151,147,146,-1,151,152,147,-1,153,113,111,-1,153,115,113,-1,153,145,115,-1,154,141,148,-1,154,146,141,-1,155,148,143,-1,155,143,149,-1,156,149,144,-1,156,144,150,-1,157,152,151,-1,157,158,152,-1,159,150,145,-1,159,145,153,-1,160,146,154,-1,160,151,146,-1,161,153,111,-1,161,111,109,-1,162,154,148,-1,162,148,155,-1,163,149,156,-1,163,155,149,-1,164,165,158,-1,164,158,157,-1,166,150,159,-1,166,156,150,-1,167,151,160,-1,167,157,151,-1,168,159,153,-1,168,153,161,-1,169,160,154,-1,169,154,162,-1,170,161,109,-1,170,107,105,-1,170,109,107,-1,171,162,155,-1,171,155,163,-1,172,173,165,-1,172,165,164,-1,174,163,156,-1,174,156,166,-1,175,157,167,-1,175,164,157,-1,176,166,159,-1,176,159,168,-1,177,160,169,-1,177,167,160,-1,178,161,170,-1,178,168,161,-1,179,169,162,-1,179,162,171,-1,180,181,173,-1,180,173,172,-1,182,170,105,-1,182,105,103,-1,183,171,163,-1,183,163,174,-1,184,172,164,-1,184,164,175,-1,185,166,176,-1,185,174,166,-1,186,167,177,-1,186,175,167,-1,187,168,178,-1,187,176,168,-1,188,177,169,-1,188,169,179,-1,189,190,181,-1,189,181,180,-1,191,170,182,-1,191,178,170,-1,192,179,171,-1,192,171,183,-1,193,180,172,-1,193,172,184,-1,194,182,103,-1,194,103,101,-1,195,174,185,-1,195,183,174,-1,196,175,186,-1,196,184,175,-1,197,185,176,-1,197,176,187,-1,198,177,188,-1,198,186,177,-1,199,200,190,-1,199,190,189,-1,201,187,178,-1,201,178,191,-1,202,179,192,-1,202,188,179,-1,203,180,193,-1,203,189,180,-1,204,182,194,-1,204,191,182,-1,205,192,183,-1,205,183,195,-1,206,193,184,-1,206,184,196,-1,207,194,101,-1,207,99,97,-1,207,101,99,-1,208,185,197,-1,208,195,185,-1,209,196,186,-1,209,186,198,-1,210,211,200,-1,210,200,199,-1,212,197,187,-1,212,187,201,-1,213,198,188,-1,213,188,202,-1,214,189,203,-1,214,199,189,-1,215,201,191,-1,215,191,204,-1,216,192,205,-1,216,202,192,-1,217,193,206,-1,217,203,193,-1,218,194,207,-1,218,204,194,-1,219,205,195,-1,219,195,208,-1,220,196,209,-1,220,206,196,-1,221,207,97,-1,221,97,95,-1,222,211,210,-1,222,223,211,-1,224,208,197,-1,224,197,212,-1,225,198,213,-1,225,209,198,-1,226,199,214,-1,226,210,199,-1,227,212,201,-1,227,201,215,-1,228,213,202,-1,228,202,216,-1,229,214,203,-1,229,203,217,-1,230,204,218,-1,230,215,204,-1,231,232,223,-1,231,223,222,-1,233,216,205,-1,233,205,219,-1,234,217,206,-1,234,206,220,-1,235,218,207,-1,235,207,221,-1,236,219,208,-1,236,208,224,-1,237,209,225,-1,237,220,209,-1,238,93,91,-1,238,95,93,-1,238,221,95,-1,239,210,226,-1,239,222,210,-1,240,224,212,-1,240,212,227,-1,241,242,232,-1,241,232,231,-1,243,225,213,-1,243,213,228,-1,244,214,229,-1,244,226,214,-1,245,215,230,-1,245,227,215,-1,246,228,216,-1,246,216,233,-1,247,217,234,-1,247,229,217,-1,248,218,235,-1,248,230,218,-1,249,222,239,-1,249,231,222,-1,250,219,236,-1,250,233,219,-1,251,220,237,-1,251,234,220,-1,252,235,221,-1,252,221,238,-1,253,224,240,-1,253,236,224,-1,254,237,225,-1,254,225,243,-1,255,238,91,-1,255,91,89,-1,256,239,226,-1,256,226,244,-1,257,258,242,-1,257,242,241,-1,259,240,227,-1,259,227,245,-1,260,231,249,-1,260,241,231,-1,261,243,228,-1,261,228,246,-1,262,229,247,-1,262,244,229,-1,263,245,230,-1,263,230,248,-1,264,233,250,-1,264,246,233,-1,265,247,234,-1,265,234,251,-1,266,235,252,-1,266,248,235,-1,267,249,239,-1,267,239,256,-1,268,250,236,-1,268,236,253,-1,269,251,237,-1,269,237,254,-1,270,252,238,-1,270,238,255,-1,271,253,240,-1,271,240,259,-1,272,254,243,-1,272,243,261,-1,273,274,258,-1,273,258,257,-1,275,89,87,-1,275,255,89,-1,276,244,262,-1,276,256,244,-1,277,257,241,-1,277,241,260,-1,278,245,263,-1,278,259,245,-1,279,249,267,-1,279,260,249,-1,280,261,246,-1,280,246,264,-1,281,262,247,-1,281,247,265,-1,282,263,248,-1,282,248,266,-1,283,264,250,-1,283,250,268,-1,284,281,265,-1,284,265,251,-1,284,251,269,-1,285,266,252,-1,285,252,270,-1,286,256,276,-1,286,267,256,-1,287,268,253,-1,287,253,271,-1,288,269,254,-1,288,254,272,-1,289,290,274,-1,289,274,273,-1,291,255,275,-1,291,270,255,-1,292,271,259,-1,292,259,278,-1,293,272,261,-1,293,261,280,-1,294,273,257,-1,294,257,277,-1,295,85,83,-1,295,87,85,-1,295,275,87,-1,296,276,262,-1,296,262,281,-1,297,277,260,-1,297,260,279,-1,298,278,263,-1,298,263,282,-1,299,279,267,-1,299,267,286,-1,300,280,264,-1,300,264,283,-1,301,281,284,-1,302,266,285,-1,302,282,266,-1,303,290,289,-1,303,131,290,-1,304,268,287,-1,304,283,268,-1,305,284,269,-1,305,269,288,-1,306,285,270,-1,306,270,291,-1,307,286,276,-1,307,276,296,-1,308,287,271,-1,308,271,292,-1,308,304,287,-1,309,272,293,-1,309,288,272,-1,310,289,273,-1,310,273,294,-1,311,291,275,-1,311,275,295,-1,312,278,298,-1,312,292,278,-1,313,314,129,-1,313,129,131,-1,313,131,303,-1,315,293,280,-1,315,280,300,-1,316,277,297,-1,316,294,277,-1,317,83,81,-1,317,295,83,-1,318,296,281,-1,318,281,301,-1,319,279,299,-1,319,297,279,-1,320,298,282,-1,320,282,302,-1,321,286,307,-1,321,299,286,-1,322,300,283,-1,322,283,304,-1,323,284,305,-1,323,301,284,-1,324,302,285,-1,324,320,302,-1,324,285,306,-1,325,303,289,-1,325,289,310,-1,326,304,308,-1,327,288,309,-1,327,305,288,-1,328,291,311,-1,328,306,291,-1,329,296,318,-1,329,307,296,-1,330,308,292,-1,330,292,312,-1,331,293,315,-1,331,309,293,-1,332,310,294,-1,332,294,316,-1,333,311,295,-1,333,295,317,-1,334,312,298,-1,334,298,320,-1,335,313,303,-1,335,336,314,-1,335,303,325,-1,335,314,313,-1,337,315,300,-1,337,300,322,-1,338,297,319,-1,338,316,297,-1,339,317,81,-1,339,79,77,-1,339,81,79,-1,340,301,323,-1,340,318,301,-1,341,299,321,-1,341,319,299,-1,342,320,324,-1,342,334,320,-1,343,307,329,-1,343,321,307,-1,344,304,326,-1,344,322,304,-1,345,323,305,-1,345,305,327,-1,346,324,306,-1,346,306,328,-1,347,325,310,-1,347,310,332,-1,348,308,330,-1,348,326,308,-1,349,327,309,-1,349,309,331,-1,350,328,311,-1,350,311,333,-1,351,318,340,-1,351,329,318,-1,352,330,312,-1,352,312,334,-1,353,331,315,-1,353,315,337,-1,354,332,316,-1,354,316,338,-1,355,333,317,-1,355,317,339,-1,356,334,342,-1,357,325,347,-1,357,358,336,-1,357,347,358,-1,357,336,335,-1,357,335,325,-1,359,322,344,-1,359,337,322,-1,360,338,319,-1,360,319,341,-1,361,77,75,-1,361,339,77,-1,362,340,323,-1,362,323,345,-1,362,351,340,-1,363,321,343,-1,363,341,321,-1,364,342,324,-1,364,324,346,-1,365,329,351,-1,365,343,329,-1,366,326,348,-1,366,344,326,-1,367,327,349,-1,367,345,327,-1,368,346,328,-1,368,328,350,-1,369,347,332,-1,369,370,371,-1,369,371,358,-1,369,358,347,-1,369,332,354,-1,372,348,330,-1,372,330,352,-1,373,349,331,-1,373,331,353,-1,374,350,333,-1,374,333,355,-1,375,351,362,-1,376,334,356,-1,376,352,334,-1,377,337,359,-1,377,353,337,-1,378,354,338,-1,378,338,360,-1,379,355,339,-1,379,339,361,-1,380,342,364,-1,380,356,342,-1,381,344,366,-1,381,359,344,-1,382,360,341,-1,382,341,363,-1,383,75,73,-1,383,361,75,-1,384,362,345,-1,384,345,367,-1,385,363,343,-1,385,343,365,-1,386,346,368,-1,386,364,346,-1,387,385,365,-1,387,365,351,-1,387,351,375,-1,388,366,348,-1,388,348,372,-1,389,349,373,-1,389,367,349,-1,390,368,350,-1,390,350,374,-1,391,369,354,-1,391,354,378,-1,391,392,370,-1,391,378,392,-1,391,370,369,-1,393,372,352,-1,393,352,376,-1,394,353,377,-1,394,373,353,-1,395,355,379,-1,395,374,355,-1,396,362,384,-1,396,375,362,-1,397,356,380,-1,397,393,376,-1,397,376,356,-1,398,377,359,-1,398,359,381,-1,399,400,392,-1,399,392,378,-1,399,360,382,-1,399,378,360,-1,401,379,361,-1,401,361,383,-1,402,364,386,-1,402,380,364,-1,403,381,366,-1,403,366,388,-1,404,363,385,-1,404,405,406,-1,404,382,363,-1,407,383,73,-1,407,71,69,-1,407,73,71,-1,408,384,367,-1,408,367,389,-1,409,410,411,-1,409,385,387,-1,412,368,390,-1,412,386,368,-1,413,387,375,-1,413,414,415,-1,413,375,396,-1,416,388,372,-1,416,372,393,-1,417,373,394,-1,417,389,373,-1,418,374,395,-1,418,390,374,-1,419,393,397,-1,420,377,398,-1,420,394,377,-1,421,395,379,-1,421,379,401,-1,422,384,408,-1,422,423,424,-1,422,408,423,-1,422,396,384,-1,422,413,396,-1,425,380,402,-1,425,397,380,-1,426,398,381,-1,426,381,403,-1,427,404,406,-1,427,382,404,-1,427,400,399,-1,427,399,382,-1,427,406,400,-1,428,421,401,-1,428,401,383,-1,428,383,407,-1,429,402,386,-1,429,386,412,-1,430,388,416,-1,430,403,388,-1,431,409,411,-1,431,411,405,-1,431,404,385,-1,431,405,404,-1,431,385,409,-1,432,69,67,-1,432,407,69,-1,433,434,423,-1,433,408,389,-1,433,423,408,-1,433,389,417,-1,433,417,434,-1,435,387,413,-1,435,409,387,-1,435,415,410,-1,435,413,415,-1,435,410,409,-1,436,412,390,-1,436,390,418,-1,437,422,424,-1,437,414,413,-1,437,424,414,-1,437,413,422,-1,438,393,419,-1,438,416,393,-1,439,417,394,-1,439,434,417,-1,439,394,420,-1,440,418,395,-1,440,395,421,-1,441,397,425,-1,441,419,397,-1,442,398,426,-1,442,420,398,-1,443,421,428,-1,444,425,402,-1,444,402,429,-1,445,426,403,-1,445,403,430,-1,446,407,432,-1,446,428,407,-1,447,412,436,-1,447,429,412,-1,448,430,416,-1,448,416,438,-1,449,432,67,-1,449,65,63,-1,449,67,65,-1,450,451,434,-1,450,434,439,-1,452,436,418,-1,452,418,440,-1,453,438,419,-1,453,419,441,-1,454,439,420,-1,454,420,442,-1,455,421,443,-1,455,440,421,-1,456,425,444,-1,456,441,425,-1,457,426,445,-1,457,442,426,-1,458,443,428,-1,458,428,446,-1,459,460,451,-1,459,451,450,-1,461,444,429,-1,461,429,447,-1,462,430,448,-1,462,445,430,-1,462,457,445,-1,463,432,449,-1,463,446,432,-1,464,447,436,-1,464,436,452,-1,465,438,453,-1,465,448,438,-1,466,63,61,-1,466,449,63,-1,467,450,439,-1,467,439,454,-1,468,440,455,-1,468,452,440,-1,469,453,441,-1,469,441,456,-1,470,454,442,-1,470,442,457,-1,471,443,458,-1,471,455,443,-1,472,456,444,-1,472,444,461,-1,473,457,462,-1,474,446,463,-1,474,458,446,-1,475,459,450,-1,475,450,467,-1,475,460,459,-1,476,461,447,-1,476,447,464,-1,477,448,465,-1,477,462,448,-1,478,463,449,-1,478,449,466,-1,479,464,452,-1,479,452,468,-1,480,465,453,-1,480,453,469,-1,481,466,61,-1,481,61,59,-1,482,467,454,-1,482,454,470,-1,483,468,455,-1,483,455,471,-1,484,485,486,-1,484,486,460,-1,484,460,475,-1,487,469,456,-1,487,456,472,-1,488,457,473,-1,488,470,457,-1,488,482,470,-1,489,458,474,-1,489,471,458,-1,490,461,476,-1,490,472,461,-1,491,462,477,-1,491,473,462,-1,492,463,478,-1,492,474,463,-1,493,467,482,-1,493,475,467,-1,494,476,464,-1,494,490,476,-1,494,464,479,-1,495,477,465,-1,495,465,480,-1,496,478,466,-1,496,466,481,-1,497,468,483,-1,497,479,468,-1,498,480,469,-1,498,469,487,-1,499,57,55,-1,499,59,57,-1,499,481,59,-1,500,482,488,-1,500,493,482,-1,501,483,471,-1,501,471,489,-1,502,484,475,-1,502,475,493,-1,503,487,472,-1,503,472,490,-1,504,473,491,-1,504,488,473,-1,505,489,474,-1,505,474,492,-1,506,490,494,-1,507,477,495,-1,507,491,477,-1,508,478,496,-1,508,505,492,-1,508,492,478,-1,509,493,500,-1,510,479,497,-1,510,494,479,-1,511,495,480,-1,511,480,498,-1,512,496,481,-1,512,481,499,-1,513,483,501,-1,513,497,483,-1,514,498,487,-1,514,487,503,-1,515,499,55,-1,515,55,53,-1,516,509,500,-1,516,488,504,-1,516,500,488,-1,517,518,519,-1,517,519,485,-1,517,485,484,-1,517,484,502,-1,520,489,505,-1,520,501,489,-1,521,493,509,-1,521,502,493,-1,521,517,502,-1,522,503,490,-1,522,490,506,-1,522,514,503,-1,523,504,491,-1,523,491,507,-1,524,505,508,-1,525,494,510,-1,525,506,494,-1,526,507,495,-1,526,495,511,-1,527,508,496,-1,527,496,512,-1,528,509,516,-1,529,497,513,-1,529,510,497,-1,530,511,498,-1,530,498,514,-1,531,499,515,-1,531,512,499,-1,532,513,501,-1,532,501,520,-1,533,514,522,-1,534,51,49,-1,534,53,51,-1,534,515,53,-1,535,516,504,-1,535,504,523,-1,536,518,517,-1,536,517,521,-1,537,520,505,-1,537,505,524,-1,538,509,528,-1,538,521,509,-1,539,522,506,-1,539,506,525,-1,540,507,526,-1,540,523,507,-1,541,524,508,-1,541,508,527,-1,542,525,510,-1,542,510,529,-1,543,511,530,-1,543,526,511,-1,544,527,512,-1,544,512,531,-1,545,516,535,-1,545,528,516,-1,546,513,532,-1,546,529,513,-1,547,514,533,-1,547,543,530,-1,547,530,514,-1,548,515,534,-1,548,531,515,-1,548,544,531,-1,549,520,537,-1,549,532,520,-1,550,522,539,-1,550,533,522,-1,551,552,553,-1,551,553,518,-1,551,518,536,-1,554,534,49,-1,554,49,47,-1,555,523,540,-1,555,535,523,-1,556,536,521,-1,556,521,538,-1,557,537,524,-1,557,524,541,-1,558,538,528,-1,558,528,545,-1,558,556,538,-1,559,539,525,-1,559,525,542,-1,560,540,526,-1,560,526,543,-1,561,527,544,-1,561,541,527,-1,562,529,546,-1,562,542,529,-1,563,543,547,-1,564,544,548,-1,565,535,555,-1,565,545,535,-1,566,546,532,-1,566,532,549,-1,567,533,550,-1,567,547,533,-1,568,548,534,-1,568,534,554,-1,568,564,548,-1,569,549,537,-1,569,537,557,-1,570,539,559,-1,570,550,539,-1,571,536,556,-1,571,551,536,-1,571,552,551,-1,572,47,45,-1,572,554,47,-1,573,540,560,-1,573,555,540,-1,574,556,558,-1,575,557,541,-1,575,541,561,-1,576,558,545,-1,576,545,565,-1,577,559,542,-1,577,542,562,-1,578,560,543,-1,578,543,563,-1,579,561,544,-1,579,544,564,-1,580,546,566,-1,580,577,562,-1,580,562,546,-1,581,547,567,-1,581,563,547,-1,582,579,564,-1,582,564,568,-1,583,555,573,-1,583,565,555,-1,584,549,569,-1,584,566,549,-1,585,550,570,-1,585,581,567,-1,585,567,550,-1,586,552,571,-1,586,587,552,-1,588,554,572,-1,588,568,554,-1,588,582,568,-1,589,569,557,-1,589,557,575,-1,590,570,559,-1,590,559,577,-1,591,556,574,-1,591,571,556,-1,592,572,45,-1,592,43,41,-1,592,45,43,-1,593,573,560,-1,593,560,578,-1,594,574,558,-1,594,558,576,-1,595,575,561,-1,595,561,579,-1,596,576,565,-1,596,565,583,-1,596,594,576,-1,597,577,580,-1,598,578,563,-1,598,563,581,-1,599,579,582,-1,600,566,584,-1,600,580,566,-1,601,581,585,-1,602,582,588,-1,603,583,573,-1,603,573,593,-1,604,569,589,-1,604,584,569,-1,605,570,590,-1,605,585,570,-1,606,607,608,-1,606,608,587,-1,606,586,571,-1,606,587,586,-1,606,571,591,-1,609,588,572,-1,609,572,592,-1,610,604,589,-1,610,575,595,-1,610,589,575,-1,611,590,577,-1,611,577,597,-1,612,574,594,-1,612,591,574,-1,613,41,39,-1,613,592,41,-1,614,578,598,-1,614,593,578,-1,615,594,596,-1,616,595,579,-1,616,579,599,-1,617,583,603,-1,617,596,583,-1,618,597,580,-1,618,580,600,-1,619,581,601,-1,619,598,581,-1,620,582,602,-1,620,599,582,-1,620,616,599,-1,621,584,604,-1,621,600,584,-1,622,585,605,-1,622,601,585,-1,623,588,609,-1,623,620,602,-1,623,602,588,-1,624,603,593,-1,624,593,614,-1,625,604,610,-1,626,622,605,-1,626,605,590,-1,626,590,611,-1,627,606,591,-1,627,591,612,-1,628,609,592,-1,628,592,613,-1,629,610,595,-1,629,595,616,-1,630,611,597,-1,630,597,618,-1,631,612,594,-1,631,594,615,-1,632,39,37,-1,632,613,39,-1,632,628,613,-1,633,614,598,-1,633,598,619,-1,634,615,596,-1,634,596,617,-1,635,616,620,-1,636,603,624,-1,636,617,603,-1,637,618,600,-1,637,600,621,-1,638,619,601,-1,638,601,622,-1,639,620,623,-1,640,641,607,-1,640,606,627,-1,640,607,606,-1,642,621,604,-1,642,604,625,-1,643,622,626,-1,644,609,628,-1,644,623,609,-1,645,614,633,-1,645,624,614,-1,646,610,629,-1,646,625,610,-1,647,626,611,-1,647,611,630,-1,648,640,627,-1,648,612,631,-1,648,627,612,-1,649,628,632,-1,650,629,616,-1,650,646,629,-1,650,616,635,-1,651,618,637,-1,651,630,618,-1,652,615,634,-1,652,631,615,-1,653,35,33,-1,653,37,35,-1,653,632,37,-1,654,619,638,-1,654,633,619,-1,655,634,617,-1,655,617,636,-1,656,635,620,-1,656,620,639,-1,657,624,645,-1,657,636,624,-1,658,637,621,-1,658,651,637,-1,658,621,642,-1,659,638,622,-1,659,622,643,-1,660,639,623,-1,660,623,644,-1,661,662,641,-1,661,640,648,-1,661,641,640,-1,663,642,625,-1,663,625,646,-1,664,643,626,-1,664,626,647,-1,665,644,628,-1,665,628,649,-1,666,633,654,-1,666,645,633,-1,667,646,650,-1,668,647,630,-1,668,630,651,-1,669,648,631,-1,669,631,652,-1,670,649,632,-1,670,632,653,-1,671,635,656,-1,671,650,635,-1,672,651,658,-1,673,634,655,-1,673,652,634,-1,674,33,31,-1,674,653,33,-1,675,638,659,-1,675,654,638,-1,676,673,655,-1,676,636,657,-1,676,655,636,-1,677,639,660,-1,677,656,639,-1,678,657,645,-1,678,645,666,-1,679,672,658,-1,679,642,663,-1,679,658,642,-1,680,659,643,-1,680,643,664,-1,681,644,665,-1,681,660,644,-1,682,662,661,-1,682,661,648,-1,682,648,669,-1,683,679,663,-1,683,663,646,-1,683,646,667,-1,684,647,668,-1,684,664,647,-1,685,649,670,-1,685,665,649,-1,686,654,675,-1,686,666,654,-1,687,683,667,-1,687,667,650,-1,687,650,671,-1,688,684,668,-1,688,668,651,-1,688,651,672,-1,689,652,673,-1,689,669,652,-1,690,653,674,-1,690,670,653,-1,691,656,677,-1,691,671,656,-1,692,693,662,-1,692,662,682,-1,694,672,679,-1,695,673,676,-1,696,674,31,-1,696,29,27,-1,696,31,29,-1,697,675,659,-1,697,659,680,-1,698,657,678,-1,698,676,657,-1,699,660,681,-1,699,677,660,-1,700,678,666,-1,700,666,686,-1,701,679,683,-1,702,680,664,-1,702,664,684,-1,703,665,685,-1,703,681,665,-1,704,682,669,-1,704,669,689,-1,705,683,687,-1,706,684,688,-1,707,670,690,-1,707,685,670,-1,708,686,675,-1,708,675,697,-1,709,671,691,-1,709,687,671,-1,710,688,672,-1,710,672,694,-1,711,673,695,-1,711,689,673,-1,712,690,674,-1,712,674,696,-1,713,677,699,-1,713,691,677,-1,713,709,691,-1,714,715,693,-1,714,682,704,-1,714,693,692,-1,714,692,682,-1,716,694,679,-1,716,679,701,-1,717,676,698,-1,717,695,676,-1,718,27,25,-1,718,696,27,-1,719,680,702,-1,719,697,680,-1,720,717,698,-1,720,678,700,-1,720,698,678,-1,721,699,681,-1,721,681,703,-1,722,686,708,-1,722,700,686,-1,723,683,705,-1,723,701,683,-1,724,702,684,-1,724,684,706,-1,725,685,707,-1,725,703,685,-1,726,689,711,-1,726,704,689,-1,727,705,687,-1,727,687,709,-1,728,688,710,-1,728,706,688,-1,729,690,712,-1,729,707,690,-1,730,708,697,-1,730,697,719,-1,731,709,713,-1,732,710,694,-1,732,694,716,-1,733,711,695,-1,733,695,717,-1,734,696,718,-1,734,712,696,-1,735,713,699,-1,735,699,721,-1,736,737,738,-1,736,738,715,-1,736,714,704,-1,736,704,726,-1,736,715,714,-1,739,716,701,-1,739,701,723,-1,739,732,716,-1,740,717,720,-1,741,25,23,-1,741,718,25,-1,742,719,702,-1,742,702,724,-1,743,720,700,-1,743,700,722,-1,744,703,725,-1,744,721,703,-1,745,708,730,-1,745,722,708,-1,746,723,705,-1,746,705,727,-1,747,706,728,-1,747,724,706,-1,748,707,729,-1,748,725,707,-1,749,711,733,-1,749,736,726,-1,749,726,711,-1,750,746,727,-1,750,727,709,-1,750,709,731,-1,751,728,710,-1,751,710,732,-1,751,747,728,-1,752,729,712,-1,752,712,734,-1,753,719,742,-1,753,730,719,-1,754,713,735,-1,754,731,713,-1,755,732,739,-1,756,733,717,-1,756,717,740,-1,757,734,718,-1,757,718,741,-1,758,735,721,-1,758,721,744,-1,759,760,737,-1,759,736,749,-1,759,737,736,-1,761,739,723,-1,761,723,746,-1,762,720,743,-1,762,740,720,-1,763,21,19,-1,763,23,21,-1,763,741,23,-1,764,724,747,-1,764,742,724,-1,765,722,745,-1,765,743,722,-1,766,744,725,-1,766,725,748,-1,767,730,753,-1,767,745,730,-1,768,746,750,-1,769,747,751,-1,770,729,752,-1,770,748,729,-1,771,749,733,-1,771,733,756,-1,771,759,749,-1,772,750,731,-1,772,731,754,-1,773,751,732,-1,773,732,755,-1,774,734,757,-1,774,752,734,-1,775,742,764,-1,775,753,742,-1,775,767,753,-1,776,754,735,-1,776,735,758,-1,777,755,739,-1,777,739,761,-1,778,756,740,-1,778,740,762,-1,779,741,763,-1,779,757,741,-1,780,758,744,-1,780,744,766,-1,781,782,760,-1,781,760,759,-1,781,759,771,-1,783,761,746,-1,783,746,768,-1,784,743,765,-1,784,762,743,-1,785,19,17,-1,785,763,19,-1,786,764,747,-1,786,747,769,-1,786,775,764,-1,787,765,745,-1,787,745,767,-1,788,748,770,-1,788,766,748,-1,789,767,775,-1,790,750,772,-1,790,768,750,-1,791,786,769,-1,791,769,751,-1,791,751,773,-1,792,752,774,-1,792,770,752,-1,793,756,778,-1,793,771,756,-1,794,754,776,-1,794,772,754,-1,795,773,755,-1,795,755,777,-1,796,757,779,-1,796,774,757,-1,797,775,786,-1,798,776,758,-1,798,758,780,-1,799,777,761,-1,799,761,783,-1,800,762,784,-1,800,778,762,-1,801,763,785,-1,801,779,763,-1,802,766,788,-1,802,780,766,-1,803,781,771,-1,803,804,782,-1,803,771,793,-1,803,793,804,-1,803,782,781,-1,805,783,768,-1,805,768,790,-1,806,784,765,-1,806,765,787,-1,806,800,784,-1,807,15,13,-1,807,17,15,-1,807,785,17,-1,808,786,791,-1,809,787,767,-1,809,767,789,-1,810,770,792,-1,810,788,770,-1,811,789,775,-1,811,775,797,-1,812,772,794,-1,812,790,772,-1,813,791,773,-1,813,773,795,-1,814,774,796,-1,814,792,774,-1,815,816,804,-1,815,793,778,-1,815,778,800,-1,815,804,793,-1,817,794,776,-1,817,776,798,-1,818,795,777,-1,818,777,799,-1,819,796,779,-1,819,779,801,-1,820,797,786,-1,820,786,808,-1,821,798,780,-1,821,780,802,-1,822,783,805,-1,822,818,799,-1,822,799,783,-1,823,815,800,-1,823,800,806,-1,824,801,785,-1,824,819,801,-1,824,785,807,-1,825,802,788,-1,825,788,810,-1,826,790,812,-1,826,805,790,-1,827,787,809,-1,827,806,787,-1,828,13,11,-1,828,807,13,-1,829,791,813,-1,829,808,791,-1,830,809,789,-1,830,789,811,-1,831,810,792,-1,831,792,814,-1,832,797,820,-1,832,811,797,-1,832,830,811,-1,833,794,817,-1,833,812,794,-1,834,795,818,-1,834,813,795,-1,835,814,796,-1,835,796,819,-1,836,837,816,-1,836,815,823,-1,836,816,815,-1,838,798,821,-1,838,817,798,-1,839,818,822,-1,840,835,819,-1,840,819,824,-1,841,820,808,-1,841,808,829,-1,842,838,821,-1,842,802,825,-1,842,821,802,-1,843,805,826,-1,843,822,805,-1,844,845,846,-1,844,846,837,-1,844,837,836,-1,844,823,806,-1,844,806,827,-1,844,836,823,-1,847,824,807,-1,847,807,828,-1,848,810,831,-1,848,825,810,-1,849,826,812,-1,849,812,833,-1,850,827,809,-1,850,809,830,-1,850,844,827,-1,851,11,9,-1,851,828,11,-1,852,829,813,-1,852,813,834,-1,853,830,832,-1,854,831,814,-1,854,814,835,-1,855,832,820,-1,855,820,841,-1,856,817,838,-1,856,833,817,-1,857,834,818,-1,857,818,839,-1,858,835,840,-1,859,838,842,-1,860,822,843,-1,860,839,822,-1,861,824,847,-1,861,840,824,-1,862,829,852,-1,862,841,829,-1,863,842,825,-1,863,825,848,-1,864,826,849,-1,864,843,826,-1,865,845,844,-1,865,866,845,-1,865,844,850,-1,865,850,866,-1,867,847,828,-1,867,861,847,-1,867,828,851,-1,868,848,831,-1,868,831,854,-1,869,833,856,-1,869,849,833,-1,870,830,853,-1,870,853,871,-1,870,871,872,-1,870,872,866,-1,870,866,850,-1,870,850,830,-1,873,7,5,-1,873,9,7,-1,873,851,9,-1,874,875,876,-1,874,852,834,-1,874,857,875,-1,874,834,857,-1,877,853,832,-1,877,871,853,-1,877,878,871,-1,877,832,855,-1,879,868,854,-1,879,854,835,-1,879,835,858,-1,880,881,882,-1,880,855,841,-1,880,841,862,-1,880,877,855,-1,880,862,881,-1,883,838,859,-1,883,856,838,-1,884,857,839,-1,884,839,860,-1,884,875,857,-1,885,858,840,-1,885,840,861,-1,886,859,842,-1,886,842,863,-1,887,843,864,-1,887,860,843,-1,887,884,860,-1,888,861,867,-1,889,876,881,-1,889,874,876,-1,889,862,852,-1,889,852,874,-1,889,881,862,-1,890,863,848,-1,890,848,868,-1,890,886,863,-1,891,864,849,-1,891,849,869,-1,892,888,867,-1,892,867,851,-1,892,851,873,-1,893,868,879,-1,893,890,868,-1,894,856,883,-1,894,869,856,-1,895,5,2,-1,895,2,132,-1,895,873,5,-1,896,875,884,-1,896,897,875,-1,898,882,899,-1,898,899,878,-1,898,880,882,-1,898,877,880,-1,898,878,877,-1,900,858,885,-1,900,879,858,-1,901,859,886,-1,901,883,859,-1,902,884,887,-1,903,885,861,-1,903,861,888,-1,904,886,890,-1,905,864,891,-1,905,887,864,-1,906,888,892,-1,907,890,893,-1,908,869,894,-1,908,891,869,-1,909,873,895,-1,909,895,132,-1,909,892,873,-1,909,132,910,-1,909,910,911,-1,912,893,879,-1,912,879,900,-1,913,894,883,-1,913,883,901,-1,914,884,902,-1,914,897,896,-1,914,896,884,-1,915,885,903,-1,915,900,885,-1,915,912,900,-1,916,886,904,-1,916,901,886,-1,917,887,905,-1,917,902,887,-1,918,903,888,-1,918,888,906,-1,919,916,904,-1,919,904,890,-1,919,890,907,-1,920,891,908,-1,920,905,891,-1,921,906,892,-1,921,892,909,-1,921,909,911,-1,922,897,914,-1,922,923,897,-1,924,907,893,-1,924,893,912,-1,925,908,894,-1,925,894,913,-1,926,912,915,-1,927,901,916,-1,927,913,901,-1,928,922,914,-1,928,902,917,-1,928,914,902,-1,929,903,918,-1,929,915,903,-1,930,923,922,-1,930,931,923,-1,932,916,919,-1,933,917,905,-1,933,905,920,-1,934,906,921,-1,934,911,935,-1,934,921,911,-1,934,918,906,-1,936,907,924,-1,936,919,907,-1,937,920,908,-1,937,908,925,-1,938,922,928,-1,939,936,924,-1,939,924,912,-1,939,912,926,-1,940,925,913,-1,940,913,927,-1,941,939,926,-1,941,926,915,-1,941,915,929,-1,942,927,916,-1,942,916,932,-1,943,917,933,-1,943,928,917,-1,944,934,935,-1,944,929,918,-1,944,935,945,-1,944,918,934,-1,946,930,922,-1,946,922,938,-1,946,931,930,-1,946,947,931,-1,948,919,936,-1,948,932,919,-1,949,920,937,-1,949,933,920,-1,950,936,939,-1,951,937,925,-1,951,925,940,-1,951,949,937,-1,952,928,943,-1,952,938,928,-1,953,950,939,-1,953,939,941,-1,954,940,927,-1,954,927,942,-1,955,941,929,-1,955,944,945,-1,955,945,956,-1,955,956,957,-1,955,929,944,-1,958,932,948,-1,958,942,932,-1,959,943,933,-1,959,933,949,-1,960,947,946,-1,960,961,947,-1,962,946,938,-1,962,938,952,-1,963,936,950,-1,963,948,936,-1,963,958,948,-1,964,949,951,-1,965,950,953,-1,965,963,950,-1,966,951,940,-1,966,940,954,-1,967,943,959,-1,967,952,943,-1,968,955,957,-1,968,953,941,-1,968,941,955,-1,969,954,942,-1,969,942,958,-1,969,966,954,-1,970,969,958,-1,970,958,963,-1,971,959,949,-1,971,949,964,-1,971,967,959,-1,972,960,946,-1,972,946,962,-1,972,961,960,-1,972,973,961,-1,974,952,967,-1,974,962,952,-1,975,963,965,-1,976,951,966,-1,976,964,951,-1,977,953,968,-1,977,968,957,-1,977,965,953,-1,977,957,978,-1,977,978,979,-1,980,976,966,-1,980,966,969,-1,981,967,971,-1,982,969,970,-1,983,970,963,-1,983,963,975,-1,984,985,973,-1,984,973,972,-1,986,981,971,-1,986,971,964,-1,986,964,976,-1,987,962,974,-1,987,972,962,-1,988,974,967,-1,988,967,981,-1,989,965,977,-1,989,975,965,-1,989,977,979,-1,990,976,980,-1,991,980,969,-1,991,969,982,-1,992,981,986,-1,993,970,983,-1,993,982,970,-1,993,991,982,-1,994,983,975,-1,994,975,989,-1,994,989,979,-1,994,979,995,-1,996,985,984,-1,996,984,972,-1,996,997,998,-1,996,998,985,-1,996,972,987,-1,999,976,990,-1,999,986,976,-1,1000,996,987,-1,1000,987,974,-1,1000,974,988,-1,1001,1000,988,-1,1001,981,992,-1,1001,988,981,-1,1002,980,991,-1,1002,990,980,-1,1003,991,993,-1,1004,992,986,-1,1004,986,999,-1,1005,993,983,-1,1005,983,994,-1,1005,994,995,-1,1005,995,1006,-1,1007,996,1000,-1,1008,990,1002,-1,1008,999,990,-1,1008,1004,999,-1,1009,1000,1001,-1,1010,1001,992,-1,1010,992,1004,-1,1011,1008,1002,-1,1011,991,1003,-1,1011,1002,991,-1,1012,993,1005,-1,1012,1006,1013,-1,1012,1005,1006,-1,1012,1003,993,-1,1014,1004,1008,-1,1015,997,996,-1,1015,996,1007,-1,1015,1016,997,-1,1017,1007,1000,-1,1017,1000,1009,-1,1018,1008,1011,-1,1019,1001,1010,-1,1019,1009,1001,-1,1019,1017,1009,-1,1020,1004,1014,-1,1020,1010,1004,-1,1020,1019,1010,-1,1021,1011,1003,-1,1021,1003,1012,-1,1021,1013,1022,-1,1021,1022,1023,-1,1021,1012,1013,-1,1024,1008,1018,-1,1024,1014,1008,-1,1025,1016,1015,-1,1025,1015,1007,-1,1025,1007,1017,-1,1026,1017,1019,-1,1027,1021,1023,-1,1027,1024,1018,-1,1027,1018,1011,-1,1027,1011,1021,-1,1028,1019,1020,-1,1029,1028,1020,-1,1029,1014,1024,-1,1029,1020,1014,-1,1030,1016,1025,-1,1030,1031,1016,-1,1032,1027,1023,-1,1032,1023,1033,-1,1032,1024,1027,-1,1034,1025,1017,-1,1034,1017,1026,-1,1035,1019,1028,-1,1035,1026,1019,-1,1035,1034,1026,-1,1036,1028,1029,-1,1036,1035,1028,-1,1037,1029,1024,-1,1037,1024,1032,-1,1037,1032,1033,-1,1037,1033,1038,-1,1039,1025,1034,-1,1039,1030,1025,-1,1039,1031,1030,-1,1039,1040,1041,-1,1039,1041,1031,-1,1042,1039,1034,-1,1042,1034,1035,-1,1043,1035,1036,-1,1044,1029,1037,-1,1044,1037,1038,-1,1044,1038,1045,-1,1044,1036,1029,-1,1046,1039,1042,-1,1046,1040,1039,-1,1047,1042,1035,-1,1047,1035,1043,-1,1047,1046,1042,-1,1048,1040,1046,-1,1048,1049,1040,-1,1050,1043,1036,-1,1050,1036,1044,-1,1050,1047,1043,-1,1050,1044,1045,-1,1050,1045,1051,-1,1052,1046,1047,-1,1053,1047,1050,-1,1053,1050,1051,-1,1053,1051,1054,-1,1055,1046,1052,-1,1055,1048,1046,-1,1055,1049,1048,-1,1055,1056,1049,-1,1057,1052,1047,-1,1057,1047,1053,-1,1057,1053,1054,-1,1057,1054,1058,-1,1059,1052,1057,-1,1059,1057,1058,-1,1059,1056,1055,-1,1059,1055,1052,-1,1059,1058,1060,-1,1059,1060,1056,-1,1061,1062,1063,-1,1064,1062,1061,-1,1065,1062,1064,-1,1066,1062,1065,-1,1067,1062,1066,-1,1068,1062,1067,-1,1069,1062,1068,-1,1070,1062,1069,-1,1071,1062,1070,-1,1072,1073,1074,-1,1075,1073,1072,-1,1076,1073,1075,-1,1077,1073,1076,-1,1078,1073,1077,-1,1079,1073,1078,-1,1080,1073,1079,-1,1063,1073,1080,-1,1062,1073,1063,-1,3,1062,1081,-1,1081,1062,1082,-1,1082,1062,1083,-1,1083,1062,1084,-1,1084,1062,1085,-1,1085,1062,1086,-1,1086,1062,1087,-1,1087,1062,1088,-1,1088,1062,1089,-1,1089,1062,1090,-1,1090,1062,1091,-1,1091,1062,1092,-1,1092,1062,1093,-1,1093,1062,1094,-1,1094,1062,1095,-1,1095,1062,1096,-1,1096,1062,1097,-1,1097,1062,1098,-1,1098,1062,1099,-1,1099,1062,1100,-1,1100,1062,1101,-1,1101,1062,1102,-1,1102,1062,1103,-1,1103,1062,1104,-1,1104,1062,1105,-1,1105,1062,1106,-1,1106,1062,1107,-1,1107,1062,1108,-1,1108,1062,1109,-1,1109,1062,1110,-1,1110,1062,1111,-1,1112,1113,1114,-1,1114,1113,1115,-1,1115,1113,1116,-1,1116,1113,1117,-1,1117,1113,1118,-1,1118,1113,1119,-1,1119,1113,1120,-1,1120,1113,1121,-1,1121,1113,1122,-1,1062,1113,1111,-1,1122,1113,1123,-1,1111,1113,1124,-1,1124,1113,1125,-1,1125,1113,1126,-1,1126,1113,1127,-1,1127,1113,1128,-1,1128,1113,1112,-1,3,1073,1062,-1,30,1073,28,-1,28,1073,26,-1,26,1073,24,-1,24,1073,22,-1,22,1073,20,-1,20,1073,18,-1,18,1073,16,-1,16,1073,14,-1,14,1073,12,-1,12,1073,10,-1,10,1073,8,-1,8,1073,6,-1,6,1073,4,-1,4,1073,0,-1,0,1073,3,-1,30,32,1073,-1,1113,1129,1123,-1,32,34,1073,-1,1113,1130,1129,-1,34,36,1073,-1,1113,1131,1130,-1,36,38,1073,-1,1113,1132,1131,-1,38,40,1073,-1,1113,1133,1132,-1,40,42,1073,-1,1113,1134,1133,-1,42,44,1073,-1,1113,1135,1134,-1,44,46,1073,-1,1113,1136,1135,-1,46,48,1073,-1,1113,1137,1136,-1,48,50,1073,-1,1113,1138,1137,-1,50,52,1073,-1,1113,1139,1138,-1,52,54,1073,-1,1113,1140,1139,-1,54,56,1073,-1,1113,1141,1140,-1,56,58,1073,-1,1113,1142,1141,-1,58,60,1073,-1,1113,1143,1142,-1,60,62,1073,-1,1113,126,1143,-1,1144,126,1113,-1,1073,64,1144,-1,62,64,1073,-1,1144,124,126,-1,64,66,1144,-1,1144,122,124,-1,66,68,1144,-1,1144,120,122,-1,68,70,1144,-1,1144,118,120,-1,70,72,1144,-1,1144,116,118,-1,72,74,1144,-1,1144,114,116,-1,74,76,1144,-1,1144,112,114,-1,76,78,1144,-1,1144,110,112,-1,78,80,1144,-1,1144,108,110,-1,80,82,1144,-1,1144,106,108,-1,82,84,1144,-1,1144,104,106,-1,84,86,1144,-1,1144,102,104,-1,86,88,1144,-1,1144,100,102,-1,88,90,1144,-1,1144,98,100,-1,90,92,1144,-1,1144,96,98,-1,92,94,1144,-1,1144,94,96,-1,1143,126,127,-1,1143,127,1145,-1,1142,1145,1146,-1,1142,1143,1145,-1,1141,1146,1147,-1,1141,1142,1146,-1,1140,1147,1148,-1,1140,1141,1147,-1,1139,1148,1149,-1,1139,1140,1148,-1,1138,1149,1150,-1,1138,1139,1149,-1,1137,1150,1151,-1,1137,1138,1150,-1,1136,1151,1152,-1,1136,1137,1151,-1,1135,1152,1153,-1,1135,1136,1152,-1,1134,1153,1154,-1,1134,1135,1153,-1,1133,1154,1155,-1,1133,1134,1154,-1,1132,1155,1156,-1,1132,1133,1155,-1,1131,1156,1157,-1,1131,1132,1156,-1,1130,1157,1158,-1,1130,1131,1157,-1,1129,1158,1159,-1,1129,1130,1158,-1,1123,1159,1160,-1,1123,1129,1159,-1,1122,1160,1161,-1,1122,1123,1160,-1,1121,1161,1162,-1,1121,1122,1161,-1,1120,1121,1162,-1,1120,1162,1163,-1,1119,1120,1163,-1,1119,1163,1164,-1,1118,1119,1164,-1,1118,1164,1165,-1,1117,1118,1165,-1,1117,1165,1166,-1,1116,1166,1167,-1,1116,1117,1166,-1,1115,1167,1168,-1,1115,1116,1167,-1,1114,1168,1169,-1,1114,1115,1168,-1,1112,1169,1170,-1,1112,1114,1169,-1,1128,1170,1171,-1,1128,1112,1170,-1,1127,1171,1172,-1,1127,1128,1171,-1,1126,1172,1173,-1,1126,1127,1172,-1,1125,1173,1174,-1,1125,1126,1173,-1,1124,1174,1175,-1,1124,1125,1174,-1,1111,1175,1176,-1,1111,1124,1175,-1,1110,1176,1177,-1,1110,1111,1176,-1,1109,1177,1178,-1,1109,1110,1177,-1,1108,1178,1179,-1,1108,1109,1178,-1,1107,1179,1180,-1,1107,1108,1179,-1,1106,1180,1181,-1,1106,1107,1180,-1,1105,1181,1182,-1,1105,1106,1181,-1,1104,1182,1183,-1,1104,1105,1182,-1,1103,1183,1184,-1,1103,1104,1183,-1,1102,1184,1185,-1,1102,1103,1184,-1,1101,1185,1186,-1,1101,1102,1185,-1,1100,1101,1186,-1,1100,1186,1187,-1,1099,1100,1187,-1,1099,1187,1188,-1,1098,1099,1188,-1,1098,1188,1189,-1,1097,1098,1189,-1,1097,1189,1190,-1,1097,1190,1191,-1,1096,1097,1191,-1,1095,1096,1191,-1,1095,1191,1192,-1,1094,1095,1192,-1,1094,1192,1193,-1,1093,1094,1193,-1,1093,1193,1194,-1,1093,1194,1195,-1,1092,1093,1195,-1,1091,1092,1195,-1,1091,1195,1196,-1,1090,1091,1196,-1,1090,1196,1197,-1,1089,1090,1197,-1,1089,1197,1198,-1,1088,1089,1198,-1,1088,1198,1199,-1,1088,1199,1200,-1,1087,1088,1200,-1,1086,1200,1201,-1,1086,1087,1200,-1,1085,1201,1202,-1,1085,1086,1201,-1,1084,1202,1203,-1,1084,1203,1204,-1,1084,1085,1202,-1,1083,1084,1204,-1,1082,1204,1205,-1,1082,1083,1204,-1,1081,1205,1206,-1,1081,1082,1205,-1,3,1206,1,-1,3,1081,1206,-1,1207,1208,1209,-1,1209,1208,1210,-1,1071,1070,1211,-1,923,1212,897,-1,1212,875,897,-1,1213,1214,1208,-1,1210,1214,1215,-1,1208,1214,1210,-1,1215,1216,1217,-1,1214,1216,1215,-1,1213,1216,1214,-1,1218,1219,1213,-1,1216,1219,1217,-1,1213,1219,1216,-1,1217,1220,1221,-1,1218,1220,1219,-1,1219,1220,1217,-1,1220,1222,1221,-1,1223,1224,1225,-1,1223,1226,1224,-1,1226,1227,1224,-1,1226,1228,1227,-1,1228,1229,1227,-1,1230,1229,1228,-1,1230,1231,1229,-1,1232,1233,1234,-1,1235,1233,1232,-1,1211,1233,1235,-1,1070,1233,1211,-1,1069,1233,1070,-1,1236,1237,1238,-1,1238,1237,1239,-1,1239,1237,1240,-1,1240,1241,1242,-1,1237,1241,1240,-1,1242,1243,1244,-1,1245,1246,961,-1,961,1246,947,-1,1246,1247,947,-1,1248,1247,1246,-1,1249,1247,1248,-1,1249,1250,1247,-1,1247,1250,947,-1,947,1250,931,-1,923,1251,1212,-1,1249,1251,1250,-1,1250,1251,931,-1,931,1251,923,-1,1212,1251,1249,-1,1252,1253,1254,-1,1254,1253,1255,-1,1255,1253,1256,-1,1256,1253,1074,-1,1074,1253,1072,-1,1221,1257,1258,-1,1259,1257,1260,-1,1222,1257,1221,-1,1260,1257,1222,-1,1258,1261,1262,-1,1257,1261,1258,-1,1225,1263,1259,-1,1259,1263,1257,-1,1257,1263,1261,-1,1261,1263,1262,-1,1264,1265,1218,-1,1259,1265,1225,-1,1260,1265,1259,-1,1220,1265,1222,-1,1218,1265,1220,-1,1222,1265,1260,-1,1263,1266,1262,-1,1225,1266,1263,-1,1224,1266,1225,-1,1262,1267,1268,-1,1227,1267,1224,-1,1266,1267,1262,-1,1224,1267,1266,-1,1269,1270,1264,-1,1225,1270,1223,-1,1265,1270,1225,-1,1264,1270,1265,-1,1267,1271,1268,-1,1227,1271,1267,-1,1272,1273,1269,-1,1270,1273,1223,-1,1269,1273,1270,-1,1268,1274,1275,-1,1271,1274,1268,-1,1227,1274,1271,-1,1223,1276,1226,-1,1272,1276,1273,-1,1273,1276,1223,-1,1229,1277,1227,-1,1227,1277,1274,-1,1274,1277,1275,-1,1276,1278,1226,-1,1228,1278,1230,-1,1226,1278,1228,-1,1272,1278,1276,-1,1277,1279,1275,-1,1229,1280,1277,-1,1231,1280,1229,-1,1277,1280,1279,-1,1281,1282,1272,-1,1272,1282,1278,-1,1278,1282,1230,-1,1283,1284,1281,-1,1281,1284,1282,-1,1282,1285,1230,-1,1284,1285,1282,-1,1283,1286,1284,-1,1284,1286,1285,-1,1231,1287,1280,-1,1283,1288,1286,-1,1289,1288,1283,-1,1290,1288,1289,-1,1290,1291,1288,-1,1292,1293,1294,-1,1295,1293,1296,-1,1294,1297,1298,-1,1295,1297,1293,-1,1293,1297,1294,-1,1299,1300,1295,-1,1297,1300,1298,-1,1295,1300,1297,-1,1299,1301,1300,-1,1300,1301,1298,-1,1298,1302,1303,-1,1301,1302,1298,-1,1304,1302,1299,-1,1299,1302,1301,-1,1296,1305,1295,-1,1302,1306,1303,-1,1304,1306,1302,-1,1303,1307,1060,-1,1308,1307,1304,-1,1306,1307,1303,-1,1304,1307,1306,-1,1307,1309,1060,-1,1310,1309,1308,-1,1308,1309,1307,-1,1310,1311,1309,-1,1309,1311,1060,-1,1312,1313,1310,-1,1310,1313,1311,-1,1060,1313,1056,-1,1311,1313,1060,-1,1314,1315,1312,-1,1312,1315,1313,-1,1313,1315,1056,-1,1316,1317,1318,-1,1295,1319,1299,-1,1299,1319,1304,-1,1305,1319,1295,-1,1314,1320,1315,-1,1315,1320,1056,-1,1319,1321,1304,-1,1304,1321,1308,-1,1314,1322,1320,-1,1323,1322,1314,-1,1320,1322,1056,-1,1321,1324,1308,-1,1325,1326,1324,-1,1324,1326,1308,-1,1308,1326,1310,-1,1326,1327,1310,-1,1325,1327,1326,-1,1322,1328,1056,-1,1323,1328,1322,-1,1056,1328,1049,-1,1310,1329,1312,-1,1327,1329,1310,-1,1325,1329,1327,-1,1329,1330,1312,-1,1325,1330,1329,-1,1328,1331,1049,-1,1049,1331,1040,-1,1312,1332,1314,-1,1330,1332,1312,-1,1318,1333,1316,-1,1316,1334,1317,-1,1335,1334,1336,-1,1336,1334,1316,-1,1335,1337,1334,-1,1338,1337,1335,-1,1333,1339,1316,-1,1065,1339,1333,-1,1064,1339,1065,-1,1338,1340,1337,-1,1341,1342,1338,-1,1340,1342,1325,-1,1338,1342,1340,-1,1064,1343,1339,-1,1339,1343,1316,-1,1342,1344,1325,-1,1341,1344,1342,-1,1064,1345,1343,-1,1343,1345,1316,-1,1316,1345,1336,-1,1344,1346,1325,-1,1341,1346,1344,-1,1347,1346,1341,-1,1347,1348,1346,-1,1346,1348,1325,-1,1345,1349,1336,-1,1336,1349,1335,-1,1064,1349,1345,-1,1061,1349,1064,-1,1347,1350,1348,-1,1351,1350,1347,-1,1349,1352,1335,-1,1061,1352,1349,-1,1351,1353,1350,-1,1354,1353,1351,-1,1335,1355,1338,-1,1352,1355,1335,-1,1061,1355,1352,-1,1338,1356,1341,-1,1063,1356,1061,-1,1355,1356,1338,-1,1061,1356,1355,-1,1063,1357,1356,-1,1356,1357,1341,-1,1341,1358,1347,-1,1357,1358,1341,-1,1063,1358,1357,-1,1358,1359,1347,-1,1063,1359,1358,-1,1347,1359,1351,-1,1080,1359,1063,-1,1080,1360,1359,-1,1359,1360,1351,-1,1080,1361,1360,-1,1360,1361,1351,-1,1351,1361,1354,-1,1238,1362,1236,-1,1080,1363,1361,-1,1361,1363,1354,-1,1079,1363,1080,-1,1354,1363,1364,-1,1238,1365,1362,-1,1239,1365,1238,-1,1079,1366,1363,-1,1363,1366,1364,-1,1367,1368,1369,-1,1369,1368,997,-1,997,1368,998,-1,1365,1368,1367,-1,1239,1368,1365,-1,1366,1370,1364,-1,1079,1370,1366,-1,1078,1370,1079,-1,1368,1371,998,-1,1239,1371,1368,-1,1240,1371,1239,-1,1242,1372,1240,-1,1240,1372,1371,-1,1371,1372,998,-1,1078,1373,1370,-1,1242,1374,1372,-1,1244,1374,1242,-1,998,1374,985,-1,1372,1374,998,-1,1244,1375,1374,-1,1243,1375,1244,-1,1374,1375,985,-1,1376,1377,1243,-1,985,1377,973,-1,1243,1377,1375,-1,1375,1377,985,-1,1377,1378,973,-1,1379,1378,1376,-1,1245,1378,1379,-1,961,1378,1245,-1,973,1378,961,-1,1376,1378,1377,-1,1380,1381,1382,-1,1381,1383,1382,-1,1236,1384,1237,-1,1384,1385,1386,-1,1386,1385,1387,-1,1380,1388,1381,-1,1385,1388,1387,-1,1387,1388,1380,-1,1237,1389,1241,-1,1384,1390,1237,-1,1386,1390,1384,-1,1237,1390,1389,-1,1391,1390,1386,-1,1242,1392,1243,-1,1241,1392,1242,-1,1389,1393,1241,-1,1241,1393,1392,-1,1390,1393,1389,-1,1391,1393,1390,-1,1392,1393,1394,-1,1394,1393,1391,-1,1392,1395,1243,-1,1394,1395,1392,-1,1396,1395,1394,-1,1243,1397,1376,-1,1395,1397,1243,-1,1376,1397,1379,-1,1379,1397,1245,-1,1245,1397,1246,-1,1246,1397,1248,-1,1396,1397,1395,-1,1248,1397,1396,-1,1275,1398,1399,-1,1287,1398,1280,-1,1279,1398,1275,-1,1280,1398,1279,-1,1287,1400,1398,-1,1398,1400,1399,-1,1401,1400,1287,-1,1399,1402,1403,-1,1400,1402,1399,-1,1401,1402,1400,-1,1404,1402,1401,-1,1402,1405,1403,-1,1404,1405,1402,-1,1406,1405,1404,-1,1405,1407,1403,-1,1406,1407,1405,-1,1407,1408,1403,-1,1409,1408,1406,-1,1406,1408,1407,-1,1285,1410,1230,-1,1288,1410,1286,-1,1230,1410,1231,-1,1411,1410,1291,-1,1291,1410,1288,-1,1286,1410,1285,-1,1412,1413,1409,-1,1403,1413,1414,-1,1409,1413,1408,-1,1408,1413,1403,-1,1415,1416,1412,-1,1413,1416,1414,-1,1412,1416,1413,-1,1415,1417,1416,-1,1416,1417,1414,-1,1231,1418,1287,-1,1410,1418,1231,-1,1411,1418,1410,-1,1418,1419,1287,-1,1411,1419,1418,-1,1287,1419,1401,-1,1414,1420,1292,-1,1415,1420,1417,-1,1417,1420,1414,-1,1421,1420,1415,-1,1401,1422,1404,-1,1423,1422,1411,-1,1419,1422,1401,-1,1411,1422,1419,-1,1423,1424,1422,-1,1422,1424,1404,-1,1296,1425,1421,-1,1421,1425,1420,-1,1420,1425,1292,-1,1292,1426,1293,-1,1293,1426,1296,-1,1296,1426,1425,-1,1425,1426,1292,-1,1427,1428,1423,-1,1404,1428,1406,-1,1423,1428,1424,-1,1424,1428,1404,-1,1427,1429,1428,-1,1428,1429,1406,-1,1427,1430,1429,-1,1406,1430,1409,-1,1429,1430,1406,-1,1409,1431,1412,-1,1432,1431,1427,-1,1427,1431,1430,-1,1430,1431,1409,-1,1290,1433,1291,-1,1434,1433,1290,-1,1234,1433,1434,-1,1291,1433,1435,-1,1233,1433,1234,-1,1432,1436,1431,-1,1431,1436,1412,-1,1437,1438,1432,-1,1436,1438,1412,-1,1412,1438,1415,-1,1432,1438,1436,-1,1435,1439,1291,-1,1291,1439,1411,-1,1440,1439,1435,-1,1437,1441,1438,-1,1438,1441,1415,-1,1440,1442,1439,-1,1443,1442,1440,-1,1411,1442,1423,-1,1439,1442,1411,-1,1441,1444,1415,-1,1437,1444,1441,-1,1445,1444,1437,-1,1415,1444,1421,-1,1442,1446,1423,-1,1443,1446,1442,-1,1445,1447,1444,-1,1444,1447,1421,-1,1421,1447,1296,-1,1445,1448,1447,-1,1447,1448,1296,-1,1296,1448,1305,-1,1449,1450,1443,-1,1443,1450,1446,-1,1423,1450,1427,-1,1446,1450,1423,-1,1450,1451,1427,-1,1449,1451,1450,-1,1452,1451,1449,-1,1452,1453,1451,-1,1451,1453,1427,-1,1452,1454,1453,-1,1427,1454,1432,-1,1455,1454,1452,-1,1453,1454,1427,-1,1454,1456,1432,-1,1455,1456,1454,-1,1069,1457,1233,-1,1433,1457,1435,-1,1233,1457,1433,-1,1435,1457,1440,-1,1068,1457,1069,-1,1432,1458,1437,-1,1456,1458,1432,-1,1455,1458,1456,-1,1459,1458,1455,-1,1458,1460,1437,-1,1459,1460,1458,-1,1461,1460,1459,-1,1068,1462,1457,-1,1457,1462,1440,-1,1460,1463,1437,-1,1461,1463,1460,-1,1068,1464,1462,-1,1440,1464,1443,-1,1462,1464,1440,-1,1437,1465,1445,-1,1463,1465,1437,-1,1461,1465,1463,-1,1318,1465,1461,-1,1443,1466,1449,-1,1068,1466,1464,-1,1464,1466,1443,-1,1067,1466,1068,-1,1317,1467,1318,-1,1318,1467,1465,-1,1445,1467,1317,-1,1465,1467,1445,-1,1445,1468,1448,-1,1448,1468,1305,-1,1317,1468,1445,-1,1466,1469,1449,-1,1067,1469,1466,-1,1449,1469,1452,-1,1067,1470,1469,-1,1469,1470,1452,-1,1452,1471,1455,-1,1470,1471,1452,-1,1067,1471,1470,-1,1305,1472,1319,-1,1468,1472,1305,-1,1334,1472,1317,-1,1317,1472,1468,-1,1066,1473,1067,-1,1067,1473,1471,-1,1471,1473,1455,-1,1455,1473,1459,-1,1066,1474,1473,-1,1473,1474,1459,-1,1459,1474,1461,-1,1066,1475,1474,-1,1474,1475,1461,-1,1461,1475,1318,-1,1333,1476,1065,-1,1318,1476,1333,-1,1065,1476,1066,-1,1066,1476,1475,-1,1475,1476,1318,-1,1325,1477,1340,-1,1324,1477,1325,-1,1321,1477,1324,-1,1319,1477,1321,-1,1337,1477,1334,-1,1340,1477,1337,-1,1472,1477,1319,-1,1334,1477,1472,-1,1331,1478,1040,-1,1331,1479,1478,-1,1478,1479,1480,-1,1328,1479,1331,-1,1323,1479,1328,-1,1480,1479,1481,-1,1332,1482,1314,-1,1314,1482,1323,-1,1481,1482,1483,-1,1323,1482,1479,-1,1479,1482,1481,-1,1332,1484,1482,-1,1325,1484,1330,-1,1482,1484,1483,-1,1330,1484,1332,-1,1348,1484,1325,-1,1353,1484,1350,-1,1350,1484,1348,-1,1483,1484,1353,-1,1480,1485,1478,-1,1040,1485,1041,-1,1478,1485,1040,-1,1486,1485,1480,-1,1487,1488,1486,-1,1485,1488,1041,-1,1486,1488,1485,-1,1487,1489,1488,-1,1488,1489,1041,-1,1490,1491,1487,-1,1487,1491,1489,-1,1489,1491,1041,-1,1492,1493,1490,-1,1490,1493,1491,-1,1491,1493,1041,-1,1041,1493,1031,-1,1494,1495,1492,-1,1492,1495,1493,-1,1493,1495,1031,-1,1495,1496,1031,-1,1494,1496,1495,-1,1497,1498,1494,-1,1494,1498,1496,-1,1496,1498,1031,-1,1481,1499,1480,-1,1499,1500,1501,-1,1481,1500,1499,-1,1483,1500,1481,-1,1501,1500,1502,-1,1503,1504,1497,-1,1497,1504,1498,-1,1031,1504,1016,-1,1498,1504,1031,-1,1502,1505,1364,-1,1483,1505,1500,-1,1364,1505,1354,-1,1500,1505,1502,-1,1353,1505,1483,-1,1354,1505,1353,-1,1501,1506,1499,-1,1499,1506,1480,-1,1507,1506,1501,-1,1480,1506,1486,-1,1507,1508,1506,-1,1486,1508,1487,-1,1506,1508,1486,-1,1507,1509,1508,-1,1508,1509,1487,-1,1503,1510,1504,-1,1362,1510,1503,-1,1504,1510,1016,-1,1369,1511,1367,-1,997,1511,1369,-1,1016,1511,997,-1,1365,1511,1362,-1,1367,1511,1365,-1,1510,1511,1016,-1,1362,1511,1510,-1,1487,1512,1490,-1,1513,1512,1507,-1,1507,1512,1509,-1,1509,1512,1487,-1,1513,1514,1512,-1,1512,1514,1490,-1,1490,1515,1492,-1,1514,1515,1490,-1,1513,1515,1514,-1,1516,1515,1513,-1,1492,1517,1494,-1,1516,1517,1515,-1,1515,1517,1492,-1,1517,1518,1494,-1,1516,1518,1517,-1,1494,1519,1497,-1,1518,1519,1494,-1,1516,1519,1518,-1,1520,1519,1516,-1,1519,1521,1497,-1,1520,1521,1519,-1,1502,1522,1501,-1,1364,1523,1502,-1,1524,1523,1373,-1,1522,1523,1524,-1,1373,1523,1370,-1,1502,1523,1522,-1,1370,1523,1364,-1,1521,1525,1497,-1,1497,1525,1503,-1,1526,1525,1520,-1,1520,1525,1521,-1,1524,1527,1522,-1,1528,1527,1524,-1,1501,1527,1507,-1,1522,1527,1501,-1,1528,1529,1527,-1,1527,1529,1507,-1,1526,1530,1525,-1,1503,1530,1362,-1,1525,1530,1503,-1,1529,1531,1507,-1,1532,1531,1528,-1,1528,1531,1529,-1,1530,1533,1362,-1,1236,1533,1526,-1,1362,1533,1236,-1,1526,1533,1530,-1,1531,1534,1507,-1,1507,1534,1513,-1,1532,1534,1531,-1,1535,1534,1532,-1,1534,1536,1513,-1,1535,1536,1534,-1,1535,1537,1536,-1,1538,1537,1535,-1,1513,1537,1516,-1,1536,1537,1513,-1,1538,1539,1537,-1,1537,1539,1516,-1,1538,1540,1539,-1,1539,1540,1516,-1,1541,1540,1538,-1,1542,1543,1541,-1,1541,1543,1540,-1,1540,1543,1516,-1,1516,1543,1520,-1,1542,1544,1543,-1,1543,1544,1520,-1,1373,1545,1524,-1,1077,1545,1078,-1,1078,1545,1373,-1,1524,1545,1528,-1,1545,1546,1528,-1,1077,1546,1545,-1,1542,1547,1544,-1,1544,1547,1520,-1,1520,1547,1526,-1,1548,1547,1542,-1,1546,1549,1528,-1,1077,1549,1546,-1,1528,1549,1532,-1,1547,1550,1526,-1,1383,1550,1551,-1,1526,1550,1383,-1,1551,1550,1548,-1,1548,1550,1547,-1,1549,1552,1532,-1,1076,1552,1077,-1,1532,1552,1535,-1,1077,1552,1549,-1,1384,1553,1385,-1,1526,1553,1236,-1,1236,1553,1384,-1,1383,1553,1526,-1,1381,1553,1383,-1,1388,1553,1381,-1,1385,1553,1388,-1,1552,1554,1535,-1,1535,1554,1538,-1,1076,1554,1552,-1,1076,1555,1554,-1,1554,1555,1538,-1,1076,1556,1555,-1,1555,1556,1538,-1,1538,1556,1541,-1,1541,1557,1542,-1,1076,1557,1556,-1,1075,1557,1076,-1,1556,1557,1541,-1,1557,1558,1542,-1,1075,1558,1557,-1,1542,1558,1548,-1,1253,1559,1072,-1,1558,1559,1548,-1,1072,1559,1075,-1,1075,1559,1558,-1,1559,1560,1548,-1,1551,1560,1383,-1,1383,1560,1382,-1,1548,1560,1551,-1,1253,1560,1559,-1,1382,1560,1561,-1,1561,1560,1252,-1,1252,1560,1253,-1,132,1,1206,-1,1303,1060,1058,-1,128,1145,127,-1,1562,132,1206,-1,1562,1206,1205,-1,1563,910,132,-1,1563,132,1562,-1,1564,1562,1205,-1,1564,1204,1203,-1,1564,1205,1204,-1,1565,911,910,-1,1565,910,1563,-1,1566,1562,1564,-1,1566,1563,1562,-1,1567,1203,1202,-1,1567,1564,1203,-1,1568,935,911,-1,1568,911,1565,-1,1569,1563,1566,-1,1569,1565,1563,-1,1570,1566,1564,-1,1570,1564,1567,-1,1571,1567,1202,-1,1571,1202,1201,-1,1572,945,935,-1,1572,935,1568,-1,1573,1568,1565,-1,1573,1565,1569,-1,1574,1566,1570,-1,1574,1569,1566,-1,1575,1570,1567,-1,1575,1567,1571,-1,1576,945,1572,-1,1576,956,945,-1,1577,1571,1201,-1,1577,1200,1199,-1,1577,1201,1200,-1,1578,1572,1568,-1,1578,1568,1573,-1,1579,1569,1574,-1,1579,1573,1569,-1,1580,1574,1570,-1,1580,1570,1575,-1,1581,957,956,-1,1581,956,1576,-1,1582,1575,1571,-1,1582,1571,1577,-1,1583,1572,1578,-1,1583,1576,1572,-1,1584,1577,1199,-1,1584,1199,1198,-1,1585,1578,1573,-1,1585,1573,1579,-1,1586,1574,1580,-1,1586,1579,1574,-1,1587,978,957,-1,1587,957,1581,-1,1588,1580,1575,-1,1588,1575,1582,-1,1589,1581,1576,-1,1589,1576,1583,-1,1590,1577,1584,-1,1590,1582,1577,-1,1591,1583,1578,-1,1591,1578,1585,-1,1592,1197,1196,-1,1592,1198,1197,-1,1592,1584,1198,-1,1593,1579,1586,-1,1593,1585,1579,-1,1594,979,978,-1,1594,978,1587,-1,1595,1586,1580,-1,1595,1580,1588,-1,1596,1587,1581,-1,1596,1581,1589,-1,1597,1588,1582,-1,1597,1582,1590,-1,1598,1583,1591,-1,1598,1589,1583,-1,1599,1590,1584,-1,1599,1584,1592,-1,1600,1591,1585,-1,1600,1585,1593,-1,1601,995,979,-1,1601,979,1594,-1,1602,1592,1196,-1,1602,1196,1195,-1,1603,1593,1586,-1,1603,1586,1595,-1,1604,1587,1596,-1,1604,1594,1587,-1,1605,1595,1588,-1,1605,1588,1597,-1,1606,1596,1589,-1,1606,1589,1598,-1,1607,1597,1590,-1,1607,1590,1599,-1,1608,1598,1591,-1,1608,1591,1600,-1,1609,1006,995,-1,1609,995,1601,-1,1610,1592,1602,-1,1610,1599,1592,-1,1611,1600,1593,-1,1611,1593,1603,-1,1612,1594,1604,-1,1612,1601,1594,-1,1613,1602,1195,-1,1613,1195,1194,-1,1614,1595,1605,-1,1614,1603,1595,-1,1615,1596,1606,-1,1615,1604,1596,-1,1616,1597,1607,-1,1616,1605,1597,-1,1617,1598,1608,-1,1617,1606,1598,-1,1618,1013,1006,-1,1618,1006,1609,-1,1619,1599,1610,-1,1619,1607,1599,-1,1620,1608,1600,-1,1620,1600,1611,-1,1621,1609,1601,-1,1621,1601,1612,-1,1622,1610,1602,-1,1622,1602,1613,-1,1623,1603,1614,-1,1623,1611,1603,-1,1624,1612,1604,-1,1624,1604,1615,-1,1625,1613,1194,-1,1625,1193,1192,-1,1625,1194,1193,-1,1626,1605,1616,-1,1626,1614,1605,-1,1627,1606,1617,-1,1627,1615,1606,-1,1628,1022,1013,-1,1628,1013,1618,-1,1629,1616,1607,-1,1629,1607,1619,-1,1630,1608,1620,-1,1630,1617,1608,-1,1631,1618,1609,-1,1631,1609,1621,-1,1632,1610,1622,-1,1632,1619,1610,-1,1633,1611,1623,-1,1633,1620,1611,-1,1634,1612,1624,-1,1634,1621,1612,-1,1635,1622,1613,-1,1635,1613,1625,-1,1636,1614,1626,-1,1636,1623,1614,-1,1637,1615,1627,-1,1637,1624,1615,-1,1638,1625,1192,-1,1638,1192,1191,-1,1639,1023,1022,-1,1639,1022,1628,-1,1640,1616,1629,-1,1640,1626,1616,-1,1641,1617,1630,-1,1641,1627,1617,-1,1641,1637,1627,-1,1642,1618,1631,-1,1642,1628,1618,-1,1643,1629,1619,-1,1643,1619,1632,-1,1644,1630,1620,-1,1644,1620,1633,-1,1645,1621,1634,-1,1645,1631,1621,-1,1646,1632,1622,-1,1646,1622,1635,-1,1647,1033,1023,-1,1647,1023,1639,-1,1648,1633,1623,-1,1648,1623,1636,-1,1649,1624,1637,-1,1649,1634,1624,-1,1650,1635,1625,-1,1650,1625,1638,-1,1651,1636,1626,-1,1651,1626,1640,-1,1652,1637,1641,-1,1653,1638,1191,-1,1653,1191,1190,-1,1654,1639,1628,-1,1654,1628,1642,-1,1655,1640,1629,-1,1655,1629,1643,-1,1656,1038,1033,-1,1656,1033,1647,-1,1657,1630,1644,-1,1657,1641,1630,-1,1658,1642,1631,-1,1658,1631,1645,-1,1659,1643,1632,-1,1659,1632,1646,-1,1660,1644,1633,-1,1660,1633,1648,-1,1661,1645,1634,-1,1661,1634,1649,-1,1662,1646,1635,-1,1662,1635,1650,-1,1663,1647,1639,-1,1663,1639,1654,-1,1664,1636,1651,-1,1664,1648,1636,-1,1665,1637,1652,-1,1665,1649,1637,-1,1666,1650,1638,-1,1666,1638,1653,-1,1667,1640,1655,-1,1667,1651,1640,-1,1668,1652,1641,-1,1668,1641,1657,-1,1669,1653,1190,-1,1669,1189,1188,-1,1669,1190,1189,-1,1670,1654,1642,-1,1670,1642,1658,-1,1671,1045,1038,-1,1671,1038,1656,-1,1672,1655,1643,-1,1672,1643,1659,-1,1673,1647,1663,-1,1673,1656,1647,-1,1674,1644,1660,-1,1674,1657,1644,-1,1675,1645,1661,-1,1675,1658,1645,-1,1676,1659,1646,-1,1676,1646,1662,-1,1677,1660,1648,-1,1677,1648,1664,-1,1678,1661,1649,-1,1678,1649,1665,-1,1679,1650,1666,-1,1679,1662,1650,-1,1680,1654,1670,-1,1680,1663,1654,-1,1681,1651,1667,-1,1681,1664,1651,-1,1682,1652,1668,-1,1682,1665,1652,-1,1683,1666,1653,-1,1683,1653,1669,-1,1684,1655,1672,-1,1684,1667,1655,-1,1685,1657,1674,-1,1685,1668,1657,-1,1686,1051,1045,-1,1686,1045,1671,-1,1687,1683,1669,-1,1687,1669,1188,-1,1687,1188,1187,-1,1688,1670,1658,-1,1688,1658,1675,-1,1689,1656,1673,-1,1689,1671,1656,-1,1690,1659,1676,-1,1690,1672,1659,-1,1691,1663,1680,-1,1691,1673,1663,-1,1692,1674,1660,-1,1692,1660,1677,-1,1693,1675,1661,-1,1693,1661,1678,-1,1694,1662,1679,-1,1694,1676,1662,-1,1695,1677,1664,-1,1695,1664,1681,-1,1696,1693,1678,-1,1696,1665,1682,-1,1696,1678,1665,-1,1697,1679,1666,-1,1697,1666,1683,-1,1698,1680,1670,-1,1698,1670,1688,-1,1699,1667,1684,-1,1699,1681,1667,-1,1700,1668,1685,-1,1700,1682,1668,-1,1701,1054,1051,-1,1701,1051,1686,-1,1702,1683,1687,-1,1703,1672,1690,-1,1703,1684,1672,-1,1704,1685,1674,-1,1704,1674,1692,-1,1705,1671,1689,-1,1705,1686,1671,-1,1706,1687,1187,-1,1706,1186,1185,-1,1706,1187,1186,-1,1707,1688,1675,-1,1707,1675,1693,-1,1708,1673,1691,-1,1708,1689,1673,-1,1709,1676,1694,-1,1709,1690,1676,-1,1710,1691,1680,-1,1710,1680,1698,-1,1711,1692,1677,-1,1711,1677,1695,-1,1712,1693,1696,-1,1713,1694,1679,-1,1713,1679,1697,-1,1714,1054,1701,-1,1714,1058,1054,-1,1715,1681,1699,-1,1715,1695,1681,-1,1716,1682,1700,-1,1716,1696,1682,-1,1717,1683,1702,-1,1717,1697,1683,-1,1718,1698,1688,-1,1718,1688,1707,-1,1719,1699,1684,-1,1719,1684,1703,-1,1719,1715,1699,-1,1720,1685,1704,-1,1720,1700,1685,-1,1721,1701,1686,-1,1721,1686,1705,-1,1722,1687,1706,-1,1722,1702,1687,-1,1723,1703,1690,-1,1723,1690,1709,-1,1724,1058,1714,-1,1724,1303,1058,-1,1724,1298,1303,-1,1725,1692,1711,-1,1725,1704,1692,-1,1726,1689,1708,-1,1726,1705,1689,-1,1727,1185,1184,-1,1727,1706,1185,-1,1728,1707,1693,-1,1728,1693,1712,-1,1729,1708,1691,-1,1729,1691,1710,-1,1730,1694,1713,-1,1730,1709,1694,-1,1731,1710,1698,-1,1731,1698,1718,-1,1732,1711,1695,-1,1732,1695,1715,-1,1733,1696,1716,-1,1733,1712,1696,-1,1734,1730,1713,-1,1734,1697,1717,-1,1734,1713,1697,-1,1735,1714,1701,-1,1735,1701,1721,-1,1736,1715,1719,-1,1737,1716,1700,-1,1737,1700,1720,-1,1738,1702,1722,-1,1738,1717,1702,-1,1739,1707,1728,-1,1739,1718,1707,-1,1740,1703,1723,-1,1740,1719,1703,-1,1741,1720,1704,-1,1741,1704,1725,-1,1742,1721,1705,-1,1742,1705,1726,-1,1743,1706,1727,-1,1743,1722,1706,-1,1744,1709,1730,-1,1744,1723,1709,-1,1745,1724,1714,-1,1745,1298,1724,-1,1745,1294,1298,-1,1745,1714,1735,-1,1746,1711,1732,-1,1746,1725,1711,-1,1747,1726,1708,-1,1747,1708,1729,-1,1748,1184,1183,-1,1748,1727,1184,-1,1749,1728,1712,-1,1749,1712,1733,-1,1750,1729,1710,-1,1750,1710,1731,-1,1751,1730,1734,-1,1752,1731,1718,-1,1752,1718,1739,-1,1753,1732,1715,-1,1753,1715,1736,-1,1754,1716,1737,-1,1754,1733,1716,-1,1755,1734,1717,-1,1755,1717,1738,-1,1756,1721,1742,-1,1756,1735,1721,-1,1757,1736,1719,-1,1757,1719,1740,-1,1758,1720,1741,-1,1758,1737,1720,-1,1759,1738,1722,-1,1759,1722,1743,-1,1760,1739,1728,-1,1760,1728,1749,-1,1761,1723,1744,-1,1761,1740,1723,-1,1762,1741,1725,-1,1762,1725,1746,-1,1763,1742,1726,-1,1763,1726,1747,-1,1764,1743,1727,-1,1764,1727,1748,-1,1765,1730,1751,-1,1765,1744,1730,-1,1766,1756,1292,-1,1766,1735,1756,-1,1766,1292,1294,-1,1766,1745,1735,-1,1766,1294,1745,-1,1767,1732,1753,-1,1767,1746,1732,-1,1768,1747,1729,-1,1768,1729,1750,-1,1769,1182,1181,-1,1769,1183,1182,-1,1769,1748,1183,-1,1770,1733,1754,-1,1770,1749,1733,-1,1771,1750,1731,-1,1771,1731,1752,-1,1772,1734,1755,-1,1772,1751,1734,-1,1773,1752,1739,-1,1773,1739,1760,-1,1774,1753,1736,-1,1774,1736,1757,-1,1775,1737,1758,-1,1775,1754,1737,-1,1776,1755,1738,-1,1776,1738,1759,-1,1777,1756,1742,-1,1777,1292,1756,-1,1777,1403,1414,-1,1777,1414,1292,-1,1777,1742,1763,-1,1778,1740,1761,-1,1778,1757,1740,-1,1779,1741,1762,-1,1779,1758,1741,-1,1780,1759,1743,-1,1780,1743,1764,-1,1781,1760,1749,-1,1781,1749,1770,-1,1782,1744,1765,-1,1782,1761,1744,-1,1783,1746,1767,-1,1783,1762,1746,-1,1784,1763,1747,-1,1784,1747,1768,-1,1785,1748,1769,-1,1785,1764,1748,-1,1786,1765,1751,-1,1786,1751,1772,-1,1787,1767,1753,-1,1787,1753,1774,-1,1788,1768,1750,-1,1788,1750,1771,-1,1789,1769,1181,-1,1789,1181,1180,-1,1790,1754,1775,-1,1790,1770,1754,-1,1791,1771,1752,-1,1791,1752,1773,-1,1792,1755,1776,-1,1792,1772,1755,-1,1793,1760,1781,-1,1793,1773,1760,-1,1794,1774,1757,-1,1794,1757,1778,-1,1795,1775,1758,-1,1795,1758,1779,-1,1796,1759,1780,-1,1796,1776,1759,-1,1797,1784,1399,-1,1797,1399,1403,-1,1797,1777,1763,-1,1797,1403,1777,-1,1797,1763,1784,-1,1798,1761,1782,-1,1798,1778,1761,-1,1799,1779,1762,-1,1799,1762,1783,-1,1800,1764,1785,-1,1800,1780,1764,-1,1801,1770,1790,-1,1801,1781,1770,-1,1802,1782,1765,-1,1802,1765,1786,-1,1803,1783,1767,-1,1803,1767,1787,-1,1804,1399,1784,-1,1804,1768,1788,-1,1804,1784,1768,-1,1804,1275,1399,-1,1805,1769,1789,-1,1805,1785,1769,-1,1806,1772,1792,-1,1806,1786,1772,-1,1807,1774,1794,-1,1807,1787,1774,-1,1808,1788,1771,-1,1808,1771,1791,-1,1808,1262,1268,-1,1809,1789,1180,-1,1809,1179,1178,-1,1809,1180,1179,-1,1810,1775,1795,-1,1810,1790,1775,-1,1811,1773,1793,-1,1811,1221,1258,-1,1811,1791,1773,-1,1812,1792,1776,-1,1812,1776,1796,-1,1813,1793,1781,-1,1813,1215,1217,-1,1813,1781,1801,-1,1814,1778,1798,-1,1814,1807,1794,-1,1814,1794,1778,-1,1815,1795,1779,-1,1815,1779,1799,-1,1816,1780,1800,-1,1816,1796,1780,-1,1817,1782,1802,-1,1817,1798,1782,-1,1818,1783,1803,-1,1818,1799,1783,-1,1819,1785,1805,-1,1819,1800,1785,-1,1820,1801,1790,-1,1820,1209,1210,-1,1820,1790,1810,-1,1820,1810,1209,-1,1821,1802,1786,-1,1821,1786,1806,-1,1822,1803,1787,-1,1822,1787,1807,-1,1823,1804,1788,-1,1823,1275,1804,-1,1823,1268,1275,-1,1823,1788,1808,-1,1823,1808,1268,-1,1824,1805,1789,-1,1824,1789,1809,-1,1825,1806,1792,-1,1825,1792,1812,-1,1826,1807,1814,-1,1827,1808,1791,-1,1827,1791,1811,-1,1827,1258,1262,-1,1827,1262,1808,-1,1827,1811,1258,-1,1828,1178,1177,-1,1828,1809,1178,-1,1829,1207,1209,-1,1829,1810,1795,-1,1829,1209,1810,-1,1829,1815,1207,-1,1829,1795,1815,-1,1830,1793,1813,-1,1830,1811,1793,-1,1830,1217,1221,-1,1830,1221,1811,-1,1830,1813,1217,-1,1831,1812,1796,-1,1831,1796,1816,-1,1832,1820,1210,-1,1832,1215,1813,-1,1832,1813,1801,-1,1832,1210,1215,-1,1832,1801,1820,-1,1833,1814,1798,-1,1833,1798,1817,-1,1834,1799,1818,-1,1834,1207,1815,-1,1834,1815,1799,-1,1835,1800,1819,-1,1835,1816,1800,-1,1836,1817,1802,-1,1836,1802,1821,-1,1837,1818,1803,-1,1837,1803,1822,-1,1838,1805,1824,-1,1838,1819,1805,-1,1839,1806,1825,-1,1839,1821,1806,-1,1840,1822,1807,-1,1840,1807,1826,-1,1841,1824,1809,-1,1841,1809,1828,-1,1842,1825,1812,-1,1842,1812,1831,-1,1843,1814,1833,-1,1843,1826,1814,-1,1844,1828,1177,-1,1844,1177,1176,-1,1845,1207,1834,-1,1845,1846,1207,-1,1847,1831,1816,-1,1847,1816,1835,-1,1848,1817,1836,-1,1848,1833,1817,-1,1849,1834,1818,-1,1849,1818,1837,-1,1850,1835,1819,-1,1850,1819,1838,-1,1851,1821,1839,-1,1851,1836,1821,-1,1852,1837,1822,-1,1852,1822,1840,-1,1853,1838,1824,-1,1853,1824,1841,-1,1854,1855,1846,-1,1854,1846,1845,-1,1856,1825,1842,-1,1856,1839,1825,-1,1857,1840,1826,-1,1857,1826,1843,-1,1857,1852,1840,-1,1858,1841,1828,-1,1858,1828,1844,-1,1859,1831,1847,-1,1859,1842,1831,-1,1860,1843,1833,-1,1860,1833,1848,-1,1861,1175,1174,-1,1861,1176,1175,-1,1861,1844,1176,-1,1862,1845,1834,-1,1862,1834,1849,-1,1863,1847,1835,-1,1863,1835,1850,-1,1864,1836,1851,-1,1864,1848,1836,-1,1865,1849,1837,-1,1865,1837,1852,-1,1866,1850,1838,-1,1866,1838,1853,-1,1867,1839,1856,-1,1867,1851,1839,-1,1868,1852,1857,-1,1869,1853,1841,-1,1869,1841,1858,-1,1870,1854,1845,-1,1870,1855,1854,-1,1870,1845,1862,-1,1871,1842,1859,-1,1871,1856,1842,-1,1872,1857,1843,-1,1872,1843,1860,-1,1873,1844,1861,-1,1873,1858,1844,-1,1874,1871,1859,-1,1874,1847,1863,-1,1874,1859,1847,-1,1875,1848,1864,-1,1875,1860,1848,-1,1876,1861,1174,-1,1876,1174,1173,-1,1877,1849,1865,-1,1877,1870,1862,-1,1877,1862,1849,-1,1878,1850,1866,-1,1878,1863,1850,-1,1879,1880,1881,-1,1879,1881,1855,-1,1879,1855,1870,-1,1882,1864,1851,-1,1882,1851,1867,-1,1883,1865,1852,-1,1883,1852,1868,-1,1884,1866,1853,-1,1884,1853,1869,-1,1885,1867,1856,-1,1885,1856,1871,-1,1886,1857,1872,-1,1886,1868,1857,-1,1887,1869,1858,-1,1887,1858,1873,-1,1888,1870,1877,-1,1888,1879,1870,-1,1889,1871,1874,-1,1890,1872,1860,-1,1890,1860,1875,-1,1891,1873,1861,-1,1891,1861,1876,-1,1891,1887,1873,-1,1892,1874,1863,-1,1892,1863,1878,-1,1893,1875,1864,-1,1893,1864,1882,-1,1894,1172,1171,-1,1894,1173,1172,-1,1894,1876,1173,-1,1895,1877,1865,-1,1895,1865,1883,-1,1896,1878,1866,-1,1896,1866,1884,-1,1897,1879,1888,-1,1898,1867,1885,-1,1898,1882,1867,-1,1899,1895,1883,-1,1899,1868,1886,-1,1899,1883,1868,-1,1900,1869,1887,-1,1900,1884,1869,-1,1901,1898,1885,-1,1901,1871,1889,-1,1901,1885,1871,-1,1902,1886,1872,-1,1902,1872,1890,-1,1903,1887,1891,-1,1903,1900,1887,-1,1904,1888,1877,-1,1904,1877,1895,-1,1905,1889,1874,-1,1905,1874,1892,-1,1906,1875,1893,-1,1906,1890,1875,-1,1907,1876,1894,-1,1907,1891,1876,-1,1907,1903,1891,-1,1908,1892,1878,-1,1908,1878,1896,-1,1909,1893,1882,-1,1909,1882,1898,-1,1910,1894,1171,-1,1910,1171,1170,-1,1911,1895,1899,-1,1912,1879,1897,-1,1912,1913,1914,-1,1912,1914,1880,-1,1912,1880,1879,-1,1915,1896,1884,-1,1915,1884,1900,-1,1916,1888,1904,-1,1916,1897,1888,-1,1917,1909,1898,-1,1917,1898,1901,-1,1918,1899,1886,-1,1918,1886,1902,-1,1919,1900,1903,-1,1920,1889,1905,-1,1920,1901,1889,-1,1921,1902,1890,-1,1921,1890,1906,-1,1922,1903,1907,-1,1923,1904,1895,-1,1923,1895,1911,-1,1924,1905,1892,-1,1924,1892,1908,-1,1925,1893,1909,-1,1925,1906,1893,-1,1925,1921,1906,-1,1926,1907,1894,-1,1926,1894,1910,-1,1927,1896,1915,-1,1927,1908,1896,-1,1928,1909,1917,-1,1929,1170,1169,-1,1929,1910,1170,-1,1930,1899,1918,-1,1930,1911,1899,-1,1931,1912,1897,-1,1931,1897,1916,-1,1931,1913,1912,-1,1932,1915,1900,-1,1932,1900,1919,-1,1933,1916,1904,-1,1933,1904,1923,-1,1934,1901,1920,-1,1934,1917,1901,-1,1935,1902,1921,-1,1935,1918,1902,-1,1936,1919,1903,-1,1936,1903,1922,-1,1937,1920,1905,-1,1937,1905,1924,-1,1938,1921,1925,-1,1939,1907,1926,-1,1939,1936,1922,-1,1939,1922,1907,-1,1940,1911,1930,-1,1940,1923,1911,-1,1941,1908,1927,-1,1941,1924,1908,-1,1942,1909,1928,-1,1942,1925,1909,-1,1943,1910,1929,-1,1943,1926,1910,-1,1944,1915,1932,-1,1944,1941,1927,-1,1944,1927,1915,-1,1945,1928,1917,-1,1945,1917,1934,-1,1946,1913,1931,-1,1946,1947,1948,-1,1946,1948,1913,-1,1949,1929,1169,-1,1949,1168,1167,-1,1949,1169,1168,-1,1950,1930,1918,-1,1950,1940,1930,-1,1950,1918,1935,-1,1951,1931,1916,-1,1951,1916,1933,-1,1952,1944,1932,-1,1952,1932,1919,-1,1952,1919,1936,-1,1953,1933,1923,-1,1953,1923,1940,-1,1954,1934,1920,-1,1954,1920,1937,-1,1955,1921,1938,-1,1955,1935,1921,-1,1956,1936,1939,-1,1957,1924,1941,-1,1957,1937,1924,-1,1958,1938,1925,-1,1958,1925,1942,-1,1958,1955,1938,-1,1959,1926,1943,-1,1959,1939,1926,-1,1960,1940,1950,-1,1961,1941,1944,-1,1962,1942,1928,-1,1962,1928,1945,-1,1963,1943,1929,-1,1963,1929,1949,-1,1964,1944,1952,-1,1964,1961,1944,-1,1965,1934,1954,-1,1965,1945,1934,-1,1966,1931,1951,-1,1966,1947,1946,-1,1966,1946,1931,-1,1967,1167,1166,-1,1967,1949,1167,-1,1968,1950,1935,-1,1968,1935,1955,-1,1969,1951,1933,-1,1969,1933,1953,-1,1970,1952,1936,-1,1970,1936,1956,-1,1971,1953,1940,-1,1971,1940,1960,-1,1972,1954,1937,-1,1972,1937,1957,-1,1973,1955,1958,-1,1974,1956,1939,-1,1974,1939,1959,-1,1975,1957,1941,-1,1975,1941,1961,-1,1976,1958,1942,-1,1976,1942,1962,-1,1977,1959,1943,-1,1977,1943,1963,-1,1978,1960,1950,-1,1978,1950,1968,-1,1979,1961,1964,-1,1980,1962,1945,-1,1980,1945,1965,-1,1980,1976,1962,-1,1981,1947,1966,-1,1981,1982,1947,-1,1983,1949,1967,-1,1983,1963,1949,-1,1983,1977,1963,-1,1984,1952,1970,-1,1984,1964,1952,-1,1985,1954,1972,-1,1985,1965,1954,-1,1986,1951,1969,-1,1986,1966,1951,-1,1987,1967,1166,-1,1987,1165,1164,-1,1987,1166,1165,-1,1988,1955,1973,-1,1988,1968,1955,-1,1989,1969,1953,-1,1989,1953,1971,-1,1990,1970,1956,-1,1990,1956,1974,-1,1991,1960,1978,-1,1991,1971,1960,-1,1992,1985,1972,-1,1992,1957,1975,-1,1992,1972,1957,-1,1993,1973,1958,-1,1993,1958,1976,-1,1994,1959,1977,-1,1994,1974,1959,-1,1995,1961,1979,-1,1995,1975,1961,-1,1996,1976,1980,-1,1997,1977,1983,-1,1997,1994,1977,-1,1998,1978,1968,-1,1998,1968,1988,-1,1999,1979,1964,-1,1999,1964,1984,-1,2000,1980,1965,-1,2000,1965,1985,-1,2001,2002,2003,-1,2001,2003,1982,-1,2001,1981,1966,-1,2001,1982,1981,-1,2001,1966,1986,-1,2004,1967,1987,-1,2004,1997,1983,-1,2004,1983,1967,-1,2005,1970,1990,-1,2005,1984,1970,-1,2006,1985,1992,-1,2007,1986,1969,-1,2007,1969,1989,-1,2008,1164,1163,-1,2008,1987,1164,-1,2009,1973,1993,-1,2009,1998,1988,-1,2009,1988,1973,-1,2010,1989,1971,-1,2010,1971,1991,-1,2011,1990,1974,-1,2011,1974,1994,-1,2012,1978,1998,-1,2012,1991,1978,-1,2012,2010,1991,-1,2013,2006,1992,-1,2013,1975,1995,-1,2013,1992,1975,-1,2014,1976,1996,-1,2014,1993,1976,-1,2015,1994,1997,-1,2016,1979,1999,-1,2016,1995,1979,-1,2017,1980,2000,-1,2017,1996,1980,-1,2018,1997,2004,-1,2019,1998,2009,-1,2020,1999,1984,-1,2020,1984,2005,-1,2021,2000,1985,-1,2021,1985,2006,-1,2021,2017,2000,-1,2022,2001,1986,-1,2022,1986,2007,-1,2023,1987,2008,-1,2023,2004,1987,-1,2024,2005,1990,-1,2024,1990,2011,-1,2025,2006,2013,-1,2026,2007,1989,-1,2026,1989,2010,-1,2027,2008,1163,-1,2027,1163,1162,-1,2028,1993,2014,-1,2028,2009,1993,-1,2029,2010,2012,-1,2030,2011,1994,-1,2030,1994,2015,-1,2031,2012,1998,-1,2031,1998,2019,-1,2032,2013,1995,-1,2032,1995,2016,-1,2033,2014,1996,-1,2033,1996,2017,-1,2034,1997,2018,-1,2034,2030,2015,-1,2034,2015,1997,-1,2035,2036,2002,-1,2035,2002,2001,-1,2035,2001,2022,-1,2037,1999,2020,-1,2037,2016,1999,-1,2038,2033,2017,-1,2038,2017,2021,-1,2039,2018,2004,-1,2039,2004,2023,-1,2040,2009,2028,-1,2040,2019,2009,-1,2041,2005,2024,-1,2041,2020,2005,-1,2042,2038,2021,-1,2042,2006,2025,-1,2042,2021,2006,-1,2043,2007,2026,-1,2043,2022,2007,-1,2044,2023,2008,-1,2044,2008,2027,-1,2045,2011,2030,-1,2045,2024,2011,-1,2046,2013,2032,-1,2046,2025,2013,-1,2047,2026,2010,-1,2047,2010,2029,-1,2048,1161,1160,-1,2048,1162,1161,-1,2048,2027,1162,-1,2049,2028,2014,-1,2049,2014,2033,-1,2050,2012,2031,-1,2050,2029,2012,-1,2051,2030,2034,-1,2052,2019,2040,-1,2052,2050,2031,-1,2052,2031,2019,-1,2053,2032,2016,-1,2053,2016,2037,-1,2054,2033,2038,-1,2055,2034,2018,-1,2055,2018,2039,-1,2056,2035,2022,-1,2056,2057,2036,-1,2056,2036,2035,-1,2056,2022,2043,-1,2058,2037,2020,-1,2058,2020,2041,-1,2059,2038,2042,-1,2060,2039,2023,-1,2060,2023,2044,-1,2061,2028,2049,-1,2061,2040,2028,-1,2062,2024,2045,-1,2062,2041,2024,-1,2063,2042,2025,-1,2063,2025,2046,-1,2064,2026,2047,-1,2064,2056,2043,-1,2064,2043,2026,-1,2065,2027,2048,-1,2065,2044,2027,-1,2065,2060,2044,-1,2066,2045,2030,-1,2066,2030,2051,-1,2067,2046,2032,-1,2067,2032,2053,-1,2068,2029,2050,-1,2068,2064,2047,-1,2068,2047,2029,-1,2069,1160,1159,-1,2069,2048,1160,-1,2070,2033,2054,-1,2070,2049,2033,-1,2071,2050,2052,-1,2072,2051,2034,-1,2072,2034,2055,-1,2073,2040,2061,-1,2073,2052,2040,-1,2074,2037,2058,-1,2074,2053,2037,-1,2075,2054,2038,-1,2075,2038,2059,-1,2076,2055,2039,-1,2076,2039,2060,-1,2077,2056,2064,-1,2077,2057,2056,-1,2078,2074,2058,-1,2078,2058,2041,-1,2078,2041,2062,-1,2079,2075,2059,-1,2079,2059,2042,-1,2079,2042,2063,-1,2080,2060,2065,-1,2081,2049,2070,-1,2081,2061,2049,-1,2082,2078,2062,-1,2082,2045,2066,-1,2082,2062,2045,-1,2083,2063,2046,-1,2083,2046,2067,-1,2084,2064,2068,-1,2085,2048,2069,-1,2085,2065,2048,-1,2086,2051,2072,-1,2086,2066,2051,-1,2087,2057,2077,-1,2087,2088,2057,-1,2089,2067,2053,-1,2089,2053,2074,-1,2090,2050,2071,-1,2090,2068,2050,-1,2091,1158,1157,-1,2091,1159,1158,-1,2091,2069,1159,-1,2092,2054,2075,-1,2092,2070,2054,-1,2093,2071,2052,-1,2093,2052,2073,-1,2094,2072,2055,-1,2094,2055,2076,-1,2095,2073,2061,-1,2095,2061,2081,-1,2095,2093,2073,-1,2096,2089,2074,-1,2096,2074,2078,-1,2097,2075,2079,-1,2098,2060,2080,-1,2098,2076,2060,-1,2099,2077,2064,-1,2099,2064,2084,-1,2099,2087,2077,-1,2100,2078,2082,-1,2101,2079,2063,-1,2101,2063,2083,-1,2102,2080,2065,-1,2102,2065,2085,-1,2103,2070,2092,-1,2103,2081,2070,-1,2104,2082,2066,-1,2104,2066,2086,-1,2105,2101,2083,-1,2105,2067,2089,-1,2105,2083,2067,-1,2106,2084,2068,-1,2106,2068,2090,-1,2107,2085,2069,-1,2107,2069,2091,-1,2108,2072,2094,-1,2108,2086,2072,-1,2109,2110,2088,-1,2109,2088,2087,-1,2109,2087,2099,-1,2111,2089,2096,-1,2112,2090,2071,-1,2112,2071,2093,-1,2113,2091,1157,-1,2113,1157,1156,-1,2114,2092,2075,-1,2114,2103,2092,-1,2114,2075,2097,-1,2115,2093,2095,-1,2116,2108,2094,-1,2116,2076,2098,-1,2116,2094,2076,-1,2117,2081,2103,-1,2117,2095,2081,-1,2118,2111,2096,-1,2118,2096,2078,-1,2118,2078,2100,-1,2119,2097,2079,-1,2119,2079,2101,-1,2120,2098,2080,-1,2120,2080,2102,-1,2121,2084,2106,-1,2121,2099,2084,-1,2122,2082,2104,-1,2122,2100,2082,-1,2123,2101,2105,-1,2124,2102,2085,-1,2124,2085,2107,-1,2125,2117,2103,-1,2125,2103,2114,-1,2126,2104,2086,-1,2126,2086,2108,-1,2127,2105,2089,-1,2127,2089,2111,-1,2128,2090,2112,-1,2128,2121,2106,-1,2128,2106,2090,-1,2129,2107,2091,-1,2129,2124,2107,-1,2129,2091,2113,-1,2130,2126,2108,-1,2130,2108,2116,-1,2131,2109,2099,-1,2131,2132,2133,-1,2131,2133,2110,-1,2131,2099,2121,-1,2131,2110,2109,-1,2134,2111,2118,-1,2135,2093,2115,-1,2135,2112,2093,-1,2135,2128,2112,-1,2136,2113,1156,-1,2136,1156,1155,-1,2137,2114,2097,-1,2137,2125,2114,-1,2137,2097,2119,-1,2138,2115,2095,-1,2138,2095,2117,-1,2139,2130,2116,-1,2139,2098,2120,-1,2139,2116,2098,-1,2140,2117,2125,-1,2141,2118,2100,-1,2141,2100,2122,-1,2142,2119,2101,-1,2142,2101,2123,-1,2143,2102,2124,-1,2143,2120,2102,-1,2144,2121,2128,-1,2145,2104,2126,-1,2145,2122,2104,-1,2146,2142,2123,-1,2146,2123,2105,-1,2146,2105,2127,-1,2147,2124,2129,-1,2148,2125,2137,-1,2149,2126,2130,-1,2150,2127,2111,-1,2150,2111,2134,-1,2151,2128,2135,-1,2152,2113,2136,-1,2152,2129,2113,-1,2153,2130,2139,-1,2154,2121,2144,-1,2154,2155,2132,-1,2154,2131,2121,-1,2154,2132,2131,-1,2156,2118,2141,-1,2156,2134,2118,-1,2157,2135,2115,-1,2157,2115,2138,-1,2158,1154,1153,-1,2158,1155,1154,-1,2158,2136,1155,-1,2159,2119,2142,-1,2159,2137,2119,-1,2160,2117,2140,-1,2160,2138,2117,-1,2161,2120,2143,-1,2161,2139,2120,-1,2162,2140,2125,-1,2162,2125,2148,-1,2163,2122,2145,-1,2163,2141,2122,-1,2164,2142,2146,-1,2165,2124,2147,-1,2165,2143,2124,-1,2166,2144,2128,-1,2166,2154,2144,-1,2166,2128,2151,-1,2167,2145,2126,-1,2167,2126,2149,-1,2168,2127,2150,-1,2168,2146,2127,-1,2169,2129,2152,-1,2169,2147,2129,-1,2170,2148,2137,-1,2170,2137,2159,-1,2171,2149,2130,-1,2171,2130,2153,-1,2172,2134,2156,-1,2172,2150,2134,-1,2173,2151,2135,-1,2173,2135,2157,-1,2173,2166,2151,-1,2174,2152,2136,-1,2174,2136,2158,-1,2175,2153,2139,-1,2175,2139,2161,-1,2176,2154,2166,-1,2176,2177,2155,-1,2176,2155,2154,-1,2178,2156,2141,-1,2178,2141,2163,-1,2179,2138,2160,-1,2179,2157,2138,-1,2179,2173,2157,-1,2180,2158,1153,-1,2180,1153,1152,-1,2181,2159,2142,-1,2181,2170,2159,-1,2181,2142,2164,-1,2182,2179,2160,-1,2182,2140,2162,-1,2182,2160,2140,-1,2183,2143,2165,-1,2183,2175,2161,-1,2183,2161,2143,-1,2184,2162,2148,-1,2184,2148,2170,-1,2185,2178,2163,-1,2185,2145,2167,-1,2185,2163,2145,-1,2186,2164,2146,-1,2186,2146,2168,-1,2187,2165,2147,-1,2187,2147,2169,-1,2188,2166,2173,-1,2188,2176,2166,-1,2189,2149,2171,-1,2189,2167,2149,-1,2190,2150,2172,-1,2190,2168,2150,-1,2191,2169,2152,-1,2191,2152,2174,-1,2192,2170,2181,-1,2193,2153,2175,-1,2193,2171,2153,-1,2194,2172,2156,-1,2194,2156,2178,-1,2195,2173,2179,-1,2196,2174,2158,-1,2196,2191,2174,-1,2196,2158,2180,-1,2197,2175,2183,-1,2197,2193,2175,-1,2198,2176,2188,-1,2198,2177,2176,-1,2198,2199,2177,-1,2198,2188,2199,-1,2200,2178,2185,-1,2201,2179,2182,-1,2201,2195,2179,-1,2202,2180,1152,-1,2202,1151,1150,-1,2202,1152,1151,-1,2203,2164,2186,-1,2203,2181,2164,-1,2204,2182,2162,-1,2204,2162,2184,-1,2205,2165,2187,-1,2205,2183,2165,-1,2206,2184,2170,-1,2206,2170,2192,-1,2207,2185,2167,-1,2207,2167,2189,-1,2208,2168,2190,-1,2208,2186,2168,-1,2209,2187,2169,-1,2209,2169,2191,-1,2210,2211,2199,-1,2210,2199,2188,-1,2210,2188,2173,-1,2210,2173,2195,-1,2212,2189,2171,-1,2212,2171,2193,-1,2213,2172,2194,-1,2213,2208,2190,-1,2213,2190,2172,-1,2214,2191,2196,-1,2215,2192,2181,-1,2215,2181,2203,-1,2216,2193,2197,-1,2217,2178,2200,-1,2217,2194,2178,-1,2218,2195,2201,-1,2219,2196,2180,-1,2219,2214,2196,-1,2219,2180,2202,-1,2220,2197,2183,-1,2220,2183,2205,-1,2221,2185,2207,-1,2221,2200,2185,-1,2222,2182,2204,-1,2222,2201,2182,-1,2223,1150,1149,-1,2223,2202,1150,-1,2224,2203,2186,-1,2224,2186,2208,-1,2225,2184,2206,-1,2225,2204,2184,-1,2226,2187,2209,-1,2226,2205,2187,-1,2227,2192,2215,-1,2227,2206,2192,-1,2227,2225,2206,-1,2228,2189,2212,-1,2228,2207,2189,-1,2229,2208,2213,-1,2230,2191,2214,-1,2230,2209,2191,-1,2231,2210,2195,-1,2231,2232,2211,-1,2231,2195,2218,-1,2231,2211,2210,-1,2233,2212,2193,-1,2233,2193,2216,-1,2234,2194,2217,-1,2234,2213,2194,-1,2235,2214,2219,-1,2236,2215,2203,-1,2236,2227,2215,-1,2236,2203,2224,-1,2237,2197,2220,-1,2237,2216,2197,-1,2238,2200,2221,-1,2238,2217,2200,-1,2239,2218,2201,-1,2239,2240,2241,-1,2239,2241,2232,-1,2239,2231,2218,-1,2239,2232,2231,-1,2239,2201,2222,-1,2242,2219,2202,-1,2242,2202,2223,-1,2243,2220,2205,-1,2243,2205,2226,-1,2244,2207,2228,-1,2244,2221,2207,-1,2245,2222,2204,-1,2245,2204,2225,-1,2245,2239,2222,-1,2246,1149,1148,-1,2246,2223,1149,-1,2247,2224,2208,-1,2247,2208,2229,-1,2248,2225,2227,-1,2248,2245,2225,-1,2249,2226,2209,-1,2249,2209,2230,-1,2249,2243,2226,-1,2250,2227,2236,-1,2251,2228,2212,-1,2251,2244,2228,-1,2251,2212,2233,-1,2252,2213,2234,-1,2252,2229,2213,-1,2253,2230,2214,-1,2253,2214,2235,-1,2254,2216,2237,-1,2254,2233,2216,-1,2255,2234,2217,-1,2255,2217,2238,-1,2256,2219,2242,-1,2256,2235,2219,-1,2257,2224,2247,-1,2257,2236,2224,-1,2258,2220,2243,-1,2258,2237,2220,-1,2259,2238,2221,-1,2259,2221,2244,-1,2260,2261,2240,-1,2260,2245,2261,-1,2260,2240,2239,-1,2260,2239,2245,-1,2262,2223,2246,-1,2262,2242,2223,-1,2262,2256,2242,-1,2263,2258,2243,-1,2263,2243,2249,-1,2264,2244,2251,-1,2265,2248,2266,-1,2265,2266,2267,-1,2265,2267,2261,-1,2265,2261,2245,-1,2265,2245,2248,-1,2268,1147,1146,-1,2268,1148,1147,-1,2268,2246,1148,-1,2269,2247,2229,-1,2269,2270,2271,-1,2269,2229,2252,-1,2269,2252,2270,-1,2272,2248,2227,-1,2272,2227,2250,-1,2272,2266,2248,-1,2272,2273,2266,-1,2274,2230,2253,-1,2274,2263,2249,-1,2274,2249,2230,-1,2275,2257,2276,-1,2275,2276,2277,-1,2275,2236,2257,-1,2275,2272,2250,-1,2275,2250,2236,-1,2278,2251,2233,-1,2278,2233,2254,-1,2279,2252,2234,-1,2279,2234,2255,-1,2279,2270,2252,-1,2280,2253,2235,-1,2280,2235,2256,-1,2281,2254,2237,-1,2281,2237,2258,-1,2282,2255,2238,-1,2282,2238,2259,-1,2283,2256,2262,-1,2284,2276,2257,-1,2284,2271,2276,-1,2284,2257,2247,-1,2284,2247,2269,-1,2284,2269,2271,-1,2285,2258,2263,-1,2285,2281,2258,-1,2286,2244,2264,-1,2286,2259,2244,-1,2287,2262,2246,-1,2287,2246,2268,-1,2288,2285,2263,-1,2288,2263,2274,-1,2289,2251,2278,-1,2289,2264,2251,-1,2290,1146,1145,-1,2290,1145,128,-1,2290,2268,1146,-1,2291,2292,2270,-1,2291,2270,2279,-1,2293,2277,2294,-1,2293,2294,2273,-1,2293,2275,2277,-1,2293,2273,2272,-1,2293,2272,2275,-1,2295,2274,2253,-1,2295,2253,2280,-1,2296,2254,2281,-1,2296,2278,2254,-1,2297,2255,2282,-1,2297,2279,2255,-1,2298,2280,2256,-1,2298,2256,2283,-1,2299,2296,2281,-1,2299,2281,2285,-1,2300,2259,2286,-1,2300,2282,2259,-1,2301,2262,2287,-1,2301,2283,2262,-1,2302,2285,2288,-1,2303,2264,2289,-1,2303,2286,2264,-1,2304,2268,2290,-1,2304,2287,2268,-1,2304,2290,128,-1,2304,128,135,-1,2305,2274,2295,-1,2305,2288,2274,-1,2306,2278,2296,-1,2306,2289,2278,-1,2307,2291,2279,-1,2307,2292,2291,-1,2307,2279,2297,-1,2308,2295,2280,-1,2308,2280,2298,-1,2309,2296,2299,-1,2309,2306,2296,-1,2310,2282,2300,-1,2310,2297,2282,-1,2311,2283,2301,-1,2311,2298,2283,-1,2312,2285,2302,-1,2312,2299,2285,-1,2313,2300,2286,-1,2313,2286,2303,-1,2314,2287,2304,-1,2314,2304,135,-1,2314,135,138,-1,2314,2301,2287,-1,2315,2316,2292,-1,2315,2292,2307,-1,2317,2288,2305,-1,2317,2302,2288,-1,2318,2303,2289,-1,2318,2289,2306,-1,2319,2295,2308,-1,2319,2305,2295,-1,2319,2317,2305,-1,2320,2306,2309,-1,2321,2307,2297,-1,2321,2297,2310,-1,2321,2315,2307,-1,2322,2298,2311,-1,2322,2308,2298,-1,2323,2316,2315,-1,2323,2324,2316,-1,2325,2299,2312,-1,2325,2309,2299,-1,2325,2320,2309,-1,2326,2300,2313,-1,2326,2310,2300,-1,2327,2311,2301,-1,2327,2301,2314,-1,2327,2314,138,-1,2327,138,142,-1,2328,2302,2317,-1,2328,2312,2302,-1,2329,2313,2303,-1,2329,2303,2318,-1,2330,2315,2321,-1,2331,2317,2319,-1,2332,2318,2306,-1,2332,2306,2320,-1,2333,2319,2308,-1,2333,2308,2322,-1,2334,2320,2325,-1,2334,2332,2320,-1,2335,2310,2326,-1,2335,2321,2310,-1,2336,2327,142,-1,2336,2311,2327,-1,2336,2322,2311,-1,2336,142,147,-1,2337,2315,2330,-1,2337,2338,2324,-1,2337,2323,2315,-1,2337,2324,2323,-1,2339,2312,2328,-1,2339,2325,2312,-1,2340,2313,2329,-1,2340,2326,2313,-1,2341,2339,2328,-1,2341,2328,2317,-1,2341,2317,2331,-1,2342,2329,2318,-1,2342,2318,2332,-1,2343,2321,2335,-1,2343,2330,2321,-1,2344,2319,2333,-1,2344,2331,2319,-1,2345,2332,2334,-1,2346,2322,2336,-1,2346,2336,147,-1,2346,2333,2322,-1,2346,147,152,-1,2347,2325,2339,-1,2347,2334,2325,-1,2348,2335,2326,-1,2348,2326,2340,-1,2349,2350,2338,-1,2349,2338,2337,-1,2351,2330,2343,-1,2351,2337,2330,-1,2352,2339,2341,-1,2352,2347,2339,-1,2353,2329,2342,-1,2353,2340,2329,-1,2354,2341,2331,-1,2354,2331,2344,-1,2355,2342,2332,-1,2355,2332,2345,-1,2355,2353,2342,-1,2356,2343,2335,-1,2356,2335,2348,-1,2357,2344,2333,-1,2357,2333,2346,-1,2357,2346,152,-1,2357,152,158,-1,2358,2334,2347,-1,2358,2345,2334,-1,2359,2347,2352,-1,2360,2348,2340,-1,2360,2340,2353,-1,2361,2350,2349,-1,2361,2362,2350,-1,2361,2349,2337,-1,2361,2337,2351,-1,2363,2351,2343,-1,2363,2343,2356,-1,2363,2361,2351,-1,2364,2341,2354,-1,2364,2352,2341,-1,2365,2353,2355,-1,2366,2354,2344,-1,2366,2344,2357,-1,2366,2357,158,-1,2366,158,165,-1,2367,2345,2358,-1,2367,2355,2345,-1,2368,2363,2356,-1,2368,2348,2360,-1,2368,2356,2348,-1,2369,2358,2347,-1,2369,2347,2359,-1,2370,2359,2352,-1,2370,2352,2364,-1,2371,2362,2361,-1,2371,2372,2362,-1,2373,2368,2360,-1,2373,2360,2353,-1,2373,2353,2365,-1,2374,2361,2363,-1,2375,2363,2368,-1,2375,2374,2363,-1,2376,2366,165,-1,2376,2364,2354,-1,2376,2354,2366,-1,2376,165,173,-1,2377,2365,2355,-1,2377,2355,2367,-1,2378,2377,2367,-1,2378,2367,2358,-1,2378,2358,2369,-1,2379,2375,2368,-1,2379,2368,2373,-1,2380,2369,2359,-1,2380,2359,2370,-1,2381,2370,2364,-1,2381,2364,2376,-1,2381,2376,173,-1,2381,173,181,-1,2382,2383,2384,-1,2382,2384,2372,-1,2382,2371,2361,-1,2382,2372,2371,-1,2382,2361,2374,-1,2385,2365,2377,-1,2385,2373,2365,-1,2385,2379,2373,-1,2386,2374,2375,-1,2386,2382,2374,-1,2387,2375,2379,-1,2388,2377,2378,-1,2389,2378,2369,-1,2389,2369,2380,-1,2390,2379,2385,-1,2391,2380,2370,-1,2391,2370,2381,-1,2391,2381,181,-1,2391,181,190,-1,2392,2382,2386,-1,2393,2385,2377,-1,2393,2377,2388,-1,2394,2392,2386,-1,2394,2386,2375,-1,2394,2375,2387,-1,2395,2387,2379,-1,2395,2379,2390,-1,2396,2388,2378,-1,2396,2393,2388,-1,2396,2378,2389,-1,2397,2389,2380,-1,2397,2380,2391,-1,2397,2391,190,-1,2397,190,200,-1,2398,2385,2393,-1,2398,2390,2385,-1,2399,2400,2383,-1,2399,2383,2382,-1,2399,2382,2392,-1,2401,2399,2392,-1,2401,2392,2394,-1,2402,2393,2396,-1,2402,2398,2393,-1,2403,2387,2395,-1,2403,2394,2387,-1,2404,2395,2390,-1,2404,2390,2398,-1,2405,2389,2397,-1,2405,2396,2389,-1,2405,2397,200,-1,2405,200,211,-1,2406,2398,2402,-1,2407,2400,2399,-1,2407,2399,2401,-1,2408,2401,2394,-1,2408,2394,2403,-1,2409,2396,2405,-1,2409,2405,211,-1,2409,2402,2396,-1,2409,211,223,-1,2410,2395,2404,-1,2410,2403,2395,-1,2411,2404,2398,-1,2411,2398,2406,-1,2412,2413,2400,-1,2412,2400,2407,-1,2414,2402,2409,-1,2414,2409,223,-1,2414,2406,2402,-1,2414,223,232,-1,2415,2401,2408,-1,2415,2407,2401,-1,2416,2408,2403,-1,2416,2403,2410,-1,2417,2404,2411,-1,2417,2410,2404,-1,2417,2416,2410,-1,2418,2411,2406,-1,2418,2406,2414,-1,2418,2414,232,-1,2418,2417,2411,-1,2418,232,242,-1,2419,2420,2421,-1,2419,2421,2413,-1,2419,2413,2412,-1,2419,2412,2407,-1,2419,2407,2415,-1,2422,2408,2416,-1,2422,2419,2415,-1,2422,2415,2408,-1,2423,2416,2417,-1,2424,242,258,-1,2424,2417,2418,-1,2424,2418,242,-1,2425,2420,2419,-1,2425,2419,2422,-1,2426,2422,2416,-1,2426,2416,2423,-1,2427,2420,2425,-1,2427,2428,2420,-1,2429,258,274,-1,2429,2423,2417,-1,2429,2424,258,-1,2429,2417,2424,-1,2430,2425,2422,-1,2430,2422,2426,-1,2431,274,290,-1,2431,2429,274,-1,2431,2426,2423,-1,2431,2423,2429,-1,2432,2433,2428,-1,2432,2425,2430,-1,2432,2427,2425,-1,2432,2428,2427,-1,2434,2431,290,-1,2434,290,131,-1,2434,2430,2426,-1,2434,2426,2431,-1,2435,131,130,-1,2435,130,2433,-1,2435,2433,2432,-1,2435,2434,131,-1,2435,2432,2430,-1,2435,2430,2434,-1,2436,1113,2437,-1,2438,1113,2436,-1,2439,1113,2438,-1,2440,1113,2439,-1,2441,1113,2440,-1,2442,1113,2441,-1,2443,1113,2442,-1,2444,1113,2443,-1,2445,1113,2444,-1,2446,1062,1071,-1,2447,1062,2446,-1,2448,1062,2447,-1,2449,1062,2448,-1,2450,1062,2449,-1,2451,1062,2450,-1,2452,1062,2451,-1,2437,1062,2452,-1,1113,1062,2437,-1,2453,1073,2454,-1,2455,1073,2453,-1,2456,1073,2455,-1,2457,1073,2456,-1,2458,1073,2457,-1,2459,1073,2458,-1,2460,1073,2459,-1,2461,1073,2460,-1,1074,1073,2461,-1,2462,1144,2463,-1,2464,1144,2462,-1,2465,1144,2464,-1,2466,1144,2465,-1,2467,1144,2466,-1,2468,1144,2467,-1,2469,1144,2468,-1,2454,1144,2469,-1,1073,1144,2454,-1,2470,2471,2472,-1,2448,2473,2471,-1,2471,2473,2474,-1,2474,2475,2476,-1,2473,2475,2474,-1,2448,2475,2473,-1,2447,2477,2448,-1,2475,2477,2476,-1,2476,2477,2478,-1,2448,2477,2475,-1,2478,2479,2480,-1,2447,2479,2477,-1,2477,2479,2478,-1,2446,2481,2447,-1,2270,2482,2271,-1,2271,2482,2276,-1,2483,2481,2446,-1,2447,2481,2479,-1,2479,2481,2480,-1,2481,2484,2480,-1,2483,2484,2481,-1,1290,2484,1434,-1,1434,2484,1234,-1,1234,2484,2483,-1,2480,2484,2485,-1,2486,2484,1290,-1,2485,2484,2486,-1,2445,2444,2487,-1,1855,1208,1846,-1,1208,1207,1846,-1,2488,2489,2482,-1,2276,2489,2277,-1,2482,2489,2276,-1,2488,2490,2489,-1,2489,2490,2277,-1,2488,2491,2490,-1,2490,2491,2277,-1,2277,2491,2294,-1,2491,2492,2294,-1,2493,2492,2488,-1,2488,2492,2491,-1,2294,2494,2273,-1,2492,2494,2294,-1,2495,2496,2493,-1,2493,2496,2492,-1,2492,2496,2494,-1,2496,2497,2494,-1,2494,2497,2273,-1,2496,2498,2497,-1,2495,2498,2496,-1,2499,2500,2501,-1,2500,2502,2501,-1,2500,2503,2502,-1,2504,2505,2503,-1,2504,2506,2505,-1,2504,2507,2506,-1,2506,2508,2505,-1,2507,2508,2506,-1,2507,2509,2508,-1,2507,2510,2509,-1,2443,2511,2444,-1,2487,2511,2512,-1,2512,2511,2513,-1,2444,2511,2487,-1,2514,2515,2516,-1,2517,2515,2514,-1,2518,2515,2517,-1,2516,2519,2520,-1,2515,2519,2516,-1,2519,2521,2520,-1,2520,2521,2522,-1,2523,2524,1914,-1,1914,2524,1880,-1,1213,2525,1218,-1,2524,2525,1880,-1,1218,2525,2524,-1,1213,2526,2525,-1,2525,2526,1880,-1,1880,2526,1881,-1,1208,2527,1213,-1,1213,2527,2526,-1,1855,2527,1208,-1,2526,2527,1881,-1,1881,2527,1855,-1,1234,2483,1232,-1,1232,2483,1235,-1,1235,2483,1211,-1,1211,2483,1071,-1,1071,2483,2446,-1,2497,2528,2273,-1,2498,2528,2497,-1,2273,2528,2266,-1,2499,2529,2498,-1,2498,2529,2528,-1,2528,2529,2266,-1,2501,2529,2499,-1,2502,2530,2501,-1,2266,2530,2267,-1,2501,2530,2529,-1,2529,2530,2266,-1,2502,2531,2530,-1,2530,2531,2267,-1,2498,2532,2499,-1,2495,2532,2498,-1,2533,2532,2534,-1,2534,2532,2495,-1,2267,2535,2261,-1,2531,2535,2267,-1,2502,2535,2531,-1,2499,2536,2500,-1,2532,2536,2499,-1,2533,2536,2532,-1,2502,2537,2535,-1,2535,2537,2261,-1,2503,2537,2502,-1,2505,2537,2503,-1,2536,2538,2500,-1,2539,2538,2533,-1,2533,2538,2536,-1,2505,2540,2537,-1,2508,2540,2505,-1,2537,2540,2261,-1,2539,2541,2538,-1,2503,2541,2504,-1,2500,2541,2503,-1,2538,2541,2500,-1,2508,2542,2540,-1,2261,2542,2240,-1,2540,2542,2261,-1,2543,2544,2539,-1,2539,2544,2541,-1,2541,2544,2504,-1,2544,2545,2504,-1,2504,2545,2507,-1,2542,2546,2240,-1,2542,2547,2546,-1,2510,2548,2509,-1,2542,2548,2547,-1,2508,2548,2542,-1,2509,2548,2508,-1,2545,2549,2507,-1,2543,2549,2544,-1,2544,2549,2545,-1,2543,2550,2549,-1,2551,2550,2552,-1,2552,2550,2543,-1,2549,2553,2507,-1,2507,2553,2510,-1,2550,2553,2549,-1,2550,2554,2553,-1,2551,2554,2550,-1,2551,2555,2554,-1,2510,2556,2548,-1,2551,2557,2555,-1,2558,2557,2559,-1,2559,2557,2551,-1,2560,2561,2562,-1,2199,2563,2177,-1,2564,2563,2565,-1,2564,2566,2563,-1,2177,2566,2155,-1,2563,2566,2177,-1,2564,2567,2566,-1,2568,2567,2564,-1,2566,2567,2155,-1,2568,2569,2567,-1,2567,2569,2155,-1,2570,2571,2568,-1,2155,2571,2132,-1,2568,2571,2569,-1,2569,2571,2155,-1,2565,2572,2564,-1,2573,2574,2570,-1,2570,2574,2571,-1,2571,2574,2132,-1,2573,2575,2574,-1,2574,2575,2132,-1,2575,2576,2132,-1,2577,2576,2573,-1,2132,2576,2133,-1,2573,2576,2575,-1,2577,2578,2576,-1,2576,2578,2133,-1,2579,2578,2577,-1,2579,2580,2578,-1,2578,2580,2133,-1,2579,2581,2580,-1,2580,2581,2133,-1,2582,2581,2579,-1,2133,2581,2110,-1,2583,2584,2585,-1,2572,2586,2564,-1,2564,2586,2568,-1,2568,2586,2570,-1,2586,2587,2570,-1,2588,2589,2582,-1,2581,2589,2110,-1,2582,2589,2581,-1,2587,2590,2570,-1,2570,2590,2573,-1,2588,2591,2589,-1,2589,2591,2110,-1,2592,2593,2590,-1,2590,2593,2573,-1,2593,2594,2573,-1,2592,2594,2593,-1,2573,2594,2577,-1,2588,2595,2591,-1,2591,2595,2110,-1,2110,2595,2088,-1,2592,2596,2594,-1,2594,2596,2577,-1,2596,2597,2577,-1,2577,2597,2579,-1,2595,2598,2088,-1,2088,2598,2057,-1,2597,2599,2579,-1,2579,2599,2582,-1,2585,2600,2583,-1,2583,2601,2584,-1,2602,2601,2603,-1,2603,2601,2583,-1,2602,2604,2601,-1,2605,2604,2602,-1,2438,2606,2439,-1,2439,2606,2600,-1,2600,2606,2583,-1,2605,2607,2604,-1,2608,2609,2605,-1,2607,2609,2592,-1,2605,2609,2607,-1,2438,2610,2606,-1,2606,2610,2583,-1,2608,2611,2609,-1,2609,2611,2592,-1,2438,2612,2610,-1,2583,2612,2603,-1,2610,2612,2583,-1,2613,2614,2608,-1,2611,2614,2592,-1,2608,2614,2611,-1,2614,2615,2592,-1,2613,2615,2614,-1,2436,2616,2438,-1,2612,2616,2603,-1,2603,2616,2602,-1,2438,2616,2612,-1,2617,2618,2613,-1,2613,2618,2615,-1,2616,2619,2602,-1,2436,2619,2616,-1,2617,2620,2618,-1,2621,2620,2617,-1,2436,2622,2619,-1,2602,2622,2605,-1,2619,2622,2602,-1,2605,2623,2608,-1,2622,2623,2605,-1,2436,2623,2622,-1,2437,2623,2436,-1,2437,2624,2623,-1,2623,2624,2608,-1,2437,2625,2624,-1,2624,2625,2608,-1,2608,2625,2613,-1,2452,2626,2437,-1,2437,2626,2625,-1,2625,2626,2613,-1,2613,2626,2617,-1,2626,2627,2617,-1,2452,2627,2626,-1,2452,2628,2627,-1,2627,2628,2617,-1,2617,2628,2621,-1,2517,2629,2518,-1,2621,2630,2631,-1,2451,2630,2452,-1,2628,2630,2621,-1,2452,2630,2628,-1,2514,2632,2517,-1,2517,2632,2629,-1,2630,2633,2631,-1,2451,2633,2630,-1,2514,2634,2632,-1,2635,2634,1982,-1,2636,2634,2635,-1,2632,2634,2636,-1,1982,2634,1947,-1,2450,2637,2451,-1,2633,2637,2631,-1,2451,2637,2633,-1,2516,2638,2514,-1,2514,2638,2634,-1,2634,2638,1947,-1,2516,2639,2638,-1,2638,2639,1947,-1,2450,2640,2637,-1,2520,2641,2516,-1,2516,2641,2639,-1,1947,2641,1948,-1,2639,2641,1947,-1,2641,2642,1948,-1,2522,2642,2520,-1,2520,2642,2641,-1,2522,2643,2642,-1,2644,2643,2522,-1,2642,2643,1948,-1,2643,2645,1948,-1,1948,2645,1913,-1,2644,2646,2643,-1,2645,2646,1913,-1,2643,2646,2645,-1,2523,2646,2647,-1,2647,2646,2644,-1,1914,2646,2523,-1,1913,2646,1914,-1,1289,2648,1290,-1,2648,2486,1290,-1,2518,2649,2515,-1,1281,2650,1283,-1,2649,2650,1281,-1,1283,2651,1289,-1,2650,2651,1283,-1,1289,2651,2648,-1,2515,2652,2519,-1,1272,2653,1281,-1,1281,2653,2649,-1,2649,2653,2515,-1,2515,2653,2652,-1,2519,2654,2521,-1,1269,2655,1272,-1,2654,2655,1269,-1,1272,2655,2653,-1,2652,2655,2519,-1,2653,2655,2652,-1,2519,2655,2654,-1,1264,2656,1269,-1,2521,2656,2522,-1,1269,2656,2654,-1,2654,2656,2521,-1,1218,2657,1264,-1,2656,2657,2522,-1,1264,2657,2656,-1,2522,2657,2644,-1,2647,2657,2523,-1,2644,2657,2647,-1,2523,2657,2524,-1,2524,2657,1218,-1,2548,2658,2547,-1,2547,2658,2546,-1,2556,2658,2548,-1,2240,2658,2241,-1,2546,2658,2240,-1,2556,2659,2658,-1,2660,2659,2556,-1,2658,2659,2241,-1,2661,2662,2660,-1,2241,2662,2232,-1,2660,2662,2659,-1,2659,2662,2241,-1,2661,2663,2662,-1,2664,2663,2661,-1,2662,2663,2232,-1,2664,2665,2663,-1,2663,2665,2232,-1,2666,2667,2664,-1,2664,2667,2665,-1,2665,2667,2232,-1,2554,2668,2553,-1,2560,2668,2557,-1,2562,2668,2560,-1,2553,2668,2510,-1,2555,2668,2554,-1,2557,2668,2555,-1,2669,2670,2666,-1,2232,2670,2211,-1,2666,2670,2667,-1,2667,2670,2232,-1,2671,2672,2669,-1,2669,2672,2670,-1,2670,2672,2211,-1,2671,2673,2672,-1,2672,2673,2211,-1,2562,2674,2668,-1,2668,2674,2510,-1,2510,2674,2556,-1,2675,2676,2671,-1,2673,2676,2211,-1,2671,2676,2673,-1,2562,2677,2674,-1,2674,2677,2556,-1,2556,2677,2660,-1,2562,2678,2677,-1,2677,2678,2660,-1,2679,2678,2562,-1,2660,2678,2661,-1,2557,2680,2560,-1,2511,2680,2513,-1,2513,2680,2681,-1,2558,2680,2557,-1,2681,2680,2682,-1,2682,2680,2683,-1,2683,2680,2558,-1,2565,2684,2675,-1,2211,2684,2199,-1,2676,2684,2211,-1,2675,2684,2676,-1,2679,2685,2678,-1,2678,2685,2661,-1,2565,2686,2684,-1,2684,2686,2199,-1,2199,2686,2563,-1,2563,2686,2565,-1,2687,2688,2679,-1,2679,2688,2685,-1,2685,2688,2661,-1,2661,2688,2664,-1,2687,2689,2688,-1,2688,2689,2664,-1,2687,2690,2689,-1,2689,2690,2664,-1,2664,2690,2666,-1,2687,2691,2690,-1,2690,2691,2666,-1,2666,2691,2669,-1,2692,2691,2687,-1,2560,2693,2561,-1,2511,2693,2680,-1,2680,2693,2560,-1,2691,2694,2669,-1,2692,2694,2691,-1,2695,2696,2692,-1,2692,2696,2694,-1,2694,2696,2669,-1,2669,2696,2671,-1,2561,2697,2562,-1,2698,2697,2561,-1,2696,2699,2671,-1,2695,2699,2696,-1,2562,2700,2679,-1,2698,2700,2697,-1,2697,2700,2562,-1,2701,2700,2698,-1,2695,2702,2699,-1,2671,2702,2675,-1,2699,2702,2671,-1,2701,2703,2700,-1,2700,2703,2679,-1,2675,2704,2565,-1,2705,2704,2695,-1,2695,2704,2702,-1,2702,2704,2675,-1,2704,2706,2565,-1,2705,2706,2704,-1,2565,2706,2572,-1,2703,2707,2679,-1,2679,2707,2687,-1,2701,2707,2703,-1,2708,2707,2701,-1,2709,2710,2708,-1,2707,2710,2687,-1,2708,2710,2707,-1,2709,2711,2710,-1,2710,2711,2687,-1,2712,2713,2709,-1,2687,2713,2692,-1,2711,2713,2687,-1,2709,2713,2711,-1,2712,2714,2713,-1,2713,2714,2692,-1,2443,2715,2511,-1,2442,2715,2443,-1,2693,2715,2561,-1,2511,2715,2693,-1,2561,2715,2698,-1,2692,2716,2695,-1,2717,2716,2712,-1,2712,2716,2714,-1,2714,2716,2692,-1,2716,2718,2695,-1,2719,2718,2717,-1,2717,2718,2716,-1,2442,2720,2715,-1,2715,2720,2698,-1,2718,2721,2695,-1,2719,2721,2718,-1,2442,2722,2720,-1,2698,2722,2701,-1,2720,2722,2698,-1,2585,2723,2719,-1,2695,2723,2705,-1,2719,2723,2721,-1,2721,2723,2695,-1,2441,2724,2442,-1,2442,2724,2722,-1,2701,2724,2708,-1,2722,2724,2701,-1,2723,2725,2705,-1,2584,2725,2585,-1,2705,2725,2584,-1,2585,2725,2723,-1,2705,2726,2706,-1,2706,2726,2572,-1,2584,2726,2705,-1,2708,2727,2709,-1,2441,2727,2724,-1,2724,2727,2708,-1,2441,2728,2727,-1,2727,2728,2709,-1,2709,2729,2712,-1,2728,2729,2709,-1,2441,2729,2728,-1,2726,2730,2572,-1,2601,2730,2584,-1,2572,2730,2586,-1,2584,2730,2726,-1,2441,2731,2729,-1,2712,2731,2717,-1,2729,2731,2712,-1,2440,2731,2441,-1,2731,2732,2717,-1,2440,2732,2731,-1,2717,2732,2719,-1,2440,2733,2732,-1,2732,2733,2719,-1,2719,2734,2585,-1,2439,2734,2440,-1,2440,2734,2733,-1,2733,2734,2719,-1,2600,2734,2439,-1,2585,2734,2600,-1,2730,2735,2586,-1,2601,2735,2730,-1,2586,2735,2587,-1,2590,2735,2592,-1,2587,2735,2590,-1,2604,2735,2601,-1,2607,2735,2604,-1,2592,2735,2607,-1,2598,2736,2057,-1,2737,2738,2739,-1,2736,2738,2737,-1,2598,2738,2736,-1,2595,2738,2598,-1,2588,2738,2595,-1,2582,2740,2588,-1,2738,2740,2739,-1,2588,2740,2738,-1,2739,2740,2741,-1,2599,2740,2582,-1,2592,2742,2596,-1,2618,2742,2615,-1,2741,2742,2620,-1,2740,2742,2741,-1,2597,2742,2599,-1,2599,2742,2740,-1,2620,2742,2618,-1,2596,2742,2597,-1,2615,2742,2592,-1,2737,2743,2736,-1,2736,2743,2057,-1,2744,2743,2737,-1,2057,2743,2036,-1,2745,2746,2744,-1,2744,2746,2743,-1,2743,2746,2036,-1,2745,2747,2746,-1,2746,2747,2036,-1,2748,2749,2745,-1,2745,2749,2747,-1,2747,2749,2036,-1,2750,2751,2748,-1,2748,2751,2749,-1,2749,2751,2036,-1,2036,2751,2002,-1,2752,2753,2750,-1,2750,2753,2751,-1,2751,2753,2002,-1,2752,2754,2753,-1,2753,2754,2002,-1,2755,2756,2752,-1,2752,2756,2754,-1,2754,2756,2002,-1,2739,2757,2737,-1,2739,2758,2757,-1,2741,2758,2739,-1,2759,2758,2760,-1,2757,2758,2759,-1,2761,2762,2755,-1,2755,2762,2756,-1,2002,2762,2003,-1,2756,2762,2002,-1,2631,2763,2621,-1,2760,2763,2631,-1,2621,2763,2620,-1,2620,2763,2741,-1,2758,2763,2760,-1,2741,2763,2758,-1,2757,2764,2737,-1,2737,2764,2744,-1,2759,2764,2757,-1,2765,2764,2759,-1,2744,2766,2745,-1,2765,2766,2764,-1,2764,2766,2744,-1,2629,2767,2761,-1,2762,2767,2003,-1,2761,2767,2762,-1,2765,2768,2766,-1,2766,2768,2745,-1,1982,2769,2635,-1,2635,2769,2636,-1,2636,2769,2632,-1,2629,2769,2767,-1,2003,2769,1982,-1,2632,2769,2629,-1,2767,2769,2003,-1,2770,2771,2765,-1,2745,2771,2748,-1,2768,2771,2745,-1,2765,2771,2768,-1,2771,2772,2748,-1,2770,2772,2771,-1,2772,2773,2748,-1,2774,2773,2770,-1,2748,2773,2750,-1,2770,2773,2772,-1,2773,2775,2750,-1,2750,2775,2752,-1,2774,2775,2773,-1,2774,2776,2775,-1,2775,2776,2752,-1,2777,2778,2774,-1,2776,2778,2752,-1,2774,2778,2776,-1,2752,2778,2755,-1,2777,2779,2778,-1,2778,2779,2755,-1,2760,2780,2759,-1,2640,2781,2637,-1,2631,2781,2760,-1,2782,2781,2640,-1,2760,2781,2780,-1,2780,2781,2782,-1,2637,2781,2631,-1,2779,2783,2755,-1,2777,2783,2779,-1,2755,2783,2761,-1,2784,2783,2777,-1,2785,2786,2782,-1,2780,2786,2759,-1,2782,2786,2780,-1,2759,2786,2765,-1,2785,2787,2786,-1,2786,2787,2765,-1,2784,2788,2783,-1,2761,2788,2629,-1,2783,2788,2761,-1,2789,2790,2785,-1,2787,2790,2765,-1,2785,2790,2787,-1,2784,2791,2788,-1,2518,2791,2784,-1,2788,2791,2629,-1,2629,2791,2518,-1,2472,2792,2789,-1,2765,2792,2770,-1,2789,2792,2790,-1,2790,2792,2765,-1,2472,2793,2792,-1,2792,2793,2770,-1,2770,2794,2774,-1,2474,2794,2472,-1,2793,2794,2770,-1,2472,2794,2793,-1,2474,2795,2794,-1,2794,2795,2774,-1,2476,2796,2474,-1,2474,2796,2795,-1,2795,2796,2774,-1,2774,2797,2777,-1,2476,2797,2796,-1,2796,2797,2774,-1,2478,2797,2476,-1,2797,2798,2777,-1,2478,2798,2797,-1,2782,2799,2785,-1,2640,2799,2782,-1,2449,2799,2450,-1,2450,2799,2640,-1,2799,2800,2785,-1,2449,2800,2799,-1,2480,2801,2478,-1,2478,2801,2798,-1,2798,2801,2777,-1,2777,2801,2784,-1,2785,2802,2789,-1,2449,2802,2800,-1,2800,2802,2785,-1,2801,2803,2784,-1,2485,2803,2480,-1,2784,2803,2486,-1,2486,2803,2485,-1,2480,2803,2801,-1,2802,2470,2789,-1,2789,2470,2472,-1,2448,2470,2449,-1,2449,2470,2802,-1,2518,2804,2649,-1,2784,2804,2518,-1,2648,2804,2486,-1,2486,2804,2784,-1,2649,2804,2650,-1,2651,2804,2648,-1,2650,2804,2651,-1,2472,2471,2474,-1,2448,2471,2470,-1,2805,1144,2806,-1,2807,1144,2805,-1,2808,1144,2807,-1,2809,1144,2808,-1,2810,1144,2809,-1,2811,1144,2810,-1,2812,1144,2811,-1,2813,1144,2812,-1,2463,1144,2813,-1,2814,1113,2445,-1,2815,1113,2814,-1,2816,1113,2815,-1,2817,1113,2816,-1,2818,1113,2817,-1,2819,1113,2818,-1,2820,1113,2819,-1,2806,1113,2820,-1,1144,1113,2806,-1,875,1212,876,-1,876,1212,881,-1,1074,2461,1256,-1,460,2821,451,-1,2821,434,451,-1,881,2822,882,-1,1249,2822,1212,-1,1212,2822,881,-1,882,2823,899,-1,2822,2823,882,-1,1249,2823,2822,-1,2823,2824,899,-1,1248,2824,1249,-1,1249,2824,2823,-1,899,2825,878,-1,2824,2825,899,-1,1248,2825,2824,-1,2825,2826,878,-1,2827,2828,2829,-1,2827,2830,2828,-1,2830,2831,2828,-1,2830,2832,2831,-1,2832,2833,2831,-1,2834,2833,2832,-1,2834,2835,2833,-1,2461,2836,1256,-1,2460,2836,2461,-1,1254,2836,1252,-1,1255,2836,1254,-1,1256,2836,1255,-1,2837,2838,2839,-1,2840,2841,2842,-1,2837,2841,2838,-1,2842,2841,2837,-1,2838,2843,2839,-1,2841,2843,2838,-1,2839,2843,2844,-1,2844,2845,2846,-1,2845,2847,2846,-1,2847,2848,2849,-1,2850,2851,2852,-1,2853,2854,519,-1,519,2854,485,-1,2851,2854,2853,-1,2854,2855,485,-1,2850,2855,2851,-1,2856,2855,2850,-1,2851,2855,2854,-1,485,2857,486,-1,2855,2857,485,-1,2856,2857,2855,-1,2857,2858,486,-1,2856,2858,2857,-1,2859,2860,2463,-1,2861,2860,2859,-1,2862,2860,2861,-1,2863,2860,2862,-1,2463,2860,2462,-1,460,2864,2821,-1,486,2864,460,-1,2821,2864,2856,-1,2858,2864,486,-1,2856,2864,2858,-1,2865,2866,2867,-1,878,2866,871,-1,2867,2866,2826,-1,2826,2866,878,-1,871,2868,872,-1,2866,2868,871,-1,2865,2869,2866,-1,2868,2869,872,-1,2829,2869,2865,-1,2866,2869,2868,-1,2867,2870,2865,-1,2826,2870,2867,-1,2865,2870,2829,-1,1396,2870,1248,-1,2825,2870,2826,-1,1248,2870,2825,-1,2828,2871,2829,-1,2869,2871,872,-1,2829,2871,2869,-1,872,2872,866,-1,2828,2872,2871,-1,2871,2872,872,-1,2831,2872,2828,-1,2870,2873,2829,-1,2829,2873,2827,-1,1394,2873,1396,-1,1396,2873,2870,-1,2872,2874,866,-1,2831,2874,2872,-1,2873,2875,2827,-1,1391,2875,1394,-1,1394,2875,2873,-1,866,2876,845,-1,2831,2876,2874,-1,2874,2876,866,-1,2827,2877,2830,-1,2875,2877,2827,-1,1391,2877,2875,-1,2833,2878,2831,-1,2876,2878,845,-1,2831,2878,2876,-1,2830,2879,2832,-1,2877,2879,2830,-1,2832,2879,2834,-1,1391,2879,2877,-1,2878,2880,845,-1,2878,2881,2880,-1,2835,2881,2833,-1,2833,2881,2878,-1,1391,2882,2879,-1,2879,2882,2834,-1,1386,2882,1391,-1,1386,2883,2882,-1,1387,2883,1386,-1,2882,2884,2834,-1,2883,2884,2882,-1,1387,2885,2883,-1,2883,2885,2884,-1,2835,2886,2881,-1,1387,2887,2885,-1,1380,2887,1387,-1,1382,2887,1380,-1,1382,2888,2887,-1,804,2889,782,-1,2890,2889,2891,-1,782,2892,760,-1,2889,2892,782,-1,2890,2892,2889,-1,2892,2893,760,-1,2894,2893,2890,-1,2890,2893,2892,-1,2893,2895,760,-1,2894,2895,2893,-1,760,2896,737,-1,2894,2896,2895,-1,2897,2896,2894,-1,2895,2896,760,-1,2891,2898,2890,-1,2896,2899,737,-1,2897,2899,2896,-1,2900,2899,2897,-1,2899,2901,737,-1,2900,2901,2899,-1,2901,2902,737,-1,737,2902,738,-1,2903,2902,2900,-1,2900,2902,2901,-1,2902,2904,738,-1,2905,2904,2903,-1,2903,2904,2902,-1,2905,2906,2904,-1,2904,2906,738,-1,2905,2907,2906,-1,738,2907,715,-1,2906,2907,738,-1,2908,2907,2905,-1,2909,2910,2911,-1,2890,2912,2894,-1,2894,2912,2897,-1,2898,2912,2890,-1,2912,2913,2897,-1,2907,2914,715,-1,2908,2914,2907,-1,2915,2914,2908,-1,2913,2916,2897,-1,2897,2916,2900,-1,2915,2917,2914,-1,2914,2917,715,-1,2918,2919,2916,-1,2916,2919,2900,-1,2919,2920,2900,-1,2918,2920,2919,-1,2900,2920,2903,-1,715,2921,693,-1,2917,2921,715,-1,2915,2921,2917,-1,2918,2922,2920,-1,2920,2922,2903,-1,2922,2923,2903,-1,2903,2923,2905,-1,693,2924,662,-1,2921,2924,693,-1,2923,2925,2905,-1,2905,2925,2908,-1,2911,2926,2909,-1,2909,2927,2910,-1,2928,2927,2909,-1,2929,2927,2928,-1,2929,2930,2927,-1,2931,2930,2929,-1,2456,2932,2926,-1,2455,2932,2456,-1,2926,2932,2909,-1,2931,2933,2930,-1,2934,2935,2931,-1,2931,2935,2933,-1,2933,2935,2918,-1,2932,2936,2909,-1,2455,2936,2932,-1,2935,2937,2918,-1,2934,2937,2935,-1,2909,2938,2928,-1,2936,2938,2909,-1,2455,2938,2936,-1,2939,2940,2934,-1,2934,2940,2937,-1,2937,2940,2918,-1,2939,2941,2940,-1,2940,2941,2918,-1,2453,2942,2455,-1,2455,2942,2938,-1,2928,2942,2929,-1,2938,2942,2928,-1,2939,2943,2941,-1,2944,2943,2939,-1,2453,2945,2942,-1,2942,2945,2929,-1,2946,2947,2944,-1,2944,2947,2943,-1,2945,2948,2929,-1,2929,2948,2931,-1,2453,2948,2945,-1,2453,2949,2948,-1,2948,2949,2931,-1,2454,2949,2453,-1,2931,2949,2934,-1,2949,2950,2934,-1,2454,2950,2949,-1,2950,2951,2934,-1,2454,2951,2950,-1,2934,2951,2939,-1,2951,2952,2939,-1,2469,2952,2454,-1,2454,2952,2951,-1,2939,2952,2944,-1,2952,2953,2944,-1,2469,2953,2952,-1,2953,2954,2944,-1,2469,2954,2953,-1,2944,2954,2946,-1,2842,2955,2840,-1,2954,2956,2946,-1,2468,2956,2469,-1,2469,2956,2954,-1,2946,2956,2957,-1,2837,2958,2842,-1,2842,2958,2955,-1,2468,2959,2956,-1,2956,2959,2957,-1,2960,2961,587,-1,587,2961,552,-1,2962,2961,2960,-1,2837,2961,2958,-1,2958,2961,2962,-1,2467,2963,2468,-1,2468,2963,2959,-1,2959,2963,2957,-1,2839,2964,2837,-1,2961,2964,552,-1,2837,2964,2961,-1,2846,2965,2844,-1,2839,2965,2964,-1,2844,2965,2839,-1,2964,2965,552,-1,2467,2966,2963,-1,2846,2967,2965,-1,552,2967,553,-1,2965,2967,552,-1,2846,2968,2967,-1,2847,2968,2846,-1,2967,2968,553,-1,2968,2969,553,-1,2849,2969,2847,-1,2847,2969,2968,-1,553,2970,518,-1,2969,2970,553,-1,2970,2971,518,-1,2969,2971,2970,-1,519,2971,2853,-1,518,2971,519,-1,2849,2971,2969,-1,2848,2971,2849,-1,2853,2971,2848,-1,2972,2973,2974,-1,2973,2975,2974,-1,2972,2976,2973,-1,2977,2976,2978,-1,2979,2976,2972,-1,2978,2976,2979,-1,2841,2980,2843,-1,2841,2981,2980,-1,2982,2981,2841,-1,2977,2983,2982,-1,2978,2983,2977,-1,2984,2983,2978,-1,2985,2983,2984,-1,2982,2983,2981,-1,2981,2983,2985,-1,2844,2986,2845,-1,2843,2986,2844,-1,2843,2987,2986,-1,2981,2987,2980,-1,2980,2987,2843,-1,2988,2987,2985,-1,2985,2987,2981,-1,2986,2987,2988,-1,2989,2990,2988,-1,2986,2990,2845,-1,2988,2990,2986,-1,2989,2991,2990,-1,2992,2991,2989,-1,2990,2991,2845,-1,2845,2991,2847,-1,2991,2993,2847,-1,2853,2993,2851,-1,2847,2993,2848,-1,2848,2993,2853,-1,2851,2993,2852,-1,2852,2993,2992,-1,2992,2993,2991,-1,2886,2994,2881,-1,845,2994,846,-1,2880,2994,845,-1,2881,2994,2880,-1,2994,2995,846,-1,2886,2995,2994,-1,2996,2995,2886,-1,2995,2997,846,-1,846,2997,837,-1,2998,2997,2996,-1,2996,2997,2995,-1,2998,2999,2997,-1,3000,2999,2998,-1,2997,2999,837,-1,2999,3001,837,-1,3000,3001,2999,-1,3002,3003,3000,-1,3000,3003,3001,-1,3001,3003,837,-1,2884,3004,2834,-1,2885,3004,2884,-1,2888,3004,2887,-1,2887,3004,2885,-1,2835,3004,3005,-1,2834,3004,2835,-1,837,3006,816,-1,3007,3006,3002,-1,3002,3006,3003,-1,3003,3006,837,-1,3007,3008,3006,-1,3009,3008,3007,-1,3006,3008,816,-1,3008,3010,816,-1,3009,3010,3008,-1,2835,3011,2886,-1,3005,3011,2835,-1,3012,3013,3009,-1,3010,3013,816,-1,3009,3013,3010,-1,3005,3014,3011,-1,2886,3014,2996,-1,3011,3014,2886,-1,3005,3015,3014,-1,3014,3015,2996,-1,2996,3015,2998,-1,3016,3015,3005,-1,816,3017,804,-1,3013,3017,816,-1,2891,3017,3012,-1,3012,3017,3013,-1,3016,3018,3015,-1,3015,3018,2998,-1,3017,3019,804,-1,2891,3019,3017,-1,804,3019,2889,-1,2889,3019,2891,-1,3016,3020,3018,-1,3021,3020,3016,-1,2998,3020,3000,-1,3018,3020,2998,-1,3020,3022,3000,-1,3021,3022,3020,-1,3021,3023,3022,-1,3022,3023,3000,-1,3000,3023,3002,-1,3021,3024,3023,-1,3002,3024,3007,-1,3023,3024,3002,-1,3025,3024,3021,-1,1382,3026,2888,-1,2836,3026,1252,-1,1561,3026,1382,-1,1252,3026,1561,-1,2888,3026,3027,-1,3025,3028,3024,-1,3024,3028,3007,-1,3025,3029,3028,-1,3007,3029,3009,-1,3028,3029,3007,-1,3030,3029,3025,-1,3004,3031,3005,-1,3032,3031,3027,-1,2888,3031,3004,-1,3027,3031,2888,-1,3030,3033,3029,-1,3029,3033,3009,-1,3032,3034,3031,-1,3005,3034,3016,-1,3031,3034,3005,-1,3035,3034,3032,-1,3030,3036,3033,-1,3033,3036,3009,-1,3009,3036,3012,-1,3034,3037,3016,-1,3035,3037,3034,-1,3030,3038,3036,-1,3036,3038,3012,-1,3012,3038,2891,-1,3039,3038,3030,-1,3039,3040,3038,-1,3038,3040,2891,-1,2891,3040,2898,-1,3041,3042,3035,-1,3016,3042,3021,-1,3037,3042,3016,-1,3035,3042,3037,-1,3041,3043,3042,-1,3042,3043,3021,-1,3044,3043,3041,-1,3044,3045,3043,-1,3043,3045,3021,-1,3046,3047,3044,-1,3045,3047,3021,-1,3044,3047,3045,-1,3021,3047,3025,-1,3046,3048,3047,-1,3047,3048,3025,-1,2460,3049,2836,-1,2836,3049,3026,-1,3026,3049,3027,-1,3027,3049,3032,-1,2459,3049,2460,-1,3050,3051,3046,-1,3046,3051,3048,-1,3048,3051,3025,-1,3025,3051,3030,-1,3050,3052,3051,-1,3051,3052,3030,-1,3053,3052,3050,-1,3049,3054,3032,-1,2459,3054,3049,-1,3053,3055,3052,-1,3052,3055,3030,-1,3032,3056,3035,-1,2459,3056,3054,-1,3054,3056,3032,-1,2911,3057,3053,-1,3053,3057,3055,-1,3030,3057,3039,-1,3055,3057,3030,-1,3035,3058,3041,-1,2458,3058,2459,-1,3056,3058,3035,-1,2459,3058,3056,-1,2910,3059,2911,-1,3039,3059,2910,-1,2911,3059,3057,-1,3057,3059,3039,-1,3040,3060,2898,-1,3039,3060,3040,-1,2910,3060,3039,-1,3058,3061,3041,-1,3041,3061,3044,-1,2458,3061,3058,-1,2458,3062,3061,-1,3061,3062,3044,-1,3044,3063,3046,-1,3062,3063,3044,-1,2458,3063,3062,-1,2910,3064,3060,-1,2898,3064,2912,-1,3060,3064,2898,-1,2927,3064,2910,-1,3046,3065,3050,-1,3063,3065,3046,-1,2458,3065,3063,-1,2457,3065,2458,-1,3065,3066,3050,-1,2457,3066,3065,-1,3050,3066,3053,-1,3066,3067,3053,-1,2457,3067,3066,-1,2911,3068,2926,-1,3053,3068,2911,-1,3067,3068,3053,-1,2457,3068,3067,-1,2926,3068,2456,-1,2456,3068,2457,-1,3064,3069,2912,-1,2927,3069,3064,-1,2913,3069,2916,-1,2916,3069,2918,-1,2930,3069,2927,-1,2933,3069,2930,-1,2918,3069,2933,-1,2912,3069,2913,-1,2924,3070,662,-1,2924,3071,3070,-1,2915,3071,2921,-1,2921,3071,2924,-1,3070,3071,3072,-1,3072,3071,3073,-1,3073,3074,3075,-1,3071,3074,3073,-1,2925,3074,2908,-1,2915,3074,3071,-1,2908,3074,2915,-1,3075,3076,2947,-1,2947,3076,2943,-1,2925,3076,3074,-1,2918,3076,2922,-1,2923,3076,2925,-1,2941,3076,2918,-1,2943,3076,2941,-1,3074,3076,3075,-1,2922,3076,2923,-1,3077,3078,3072,-1,662,3078,641,-1,3070,3078,662,-1,3072,3078,3070,-1,3078,3079,641,-1,3080,3079,3077,-1,3077,3079,3078,-1,3080,3081,3079,-1,3079,3081,641,-1,3081,3082,641,-1,3080,3082,3081,-1,3083,3082,3080,-1,641,3084,607,-1,3085,3084,3083,-1,3082,3084,641,-1,3083,3084,3082,-1,3084,3086,607,-1,3085,3086,3084,-1,3087,3086,3085,-1,3086,3088,607,-1,3087,3088,3086,-1,3088,3089,607,-1,3090,3089,3087,-1,3087,3089,3088,-1,3073,3091,3072,-1,3092,3093,3094,-1,3075,3093,3073,-1,3073,3093,3091,-1,3091,3093,3092,-1,607,3095,608,-1,3096,3095,3090,-1,3090,3095,3089,-1,3089,3095,607,-1,3093,3097,3094,-1,2947,3097,3075,-1,2946,3097,2947,-1,3094,3097,2957,-1,3075,3097,3093,-1,2957,3097,2946,-1,3072,3098,3077,-1,3091,3098,3072,-1,3099,3098,3092,-1,3092,3098,3091,-1,3077,3100,3080,-1,3098,3100,3077,-1,3099,3100,3098,-1,3096,3101,3095,-1,2955,3101,3096,-1,3095,3101,608,-1,3099,3102,3100,-1,3100,3102,3080,-1,587,3103,2960,-1,608,3103,587,-1,2960,3103,2962,-1,2958,3103,2955,-1,2962,3103,2958,-1,3101,3103,608,-1,2955,3103,3101,-1,3099,3104,3102,-1,3102,3104,3080,-1,3080,3104,3083,-1,3105,3104,3099,-1,3104,3106,3083,-1,3105,3106,3104,-1,3105,3107,3106,-1,3083,3107,3085,-1,3106,3107,3083,-1,3108,3107,3105,-1,3107,3109,3085,-1,3085,3109,3087,-1,3108,3109,3107,-1,3109,3110,3087,-1,3108,3110,3109,-1,3111,3112,3108,-1,3110,3112,3087,-1,3108,3112,3110,-1,3087,3112,3090,-1,3111,3113,3112,-1,3112,3113,3090,-1,3094,3114,3092,-1,3114,3115,3116,-1,2957,3115,3094,-1,2963,3115,2957,-1,3116,3115,2966,-1,2966,3115,2963,-1,3094,3115,3114,-1,3117,3118,3111,-1,3111,3118,3113,-1,3113,3118,3090,-1,3090,3118,3096,-1,3116,3119,3114,-1,3092,3119,3099,-1,3120,3119,3116,-1,3114,3119,3092,-1,3119,3121,3099,-1,3120,3121,3119,-1,3117,3122,3118,-1,3118,3122,3096,-1,3096,3122,2955,-1,3120,3123,3121,-1,3121,3123,3099,-1,3124,3123,3120,-1,3117,3125,3122,-1,2840,3125,3117,-1,3122,3125,2955,-1,2955,3125,2840,-1,3123,3126,3099,-1,3124,3126,3123,-1,3127,3126,3124,-1,3099,3126,3105,-1,3127,3128,3126,-1,3126,3128,3105,-1,3127,3129,3128,-1,3128,3129,3105,-1,3130,3129,3127,-1,3105,3129,3108,-1,3130,3131,3129,-1,3129,3131,3108,-1,3132,3133,3130,-1,3130,3133,3131,-1,3131,3133,3108,-1,3108,3134,3111,-1,3135,3134,3132,-1,3133,3134,3108,-1,3132,3134,3133,-1,3134,3136,3111,-1,3135,3136,3134,-1,3116,3137,3120,-1,2466,3137,2467,-1,2966,3137,3116,-1,2467,3137,2966,-1,2466,3138,3137,-1,3137,3138,3120,-1,3111,3139,3117,-1,3140,3139,3135,-1,3136,3139,3111,-1,3135,3139,3136,-1,2466,3141,3138,-1,3138,3141,3120,-1,3120,3141,3124,-1,2975,3142,3143,-1,3143,3142,3140,-1,3117,3142,2975,-1,3139,3142,3117,-1,3140,3142,3139,-1,2465,3144,2466,-1,2466,3144,3141,-1,3141,3144,3124,-1,3124,3144,3127,-1,2840,3145,2841,-1,3117,3145,2840,-1,2841,3145,2982,-1,2973,3145,2975,-1,2975,3145,3117,-1,2982,3145,2977,-1,2976,3145,2973,-1,2977,3145,2976,-1,2465,3146,3144,-1,3144,3146,3127,-1,3127,3146,3130,-1,2465,3147,3146,-1,3146,3147,3130,-1,3130,3148,3132,-1,3147,3148,3130,-1,2465,3148,3147,-1,3148,3149,3132,-1,3132,3149,3135,-1,2464,3149,2465,-1,2465,3149,3148,-1,3149,3150,3135,-1,3135,3150,3140,-1,2464,3150,3149,-1,2462,3151,2464,-1,2860,3151,2462,-1,3150,3151,3140,-1,2464,3151,3150,-1,3143,3152,2975,-1,3140,3152,3143,-1,2975,3152,2974,-1,3153,3152,2863,-1,2974,3152,3153,-1,2863,3152,2860,-1,3151,3152,3140,-1,2860,3152,3151,-1,3154,3155,3156,-1,3157,3155,3154,-1,3156,3158,3159,-1,3160,3158,3157,-1,3157,3158,3155,-1,3155,3158,3156,-1,3160,3161,3158,-1,3158,3161,3159,-1,3162,3163,3160,-1,434,2821,423,-1,423,2821,424,-1,3160,3163,3161,-1,3161,3163,3159,-1,3163,3164,3159,-1,3159,3164,3165,-1,3166,3164,3162,-1,3162,3164,3163,-1,3164,3167,3165,-1,3166,3167,3164,-1,3168,3169,3170,-1,3170,3169,3171,-1,2817,3169,2818,-1,2818,3169,3168,-1,3169,3172,3171,-1,2817,3172,3169,-1,3165,3173,3174,-1,3175,3173,3166,-1,3167,3173,3165,-1,3166,3173,3167,-1,3171,3176,3177,-1,3172,3176,3171,-1,2817,3176,3172,-1,3178,3179,3175,-1,3180,3179,3178,-1,3174,3179,3180,-1,3173,3179,3174,-1,3175,3179,3173,-1,3177,3181,3157,-1,2816,3181,2817,-1,3176,3181,3177,-1,2817,3181,3176,-1,3174,3182,3183,-1,3183,3182,3184,-1,3185,3182,3180,-1,3180,3182,3174,-1,3184,3182,3186,-1,3186,3182,3187,-1,3187,3182,3188,-1,3188,3182,3185,-1,3181,3189,3157,-1,3157,3189,3160,-1,2816,3189,3181,-1,2816,3190,3189,-1,3189,3190,3160,-1,2816,3191,3190,-1,3190,3191,3160,-1,3160,3191,3162,-1,2816,3192,3191,-1,3191,3192,3162,-1,2815,3192,2816,-1,3162,3192,3166,-1,3192,3193,3166,-1,3166,3193,3175,-1,2815,3193,3192,-1,2815,3194,3193,-1,3193,3194,3175,-1,2814,3194,2815,-1,3195,3194,2814,-1,2682,3196,2681,-1,2683,3196,2682,-1,3194,3196,3175,-1,3195,3196,3194,-1,3180,3196,2683,-1,3175,3196,3178,-1,3178,3196,3180,-1,2681,3196,3195,-1,2463,2813,2859,-1,2316,2482,2292,-1,2482,2270,2292,-1,2856,3197,2821,-1,424,3197,414,-1,2821,3197,424,-1,2856,3198,3197,-1,3197,3198,414,-1,2856,3199,3198,-1,3198,3199,414,-1,414,3199,415,-1,2856,3200,3199,-1,3199,3200,415,-1,2850,3200,2856,-1,3200,3201,415,-1,415,3201,410,-1,2850,3202,3200,-1,2852,3202,2850,-1,3200,3202,3201,-1,3201,3203,410,-1,3202,3203,3201,-1,2852,3204,3202,-1,3202,3204,3203,-1,3205,3206,3207,-1,3206,3208,3207,-1,3206,3209,3208,-1,3210,3211,3209,-1,3210,3212,3211,-1,3210,3213,3212,-1,3212,3214,3211,-1,3213,3214,3212,-1,3213,3215,3214,-1,3213,3216,3215,-1,2812,3217,2813,-1,2859,3217,2861,-1,2861,3217,2862,-1,2813,3217,2859,-1,3218,3219,3220,-1,3218,3184,3219,-1,3221,3184,3218,-1,3183,3184,3221,-1,3219,3222,3220,-1,3184,3222,3219,-1,3220,3222,3223,-1,3223,3224,3225,-1,3224,3226,3225,-1,3226,3227,3228,-1,2493,3229,2495,-1,2493,3230,3229,-1,2350,3230,2338,-1,3231,3230,2350,-1,3229,3230,3231,-1,2488,3232,2493,-1,3230,3232,2338,-1,2493,3232,3230,-1,2338,3233,2324,-1,3232,3233,2338,-1,2488,3233,3232,-1,2324,3234,2316,-1,2482,3234,2488,-1,3233,3234,2324,-1,2316,3234,2482,-1,2488,3234,3233,-1,2487,3195,2445,-1,2512,3195,2487,-1,2513,3195,2512,-1,2681,3195,2513,-1,2445,3195,2814,-1,3204,3235,3203,-1,3203,3235,410,-1,410,3235,411,-1,3205,3236,3204,-1,3207,3236,3205,-1,3204,3236,3235,-1,3235,3236,411,-1,3208,3237,3207,-1,411,3237,405,-1,3207,3237,3236,-1,3236,3237,411,-1,3208,3238,3237,-1,3237,3238,405,-1,3204,3239,3205,-1,2989,3239,2992,-1,2992,3239,2852,-1,2852,3239,3204,-1,405,3240,406,-1,3208,3240,3238,-1,3238,3240,405,-1,3205,3241,3206,-1,3239,3241,3205,-1,2989,3241,3239,-1,3208,3242,3240,-1,3209,3242,3208,-1,3211,3242,3209,-1,3240,3242,406,-1,2989,3243,3241,-1,3241,3243,3206,-1,2988,3243,2989,-1,3242,3244,406,-1,3214,3244,3211,-1,3211,3244,3242,-1,3243,3245,3206,-1,2988,3245,3243,-1,3206,3245,3209,-1,3209,3245,3210,-1,3214,3246,3244,-1,3244,3246,406,-1,406,3246,400,-1,3245,3247,3210,-1,2985,3247,2988,-1,2988,3247,3245,-1,3247,3248,3210,-1,3210,3248,3213,-1,3246,3249,400,-1,3246,3250,3249,-1,3216,3251,3215,-1,3214,3251,3246,-1,3246,3251,3250,-1,3215,3251,3214,-1,3247,3252,3248,-1,3248,3252,3213,-1,2985,3252,3247,-1,2985,3253,3252,-1,2978,3253,2984,-1,2984,3253,2985,-1,3252,3254,3213,-1,3213,3254,3216,-1,3253,3254,3252,-1,3253,3255,3254,-1,2978,3255,3253,-1,2978,3256,3255,-1,3216,3257,3251,-1,2978,3258,3256,-1,2972,3258,2979,-1,2979,3258,2978,-1,3259,3260,3261,-1,3262,3263,3264,-1,358,3263,336,-1,3262,3265,3263,-1,336,3265,314,-1,3263,3265,336,-1,3266,3267,3262,-1,3262,3267,3265,-1,3265,3267,314,-1,3266,3268,3267,-1,3267,3268,314,-1,3269,3270,3266,-1,3266,3270,3268,-1,314,3270,129,-1,3268,3270,314,-1,3264,3271,3262,-1,3270,3272,129,-1,3269,3272,3270,-1,3269,3273,3272,-1,3272,3273,129,-1,3274,3273,3269,-1,129,3273,130,-1,3273,3275,130,-1,3276,3275,3274,-1,3274,3275,3273,-1,3275,3277,130,-1,3276,3277,3275,-1,130,3278,2433,-1,3277,3278,130,-1,3276,3278,3277,-1,3279,3278,3276,-1,3278,3280,2433,-1,3279,3280,3278,-1,3281,3280,3279,-1,3282,3283,3284,-1,3262,3285,3266,-1,3271,3285,3262,-1,3266,3285,3269,-1,3280,3286,2433,-1,3281,3286,3280,-1,3285,3287,3269,-1,3269,3287,3274,-1,3286,3288,2433,-1,3281,3288,3286,-1,3289,3288,3281,-1,3287,3290,3274,-1,3290,3291,3274,-1,3292,3291,3290,-1,3274,3291,3276,-1,3291,3293,3276,-1,3292,3293,3291,-1,2433,3294,2428,-1,3288,3294,2433,-1,3289,3294,3288,-1,3293,3295,3276,-1,3292,3295,3293,-1,3276,3295,3279,-1,3292,3296,3295,-1,3295,3296,3279,-1,2428,3297,2420,-1,3294,3297,2428,-1,3296,3298,3279,-1,3279,3298,3281,-1,3284,3299,3282,-1,3282,3300,3283,-1,3301,3300,3282,-1,3302,3300,3301,-1,3302,3303,3300,-1,3304,3303,3302,-1,2807,3305,2808,-1,3299,3305,3282,-1,2808,3305,3299,-1,3304,3306,3303,-1,3307,3308,3304,-1,3304,3308,3306,-1,3306,3308,3292,-1,2807,3309,3305,-1,3305,3309,3282,-1,3307,3310,3308,-1,3308,3310,3292,-1,3309,3311,3282,-1,2807,3311,3309,-1,3282,3311,3301,-1,3307,3312,3310,-1,3313,3312,3307,-1,3310,3312,3292,-1,3312,3314,3292,-1,3313,3314,3312,-1,3311,3315,3301,-1,2805,3315,2807,-1,2807,3315,3311,-1,3301,3315,3302,-1,3313,3316,3314,-1,3317,3316,3313,-1,2805,3318,3315,-1,3315,3318,3302,-1,3317,3319,3316,-1,3320,3319,3317,-1,3318,3321,3302,-1,3302,3321,3304,-1,2805,3321,3318,-1,3304,3322,3307,-1,3321,3322,3304,-1,2805,3322,3321,-1,2806,3322,2805,-1,2806,3323,3322,-1,3322,3323,3307,-1,2806,3324,3323,-1,3323,3324,3307,-1,3307,3324,3313,-1,2806,3325,3324,-1,2820,3325,2806,-1,3324,3325,3313,-1,3313,3325,3317,-1,2820,3326,3325,-1,3325,3326,3317,-1,2820,3327,3326,-1,3326,3327,3317,-1,3317,3327,3320,-1,3221,3328,3183,-1,3320,3329,3330,-1,2819,3329,2820,-1,3327,3329,3320,-1,2820,3329,3327,-1,3218,3331,3221,-1,3221,3331,3328,-1,3329,3332,3330,-1,2819,3332,3329,-1,2383,3333,2384,-1,3334,3333,2383,-1,3218,3333,3331,-1,3335,3333,3334,-1,3331,3333,3335,-1,2818,3336,2819,-1,3332,3336,3330,-1,2819,3336,3332,-1,3218,3337,3333,-1,3220,3337,3218,-1,3333,3337,2384,-1,3220,3338,3337,-1,3337,3338,2384,-1,3223,3338,3220,-1,3225,3338,3223,-1,2818,3168,3336,-1,3225,3339,3338,-1,2384,3339,2372,-1,3338,3339,2384,-1,3225,3340,3339,-1,3339,3340,2372,-1,3226,3340,3225,-1,3340,3341,2372,-1,3226,3341,3340,-1,3228,3341,3226,-1,2372,3342,2362,-1,3341,3342,2372,-1,2362,3343,2350,-1,3342,3343,2362,-1,3228,3343,3341,-1,3341,3343,3342,-1,2350,3343,3231,-1,3227,3343,3228,-1,3231,3343,3227,-1,2558,3185,2683,-1,3185,3180,2683,-1,2559,3188,2558,-1,2551,3188,2559,-1,3187,3188,2551,-1,2558,3188,3185,-1,3184,3344,3222,-1,3186,3345,3184,-1,3184,3345,3344,-1,2552,3346,2551,-1,2543,3346,2552,-1,2551,3346,3187,-1,3345,3346,2543,-1,3187,3346,3186,-1,3186,3346,3345,-1,3222,3347,3223,-1,3223,3347,3224,-1,3347,3348,2539,-1,2539,3348,2543,-1,2543,3348,3345,-1,3345,3348,3344,-1,3344,3348,3222,-1,3222,3348,3347,-1,2539,3349,3347,-1,2533,3349,2539,-1,3347,3349,3224,-1,2533,3350,3349,-1,3224,3350,3226,-1,2534,3350,2533,-1,3349,3350,3224,-1,2495,3351,2534,-1,3229,3351,2495,-1,3226,3351,3227,-1,3227,3351,3231,-1,3231,3351,3229,-1,2534,3351,3350,-1,3350,3351,3226,-1,3249,3352,400,-1,3250,3352,3249,-1,3251,3352,3250,-1,3257,3352,3251,-1,400,3352,392,-1,3353,3354,3257,-1,3257,3354,3352,-1,3352,3354,392,-1,3353,3355,3354,-1,3356,3355,3353,-1,392,3355,370,-1,3354,3355,392,-1,3355,3357,370,-1,3358,3357,3356,-1,3356,3357,3355,-1,3358,3359,3357,-1,3357,3359,370,-1,3358,3360,3359,-1,3361,3360,3358,-1,3359,3360,370,-1,3258,3362,3256,-1,3255,3362,3254,-1,3256,3362,3255,-1,3259,3362,3258,-1,3254,3362,3216,-1,3261,3362,3259,-1,3361,3363,3360,-1,3360,3363,370,-1,3364,3363,3361,-1,370,3363,371,-1,3363,3365,371,-1,3366,3365,3364,-1,3364,3365,3363,-1,3365,3367,371,-1,3366,3367,3365,-1,3362,3368,3216,-1,3261,3368,3362,-1,3216,3368,3257,-1,3257,3369,3353,-1,3368,3369,3257,-1,3261,3369,3368,-1,3367,3370,371,-1,3371,3370,3366,-1,3366,3370,3367,-1,371,3370,358,-1,3261,3372,3369,-1,3373,3372,3261,-1,3353,3372,3356,-1,3369,3372,3353,-1,3258,3374,3259,-1,2972,3374,3258,-1,2862,3374,2863,-1,2863,3374,3153,-1,3153,3374,2974,-1,2974,3374,2972,-1,3217,3374,2862,-1,3373,3375,3372,-1,3372,3375,3356,-1,3371,3376,3370,-1,3370,3376,358,-1,3264,3376,3371,-1,3376,3377,358,-1,3264,3377,3376,-1,3263,3377,3264,-1,358,3377,3263,-1,3356,3378,3358,-1,3375,3378,3356,-1,3379,3378,3373,-1,3373,3378,3375,-1,3379,3380,3378,-1,3378,3380,3358,-1,3380,3381,3358,-1,3379,3381,3380,-1,3358,3381,3361,-1,3382,3383,3379,-1,3379,3383,3381,-1,3381,3383,3361,-1,3361,3383,3364,-1,3217,3384,3374,-1,3374,3384,3259,-1,3259,3384,3260,-1,3382,3385,3383,-1,3383,3385,3364,-1,3386,3387,3382,-1,3382,3387,3385,-1,3385,3387,3364,-1,3364,3387,3366,-1,3260,3388,3261,-1,3389,3388,3260,-1,3386,3390,3387,-1,3387,3390,3366,-1,3261,3391,3373,-1,3388,3391,3261,-1,3389,3391,3388,-1,3392,3391,3389,-1,3393,3394,3386,-1,3386,3394,3390,-1,3390,3394,3366,-1,3366,3394,3371,-1,3392,3395,3391,-1,3391,3395,3373,-1,3393,3396,3394,-1,3394,3396,3371,-1,3371,3396,3264,-1,3264,3397,3271,-1,3396,3397,3264,-1,3393,3397,3396,-1,3398,3399,3392,-1,3373,3399,3379,-1,3395,3399,3373,-1,3392,3399,3395,-1,3400,3401,3398,-1,3399,3401,3379,-1,3398,3401,3399,-1,3400,3402,3401,-1,3401,3402,3379,-1,3403,3404,3400,-1,3379,3404,3382,-1,3402,3404,3379,-1,3400,3404,3402,-1,3403,3405,3404,-1,3404,3405,3382,-1,3217,3406,3384,-1,2811,3406,2812,-1,3384,3406,3260,-1,2812,3406,3217,-1,3260,3406,3389,-1,3382,3407,3386,-1,3408,3407,3403,-1,3403,3407,3405,-1,3405,3407,3382,-1,3407,3409,3386,-1,3410,3409,3408,-1,3408,3409,3407,-1,3406,3411,3389,-1,2811,3411,3406,-1,3409,3412,3386,-1,3410,3412,3409,-1,3411,3413,3389,-1,2811,3413,3411,-1,3389,3413,3392,-1,3412,3414,3386,-1,3410,3414,3412,-1,3284,3414,3410,-1,3386,3414,3393,-1,3392,3415,3398,-1,2811,3415,3413,-1,3413,3415,3392,-1,2810,3415,2811,-1,3283,3416,3284,-1,3414,3416,3393,-1,3393,3416,3283,-1,3284,3416,3414,-1,3283,3417,3393,-1,3397,3417,3271,-1,3393,3417,3397,-1,3398,3418,3400,-1,3415,3418,3398,-1,2810,3418,3415,-1,2810,3419,3418,-1,3418,3419,3400,-1,3400,3420,3403,-1,3419,3420,3400,-1,2810,3420,3419,-1,3300,3421,3283,-1,3271,3421,3285,-1,3283,3421,3417,-1,3417,3421,3271,-1,3420,3422,3403,-1,2810,3422,3420,-1,2809,3422,2810,-1,3403,3422,3408,-1,3408,3423,3410,-1,3422,3423,3408,-1,2809,3423,3422,-1,3410,3424,3284,-1,3423,3424,3410,-1,2809,3424,3423,-1,3284,3425,3299,-1,2808,3425,2809,-1,3424,3425,3284,-1,2809,3425,3424,-1,3299,3425,2808,-1,3300,3426,3421,-1,3421,3426,3285,-1,3285,3426,3287,-1,3287,3426,3290,-1,3290,3426,3292,-1,3303,3426,3300,-1,3306,3426,3303,-1,3292,3426,3306,-1,3297,3427,2420,-1,3428,3429,3430,-1,3427,3429,3428,-1,3297,3429,3427,-1,3289,3429,3294,-1,3294,3429,3297,-1,3429,3431,3430,-1,3289,3431,3429,-1,3281,3431,3289,-1,3298,3431,3281,-1,3430,3431,3432,-1,3314,3433,3292,-1,3319,3433,3316,-1,3432,3433,3319,-1,3298,3433,3431,-1,3292,3433,3296,-1,3316,3433,3314,-1,3431,3433,3432,-1,3296,3433,3298,-1,2420,3434,2421,-1,3435,3434,3428,-1,3428,3434,3427,-1,3427,3434,2420,-1,3436,3437,3435,-1,3435,3437,3434,-1,3434,3437,2421,-1,3436,3438,3437,-1,3437,3438,2421,-1,3439,3440,3436,-1,3438,3440,2421,-1,3436,3440,3438,-1,2421,3441,2413,-1,3442,3441,3439,-1,3439,3441,3440,-1,3440,3441,2421,-1,3441,3443,2413,-1,3442,3443,3441,-1,3444,3443,3442,-1,3443,3445,2413,-1,3444,3445,3443,-1,3444,3446,3445,-1,3447,3446,3444,-1,3445,3446,2413,-1,3430,3448,3428,-1,3448,3449,3450,-1,3430,3449,3448,-1,3450,3449,3451,-1,3432,3449,3430,-1,2413,3452,2400,-1,3453,3452,3447,-1,3447,3452,3446,-1,3446,3452,2413,-1,3432,3454,3449,-1,3451,3454,3330,-1,3320,3454,3319,-1,3330,3454,3320,-1,3319,3454,3432,-1,3449,3454,3451,-1,3450,3455,3448,-1,3428,3455,3435,-1,3456,3455,3450,-1,3448,3455,3428,-1,3435,3457,3436,-1,3455,3457,3435,-1,3456,3457,3455,-1,3456,3458,3457,-1,3457,3458,3436,-1,3328,3459,3453,-1,3453,3459,3452,-1,3452,3459,2400,-1,2400,3460,2383,-1,2383,3460,3334,-1,3328,3460,3459,-1,3334,3460,3335,-1,3459,3460,2400,-1,3331,3460,3328,-1,3335,3460,3331,-1,3456,3461,3458,-1,3156,3461,3456,-1,3458,3461,3436,-1,3436,3461,3439,-1,3156,3462,3461,-1,3461,3462,3439,-1,3159,3463,3156,-1,3156,3463,3462,-1,3439,3463,3442,-1,3462,3463,3439,-1,3159,3464,3463,-1,3463,3464,3442,-1,3442,3464,3444,-1,3159,3465,3464,-1,3464,3465,3444,-1,3159,3466,3465,-1,3165,3466,3159,-1,3465,3466,3444,-1,3444,3466,3447,-1,3165,3467,3466,-1,3466,3467,3447,-1,3451,3468,3450,-1,3330,3469,3451,-1,3168,3469,3336,-1,3170,3469,3168,-1,3451,3469,3468,-1,3468,3469,3170,-1,3336,3469,3330,-1,3174,3470,3165,-1,3165,3470,3467,-1,3467,3470,3447,-1,3447,3470,3453,-1,3171,3471,3170,-1,3450,3471,3456,-1,3468,3471,3450,-1,3170,3471,3468,-1,3171,3472,3471,-1,3471,3472,3456,-1,3174,3473,3470,-1,3470,3473,3453,-1,3453,3473,3328,-1,3177,3474,3171,-1,3171,3474,3472,-1,3472,3474,3456,-1,3183,3475,3174,-1,3174,3475,3473,-1,3473,3475,3328,-1,3328,3475,3183,-1,3456,3154,3156,-1,3474,3154,3456,-1,3177,3154,3474,-1,3157,3154,3177,-1,3476,3477,3478,-1,3479,3476,3478,-1,3479,3478,3480,-1,3481,3479,3480,-1,3481,3480,3482,-1,3483,3481,3482,-1,3483,3482,3484,-1,3485,3483,3484,-1,3485,3484,3486,-1,3487,3485,3486,-1,3487,3486,3488,-1,3489,3488,3490,-1,3489,3487,3488,-1,3491,3490,3492,-1,3491,3489,3490,-1,3493,3492,3494,-1,3493,3491,3492,-1,3495,3494,3496,-1,3495,3493,3494,-1,3497,3496,3498,-1,3497,3495,3496,-1,3499,3498,3500,-1,3499,3497,3498,-1,3501,3500,3502,-1,3501,3499,3500,-1,3503,3502,3504,-1,3503,3501,3502,-1,3505,3504,3506,-1,3505,3503,3504,-1,3507,3506,3508,-1,3507,3505,3506,-1,3509,3508,3510,-1,3509,3507,3508,-1,3511,3509,3510,-1,3511,3510,3512,-1,3513,3511,3512,-1,3513,3512,3514,-1,3515,3513,3514,-1,3515,3514,3516,-1,3517,3515,3516,-1,3517,3516,3518,-1,3519,3517,3518,-1,3519,3518,3520,-1,3521,3519,3520,-1,3521,3520,3522,-1,3523,3521,3522,-1,3523,3522,3524,-1,3525,3523,3524,-1,3525,3524,3526,-1,3527,3525,3526,-1,3527,3526,3528,-1,3529,3528,3530,-1,3529,3527,3528,-1,3531,3529,3530,-1,3531,3530,3532,-1,3533,3532,3534,-1,3533,3531,3532,-1,3535,3534,3536,-1,3535,3533,3534,-1,3537,3536,3538,-1,3537,3535,3536,-1,3539,3538,3540,-1,3539,3537,3538,-1,3541,3539,3540,-1,3542,3543,3544,-1,3542,3540,3543,-1,3542,3541,3540,-1,3545,3542,3544,-1,3546,3547,3548,-1,3546,3544,3547,-1,3546,3545,3544,-1,3549,3546,3548,-1,3550,3551,3552,-1,3550,3548,3551,-1,3550,3549,3548,-1,3553,3550,3552,-1,3554,3555,3556,-1,3554,3552,3555,-1,3554,3553,3552,-1,3557,3556,3558,-1,3557,3554,3556,-1,3559,3557,3558,-1,3560,3559,3558,-1,3560,3561,3562,-1,3560,3558,3561,-1,3563,3562,3564,-1,3563,3560,3562,-1,3565,3563,3564,-1,3565,3564,3566,-1,3567,3565,3566,-1,3567,3566,3568,-1,3569,3568,3570,-1,3569,3567,3568,-1,3571,3569,3570,-1,3572,3571,3570,-1,3572,3573,3574,-1,3572,3570,3573,-1,3575,3574,3576,-1,3575,3572,3574,-1,3577,3576,3578,-1,3577,3575,3576,-1,3579,3577,3578,-1,3580,3581,3582,-1,3580,3578,3581,-1,3580,3579,3578,-1,3583,3580,3582,-1,3584,3585,3586,-1,3584,3582,3585,-1,3584,3583,3582,-1,3587,3584,3586,-1,3588,3589,3590,-1,3588,3586,3589,-1,3588,3587,3586,-1,3591,3590,3592,-1,3591,3588,3590,-1,3593,3591,3592,-1,3594,3592,3595,-1,3594,3593,3592,-1,3596,3597,3598,-1,3596,3595,3597,-1,3596,3594,3595,-1,3599,3596,3598,-1,3600,3601,3602,-1,3600,3598,3601,-1,3600,3599,3598,-1,3603,3600,3602,-1,3604,3602,3601,-1,3605,3478,3477,-1,3606,3607,3608,-1,3609,3601,3598,-1,3609,3604,3601,-1,3610,3611,3604,-1,3610,3604,3609,-1,3612,3598,3597,-1,3612,3609,3598,-1,3613,3611,3610,-1,3613,3614,3611,-1,3615,3610,3609,-1,3615,3609,3612,-1,3616,3597,3595,-1,3616,3595,3592,-1,3616,3612,3597,-1,3617,3614,3613,-1,3617,3618,3614,-1,3619,3613,3610,-1,3619,3610,3615,-1,3620,3612,3616,-1,3620,3615,3612,-1,3621,3592,3590,-1,3621,3616,3592,-1,3622,3618,3617,-1,3622,3623,3618,-1,3624,3617,3613,-1,3624,3613,3619,-1,3625,3619,3615,-1,3625,3615,3620,-1,3626,3616,3621,-1,3626,3620,3616,-1,3627,3628,3623,-1,3627,3623,3622,-1,3629,3590,3589,-1,3629,3589,3586,-1,3629,3621,3590,-1,3630,3622,3617,-1,3630,3617,3624,-1,3631,3619,3625,-1,3631,3624,3619,-1,3632,3620,3626,-1,3632,3625,3620,-1,3633,3628,3627,-1,3633,3634,3628,-1,3635,3621,3629,-1,3635,3626,3621,-1,3636,3627,3622,-1,3636,3622,3630,-1,3637,3586,3585,-1,3637,3629,3586,-1,3638,3630,3624,-1,3638,3624,3631,-1,3639,3625,3632,-1,3639,3631,3625,-1,3640,3634,3633,-1,3640,3641,3634,-1,3642,3626,3635,-1,3642,3632,3626,-1,3643,3627,3636,-1,3643,3633,3627,-1,3644,3635,3629,-1,3644,3629,3637,-1,3645,3636,3630,-1,3645,3630,3638,-1,3646,3585,3582,-1,3646,3637,3585,-1,3647,3638,3631,-1,3647,3631,3639,-1,3648,3641,3640,-1,3648,3649,3641,-1,3650,3632,3642,-1,3650,3639,3632,-1,3651,3633,3643,-1,3651,3640,3633,-1,3652,3642,3635,-1,3652,3635,3644,-1,3653,3643,3636,-1,3653,3636,3645,-1,3654,3644,3637,-1,3654,3637,3646,-1,3655,3645,3638,-1,3655,3638,3647,-1,3656,3649,3648,-1,3656,3657,3649,-1,3658,3582,3581,-1,3658,3581,3578,-1,3658,3646,3582,-1,3659,3647,3639,-1,3659,3639,3650,-1,3660,3648,3640,-1,3660,3640,3651,-1,3661,3642,3652,-1,3661,3650,3642,-1,3662,3651,3643,-1,3662,3643,3653,-1,3663,3644,3654,-1,3663,3652,3644,-1,3664,3645,3655,-1,3664,3653,3645,-1,3665,3666,3657,-1,3665,3657,3656,-1,3667,3654,3646,-1,3667,3646,3658,-1,3668,3647,3659,-1,3668,3655,3647,-1,3669,3656,3648,-1,3669,3648,3660,-1,3670,3578,3576,-1,3670,3658,3578,-1,3671,3650,3661,-1,3671,3659,3650,-1,3672,3651,3662,-1,3672,3660,3651,-1,3673,3652,3663,-1,3673,3661,3652,-1,3674,3662,3653,-1,3674,3653,3664,-1,3675,3666,3665,-1,3675,3676,3666,-1,3677,3663,3654,-1,3677,3654,3667,-1,3678,3655,3668,-1,3678,3664,3655,-1,3679,3665,3656,-1,3679,3656,3669,-1,3680,3658,3670,-1,3680,3667,3658,-1,3681,3659,3671,-1,3681,3668,3659,-1,3682,3660,3672,-1,3682,3669,3660,-1,3683,3576,3574,-1,3683,3574,3573,-1,3683,3670,3576,-1,3684,3661,3673,-1,3684,3671,3661,-1,3685,3672,3662,-1,3685,3662,3674,-1,3686,3687,3676,-1,3686,3676,3675,-1,3688,3663,3677,-1,3688,3673,3663,-1,3689,3674,3664,-1,3689,3664,3678,-1,3690,3675,3665,-1,3690,3665,3679,-1,3691,3677,3667,-1,3691,3667,3680,-1,3692,3678,3668,-1,3692,3668,3681,-1,3693,3669,3682,-1,3693,3679,3669,-1,3694,3680,3670,-1,3694,3670,3683,-1,3695,3671,3684,-1,3695,3681,3671,-1,3696,3682,3672,-1,3696,3672,3685,-1,3697,3573,3570,-1,3697,3683,3573,-1,3698,3687,3686,-1,3698,3699,3687,-1,3700,3673,3688,-1,3700,3684,3673,-1,3701,3674,3689,-1,3701,3685,3674,-1,3702,3675,3690,-1,3702,3686,3675,-1,3703,3688,3677,-1,3703,3677,3691,-1,3704,3689,3678,-1,3704,3678,3692,-1,3705,3690,3679,-1,3705,3679,3693,-1,3706,3691,3680,-1,3706,3680,3694,-1,3707,3708,3699,-1,3707,3699,3698,-1,3709,3692,3681,-1,3709,3681,3695,-1,3710,3693,3682,-1,3710,3682,3696,-1,3711,3694,3683,-1,3711,3683,3697,-1,3712,3695,3684,-1,3712,3684,3700,-1,3713,3696,3685,-1,3713,3685,3701,-1,3714,3570,3568,-1,3714,3697,3570,-1,3715,3686,3702,-1,3715,3698,3686,-1,3716,3688,3703,-1,3716,3700,3688,-1,3717,3708,3707,-1,3717,3718,3708,-1,3719,3701,3689,-1,3719,3689,3704,-1,3720,3690,3705,-1,3720,3702,3690,-1,3721,3703,3691,-1,3721,3691,3706,-1,3722,3704,3692,-1,3722,3692,3709,-1,3723,3693,3710,-1,3723,3705,3693,-1,3724,3694,3711,-1,3724,3706,3694,-1,3725,3698,3715,-1,3725,3707,3698,-1,3726,3709,3695,-1,3726,3695,3712,-1,3727,3696,3713,-1,3727,3710,3696,-1,3728,3697,3714,-1,3728,3711,3697,-1,3729,3712,3700,-1,3729,3700,3716,-1,3730,3713,3701,-1,3730,3701,3719,-1,3731,3568,3566,-1,3731,3566,3564,-1,3731,3714,3568,-1,3732,3702,3720,-1,3732,3715,3702,-1,3733,3718,3717,-1,3733,3734,3718,-1,3735,3716,3703,-1,3735,3703,3721,-1,3736,3707,3725,-1,3736,3717,3707,-1,3737,3719,3704,-1,3737,3704,3722,-1,3738,3720,3705,-1,3738,3705,3723,-1,3739,3706,3724,-1,3739,3721,3706,-1,3740,3722,3709,-1,3740,3709,3726,-1,3741,3710,3727,-1,3741,3723,3710,-1,3742,3724,3711,-1,3742,3711,3728,-1,3743,3715,3732,-1,3743,3725,3715,-1,3744,3712,3729,-1,3744,3726,3712,-1,3745,3727,3713,-1,3745,3713,3730,-1,3746,3728,3714,-1,3746,3714,3731,-1,3747,3729,3716,-1,3747,3716,3735,-1,3748,3730,3719,-1,3748,3719,3737,-1,3749,3734,3733,-1,3749,3750,3734,-1,3751,3564,3562,-1,3751,3731,3564,-1,3752,3732,3720,-1,3752,3720,3738,-1,3753,3733,3717,-1,3753,3717,3736,-1,3754,3735,3721,-1,3754,3721,3739,-1,3755,3736,3725,-1,3755,3725,3743,-1,3756,3722,3740,-1,3756,3737,3722,-1,3757,3738,3723,-1,3757,3723,3741,-1,3758,3739,3724,-1,3758,3724,3742,-1,3759,3740,3726,-1,3759,3726,3744,-1,3760,3727,3745,-1,3760,3741,3727,-1,3761,3742,3728,-1,3761,3728,3746,-1,3762,3732,3752,-1,3762,3743,3732,-1,3763,3744,3729,-1,3763,3729,3747,-1,3764,3730,3748,-1,3764,3745,3730,-1,3765,3750,3749,-1,3765,3766,3750,-1,3767,3731,3751,-1,3767,3746,3731,-1,3768,3735,3754,-1,3768,3747,3735,-1,3769,3748,3737,-1,3769,3737,3756,-1,3770,3733,3753,-1,3770,3749,3733,-1,3771,3751,3562,-1,3771,3562,3561,-1,3771,3561,3558,-1,3772,3752,3738,-1,3772,3738,3757,-1,3773,3753,3736,-1,3773,3736,3755,-1,3774,3739,3758,-1,3774,3754,3739,-1,3775,3755,3743,-1,3775,3743,3762,-1,3776,3756,3740,-1,3776,3740,3759,-1,3777,3757,3741,-1,3777,3741,3760,-1,3778,3742,3761,-1,3778,3758,3742,-1,3778,3774,3758,-1,3779,3766,3765,-1,3779,3780,3766,-1,3781,3759,3744,-1,3781,3744,3763,-1,3782,3760,3745,-1,3782,3745,3764,-1,3783,3761,3746,-1,3783,3746,3767,-1,3784,3752,3772,-1,3784,3762,3752,-1,3785,3747,3768,-1,3785,3763,3747,-1,3786,3764,3748,-1,3786,3748,3769,-1,3787,3765,3749,-1,3787,3749,3770,-1,3788,3751,3771,-1,3788,3767,3751,-1,3788,3783,3767,-1,3789,3768,3754,-1,3789,3754,3774,-1,3790,3791,3792,-1,3790,3792,3780,-1,3790,3780,3779,-1,3793,3769,3756,-1,3793,3756,3776,-1,3794,3753,3773,-1,3794,3770,3753,-1,3795,3771,3558,-1,3795,3558,3556,-1,3796,3772,3757,-1,3796,3757,3777,-1,3797,3755,3775,-1,3797,3773,3755,-1,3798,3774,3778,-1,3799,3762,3784,-1,3799,3775,3762,-1,3800,3776,3759,-1,3800,3759,3781,-1,3801,3760,3782,-1,3801,3777,3760,-1,3802,3761,3783,-1,3802,3778,3761,-1,3803,3779,3765,-1,3803,3765,3787,-1,3804,3763,3785,-1,3804,3781,3763,-1,3805,3764,3786,-1,3805,3782,3764,-1,3806,3783,3788,-1,3807,3784,3772,-1,3807,3772,3796,-1,3808,3785,3768,-1,3808,3768,3789,-1,3808,3804,3785,-1,3809,3786,3769,-1,3809,3769,3793,-1,3810,3787,3770,-1,3810,3770,3794,-1,3811,3771,3795,-1,3811,3788,3771,-1,3812,3774,3798,-1,3812,3789,3774,-1,3813,3791,3790,-1,3813,3814,3791,-1,3813,3779,3803,-1,3813,3790,3779,-1,3815,3793,3776,-1,3815,3776,3800,-1,3816,3794,3773,-1,3816,3773,3797,-1,3817,3556,3555,-1,3817,3795,3556,-1,3818,3796,3777,-1,3818,3777,3801,-1,3819,3775,3799,-1,3819,3797,3775,-1,3820,3798,3778,-1,3820,3778,3802,-1,3821,3784,3807,-1,3821,3799,3784,-1,3822,3800,3781,-1,3822,3781,3804,-1,3823,3801,3782,-1,3823,3782,3805,-1,3824,3802,3783,-1,3824,3783,3806,-1,3824,3820,3802,-1,3825,3787,3810,-1,3825,3803,3787,-1,3826,3804,3808,-1,3827,3786,3809,-1,3827,3805,3786,-1,3828,3806,3788,-1,3828,3788,3811,-1,3829,3807,3796,-1,3829,3796,3818,-1,3830,3808,3789,-1,3830,3789,3812,-1,3831,3809,3793,-1,3831,3793,3815,-1,3832,3794,3816,-1,3832,3810,3794,-1,3833,3811,3795,-1,3833,3795,3817,-1,3834,3798,3820,-1,3834,3812,3798,-1,3835,3803,3825,-1,3835,3836,3814,-1,3835,3825,3836,-1,3835,3813,3803,-1,3835,3814,3813,-1,3837,3800,3822,-1,3837,3815,3800,-1,3838,3816,3797,-1,3838,3797,3819,-1,3839,3555,3552,-1,3839,3552,3551,-1,3839,3817,3555,-1,3840,3818,3801,-1,3840,3801,3823,-1,3841,3819,3799,-1,3841,3799,3821,-1,3842,3820,3824,-1,3843,3821,3807,-1,3843,3807,3829,-1,3844,3822,3804,-1,3844,3804,3826,-1,3845,3805,3827,-1,3845,3823,3805,-1,3846,3806,3828,-1,3846,3824,3806,-1,3847,3810,3832,-1,3847,3848,3836,-1,3847,3849,3848,-1,3847,3836,3825,-1,3847,3825,3810,-1,3850,3808,3830,-1,3850,3826,3808,-1,3851,3827,3809,-1,3851,3809,3831,-1,3852,3828,3811,-1,3852,3811,3833,-1,3853,3818,3840,-1,3853,3829,3818,-1,3854,3830,3812,-1,3854,3812,3834,-1,3855,3815,3837,-1,3855,3831,3815,-1,3856,3832,3816,-1,3856,3816,3838,-1,3857,3833,3817,-1,3857,3817,3839,-1,3858,3820,3842,-1,3858,3834,3820,-1,3859,3822,3844,-1,3859,3837,3822,-1,3860,3838,3819,-1,3860,3819,3841,-1,3861,3839,3551,-1,3861,3551,3548,-1,3862,3840,3823,-1,3862,3853,3840,-1,3862,3823,3845,-1,3863,3821,3843,-1,3863,3841,3821,-1,3864,3842,3824,-1,3864,3824,3846,-1,3865,3829,3853,-1,3865,3843,3829,-1,3866,3859,3844,-1,3866,3844,3826,-1,3866,3826,3850,-1,3867,3845,3827,-1,3867,3827,3851,-1,3868,3846,3828,-1,3868,3828,3852,-1,3869,3847,3832,-1,3869,3870,3849,-1,3869,3856,3870,-1,3869,3832,3856,-1,3869,3849,3847,-1,3871,3850,3830,-1,3871,3830,3854,-1,3872,3851,3831,-1,3872,3831,3855,-1,3873,3833,3857,-1,3873,3852,3833,-1,3874,3853,3862,-1,3875,3834,3858,-1,3875,3854,3834,-1,3876,3837,3859,-1,3876,3855,3837,-1,3877,3838,3860,-1,3877,3870,3856,-1,3877,3878,3870,-1,3877,3856,3838,-1,3879,3857,3839,-1,3879,3839,3861,-1,3880,3842,3864,-1,3880,3858,3842,-1,3881,3859,3866,-1,3882,3877,3860,-1,3882,3883,3878,-1,3882,3884,3883,-1,3882,3860,3841,-1,3882,3841,3863,-1,3882,3878,3877,-1,3885,3548,3547,-1,3885,3547,3544,-1,3885,3861,3548,-1,3886,3845,3867,-1,3886,3862,3845,-1,3887,3863,3843,-1,3887,3888,3889,-1,3887,3843,3865,-1,3890,3864,3846,-1,3890,3846,3868,-1,3891,3892,3893,-1,3891,3853,3874,-1,3891,3865,3853,-1,3894,3866,3850,-1,3894,3850,3871,-1,3895,3851,3872,-1,3895,3867,3851,-1,3896,3868,3852,-1,3896,3852,3873,-1,3897,3894,3871,-1,3897,3854,3875,-1,3897,3871,3854,-1,3898,3855,3876,-1,3898,3895,3872,-1,3898,3872,3855,-1,3899,3873,3857,-1,3899,3857,3879,-1,3900,3901,3902,-1,3900,3874,3862,-1,3900,3886,3901,-1,3900,3862,3886,-1,3903,3858,3880,-1,3903,3875,3858,-1,3903,3897,3875,-1,3904,3876,3859,-1,3904,3859,3881,-1,3905,3879,3861,-1,3905,3861,3885,-1,3906,3880,3864,-1,3906,3864,3890,-1,3907,3866,3894,-1,3907,3881,3866,-1,3908,3889,3884,-1,3908,3884,3882,-1,3908,3863,3887,-1,3908,3882,3863,-1,3908,3887,3889,-1,3909,3885,3544,-1,3909,3544,3543,-1,3910,3886,3867,-1,3910,3895,3911,-1,3910,3911,3901,-1,3910,3901,3886,-1,3910,3867,3895,-1,3912,3887,3865,-1,3912,3865,3891,-1,3912,3893,3888,-1,3912,3888,3887,-1,3912,3891,3893,-1,3913,3890,3868,-1,3913,3868,3896,-1,3914,3900,3902,-1,3914,3902,3892,-1,3914,3874,3900,-1,3914,3892,3891,-1,3914,3891,3874,-1,3915,3894,3897,-1,3916,3911,3895,-1,3916,3895,3898,-1,3917,3873,3899,-1,3917,3896,3873,-1,3918,3897,3903,-1,3919,3876,3904,-1,3919,3898,3876,-1,3920,3899,3879,-1,3920,3879,3905,-1,3921,3880,3906,-1,3921,3903,3880,-1,3922,3904,3881,-1,3922,3881,3907,-1,3923,3905,3885,-1,3923,3885,3909,-1,3924,3906,3890,-1,3924,3890,3913,-1,3925,3907,3894,-1,3925,3894,3915,-1,3926,3909,3543,-1,3926,3543,3540,-1,3927,3928,3911,-1,3927,3911,3916,-1,3929,3896,3917,-1,3929,3913,3896,-1,3930,3915,3897,-1,3930,3897,3918,-1,3931,3898,3919,-1,3931,3916,3898,-1,3932,3899,3920,-1,3932,3929,3917,-1,3932,3917,3899,-1,3933,3903,3921,-1,3933,3918,3903,-1,3934,3904,3922,-1,3934,3919,3904,-1,3935,3905,3923,-1,3935,3920,3905,-1,3936,3937,3928,-1,3936,3928,3927,-1,3938,3906,3924,-1,3938,3921,3906,-1,3939,3907,3925,-1,3939,3934,3922,-1,3939,3922,3907,-1,3940,3923,3909,-1,3940,3909,3926,-1,3941,3924,3913,-1,3941,3913,3929,-1,3942,3925,3915,-1,3942,3915,3930,-1,3943,3926,3540,-1,3943,3540,3538,-1,3943,3538,3536,-1,3944,3927,3916,-1,3944,3916,3931,-1,3945,3929,3932,-1,3946,3930,3918,-1,3946,3918,3933,-1,3947,3931,3919,-1,3947,3919,3934,-1,3948,3945,3932,-1,3948,3932,3920,-1,3948,3920,3935,-1,3949,3933,3921,-1,3949,3921,3938,-1,3950,3934,3939,-1,3951,3935,3923,-1,3951,3923,3940,-1,3952,3936,3927,-1,3952,3937,3936,-1,3952,3927,3944,-1,3953,3938,3924,-1,3953,3924,3941,-1,3954,3925,3942,-1,3954,3939,3925,-1,3955,3951,3940,-1,3955,3940,3926,-1,3955,3926,3943,-1,3956,3941,3929,-1,3956,3929,3945,-1,3957,3942,3930,-1,3957,3930,3946,-1,3958,3943,3536,-1,3958,3536,3534,-1,3959,3931,3947,-1,3959,3944,3931,-1,3960,3945,3948,-1,3961,3962,3937,-1,3961,3937,3952,-1,3963,3946,3933,-1,3963,3933,3949,-1,3964,3947,3934,-1,3964,3934,3950,-1,3964,3959,3947,-1,3965,3948,3935,-1,3965,3935,3951,-1,3966,3938,3953,-1,3966,3949,3938,-1,3967,3939,3954,-1,3967,3950,3939,-1,3968,3951,3955,-1,3969,3952,3944,-1,3969,3944,3959,-1,3970,3953,3941,-1,3970,3966,3953,-1,3970,3941,3956,-1,3971,3942,3957,-1,3971,3954,3942,-1,3972,3943,3958,-1,3972,3955,3943,-1,3973,3945,3960,-1,3973,3956,3945,-1,3974,3957,3946,-1,3974,3946,3963,-1,3975,3958,3534,-1,3975,3534,3532,-1,3975,3532,3530,-1,3976,3959,3964,-1,3977,3978,3962,-1,3977,3979,3978,-1,3977,3962,3961,-1,3980,3948,3965,-1,3980,3960,3948,-1,3981,3961,3952,-1,3981,3952,3969,-1,3982,3963,3949,-1,3982,3949,3966,-1,3983,3964,3950,-1,3983,3950,3967,-1,3984,3965,3951,-1,3984,3951,3968,-1,3985,3982,3966,-1,3985,3966,3970,-1,3986,3967,3954,-1,3986,3954,3971,-1,3987,3955,3972,-1,3987,3968,3955,-1,3988,3959,3976,-1,3988,3969,3959,-1,3989,3956,3973,-1,3989,3970,3956,-1,3990,3986,3971,-1,3990,3957,3974,-1,3990,3971,3957,-1,3991,3972,3958,-1,3991,3958,3975,-1,3991,3987,3972,-1,3992,3973,3960,-1,3992,3960,3980,-1,3993,3963,3982,-1,3993,3974,3963,-1,3994,3530,3528,-1,3994,3975,3530,-1,3995,3964,3983,-1,3995,3976,3964,-1,3996,3997,3979,-1,3996,3979,3977,-1,3996,3977,3961,-1,3996,3961,3981,-1,3998,3980,3965,-1,3998,3965,3984,-1,3999,3969,3988,-1,3999,3981,3969,-1,4000,3982,3985,-1,4001,3983,3967,-1,4001,3967,3986,-1,4002,3984,3968,-1,4002,3968,3987,-1,4002,3998,3984,-1,4003,3970,3989,-1,4003,3985,3970,-1,4004,3986,3990,-1,4005,3987,3991,-1,4006,3976,3995,-1,4006,3999,3988,-1,4006,3988,3976,-1,4007,3989,3973,-1,4007,3973,3992,-1,4008,3990,3974,-1,4008,3974,3993,-1,4008,4004,3990,-1,4009,3975,3994,-1,4009,3991,3975,-1,4010,3980,3998,-1,4010,3992,3980,-1,4011,3993,3982,-1,4011,3982,4000,-1,4011,4008,3993,-1,4012,3994,3528,-1,4012,3528,3526,-1,4013,3983,4001,-1,4013,3995,3983,-1,4014,3996,3981,-1,4014,3997,3996,-1,4014,3981,3999,-1,4015,3998,4002,-1,4016,4014,3999,-1,4016,3999,4006,-1,4017,4000,3985,-1,4017,3985,4003,-1,4018,4001,3986,-1,4018,3986,4004,-1,4019,4002,3987,-1,4019,3987,4005,-1,4020,4003,3989,-1,4020,3989,4007,-1,4021,4004,4008,-1,4022,4019,4005,-1,4022,4005,3991,-1,4022,3991,4009,-1,4023,3995,4013,-1,4023,4006,3995,-1,4024,3992,4010,-1,4024,4007,3992,-1,4025,4008,4011,-1,4026,3994,4012,-1,4026,4009,3994,-1,4027,3998,4015,-1,4027,4010,3998,-1,4028,4011,4000,-1,4028,4025,4011,-1,4028,4000,4017,-1,4029,4030,3997,-1,4029,4031,4030,-1,4029,3997,4014,-1,4032,3526,3524,-1,4032,3524,3522,-1,4032,4012,3526,-1,4033,4013,4001,-1,4033,4001,4018,-1,4034,4014,4016,-1,4035,4002,4019,-1,4035,4015,4002,-1,4036,4016,4006,-1,4036,4006,4023,-1,4037,4017,4003,-1,4037,4003,4020,-1,4038,4004,4021,-1,4038,4018,4004,-1,4039,4019,4022,-1,4040,4020,4007,-1,4040,4007,4024,-1,4040,4037,4020,-1,4041,4008,4025,-1,4041,4021,4008,-1,4042,4009,4026,-1,4042,4022,4009,-1,4043,4023,4013,-1,4043,4013,4033,-1,4044,4024,4010,-1,4044,4010,4027,-1,4045,4025,4028,-1,4046,4012,4032,-1,4046,4026,4012,-1,4047,4015,4035,-1,4047,4027,4015,-1,4047,4044,4027,-1,4048,4017,4037,-1,4048,4028,4017,-1,4049,4029,4014,-1,4049,4031,4029,-1,4049,4014,4034,-1,4050,4032,3522,-1,4050,3522,3520,-1,4051,4033,4018,-1,4051,4018,4038,-1,4051,4043,4033,-1,4052,4034,4016,-1,4052,4016,4036,-1,4053,4035,4019,-1,4053,4019,4039,-1,4054,4052,4036,-1,4054,4023,4043,-1,4054,4036,4023,-1,4055,4037,4040,-1,4056,4038,4021,-1,4056,4021,4041,-1,4057,4022,4042,-1,4057,4039,4022,-1,4058,4024,4044,-1,4058,4040,4024,-1,4059,4025,4045,-1,4059,4056,4041,-1,4059,4041,4025,-1,4060,4042,4026,-1,4060,4026,4046,-1,4061,4043,4051,-1,4062,4044,4047,-1,4063,4028,4048,-1,4063,4045,4028,-1,4064,4065,4031,-1,4064,4031,4049,-1,4066,4060,4046,-1,4066,4032,4050,-1,4066,4046,4032,-1,4067,4047,4035,-1,4067,4035,4053,-1,4068,4048,4037,-1,4068,4037,4055,-1,4069,4049,4034,-1,4069,4034,4052,-1,4070,3520,3518,-1,4070,3518,3516,-1,4070,4066,4050,-1,4070,4050,3520,-1,4071,4051,4038,-1,4071,4038,4056,-1,4072,4052,4054,-1,4072,4069,4052,-1,4073,4053,4039,-1,4073,4039,4057,-1,4074,4043,4061,-1,4074,4054,4043,-1,4075,4055,4040,-1,4075,4040,4058,-1,4076,4056,4059,-1,4076,4071,4056,-1,4077,4057,4042,-1,4077,4042,4060,-1,4078,4058,4044,-1,4078,4044,4062,-1,4079,4045,4063,-1,4079,4059,4045,-1,4080,4060,4066,-1,4080,4077,4060,-1,4081,4061,4051,-1,4081,4051,4071,-1,4082,4062,4047,-1,4082,4047,4067,-1,4083,4048,4068,-1,4083,4063,4048,-1,4083,4079,4063,-1,4084,4085,4065,-1,4084,4086,4085,-1,4084,4049,4069,-1,4084,4065,4064,-1,4084,4064,4049,-1,4087,4066,4070,-1,4088,4053,4073,-1,4088,4067,4053,-1,4089,4055,4075,-1,4089,4068,4055,-1,4090,4069,4072,-1,4091,4070,3516,-1,4091,3516,3514,-1,4092,4071,4076,-1,4093,4072,4054,-1,4093,4054,4074,-1,4094,4057,4077,-1,4094,4073,4057,-1,4095,4093,4074,-1,4095,4061,4081,-1,4095,4074,4061,-1,4096,4089,4075,-1,4096,4058,4078,-1,4096,4075,4058,-1,4097,4059,4079,-1,4097,4076,4059,-1,4098,4077,4080,-1,4099,4062,4082,-1,4099,4096,4078,-1,4099,4078,4062,-1,4100,4079,4083,-1,4100,4097,4079,-1,4101,4066,4087,-1,4101,4098,4080,-1,4101,4080,4066,-1,4102,4081,4071,-1,4102,4095,4081,-1,4102,4071,4092,-1,4103,4082,4067,-1,4103,4067,4088,-1,4104,4083,4068,-1,4104,4068,4089,-1,4105,4084,4069,-1,4105,4069,4090,-1,4106,4070,4091,-1,4106,4087,4070,-1,4107,4088,4073,-1,4107,4073,4094,-1,4108,4089,4096,-1,4109,4090,4072,-1,4109,4072,4093,-1,4110,4091,3514,-1,4110,3514,3512,-1,4111,4076,4097,-1,4111,4092,4076,-1,4112,4093,4095,-1,4112,4109,4093,-1,4113,4094,4077,-1,4113,4077,4098,-1,4114,4095,4102,-1,4115,4096,4099,-1,4116,4097,4100,-1,4117,4098,4101,-1,4118,4119,4086,-1,4118,4086,4084,-1,4118,4084,4105,-1,4120,4082,4103,-1,4120,4099,4082,-1,4121,4100,4083,-1,4121,4116,4100,-1,4121,4083,4104,-1,4122,4101,4087,-1,4122,4087,4106,-1,4123,4102,4092,-1,4123,4092,4111,-1,4124,4088,4107,-1,4124,4103,4088,-1,4125,4104,4089,-1,4125,4089,4108,-1,4126,4105,4090,-1,4126,4090,4109,-1,4127,4106,4091,-1,4127,4091,4110,-1,4128,4094,4113,-1,4128,4107,4094,-1,4129,4108,4096,-1,4129,4096,4115,-1,4130,4109,4112,-1,4131,4110,3512,-1,4131,3512,3510,-1,4131,3510,3508,-1,4131,4127,4110,-1,4132,4097,4116,-1,4132,4111,4097,-1,4132,4123,4111,-1,4133,4095,4114,-1,4133,4112,4095,-1,4134,4098,4117,-1,4134,4128,4113,-1,4134,4113,4098,-1,4135,4102,4123,-1,4135,4133,4114,-1,4135,4114,4102,-1,4136,4099,4120,-1,4136,4115,4099,-1,4137,4116,4121,-1,4137,4132,4116,-1,4138,4101,4122,-1,4138,4117,4101,-1,4139,4118,4105,-1,4139,4140,4119,-1,4139,4119,4118,-1,4139,4105,4126,-1,4141,4103,4124,-1,4141,4120,4103,-1,4142,4121,4104,-1,4142,4104,4125,-1,4143,4122,4106,-1,4143,4106,4127,-1,4144,4123,4132,-1,4145,4107,4128,-1,4145,4124,4107,-1,4146,4108,4129,-1,4146,4125,4108,-1,4146,4142,4125,-1,4147,4126,4109,-1,4147,4109,4130,-1,4148,4127,4131,-1,4149,4128,4134,-1,4150,4115,4136,-1,4150,4129,4115,-1,4151,4130,4112,-1,4151,4112,4133,-1,4152,4131,3508,-1,4152,3508,3506,-1,4153,4132,4137,-1,4154,4133,4135,-1,4155,4117,4138,-1,4155,4134,4117,-1,4156,4123,4144,-1,4156,4135,4123,-1,4157,4136,4120,-1,4157,4120,4141,-1,4158,4137,4121,-1,4158,4121,4142,-1,4159,4138,4122,-1,4159,4122,4143,-1,4160,4126,4147,-1,4160,4140,4139,-1,4160,4139,4126,-1,4161,4141,4124,-1,4161,4157,4141,-1,4161,4124,4145,-1,4162,4158,4142,-1,4162,4142,4146,-1,4163,4143,4127,-1,4163,4127,4148,-1,4164,4132,4153,-1,4164,4156,4144,-1,4164,4144,4132,-1,4165,4161,4145,-1,4165,4145,4128,-1,4165,4128,4149,-1,4166,4129,4150,-1,4166,4146,4129,-1,4167,4130,4151,-1,4167,4160,4147,-1,4167,4147,4130,-1,4168,4148,4131,-1,4168,4131,4152,-1,4169,4134,4155,-1,4169,4149,4134,-1,4170,4171,4140,-1,4170,4140,4160,-1,4172,4136,4157,-1,4172,4150,4136,-1,4173,4151,4133,-1,4173,4133,4154,-1,4174,4152,3506,-1,4174,3506,3504,-1,4174,3504,3502,-1,4175,4137,4158,-1,4175,4153,4137,-1,4176,4154,4135,-1,4176,4135,4156,-1,4177,4155,4138,-1,4177,4138,4159,-1,4178,4156,4164,-1,4178,4176,4156,-1,4179,4157,4161,-1,4179,4172,4157,-1,4180,4158,4162,-1,4181,4143,4163,-1,4181,4159,4143,-1,4182,4160,4167,-1,4183,4161,4165,-1,4184,4162,4146,-1,4184,4146,4166,-1,4185,4148,4168,-1,4185,4163,4148,-1,4186,4164,4153,-1,4186,4153,4175,-1,4187,4149,4169,-1,4187,4165,4149,-1,4188,4166,4150,-1,4188,4150,4172,-1,4188,4184,4166,-1,4189,4151,4173,-1,4189,4167,4151,-1,4189,4182,4167,-1,4190,4168,4152,-1,4190,4152,4174,-1,4191,4155,4177,-1,4191,4169,4155,-1,4192,4193,4171,-1,4192,4171,4170,-1,4192,4170,4160,-1,4192,4160,4182,-1,4194,4172,4179,-1,4195,4189,4173,-1,4195,4173,4154,-1,4195,4154,4176,-1,4196,4174,3502,-1,4196,3502,3500,-1,4197,4175,4158,-1,4197,4158,4180,-1,4198,4176,4178,-1,4199,4159,4181,-1,4199,4177,4159,-1,4200,4178,4164,-1,4200,4164,4186,-1,4201,4194,4179,-1,4201,4179,4161,-1,4201,4161,4183,-1,4202,4180,4162,-1,4202,4162,4184,-1,4203,4163,4185,-1,4203,4181,4163,-1,4204,4182,4189,-1,4205,4165,4187,-1,4205,4183,4165,-1,4206,4184,4188,-1,4207,4185,4168,-1,4207,4168,4190,-1,4208,4186,4175,-1,4208,4200,4186,-1,4208,4175,4197,-1,4209,4169,4191,-1,4209,4187,4169,-1,4209,4205,4187,-1,4210,4188,4172,-1,4210,4172,4194,-1,4211,4189,4195,-1,4212,4190,4174,-1,4212,4207,4190,-1,4212,4174,4196,-1,4213,4177,4199,-1,4213,4191,4177,-1,4214,4215,4193,-1,4214,4192,4182,-1,4214,4182,4204,-1,4214,4193,4192,-1,4216,4210,4194,-1,4216,4194,4201,-1,4217,4195,4176,-1,4217,4176,4198,-1,4218,3500,3498,-1,4218,4196,3500,-1,4219,4197,4180,-1,4219,4180,4202,-1,4220,4178,4200,-1,4220,4198,4178,-1,4221,4199,4181,-1,4221,4181,4203,-1,4222,4200,4208,-1,4223,4183,4205,-1,4223,4201,4183,-1,4224,4202,4184,-1,4224,4184,4206,-1,4225,4203,4185,-1,4225,4185,4207,-1,4226,4204,4189,-1,4226,4189,4211,-1,4227,4205,4209,-1,4228,4206,4188,-1,4228,4224,4206,-1,4228,4188,4210,-1,4229,4207,4212,-1,4230,4197,4219,-1,4230,4208,4197,-1,4231,4209,4191,-1,4231,4191,4213,-1,4232,4210,4216,-1,4233,4195,4217,-1,4233,4211,4195,-1,4234,4212,4196,-1,4234,4196,4218,-1,4235,4199,4221,-1,4235,4213,4199,-1,4236,4237,4215,-1,4236,4238,4237,-1,4236,4215,4214,-1,4236,4204,4226,-1,4236,4214,4204,-1,4239,4201,4223,-1,4239,4216,4201,-1,4240,4217,4198,-1,4240,4198,4220,-1,4241,3498,3496,-1,4241,3496,3494,-1,4241,4218,3498,-1,4242,4219,4202,-1,4242,4202,4224,-1,4243,4200,4222,-1,4243,4220,4200,-1,4244,4203,4225,-1,4244,4221,4203,-1,4245,4222,4208,-1,4245,4208,4230,-1,4246,4205,4227,-1,4246,4223,4205,-1,4247,4224,4228,-1,4248,4207,4229,-1,4248,4225,4207,-1,4249,4226,4211,-1,4249,4211,4233,-1,4250,4227,4209,-1,4250,4209,4231,-1,4251,4210,4232,-1,4251,4228,4210,-1,4252,4212,4234,-1,4252,4229,4212,-1,4253,4219,4242,-1,4253,4230,4219,-1,4254,4231,4213,-1,4254,4213,4235,-1,4255,4216,4239,-1,4255,4232,4216,-1,4256,4233,4217,-1,4256,4217,4240,-1,4257,4234,4218,-1,4257,4218,4241,-1,4258,4235,4221,-1,4258,4221,4244,-1,4259,4260,4238,-1,4259,4236,4226,-1,4259,4238,4236,-1,4259,4226,4249,-1,4261,4239,4223,-1,4261,4223,4246,-1,4262,4240,4220,-1,4262,4220,4243,-1,4262,4256,4240,-1,4263,3494,3492,-1,4263,4241,3494,-1,4264,4242,4224,-1,4264,4224,4247,-1,4264,4253,4242,-1,4265,4243,4222,-1,4265,4222,4245,-1,4266,4244,4225,-1,4266,4258,4244,-1,4266,4225,4248,-1,4267,4245,4230,-1,4267,4230,4253,-1,4268,4227,4250,-1,4268,4246,4227,-1,4269,4264,4247,-1,4269,4247,4228,-1,4269,4228,4251,-1,4270,4229,4252,-1,4270,4248,4229,-1,4271,4259,4249,-1,4271,4233,4256,-1,4271,4249,4233,-1,4272,4231,4254,-1,4272,4250,4231,-1,4273,4251,4232,-1,4273,4269,4251,-1,4273,4232,4255,-1,4274,4234,4257,-1,4274,4252,4234,-1,4275,4253,4264,-1,4276,4254,4235,-1,4276,4272,4254,-1,4276,4235,4258,-1,4277,4239,4261,-1,4277,4255,4239,-1,4277,4273,4255,-1,4278,4271,4256,-1,4278,4256,4262,-1,4279,4274,4257,-1,4279,4241,4263,-1,4279,4257,4241,-1,4280,4276,4258,-1,4280,4258,4266,-1,4281,4271,4282,-1,4281,4282,4260,-1,4281,4260,4259,-1,4281,4259,4271,-1,4283,4261,4246,-1,4283,4246,4268,-1,4284,4262,4243,-1,4284,4243,4265,-1,4284,4278,4262,-1,4285,4263,3492,-1,4285,3492,3490,-1,4285,3490,3488,-1,4286,4264,4269,-1,4287,4265,4245,-1,4287,4245,4267,-1,4288,4266,4248,-1,4288,4248,4270,-1,4289,4253,4275,-1,4289,4267,4253,-1,4290,4268,4250,-1,4290,4250,4272,-1,4291,4269,4273,-1,4292,4270,4252,-1,4292,4252,4274,-1,4293,4282,4271,-1,4293,4294,4282,-1,4293,4271,4278,-1,4295,4272,4276,-1,4296,4273,4277,-1,4297,4274,4279,-1,4298,4275,4264,-1,4298,4264,4286,-1,4299,4276,4280,-1,4300,4277,4261,-1,4300,4261,4283,-1,4301,4278,4284,-1,4302,4279,4263,-1,4302,4263,4285,-1,4303,4266,4288,-1,4303,4280,4266,-1,4304,4283,4268,-1,4304,4268,4290,-1,4305,4284,4265,-1,4305,4265,4287,-1,4306,4302,4285,-1,4306,3488,3486,-1,4306,4285,3488,-1,4307,4286,4269,-1,4307,4269,4291,-1,4308,4287,4267,-1,4308,4267,4289,-1,4309,4288,4270,-1,4309,4270,4292,-1,4310,4275,4298,-1,4310,4308,4289,-1,4310,4289,4275,-1,4311,4272,4295,-1,4311,4290,4272,-1,4312,4273,4296,-1,4312,4291,4273,-1,4313,4292,4274,-1,4313,4274,4297,-1,4314,4294,4293,-1,4314,4293,4278,-1,4314,4315,4294,-1,4314,4278,4301,-1,4316,4295,4276,-1,4316,4276,4299,-1,4317,4277,4300,-1,4317,4296,4277,-1,4318,4279,4302,-1,4318,4313,4297,-1,4318,4297,4279,-1,4319,4298,4286,-1,4319,4286,4307,-1,4320,4299,4280,-1,4320,4280,4303,-1,4321,4300,4283,-1,4321,4283,4304,-1,4322,4323,4315,-1,4322,4324,4323,-1,4322,4301,4284,-1,4322,4284,4305,-1,4322,4315,4314,-1,4322,4314,4301,-1,4325,4318,4302,-1,4325,4302,4306,-1,4326,4288,4309,-1,4326,4303,4288,-1,4327,4304,4290,-1,4327,4290,4311,-1,4328,4287,4308,-1,4328,4305,4287,-1,4328,4322,4305,-1,4329,4325,4306,-1,4329,4306,3486,-1,4329,3486,3484,-1,4330,4291,4312,-1,4330,4319,4307,-1,4330,4307,4291,-1,4331,4308,4310,-1,4331,4328,4308,-1,4332,4326,4309,-1,4332,4309,4292,-1,4332,4292,4313,-1,4333,4298,4319,-1,4333,4310,4298,-1,4334,4295,4316,-1,4334,4311,4295,-1,4334,4327,4311,-1,4335,4296,4317,-1,4335,4312,4296,-1,4336,4313,4318,-1,4337,4316,4299,-1,4337,4299,4320,-1,4338,4300,4321,-1,4338,4317,4300,-1,4339,4318,4325,-1,4340,4319,4330,-1,4341,4320,4303,-1,4341,4303,4326,-1,4342,4321,4304,-1,4342,4304,4327,-1,4343,4324,4322,-1,4343,4344,4324,-1,4343,4328,4344,-1,4343,4322,4328,-1,4345,4325,4329,-1,4345,4339,4325,-1,4346,4326,4332,-1,4346,4341,4326,-1,4347,4327,4334,-1,4348,4328,4331,-1,4348,4349,4344,-1,4348,4350,4349,-1,4348,4344,4328,-1,4348,4331,4350,-1,4351,4329,3484,-1,4351,3484,3482,-1,4351,3482,3480,-1,4352,4335,4353,-1,4352,4312,4335,-1,4352,4353,4354,-1,4352,4330,4312,-1,4355,4331,4310,-1,4355,4356,4350,-1,4355,4310,4333,-1,4355,4350,4331,-1,4357,4332,4313,-1,4357,4313,4336,-1,4358,4333,4319,-1,4358,4319,4340,-1,4358,4359,4360,-1,4358,4340,4359,-1,4358,4355,4333,-1,4361,4334,4316,-1,4361,4316,4337,-1,4362,4353,4335,-1,4362,4335,4317,-1,4362,4317,4338,-1,4363,4336,4318,-1,4363,4318,4339,-1,4364,4320,4341,-1,4364,4337,4320,-1,4365,4321,4342,-1,4365,4338,4321,-1,4365,4362,4338,-1,4366,4339,4345,-1,4367,4359,4340,-1,4367,4354,4359,-1,4367,4352,4354,-1,4367,4330,4352,-1,4367,4340,4330,-1,4368,4341,4346,-1,4369,4342,4327,-1,4369,4327,4347,-1,4370,4329,4351,-1,4370,4345,4329,-1,4371,4332,4357,-1,4371,4346,4332,-1,4372,4347,4334,-1,4372,4334,4361,-1,4373,3478,3605,-1,4373,4351,3480,-1,4373,4370,4351,-1,4373,3480,3478,-1,4374,4353,4362,-1,4374,4375,4353,-1,4376,4377,4356,-1,4376,4360,4377,-1,4376,4358,4360,-1,4376,4356,4355,-1,4376,4355,4358,-1,4378,4336,4363,-1,4378,4357,4336,-1,4379,4337,4364,-1,4379,4361,4337,-1,4380,4362,4365,-1,4381,4363,4339,-1,4381,4339,4366,-1,4382,4364,4341,-1,4382,4341,4368,-1,4382,4379,4364,-1,4383,4365,4342,-1,4383,4342,4369,-1,4384,4345,4370,-1,4384,4366,4345,-1,4385,4382,4368,-1,4385,4346,4371,-1,4385,4368,4346,-1,4386,4369,4347,-1,4386,4347,4372,-1,4387,4370,4373,-1,4387,3605,4388,-1,4387,4373,3605,-1,4389,4371,4357,-1,4389,4357,4378,-1,4389,4385,4371,-1,4390,4361,4379,-1,4390,4372,4361,-1,4391,4375,4374,-1,4391,4374,4362,-1,4391,4362,4380,-1,4392,4363,4381,-1,4392,4378,4363,-1,4393,4379,4382,-1,4393,4390,4379,-1,4394,4365,4383,-1,4394,4380,4365,-1,4395,4366,4384,-1,4395,4381,4366,-1,4396,4382,4385,-1,4397,4383,4369,-1,4397,4369,4386,-1,4398,4384,4370,-1,4398,4370,4387,-1,4398,4387,4388,-1,4398,4388,4399,-1,4400,4375,4391,-1,4400,4401,4375,-1,4402,4385,4389,-1,4403,4372,4390,-1,4403,4386,4372,-1,4404,4378,4392,-1,4404,4389,4378,-1,4405,4390,4393,-1,4406,4380,4394,-1,4406,4400,4391,-1,4406,4391,4380,-1,4407,4381,4395,-1,4407,4392,4381,-1,4408,4401,4400,-1,4408,4409,4401,-1,4410,4393,4382,-1,4410,4382,4396,-1,4411,4394,4383,-1,4411,4383,4397,-1,4412,4395,4384,-1,4412,4384,4398,-1,4412,4399,4413,-1,4412,4398,4399,-1,4414,4396,4385,-1,4414,4385,4402,-1,4415,4397,4386,-1,4415,4386,4403,-1,4416,4400,4406,-1,4417,4402,4389,-1,4417,4389,4404,-1,4417,4414,4402,-1,4418,4403,4390,-1,4418,4390,4405,-1,4419,4404,4392,-1,4419,4392,4407,-1,4420,4405,4393,-1,4420,4393,4410,-1,4421,4406,4394,-1,4421,4394,4411,-1,4422,4412,4413,-1,4422,4407,4395,-1,4422,4413,4423,-1,4422,4395,4412,-1,4424,4425,4409,-1,4424,4400,4416,-1,4424,4408,4400,-1,4424,4409,4408,-1,4426,4410,4396,-1,4426,4396,4414,-1,4427,4411,4397,-1,4427,4397,4415,-1,4428,4414,4417,-1,4429,4415,4403,-1,4429,4403,4418,-1,4430,4416,4406,-1,4430,4406,4421,-1,4431,4417,4404,-1,4431,4404,4419,-1,4432,4418,4405,-1,4432,4405,4420,-1,4433,4407,4422,-1,4433,4422,4423,-1,4433,4419,4407,-1,4433,4423,4434,-1,4435,4420,4410,-1,4435,4410,4426,-1,4436,4411,4427,-1,4436,4421,4411,-1,4436,4430,4421,-1,4437,4425,4424,-1,4437,4438,4425,-1,4439,4416,4430,-1,4439,4424,4416,-1,4440,4414,4428,-1,4440,4426,4414,-1,4441,4415,4429,-1,4441,4427,4415,-1,4442,4417,4431,-1,4442,4428,4417,-1,4443,4429,4418,-1,4443,4441,4429,-1,4443,4418,4432,-1,4444,4430,4436,-1,4445,4431,4419,-1,4445,4419,4433,-1,4445,4442,4431,-1,4445,4433,4434,-1,4445,4434,4446,-1,4447,4420,4435,-1,4447,4432,4420,-1,4448,4435,4426,-1,4448,4447,4435,-1,4448,4426,4440,-1,4449,4444,4436,-1,4449,4427,4441,-1,4449,4436,4427,-1,4450,4437,4424,-1,4450,4424,4439,-1,4450,4438,4437,-1,4450,4451,4438,-1,4452,4430,4444,-1,4452,4439,4430,-1,4452,4450,4439,-1,4453,4428,4442,-1,4453,4440,4428,-1,4454,4441,4443,-1,4455,4442,4445,-1,4455,4446,4456,-1,4455,4445,4446,-1,4457,4454,4443,-1,4457,4443,4432,-1,4457,4432,4447,-1,4458,4444,4449,-1,4459,4457,4447,-1,4459,4447,4448,-1,4460,4448,4440,-1,4460,4440,4453,-1,4461,4462,4451,-1,4461,4451,4450,-1,4463,4449,4441,-1,4463,4441,4454,-1,4464,4450,4452,-1,4465,4464,4452,-1,4465,4452,4444,-1,4465,4444,4458,-1,4466,4460,4453,-1,4466,4455,4456,-1,4466,4456,4467,-1,4466,4453,4442,-1,4466,4442,4455,-1,4468,4454,4457,-1,4468,4463,4454,-1,4469,4457,4459,-1,4470,4449,4463,-1,4470,4458,4449,-1,4471,4448,4460,-1,4471,4459,4448,-1,4472,4460,4466,-1,4472,4466,4467,-1,4472,4467,4473,-1,4474,4461,4450,-1,4474,4475,4462,-1,4474,4450,4464,-1,4474,4462,4461,-1,4476,4463,4468,-1,4477,4464,4465,-1,4478,4458,4470,-1,4478,4465,4458,-1,4479,4468,4457,-1,4479,4457,4469,-1,4479,4476,4468,-1,4480,4469,4459,-1,4480,4459,4471,-1,4481,4470,4463,-1,4481,4463,4476,-1,4482,4460,4472,-1,4482,4471,4460,-1,4482,4472,4473,-1,4482,4473,4483,-1,4484,4464,4477,-1,4484,4474,4464,-1,4485,4476,4479,-1,4486,4465,4478,-1,4486,4484,4477,-1,4486,4477,4465,-1,4487,4478,4470,-1,4487,4470,4481,-1,4488,4479,4469,-1,4488,4469,4480,-1,4489,4480,4471,-1,4489,4471,4482,-1,4489,4483,4490,-1,4489,4482,4483,-1,4491,4481,4476,-1,4491,4476,4485,-1,4491,4487,4481,-1,4492,4475,4474,-1,4492,4474,4484,-1,4492,4493,4475,-1,4492,4494,4493,-1,4495,4484,4486,-1,4495,4492,4484,-1,4496,4479,4488,-1,4496,4485,4479,-1,4497,4478,4487,-1,4497,4486,4478,-1,4498,4487,4491,-1,4499,4488,4480,-1,4499,4480,4489,-1,4499,4490,4500,-1,4499,4489,4490,-1,4501,4491,4485,-1,4501,4485,4496,-1,4502,4494,4492,-1,4502,4492,4495,-1,4503,4486,4497,-1,4503,4495,4486,-1,4504,4501,4496,-1,4504,4499,4500,-1,4504,4496,4488,-1,4504,4500,4505,-1,4504,4488,4499,-1,4506,4487,4498,-1,4506,4497,4487,-1,4507,4498,4491,-1,4507,4491,4501,-1,4508,4494,4502,-1,4508,4509,4494,-1,4510,4501,4504,-1,4510,4507,4501,-1,4510,4504,4505,-1,4510,4505,4511,-1,4512,4502,4495,-1,4512,4495,4503,-1,4512,4508,4502,-1,4513,4497,4506,-1,4513,4503,4497,-1,4514,4506,4498,-1,4514,4498,4507,-1,4515,4507,4510,-1,4515,4510,4511,-1,4515,4511,4516,-1,4517,4508,4512,-1,4517,4509,4508,-1,4517,4518,4509,-1,4517,4519,4518,-1,4520,4512,4503,-1,4520,4503,4513,-1,4520,4517,4512,-1,4521,4506,4514,-1,4521,4513,4506,-1,4522,4514,4507,-1,4522,4507,4515,-1,4522,4515,4516,-1,4522,4516,4523,-1,4524,4519,4517,-1,4524,4517,4520,-1,4525,4520,4513,-1,4525,4513,4521,-1,4526,4519,4524,-1,4526,4527,4519,-1,4528,4521,4514,-1,4528,4525,4521,-1,4528,4514,4522,-1,4528,4522,4523,-1,4528,4523,4529,-1,4530,4520,4525,-1,4530,4524,4520,-1,4531,4530,4525,-1,4531,4525,4528,-1,4531,4528,4529,-1,4531,4529,4532,-1,4533,4524,4530,-1,4533,4526,4524,-1,4533,4527,4526,-1,4533,4534,4527,-1,4535,4530,4531,-1,4535,4531,4532,-1,4535,4532,3608,-1,4536,3608,3607,-1,4536,4530,4535,-1,4536,4533,4530,-1,4536,4535,3608,-1,4536,4534,4533,-1,4536,3607,4534,-1,4537,4538,4539,-1,4538,4540,4539,-1,4540,4541,4539,-1,4541,4542,4539,-1,4542,4543,4539,-1,4543,4544,4539,-1,4544,4545,4539,-1,4545,4546,4539,-1,4539,4547,4548,-1,4546,4547,4539,-1,4547,4549,4548,-1,4549,4550,4548,-1,4550,4551,4548,-1,4551,4552,4548,-1,4552,4553,4548,-1,4553,4554,4548,-1,4554,4555,4548,-1,4555,4556,4548,-1,3605,3477,4557,-1,3604,4558,3602,-1,3792,4559,3780,-1,4560,4557,4561,-1,4560,3605,4557,-1,4562,4388,3605,-1,4562,3605,4560,-1,4563,4561,4564,-1,4563,4560,4561,-1,4565,4399,4388,-1,4565,4388,4562,-1,4566,4562,4560,-1,4566,4560,4563,-1,4567,4564,4568,-1,4567,4568,4569,-1,4567,4563,4564,-1,4570,4399,4565,-1,4570,4413,4399,-1,4571,4565,4562,-1,4571,4562,4566,-1,4572,4563,4567,-1,4572,4566,4563,-1,4573,4567,4569,-1,4573,4569,4574,-1,4575,4423,4413,-1,4575,4413,4570,-1,4576,4570,4565,-1,4576,4565,4571,-1,4577,4571,4566,-1,4577,4566,4572,-1,4578,4572,4567,-1,4578,4567,4573,-1,4579,4423,4575,-1,4579,4434,4423,-1,4580,4574,4581,-1,4580,4581,4582,-1,4580,4573,4574,-1,4583,4575,4570,-1,4583,4570,4576,-1,4584,4571,4577,-1,4584,4576,4571,-1,4585,4572,4578,-1,4585,4577,4572,-1,4586,4446,4434,-1,4586,4434,4579,-1,4587,4573,4580,-1,4587,4578,4573,-1,4588,4575,4583,-1,4588,4579,4575,-1,4589,4580,4582,-1,4589,4582,4590,-1,4591,4576,4584,-1,4591,4583,4576,-1,4592,4577,4585,-1,4592,4584,4577,-1,4593,4456,4446,-1,4593,4446,4586,-1,4594,4578,4587,-1,4594,4585,4578,-1,4595,4579,4588,-1,4595,4586,4579,-1,4596,4580,4589,-1,4596,4587,4580,-1,4597,4583,4591,-1,4597,4588,4583,-1,4598,4589,4590,-1,4598,4590,4599,-1,4600,4591,4584,-1,4600,4584,4592,-1,4601,4456,4593,-1,4601,4467,4456,-1,4602,4585,4594,-1,4602,4592,4585,-1,4603,4586,4595,-1,4603,4593,4586,-1,4604,4587,4596,-1,4604,4594,4587,-1,4605,4595,4588,-1,4605,4588,4597,-1,4606,4596,4589,-1,4606,4589,4598,-1,4607,4597,4591,-1,4607,4591,4600,-1,4608,4473,4467,-1,4608,4467,4601,-1,4609,4599,4610,-1,4609,4610,4611,-1,4609,4598,4599,-1,4612,4592,4602,-1,4612,4600,4592,-1,4613,4593,4603,-1,4613,4601,4593,-1,4614,4602,4594,-1,4614,4594,4604,-1,4615,4603,4595,-1,4615,4595,4605,-1,4616,4604,4596,-1,4616,4596,4606,-1,4617,4605,4597,-1,4617,4597,4607,-1,4618,4483,4473,-1,4618,4473,4608,-1,4619,4606,4598,-1,4619,4598,4609,-1,4620,4607,4600,-1,4620,4600,4612,-1,4621,4601,4613,-1,4621,4608,4601,-1,4622,4611,4623,-1,4622,4609,4611,-1,4624,4602,4614,-1,4624,4612,4602,-1,4625,4603,4615,-1,4625,4613,4603,-1,4626,4614,4604,-1,4626,4604,4616,-1,4627,4605,4617,-1,4627,4615,4605,-1,4628,4490,4483,-1,4628,4483,4618,-1,4629,4606,4619,-1,4629,4616,4606,-1,4630,4607,4620,-1,4630,4617,4607,-1,4631,4618,4608,-1,4631,4608,4621,-1,4632,4619,4609,-1,4632,4609,4622,-1,4633,4620,4612,-1,4633,4612,4624,-1,4634,4621,4613,-1,4634,4613,4625,-1,4635,4622,4623,-1,4635,4623,4636,-1,4635,4636,4637,-1,4638,4624,4614,-1,4638,4614,4626,-1,4639,4615,4627,-1,4639,4625,4615,-1,4640,4500,4490,-1,4640,4490,4628,-1,4641,4616,4629,-1,4641,4626,4616,-1,4642,4617,4630,-1,4642,4627,4617,-1,4643,4618,4631,-1,4643,4628,4618,-1,4644,4619,4632,-1,4644,4629,4619,-1,4645,4630,4620,-1,4645,4620,4633,-1,4646,4621,4634,-1,4646,4631,4621,-1,4647,4632,4622,-1,4647,4622,4635,-1,4648,4633,4624,-1,4648,4624,4638,-1,4649,4625,4639,-1,4649,4634,4625,-1,4650,4637,4651,-1,4650,4635,4637,-1,4652,4505,4500,-1,4652,4500,4640,-1,4653,4638,4626,-1,4653,4626,4641,-1,4654,4639,4627,-1,4654,4627,4642,-1,4655,4628,4643,-1,4655,4640,4628,-1,4656,4629,4644,-1,4656,4641,4629,-1,4657,4642,4630,-1,4657,4630,4645,-1,4658,4643,4631,-1,4658,4631,4646,-1,4659,4632,4647,-1,4659,4644,4632,-1,4660,4505,4652,-1,4660,4511,4505,-1,4661,4645,4633,-1,4661,4633,4648,-1,4662,4646,4634,-1,4662,4634,4649,-1,4663,4647,4635,-1,4663,4635,4650,-1,4664,4648,4638,-1,4664,4638,4653,-1,4665,4639,4654,-1,4665,4649,4639,-1,4666,4651,4667,-1,4666,4650,4651,-1,4668,4640,4655,-1,4668,4652,4640,-1,4669,4653,4641,-1,4669,4641,4656,-1,4670,4516,4511,-1,4670,4511,4660,-1,4671,4642,4657,-1,4671,4654,4642,-1,4672,4643,4658,-1,4672,4655,4643,-1,4673,4656,4644,-1,4673,4644,4659,-1,4674,4645,4661,-1,4674,4657,4645,-1,4675,4658,4646,-1,4675,4646,4662,-1,4676,4659,4647,-1,4676,4647,4663,-1,4677,4660,4652,-1,4677,4652,4668,-1,4678,4661,4648,-1,4678,4648,4664,-1,4679,4649,4665,-1,4679,4662,4649,-1,4680,4650,4666,-1,4680,4663,4650,-1,4681,4653,4669,-1,4681,4664,4653,-1,4682,4654,4671,-1,4682,4665,4654,-1,4683,4667,4684,-1,4683,4684,4685,-1,4683,4666,4667,-1,4686,4655,4672,-1,4686,4668,4655,-1,4687,4523,4516,-1,4687,4516,4670,-1,4688,4669,4656,-1,4688,4656,4673,-1,4689,4660,4677,-1,4689,4670,4660,-1,4690,4671,4657,-1,4690,4657,4674,-1,4691,4672,4658,-1,4691,4658,4675,-1,4692,4673,4659,-1,4692,4659,4676,-1,4693,4674,4661,-1,4693,4661,4678,-1,4694,4675,4662,-1,4694,4662,4679,-1,4695,4663,4680,-1,4695,4676,4663,-1,4696,4668,4686,-1,4696,4677,4668,-1,4697,4678,4664,-1,4697,4664,4681,-1,4698,4679,4665,-1,4698,4665,4682,-1,4699,4666,4683,-1,4699,4680,4666,-1,4700,4681,4669,-1,4700,4669,4688,-1,4701,4682,4671,-1,4701,4671,4690,-1,4702,4523,4687,-1,4702,4529,4523,-1,4703,4685,4704,-1,4703,4683,4685,-1,4705,4686,4672,-1,4705,4672,4691,-1,4706,4687,4670,-1,4706,4670,4689,-1,4707,4688,4673,-1,4707,4673,4692,-1,4708,4689,4677,-1,4708,4677,4696,-1,4709,4690,4674,-1,4709,4674,4693,-1,4710,4691,4675,-1,4710,4675,4694,-1,4711,4707,4692,-1,4711,4692,4676,-1,4711,4676,4695,-1,4712,4693,4678,-1,4712,4678,4697,-1,4713,4679,4698,-1,4713,4694,4679,-1,4714,4680,4699,-1,4714,4695,4680,-1,4715,4696,4686,-1,4715,4686,4705,-1,4716,4681,4700,-1,4716,4697,4681,-1,4717,4698,4682,-1,4717,4682,4701,-1,4718,4532,4529,-1,4718,4529,4702,-1,4719,4683,4703,-1,4719,4699,4683,-1,4720,4700,4688,-1,4720,4688,4707,-1,4721,4701,4690,-1,4721,4690,4709,-1,4722,4687,4706,-1,4722,4702,4687,-1,4723,4704,4724,-1,4723,4724,4725,-1,4723,4719,4703,-1,4723,4703,4704,-1,4726,4691,4710,-1,4726,4705,4691,-1,4727,4706,4689,-1,4727,4689,4708,-1,4728,4707,4711,-1,4729,4708,4696,-1,4729,4696,4715,-1,4730,4693,4712,-1,4730,4709,4693,-1,4731,4710,4694,-1,4731,4694,4713,-1,4732,4695,4714,-1,4732,4711,4695,-1,4733,4532,4718,-1,4733,3608,4532,-1,4734,4712,4697,-1,4734,4697,4716,-1,4735,4698,4717,-1,4735,4713,4698,-1,4736,4699,4719,-1,4736,4714,4699,-1,4737,4715,4705,-1,4737,4705,4726,-1,4738,4716,4700,-1,4738,4700,4720,-1,4739,4701,4721,-1,4739,4717,4701,-1,4740,4702,4722,-1,4740,4718,4702,-1,4741,4719,4723,-1,4742,4720,4707,-1,4742,4707,4728,-1,4743,3606,3608,-1,4743,3608,4733,-1,4743,4744,3606,-1,4745,4721,4709,-1,4745,4709,4730,-1,4746,4722,4706,-1,4746,4706,4727,-1,4747,4725,4748,-1,4747,4723,4725,-1,4749,4710,4731,-1,4749,4726,4710,-1,4750,4708,4729,-1,4750,4727,4708,-1,4751,4711,4732,-1,4751,4728,4711,-1,4752,4715,4737,-1,4752,4729,4715,-1,4753,4712,4734,-1,4753,4730,4712,-1,4754,4731,4713,-1,4754,4713,4735,-1,4755,4732,4714,-1,4755,4714,4736,-1,4756,4733,4718,-1,4756,4718,4740,-1,4757,4716,4738,-1,4757,4734,4716,-1,4758,4717,4739,-1,4758,4735,4717,-1,4759,4719,4741,-1,4759,4736,4719,-1,4760,4726,4749,-1,4760,4737,4726,-1,4761,4738,4720,-1,4761,4720,4742,-1,4762,4721,4745,-1,4762,4739,4721,-1,4763,4722,4746,-1,4763,4740,4722,-1,4764,4723,4747,-1,4764,4741,4723,-1,4765,4742,4728,-1,4765,4728,4751,-1,4766,4743,4733,-1,4766,4744,4743,-1,4766,4767,4744,-1,4766,4733,4756,-1,4768,4745,4730,-1,4768,4730,4753,-1,4769,4727,4750,-1,4769,4746,4727,-1,4770,4747,4748,-1,4770,4748,4771,-1,4772,4749,4731,-1,4772,4731,4754,-1,4773,4729,4752,-1,4773,4750,4729,-1,4774,4751,4732,-1,4774,4732,4755,-1,4775,4752,4737,-1,4775,4737,4760,-1,4776,4753,4734,-1,4776,4734,4757,-1,4777,4735,4758,-1,4777,4754,4735,-1,4778,4755,4736,-1,4778,4736,4759,-1,4778,4774,4755,-1,4779,4740,4763,-1,4779,4756,4740,-1,4780,4757,4738,-1,4780,4776,4757,-1,4780,4738,4761,-1,4781,4758,4739,-1,4781,4739,4762,-1,4782,4741,4764,-1,4782,4759,4741,-1,4783,4749,4772,-1,4783,4760,4749,-1,4784,4780,4761,-1,4784,4761,4742,-1,4784,4742,4765,-1,4785,4762,4745,-1,4785,4745,4768,-1,4786,4779,4763,-1,4786,4763,4746,-1,4786,4746,4769,-1,4787,4747,4770,-1,4787,4764,4747,-1,4788,4751,4774,-1,4788,4765,4751,-1,4789,4756,4779,-1,4789,4790,4767,-1,4789,4779,4790,-1,4789,4766,4756,-1,4789,4767,4766,-1,4791,4768,4753,-1,4791,4753,4776,-1,4792,4750,4773,-1,4792,4769,4750,-1,4793,4771,4794,-1,4793,4794,4795,-1,4793,4770,4771,-1,4796,4754,4777,-1,4796,4772,4754,-1,4796,4783,4772,-1,4797,4773,4752,-1,4797,4752,4775,-1,4798,4774,4778,-1,4799,4760,4783,-1,4799,4775,4760,-1,4800,4776,4780,-1,4801,4777,4758,-1,4801,4758,4781,-1,4802,4778,4759,-1,4802,4759,4782,-1,4803,4804,4790,-1,4803,4805,4804,-1,4803,4790,4779,-1,4803,4779,4786,-1,4806,4780,4784,-1,4807,4762,4785,-1,4807,4781,4762,-1,4808,4764,4787,-1,4808,4782,4764,-1,4809,4783,4796,-1,4810,4784,4765,-1,4810,4765,4788,-1,4811,4768,4791,-1,4811,4785,4768,-1,4812,4786,4769,-1,4812,4803,4786,-1,4812,4769,4792,-1,4813,4787,4770,-1,4813,4770,4793,-1,4814,4788,4774,-1,4814,4774,4798,-1,4815,4776,4800,-1,4815,4791,4776,-1,4816,4792,4773,-1,4816,4773,4797,-1,4817,4795,4818,-1,4817,4793,4795,-1,4819,4777,4801,-1,4819,4796,4777,-1,4820,4797,4775,-1,4820,4775,4799,-1,4821,4798,4778,-1,4821,4778,4802,-1,4822,4799,4783,-1,4822,4783,4809,-1,4823,4800,4780,-1,4823,4780,4806,-1,4824,4801,4781,-1,4824,4781,4807,-1,4825,4802,4782,-1,4825,4782,4808,-1,4826,4805,4803,-1,4826,4827,4805,-1,4826,4803,4812,-1,4826,4812,4827,-1,4828,4784,4810,-1,4828,4806,4784,-1,4829,4807,4785,-1,4829,4785,4811,-1,4830,4808,4787,-1,4830,4787,4813,-1,4831,4809,4796,-1,4831,4796,4819,-1,4832,4828,4810,-1,4832,4788,4814,-1,4832,4810,4788,-1,4833,4811,4791,-1,4833,4791,4815,-1,4834,4792,4816,-1,4834,4835,4827,-1,4834,4812,4792,-1,4834,4827,4812,-1,4836,4793,4817,-1,4836,4813,4793,-1,4837,4814,4798,-1,4837,4798,4821,-1,4838,4800,4823,-1,4838,4815,4800,-1,4839,4834,4816,-1,4839,4835,4834,-1,4839,4840,4835,-1,4839,4841,4840,-1,4839,4797,4820,-1,4839,4816,4797,-1,4842,4818,4843,-1,4842,4843,4844,-1,4842,4817,4818,-1,4845,4819,4801,-1,4845,4801,4824,-1,4846,4839,4820,-1,4846,4847,4848,-1,4846,4820,4799,-1,4846,4799,4822,-1,4849,4802,4825,-1,4849,4821,4802,-1,4850,4809,4831,-1,4850,4822,4809,-1,4850,4851,4852,-1,4853,4823,4806,-1,4853,4806,4828,-1,4854,4824,4807,-1,4854,4807,4829,-1,4855,4825,4808,-1,4855,4808,4830,-1,4856,4828,4832,-1,4857,4829,4811,-1,4857,4811,4833,-1,4858,4813,4836,-1,4858,4830,4813,-1,4859,4819,4845,-1,4859,4831,4819,-1,4859,4860,4861,-1,4859,4845,4860,-1,4862,4814,4837,-1,4862,4832,4814,-1,4863,4815,4838,-1,4863,4833,4815,-1,4864,4836,4817,-1,4864,4817,4842,-1,4865,4821,4849,-1,4865,4837,4821,-1,4866,4838,4823,-1,4866,4823,4853,-1,4867,4839,4846,-1,4867,4846,4848,-1,4867,4848,4841,-1,4867,4841,4839,-1,4868,4844,4869,-1,4868,4842,4844,-1,4870,4845,4824,-1,4870,4824,4854,-1,4870,4871,4860,-1,4870,4860,4845,-1,4870,4854,4871,-1,4872,4846,4822,-1,4872,4822,4850,-1,4872,4852,4847,-1,4872,4847,4846,-1,4872,4850,4852,-1,4873,4849,4825,-1,4873,4825,4855,-1,4874,4859,4861,-1,4874,4850,4831,-1,4874,4861,4851,-1,4874,4831,4859,-1,4874,4851,4850,-1,4875,4828,4856,-1,4875,4853,4828,-1,4876,4854,4829,-1,4876,4829,4857,-1,4876,4871,4854,-1,4877,4830,4858,-1,4877,4855,4830,-1,4878,4832,4862,-1,4878,4856,4832,-1,4879,4833,4863,-1,4879,4857,4833,-1,4880,4836,4864,-1,4880,4858,4836,-1,4881,4837,4865,-1,4881,4862,4837,-1,4882,4838,4866,-1,4882,4863,4838,-1,4883,4842,4868,-1,4883,4864,4842,-1,4884,4849,4873,-1,4884,4865,4849,-1,4885,4853,4875,-1,4885,4866,4853,-1,4886,4869,4887,-1,4886,4868,4869,-1,4888,4889,4871,-1,4888,4871,4876,-1,4890,4855,4877,-1,4890,4873,4855,-1,4891,4875,4856,-1,4891,4856,4878,-1,4892,4888,4876,-1,4892,4876,4857,-1,4892,4857,4879,-1,4893,4858,4880,-1,4893,4877,4858,-1,4894,4862,4881,-1,4894,4891,4878,-1,4894,4878,4862,-1,4895,4879,4863,-1,4895,4863,4882,-1,4896,4864,4883,-1,4896,4880,4864,-1,4897,4889,4888,-1,4897,4898,4889,-1,4899,4881,4865,-1,4899,4894,4881,-1,4899,4865,4884,-1,4900,4866,4885,-1,4900,4882,4866,-1,4901,4883,4868,-1,4901,4868,4886,-1,4901,4896,4883,-1,4902,4873,4890,-1,4902,4884,4873,-1,4903,4885,4875,-1,4903,4875,4891,-1,4904,4886,4887,-1,4904,4887,4905,-1,4904,4905,4906,-1,4907,4888,4892,-1,4908,4890,4877,-1,4908,4877,4893,-1,4909,4891,4894,-1,4910,4879,4895,-1,4910,4892,4879,-1,4911,4893,4880,-1,4911,4880,4896,-1,4912,4894,4899,-1,4913,4882,4900,-1,4913,4895,4882,-1,4914,4896,4901,-1,4915,4897,4888,-1,4915,4888,4907,-1,4915,4898,4897,-1,4916,4899,4884,-1,4916,4884,4902,-1,4917,4885,4903,-1,4917,4900,4885,-1,4918,4901,4886,-1,4918,4886,4904,-1,4919,4902,4890,-1,4919,4890,4908,-1,4920,4903,4891,-1,4920,4891,4909,-1,4921,4904,4906,-1,4921,4906,4922,-1,4923,4907,4892,-1,4923,4892,4910,-1,4924,4908,4893,-1,4924,4893,4911,-1,4925,4926,4898,-1,4925,4898,4915,-1,4927,4909,4894,-1,4927,4894,4912,-1,4928,4910,4895,-1,4928,4895,4913,-1,4929,4896,4914,-1,4929,4911,4896,-1,4930,4899,4916,-1,4930,4912,4899,-1,4931,4900,4917,-1,4931,4913,4900,-1,4932,4914,4901,-1,4932,4901,4918,-1,4933,4915,4907,-1,4933,4907,4923,-1,4934,4902,4919,-1,4934,4916,4902,-1,4934,4930,4916,-1,4935,4903,4920,-1,4935,4917,4903,-1,4936,4904,4921,-1,4936,4918,4904,-1,4936,4932,4918,-1,4937,4919,4908,-1,4937,4908,4924,-1,4938,4909,4927,-1,4938,4920,4909,-1,4938,4935,4920,-1,4939,4921,4922,-1,4939,4922,4940,-1,4939,4940,4941,-1,4942,4910,4928,-1,4942,4923,4910,-1,4943,4944,4926,-1,4943,4945,4944,-1,4943,4926,4925,-1,4946,4911,4929,-1,4946,4924,4911,-1,4947,4925,4915,-1,4947,4915,4933,-1,4948,4927,4912,-1,4948,4912,4930,-1,4949,4928,4913,-1,4949,4913,4931,-1,4950,4929,4914,-1,4950,4914,4932,-1,4951,4930,4934,-1,4952,4931,4917,-1,4952,4917,4935,-1,4953,4932,4936,-1,4954,4923,4942,-1,4954,4933,4923,-1,4955,4934,4919,-1,4955,4919,4937,-1,4956,4935,4938,-1,4957,4921,4939,-1,4957,4936,4921,-1,4958,4937,4924,-1,4958,4955,4937,-1,4958,4924,4946,-1,4959,4927,4948,-1,4959,4938,4927,-1,4960,4939,4941,-1,4960,4941,4961,-1,4962,4928,4949,-1,4962,4942,4928,-1,4963,4945,4943,-1,4963,4943,4925,-1,4963,4964,4945,-1,4963,4925,4947,-1,4965,4929,4950,-1,4965,4946,4929,-1,4966,4933,4954,-1,4966,4947,4933,-1,4967,4948,4930,-1,4967,4930,4951,-1,4968,4949,4931,-1,4968,4931,4952,-1,4969,4932,4953,-1,4969,4950,4932,-1,4969,4965,4950,-1,4970,4951,4934,-1,4970,4934,4955,-1,4971,4952,4935,-1,4971,4935,4956,-1,4971,4968,4952,-1,4972,4953,4936,-1,4972,4936,4957,-1,4973,4954,4942,-1,4973,4942,4962,-1,4974,4955,4958,-1,4975,4938,4959,-1,4975,4956,4938,-1,4976,4957,4939,-1,4976,4939,4960,-1,4977,4946,4965,-1,4977,4958,4946,-1,4978,4959,4948,-1,4978,4948,4967,-1,4978,4975,4959,-1,4979,4961,4980,-1,4979,4960,4961,-1,4981,4962,4949,-1,4981,4949,4968,-1,4982,4947,4966,-1,4982,4963,4947,-1,4982,4964,4963,-1,4983,4965,4969,-1,4984,4954,4973,-1,4984,4966,4954,-1,4985,4967,4951,-1,4985,4951,4970,-1,4986,4968,4971,-1,4987,4969,4953,-1,4987,4953,4972,-1,4988,4970,4955,-1,4988,4955,4974,-1,4989,4971,4956,-1,4989,4956,4975,-1,4990,4987,4972,-1,4990,4972,4957,-1,4990,4957,4976,-1,4991,4962,4981,-1,4991,4973,4962,-1,4992,4958,4977,-1,4992,4974,4958,-1,4993,4975,4978,-1,4994,4960,4979,-1,4994,4990,4976,-1,4994,4976,4960,-1,4995,4992,4977,-1,4995,4965,4983,-1,4995,4977,4965,-1,4996,4978,4967,-1,4996,4967,4985,-1,4997,4998,4964,-1,4997,4999,4998,-1,4997,4964,4982,-1,5000,4980,5001,-1,5000,4979,4980,-1,5000,5001,5002,-1,5003,4981,4968,-1,5003,4968,4986,-1,5004,4966,4984,-1,5004,4982,4966,-1,5005,4969,4987,-1,5005,4983,4969,-1,5006,4984,4973,-1,5006,5004,4984,-1,5006,4973,4991,-1,5007,4970,4988,-1,5007,4985,4970,-1,5007,4996,4985,-1,5008,4986,4971,-1,5008,4971,4989,-1,5009,4987,4990,-1,5010,4974,4992,-1,5010,4988,4974,-1,5011,5008,4989,-1,5011,4989,4975,-1,5011,4975,4993,-1,5012,4990,4994,-1,5013,4981,5003,-1,5013,4991,4981,-1,5014,4992,4995,-1,5015,4993,4978,-1,5015,4978,4996,-1,5016,4994,4979,-1,5016,4979,5000,-1,5017,4983,5005,-1,5017,4995,4983,-1,5018,4996,5007,-1,5019,4997,4982,-1,5019,4982,5004,-1,5019,4999,4997,-1,5020,5002,5021,-1,5020,5000,5002,-1,5020,5016,5000,-1,5022,4986,5008,-1,5022,5003,4986,-1,5023,5004,5006,-1,5023,5019,5004,-1,5024,5005,4987,-1,5024,4987,5009,-1,5025,5006,4991,-1,5025,4991,5013,-1,5026,5007,4988,-1,5026,4988,5010,-1,5027,5008,5011,-1,5028,5009,4990,-1,5028,4990,5012,-1,5028,5024,5009,-1,5029,5026,5010,-1,5029,4992,5014,-1,5029,5010,4992,-1,5030,4993,5015,-1,5030,5011,4993,-1,5031,5012,4994,-1,5031,4994,5016,-1,5032,5003,5022,-1,5032,5013,5003,-1,5033,5014,4995,-1,5033,4995,5017,-1,5034,4996,5018,-1,5034,5015,4996,-1,5035,5036,4999,-1,5035,4999,5019,-1,5037,5016,5020,-1,5038,5017,5005,-1,5038,5005,5024,-1,5039,5018,5007,-1,5039,5007,5026,-1,5040,5019,5023,-1,5041,5020,5021,-1,5041,5021,5042,-1,5041,5042,5043,-1,5044,5008,5027,-1,5044,5022,5008,-1,5045,5006,5025,-1,5045,5023,5006,-1,5046,5024,5028,-1,5047,5025,5013,-1,5047,5013,5032,-1,5048,5026,5029,-1,5048,5039,5026,-1,5049,5011,5030,-1,5049,5027,5011,-1,5050,5012,5031,-1,5050,5028,5012,-1,5051,5029,5014,-1,5051,5014,5033,-1,5052,5015,5034,-1,5052,5030,5015,-1,5053,5031,5016,-1,5053,5016,5037,-1,5054,5032,5022,-1,5054,5022,5044,-1,5055,5017,5038,-1,5055,5033,5017,-1,5056,5034,5018,-1,5056,5018,5039,-1,5056,5052,5034,-1,5057,5019,5040,-1,5057,5036,5035,-1,5057,5058,5036,-1,5057,5059,5058,-1,5057,5035,5019,-1,5060,5037,5020,-1,5060,5020,5041,-1,5061,5024,5046,-1,5061,5038,5024,-1,5062,5039,5048,-1,5063,5023,5045,-1,5063,5040,5023,-1,5064,5043,5065,-1,5064,5041,5043,-1,5066,5027,5049,-1,5066,5044,5027,-1,5067,5025,5047,-1,5067,5045,5025,-1,5068,5046,5028,-1,5068,5028,5050,-1,5069,5032,5054,-1,5069,5067,5047,-1,5069,5047,5032,-1,5070,5029,5051,-1,5070,5048,5029,-1,5071,5049,5030,-1,5071,5030,5052,-1,5072,5050,5031,-1,5072,5031,5053,-1,5072,5068,5050,-1,5073,5051,5033,-1,5073,5033,5055,-1,5074,5052,5056,-1,5075,5072,5053,-1,5075,5053,5037,-1,5075,5037,5060,-1,5076,5069,5054,-1,5076,5044,5066,-1,5076,5054,5044,-1,5077,5038,5061,-1,5077,5055,5038,-1,5078,5056,5039,-1,5078,5039,5062,-1,5079,5040,5063,-1,5079,5057,5040,-1,5080,5041,5064,-1,5080,5060,5041,-1,5081,5046,5068,-1,5081,5061,5046,-1,5082,5062,5048,-1,5082,5048,5070,-1,5083,5045,5067,-1,5083,5063,5045,-1,5084,5064,5065,-1,5084,5065,5085,-1,5086,5066,5049,-1,5086,5049,5071,-1,5087,5067,5069,-1,5088,5068,5072,-1,5089,5069,5076,-1,5090,5070,5051,-1,5090,5051,5073,-1,5091,5052,5074,-1,5091,5071,5052,-1,5092,5072,5075,-1,5092,5088,5072,-1,5093,5059,5057,-1,5093,5057,5079,-1,5093,5094,5059,-1,5095,5073,5055,-1,5095,5055,5077,-1,5096,5074,5056,-1,5096,5056,5078,-1,5097,5060,5080,-1,5097,5075,5060,-1,5098,5076,5066,-1,5098,5066,5086,-1,5098,5089,5076,-1,5099,5077,5061,-1,5099,5061,5081,-1,5100,5078,5062,-1,5100,5062,5082,-1,5101,5079,5063,-1,5101,5063,5083,-1,5102,5080,5064,-1,5102,5064,5084,-1,5103,5081,5068,-1,5103,5068,5088,-1,5103,5099,5081,-1,5104,5070,5090,-1,5104,5082,5070,-1,5105,5083,5067,-1,5105,5067,5087,-1,5106,5085,5107,-1,5106,5107,5108,-1,5106,5084,5085,-1,5109,5071,5091,-1,5109,5086,5071,-1,5110,5087,5069,-1,5110,5069,5089,-1,5111,5088,5092,-1,5112,5089,5098,-1,5112,5110,5089,-1,5113,5073,5095,-1,5113,5104,5090,-1,5113,5090,5073,-1,5114,5074,5096,-1,5114,5091,5074,-1,5115,5075,5097,-1,5115,5092,5075,-1,5116,5093,5079,-1,5116,5094,5093,-1,5116,5117,5094,-1,5116,5079,5101,-1,5118,5095,5077,-1,5118,5077,5099,-1,5119,5078,5100,-1,5119,5096,5078,-1,5120,5097,5080,-1,5120,5080,5102,-1,5121,5086,5109,-1,5121,5098,5086,-1,5122,5099,5103,-1,5123,5082,5104,-1,5123,5100,5082,-1,5123,5119,5100,-1,5124,5101,5083,-1,5124,5083,5105,-1,5125,5084,5106,-1,5125,5102,5084,-1,5126,5103,5088,-1,5126,5088,5111,-1,5127,5104,5113,-1,5128,5105,5087,-1,5128,5087,5110,-1,5129,5125,5106,-1,5129,5108,5130,-1,5129,5106,5108,-1,5131,5109,5091,-1,5131,5091,5114,-1,5132,5110,5112,-1,5133,5111,5092,-1,5133,5092,5115,-1,5134,5112,5098,-1,5134,5098,5121,-1,5135,5095,5118,-1,5135,5113,5095,-1,5136,5096,5119,-1,5136,5114,5096,-1,5137,5115,5097,-1,5137,5097,5120,-1,5138,5116,5101,-1,5138,5101,5124,-1,5138,5117,5116,-1,5139,5118,5099,-1,5139,5099,5122,-1,5139,5135,5118,-1,5140,5119,5123,-1,5141,5102,5125,-1,5141,5120,5102,-1,5142,5134,5121,-1,5142,5109,5131,-1,5142,5121,5109,-1,5143,5122,5103,-1,5143,5103,5126,-1,5144,5123,5104,-1,5144,5104,5127,-1,5145,5105,5128,-1,5145,5124,5105,-1,5146,5125,5129,-1,5147,5126,5111,-1,5147,5111,5133,-1,5148,5149,5117,-1,5148,5117,5138,-1,5150,5113,5135,-1,5150,5127,5113,-1,5151,5128,5110,-1,5151,5110,5132,-1,5152,5129,5130,-1,5152,5130,5153,-1,5152,5153,5154,-1,5155,5131,5114,-1,5155,5114,5136,-1,5156,5112,5134,-1,5156,5132,5112,-1,5157,5133,5115,-1,5157,5115,5137,-1,5158,5134,5142,-1,5158,5156,5134,-1,5159,5135,5139,-1,5160,5119,5140,-1,5160,5136,5119,-1,5161,5120,5141,-1,5161,5137,5120,-1,5162,5138,5124,-1,5162,5124,5145,-1,5163,5139,5122,-1,5163,5122,5143,-1,5163,5159,5139,-1,5164,5140,5123,-1,5164,5123,5144,-1,5165,5125,5146,-1,5165,5141,5125,-1,5166,5142,5131,-1,5166,5131,5155,-1,5167,5126,5147,-1,5167,5143,5126,-1,5168,5127,5150,-1,5168,5144,5127,-1,5168,5164,5144,-1,5169,5128,5151,-1,5169,5162,5145,-1,5169,5145,5128,-1,5170,5146,5129,-1,5170,5129,5152,-1,5171,5133,5157,-1,5171,5167,5147,-1,5171,5147,5133,-1,5172,5173,5149,-1,5172,5138,5162,-1,5172,5149,5148,-1,5172,5148,5138,-1,5174,5150,5135,-1,5174,5135,5159,-1,5175,5132,5156,-1,5175,5151,5132,-1,5176,5152,5154,-1,5176,5154,5177,-1,5178,5155,5136,-1,5178,5136,5160,-1,5178,5166,5155,-1,5179,5156,5158,-1,5180,5137,5161,-1,5180,5157,5137,-1,5181,5142,5166,-1,5181,5158,5142,-1,5182,5159,5163,-1,5183,5160,5140,-1,5183,5140,5164,-1,5184,5141,5165,-1,5184,5161,5141,-1,5185,5162,5169,-1,5185,5172,5162,-1,5186,5143,5167,-1,5186,5163,5143,-1,5187,5164,5168,-1,5188,5146,5170,-1,5188,5165,5146,-1,5189,5166,5178,-1,5190,5186,5167,-1,5190,5167,5171,-1,5191,5168,5150,-1,5191,5187,5168,-1,5191,5150,5174,-1,5192,5169,5151,-1,5192,5151,5175,-1,5193,5188,5170,-1,5193,5152,5176,-1,5193,5170,5152,-1,5194,5171,5157,-1,5194,5157,5180,-1,5195,5196,5173,-1,5195,5172,5185,-1,5195,5173,5172,-1,5197,5174,5159,-1,5197,5159,5182,-1,5197,5191,5174,-1,5198,5156,5179,-1,5198,5175,5156,-1,5199,5176,5177,-1,5199,5177,5200,-1,5201,5160,5183,-1,5201,5178,5160,-1,5202,5158,5181,-1,5202,5179,5158,-1,5203,5161,5184,-1,5203,5180,5161,-1,5203,5194,5180,-1,5204,5181,5166,-1,5204,5166,5189,-1,5204,5202,5181,-1,5205,5163,5186,-1,5205,5182,5163,-1,5205,5197,5182,-1,5206,5183,5164,-1,5206,5164,5187,-1,5207,5165,5188,-1,5207,5184,5165,-1,5208,5185,5169,-1,5208,5169,5192,-1,5208,5195,5185,-1,5209,5186,5190,-1,5210,5187,5191,-1,5210,5206,5187,-1,5211,5188,5193,-1,5212,5189,5178,-1,5212,5178,5201,-1,5213,5190,5171,-1,5213,5171,5194,-1,5214,5191,5197,-1,5215,5175,5198,-1,5215,5192,5175,-1,5216,5211,5193,-1,5216,5193,5176,-1,5216,5176,5199,-1,5217,5194,5203,-1,5218,5195,5208,-1,5218,5219,5196,-1,5218,5220,5219,-1,5218,5196,5195,-1,5221,5197,5205,-1,5222,5179,5202,-1,5222,5198,5179,-1,5223,5199,5200,-1,5223,5200,5224,-1,5223,5224,5225,-1,5226,5183,5206,-1,5226,5212,5201,-1,5226,5201,5183,-1,5227,5202,5204,-1,5228,5184,5207,-1,5228,5203,5184,-1,5229,5189,5212,-1,5229,5227,5204,-1,5229,5204,5189,-1,5230,5186,5209,-1,5230,5205,5186,-1,5231,5206,5210,-1,5232,5207,5188,-1,5232,5228,5207,-1,5232,5188,5211,-1,5233,5208,5192,-1,5233,5192,5215,-1,5234,5209,5190,-1,5234,5190,5213,-1,5235,5191,5214,-1,5235,5210,5191,-1,5236,5211,5216,-1,5237,5212,5226,-1,5237,5229,5212,-1,5238,5213,5194,-1,5238,5194,5217,-1,5239,5214,5197,-1,5239,5235,5214,-1,5239,5197,5221,-1,5240,5233,5215,-1,5240,5198,5222,-1,5240,5215,5198,-1,5241,5216,5199,-1,5241,5199,5223,-1,5242,5203,5228,-1,5242,5217,5203,-1,5243,5218,5208,-1,5243,5208,5233,-1,5243,5244,5220,-1,5243,5220,5218,-1,5245,5221,5205,-1,5245,5205,5230,-1,5246,5222,5202,-1,5246,5202,5227,-1,5246,5240,5222,-1,5247,5223,5225,-1,5247,5225,5248,-1,5249,5226,5206,-1,5249,5237,5226,-1,5249,5206,5231,-1,5250,5227,5229,-1,5251,5242,5228,-1,5251,5228,5232,-1,5252,5229,5237,-1,5253,5230,5209,-1,5253,5209,5234,-1,5254,5249,5231,-1,5254,5231,5210,-1,5254,5210,5235,-1,5255,5211,5236,-1,5255,5232,5211,-1,5256,5233,5240,-1,5257,5234,5213,-1,5257,5213,5238,-1,5258,5235,5239,-1,5259,5216,5241,-1,5259,5236,5216,-1,5260,5252,5237,-1,5260,5237,5249,-1,5261,5238,5217,-1,5261,5217,5242,-1,5262,5239,5221,-1,5262,5221,5245,-1,5263,5240,5246,-1,5264,5259,5241,-1,5264,5223,5247,-1,5264,5241,5223,-1,5265,5242,5251,-1,5266,5243,5233,-1,5266,5244,5243,-1,5266,5256,5267,-1,5266,5267,5244,-1,5266,5233,5256,-1,5268,5245,5230,-1,5268,5230,5253,-1,5269,5246,5227,-1,5269,5227,5250,-1,5270,5247,5248,-1,5270,5248,5271,-1,5270,5271,5272,-1,5273,5249,5254,-1,5274,5229,5252,-1,5274,5250,5229,-1,5275,5265,5251,-1,5275,5232,5255,-1,5275,5251,5232,-1,5276,5252,5260,-1,5277,5253,5234,-1,5277,5234,5257,-1,5278,5235,5258,-1,5278,5254,5235,-1,5279,5236,5259,-1,5279,5255,5236,-1,5280,5267,5256,-1,5280,5256,5240,-1,5280,5281,5267,-1,5280,5240,5263,-1,5282,5238,5261,-1,5282,5257,5238,-1,5283,5258,5239,-1,5283,5239,5262,-1,5283,5278,5258,-1,5284,5259,5264,-1,5285,5260,5249,-1,5285,5249,5273,-1,5286,5242,5265,-1,5286,5261,5242,-1,5287,5245,5268,-1,5287,5262,5245,-1,5287,5283,5262,-1,5288,5246,5269,-1,5288,5263,5246,-1,5289,5247,5270,-1,5289,5264,5247,-1,5290,5265,5275,-1,5291,5253,5277,-1,5291,5268,5253,-1,5292,5250,5274,-1,5292,5269,5250,-1,5293,5272,5294,-1,5293,5270,5272,-1,5295,5273,5254,-1,5295,5254,5278,-1,5296,5274,5252,-1,5296,5252,5276,-1,5297,5255,5279,-1,5297,5275,5255,-1,5298,5276,5260,-1,5298,5260,5285,-1,5299,5257,5282,-1,5299,5277,5257,-1,5300,5278,5283,-1,5301,5259,5284,-1,5301,5279,5259,-1,5302,5281,5280,-1,5302,5280,5263,-1,5302,5303,5281,-1,5302,5263,5288,-1,5304,5282,5261,-1,5304,5299,5282,-1,5304,5261,5286,-1,5305,5283,5287,-1,5306,5284,5264,-1,5306,5264,5289,-1,5307,5285,5273,-1,5307,5273,5295,-1,5308,5265,5290,-1,5308,5286,5265,-1,5309,5287,5268,-1,5309,5268,5291,-1,5310,5288,5269,-1,5310,5311,5303,-1,5310,5312,5311,-1,5310,5302,5288,-1,5310,5303,5302,-1,5310,5269,5292,-1,5313,5270,5293,-1,5313,5289,5270,-1,5314,5290,5275,-1,5314,5275,5297,-1,5315,5277,5299,-1,5315,5291,5277,-1,5316,5292,5274,-1,5316,5274,5296,-1,5317,5293,5294,-1,5317,5294,5318,-1,5319,5278,5300,-1,5319,5295,5278,-1,5320,5316,5296,-1,5320,5276,5298,-1,5320,5296,5276,-1,5321,5279,5301,-1,5321,5297,5279,-1,5321,5314,5297,-1,5322,5285,5307,-1,5322,5320,5298,-1,5322,5298,5285,-1,5323,5299,5304,-1,5323,5315,5299,-1,5324,5300,5283,-1,5324,5283,5305,-1,5325,5301,5284,-1,5325,5284,5306,-1,5326,5304,5286,-1,5326,5286,5308,-1,5327,5287,5309,-1,5327,5305,5287,-1,5328,5289,5313,-1,5328,5306,5289,-1,5329,5295,5319,-1,5329,5307,5295,-1,5330,5290,5314,-1,5330,5308,5290,-1,5331,5309,5291,-1,5331,5291,5315,-1,5332,5312,5310,-1,5332,5310,5292,-1,5332,5292,5316,-1,5332,5333,5312,-1,5332,5316,5333,-1,5334,5293,5317,-1,5334,5313,5293,-1,5335,5330,5314,-1,5335,5314,5321,-1,5336,5315,5323,-1,5337,5320,5338,-1,5337,5339,5333,-1,5337,5338,5339,-1,5337,5316,5320,-1,5337,5333,5316,-1,5340,5317,5318,-1,5340,5318,5341,-1,5340,5341,5342,-1,5343,5300,5324,-1,5343,5324,5344,-1,5343,5344,5345,-1,5343,5319,5300,-1,5346,5338,5320,-1,5346,5347,5338,-1,5346,5320,5322,-1,5348,5301,5325,-1,5348,5321,5301,-1,5349,5346,5322,-1,5349,5307,5329,-1,5349,5329,5350,-1,5349,5322,5307,-1,5349,5350,5351,-1,5352,5336,5323,-1,5352,5304,5326,-1,5352,5323,5304,-1,5353,5324,5305,-1,5353,5344,5324,-1,5353,5305,5327,-1,5354,5325,5306,-1,5354,5306,5328,-1,5355,5308,5330,-1,5355,5326,5308,-1,5356,5327,5309,-1,5356,5309,5331,-1,5357,5328,5313,-1,5357,5313,5334,-1,5358,5319,5343,-1,5358,5329,5319,-1,5358,5350,5329,-1,5358,5345,5350,-1,5358,5343,5345,-1,5359,5330,5335,-1,5360,5315,5336,-1,5360,5331,5315,-1,5361,5334,5317,-1,5361,5317,5340,-1,5361,5357,5334,-1,5362,5335,5321,-1,5362,5321,5348,-1,5363,5336,5352,-1,5364,4558,3604,-1,5364,5340,5342,-1,5364,5342,4558,-1,5365,5366,5344,-1,5365,5344,5353,-1,5367,5368,5347,-1,5367,5351,5368,-1,5367,5346,5349,-1,5367,5347,5346,-1,5367,5349,5351,-1,5369,5348,5325,-1,5369,5325,5354,-1,5370,5326,5355,-1,5370,5352,5326,-1,5371,5327,5356,-1,5371,5353,5327,-1,5372,5354,5328,-1,5372,5328,5357,-1,5373,5330,5359,-1,5373,5355,5330,-1,5374,5356,5331,-1,5374,5331,5360,-1,5375,5357,5361,-1,5376,5359,5335,-1,5376,5335,5362,-1,5377,5336,5363,-1,5377,5360,5336,-1,5378,5364,3604,-1,5378,5361,5340,-1,5378,3604,3611,-1,5378,5340,5364,-1,5378,5375,5361,-1,5379,5348,5369,-1,5379,5376,5362,-1,5379,5362,5348,-1,5380,5352,5370,-1,5380,5363,5352,-1,5381,5353,5371,-1,5381,5365,5353,-1,5381,5366,5365,-1,5382,5369,5354,-1,5382,5354,5372,-1,5383,5370,5355,-1,5383,5380,5370,-1,5383,5355,5373,-1,5384,5371,5356,-1,5384,5356,5374,-1,5385,5357,5375,-1,5385,5372,5357,-1,5386,5359,5376,-1,5386,5373,5359,-1,5387,5374,5360,-1,5387,5360,5377,-1,5388,5378,3611,-1,5388,3611,3614,-1,5388,5375,5378,-1,5389,5390,5366,-1,5389,5366,5381,-1,5391,5376,5379,-1,5392,5377,5363,-1,5392,5363,5380,-1,5393,5379,5369,-1,5393,5369,5382,-1,5394,5380,5383,-1,5395,5371,5384,-1,5395,5389,5381,-1,5395,5381,5371,-1,5396,5382,5372,-1,5396,5372,5385,-1,5397,5398,5390,-1,5397,5390,5389,-1,5399,5383,5373,-1,5399,5373,5386,-1,5400,5374,5387,-1,5400,5384,5374,-1,5401,5385,5375,-1,5401,5375,5388,-1,5401,5388,3614,-1,5401,3614,3618,-1,5402,5386,5376,-1,5402,5376,5391,-1,5403,5400,5387,-1,5403,5387,5377,-1,5403,5377,5392,-1,5404,5389,5395,-1,5404,5397,5389,-1,5405,5379,5393,-1,5405,5402,5391,-1,5405,5391,5379,-1,5406,5392,5380,-1,5406,5380,5394,-1,5407,5393,5382,-1,5407,5382,5396,-1,5407,5405,5393,-1,5408,5383,5399,-1,5408,5394,5383,-1,5408,5406,5394,-1,5409,5395,5384,-1,5409,5384,5400,-1,5409,5404,5395,-1,5410,5401,3618,-1,5410,5385,5401,-1,5410,5396,5385,-1,5410,3618,3623,-1,5411,5412,5398,-1,5411,5397,5404,-1,5411,5398,5397,-1,5413,5386,5402,-1,5413,5399,5386,-1,5414,5400,5403,-1,5415,5402,5405,-1,5416,5403,5392,-1,5416,5392,5406,-1,5417,5404,5409,-1,5418,5405,5407,-1,5419,5406,5408,-1,5420,5396,5410,-1,5420,5410,3623,-1,5420,5418,5407,-1,5420,5407,5396,-1,5420,3623,3628,-1,5421,5408,5399,-1,5421,5399,5413,-1,5422,5409,5400,-1,5422,5400,5414,-1,5423,5424,5412,-1,5423,5412,5411,-1,5425,5404,5417,-1,5425,5411,5404,-1,5425,5423,5411,-1,5426,5402,5415,-1,5426,5413,5402,-1,5427,5422,5414,-1,5427,5414,5403,-1,5427,5403,5416,-1,5428,5405,5418,-1,5428,5415,5405,-1,5428,5426,5415,-1,5429,5406,5419,-1,5429,5416,5406,-1,5429,5427,5416,-1,5430,5417,5409,-1,5430,5409,5422,-1,5431,5418,5420,-1,5431,5428,5418,-1,5431,5420,3628,-1,5431,3628,3634,-1,5432,5419,5408,-1,5432,5408,5421,-1,5432,5429,5419,-1,5433,5413,5426,-1,5433,5421,5413,-1,5434,5422,5427,-1,5435,5436,5424,-1,5435,5423,5425,-1,5435,5424,5423,-1,5437,5425,5417,-1,5437,5417,5430,-1,5438,5426,5428,-1,5439,5427,5429,-1,5440,5438,5428,-1,5440,5428,5431,-1,5440,5431,3634,-1,5440,3634,3641,-1,5441,5429,5432,-1,5442,5430,5422,-1,5442,5422,5434,-1,5443,5432,5421,-1,5443,5421,5433,-1,5444,5426,5438,-1,5444,5433,5426,-1,5445,5446,5436,-1,5445,5436,5435,-1,5447,5434,5427,-1,5447,5427,5439,-1,5447,5442,5434,-1,5448,5425,5437,-1,5448,5435,5425,-1,5449,5437,5430,-1,5449,5430,5442,-1,5449,5448,5437,-1,5450,5440,3641,-1,5450,5438,5440,-1,5450,3641,3649,-1,5451,5447,5439,-1,5451,5439,5429,-1,5451,5429,5441,-1,5452,5441,5432,-1,5452,5432,5443,-1,5453,5442,5447,-1,5454,5433,5444,-1,5454,5443,5433,-1,5455,5444,5438,-1,5455,5438,5450,-1,5455,5450,3649,-1,5455,3649,3657,-1,5456,5457,5446,-1,5456,5445,5435,-1,5456,5435,5448,-1,5456,5446,5445,-1,5458,5447,5451,-1,5459,5448,5449,-1,5460,5442,5453,-1,5460,5449,5442,-1,5461,5441,5452,-1,5461,5451,5441,-1,5462,5452,5443,-1,5462,5461,5452,-1,5462,5443,5454,-1,5463,5453,5447,-1,5463,5447,5458,-1,5463,5460,5453,-1,5464,5444,5455,-1,5464,5454,5444,-1,5464,5455,3657,-1,5464,3657,3666,-1,5465,5456,5448,-1,5465,5448,5459,-1,5466,5451,5461,-1,5466,5458,5451,-1,5467,5459,5449,-1,5467,5449,5460,-1,5468,5460,5463,-1,5469,5461,5462,-1,5470,5462,5454,-1,5470,5454,5464,-1,5470,5464,3666,-1,5470,3666,3676,-1,5471,5458,5466,-1,5471,5463,5458,-1,5472,5473,5457,-1,5472,5474,5473,-1,5472,5457,5456,-1,5472,5456,5465,-1,5475,5465,5459,-1,5475,5459,5467,-1,5476,5466,5461,-1,5476,5461,5469,-1,5477,5467,5460,-1,5477,5460,5468,-1,5478,5463,5471,-1,5478,5468,5463,-1,5479,5469,5462,-1,5479,5462,5470,-1,5479,5476,5469,-1,5479,5470,3676,-1,5479,3676,3687,-1,5480,5478,5471,-1,5480,5471,5466,-1,5480,5466,5476,-1,5481,5465,5475,-1,5481,5474,5472,-1,5481,5472,5465,-1,5482,5475,5467,-1,5482,5467,5477,-1,5483,5479,3687,-1,5483,5476,5479,-1,5483,3687,3699,-1,5484,5477,5468,-1,5484,5482,5477,-1,5484,5468,5478,-1,5485,5478,5480,-1,5486,5487,5474,-1,5486,5474,5481,-1,5488,5476,5483,-1,5488,5483,3699,-1,5488,5480,5476,-1,5488,3699,3708,-1,5489,5481,5475,-1,5489,5475,5482,-1,5490,5482,5484,-1,5490,5489,5482,-1,5491,5484,5478,-1,5491,5478,5485,-1,5492,5491,5485,-1,5492,5485,5480,-1,5492,5480,5488,-1,5492,5488,3708,-1,5492,3708,3718,-1,5493,5487,5486,-1,5493,5494,5487,-1,5493,5495,5494,-1,5493,5486,5481,-1,5493,5481,5489,-1,5496,5489,5490,-1,5497,5490,5484,-1,5497,5484,5491,-1,5498,3718,3734,-1,5498,5491,5492,-1,5498,5492,3718,-1,5499,5495,5493,-1,5499,5493,5489,-1,5499,5489,5496,-1,5500,5499,5496,-1,5500,5496,5490,-1,5500,5490,5497,-1,5501,5502,5495,-1,5501,5495,5499,-1,5503,3734,3750,-1,5503,5498,3734,-1,5503,5497,5491,-1,5503,5491,5498,-1,5503,5500,5497,-1,5504,5499,5500,-1,5505,3750,3766,-1,5505,5503,3750,-1,5505,5500,5503,-1,5505,5504,5500,-1,5506,5507,5502,-1,5506,5502,5501,-1,5506,5501,5499,-1,5506,5499,5504,-1,5508,3766,3780,-1,5508,5506,5504,-1,5508,5505,3766,-1,5508,5504,5505,-1,5509,5508,3780,-1,5509,3780,4559,-1,5509,4559,5507,-1,5509,5507,5506,-1,5509,5506,5508,-1,5510,4538,4537,-1,4353,4375,5511,-1,4375,4401,5511,-1,4861,4860,5512,-1,4860,4871,5512,-1,5513,5514,5515,-1,5515,5514,5516,-1,5516,5514,5510,-1,4538,5514,4540,-1,5510,5514,4538,-1,4409,5517,4401,-1,5511,5517,5518,-1,4401,5517,5511,-1,4425,5519,4409,-1,4409,5519,5517,-1,5517,5519,5518,-1,5518,5520,5521,-1,5519,5520,5518,-1,4425,5520,5519,-1,4425,5522,5520,-1,4438,5522,4425,-1,5520,5522,5521,-1,4438,5523,5522,-1,5524,5525,5526,-1,5526,5525,5527,-1,5527,5528,5529,-1,5525,5528,5527,-1,5530,5531,5532,-1,5528,5531,5529,-1,5529,5531,5530,-1,5533,5534,5535,-1,5536,5534,5533,-1,5537,5534,5536,-1,4556,5534,5537,-1,4555,5534,4556,-1,5538,5539,5540,-1,5540,5539,5541,-1,5538,5542,5539,-1,5542,5543,5539,-1,5542,5544,5543,-1,5545,5546,5544,-1,4852,5547,4847,-1,4847,5547,5548,-1,5549,5550,5551,-1,4852,5550,5547,-1,5547,5550,5549,-1,4851,5552,4852,-1,5550,5552,5551,-1,4852,5552,5550,-1,5551,5553,5512,-1,4861,5553,4851,-1,5512,5553,4861,-1,5552,5553,5551,-1,4851,5553,5552,-1,5523,5554,5522,-1,5555,5554,5523,-1,5524,5554,5556,-1,5556,5554,5555,-1,5521,5554,5557,-1,5522,5554,5521,-1,5558,5559,5560,-1,5524,5561,5554,-1,5526,5561,5524,-1,5554,5561,5557,-1,5558,5561,5559,-1,5557,5561,5558,-1,5559,5561,5526,-1,5559,5562,5560,-1,5526,5562,5559,-1,5527,5562,5526,-1,5563,5564,5565,-1,5563,5566,5564,-1,5560,5566,5563,-1,5529,5567,5527,-1,5566,5567,5530,-1,5560,5567,5566,-1,5527,5567,5562,-1,5562,5567,5560,-1,5530,5567,5529,-1,5565,5568,5569,-1,5569,5568,5570,-1,5565,5571,5568,-1,5564,5571,5565,-1,5530,5572,5566,-1,5566,5572,5564,-1,5564,5572,5571,-1,5568,5573,5570,-1,4438,5574,5523,-1,5523,5574,5555,-1,4451,5574,4438,-1,5555,5574,5556,-1,4462,5575,4451,-1,4451,5575,5574,-1,4462,5576,5575,-1,5575,5576,5574,-1,5556,5576,5524,-1,5574,5576,5556,-1,5576,5577,5524,-1,4462,5577,5576,-1,5524,5577,5525,-1,5577,5578,5525,-1,4462,5578,5577,-1,5525,5578,5528,-1,4475,5578,4462,-1,4475,5579,5578,-1,5578,5579,5528,-1,5580,5581,5582,-1,4475,5583,5579,-1,5579,5583,5528,-1,4493,5583,4475,-1,5580,5584,4544,-1,4544,5584,4545,-1,5582,5584,5580,-1,5528,5585,5531,-1,4493,5585,5583,-1,5583,5585,5528,-1,5585,5586,5531,-1,5531,5586,5532,-1,5582,5587,5584,-1,5584,5587,4545,-1,4493,5588,5585,-1,5585,5588,5586,-1,5589,5590,5582,-1,5587,5590,4545,-1,5582,5590,5587,-1,5586,5591,5532,-1,5589,5592,5590,-1,5590,5592,4545,-1,4545,5592,4546,-1,5593,5592,5589,-1,5581,5594,5582,-1,5592,5595,4546,-1,5593,5595,5592,-1,5596,5597,5593,-1,5593,5597,5595,-1,5595,5597,4546,-1,5596,5598,5597,-1,5599,5598,5596,-1,5597,5598,4546,-1,4546,5598,4547,-1,5599,5600,5598,-1,5598,5600,4547,-1,5599,5601,5600,-1,5602,5601,5599,-1,5600,5601,4547,-1,5594,5603,5582,-1,5582,5603,5589,-1,5589,5603,5593,-1,5601,5604,4547,-1,4547,5604,4549,-1,5605,5604,5602,-1,5602,5604,5601,-1,5603,5606,5593,-1,5593,5606,5596,-1,5604,5607,4549,-1,5605,5607,5604,-1,5608,5609,5610,-1,5606,5611,5596,-1,5607,5612,4549,-1,5605,5612,5607,-1,5613,5612,5605,-1,5614,5615,5611,-1,5596,5615,5599,-1,5611,5615,5596,-1,5614,5616,5615,-1,5615,5616,5599,-1,5617,5618,5613,-1,5612,5618,4549,-1,5613,5618,5612,-1,4549,5618,4550,-1,5616,5619,5599,-1,5599,5619,5602,-1,5614,5619,5616,-1,5617,5620,5618,-1,5618,5620,4550,-1,5614,5621,5619,-1,5619,5621,5602,-1,5621,5622,5602,-1,5602,5622,5605,-1,5617,5623,5620,-1,5620,5623,4550,-1,4550,5623,4551,-1,5610,5624,5608,-1,5625,5624,5610,-1,5626,5624,5625,-1,5622,5627,5605,-1,5605,5627,5613,-1,4527,5628,4519,-1,5609,5628,5610,-1,5626,5629,5624,-1,5630,5629,5626,-1,5623,5631,4551,-1,5630,5632,5629,-1,5630,5633,5632,-1,5632,5633,5614,-1,5634,5633,5630,-1,4534,5635,4527,-1,4527,5635,5628,-1,5628,5635,5610,-1,5634,5636,5633,-1,5633,5636,5614,-1,5634,5637,5636,-1,5636,5637,5614,-1,5638,5637,5634,-1,4534,5639,5635,-1,5610,5639,5625,-1,5635,5639,5610,-1,4534,5640,5639,-1,5639,5640,5625,-1,5637,5641,5614,-1,5638,5641,5637,-1,5642,5643,5638,-1,5638,5643,5641,-1,3607,5644,4534,-1,5625,5644,5626,-1,4534,5644,5640,-1,5640,5644,5625,-1,5644,5645,5626,-1,3607,5645,5644,-1,3606,5646,3607,-1,5626,5646,5630,-1,3607,5646,5645,-1,5645,5646,5626,-1,5646,5647,5630,-1,5630,5647,5634,-1,3606,5647,5646,-1,3606,5648,5647,-1,5647,5648,5634,-1,4744,5649,3606,-1,5648,5649,5634,-1,3606,5649,5648,-1,5634,5649,5638,-1,4744,5650,5649,-1,5649,5650,5638,-1,5638,5650,5642,-1,4744,5651,5650,-1,5650,5651,5642,-1,4744,5652,5651,-1,5651,5652,5642,-1,5642,5652,5653,-1,4767,5654,4744,-1,4744,5654,5652,-1,5652,5654,5653,-1,4767,5655,5654,-1,4790,5655,4767,-1,5656,5657,5658,-1,5658,5657,5659,-1,5659,5660,5661,-1,5657,5660,5659,-1,5541,5662,5540,-1,5661,5663,5664,-1,5660,5663,5661,-1,5539,5665,5541,-1,5663,5665,5664,-1,5664,5666,5667,-1,5539,5666,5665,-1,5665,5666,5664,-1,5540,5668,5538,-1,5662,5668,5540,-1,5539,5669,5666,-1,5543,5669,5539,-1,5667,5670,5671,-1,5669,5670,5666,-1,5543,5670,5669,-1,5666,5670,5667,-1,5672,5673,5668,-1,4835,5673,5674,-1,5674,5673,5672,-1,4840,5673,4835,-1,5668,5673,5538,-1,5543,5675,5670,-1,5546,5675,5544,-1,5544,5675,5543,-1,5670,5675,5671,-1,5673,5676,5538,-1,5538,5676,5542,-1,4840,5676,5673,-1,5542,5677,5544,-1,5676,5677,5542,-1,4840,5677,5676,-1,5671,5678,5679,-1,5675,5678,5671,-1,5546,5678,5675,-1,5544,5680,5545,-1,5677,5680,5544,-1,4840,5680,5677,-1,4841,5680,4840,-1,5545,5681,5546,-1,5680,5681,5545,-1,4841,5681,5680,-1,5679,5682,5549,-1,5678,5682,5679,-1,5683,5682,5546,-1,5546,5682,5678,-1,5684,5682,5683,-1,5549,5682,5547,-1,5548,5682,5684,-1,5547,5682,5548,-1,5546,5685,5683,-1,4848,5685,4841,-1,5681,5685,5546,-1,4841,5685,5681,-1,4847,5686,4848,-1,5685,5686,5683,-1,4848,5686,5685,-1,5683,5686,5684,-1,5548,5686,4847,-1,5684,5686,5548,-1,5513,5687,5514,-1,5570,5687,5688,-1,5688,5687,5513,-1,5573,5687,5570,-1,5689,5687,5573,-1,5689,5690,5687,-1,5687,5690,5514,-1,5691,5690,5689,-1,5514,5690,4540,-1,4540,5690,4541,-1,5690,5692,4541,-1,5691,5692,5690,-1,5691,5693,5692,-1,5694,5693,5691,-1,5692,5693,4541,-1,5693,5695,4541,-1,5694,5695,5693,-1,4541,5695,4542,-1,5696,5695,5694,-1,5697,5698,5696,-1,5695,5698,4542,-1,5696,5698,5695,-1,5532,5699,5530,-1,5573,5699,5700,-1,5530,5699,5572,-1,5571,5699,5568,-1,5572,5699,5571,-1,5568,5699,5573,-1,5698,5701,4542,-1,5697,5701,5698,-1,5701,5702,4542,-1,5697,5702,5701,-1,5703,5702,5697,-1,5704,5705,5703,-1,5703,5705,5702,-1,5702,5705,4542,-1,4542,5705,4543,-1,5689,5706,5691,-1,5700,5706,5573,-1,5573,5706,5689,-1,5707,5708,5700,-1,5706,5708,5691,-1,5700,5708,5706,-1,5691,5708,5694,-1,5704,5709,5705,-1,5710,5709,5704,-1,5705,5709,4543,-1,5581,5711,5710,-1,5710,5711,5709,-1,5709,5711,4543,-1,5707,5712,5708,-1,5708,5712,5694,-1,4544,5713,5580,-1,5580,5713,5581,-1,4543,5713,4544,-1,5581,5713,5711,-1,5711,5713,4543,-1,5707,5714,5712,-1,5712,5714,5694,-1,5715,5714,5707,-1,5694,5714,5696,-1,5696,5716,5697,-1,5715,5716,5714,-1,5714,5716,5696,-1,5715,5717,5716,-1,5716,5717,5697,-1,5718,5719,5715,-1,5697,5719,5703,-1,5715,5719,5717,-1,5717,5719,5697,-1,5718,5720,5719,-1,5719,5720,5703,-1,5718,5721,5720,-1,5720,5721,5703,-1,5703,5721,5704,-1,5722,5721,5718,-1,5591,5723,5532,-1,5699,5723,5700,-1,5532,5723,5699,-1,5722,5724,5721,-1,5704,5724,5710,-1,5721,5724,5704,-1,5591,5725,5723,-1,5723,5725,5700,-1,5726,5725,5591,-1,5722,5727,5724,-1,5724,5727,5710,-1,5726,5728,5725,-1,5700,5728,5707,-1,5729,5728,5726,-1,5725,5728,5700,-1,5710,5730,5581,-1,5722,5730,5727,-1,5727,5730,5710,-1,5731,5730,5722,-1,5730,5732,5581,-1,5731,5732,5730,-1,5594,5732,5731,-1,5581,5732,5594,-1,5729,5733,5728,-1,5728,5733,5707,-1,5733,5734,5707,-1,5729,5734,5733,-1,5735,5734,5729,-1,5707,5734,5715,-1,5735,5736,5734,-1,5734,5736,5715,-1,5736,5737,5715,-1,5738,5737,5735,-1,5735,5737,5736,-1,5715,5739,5718,-1,5738,5739,5737,-1,5737,5739,5715,-1,5740,5739,5738,-1,5739,5741,5718,-1,5740,5741,5739,-1,4493,5742,5588,-1,4494,5742,4493,-1,5588,5742,5586,-1,5586,5742,5591,-1,5718,5743,5722,-1,5740,5743,5741,-1,5744,5743,5740,-1,5741,5743,5718,-1,4494,5745,5742,-1,5742,5745,5591,-1,5591,5745,5726,-1,5744,5746,5743,-1,5743,5746,5722,-1,5747,5748,5744,-1,5744,5748,5746,-1,5746,5748,5722,-1,5722,5748,5731,-1,4509,5749,4494,-1,4494,5749,5745,-1,5745,5749,5726,-1,5726,5749,5729,-1,5609,5750,5747,-1,5748,5750,5731,-1,5747,5750,5748,-1,5731,5751,5594,-1,5608,5752,5609,-1,5731,5752,5751,-1,5750,5752,5731,-1,5609,5752,5750,-1,5751,5752,5608,-1,4509,5753,5749,-1,5749,5753,5729,-1,5729,5753,5735,-1,5753,5754,5735,-1,4509,5754,5753,-1,4509,5755,5754,-1,5735,5755,5738,-1,5754,5755,5735,-1,4518,5756,4509,-1,4509,5756,5755,-1,5755,5756,5738,-1,5738,5756,5740,-1,5594,5757,5603,-1,5624,5757,5608,-1,5751,5757,5594,-1,5608,5757,5751,-1,4518,5758,5756,-1,5756,5758,5740,-1,5740,5758,5744,-1,5758,5759,5744,-1,4518,5759,5758,-1,5744,5760,5747,-1,4519,5760,4518,-1,5759,5760,5744,-1,4518,5760,5759,-1,5606,5761,5611,-1,5611,5761,5614,-1,5624,5761,5757,-1,5629,5761,5624,-1,5632,5761,5629,-1,5614,5761,5632,-1,5757,5761,5603,-1,5603,5761,5606,-1,5747,5762,5609,-1,5760,5762,5747,-1,4519,5762,5760,-1,4519,5763,5762,-1,5609,5763,5628,-1,5628,5763,4519,-1,5762,5763,5609,-1,5621,5764,5622,-1,5622,5764,5627,-1,5641,5764,5614,-1,5614,5764,5621,-1,5643,5764,5641,-1,5627,5764,5765,-1,5613,5766,5617,-1,5627,5766,5613,-1,5765,5766,5627,-1,5617,5766,5767,-1,5623,5768,5631,-1,5617,5768,5623,-1,5767,5768,5617,-1,5631,5768,5769,-1,4551,5770,4552,-1,5631,5770,4551,-1,5769,5770,5631,-1,5771,5770,5769,-1,5770,5772,4552,-1,5771,5772,5770,-1,5772,5773,4552,-1,5771,5773,5772,-1,5774,5773,5771,-1,5775,5776,5774,-1,5773,5776,4552,-1,4552,5776,4553,-1,5774,5776,5773,-1,5777,5778,5775,-1,5775,5778,5776,-1,5776,5778,4553,-1,5777,5779,5778,-1,5778,5779,4553,-1,5780,5781,5777,-1,5777,5781,5779,-1,5779,5781,4553,-1,5643,5782,5764,-1,5764,5782,5765,-1,5765,5782,5783,-1,5653,5782,5642,-1,5642,5782,5643,-1,5765,5784,5766,-1,5766,5784,5767,-1,5783,5784,5765,-1,5767,5784,5785,-1,5767,5786,5768,-1,5768,5786,5769,-1,5785,5786,5767,-1,5780,5787,5781,-1,5781,5787,4553,-1,5788,5787,5780,-1,4553,5787,4554,-1,5786,5789,5769,-1,5785,5789,5786,-1,5790,5789,5785,-1,5769,5789,5771,-1,5790,5791,5789,-1,5789,5791,5771,-1,5792,5793,5788,-1,5788,5793,5787,-1,5787,5793,4554,-1,5792,5794,5793,-1,5793,5794,4554,-1,4554,5794,4555,-1,4555,5794,5534,-1,5790,5795,5791,-1,5791,5795,5771,-1,5771,5795,5774,-1,5795,5796,5774,-1,5774,5796,5775,-1,5797,5796,5790,-1,5790,5796,5795,-1,5797,5798,5796,-1,5796,5798,5775,-1,5775,5799,5777,-1,5798,5799,5775,-1,5797,5799,5798,-1,5800,5799,5797,-1,5799,5801,5777,-1,5800,5801,5799,-1,5777,5802,5780,-1,5801,5802,5777,-1,5800,5802,5801,-1,5782,5803,5783,-1,5653,5803,5782,-1,5654,5803,5653,-1,5655,5803,5654,-1,5783,5803,5804,-1,5783,5805,5784,-1,5784,5805,5785,-1,5804,5805,5783,-1,5780,5806,5788,-1,5802,5806,5780,-1,5800,5806,5802,-1,5807,5806,5800,-1,5785,5808,5790,-1,5805,5808,5785,-1,5809,5808,5804,-1,5804,5808,5805,-1,5806,5810,5788,-1,5807,5810,5806,-1,5808,5811,5790,-1,5809,5811,5808,-1,5812,5811,5809,-1,5813,5814,5807,-1,5788,5814,5792,-1,5807,5814,5810,-1,5810,5814,5788,-1,5812,5815,5811,-1,5811,5815,5790,-1,5814,5816,5792,-1,5792,5816,5817,-1,5656,5816,5813,-1,5817,5816,5656,-1,5813,5816,5814,-1,5790,5818,5797,-1,5819,5818,5812,-1,5812,5818,5815,-1,5815,5818,5790,-1,5818,5820,5797,-1,5819,5820,5818,-1,5658,5821,5656,-1,5822,5821,5658,-1,5535,5821,5822,-1,5794,5821,5534,-1,5817,5821,5792,-1,5792,5821,5794,-1,5534,5821,5535,-1,5656,5821,5817,-1,5820,5823,5797,-1,5824,5823,5819,-1,5819,5823,5820,-1,5797,5823,5800,-1,5824,5825,5823,-1,5823,5825,5800,-1,5826,5825,5824,-1,5826,5827,5825,-1,5825,5827,5800,-1,4790,5828,5655,-1,5655,5828,5803,-1,5803,5828,5804,-1,5827,5829,5800,-1,5830,5829,5826,-1,5826,5829,5827,-1,5800,5829,5807,-1,4804,5831,4790,-1,5828,5831,5804,-1,4790,5831,5828,-1,5804,5831,5809,-1,5830,5832,5829,-1,5829,5832,5807,-1,5807,5833,5813,-1,5830,5833,5832,-1,5832,5833,5807,-1,5834,5833,5830,-1,4804,5835,5831,-1,5831,5835,5809,-1,5809,5835,5812,-1,5833,5836,5813,-1,5834,5836,5833,-1,5662,5836,5834,-1,5835,5837,5812,-1,4804,5837,5835,-1,5813,5838,5541,-1,5836,5838,5813,-1,5662,5838,5836,-1,5541,5838,5662,-1,5837,5839,5812,-1,4804,5839,5837,-1,5812,5839,5819,-1,4805,5840,4804,-1,4804,5840,5839,-1,5839,5840,5819,-1,5819,5840,5824,-1,5657,5841,5660,-1,5541,5841,5813,-1,5660,5841,5663,-1,5656,5841,5657,-1,5813,5841,5656,-1,5665,5841,5541,-1,5663,5841,5665,-1,4805,5842,5840,-1,5840,5842,5824,-1,5824,5842,5826,-1,4805,5843,5842,-1,5842,5843,5826,-1,5843,5844,5826,-1,5826,5844,5830,-1,4805,5844,5843,-1,4827,5845,4805,-1,4805,5845,5844,-1,5844,5845,5830,-1,5830,5845,5834,-1,4827,5846,5845,-1,5845,5846,5834,-1,5834,5846,5662,-1,5662,5847,5668,-1,5668,5847,5672,-1,5674,5847,4835,-1,5672,5847,5674,-1,4835,5847,4827,-1,5846,5847,5662,-1,4827,5847,5846,-1,3603,3602,4558,-1,5848,3603,4558,-1,5848,4558,5342,-1,5849,5848,5342,-1,5849,5342,5341,-1,5850,5849,5341,-1,5850,5341,5318,-1,5851,5850,5318,-1,5851,5318,5294,-1,5852,5851,5294,-1,5852,5294,5272,-1,5853,5272,5271,-1,5853,5852,5272,-1,5854,5271,5248,-1,5854,5853,5271,-1,5855,5248,5225,-1,5855,5854,5248,-1,5856,5225,5224,-1,5856,5855,5225,-1,5857,5224,5200,-1,5857,5856,5224,-1,5858,5200,5177,-1,5858,5857,5200,-1,5859,5177,5154,-1,5859,5858,5177,-1,5860,5154,5153,-1,5860,5859,5154,-1,5861,5153,5130,-1,5861,5860,5153,-1,5862,5130,5108,-1,5862,5861,5130,-1,5863,5108,5107,-1,5863,5862,5108,-1,5864,5863,5107,-1,5864,5107,5085,-1,5865,5864,5085,-1,5865,5085,5065,-1,5866,5865,5065,-1,5866,5065,5043,-1,5867,5866,5043,-1,5867,5043,5042,-1,5868,5867,5042,-1,5868,5042,5021,-1,5869,5868,5021,-1,5869,5021,5002,-1,5870,5869,5002,-1,5870,5002,5001,-1,5871,5870,5001,-1,5871,5001,4980,-1,5872,5871,4980,-1,5872,4980,4961,-1,5873,4961,4941,-1,5873,5872,4961,-1,5874,4941,4940,-1,5874,5873,4941,-1,5875,5874,4940,-1,5875,4940,4922,-1,5876,4922,4906,-1,5876,5875,4922,-1,5877,4906,4905,-1,5877,5876,4906,-1,5878,4905,4887,-1,5878,5877,4905,-1,5879,4887,4869,-1,5879,5878,4887,-1,5880,4869,4844,-1,5880,5879,4869,-1,5881,4844,4843,-1,5881,5880,4844,-1,5882,4843,4818,-1,5882,5881,4843,-1,5883,4818,4795,-1,5883,5882,4818,-1,5884,4795,4794,-1,5884,5883,4795,-1,5885,4794,4771,-1,5885,5884,4794,-1,5886,4771,4748,-1,5886,5885,4771,-1,5887,5886,4748,-1,5888,4725,4724,-1,5888,4748,4725,-1,5888,5887,4748,-1,5889,4724,4704,-1,5889,5888,4724,-1,5890,5889,4704,-1,5891,5890,4704,-1,5891,4704,4685,-1,5892,5891,4685,-1,5892,4684,4667,-1,5892,4685,4684,-1,5893,5892,4667,-1,5893,4667,4651,-1,5894,5893,4651,-1,5895,4637,4636,-1,5895,4651,4637,-1,5895,5894,4651,-1,5896,5895,4636,-1,5897,4623,4611,-1,5897,4636,4623,-1,5897,5896,4636,-1,5898,4611,4610,-1,5898,5897,4611,-1,5899,4610,4599,-1,5899,5898,4610,-1,5900,4599,4590,-1,5900,5899,4599,-1,5901,5900,4590,-1,5902,4590,4582,-1,5902,5901,4590,-1,5903,4582,4581,-1,5903,5902,4582,-1,5904,4574,4569,-1,5904,4581,4574,-1,5904,5903,4581,-1,5905,4569,4568,-1,5905,5904,4569,-1,5906,4568,4564,-1,5906,5905,4568,-1,5907,5906,4564,-1,5908,4564,4561,-1,5908,5907,4564,-1,5909,4557,3477,-1,5909,4561,4557,-1,5909,5908,4561,-1,3476,5909,3477,-1,5880,4548,5879,-1,5881,4548,5880,-1,5882,4548,5881,-1,5883,4548,5882,-1,5884,4548,5883,-1,5885,4548,5884,-1,5886,4548,5885,-1,5887,4548,5886,-1,5888,4548,5887,-1,5889,4548,5888,-1,5890,4548,5889,-1,5891,4548,5890,-1,5892,4548,5891,-1,5893,4548,5892,-1,5894,4548,5893,-1,5895,4548,5894,-1,5896,4548,5895,-1,5897,4548,5896,-1,5898,4548,5897,-1,5899,4548,5898,-1,5900,4548,5899,-1,5901,4548,5900,-1,5902,4548,5901,-1,5903,4548,5902,-1,5904,4548,5903,-1,5905,4548,5904,-1,5906,4548,5905,-1,5907,4548,5906,-1,5908,4548,5907,-1,5909,4548,5908,-1,3476,4548,5909,-1,3476,4539,4548,-1,3479,4539,3476,-1,3481,4539,3479,-1,3483,4539,3481,-1,3485,4539,3483,-1,3487,4539,3485,-1,3489,4539,3487,-1,3491,4539,3489,-1,3493,4539,3491,-1,3495,4539,3493,-1,3497,4539,3495,-1,3499,4539,3497,-1,3501,4539,3499,-1,3503,4539,3501,-1,3505,4539,3503,-1,3507,4539,3505,-1,5864,5910,5863,-1,5865,5910,5864,-1,5866,5910,5865,-1,5867,5910,5866,-1,5868,5910,5867,-1,5869,5910,5868,-1,5870,5910,5869,-1,5871,5910,5870,-1,5872,5910,5871,-1,5873,5910,5872,-1,5874,5910,5873,-1,5875,5910,5874,-1,5876,5910,5875,-1,5877,5910,5876,-1,5878,5910,5877,-1,5879,5910,5878,-1,4548,5910,5879,-1,3507,3509,4539,-1,5910,5862,5863,-1,3509,3511,4539,-1,5910,5861,5862,-1,3511,3513,4539,-1,5910,5860,5861,-1,3513,3515,4539,-1,5910,5859,5860,-1,3515,3517,4539,-1,5910,5858,5859,-1,3517,3519,4539,-1,5910,5857,5858,-1,3519,3521,4539,-1,5910,5856,5857,-1,3521,3523,4539,-1,5910,5855,5856,-1,3523,3525,4539,-1,5910,5854,5855,-1,3525,3527,4539,-1,5910,5853,5854,-1,3527,3529,4539,-1,5910,5852,5853,-1,3529,3531,4539,-1,5910,5851,5852,-1,3531,3533,4539,-1,5910,5850,5851,-1,3533,3535,4539,-1,5910,5849,5850,-1,3535,3537,4539,-1,5910,5848,5849,-1,3537,3539,4539,-1,5910,3603,5848,-1,5911,3603,5910,-1,4539,3541,5911,-1,3539,3541,4539,-1,5911,3600,3603,-1,3541,3542,5911,-1,5911,3599,3600,-1,3542,3545,5911,-1,5911,3596,3599,-1,3545,3546,5911,-1,5911,3594,3596,-1,3546,3549,5911,-1,5911,3593,3594,-1,3549,3550,5911,-1,5911,3591,3593,-1,3550,3553,5911,-1,5911,3588,3591,-1,3553,3554,5911,-1,5911,3587,3588,-1,3554,3557,5911,-1,5911,3584,3587,-1,3557,3559,5911,-1,5911,3583,3584,-1,3559,3560,5911,-1,5911,3580,3583,-1,3560,3563,5911,-1,5911,3579,3580,-1,3563,3565,5911,-1,5911,3577,3579,-1,3565,3567,5911,-1,5911,3575,3577,-1,3567,3569,5911,-1,5911,3572,3575,-1,3569,3571,5911,-1,5911,3571,3572,-1,5912,5913,5911,-1,5913,5914,5911,-1,5914,5915,5911,-1,5915,5916,5911,-1,5916,5917,5911,-1,5917,5918,5911,-1,5918,5919,5911,-1,5919,5920,5911,-1,5911,5921,4539,-1,5920,5921,5911,-1,5921,5922,4539,-1,5922,5923,4539,-1,5923,5924,4539,-1,5924,5925,4539,-1,5925,5926,4539,-1,5926,5927,4539,-1,5927,5928,4539,-1,5928,4537,4539,-1,4556,5929,4548,-1,5929,5930,4548,-1,5930,5931,4548,-1,5931,5932,4548,-1,5932,5933,4548,-1,5933,5934,4548,-1,5934,5935,4548,-1,5935,5936,4548,-1,4548,5937,5910,-1,5936,5937,4548,-1,5937,5938,5910,-1,5938,5939,5910,-1,5939,5940,5910,-1,5940,5941,5910,-1,5941,5942,5910,-1,5942,5943,5910,-1,5943,5944,5910,-1,5944,5945,5910,-1,5946,5913,5912,-1,3911,3928,5947,-1,3928,3937,5947,-1,4359,4354,5511,-1,4354,4353,5511,-1,5947,5948,5949,-1,3937,5948,5947,-1,3962,5948,3937,-1,5950,5951,5946,-1,5952,5951,5950,-1,5913,5951,5914,-1,5946,5951,5913,-1,5948,5953,5949,-1,3962,5953,5948,-1,3978,5954,3962,-1,5953,5954,5949,-1,3962,5954,5953,-1,3978,5955,5954,-1,5949,5955,5956,-1,5954,5955,5949,-1,3978,5957,5955,-1,3979,5957,3978,-1,5955,5958,5956,-1,5956,5958,5959,-1,5957,5958,5955,-1,3979,5960,5957,-1,5957,5960,5958,-1,5960,5961,5958,-1,5958,5961,5959,-1,5962,5963,5964,-1,5963,5965,5964,-1,5964,5965,5966,-1,5967,5968,5969,-1,5966,5970,5967,-1,5967,5970,5968,-1,5969,5971,5972,-1,5969,5973,5971,-1,5970,5973,5968,-1,5968,5973,5969,-1,5928,5974,4537,-1,5515,5974,5513,-1,5516,5974,5515,-1,5510,5974,5516,-1,4537,5974,5510,-1,5975,5976,5977,-1,5978,5976,5975,-1,5978,5979,5976,-1,5979,5980,5976,-1,5979,5981,5980,-1,5981,5982,5980,-1,5981,5983,5982,-1,4356,5984,5985,-1,4377,5984,4356,-1,5521,5986,5518,-1,5984,5986,5521,-1,4377,5986,5984,-1,5986,5987,5518,-1,4377,5987,5986,-1,4360,5987,4377,-1,5518,5988,5511,-1,5511,5988,4359,-1,5987,5988,5518,-1,4360,5988,5987,-1,4359,5988,4360,-1,5962,5989,5961,-1,5990,5989,5991,-1,5959,5989,5990,-1,5961,5989,5959,-1,5991,5992,5993,-1,5964,5994,5962,-1,5962,5994,5989,-1,5989,5994,5991,-1,5991,5994,5992,-1,5992,5994,5964,-1,5993,5995,5996,-1,5966,5997,5964,-1,5967,5997,5966,-1,5993,5997,5995,-1,5992,5997,5993,-1,5964,5997,5992,-1,5995,5997,5967,-1,5998,5999,6000,-1,5996,5999,5998,-1,5996,6001,5999,-1,5995,6001,5996,-1,5967,6002,5995,-1,5995,6002,6001,-1,6001,6002,5969,-1,5969,6002,5967,-1,6003,6004,6005,-1,6000,6004,6003,-1,6000,6006,6004,-1,5999,6007,6000,-1,6000,6007,6006,-1,6001,6008,5999,-1,5972,6008,5969,-1,5969,6008,6001,-1,5999,6008,6007,-1,6009,6010,6011,-1,3979,6012,5960,-1,5960,6012,5961,-1,3997,6012,3979,-1,5961,6013,5962,-1,6012,6013,5961,-1,3997,6013,6012,-1,5962,6013,5963,-1,6013,6014,5963,-1,5963,6014,5965,-1,4030,6014,3997,-1,3997,6014,6013,-1,6014,6015,5965,-1,4030,6015,6014,-1,6015,6016,5965,-1,4030,6016,6015,-1,4031,6016,4030,-1,5966,6017,5970,-1,5965,6017,5966,-1,4031,6017,6016,-1,6016,6017,5965,-1,4031,6018,6017,-1,6017,6018,5970,-1,5970,6018,5973,-1,6019,6020,6021,-1,5918,6022,5919,-1,6019,6022,5918,-1,6021,6022,6019,-1,4031,6023,6018,-1,6018,6023,5973,-1,4065,6023,4031,-1,5971,6024,5972,-1,6023,6024,5973,-1,5973,6024,5971,-1,6021,6025,6022,-1,6022,6025,5919,-1,6023,6026,6024,-1,4065,6027,6023,-1,6023,6027,6026,-1,6028,6029,6021,-1,6025,6029,5919,-1,6021,6029,6025,-1,6024,6030,5972,-1,6028,6031,6029,-1,5919,6031,5920,-1,6032,6031,6028,-1,6029,6031,5919,-1,6020,6033,6021,-1,6032,6034,6031,-1,6031,6034,5920,-1,6035,6036,6032,-1,6034,6036,5920,-1,6032,6036,6034,-1,5920,6037,5921,-1,6038,6037,6035,-1,6035,6037,6036,-1,6036,6037,5920,-1,6038,6039,6037,-1,6037,6039,5921,-1,6038,6040,6039,-1,6041,6040,6038,-1,6039,6040,5921,-1,6033,6042,6021,-1,6021,6042,6028,-1,6028,6042,6032,-1,6040,6043,5921,-1,6041,6043,6040,-1,5921,6043,5922,-1,6044,6043,6041,-1,6032,6045,6035,-1,6042,6045,6032,-1,6044,6046,6043,-1,6043,6046,5922,-1,6047,6048,6049,-1,6045,6050,6035,-1,6051,6052,6044,-1,6044,6052,6046,-1,6046,6052,5922,-1,6053,6054,6050,-1,6050,6054,6035,-1,6035,6054,6038,-1,6053,6055,6054,-1,6054,6055,6038,-1,5922,6056,5923,-1,6051,6056,6052,-1,6052,6056,5922,-1,6057,6056,6051,-1,6055,6058,6038,-1,6038,6058,6041,-1,6053,6058,6055,-1,6056,6059,5923,-1,6057,6059,6056,-1,6053,6060,6058,-1,6058,6060,6041,-1,6060,6061,6041,-1,6041,6061,6044,-1,5923,6062,5924,-1,6059,6062,5923,-1,6057,6062,6059,-1,6063,6064,6049,-1,6065,6064,6063,-1,6049,6064,6047,-1,6044,6066,6051,-1,6061,6066,6044,-1,6048,6067,6049,-1,4171,6067,4140,-1,6065,6068,6064,-1,6062,6069,5924,-1,6065,6070,6068,-1,6071,6070,6065,-1,4193,6072,4171,-1,6067,6072,6049,-1,4171,6072,6067,-1,6071,6073,6070,-1,6070,6073,6053,-1,6074,6075,6071,-1,6071,6075,6073,-1,6073,6075,6053,-1,4193,6076,6072,-1,6049,6076,6063,-1,6072,6076,6049,-1,6075,6077,6053,-1,6074,6077,6075,-1,4193,6078,6076,-1,6076,6078,6063,-1,6074,6079,6077,-1,6080,6079,6074,-1,6078,6081,6063,-1,4215,6081,4193,-1,6063,6081,6065,-1,4193,6081,6078,-1,6080,6082,6079,-1,6083,6082,6080,-1,6081,6084,6065,-1,4215,6084,6081,-1,6065,6084,6071,-1,4215,6085,6084,-1,6084,6085,6071,-1,4215,6086,6085,-1,4237,6086,4215,-1,6085,6086,6071,-1,6071,6086,6074,-1,4237,6087,6086,-1,6086,6087,6074,-1,6074,6087,6080,-1,6087,6088,6080,-1,4237,6088,6087,-1,6080,6089,6083,-1,6088,6089,6080,-1,4237,6089,6088,-1,4238,6089,4237,-1,6089,6090,6083,-1,4238,6090,6089,-1,6083,6090,6091,-1,4238,6092,6090,-1,6090,6092,6091,-1,4238,6093,6092,-1,6092,6093,6091,-1,4260,6093,4238,-1,4282,6094,4260,-1,4260,6094,6093,-1,5570,6095,5569,-1,6096,6095,5570,-1,5569,6097,5565,-1,6095,6097,5569,-1,5977,6098,5975,-1,6097,6099,5565,-1,5565,6099,5563,-1,6099,6100,5563,-1,5976,6100,5977,-1,6098,6101,5975,-1,5975,6101,5978,-1,6100,6102,5563,-1,5976,6102,6100,-1,5563,6102,5560,-1,5976,6103,6102,-1,5980,6103,5976,-1,6103,6104,6102,-1,6102,6104,5560,-1,5980,6104,6103,-1,5560,6104,5558,-1,6101,6105,5978,-1,6106,6105,6101,-1,6107,6105,6106,-1,4324,6105,6107,-1,4344,6105,4324,-1,6104,6108,5558,-1,5980,6108,6104,-1,5982,6108,5980,-1,6105,6109,5978,-1,5978,6109,5979,-1,4344,6109,6105,-1,5558,6110,5557,-1,5983,6110,5982,-1,6108,6110,5558,-1,5982,6110,6108,-1,6109,6111,5979,-1,4344,6111,6109,-1,5979,6112,5981,-1,6111,6112,5979,-1,4344,6112,6111,-1,4349,6112,4344,-1,5981,6113,5983,-1,6112,6113,5981,-1,4349,6113,6112,-1,5983,6114,6110,-1,5557,6114,5521,-1,5985,6114,6115,-1,6116,6114,5983,-1,6110,6114,5557,-1,6115,6114,6116,-1,5521,6114,5984,-1,5984,6114,5985,-1,6113,6117,5983,-1,5983,6117,6116,-1,4349,6117,6113,-1,4349,6118,6117,-1,4350,6118,4349,-1,6115,6119,5985,-1,4350,6119,6118,-1,6116,6119,6115,-1,5985,6119,4356,-1,6117,6119,6116,-1,6118,6119,6117,-1,4356,6119,4350,-1,6120,6121,5952,-1,6011,6121,6004,-1,6122,6121,6120,-1,6123,6121,6122,-1,6005,6121,6123,-1,5952,6121,5951,-1,6004,6121,6005,-1,6121,6124,5951,-1,6010,6124,6011,-1,6011,6124,6121,-1,6125,6126,6010,-1,5914,6126,5915,-1,5951,6126,5914,-1,6124,6126,5951,-1,6010,6126,6124,-1,6126,6127,5915,-1,6125,6127,6126,-1,6127,6128,5915,-1,6125,6128,6127,-1,6129,6128,6125,-1,6130,6131,6129,-1,5915,6131,5916,-1,6128,6131,5915,-1,6129,6131,6128,-1,6132,6133,6130,-1,6130,6133,6131,-1,6131,6133,5916,-1,5972,6134,6008,-1,6008,6134,6007,-1,6004,6134,6011,-1,6011,6134,6009,-1,6006,6134,6004,-1,6007,6134,6006,-1,6133,6135,5916,-1,6132,6135,6133,-1,6136,6137,6132,-1,6135,6137,5916,-1,6132,6137,6135,-1,6138,6139,6136,-1,5916,6139,5917,-1,6137,6139,5916,-1,6136,6139,6137,-1,6010,6140,6125,-1,6009,6140,6010,-1,6138,6141,6139,-1,6142,6141,6138,-1,6139,6141,5917,-1,6009,6143,6140,-1,6144,6143,6009,-1,6125,6143,6129,-1,6140,6143,6125,-1,6141,6145,5917,-1,6142,6145,6141,-1,6144,6146,6143,-1,6143,6146,6129,-1,6145,6147,5917,-1,6142,6147,6145,-1,5917,6147,5918,-1,5918,6147,6019,-1,6020,6147,6142,-1,6019,6147,6020,-1,6144,6148,6146,-1,6129,6148,6130,-1,6146,6148,6129,-1,6149,6148,6144,-1,6149,6150,6148,-1,6130,6150,6132,-1,6148,6150,6130,-1,6149,6151,6150,-1,6150,6151,6132,-1,6151,6152,6132,-1,6132,6152,6136,-1,6149,6152,6151,-1,6153,6152,6149,-1,6152,6154,6136,-1,6153,6154,6152,-1,6136,6155,6138,-1,6153,6155,6154,-1,6156,6155,6153,-1,6154,6155,6136,-1,5972,6157,6134,-1,6030,6157,5972,-1,6134,6157,6009,-1,6156,6158,6155,-1,6155,6158,6138,-1,6138,6158,6142,-1,6030,6159,6157,-1,6160,6159,6030,-1,6157,6159,6009,-1,6156,6161,6158,-1,6158,6161,6142,-1,6156,6162,6161,-1,6163,6162,6156,-1,6161,6162,6142,-1,6142,6162,6020,-1,6009,6164,6144,-1,6159,6164,6009,-1,6160,6164,6159,-1,6165,6164,6160,-1,6163,6166,6162,-1,6162,6166,6020,-1,6020,6166,6033,-1,6033,6166,6163,-1,6164,6167,6144,-1,6165,6167,6164,-1,6167,6168,6144,-1,6165,6168,6167,-1,6169,6168,6165,-1,6144,6168,6149,-1,6169,6170,6168,-1,6168,6170,6149,-1,6171,6172,6169,-1,6169,6172,6170,-1,6170,6172,6149,-1,6173,6174,6171,-1,6171,6174,6172,-1,6172,6174,6149,-1,6149,6174,6153,-1,6173,6175,6174,-1,6174,6175,6153,-1,4085,6176,4065,-1,6027,6176,6026,-1,6026,6176,6024,-1,4065,6176,6027,-1,6024,6176,6030,-1,6177,6178,6173,-1,6173,6178,6175,-1,6153,6178,6156,-1,6175,6178,6153,-1,6030,6179,6160,-1,4085,6179,6176,-1,6176,6179,6030,-1,6177,6180,6178,-1,6178,6180,6156,-1,6181,6182,6177,-1,6177,6182,6180,-1,6180,6182,6156,-1,6048,6183,6181,-1,6156,6183,6163,-1,6181,6183,6182,-1,6182,6183,6156,-1,6179,6184,6160,-1,4086,6184,4085,-1,6160,6184,6165,-1,4085,6184,6179,-1,6163,6185,6033,-1,6185,6186,6047,-1,6163,6186,6185,-1,6047,6186,6048,-1,6183,6186,6163,-1,6048,6186,6183,-1,6165,6187,6169,-1,4086,6187,6184,-1,6184,6187,6165,-1,4086,6188,6187,-1,6187,6188,6169,-1,6169,6189,6171,-1,4086,6189,6188,-1,6188,6189,6169,-1,6171,6190,6173,-1,6189,6190,6171,-1,4119,6190,4086,-1,4086,6190,6189,-1,6047,6191,6185,-1,6185,6191,6033,-1,6064,6191,6047,-1,6033,6191,6042,-1,6173,6192,6177,-1,6190,6192,6173,-1,4119,6192,6190,-1,4119,6193,6192,-1,6192,6193,6177,-1,6177,6194,6181,-1,6193,6194,6177,-1,4119,6194,6193,-1,6191,6195,6042,-1,6064,6195,6191,-1,6045,6195,6050,-1,6050,6195,6053,-1,6042,6195,6045,-1,6068,6195,6064,-1,6070,6195,6068,-1,6053,6195,6070,-1,4119,6196,6194,-1,6181,6196,6048,-1,6194,6196,6181,-1,4140,6196,4119,-1,6196,6197,6048,-1,4140,6197,6196,-1,6067,6197,4140,-1,6048,6197,6067,-1,6077,6198,6053,-1,6066,6198,6199,-1,6082,6198,6079,-1,6053,6198,6060,-1,6060,6198,6061,-1,6061,6198,6066,-1,6079,6198,6077,-1,6199,6200,6066,-1,6057,6200,6201,-1,6066,6200,6051,-1,6051,6200,6057,-1,6069,6202,6203,-1,6201,6202,6057,-1,6057,6202,6062,-1,6062,6202,6069,-1,6203,6204,6069,-1,5924,6204,5925,-1,6205,6204,6203,-1,6069,6204,5924,-1,6205,6206,6204,-1,6204,6206,5925,-1,6207,6208,6205,-1,6206,6208,5925,-1,6205,6208,6206,-1,5925,6209,5926,-1,6210,6209,6207,-1,6208,6209,5925,-1,6207,6209,6208,-1,6210,6211,6209,-1,6212,6211,6210,-1,6209,6211,5926,-1,6211,6213,5926,-1,6212,6213,6211,-1,6214,6215,6212,-1,6213,6215,5926,-1,6212,6215,6213,-1,6199,6216,6217,-1,6083,6216,6082,-1,6082,6216,6198,-1,6198,6216,6199,-1,6091,6216,6083,-1,6217,6218,6199,-1,6199,6218,6200,-1,6200,6218,6201,-1,6201,6218,6219,-1,6202,6220,6203,-1,6219,6220,6201,-1,6201,6220,6202,-1,5926,6221,5927,-1,6214,6221,6215,-1,6215,6221,5926,-1,6222,6221,6214,-1,6223,6224,6219,-1,6220,6224,6203,-1,6203,6224,6205,-1,6219,6224,6220,-1,6224,6225,6205,-1,6223,6225,6224,-1,6221,6226,5927,-1,6227,6226,6222,-1,6222,6226,6221,-1,6223,6228,6225,-1,6205,6228,6207,-1,6225,6228,6205,-1,5928,6229,5974,-1,5927,6229,5928,-1,6226,6229,5927,-1,6227,6229,6226,-1,6230,6231,6223,-1,6207,6231,6210,-1,6223,6231,6228,-1,6228,6231,6207,-1,6230,6232,6231,-1,6231,6232,6210,-1,6233,6234,6230,-1,6210,6234,6212,-1,6232,6234,6210,-1,6230,6234,6232,-1,6234,6235,6212,-1,6233,6235,6234,-1,6235,6236,6212,-1,6212,6236,6214,-1,6233,6236,6235,-1,6216,6237,6217,-1,6093,6237,6091,-1,6091,6237,6216,-1,6217,6237,6238,-1,6094,6237,6093,-1,6218,6239,6219,-1,6217,6239,6218,-1,6238,6239,6217,-1,6240,6241,6233,-1,6233,6241,6236,-1,6236,6241,6214,-1,6214,6241,6222,-1,6219,6242,6223,-1,6239,6242,6219,-1,6243,6242,6238,-1,6238,6242,6239,-1,6241,6244,6222,-1,6240,6244,6241,-1,6242,6245,6223,-1,6243,6245,6242,-1,6246,6245,6243,-1,6247,6248,6240,-1,6240,6248,6244,-1,6244,6248,6222,-1,6222,6248,6227,-1,6246,6249,6245,-1,6245,6249,6223,-1,6250,6251,6096,-1,6247,6251,6248,-1,6248,6251,6227,-1,6096,6251,6247,-1,6227,6251,6250,-1,6223,6252,6230,-1,6249,6252,6223,-1,6246,6252,6249,-1,6253,6252,6246,-1,6253,6254,6252,-1,6252,6254,6230,-1,6096,6255,6250,-1,5688,6255,5570,-1,5513,6255,5688,-1,6229,6255,5974,-1,6250,6255,6227,-1,6227,6255,6229,-1,5570,6255,6096,-1,5974,6255,5513,-1,6256,6257,6253,-1,6230,6257,6233,-1,6253,6257,6254,-1,6254,6257,6230,-1,6258,6259,6256,-1,6256,6259,6257,-1,6257,6259,6233,-1,6259,6260,6233,-1,6258,6260,6259,-1,6237,6261,6238,-1,6094,6261,6237,-1,4282,6261,6094,-1,6233,6262,6240,-1,6260,6262,6233,-1,6258,6262,6260,-1,6263,6262,6258,-1,6238,6264,6243,-1,4282,6264,6261,-1,4294,6264,4282,-1,6261,6264,6238,-1,6263,6265,6262,-1,6262,6265,6240,-1,6240,6266,6247,-1,6267,6266,6263,-1,6263,6266,6265,-1,6265,6266,6240,-1,6264,6268,6243,-1,4294,6268,6264,-1,6243,6268,6246,-1,6267,6269,6266,-1,6098,6269,6267,-1,6266,6269,6247,-1,4294,6270,6268,-1,6268,6270,6246,-1,5977,6271,6098,-1,6247,6271,5977,-1,6098,6271,6269,-1,6269,6271,6247,-1,4294,6272,6270,-1,6270,6272,6246,-1,6246,6272,6253,-1,6253,6273,6256,-1,4315,6273,4294,-1,4294,6273,6272,-1,6272,6273,6253,-1,6096,6274,6095,-1,6099,6274,6100,-1,6095,6274,6097,-1,5977,6274,6247,-1,6097,6274,6099,-1,6100,6274,5977,-1,6247,6274,6096,-1,6256,6275,6258,-1,6273,6275,6256,-1,4315,6275,6273,-1,6275,6276,6258,-1,4315,6276,6275,-1,6258,6277,6263,-1,6276,6277,6258,-1,4315,6277,6276,-1,6263,6278,6267,-1,4323,6278,4315,-1,6277,6278,6263,-1,4315,6278,6277,-1,6267,6279,6098,-1,6278,6279,6267,-1,4323,6279,6278,-1,4323,6280,6279,-1,6279,6280,6098,-1,6098,6280,6101,-1,6101,6280,6106,-1,6106,6280,6107,-1,6107,6280,4324,-1,4324,6280,4323,-1,5945,6281,5910,-1,6281,6282,5910,-1,6282,6283,5910,-1,6283,6284,5910,-1,6284,6285,5910,-1,6285,6286,5910,-1,6286,6287,5910,-1,6287,6288,5910,-1,5910,6289,5911,-1,6288,6289,5910,-1,6289,6290,5911,-1,6290,6291,5911,-1,6291,6292,5911,-1,6292,6293,5911,-1,6293,6294,5911,-1,6294,6295,5911,-1,6295,6296,5911,-1,6296,5912,5911,-1,5537,5929,4556,-1,4871,4889,5512,-1,4889,4898,5512,-1,5350,5345,6297,-1,5345,5344,6297,-1,5929,6298,5930,-1,5535,6298,5533,-1,5533,6298,5536,-1,5536,6298,5537,-1,5537,6298,5929,-1,4898,6299,5512,-1,4926,6299,4898,-1,5512,6299,5551,-1,4944,6300,4926,-1,4926,6300,6299,-1,6299,6300,5551,-1,6300,6301,5551,-1,5551,6301,5549,-1,4944,6301,6300,-1,4945,6302,4944,-1,4944,6302,6301,-1,6301,6302,5549,-1,4945,6303,6302,-1,6304,6305,6306,-1,6307,6305,6304,-1,6306,6308,6309,-1,6305,6308,6306,-1,6309,6310,6311,-1,6308,6310,6309,-1,6311,6310,6312,-1,5944,6313,5945,-1,5945,6313,6314,-1,6314,6313,6315,-1,6315,6313,6316,-1,6316,6313,6317,-1,6318,6319,6320,-1,6321,6319,6318,-1,6321,6322,6319,-1,6321,6323,6322,-1,6322,6324,6319,-1,6323,6324,6322,-1,6323,6325,6324,-1,6326,6327,6325,-1,6326,6328,6327,-1,6329,6330,6328,-1,6331,6332,6333,-1,5347,6334,6335,-1,6335,6334,6332,-1,5368,6334,5347,-1,6333,6336,6337,-1,6332,6336,6333,-1,6334,6336,6332,-1,5368,6336,6334,-1,6336,6338,6337,-1,5368,6338,6336,-1,5351,6338,5368,-1,6338,6339,6337,-1,5351,6339,6338,-1,6337,6340,6297,-1,6297,6340,5350,-1,6339,6340,6337,-1,5351,6340,6339,-1,5350,6340,5351,-1,6303,6341,6302,-1,6342,6341,6343,-1,6302,6341,5549,-1,6307,6341,6342,-1,6343,6341,6303,-1,5549,6341,5679,-1,5671,6344,5667,-1,6304,6345,6307,-1,6307,6345,6341,-1,6341,6345,5679,-1,5671,6345,6344,-1,5679,6345,5671,-1,6344,6345,6304,-1,6306,6346,6304,-1,6344,6346,5667,-1,6304,6346,6344,-1,5664,6347,5661,-1,5667,6348,5664,-1,5664,6348,6347,-1,6311,6349,6309,-1,6306,6349,6346,-1,6309,6349,6306,-1,6346,6349,5667,-1,5667,6349,6348,-1,6348,6349,6311,-1,5661,6350,5659,-1,5659,6350,5658,-1,6347,6351,5661,-1,5661,6351,6350,-1,6348,6352,6347,-1,6347,6352,6351,-1,6311,6352,6348,-1,6350,6353,5658,-1,6343,6354,6342,-1,4964,6354,4945,-1,4945,6354,6303,-1,6303,6354,6343,-1,4964,6355,6354,-1,4998,6355,4964,-1,6355,6356,6354,-1,4998,6356,6355,-1,6354,6356,6342,-1,6342,6356,6307,-1,4998,6357,6356,-1,6307,6357,6305,-1,6356,6357,6307,-1,4998,6358,6357,-1,6357,6358,6305,-1,4999,6358,4998,-1,6305,6358,6308,-1,4999,6359,6358,-1,6358,6359,6308,-1,6360,6361,6362,-1,4999,6363,6359,-1,6359,6363,6308,-1,5036,6363,4999,-1,5934,6364,5935,-1,6360,6364,5934,-1,6362,6364,6360,-1,6363,6365,6308,-1,5036,6365,6363,-1,6308,6365,6310,-1,6365,6366,6310,-1,6310,6366,6312,-1,6362,6367,6364,-1,6364,6367,5935,-1,6365,6368,6366,-1,5036,6368,6365,-1,6367,6369,5935,-1,6362,6369,6367,-1,6370,6369,6362,-1,6366,6371,6312,-1,5935,6372,5936,-1,6373,6372,6370,-1,6369,6372,5935,-1,6370,6372,6369,-1,6361,6374,6362,-1,6373,6375,6372,-1,6372,6375,5936,-1,6375,6376,5936,-1,6377,6376,6373,-1,6373,6376,6375,-1,5936,6378,5937,-1,6379,6378,6377,-1,6376,6378,5936,-1,6377,6378,6376,-1,6379,6380,6378,-1,6378,6380,5937,-1,6381,6382,6379,-1,6380,6382,5937,-1,6379,6382,6380,-1,6370,6383,6373,-1,6362,6383,6370,-1,6374,6383,6362,-1,6382,6384,5937,-1,5937,6384,5938,-1,6385,6384,6381,-1,6381,6384,6382,-1,6373,6386,6377,-1,6383,6386,6373,-1,6385,6387,6384,-1,6384,6387,5938,-1,6388,6389,6390,-1,6386,6391,6377,-1,6392,6393,6385,-1,6385,6393,6387,-1,6387,6393,5938,-1,6391,6394,6377,-1,6395,6394,6391,-1,6377,6394,6379,-1,6395,6396,6394,-1,6394,6396,6379,-1,6393,6397,5938,-1,5938,6397,5939,-1,6392,6397,6393,-1,6398,6397,6392,-1,6379,6399,6381,-1,6395,6399,6396,-1,6396,6399,6379,-1,6397,6400,5939,-1,6398,6400,6397,-1,6399,6401,6381,-1,6395,6401,6399,-1,6401,6402,6381,-1,6381,6402,6385,-1,5939,6403,5940,-1,6398,6403,6400,-1,6400,6403,5939,-1,6390,6404,6388,-1,6405,6404,6390,-1,6406,6404,6405,-1,6385,6407,6392,-1,6402,6407,6385,-1,6389,6408,6390,-1,5149,6408,5117,-1,6406,6409,6404,-1,6403,6410,5940,-1,6406,6411,6409,-1,6412,6411,6406,-1,5173,6413,5149,-1,6408,6413,6390,-1,5149,6413,6408,-1,6412,6414,6411,-1,6411,6414,6395,-1,6415,6416,6412,-1,6412,6416,6414,-1,6414,6416,6395,-1,6390,6417,6405,-1,5173,6417,6413,-1,6413,6417,6390,-1,6415,6418,6416,-1,6416,6418,6395,-1,5173,6419,6417,-1,6417,6419,6405,-1,6420,6421,6415,-1,6415,6421,6418,-1,5196,6422,5173,-1,5173,6422,6419,-1,6405,6422,6406,-1,6419,6422,6405,-1,6423,6424,6420,-1,6420,6424,6421,-1,6422,6425,6406,-1,5196,6425,6422,-1,6406,6425,6412,-1,6425,6426,6412,-1,5196,6426,6425,-1,6426,6427,6412,-1,5219,6427,5196,-1,6412,6427,6415,-1,5196,6427,6426,-1,5219,6428,6427,-1,6427,6428,6415,-1,6415,6428,6420,-1,5219,6429,6428,-1,6428,6429,6420,-1,5219,6430,6429,-1,5220,6430,5219,-1,6429,6430,6420,-1,6420,6430,6423,-1,5220,6431,6430,-1,6430,6431,6423,-1,6423,6431,6432,-1,5220,6433,6431,-1,6431,6433,6432,-1,5220,6434,6433,-1,5244,6434,5220,-1,6433,6434,6432,-1,5267,6435,5244,-1,5244,6435,6434,-1,6436,6437,6438,-1,6439,6437,6436,-1,6437,6440,6438,-1,6438,6440,6441,-1,6441,6440,6442,-1,6320,6443,6318,-1,6440,6444,6442,-1,6444,6445,6442,-1,6446,6445,6444,-1,6442,6445,6447,-1,6447,6445,6448,-1,6446,6449,6445,-1,6445,6449,6448,-1,6319,6449,6446,-1,6443,6450,6318,-1,6318,6450,6321,-1,6319,6451,6449,-1,6324,6451,6319,-1,6449,6452,6448,-1,6451,6452,6449,-1,6448,6452,6453,-1,6324,6452,6451,-1,6450,6454,6321,-1,6455,6454,6450,-1,6456,6454,6455,-1,5312,6454,6456,-1,5333,6454,5312,-1,6327,6457,6325,-1,6452,6457,6453,-1,6324,6457,6452,-1,6325,6457,6324,-1,6321,6458,6323,-1,6454,6458,6321,-1,5333,6458,6454,-1,6327,6459,6457,-1,6453,6459,6460,-1,6457,6459,6453,-1,6458,6461,6323,-1,6323,6461,6325,-1,6325,6461,6326,-1,5333,6461,6458,-1,6460,6462,6463,-1,6327,6462,6459,-1,6328,6462,6327,-1,6459,6462,6460,-1,6461,6464,6326,-1,5333,6464,6461,-1,5339,6464,5333,-1,6326,6465,6328,-1,6464,6465,6326,-1,5339,6465,6464,-1,6328,6466,6462,-1,6330,6466,6328,-1,6463,6466,6331,-1,6462,6466,6463,-1,6335,6466,6330,-1,6331,6466,6332,-1,6332,6466,6335,-1,6465,6467,6328,-1,6328,6467,6329,-1,5339,6467,6465,-1,5339,6468,6467,-1,5338,6468,5339,-1,6329,6469,6330,-1,6467,6469,6329,-1,6330,6469,6335,-1,6335,6469,5347,-1,6468,6469,6467,-1,5347,6469,5338,-1,5338,6469,6468,-1,6470,6471,6353,-1,5658,6471,5822,-1,5822,6471,5535,-1,5535,6471,6298,-1,6353,6471,5658,-1,6471,6472,6298,-1,5930,6472,5931,-1,6298,6472,5930,-1,6473,6472,6470,-1,6470,6472,6471,-1,6473,6474,6472,-1,6472,6474,5931,-1,6475,6476,6473,-1,6474,6476,5931,-1,6473,6476,6474,-1,5931,6477,5932,-1,6478,6477,6475,-1,6475,6477,6476,-1,6476,6477,5931,-1,6479,6480,6478,-1,6478,6480,6477,-1,6477,6480,5932,-1,6350,6481,6353,-1,6312,6481,6311,-1,6482,6481,6312,-1,6351,6481,6350,-1,6311,6481,6352,-1,6352,6481,6351,-1,6479,6483,6480,-1,6480,6483,5932,-1,6483,6484,5932,-1,6485,6484,6479,-1,6479,6484,6483,-1,6486,6487,6485,-1,5932,6487,5933,-1,6485,6487,6484,-1,6484,6487,5932,-1,6353,6488,6470,-1,6470,6488,6473,-1,6481,6488,6353,-1,6482,6488,6481,-1,6489,6490,6486,-1,6487,6490,5933,-1,6486,6490,6487,-1,6473,6491,6475,-1,6488,6491,6473,-1,6492,6491,6482,-1,6482,6491,6488,-1,6490,6493,5933,-1,6489,6493,6490,-1,6492,6494,6491,-1,6491,6494,6475,-1,6489,6495,6493,-1,5933,6495,5934,-1,5934,6495,6360,-1,6361,6495,6489,-1,6360,6495,6361,-1,6493,6495,5933,-1,6494,6496,6475,-1,6492,6496,6494,-1,6475,6496,6478,-1,6497,6496,6492,-1,6497,6498,6496,-1,6496,6498,6478,-1,6478,6498,6479,-1,6498,6499,6479,-1,6497,6499,6498,-1,6479,6500,6485,-1,6497,6500,6499,-1,6499,6500,6479,-1,6501,6500,6497,-1,6500,6502,6485,-1,6501,6502,6500,-1,6485,6503,6486,-1,6502,6503,6485,-1,6501,6503,6502,-1,6504,6503,6501,-1,6312,6505,6482,-1,6371,6505,6312,-1,6486,6506,6489,-1,6503,6506,6486,-1,6504,6506,6503,-1,6505,6507,6482,-1,6508,6507,6371,-1,6371,6507,6505,-1,6504,6509,6506,-1,6506,6509,6489,-1,6510,6511,6504,-1,6504,6511,6509,-1,6489,6511,6361,-1,6509,6511,6489,-1,6482,6512,6492,-1,6507,6512,6482,-1,6508,6512,6507,-1,6513,6512,6508,-1,6510,6514,6511,-1,6511,6514,6361,-1,6361,6514,6374,-1,6374,6514,6510,-1,6512,6515,6492,-1,6513,6515,6512,-1,6513,6516,6515,-1,6517,6516,6513,-1,6492,6516,6497,-1,6515,6516,6492,-1,6516,6518,6497,-1,6517,6518,6516,-1,6519,6520,6517,-1,6518,6520,6497,-1,6517,6520,6518,-1,6521,6522,6519,-1,6497,6522,6501,-1,6519,6522,6520,-1,6520,6522,6497,-1,6521,6523,6522,-1,6522,6523,6501,-1,6368,6524,6366,-1,5058,6524,5036,-1,6366,6524,6371,-1,5036,6524,6368,-1,6525,6526,6521,-1,6521,6526,6523,-1,6523,6526,6501,-1,6501,6526,6504,-1,5058,6527,6524,-1,6371,6527,6508,-1,6524,6527,6371,-1,6525,6528,6526,-1,6526,6528,6504,-1,6525,6529,6528,-1,6528,6529,6504,-1,6530,6529,6525,-1,6504,6531,6510,-1,6529,6531,6504,-1,6389,6531,6530,-1,6530,6531,6529,-1,5058,6532,6527,-1,5059,6532,5058,-1,6508,6532,6513,-1,6527,6532,6508,-1,6510,6533,6374,-1,6388,6534,6389,-1,6531,6534,6510,-1,6389,6534,6531,-1,6533,6534,6388,-1,6510,6534,6533,-1,6513,6535,6517,-1,5059,6535,6532,-1,6532,6535,6513,-1,5059,6536,6535,-1,6535,6536,6517,-1,6536,6537,6517,-1,6517,6537,6519,-1,5059,6537,6536,-1,6519,6538,6521,-1,6537,6538,6519,-1,5059,6538,6537,-1,5094,6538,5059,-1,6404,6539,6388,-1,6374,6539,6383,-1,6388,6539,6533,-1,6533,6539,6374,-1,6538,6540,6521,-1,6521,6540,6525,-1,5094,6540,6538,-1,6540,6541,6525,-1,5094,6541,6540,-1,6541,6542,6525,-1,5094,6542,6541,-1,6525,6542,6530,-1,6404,6543,6539,-1,6539,6543,6383,-1,6386,6543,6391,-1,6391,6543,6395,-1,6409,6543,6404,-1,6411,6543,6409,-1,6395,6543,6411,-1,6383,6543,6386,-1,5094,6544,6542,-1,6542,6544,6530,-1,5117,6544,5094,-1,6530,6544,6389,-1,5117,6545,6544,-1,6544,6545,6389,-1,6408,6545,5117,-1,6389,6545,6408,-1,6424,6546,6421,-1,6407,6546,6547,-1,6401,6546,6402,-1,6418,6546,6395,-1,6402,6546,6407,-1,6395,6546,6401,-1,6421,6546,6418,-1,6547,6548,6407,-1,6407,6548,6392,-1,6392,6548,6398,-1,6398,6548,6549,-1,6410,6550,6551,-1,6403,6550,6410,-1,6398,6550,6403,-1,6549,6550,6398,-1,6410,6552,5940,-1,5940,6552,5941,-1,6551,6552,6410,-1,6553,6552,6551,-1,6552,6554,5941,-1,6553,6554,6552,-1,6554,6555,5941,-1,6553,6555,6554,-1,6556,6555,6553,-1,5941,6557,5942,-1,6558,6557,6556,-1,6556,6557,6555,-1,6555,6557,5941,-1,6558,6559,6557,-1,6560,6559,6558,-1,6557,6559,5942,-1,6559,6561,5942,-1,6560,6561,6559,-1,6562,6563,6560,-1,6561,6563,5942,-1,6560,6563,6561,-1,6547,6564,6565,-1,6546,6564,6547,-1,6423,6564,6424,-1,6432,6564,6423,-1,6424,6564,6546,-1,6547,6566,6548,-1,6549,6566,6567,-1,6548,6566,6549,-1,6565,6566,6547,-1,6567,6568,6549,-1,6550,6568,6551,-1,6549,6568,6550,-1,5942,6569,5943,-1,6563,6569,5942,-1,6562,6569,6563,-1,6570,6569,6562,-1,6567,6571,6568,-1,6551,6571,6553,-1,6572,6571,6567,-1,6568,6571,6551,-1,6571,6573,6553,-1,6572,6573,6571,-1,6569,6574,5943,-1,6575,6574,6570,-1,6570,6574,6569,-1,6553,6576,6556,-1,6573,6576,6553,-1,6572,6576,6573,-1,5943,6577,5944,-1,6574,6577,5943,-1,5944,6577,6313,-1,6575,6577,6574,-1,6556,6578,6558,-1,6576,6578,6556,-1,6572,6578,6576,-1,6579,6578,6572,-1,6579,6580,6578,-1,6578,6580,6558,-1,6581,6582,6579,-1,6558,6582,6560,-1,6579,6582,6580,-1,6580,6582,6558,-1,6582,6583,6560,-1,6581,6583,6582,-1,6560,6584,6562,-1,6583,6584,6560,-1,6581,6584,6583,-1,6432,6585,6564,-1,6435,6585,6434,-1,6565,6585,6586,-1,6434,6585,6432,-1,6564,6585,6565,-1,6566,6587,6567,-1,6565,6587,6566,-1,6586,6587,6565,-1,6588,6589,6581,-1,6584,6589,6562,-1,6562,6589,6570,-1,6581,6589,6584,-1,6586,6590,6587,-1,6567,6590,6572,-1,6591,6590,6586,-1,6587,6590,6567,-1,6588,6592,6589,-1,6589,6592,6570,-1,6591,6593,6590,-1,6590,6593,6572,-1,6594,6593,6591,-1,6588,6595,6592,-1,6596,6595,6588,-1,6570,6595,6575,-1,6592,6595,6570,-1,6593,6597,6572,-1,6594,6597,6593,-1,6596,6598,6595,-1,6595,6598,6575,-1,6575,6598,6599,-1,6439,6598,6596,-1,6599,6598,6439,-1,6597,6600,6572,-1,6601,6600,6594,-1,6594,6600,6597,-1,6572,6600,6579,-1,6600,6602,6579,-1,6601,6602,6600,-1,6317,6603,6604,-1,6604,6603,6436,-1,6599,6603,6575,-1,6436,6603,6439,-1,6439,6603,6599,-1,6577,6603,6313,-1,6575,6603,6577,-1,6313,6603,6317,-1,6579,6605,6581,-1,6601,6605,6602,-1,6602,6605,6579,-1,6606,6605,6601,-1,6605,6607,6581,-1,6606,6607,6605,-1,6608,6607,6606,-1,6607,6609,6581,-1,6608,6609,6607,-1,6585,6610,6586,-1,6435,6610,6585,-1,5267,6610,6435,-1,6581,6611,6588,-1,6609,6611,6581,-1,6608,6611,6609,-1,6612,6611,6608,-1,5267,6613,6610,-1,5281,6613,5267,-1,6586,6613,6591,-1,6610,6613,6586,-1,6611,6614,6588,-1,6612,6614,6611,-1,6615,6616,6612,-1,6588,6616,6596,-1,6612,6616,6614,-1,6614,6616,6588,-1,6613,6617,6591,-1,5281,6617,6613,-1,6591,6617,6594,-1,6615,6618,6616,-1,6443,6618,6615,-1,6616,6618,6596,-1,6617,6619,6594,-1,5281,6619,6617,-1,6320,6620,6443,-1,6596,6620,6320,-1,6443,6620,6618,-1,6618,6620,6596,-1,5281,6621,6619,-1,6594,6621,6601,-1,6619,6621,6594,-1,5303,6622,5281,-1,5281,6622,6621,-1,6621,6622,6601,-1,6601,6622,6606,-1,6444,6623,6446,-1,6437,6623,6440,-1,6446,6623,6319,-1,6320,6623,6596,-1,6319,6623,6320,-1,6596,6623,6439,-1,6439,6623,6437,-1,6440,6623,6444,-1,5303,6624,6622,-1,6622,6624,6606,-1,6606,6624,6608,-1,6624,6625,6608,-1,5303,6625,6624,-1,5303,6626,6625,-1,6625,6626,6608,-1,6608,6626,6612,-1,6612,6627,6615,-1,6626,6627,6612,-1,5311,6627,5303,-1,5303,6627,6626,-1,6615,6628,6443,-1,5311,6628,6627,-1,6627,6628,6615,-1,6450,6629,6455,-1,6628,6629,6443,-1,6455,6629,6456,-1,6443,6629,6450,-1,6456,6629,5312,-1,5312,6629,5311,-1,5311,6629,6628,-1,6314,6281,5945,-1,5344,5366,6297,-1,5366,5390,6297,-1,3902,3901,5947,-1,3901,3911,5947,-1,6297,6630,6337,-1,5390,6630,6297,-1,5398,6630,5390,-1,6315,6631,6314,-1,6316,6631,6315,-1,6281,6631,6282,-1,6314,6631,6281,-1,6630,6632,6337,-1,5398,6632,6630,-1,6632,6633,6337,-1,5412,6633,5398,-1,5398,6633,6632,-1,6337,6634,6333,-1,6633,6634,6337,-1,5412,6634,6633,-1,5424,6635,5412,-1,5412,6635,6634,-1,6333,6636,6331,-1,6635,6636,6634,-1,6634,6636,6333,-1,6635,6637,6636,-1,5424,6637,6635,-1,6637,6638,6636,-1,6636,6638,6331,-1,6639,6640,6641,-1,6640,6642,6641,-1,6641,6642,6643,-1,6644,6645,6646,-1,6643,6647,6644,-1,6644,6647,6645,-1,6646,6648,6649,-1,6646,6650,6648,-1,6645,6650,6646,-1,6647,6650,6645,-1,6296,6651,5912,-1,5912,6651,5946,-1,5946,6651,5950,-1,5950,6651,5952,-1,5952,6651,6120,-1,6652,6653,6654,-1,6654,6653,6655,-1,6652,6656,6653,-1,6652,6657,6656,-1,6656,6658,6653,-1,6657,6658,6656,-1,6657,6659,6658,-1,6660,6661,6659,-1,6660,6662,6661,-1,6663,6664,6662,-1,5959,6665,5956,-1,6665,6666,5956,-1,3893,6666,3888,-1,3888,6666,6667,-1,6667,6666,6665,-1,5956,6668,5949,-1,6666,6668,5956,-1,3893,6668,6666,-1,6668,6669,5949,-1,3892,6669,3893,-1,3893,6669,6668,-1,5949,6670,5947,-1,5947,6670,3902,-1,3902,6670,3892,-1,6669,6670,5949,-1,3892,6670,6669,-1,6463,6671,6460,-1,6331,6671,6463,-1,6639,6671,6638,-1,6638,6671,6331,-1,6460,6672,6453,-1,6460,6673,6672,-1,6639,6673,6671,-1,6672,6673,6641,-1,6671,6673,6460,-1,6641,6673,6639,-1,6453,6674,6448,-1,6453,6675,6674,-1,6644,6675,6643,-1,6672,6675,6453,-1,6641,6675,6672,-1,6674,6675,6644,-1,6643,6675,6641,-1,6447,6676,6442,-1,6448,6676,6447,-1,6674,6677,6448,-1,6448,6677,6676,-1,6674,6678,6677,-1,6677,6678,6646,-1,6646,6678,6644,-1,6644,6678,6674,-1,6441,6679,6438,-1,6442,6679,6441,-1,6442,6680,6679,-1,6442,6681,6680,-1,6676,6681,6442,-1,6646,6682,6677,-1,6677,6682,6676,-1,6676,6682,6681,-1,6649,6682,6646,-1,6683,6684,6685,-1,5424,6686,6637,-1,6637,6686,6638,-1,5436,6686,5424,-1,5436,6687,6686,-1,6638,6687,6639,-1,6639,6687,6640,-1,6686,6687,6638,-1,5436,6688,6687,-1,6687,6688,6640,-1,5446,6688,5436,-1,6640,6688,6642,-1,5446,6689,6688,-1,6688,6689,6642,-1,6689,6690,6642,-1,5446,6690,6689,-1,5457,6690,5446,-1,6642,6691,6643,-1,6690,6691,6642,-1,5457,6691,6690,-1,6643,6691,6647,-1,5457,6692,6691,-1,6691,6692,6647,-1,6647,6692,6650,-1,6693,6694,6695,-1,6286,6696,6287,-1,6693,6696,6286,-1,6695,6696,6693,-1,5457,6697,6692,-1,6692,6697,6650,-1,5473,6697,5457,-1,6648,6698,6649,-1,6697,6698,6650,-1,6650,6698,6648,-1,6697,6699,6698,-1,6696,6700,6287,-1,6695,6700,6696,-1,5473,6701,6697,-1,6697,6701,6699,-1,6702,6703,6695,-1,6695,6703,6700,-1,6700,6703,6287,-1,6698,6704,6649,-1,6705,6706,6702,-1,6287,6706,6288,-1,6703,6706,6287,-1,6702,6706,6703,-1,6694,6707,6695,-1,6706,6708,6288,-1,6705,6708,6706,-1,6705,6709,6708,-1,6710,6709,6705,-1,6708,6709,6288,-1,6710,6711,6709,-1,6709,6711,6288,-1,6712,6711,6710,-1,6288,6711,6289,-1,6712,6713,6711,-1,6711,6713,6289,-1,6714,6715,6712,-1,6712,6715,6713,-1,6713,6715,6289,-1,6707,6716,6695,-1,6702,6716,6705,-1,6695,6716,6702,-1,6714,6717,6715,-1,6289,6717,6290,-1,6715,6717,6289,-1,6718,6717,6714,-1,6716,6719,6705,-1,6705,6719,6710,-1,6717,6720,6290,-1,6718,6720,6717,-1,6721,6722,6723,-1,6719,6724,6710,-1,6720,6725,6290,-1,6718,6725,6720,-1,6726,6725,6718,-1,6710,6727,6712,-1,6724,6727,6710,-1,6728,6727,6724,-1,6727,6729,6712,-1,6728,6729,6727,-1,6290,6730,6291,-1,6725,6730,6290,-1,6726,6730,6725,-1,6731,6730,6726,-1,6712,6732,6714,-1,6728,6732,6729,-1,6729,6732,6712,-1,6731,6733,6730,-1,6730,6733,6291,-1,6732,6734,6714,-1,6728,6734,6732,-1,6734,6735,6714,-1,6714,6735,6718,-1,6291,6736,6292,-1,6731,6736,6733,-1,6733,6736,6291,-1,6723,6737,6721,-1,6738,6737,6723,-1,6739,6737,6738,-1,6718,6740,6726,-1,6735,6740,6718,-1,6722,6741,6723,-1,5502,6741,5495,-1,6739,6742,6737,-1,6743,6742,6739,-1,6736,6744,6292,-1,6743,6745,6742,-1,6745,6746,6728,-1,6743,6746,6745,-1,6747,6746,6743,-1,5507,6748,5502,-1,6741,6748,6723,-1,5502,6748,6741,-1,6747,6749,6746,-1,6746,6749,6728,-1,6749,6750,6728,-1,6747,6750,6749,-1,6751,6750,6747,-1,6723,6752,6738,-1,5507,6752,6748,-1,6748,6752,6723,-1,6752,6753,6738,-1,5507,6753,6752,-1,6750,6754,6728,-1,6751,6754,6750,-1,6755,6756,6751,-1,6751,6756,6754,-1,6753,6757,6738,-1,5507,6757,6753,-1,4559,6757,5507,-1,6738,6757,6739,-1,4559,6758,6757,-1,6757,6758,6739,-1,4559,6759,6758,-1,6758,6759,6739,-1,3792,6759,4559,-1,6739,6759,6743,-1,3792,6760,6759,-1,6759,6760,6743,-1,6743,6760,6747,-1,6760,6761,6747,-1,3792,6761,6760,-1,6761,6762,6747,-1,3792,6762,6761,-1,6747,6762,6751,-1,3791,6762,3792,-1,6751,6763,6755,-1,6762,6763,6751,-1,3791,6763,6762,-1,3791,6764,6763,-1,6763,6764,6755,-1,6755,6765,6766,-1,6764,6765,6755,-1,3791,6765,6764,-1,3814,6767,3791,-1,3791,6767,6765,-1,6765,6767,6766,-1,3814,6768,6767,-1,3836,6768,3814,-1,6769,6770,6123,-1,6123,6770,6005,-1,6770,6771,6005,-1,6005,6771,6003,-1,6003,6771,6000,-1,6655,6772,6654,-1,6771,6773,6000,-1,6773,6774,6000,-1,6775,6774,6773,-1,6000,6774,5998,-1,5998,6774,5996,-1,6653,6776,6775,-1,6775,6776,6774,-1,6774,6776,5996,-1,6772,6777,6654,-1,6654,6777,6652,-1,6658,6778,6653,-1,6653,6778,6776,-1,6776,6779,5996,-1,6778,6779,6776,-1,6658,6779,6778,-1,5996,6779,5993,-1,6777,6780,6652,-1,6781,6780,6777,-1,6782,6780,6781,-1,3878,6780,6782,-1,3883,6780,3878,-1,6658,6783,6779,-1,6659,6783,6658,-1,6661,6783,6659,-1,6779,6783,5993,-1,6652,6784,6657,-1,6780,6784,6652,-1,3883,6784,6780,-1,6661,6785,6783,-1,5993,6785,5991,-1,6783,6785,5993,-1,6657,6786,6659,-1,6784,6786,6657,-1,6659,6786,6660,-1,3883,6786,6784,-1,6661,6787,6785,-1,5991,6787,5990,-1,6662,6787,6661,-1,6785,6787,5991,-1,3884,6788,3883,-1,6786,6788,6660,-1,3883,6788,6786,-1,6660,6789,6662,-1,6788,6789,6660,-1,3884,6789,6788,-1,6664,6790,6662,-1,5990,6790,5959,-1,6662,6790,6787,-1,6667,6790,6664,-1,5959,6790,6665,-1,6665,6790,6667,-1,6787,6790,5990,-1,6789,6791,6662,-1,6662,6791,6663,-1,3884,6791,6789,-1,3889,6792,3884,-1,3884,6792,6791,-1,6664,6793,6667,-1,6791,6793,6663,-1,6663,6793,6664,-1,3888,6793,3889,-1,6667,6793,3888,-1,6792,6793,6791,-1,3889,6793,6792,-1,6679,6794,6438,-1,6317,6794,6316,-1,6604,6794,6317,-1,6436,6794,6604,-1,6438,6794,6436,-1,6685,6794,6679,-1,6316,6794,6631,-1,6794,6795,6631,-1,6684,6795,6685,-1,6685,6795,6794,-1,6796,6797,6684,-1,6282,6797,6283,-1,6631,6797,6282,-1,6795,6797,6631,-1,6684,6797,6795,-1,6797,6798,6283,-1,6796,6798,6797,-1,6796,6799,6798,-1,6800,6799,6796,-1,6798,6799,6283,-1,6800,6801,6799,-1,6799,6801,6283,-1,6283,6801,6284,-1,6802,6801,6800,-1,6801,6803,6284,-1,6802,6803,6801,-1,6804,6803,6802,-1,6681,6805,6680,-1,6682,6805,6681,-1,6649,6805,6682,-1,6679,6805,6685,-1,6685,6805,6683,-1,6680,6805,6679,-1,6803,6806,6284,-1,6804,6806,6803,-1,6806,6807,6284,-1,6808,6807,6804,-1,6804,6807,6806,-1,6807,6809,6284,-1,6808,6809,6807,-1,6284,6809,6285,-1,6810,6809,6808,-1,6684,6811,6796,-1,6683,6811,6684,-1,6812,6813,6683,-1,6796,6813,6800,-1,6811,6813,6796,-1,6683,6813,6811,-1,6810,6814,6809,-1,6809,6814,6285,-1,6815,6814,6810,-1,6814,6816,6285,-1,6815,6816,6814,-1,6694,6816,6815,-1,6812,6817,6813,-1,6813,6817,6800,-1,6285,6818,6286,-1,6816,6818,6285,-1,6694,6818,6816,-1,6286,6818,6693,-1,6693,6818,6694,-1,6812,6819,6817,-1,6820,6819,6812,-1,6817,6819,6800,-1,6800,6819,6802,-1,6802,6821,6804,-1,6820,6821,6819,-1,6819,6821,6802,-1,6821,6822,6804,-1,6820,6822,6821,-1,6823,6824,6820,-1,6804,6824,6808,-1,6822,6824,6804,-1,6820,6824,6822,-1,6824,6825,6808,-1,6823,6825,6824,-1,6826,6827,6823,-1,6808,6827,6810,-1,6825,6827,6808,-1,6823,6827,6825,-1,6649,6828,6805,-1,6805,6828,6683,-1,6704,6828,6649,-1,6826,6829,6827,-1,6827,6829,6810,-1,6810,6829,6815,-1,6704,6830,6828,-1,6828,6830,6683,-1,6831,6830,6704,-1,6829,6832,6815,-1,6826,6832,6829,-1,6683,6833,6812,-1,6834,6833,6831,-1,6831,6833,6830,-1,6830,6833,6683,-1,6815,6835,6694,-1,6836,6835,6826,-1,6832,6835,6815,-1,6826,6835,6832,-1,6707,6837,6836,-1,6694,6837,6707,-1,6835,6837,6694,-1,6836,6837,6835,-1,6834,6838,6833,-1,6833,6838,6812,-1,6812,6839,6820,-1,6840,6839,6834,-1,6834,6839,6838,-1,6838,6839,6812,-1,6840,6841,6839,-1,6839,6841,6820,-1,6842,6843,6840,-1,6841,6843,6820,-1,6840,6843,6841,-1,6820,6844,6823,-1,6843,6844,6820,-1,6842,6844,6843,-1,6845,6844,6842,-1,6845,6846,6844,-1,6844,6846,6823,-1,5473,6847,6701,-1,5474,6847,5473,-1,6699,6847,6698,-1,6701,6847,6699,-1,6698,6847,6704,-1,6848,6849,6845,-1,6823,6849,6826,-1,6845,6849,6846,-1,6846,6849,6823,-1,6847,6850,6704,-1,5474,6850,6847,-1,6704,6850,6831,-1,6849,6851,6826,-1,6848,6851,6849,-1,6851,6852,6826,-1,6853,6852,6848,-1,6826,6852,6836,-1,6848,6852,6851,-1,6850,6854,6831,-1,5474,6854,6850,-1,6831,6854,6834,-1,5487,6854,5474,-1,6853,6855,6852,-1,6852,6855,6836,-1,6722,6855,6853,-1,6836,6856,6707,-1,6855,6857,6836,-1,6722,6857,6855,-1,6856,6857,6721,-1,6836,6857,6856,-1,6721,6857,6722,-1,6854,6858,6834,-1,5487,6858,6854,-1,6834,6858,6840,-1,6858,6859,6840,-1,5487,6859,6858,-1,6840,6860,6842,-1,6859,6860,6840,-1,5487,6860,6859,-1,5487,6861,6860,-1,6842,6861,6845,-1,5494,6861,5487,-1,6860,6861,6842,-1,6856,6862,6707,-1,6721,6862,6856,-1,6707,6862,6716,-1,6737,6862,6721,-1,6845,6863,6848,-1,6861,6863,6845,-1,5494,6863,6861,-1,6863,6864,6848,-1,5494,6864,6863,-1,6848,6865,6853,-1,5494,6865,6864,-1,6864,6865,6848,-1,5495,6865,5494,-1,6745,6866,6742,-1,6728,6866,6745,-1,6862,6866,6716,-1,6737,6866,6862,-1,6716,6866,6719,-1,6724,6866,6728,-1,6719,6866,6724,-1,6742,6866,6737,-1,6865,6867,6853,-1,5495,6867,6865,-1,6853,6867,6722,-1,6722,6868,6741,-1,6867,6868,6722,-1,6741,6868,5495,-1,5495,6868,6867,-1,6756,6869,6754,-1,6754,6869,6728,-1,6740,6869,6870,-1,6728,6869,6734,-1,6734,6869,6735,-1,6735,6869,6740,-1,6870,6871,6740,-1,6731,6871,6872,-1,6726,6871,6731,-1,6740,6871,6726,-1,6731,6873,6736,-1,6872,6873,6731,-1,6744,6873,6874,-1,6736,6873,6744,-1,6292,6875,6293,-1,6876,6875,6874,-1,6874,6875,6744,-1,6744,6875,6292,-1,6876,6877,6875,-1,6875,6877,6293,-1,6876,6878,6877,-1,6879,6878,6876,-1,6877,6878,6293,-1,6293,6880,6294,-1,6881,6880,6879,-1,6878,6880,6293,-1,6879,6880,6878,-1,6882,6883,6881,-1,6881,6883,6880,-1,6880,6883,6294,-1,6882,6884,6883,-1,6883,6884,6294,-1,6885,6886,6882,-1,6882,6886,6884,-1,6884,6886,6294,-1,6766,6887,6755,-1,6755,6887,6756,-1,6756,6887,6869,-1,6870,6887,6888,-1,6869,6887,6870,-1,6872,6889,6890,-1,6870,6889,6871,-1,6871,6889,6872,-1,6888,6889,6870,-1,6890,6891,6872,-1,6872,6891,6873,-1,6873,6891,6874,-1,6294,6892,6295,-1,6886,6892,6294,-1,6893,6892,6885,-1,6885,6892,6886,-1,6894,6895,6890,-1,6874,6895,6876,-1,6891,6895,6874,-1,6890,6895,6891,-1,6895,6896,6876,-1,6894,6896,6895,-1,6892,6897,6295,-1,6898,6897,6893,-1,6893,6897,6892,-1,6898,6899,6897,-1,6296,6899,6651,-1,6295,6899,6296,-1,6897,6899,6295,-1,6896,6900,6876,-1,6894,6900,6896,-1,6876,6900,6879,-1,6894,6901,6900,-1,6902,6901,6894,-1,6900,6901,6879,-1,6879,6901,6881,-1,6901,6903,6881,-1,6902,6903,6901,-1,6903,6904,6881,-1,6902,6904,6903,-1,6905,6904,6902,-1,6881,6904,6882,-1,6905,6906,6904,-1,6904,6906,6882,-1,6905,6907,6906,-1,6882,6907,6885,-1,6906,6907,6882,-1,6766,6908,6887,-1,6768,6908,6767,-1,6767,6908,6766,-1,6887,6908,6888,-1,6888,6908,6909,-1,6889,6910,6890,-1,6888,6910,6889,-1,6909,6910,6888,-1,6911,6912,6905,-1,6905,6912,6907,-1,6907,6912,6885,-1,6885,6912,6893,-1,6913,6914,6909,-1,6910,6914,6890,-1,6890,6914,6894,-1,6909,6914,6910,-1,6911,6915,6912,-1,6912,6915,6893,-1,6916,6917,6913,-1,6913,6917,6914,-1,6914,6917,6894,-1,6918,6919,6911,-1,6911,6919,6915,-1,6915,6919,6893,-1,6893,6919,6898,-1,6916,6920,6917,-1,6917,6920,6894,-1,6769,6921,6918,-1,6922,6921,6769,-1,6918,6921,6919,-1,6919,6921,6898,-1,6898,6921,6922,-1,6894,6923,6902,-1,6924,6923,6916,-1,6920,6923,6894,-1,6916,6923,6920,-1,6924,6925,6923,-1,6923,6925,6902,-1,6899,6926,6651,-1,6651,6926,6120,-1,6769,6926,6922,-1,6123,6926,6769,-1,6120,6926,6122,-1,6122,6926,6123,-1,6898,6926,6899,-1,6922,6926,6898,-1,6927,6928,6924,-1,6902,6928,6905,-1,6924,6928,6925,-1,6925,6928,6902,-1,6929,6930,6927,-1,6928,6930,6905,-1,6927,6930,6928,-1,6929,6931,6930,-1,6930,6931,6905,-1,3836,6932,6768,-1,6768,6932,6908,-1,6908,6932,6909,-1,6905,6933,6911,-1,6934,6933,6929,-1,6931,6933,6905,-1,6929,6933,6931,-1,6909,6935,6913,-1,3848,6935,3836,-1,3836,6935,6932,-1,6932,6935,6909,-1,6933,6936,6911,-1,6934,6936,6933,-1,6911,6937,6918,-1,6938,6937,6934,-1,6934,6937,6936,-1,6936,6937,6911,-1,6913,6939,6916,-1,6935,6939,6913,-1,3848,6939,6935,-1,6938,6940,6937,-1,6772,6940,6938,-1,6937,6940,6918,-1,6939,6941,6916,-1,3848,6941,6939,-1,6655,6942,6772,-1,6918,6942,6655,-1,6772,6942,6940,-1,6940,6942,6918,-1,6941,6943,6916,-1,6916,6943,6924,-1,3848,6943,6941,-1,6924,6944,6927,-1,3848,6944,6943,-1,3849,6944,3848,-1,6943,6944,6924,-1,6769,6945,6770,-1,6918,6945,6769,-1,6770,6945,6771,-1,6771,6945,6773,-1,6773,6945,6775,-1,6775,6945,6653,-1,6653,6945,6655,-1,6655,6945,6918,-1,3849,6946,6944,-1,6927,6946,6929,-1,6944,6946,6927,-1,6946,6947,6929,-1,3849,6947,6946,-1,3849,6948,6947,-1,6947,6948,6929,-1,6929,6948,6934,-1,6948,6949,6934,-1,6934,6949,6938,-1,3849,6949,6948,-1,3870,6949,3849,-1,6949,6950,6938,-1,3870,6950,6949,-1,6938,6950,6772,-1,6950,6951,6772,-1,6772,6951,6777,-1,6777,6951,6781,-1,3870,6951,6950,-1,6781,6951,6782,-1,6782,6951,3878,-1,3878,6951,3870            ]
            ccw TRUE
          }
        }
        Shape {
          appearance DEF M0 Appearance {
            material Material {
              diffuseColor 0.79216 0.81961 0.93333
              specularColor 0.05 0.05 0.05
              shininess 0.5
            }
          }
          geometry IndexedFaceSet {
            coord Coordinate {
              point [
1.01999998 -0.25 2,1.01999998 0.25 2,0.92000002 0.25 2,0.92000002 -0.25 2,1.01999998 0.25 1,1.01999998 -0.25 1,0.92000002 0.25 1,0.92000002 -0.25 1,1.51999998 0.25 1,1.01999998 0.25 -1,1.51999998 0.25 -1,1.51999998 0.25 2,1.62 0.25 2,1.62 0.25 1,1.01999998 0.25 26,1.51999998 0.25 26,1.51999998 -0.25 1,1.51999998 -0.25 -1,1.01999998 -0.25 -1,1.62 -0.25 2,1.51999998 -0.25 2,1.62 -0.25 1,1.51999998 -0.25 26,1.01999998 -0.25 26,-1.01999998 0.25 2,-1.51999998 0.25 2,-1.01999998 0.25 24.5,-1.51999998 0.25 24.5,-0.92000002 0.25 1,-1.01999998 0.25 1,-0.92000002 0.25 2,-1.51999998 0.25 1,-1.62 0.25 2,-1.62 0.25 1,-1.01999998 0.25 -1,-1.51999998 0.25 -1,-1.51999998 -0.25 2,-1.01999998 -0.25 2,-1.51999998 -0.25 24.5,-1.01999998 -0.25 24.5,-1.62 -0.25 2,-1.62 -0.25 1,-1.51999998 -0.25 1,-1.01999998 -0.25 1,-0.92000002 -0.25 1,-0.92000002 -0.25 2,-1.51999998 -0.25 -1,-1.01999998 -0.25 -1              ]
            }
            coordIndex [
0,1,2,-1,0,2,3,-1,4,5,6,-1,6,5,7,-1,3,2,7,-1,7,2,6,-1,4,8,9,-1,9,8,10,-1,2,1,6,-1,6,1,4,-1,4,11,8,-1,1,11,4,-1,8,12,13,-1,11,12,8,-1,14,15,1,-1,1,15,11,-1,16,5,17,-1,17,5,18,-1,19,20,21,-1,21,20,16,-1,16,0,5,-1,20,0,16,-1,5,3,7,-1,0,3,5,-1,22,23,20,-1,20,23,0,-1,5,4,9,-1,5,9,18,-1,15,22,20,-1,15,20,11,-1,8,16,17,-1,8,17,10,-1,23,14,1,-1,23,1,0,-1,22,15,23,-1,23,15,14,-1,9,17,18,-1,10,17,9,-1,12,19,13,-1,13,19,21,-1,19,11,20,-1,19,12,11,-1,8,21,16,-1,13,21,8,-1,24,25,26,-1,26,25,27,-1,28,29,30,-1,30,29,24,-1,25,31,32,-1,24,31,25,-1,29,31,24,-1,31,33,32,-1,34,35,29,-1,29,35,31,-1,36,37,38,-1,38,37,39,-1,40,41,36,-1,41,42,36,-1,36,43,37,-1,42,43,36,-1,37,44,45,-1,43,44,37,-1,46,47,42,-1,42,47,43,-1,25,36,38,-1,25,38,27,-1,37,24,26,-1,37,26,39,-1,44,28,45,-1,45,28,30,-1,28,44,29,-1,29,44,43,-1,45,24,37,-1,45,30,24,-1,47,29,43,-1,47,34,29,-1,35,47,46,-1,34,47,35,-1,35,42,31,-1,35,46,42,-1,33,42,41,-1,31,42,33,-1,36,25,32,-1,36,32,40,-1,33,41,32,-1,32,41,40,-1,39,26,27,-1,39,27,38            ]
            ccw TRUE
          }
        }
        Shape {
          appearance DEF M2 Appearance {
            material Material {
              diffuseColor 0.75294 0 0
              specularColor 0.05 0.05 0.05
              shininess 0.5
            }
          }
          geometry IndexedFaceSet {
            coord Coordinate {
              point [
-2.49698853 -0.12266918 -7.0999999,-2.5 0 -7.0999999,-2.49698853 0 -7.22266912,2.49698853 -0.12266918 -7.0999999,2.49698853 0 -7.22266912,2.5 0 -7.0999999,-2.49265265 -0.17060603 -7.18704557,-2.48796177 -0.24504285 -7.0999999,-2.48050857 -0.17060603 -7.36071205,-2.48796177 0 -7.34504271,-2.47294116 0 -7.46682596,-2.45627975 -0.17060603 -7.53310823,-2.45196319 0 -7.58772564,-2.47068167 -0.34041661 -7.27276707,-2.47294116 -0.36682618 -7.0999999,-2.42008448 -0.17060603 -7.70339489,-2.42507815 0 -7.70745039,-2.39235091 0 -7.82571173,-2.45261168 -0.34041661 -7.44469213,-2.44621921 -0.50864005 -7.18542385,-2.45196319 -0.48772579 -7.0999999,-2.42507815 -0.60745043 -7.0999999,-2.37209845 -0.17060603 -7.87074137,-2.35386014 0 -7.9422245,-2.42259264 -0.34041661 -7.61493778,-2.43430138 -0.50864005 -7.35585546,-2.31255603 -0.17060603 -8.03433323,-2.30969882 0 -8.05670834,-2.25997329 0 -8.16888809,-2.38077116 -0.34041661 -7.78267527,-2.41052389 -0.50864005 -7.52504063,-2.40142918 -0.67449194 -7.26792431,-2.39235091 -0.7257117 -7.0999999,-2.2417469 -0.17060603 -8.19337273,-2.20480323 0 -8.27849197,-2.32735062 -0.34041661 -7.94708633,-2.37500286 -0.50864005 -7.69215488,-2.38386559 -0.67449194 -7.43503046,-2.35421729 -0.83719903 -7.18221092,-2.35386014 -0.84222466 -7.0999999,-2.30969882 -0.95670861 -7.0999999,-2.1600163 -0.17060603 -8.34708595,-2.14432144 0 -8.38525677,-2.2625916 -0.34041661 -8.10737038,-2.32791066 -0.50864005 -7.85638428,-2.35468817 -0.67449194 -7.6005044,-2.34274769 -0.83719903 -7.34623289,-2.06776214 -0.17060603 -8.49472332,-2.07867408 0 -8.48892593,-2.00801873 0 -8.58924866,-2.18680954 -0.34041661 -8.26274681,-2.26947737 -0.50864005 -8.01692867,-2.31403875 -0.67449194 -7.76353979,-2.31986475 -0.83719903 -7.50905466,-1.96543431 -0.17060603 -8.63556576,-1.93252611 0 -8.68598366,-2.28744245 -0.99600273 -7.2599535,-2.25997329 -1.06888771 -7.0999999,-2.10037327 -0.34041661 -8.41245937,-2.19998741 -0.50864005 -8.1730051,-2.26211572 -0.67449194 -7.9233427,-2.28567934 -0.83719903 -7.66988373,-1.853531 -0.17060603 -8.76892662,-1.85237777 0 -8.77889729,-1.76776695 0 -8.86776733,-2.27071261 -0.99600273 -7.41912794,-2.00370431 -0.34041661 -8.5557766,-2.2183609 -1.15016258 -7.17746687,-2.20480323 -1.17849183 -7.0999999,-2.11977935 -0.50864005 -8.3238554,-2.19917178 -0.67449194 -8.07913399,-2.24035859 -0.83719903 -7.82793665,-1.73259735 -0.17060603 -8.89415741,-1.67889738 0 -8.95237827,-2.24292016 -0.99600273 -7.57674742,-1.89727366 -0.34041661 -8.69200134,-2.20755315 -1.15016258 -7.33202314,-2.02924371 -0.50864005 -8.46874237,-2.12551379 -0.67449194 -8.23015594,-2.1841228 -0.83719903 -7.98244286,-1.60322285 -0.17060603 -9.01064682,-1.58598316 0 -9.03252602,-2.20420027 -0.99600273 -7.73204422,-1.78159952 -0.34041661 -8.82047081,-2.18599057 -1.15016258 -7.48544931,-1.92882192 -0.50864005 -8.60696125,-2.13084531 -1.29895985 -7.24900341,-2.14432144 -1.28525686 -7.0999999,-2.07867408 -1.38892555 -7.0999999,-2.04150033 -0.67449194 -8.37567139,-2.11724615 -0.83719903 -8.13265038,-1.46603751 -0.17060603 -9.11782742,-1.48924828 0 -9.10801888,-1.38892555 0 -9.17867374,-2.15474176 -0.99600273 -7.88426208,-1.65724576 -0.34041661 -8.94055748,-2.15377808 -1.15016258 -7.63699722,-1.81900322 -0.50864005 -8.73783779,-2.1152606 -1.29895985 -7.39728069,-1.94754112 -0.67449194 -8.51497173,-2.04118061 -1.44170082 -7.17127943,-2.00801873 -1.48924828 -7.0999999,-2.0400548 -0.83719903 -8.27782631,-1.32170975 -0.17060603 -9.21517754,-1.28525686 0 -9.24432182,-2.09478545 -0.99600273 -8.03265858,-1.52481794 -0.34041661 -9.0516777,-2.11107254 -1.15016258 -7.7859292,-1.70032239 -0.50864005 -8.86073494,-2.08937073 -1.29895985 -7.54410934,-1.84409356 -0.67449194 -8.64737797,-2.03123617 -1.44170082 -7.31349134,-1.95292425 -0.83719903 -8.41726398,-1.17094278 -0.17060603 -9.30222321,-1.17849183 0 -9.30480289,-1.06888771 0 -9.35997295,-2.02462387 -0.99600273 -8.17651176,-1.38496137 -0.34041661 -9.15328979,-2.0580821 -1.15016258 -7.93151903,-1.57335782 -0.50864005 -8.97505474,-2.05330157 -1.29895985 -7.68877459,-1.7316618 -0.67449194 -8.77224636,-2.01139569 -1.44170082 -7.45466328,-1.85627937 -0.83719903 -8.55028439,-1.93455422 -1.57771981 -7.23527718,-1.93252611 -1.58598316 -7.0999999,-1.85237777 -1.67889738 -7.0999999,-1.01447117 -0.17060603 -9.37853909,-0.95670861 0 -9.40969849,-1.9445982 -0.99600273 -8.31511974,-1.23835742 -0.34041661 -9.24489784,-1.99506485 -1.15016258 -8.07305813,-1.43872797 -0.50864005 -9.0802393,-2.00722909 -1.29895985 -7.83057165,-1.61079359 -0.67449194 -8.88896751,-1.98175597 -1.44170082 -7.59410715,-1.7505908 -0.83719903 -8.67623901,-1.92040527 -1.57771981 -7.36989546,-0.85305703 -0.17060603 -9.44375515,-0.84222466 0 -9.45386028,-0.7257117 0 -9.49235058,-1.85509884 -0.99600273 -8.44780827,-1.82597685 -1.70638287 -7.16376448,-1.76776695 -1.76776695 -7.0999999,-1.0857203 -0.34041661 -9.32605648,-1.92232788 -1.15016258 -8.20985699,-1.29708874 -0.50864005 -9.17577553,-1.95137739 -1.29895985 -7.96880913,-1.48207772 -0.67449194 -8.99697304,-1.94246137 -1.44170082 -7.73114395,-1.63637364 -0.83719903 -8.79451466,-1.8969003 -1.57771981 -7.50319862,-0.68748695 -0.17060603 -9.49755192,-0.60745043 0 -9.52507782,-1.75656152 -0.99600273 -8.57392979,-1.81708097 -1.70638287 -7.29098272,-0.92779374 -0.34041661 -9.39636993,-1.84022546 -1.15016258 -8.34124756,-1.14913034 -0.50864005 -9.26119995,-1.88601887 -1.29895985 -8.10281372,-1.34614134 -0.67449194 -9.0957365,-1.89370322 -1.44170082 -7.86510563,-1.51418412 -0.83719903 -8.90453434,-1.86415386 -1.57771981 -7.6345377,-0.5185675 -0.17060603 -9.53966808,-0.48772579 0 -9.55196285,-1.64946651 -0.99600273 -8.69287109,-1.79933226 -1.70638287 -7.41727066,-0.765347 -0.34041661 -9.45549583,-1.74915779 -1.15016258 -8.46659184,-1.70222616 -1.82708991 -7.21903133,-1.67889738 -1.85237777 -7.0999999,-0.99557346 -0.50864005 -9.33609486,-1.81147182 -1.29895985 -8.23193359,-1.20364666 -0.67449194 -9.18477726,-1.83571923 -1.44170082 -7.99533987,-1.38461769 -0.83719903 -9.00576305,-1.82232547 -1.57771981 -7.76327229,-0.34712163 -0.17060603 -9.56989861,-0.36682618 0 -9.57294083,-0.24504285 0 -9.58796215,-1.53433537 -0.99600273 -8.80405235,-1.77281749 -1.70638287 -7.54201317,-0.59917158 -0.34041661 -9.50314617,-1.64956832 -1.15016258 -8.58527756,-1.68977642 -1.82708991 -7.33748245,-0.83716619 -0.50864005 -9.40009499,-1.72809958 -1.29895985 -8.35553741,-1.57675874 -1.93927824 -7.15506172,-1.58598316 -1.93252611 -7.0999999,-1.48924828 -2.00801873 -7.0999999,-1.05528784 -0.67449194 -9.26366043,-1.76879168 -1.44170082 -8.12121201,-1.24830556 -0.83719903 -9.09770679,-1.77161884 -1.57771981 -7.88877535,-0.17398463 -0.17060603 -9.58809662,-0.12266918 0 -9.59698868,-1.41172922 -0.99600273 -8.90693092,-1.73766577 -1.70638287 -7.6646018,-0.43007702 -0.34041661 -9.53908825,-1.54194224 -1.15016258 -8.69672775,-1.66909432 -1.82708991 -7.45477676,-0.67468035 -0.50864005 -9.4528904,-1.63630807 -1.29895985 -8.47302532,-1.5690769 -1.93927824 -7.26491642,-0.90178794 -0.67449194 -9.33200359,-1.69324684 -1.44170082 -8.2421093,-1.10591173 -0.83719903 -9.17991734,-1.71228099 -1.57771981 -8.01043606,0 -0.17060603 -9.59417152,0 0 -9.60000038,0.12266918 0 -9.59698868,-1.28224516 -0.99600273 -9.00100613,-1.69404829 -1.70638287 -7.78444004,-0.2588872 -0.34041661 -9.56314754,-1.42680407 -1.15016258 -8.80039883,-1.64028049 -1.82708991 -7.57034302,-0.50890756 -0.50864005 -9.49422169,-1.53654468 -1.29895985 -8.58382416,-1.55375075 -1.93927824 -7.37396812,-0.74389452 -0.67449194 -9.38947201,-1.60945261 -1.44170082 -8.3574419,-1.43818891 -2.04242468 -7.2005682,-1.38892555 -2.07867408 -7.0999999,-0.95813012 -0.83719903 -9.25199509,-1.64460123 -1.57771981 -8.12766075,0.17398463 -0.17060603 -9.58809662,0.24504285 0 -9.58796215,-1.14651418 -0.99600273 -9.08582115,-1.64217758 -1.70638287 -7.90094328,-0.0864361 -0.34041661 -9.5752058,-1.30471456 -1.15016258 -8.89578533,-1.60347533 -1.82708991 -7.68361712,-0.34065542 -0.50864005 -9.52388954,-1.42929542 -1.29895985 -8.68739319,-1.53085482 -1.93927824 -7.48168516,-0.58237696 -0.67449194 -9.43578625,-1.51781738 -1.44170082 -8.46664906,-1.42767024 -2.04242468 -7.30064583,-0.80568051 -0.83719903 -9.3135891,-1.56890905 -1.57771981 -8.23987961,0.34712163 -0.17060603 -9.56989861,0.36682618 0 -9.57294083,0.48772579 0 -9.55196285,-1.29816854 -2.13604856 -7.14533281,-1.28525686 -2.14432144 -7.0999999,-1.17849183 -2.20480323 -7.0999999,-1.00519741 -0.99600273 -9.1609602,-1.58230627 -1.70638287 -8.01354504,0.0864361 -0.34041661 -9.5752058,-1.1762687 -1.15016258 -8.98242378,-1.55885828 -1.82708991 -7.79404831,-0.17074363 -0.50864005 -9.54174805,-1.31508279 -1.29895985 -8.78322887,-1.5005008 -1.93927824 -7.58754206,-0.41802207 -0.67449194 -9.47072124,-1.41878748 -1.44170082 -8.56919765,-1.41019619 -2.04242468 -7.39974642,-0.64930576 -0.83719903 -9.364398,-1.48557329 -1.57771981 -8.34654427,0.5185675 -0.17060603 -9.53966808,0.60745043 0 -9.52507782,-1.29184401 -2.13604856 -7.23577833,-0.85898352 -0.99600273 -9.22605896,-1.51472616 -1.70638287 -8.12169552,0.2588872 -0.34041661 -9.56314754,-1.0420922 -1.15016258 -9.05989075,-1.50664663 -1.82708991 -7.90109825,0 -0.50864005 -9.54771042,-1.19446313 -1.29895985 -8.87086487,-1.46283638 -1.93927824 -7.6910243,-0.25163066 -0.67449194 -9.49410534,-1.31284535 -1.44170082 -8.66458797,-1.38585174 -2.04242468 -7.49738646,-0.48976764 -0.83719903 -9.40417576,-1.39499998 -1.57771981 -8.44713593,0.68748695 -0.17060603 -9.49755192,0.7257117 0 -9.49235058,-1.27922571 -2.13604856 -7.325562,-0.70858473 -0.99600273 -9.28079987,-1.43976653 -1.70638287 -8.22486877,0.43007702 -0.34041661 -9.53908825,-1.1473608 -2.21971297 -7.18023109,-1.06888771 -2.25997329 -7.0999999,-0.90283865 -1.15016258 -9.12780857,-1.44709468 -1.82708991 -8.0042448,0.17074363 -0.50864005 -9.54174805,-1.06802428 -1.29895985 -8.94987202,-1.41804516 -1.93927824 -7.79162693,-0.08401332 -0.67449194 -9.50582695,-1.20050716 -1.44170082 -8.75235653,-1.35475564 -2.04242468 -7.59309053,-0.32784343 -0.83719903 -9.43272686,-1.29763043 -1.57771981 -8.5411644,0.85305703 -0.17060603 -9.44375515,0.84222466 0 -9.45386028,0.95670861 0 -9.40969849,-1.26037526 -2.13604856 -7.41424704,-0.55473375 -0.99600273 -9.32491589,-1.35779238 -1.70638287 -8.32256222,0.59917158 -0.34041661 -9.50314617,-1.1389693 -2.21971297 -7.26007175,-0.75918657 -1.15016258 -9.18584824,-1.38049269 -1.82708991 -8.10298634,0.34065542 -0.50864005 -9.52388954,-0.99539596 -2.29302835 -7.1347599,-0.95670861 -2.30969882 -7.0999999,-0.93638206 -1.29895985 -9.0198679,-1.36634552 -1.93927824 -7.88885975,0.08401332 -0.67449194 -9.50582695,-1.08232021 -1.44170082 -8.83207417,-1.31705928 -2.04242468 -7.68639278,-0.164322 -0.83719903 -9.44991398,-1.19393885 -1.57771981 -8.62817192,1.01447117 -0.17060603 -9.37853909,1.06888771 0 -9.35997295,-1.23538423 -2.13604856 -7.50140047,-0.39818019 -0.99600273 -9.35819244,-1.26920331 -1.70638287 -8.41429806,0.765347 -0.34041661 -9.45549583,-1.12502873 -2.21971297 -7.33913231,-0.61183584 -1.15016258 -9.23372555,-1.30716515 -1.82708991 -8.19684219,0.50890756 -0.50864005 -9.49422169,-0.99054652 -2.29302835 -7.20411062,-0.80017787 -1.29895985 -9.08051014,-1.307989 -1.93927824 -7.98224974,0.25163066 -0.67449194 -9.49410534,-0.95886034 -1.44170082 -8.90335369,-1.27294624 -2.04242468 -7.77683735,0 -0.83719903 -9.45565224,-1.08443058 -1.57771981 -8.70773411,1.17094278 -0.17060603 -9.30222321,1.17849183 0 -9.30480289,1.28525686 0 -9.24432182,-1.20437467 -2.13604856 -7.58659887,-0.23968671 -0.99600273 -9.38046646,-1.17443073 -1.70638287 -8.49963188,0.92779374 -0.34041661 -9.39636993,-1.10560727 -2.21971297 -7.41702795,-0.46150428 -1.15016258 -9.27120686,-1.22746909 -1.82708991 -8.28535271,0.67468035 -0.50864005 -9.4528904,-0.9808712 -2.29302835 -7.27295399,-0.66007531 -1.29895985 -9.13150311,-1.24326026 -1.93927824 -8.07134151,0.41802207 -0.67449194 -9.47072124,-0.83515966 -2.35565233 -7.15840006,-0.84222466 -2.35386014 -7.0999999,-0.7257117 -2.39235091 -7.0999999,-0.83072901 -1.44170082 -8.96584797,-1.22263157 -2.04242468 -7.86398506,0.164322 -0.83719903 -9.44991398,-0.96963912 -1.57771981 -8.77946377,1.32170975 -0.17060603 -9.21517754,1.38892555 0 -9.17867374,-1.1674974 -2.13604856 -7.66942644,-0.08002553 -0.99600273 -9.39163113,-1.07393646 -1.70638287 -8.57814693,1.0857203 -0.34041661 -9.32605648,-1.08079934 -2.21971297 -7.49337864,-0.30892435 -1.15016258 -9.29811096,-1.14179301 -1.82708991 -8.36808968,0.83716619 -0.50864005 -9.40009499,-0.96641719 -2.29302835 -7.34095478,-0.51675689 -1.29895985 -9.17259884,-1.17247438 -1.93927824 -8.15570068,0.58237696 -0.67449194 -9.43578625,-0.82905149 -2.35565233 -7.21651554,-0.6985504 -1.44170082 -9.01925182,-1.1663605 -2.04242468 -7.94741058,0.32784343 -0.83719903 -9.43272686,-0.67408103 -2.40729332 -7.12353945,-0.60745043 -2.42507815 -7.0999999,-0.85012364 -1.57771981 -8.84301186,1.46603751 -0.17060603 -9.11782742,1.48924828 0 -9.10801888,1.58598316 0 -9.03252602,-1.12493229 -2.13604856 -7.74947977,0.08002553 -0.99600273 -9.39163113,-0.96821016 -1.70638287 -8.64945984,1.23835742 -0.34041661 -9.24489784,-1.05072582 -2.21971297 -7.5678134,-0.15483935 -1.15016258 -9.31430626,-1.05055416 -1.82708991 -8.44464779,0.99557346 -0.50864005 -9.33609486,-0.9472549 -2.29302835 -7.4077816,-0.37092093 -1.29895985 -9.20359707,-1.09597635 -1.93927824 -8.23491669,0.74389452 -0.67449194 -9.38947201,-0.81890422 -2.35565233 -7.27406359,-0.56296855 -1.44170082 -9.0633049,-1.10440683 -2.04242468 -8.02670765,0.48976764 -0.83719903 -9.40417576,-0.67079699 -2.40729332 -7.17050362,-0.72646642 -1.57771981 -8.89806747,1.60322285 -0.17060603 -9.01064682,1.67889738 0 -8.95237827,-1.07688653 -2.13604856 -7.82636929,0.23968671 -0.99600273 -9.38046646,-0.85776675 -1.70638287 -8.71322441,1.38496137 -0.34041661 -9.15328979,-1.01553333 -2.21971297 -7.6399684,0 -1.15016258 -9.31971264,-0.95419717 -1.82708991 -8.51465511,1.14913034 -0.50864005 -9.26119995,-0.92347765 -2.29302835 -7.47310925,-0.22327787 -1.29895985 -9.22434711,-1.01413882 -1.93927824 -8.30860329,0.90178794 -0.67449194 -9.33200359,-0.80476737 -2.35565233 -7.33076334,-0.42464399 -1.44170082 -9.09779263,-1.03707278 -2.04242468 -8.10148907,0.64930576 -0.83719903 -9.364398,-0.66424489 -2.40729332 -7.21712446,-0.59926993 -1.57771981 -8.94436359,1.73259735 -0.17060603 -8.89415741,1.76776695 0 -8.86776733,-1.02359438 -2.13604856 -7.89971972,0.39818019 -0.99600273 -9.35819244,-0.50740099 -2.44771028 -7.13548088,-0.48772579 -2.45196319 -7.0999999,-0.74314439 -1.70638287 -8.76912975,1.52481794 -0.34041661 -9.0516777,-0.97539318 -2.21971297 -7.70949316,0.15483935 -1.15016258 -9.31430626,-0.85319144 -1.82708991 -8.57777119,1.29708874 -0.50864005 -9.17577553,-0.89520133 -2.29302835 -7.53661871,-0.07454702 -1.29895985 -9.23474693,-0.92736048 -1.93927824 -8.3764019,1.05528784 -0.67449194 -9.26366043,-0.78670973 -2.35565233 -7.38633871,-0.28425059 -1.44170082 -9.1225481,-0.96468616 -2.04242468 -8.17139244,0.80568051 -0.83719903 -9.3135891,-0.65445662 -2.40729332 -7.26317453,-0.46915385 -1.57771981 -8.98167324,1.853531 -0.17060603 -8.76892662,1.85237777 0 -8.77889729,1.93252611 0 -8.68598366,-0.96531528 -2.13604856 -7.96917391,0.55473375 -0.99600273 -9.32491589,-0.50369 -2.44771028 -7.17078924,-0.62490153 -1.70638287 -8.81690311,1.65724576 -0.34041661 -8.94055748,-0.9305011 -2.21971297 -7.77604866,0.30892435 -1.15016258 -9.29811096,-0.34020925 -2.47671485 -7.1118803,-0.36682618 -2.47294116 -7.0999999,-0.24504285 -2.48796177 -7.0999999,-0.74802899 -1.82708991 -8.63368702,1.43872797 -0.50864005 -9.0802393,-0.86256367 -2.29302835 -7.59800148,0.07454702 -1.29895985 -9.23474693,-0.83606416 -1.93927824 -8.43798256,1.20364666 -0.67449194 -9.18477726,-0.76481938 -2.35565233 -7.44051933,-0.14247234 -1.44170082 -9.13744926,-0.88759965 -2.04242468 -8.2360754,0.95813012 -0.83719903 -9.25199509,-0.64147997 -2.40729332 -7.30842924,-0.33675212 -1.57771981 -9.00981617,1.96543431 -0.17060603 -8.63556576,2.00801873 0 -8.58924866,-0.90233338 -2.13604856 -8.03439331,0.70858473 -0.99600273 -9.28079987,-0.49752504 -2.44771028 -7.20575237,-0.50361425 -1.70638287 -8.8563118,1.78159952 -0.34041661 -8.82047081,-0.88107568 -2.21971297 -7.83931017,0.46150428 -1.15016258 -9.27120686,-0.33855179 -2.47671485 -7.1355834,-0.63922226 -1.82708991 -8.68213081,1.57335782 -0.50864005 -8.97505474,-0.82572371 -2.29302835 -7.65695763,0.22327787 -1.29895985 -9.22434711,-0.74069458 -1.93927824 -8.4930439,1.34614134 -0.67449194 -9.0957365,-0.73920286 -2.35565233 -7.49304104,0 -1.44170082 -9.14242458,-0.80618888 -2.04242468 -8.29522419,1.10591173 -0.83719903 -9.17991734,-0.62537801 -2.40729332 -7.35266924,-0.20270978 -1.57771981 -9.02865505,2.06776214 -0.17060603 -8.49472332,2.07867408 0 -8.48892593,2.14432144 0 -8.38525677,-0.83495533 -2.13604856 -8.0950613,0.85898352 -0.99600273 -9.22605896,-0.48893619 -2.44771028 -7.24020004,-0.37987337 -1.70638287 -8.88716316,1.89727366 -0.34041661 -8.69200134,-0.82735771 -2.21971297 -7.89897013,0.61183584 -1.15016258 -9.23372555,-0.33524492 -2.47671485 -7.15911293,-0.52730131 -1.82708991 -8.72286701,1.70032239 -0.50864005 -8.86073494,-0.78486085 -2.29302835 -7.71320057,0.37092093 -1.29895985 -9.20359707,-0.17019044 -2.49417186 -7.11190081,-0.12266918 -2.49698853 -7.0999999,0 -2.5 -7.0999999,-0.64171648 -1.93927824 -8.54131889,1.48207772 -0.67449194 -8.99697304,-0.70998502 -2.35565233 -7.54364777,0.14247234 -1.44170082 -9.13744926,-0.72085041 -2.04242468 -8.34854984,1.24830556 -0.83719903 -9.09770679,-0.60622931 -2.40729332 -7.39567757,-0.06767984 -1.57771981 -9.03809643,2.1600163 -0.17060603 -8.34708595,2.20480323 0 -8.27849197,-0.76350945 -2.13604856 -8.15088081,1.00519741 -0.99600273 -9.1609602,-0.4779653 -2.44771028 -7.27396536,-0.25428176 -1.70638287 -8.90930843,2.00370431 -0.34041661 -8.5557766,-0.76960897 -2.21971297 -7.95473719,0.75918657 -1.15016258 -9.18584824,-0.3303048 -2.47671485 -7.18235445,-0.41281137 -1.82708991 -8.7556963,1.81900322 -0.50864005 -8.73783779,-0.74017429 -2.29302835 -7.76645613,0.51675689 -1.29895985 -9.17259884,-0.1689457 -2.49417186 -7.12374353,-0.539612 -1.93927824 -8.58257198,1.61079359 -0.67449194 -8.88896751,-0.67730826 -2.35565233 -7.59209347,0.28425059 -1.44170082 -9.1225481,-0.63200003 -2.04242468 -8.39579201,1.38461769 -0.83719903 -9.00576305,-0.58412713 -2.40729332 -7.43724585,0.06767984 -1.57771981 -9.03809643,2.2417469 -0.17060603 -8.19337273,2.25997329 0 -8.16888809,-0.68834388 -2.13604856 -8.20158005,1.14651418 -0.99600273 -9.08582115,-0.4646658 -2.44771028 -7.30688238,-0.12745135 -1.70638287 -8.92263889,2.10037327 -0.34041661 -8.41245937,-0.70811081 -2.21971297 -8.00634003,0.90283865 -1.15016258 -9.12780857,-0.32375544 -2.47671485 -7.20519447,-0.29631028 -1.82708991 -8.7804594,1.92882192 -0.50864005 -8.60696125,-0.69188166 -2.29302835 -7.81646442,0.66007531 -1.29895985 -9.13150311,-0.16687788 -2.49417186 -7.13547087,-0.43487853 -1.93927824 -8.61660194,1.7316618 -0.67449194 -8.77224636,-0.64133167 -2.35565233 -7.63814116,0.42464399 -1.44170082 -9.09779263,-0.54007065 -2.04242468 -8.4367218,1.51418412 -0.83719903 -8.90453434,-0.55917913 -2.40729332 -7.47717094,0.20270978 -1.57771981 -9.02865505,2.31255603 -0.17060603 -8.03433323,2.30969882 0 -8.05670834,2.35386014 0 -7.9422245,-0.60982472 -2.13604856 -8.24691391,1.28224516 -0.99600273 -9.00100613,-0.44910249 -2.44771028 -7.33879185,0 -1.70638287 -8.92708969,2.18680954 -0.34041661 -8.26274681,-0.64316279 -2.21971297 -8.05352783,1.0420922 -1.15016258 -9.05989075,-0.3156288 -2.47671485 -7.22752237,-0.17836557 -1.82708991 -8.79703522,2.02924371 -0.50864005 -8.46874237,-0.6402182 -2.29302835 -7.86298227,0.80017787 -1.29895985 -9.08051014,-0.16399704 -2.49417186 -7.14702559,-0.32802641 -1.93927824 -8.64324284,1.84409356 -0.67449194 -8.64737797,-0.60223061 -2.35565233 -7.68156719,0.56296855 -1.44170082 -9.0633049,-0.44551006 -2.04242468 -8.47113895,1.63637364 -0.83719903 -8.79451466,-0.5315069 -2.40729332 -7.51525879,0.33675212 -1.57771981 -9.00981617,2.37209845 -0.17060603 -7.87074137,2.39235091 0 -7.82571173,-0.52833456 -2.13604856 -8.28665924,1.41172922 -0.99600273 -8.90693092,-0.43135121 -2.44771028 -7.36953831,0.12745135 -1.70638287 -8.92263889,2.2625916 -0.34041661 -8.10737038,-0.57508129 -2.21971297 -8.09607029,1.1762687 -1.15016258 -8.98242378,-0.30596444 -2.47671485 -7.24922895,-0.0595519 -1.82708991 -8.80534363,2.11977935 -0.50864005 -8.3238554,-0.58543569 -2.29302835 -7.90578318,0.93638206 -1.29895985 -9.0198679,-0.16031723 -2.49417186 -7.15835047,-0.21957617 -1.93927824 -8.66236591,1.94754112 -0.67449194 -8.51497173,-0.56019551 -2.35565233 -7.72216034,0.6985504 -1.44170082 -9.01925182,-0.34877899 -2.04242468 -8.49887657,1.7505908 -0.83719903 -8.67623901,-0.5012452 -2.40729332 -7.55132341,0.46915385 -1.57771981 -8.98167324,2.42008448 -0.17060603 -7.70339489,2.42507815 0 -7.70745039,2.45196319 0 -7.58772564,-0.44427043 -2.13604856 -8.3206234,1.53433537 -0.99600273 -8.80405235,-0.41149843 -2.44771028 -7.39897108,0.25428176 -1.70638287 -8.90930843,2.32735062 -0.34041661 -7.94708633,-0.50419807 -2.21971297 -8.1337595,1.30471456 -1.15016258 -8.89578533,-0.29480943 -2.47671485 -7.27020836,0.0595519 -1.82708991 -8.80534363,2.19998741 -0.50864005 -8.1730051,-0.52780104 -2.29302835 -7.94465828,1.06802428 -1.29895985 -8.94987202,-0.15585637 -2.49417186 -7.16939163,-0.11005618 -1.93927824 -8.67387676,2.04150033 -0.67449194 -8.37567139,-0.51543117 -2.35565233 -7.75972176,0.83072901 -1.44170082 -8.96584797,-0.25034872 -2.04242468 -8.51979828,1.85627937 -0.83719903 -8.55028439,-0.46854147 -2.40729332 -7.58518887,0.59926993 -1.57771981 -8.94436359,2.45627975 -0.17060603 -7.53310823,2.47294116 0 -7.46682596,-0.35804185 -2.13604856 -8.34864044,1.64946651 -0.99600273 -8.69287109,-0.38964087 -2.44771028 -7.42694759,0.37987337 -1.70638287 -8.88716316,2.38077116 -0.34041661 -7.78267527,-0.43085849 -2.21971297 -8.16641235,1.42680407 -1.15016258 -8.80039883,-0.28221816 -2.47671485 -7.29035854,0.17836557 -1.82708991 -8.79703522,2.26947737 -0.50864005 -8.01692867,-0.46759495 -2.29302835 -7.97941828,1.19446313 -1.29895985 -8.87086487,-0.15063618 -2.49417186 -7.18009472,0 -1.93927824 -8.67772007,2.12551379 -0.67449194 -8.23015594,-0.46815577 -2.35565233 -7.79406929,0.95886034 -1.44170082 -8.90335369,-0.15069877 -2.04242468 -8.53380299,1.95292425 -0.83719903 -8.41726398,-0.43355507 -2.40729332 -7.61669064,0.72646642 -1.57771981 -8.89806747,2.48050857 -0.17060603 -7.36071205,2.48796177 0 -7.34504271,-0.27006894 -2.13604856 -8.37057495,1.75656152 -0.99600273 -8.57392979,-0.36588502 -2.44771028 -7.45333099,0.50361425 -1.70638287 -8.8563118,2.42259264 -0.34041661 -7.61493778,-0.35541978 -2.21971297 -8.19386959,1.54194224 -1.15016258 -8.69672775,-0.26825196 -2.47671485 -7.30958128,0.29631028 -1.82708991 -8.7804594,2.32791066 -0.50864005 -7.85638428,-0.40511081 -2.29302835 -8.00989342,1.31508279 -1.29895985 -8.78322887,-0.14468212 -2.49417186 -7.19040728,0.11005618 -1.93927824 -8.67387676,2.19917178 -0.67449194 -8.07913399,-0.41859952 -2.35565233 -7.82503557,1.08232021 -1.44170082 -8.83207417,-0.05031463 -2.04242468 -8.54082298,2.0400548 -0.83719903 -8.27782631,-0.39645642 -2.40729332 -7.64567566,0.85012364 -1.57771981 -8.84301186,2.49265265 -0.17060603 -7.18704557,2.48796177 -0.24504285 -7.0999999,-0.18078028 -2.13604856 -8.38631821,1.85509884 -0.99600273 -8.44780827,-0.3403466 -2.44771028 -7.47799301,0.62490153 -1.70638287 -8.81690311,2.45261168 -0.34041661 -7.44469213,-0.2782495 -2.21971297 -8.2159977,1.64956832 -1.15016258 -8.58527756,-0.25297886 -2.47671485 -7.32778311,0.41281137 -1.82708991 -8.7556963,2.37500286 -0.50864005 -7.69215488,-0.340653 -2.29302835 -8.03593636,1.42929542 -1.29895985 -8.68739319,-0.13802318 -2.49417186 -7.20027971,0.21957617 -1.93927824 -8.66236591,2.26211572 -0.67449194 -7.9233427,-0.36700389 -2.35565233 -7.85246944,1.20050716 -1.44170082 -8.75235653,0.05031463 -2.04242468 -8.54082298,2.11724615 -0.83719903 -8.13265038,-0.35742626 -2.40729332 -7.67200136,0.96963912 -1.57771981 -8.77946377,-0.09061086 -2.13604856 -8.39579582,1.9445982 -0.99600273 -8.31511974,-0.31315008 -2.44771028 -7.50081396,0.74314439 -1.70638287 -8.76912975,2.47068167 -0.34041661 -7.27276707,2.47294116 -0.36682618 -7.0999999,-0.19972363 -2.21971297 -8.2326889,1.74915779 -1.15016258 -8.46659184,-0.23647326 -2.47671485 -7.34487534,0.52730131 -1.82708991 -8.72286701,2.41052389 -0.50864005 -7.52504063,-0.27453557 -2.29302835 -8.05741882,1.53654468 -1.29895985 -8.58382416,-0.1306918 -2.49417186 -7.20966339,0.32802641 -1.93927824 -8.64324284,2.31403875 -0.67449194 -7.76353979,-0.31362027 -2.35565233 -7.87623739,1.31284535 -1.44170082 -8.66458797,0.15069877 -2.04242468 -8.53380299,2.1841228 -0.83719903 -7.98244286,-0.31665477 -2.40729332 -7.6955409,1.08443058 -1.57771981 -8.70773411,0 -2.13604856 -8.39896011,2.02462387 -0.99600273 -8.17651176,-0.28442791 -2.44771028 -7.52168179,0.85776675 -1.70638287 -8.71322441,-0.12022473 -2.21971297 -8.24386215,1.84022546 -1.15016258 -8.34124756,-0.21881558 -2.47671485 -7.36077404,0.63922226 -1.82708991 -8.68213081,2.43430138 -0.50864005 -7.35585546,-0.20708062 -2.29302835 -8.07423782,1.63630807 -1.29895985 -8.47302532,-0.12272371 -2.49417186 -7.21851301,0.43487853 -1.93927824 -8.61660194,2.35468817 -0.67449194 -7.6005044,-0.25870872 -2.35565233 -7.89622355,1.41878748 -1.44170082 -8.56919765,0.25034872 -2.04242468 -8.51979828,2.24035859 -0.83719903 -7.82793665,-0.27434057 -2.40729332 -7.71617889,1.19393885 -1.57771981 -8.62817192,0.09061086 -2.13604856 -8.39579582,2.09478545 -0.99600273 -8.03265858,-0.25432003 -2.44771028 -7.5404954,0.96821016 -1.70638287 -8.64945984,-0.0401401 -2.21971297 -8.24946213,1.92232788 -1.15016258 -8.20985699,-0.20009187 -2.47671485 -7.37540293,0.74802899 -1.82708991 -8.63368702,2.44621921 -0.50864005 -7.18542385,2.45196319 -0.48772579 -7.0999999,2.42507815 -0.60745043 -7.0999999,-0.13861679 -2.29302835 -8.08630943,1.72809958 -1.29895985 -8.35553741,-0.11415772 -2.49417186 -7.22678518,0.539612 -1.93927824 -8.58257198,2.38386559 -0.67449194 -7.43503046,-0.20253678 -2.35565233 -7.91233063,1.51781738 -1.44170082 -8.46664906,0.34877899 -2.04242468 -8.49887657,2.28567934 -0.83719903 -7.66988373,-0.23068982 -2.40729332 -7.73381519,1.29763043 -1.57771981 -8.5411644,0.18078028 -2.13604856 -8.38631821,2.15474176 -0.99600273 -7.88426208,-0.22297311 -2.44771028 -7.55716276,1.07393646 -1.70638287 -8.57814693,0.0401401 -2.21971297 -8.24946213,1.99506485 -1.15016258 -8.07305813,-0.18039332 -2.47671485 -7.38868952,0.85319144 -1.82708991 -8.57777119,-0.06947764 -2.29302835 -8.09357643,1.81147182 -1.29895985 -8.23193359,-0.10503557 -2.49417186 -7.23443937,0.64171648 -1.93927824 -8.54131889,2.40142918 -0.67449194 -7.26792431,2.39235091 -0.7257117 -7.0999999,-0.14537808 -2.35565233 -7.92447996,1.60945261 -1.44170082 -8.3574419,0.44551006 -2.04242468 -8.47113895,2.31986475 -0.83719903 -7.50905466,-0.18591517 -2.40729332 -7.74836302,1.39499998 -1.57771981 -8.44713593,0.27006894 -2.13604856 -8.37057495,2.20420027 -0.99600273 -7.73204422,-0.19053991 -2.44771028 -7.57160282,1.17443073 -1.70638287 -8.49963188,0.12022473 -2.21971297 -8.24386215,2.0580821 -1.15016258 -7.93151903,-0.15981592 -2.47671485 -7.40056992,0.95419717 -1.82708991 -8.51465511,0 -2.29302835 -8.09600258,1.88601887 -1.29895985 -8.10281372,-0.09540168 -2.49417186 -7.24143887,0.74069458 -1.93927824 -8.4930439,-0.08751113 -2.35565233 -7.9326129,1.69324684 -1.44170082 -8.2421093,0.54007065 -2.04242468 -8.4367218,2.34274769 -0.83719903 -7.34623289,-0.14023475 -2.40729332 -7.75975275,1.48557329 -1.57771981 -8.34654427,0.35804185 -2.13604856 -8.34864044,2.24292016 -0.99600273 -7.57674742,-0.15717842 -2.44771028 -7.58374548,1.26920331 -1.70638287 -8.41429806,0.19972363 -2.21971297 -8.2326889,2.11107254 -1.15016258 -7.7859292,-0.13845992 -2.47671485 -7.41098595,1.05055416 -1.82708991 -8.44464779,0.06947764 -2.29302835 -8.09357643,1.95137739 -1.29895985 -7.96880913,-0.08530302 -2.49417186 -7.24774933,0.83606416 -1.93927824 -8.43798256,-0.02921782 -2.35565233 -7.9366889,1.76879168 -1.44170082 -8.12121201,0.63200003 -2.04242468 -8.39579201,2.35421729 -0.83719903 -7.18221092,2.35386014 -0.84222466 -7.0999999,2.30969882 -0.95670861 -7.0999999,-0.09387113 -2.40729332 -7.76792765,1.56890905 -1.57771981 -8.23987961,0.44427043 -2.13604856 -8.3206234,2.27071261 -0.99600273 -7.41912794,-0.12305116 -2.44771028 -7.59353113,1.35779238 -1.70638287 -8.32256222,0.2782495 -2.21971297 -8.2159977,2.15377808 -1.15016258 -7.63699722,-0.11642934 -2.47671485 -7.41988707,1.14179301 -1.82708991 -8.36808968,0.13861679 -2.29302835 -8.08630943,2.00722909 -1.29895985 -7.83057165,-0.07478876 -2.49417186 -7.25333977,0.92736048 -1.93927824 -8.3764019,0.02921782 -2.35565233 -7.9366889,1.83571923 -1.44170082 -7.99533987,0.72085041 -2.04242468 -8.34854984,-0.04705018 -2.40729332 -7.77284908,1.64460123 -1.57771981 -8.12766075,0.52833456 -2.13604856 -8.28665924,2.28744245 -0.99600273 -7.2599535,2.25997329 -1.06888771 -7.0999999,-0.08832441 -2.44771028 -7.60091257,1.43976653 -1.70638287 -8.22486877,0.35541978 -2.21971297 -8.19386959,2.18599057 -1.15016258 -7.48544931,-0.09383154 -2.47671485 -7.4272294,1.22746909 -1.82708991 -8.28535271,0.20708062 -2.29302835 -8.07423782,2.05330157 -1.29895985 -7.68877459,-0.06391014 -2.49417186 -7.258183,1.01413882 -1.93927824 -8.30860329,0.08751113 -2.35565233 -7.9326129,1.89370322 -1.44170082 -7.86510563,0.80618888 -2.04242468 -8.29522419,0 -2.40729332 -7.77449179,1.71228099 -1.57771981 -8.01043606,0.60982472 -2.13604856 -8.24691391,-0.05316736 -2.44771028 -7.60585356,1.51472616 -1.70638287 -8.12169552,0.43085849 -2.21971297 -8.16641235,2.20755315 -1.15016258 -7.33202314,-0.0707766 -2.47671485 -7.43297768,1.30716515 -1.82708991 -8.19684219,0.27453557 -2.29302835 -8.05741882,2.08937073 -1.29895985 -7.54410934,-0.05272016 -2.49417186 -7.26225615,1.09597635 -1.93927824 -8.23491669,0.14537808 -2.35565233 -7.92447996,1.94246137 -1.44170082 -7.73114395,0.88759965 -2.04242468 -8.2360754,0.04705018 -2.40729332 -7.77284908,1.77161884 -1.57771981 -7.88877535,0.68834388 -2.13604856 -8.20158005,-0.01775128 -2.44771028 -7.60833025,1.58230627 -1.70638287 -8.01354504,0.50419807 -2.21971297 -8.1337595,2.2183609 -1.15016258 -7.17746687,2.20480323 -1.17849183 -7.0999999,-0.04737684 -2.47671485 -7.43710375,1.38049269 -1.82708991 -8.10298634,0.340653 -2.29302835 -8.03593636,2.1152606 -1.29895985 -7.39728069,-0.04127334 -2.49417186 -7.26553822,1.17247438 -1.93927824 -8.15570068,0.20253678 -2.35565233 -7.91233063,1.98175597 -1.44170082 -7.59410715,0.96468616 -2.04242468 -8.17139244,0.09387113 -2.40729332 -7.76792765,1.82232547 -1.57771981 -7.76327229,0.76350945 -2.13604856 -8.15088081,0.01775128 -2.44771028 -7.60833025,1.64217758 -1.70638287 -7.90094328,0.57508129 -2.21971297 -8.09607029,-0.02374626 -2.47671485 -7.43958759,1.44709468 -1.82708991 -8.0042448,0.40511081 -2.29302835 -8.00989342,2.13084531 -1.29895985 -7.24900341,2.14432144 -1.28525686 -7.0999999,2.07867408 -1.38892555 -7.0999999,-0.02962543 -2.49417186 -7.26801395,1.24326026 -1.93927824 -8.07134151,0.25870872 -2.35565233 -7.89622355,2.01139569 -1.44170082 -7.45466328,1.03707278 -2.04242468 -8.10148907,0.14023475 -2.40729332 -7.75975275,1.86415386 -1.57771981 -7.6345377,0.83495533 -2.13604856 -8.0950613,0.05316736 -2.44771028 -7.60585356,1.69404829 -1.70638287 -7.78444004,0.64316279 -2.21971297 -8.05352783,0 -2.47671485 -7.44041681,1.50664663 -1.82708991 -7.90109825,0.46759495 -2.29302835 -7.97941828,-0.01783319 -2.49417186 -7.26967144,1.307989 -1.93927824 -7.98224974,0.31362027 -2.35565233 -7.87623739,2.03123617 -1.44170082 -7.31349134,1.10440683 -2.04242468 -8.02670765,0.18591517 -2.40729332 -7.74836302,1.8969003 -1.57771981 -7.50319862,0.90233338 -2.13604856 -8.03439331,0.08832441 -2.44771028 -7.60091257,1.73766577 -1.70638287 -7.6646018,0.70811081 -2.21971297 -8.00634003,0.02374626 -2.47671485 -7.43958759,1.55885828 -1.82708991 -7.79404831,0.52780104 -2.29302835 -7.94465828,-0.00595406 -2.49417186 -7.27050209,1.36634552 -1.93927824 -7.88885975,0.36700389 -2.35565233 -7.85246944,2.04118061 -1.44170082 -7.17127943,2.00801873 -1.48924828 -7.0999999,1.1663605 -2.04242468 -7.94741058,0.23068982 -2.40729332 -7.73381519,1.92040527 -1.57771981 -7.36989546,0.96531528 -2.13604856 -7.96917391,0.12305116 -2.44771028 -7.59353113,1.77281749 -1.70638287 -7.54201317,0.76960897 -2.21971297 -7.95473719,0.04737684 -2.47671485 -7.43710375,1.60347533 -1.82708991 -7.68361712,0.58543569 -2.29302835 -7.90578318,0.00595406 -2.49417186 -7.27050209,1.41804516 -1.93927824 -7.79162693,0.41859952 -2.35565233 -7.82503557,1.22263157 -2.04242468 -7.86398506,0.27434057 -2.40729332 -7.71617889,1.93455422 -1.57771981 -7.23527718,1.93252611 -1.58598316 -7.0999999,1.85237777 -1.67889738 -7.0999999,1.02359438 -2.13604856 -7.89971972,0.15717842 -2.44771028 -7.58374548,1.79933226 -1.70638287 -7.41727066,0.82735771 -2.21971297 -7.89897013,0.0707766 -2.47671485 -7.43297768,1.64028049 -1.82708991 -7.57034302,0.6402182 -2.29302835 -7.86298227,0.01783319 -2.49417186 -7.26967144,1.46283638 -1.93927824 -7.6910243,0.46815577 -2.35565233 -7.79406929,1.27294624 -2.04242468 -7.77683735,0.31665477 -2.40729332 -7.6955409,1.07688653 -2.13604856 -7.82636929,0.19053991 -2.44771028 -7.57160282,1.81708097 -1.70638287 -7.29098272,0.88107568 -2.21971297 -7.83931017,0.09383154 -2.47671485 -7.4272294,1.66909432 -1.82708991 -7.45477676,0.69188166 -2.29302835 -7.81646442,0.02962543 -2.49417186 -7.26801395,1.5005008 -1.93927824 -7.58754206,0.51543117 -2.35565233 -7.75972176,1.31705928 -2.04242468 -7.68639278,0.35742626 -2.40729332 -7.67200136,1.12493229 -2.13604856 -7.74947977,0.22297311 -2.44771028 -7.55716276,1.82597685 -1.70638287 -7.16376448,1.76776695 -1.76776695 -7.0999999,0.9305011 -2.21971297 -7.77604866,0.11642934 -2.47671485 -7.41988707,1.68977642 -1.82708991 -7.33748245,0.74017429 -2.29302835 -7.76645613,0.04127334 -2.49417186 -7.26553822,1.53085482 -1.93927824 -7.48168516,0.56019551 -2.35565233 -7.72216034,1.35475564 -2.04242468 -7.59309053,0.39645642 -2.40729332 -7.64567566,1.1674974 -2.13604856 -7.66942644,0.25432003 -2.44771028 -7.5404954,0.97539318 -2.21971297 -7.70949316,0.13845992 -2.47671485 -7.41098595,1.70222616 -1.82708991 -7.21903133,1.67889738 -1.85237777 -7.0999999,0.78486085 -2.29302835 -7.71320057,0.05272016 -2.49417186 -7.26225615,1.55375075 -1.93927824 -7.37396812,0.60223061 -2.35565233 -7.68156719,1.38585174 -2.04242468 -7.49738646,0.43355507 -2.40729332 -7.61669064,1.20437467 -2.13604856 -7.58659887,0.28442791 -2.44771028 -7.52168179,1.01553333 -2.21971297 -7.6399684,0.15981592 -2.47671485 -7.40056992,0.82572371 -2.29302835 -7.65695763,0.06391014 -2.49417186 -7.258183,1.5690769 -1.93927824 -7.26491642,0.64133167 -2.35565233 -7.63814116,1.41019619 -2.04242468 -7.39974642,0.46854147 -2.40729332 -7.58518887,1.23538423 -2.13604856 -7.50140047,0.31315008 -2.44771028 -7.50081396,1.05072582 -2.21971297 -7.5678134,0.18039332 -2.47671485 -7.38868952,0.86256367 -2.29302835 -7.59800148,0.07478876 -2.49417186 -7.25333977,1.57675874 -1.93927824 -7.15506172,1.58598316 -1.93252611 -7.0999999,1.48924828 -2.00801873 -7.0999999,0.67730826 -2.35565233 -7.59209347,1.42767024 -2.04242468 -7.30064583,0.5012452 -2.40729332 -7.55132341,1.26037526 -2.13604856 -7.41424704,0.3403466 -2.44771028 -7.47799301,1.08079934 -2.21971297 -7.49337864,0.20009187 -2.47671485 -7.37540293,0.89520133 -2.29302835 -7.53661871,0.08530302 -2.49417186 -7.24774933,0.70998502 -2.35565233 -7.54364777,1.43818891 -2.04242468 -7.2005682,1.38892555 -2.07867408 -7.0999999,0.5315069 -2.40729332 -7.51525879,1.27922571 -2.13604856 -7.325562,0.36588502 -2.44771028 -7.45333099,1.10560727 -2.21971297 -7.41702795,0.21881558 -2.47671485 -7.36077404,0.92347765 -2.29302835 -7.47310925,0.09540168 -2.49417186 -7.24143887,0.73920286 -2.35565233 -7.49304104,0.55917913 -2.40729332 -7.47717094,1.29184401 -2.13604856 -7.23577833,0.38964087 -2.44771028 -7.42694759,1.12502873 -2.21971297 -7.33913231,0.23647326 -2.47671485 -7.34487534,0.9472549 -2.29302835 -7.4077816,0.10503557 -2.49417186 -7.23443937,0.76481938 -2.35565233 -7.44051933,0.58412713 -2.40729332 -7.43724585,1.29816854 -2.13604856 -7.14533281,1.28525686 -2.14432144 -7.0999999,1.17849183 -2.20480323 -7.0999999,0.41149843 -2.44771028 -7.39897108,1.1389693 -2.21971297 -7.26007175,0.25297886 -2.47671485 -7.32778311,0.96641719 -2.29302835 -7.34095478,0.11415772 -2.49417186 -7.22678518,0.78670973 -2.35565233 -7.38633871,0.60622931 -2.40729332 -7.39567757,0.43135121 -2.44771028 -7.36953831,1.1473608 -2.21971297 -7.18023109,1.06888771 -2.25997329 -7.0999999,0.26825196 -2.47671485 -7.30958128,0.9808712 -2.29302835 -7.27295399,0.12272371 -2.49417186 -7.21851301,0.80476737 -2.35565233 -7.33076334,0.62537801 -2.40729332 -7.35266924,0.44910249 -2.44771028 -7.33879185,0.28221816 -2.47671485 -7.29035854,0.99054652 -2.29302835 -7.20411062,0.1306918 -2.49417186 -7.20966339,0.81890422 -2.35565233 -7.27406359,0.64147997 -2.40729332 -7.30842924,0.4646658 -2.44771028 -7.30688238,0.29480943 -2.47671485 -7.27020836,0.99539596 -2.29302835 -7.1347599,0.95670861 -2.30969882 -7.0999999,0.13802318 -2.49417186 -7.20027971,0.82905149 -2.35565233 -7.21651554,0.65445662 -2.40729332 -7.26317453,0.4779653 -2.44771028 -7.27396536,0.30596444 -2.47671485 -7.24922895,0.14468212 -2.49417186 -7.19040728,0.83515966 -2.35565233 -7.15840006,0.84222466 -2.35386014 -7.0999999,0.7257117 -2.39235091 -7.0999999,0.66424489 -2.40729332 -7.21712446,0.48893619 -2.44771028 -7.24020004,0.3156288 -2.47671485 -7.22752237,0.15063618 -2.49417186 -7.18009472,0.67079699 -2.40729332 -7.17050362,0.49752504 -2.44771028 -7.20575237,0.32375544 -2.47671485 -7.20519447,0.15585637 -2.49417186 -7.16939163,0.67408103 -2.40729332 -7.12353945,0.60745043 -2.42507815 -7.0999999,0.50369 -2.44771028 -7.17078924,0.3303048 -2.47671485 -7.18235445,0.16031723 -2.49417186 -7.15835047,0.50740099 -2.44771028 -7.13548088,0.48772579 -2.45196319 -7.0999999,0.33524492 -2.47671485 -7.15911293,0.16399704 -2.49417186 -7.14702559,0.33855179 -2.47671485 -7.1355834,0.16687788 -2.49417186 -7.13547087,0.34020925 -2.47671485 -7.1118803,0.36682618 -2.47294116 -7.0999999,0.24504285 -2.48796177 -7.0999999,0.1689457 -2.49417186 -7.12374353,0.17019044 -2.49417186 -7.11190081,0.12266918 -2.49698853 -7.0999999,0 -2.5 -2,0.12461472 -2.49689221 -2,0.24891962 -2.48757696 -2,0.37260565 -2.47207713 -2,0.49536535 -2.45043111 -2,0.61689347 -2.42269325 -2,0.73688793 -2.38893199 -2,0.85505038 -2.34923148 -2,0.97108698 -2.30369043 -2,1.08470941 -2.25242209 -2,1.19563496 -2.19555402 -2,1.30358803 -2.13322711 -2,1.40830016 -2.06559682 -2,1.50951099 -1.99283123 -2,1.606969 -1.91511106 -2,1.70043182 -1.83262968 -2,1.78966713 -1.745592 -2,1.87445295 -1.65421462 -2,1.95457876 -1.55872452 -2,2.029845 -1.45935917 -2,2.10006475 -1.35636568 -2,2.16506362 -1.25 -2,2.22467947 -1.14052665 -2,2.27876472 -1.02821779 -2,2.32718444 -0.91335255 -2,2.36981845 -0.79621661 -2,2.40656066 -0.67710119 -2,2.43731976 -0.55630231 -2,2.46201944 -0.43412045 -2,2.48059797 -0.31085926 -2,2.49300957 -0.18682523 -2,2.49922299 -0.06232673 -2,2.49922299 0.06232673 -2,2.49698853 0.12266918 -7.0999999,2.49300957 0.18682523 -2,2.48796177 0.24504285 -7.0999999,2.48059797 0.31085926 -2,2.47294116 0.36682618 -7.0999999,2.46201944 0.43412045 -2,2.45196319 0.48772579 -7.0999999,2.43731976 0.55630231 -2,2.42507815 0.60745043 -7.0999999,2.40656066 0.67710119 -2,2.39235091 0.7257117 -7.0999999,2.36981845 0.79621661 -2,2.35386014 0.84222466 -7.0999999,2.32718444 0.91335255 -2,2.30969882 0.95670861 -7.0999999,2.27876472 1.02821779 -2,2.25997329 1.06888771 -7.0999999,2.22467947 1.14052665 -2,2.20480323 1.17849183 -7.0999999,2.16506362 1.25 -2,2.14432144 1.28525686 -7.0999999,2.10006475 1.35636568 -2,2.07867408 1.38892555 -7.0999999,2.029845 1.45935917 -2,2.00801873 1.48924828 -7.0999999,1.95457876 1.55872452 -2,1.93252611 1.58598316 -7.0999999,1.87445295 1.65421462 -2,1.85237777 1.67889738 -7.0999999,1.78966713 1.745592 -2,1.76776695 1.76776695 -7.0999999,1.70043182 1.83262968 -2,1.67889738 1.85237777 -7.0999999,1.606969 1.91511106 -2,1.58598316 1.93252611 -7.0999999,1.50951099 1.99283123 -2,1.48924828 2.00801873 -7.0999999,1.40830016 2.06559682 -2,1.38892555 2.07867408 -7.0999999,1.30358803 2.13322711 -2,1.28525686 2.14432144 -7.0999999,1.19563496 2.19555402 -2,1.17849183 2.20480323 -7.0999999,1.08470941 2.25242209 -2,1.06888771 2.25997329 -7.0999999,0.97108698 2.30369043 -2,0.95670861 2.30969882 -7.0999999,0.85505038 2.34923148 -2,0.84222466 2.35386014 -7.0999999,0.73688793 2.38893199 -2,0.7257117 2.39235091 -7.0999999,0.61689347 2.42269325 -2,0.60745043 2.42507815 -7.0999999,0.49536535 2.45043111 -2,0.48772579 2.45196319 -7.0999999,0.37260565 2.47207713 -2,0.36682618 2.47294116 -7.0999999,0.24891962 2.48757696 -2,0.24504285 2.48796177 -7.0999999,0.12461472 2.49689221 -2,0.12266918 2.49698853 -7.0999999,0 2.5 -2,0 2.5 -7.0999999,0.14704536 -2.94633293 -1,0 -2.95000005 -2,0.14704536 -2.94633293 -2,0 -2.95000005 -1,0.29372513 -2.93534088 -1,0.29372513 -2.93534088 -2,0.43967468 -2.91705084 -1,0.43967468 -2.91705084 -2,0.58453113 -2.89150882 -1,0.58453113 -2.89150882 -2,0.7279343 -2.858778 -1,0.7279343 -2.858778 -2,0.86952776 -2.81893969 -1,0.86952776 -2.81893969 -2,1.00895941 -2.7720933 -1,1.00895941 -2.7720933 -2,1.14588261 -2.71835494 -1,1.14588261 -2.71835494 -2,1.27995706 -2.65785813 -1,1.27995706 -2.65785813 -2,1.41084921 -2.59075356 -1,1.41084921 -2.59075356 -2,1.53823388 -2.5172081 -1,1.53823388 -2.5172081 -2,1.66179419 -2.43740439 -1,1.66179419 -2.43740439 -2,1.78122306 -2.3515408 -1,1.78122306 -2.3515408 -2,1.89622343 -2.25983119 -2,1.89622343 -2.25983119 -1,2.00650954 -2.162503 -2,2.00650954 -2.162503 -1,2.11180711 -2.05979872 -1,2.11180711 -2.05979872 -2,2.21185446 -1.9519732 -2,2.21185446 -1.9519732 -1,2.30640292 -1.83929491 -1,2.30640292 -1.83929491 -2,2.39521718 -1.72204387 -1,2.39521718 -1.72204387 -2,2.47807646 -1.60051143 -1,2.47807646 -1.60051143 -2,2.554775 -1.47500002 -1,2.554775 -1.47500002 -2,2.62512183 -1.34582138 -1,2.62512183 -1.34582138 -2,2.68894219 -1.21329701 -1,2.68894219 -1.21329701 -2,2.74607754 -1.07775605 -1,2.74607754 -1.07775605 -2,2.79638577 -0.93953562 -1,2.79638577 -0.93953562 -2,2.83974147 -0.7989794 -1,2.83974147 -0.7989794 -2,2.87603736 -0.65643674 -1,2.87603736 -0.65643674 -2,2.90518284 -0.51226211 -1,2.90518284 -0.51226211 -2,2.92710567 -0.36681393 -1,2.92710567 -0.36681393 -2,2.94175124 -0.22045377 -1,2.94175124 -0.22045377 -2,2.94908309 -0.07354554 -1,2.94908309 -0.07354554 -2,2.94908309 0.07354554 -1,2.94908309 0.07354554 -2,2.94175124 0.22045377 -1,2.94175124 0.22045377 -2,2.92710567 0.36681393 -2,2.92710567 0.36681393 -1,2.90518284 0.51226211 -1,2.90518284 0.51226211 -2,2.87603736 0.65643674 -1,2.87603736 0.65643674 -2,2.83974147 0.7989794 -1,2.83974147 0.7989794 -2,2.79638577 0.93953562 -1,2.79638577 0.93953562 -2,2.74607754 1.07775605 -2,2.74607754 1.07775605 -1,2.68894219 1.21329701 -1,2.68894219 1.21329701 -2,2.62512183 1.34582138 -1,2.62512183 1.34582138 -2,2.554775 1.47500002 -1,2.554775 1.47500002 -2,2.47807646 1.60051143 -1,2.47807646 1.60051143 -2,2.39521718 1.72204387 -1,2.39521718 1.72204387 -2,2.30640292 1.83929491 -1,2.30640292 1.83929491 -2,2.21185446 1.9519732 -1,2.21185446 1.9519732 -2,2.11180711 2.05979872 -1,2.11180711 2.05979872 -2,2.00650954 2.162503 -1,2.00650954 2.162503 -2,1.89622343 2.25983119 -1,1.89622343 2.25983119 -2,1.78122306 2.3515408 -1,1.78122306 2.3515408 -2,1.66179419 2.43740439 -1,1.66179419 2.43740439 -2,1.53823388 2.5172081 -1,1.53823388 2.5172081 -2,1.41084921 2.59075356 -2,1.41084921 2.59075356 -1,1.27995706 2.65785813 -1,1.27995706 2.65785813 -2,1.14588261 2.71835494 -1,1.14588261 2.71835494 -2,1.00895941 2.7720933 -1,1.00895941 2.7720933 -2,0.86952776 2.81893969 -1,0.86952776 2.81893969 -2,0.7279343 2.858778 -1,0.7279343 2.858778 -2,0.58453113 2.89150882 -1,0.58453113 2.89150882 -2,0.43967468 2.91705084 -1,0.43967468 2.91705084 -2,0.29372513 2.93534088 -1,0.29372513 2.93534088 -2,0.14704536 2.94633293 -1,0.14704536 2.94633293 -2,0 2.95000005 -1,0 2.95000005 -2,-2.42172432 -1.68456268 -1,-2.5 -1.566046 -2,-2.42172432 -1.68456268 -2,-2.5 -1.566046 -1,-2.33783484 -1.79917431 -1,-2.33783484 -1.79917431 -2,-2.2485261 -1.90961528 -1,-2.2485261 -1.90961528 -2,-2.15400481 -2.01562953 -1,-2.15400481 -2.01562953 -2,-2.05449057 -2.11697149 -1,-2.05449057 -2.11697149 -2,-1.95021379 -2.21340609 -1,-1.95021379 -2.21340609 -2,-1.84141612 -2.30470967 -1,-1.84141612 -2.30470967 -2,-1.72834992 -2.39067078 -1,-1.72834992 -2.39067078 -2,-1.61127722 -2.47109008 -1,-1.61127722 -2.47109008 -2,-1.49046934 -2.54578114 -1,-1.49046934 -2.54578114 -2,-1.36620653 -2.61457062 -1,-1.36620653 -2.61457062 -2,-1.23877656 -2.6772995 -1,-1.23877656 -2.6772995 -2,-1.10847509 -2.73382211 -1,-1.10847509 -2.73382211 -2,-0.97560406 -2.78400731 -1,-0.97560406 -2.78400731 -2,-0.84047145 -2.827739 -1,-0.84047145 -2.827739 -2,-0.70339054 -2.86491561 -1,-0.70339054 -2.86491561 -2,-0.56467909 -2.89545107 -1,-0.56467909 -2.89545107 -2,-0.42465869 -2.91927481 -2,-0.42465869 -2.91927481 -1,-0.28365386 -2.93633103 -1,-0.28365386 -2.93633103 -2,-0.14199151 -2.94658089 -1,-0.14199151 -2.94658089 -2,-2.5 1.566046 -1,-2.33783484 1.79917431 -1,-2.42172432 1.68456268 -1,-2.2485261 1.90961528 -1,-2.15400481 2.01562953 -1,-2.05449057 2.11697149 -1,-1.95021379 2.21340609 -1,-1.84141612 2.30470967 -1,-1.72834992 2.39067078 -1,-1.61127722 2.47109008 -1,-1.49046934 2.54578114 -1,-1.36620653 2.61457062 -1,-1.23877656 2.6772995 -1,-1.10847509 2.73382211 -1,-0.97560406 2.78400731 -1,-0.84047145 2.827739 -1,-0.70339054 2.86491561 -1,-0.56467909 2.89545107 -1,-0.42465869 2.91927481 -1,-0.28365386 2.93633103 -1,-0.14199151 2.94658089 -1,-0.14199151 2.94658089 -2,-0.28365386 2.93633103 -2,-0.42465869 2.91927481 -2,-0.56467909 2.89545107 -2,-0.70339054 2.86491561 -2,-0.84047145 2.827739 -2,-0.97560406 2.78400731 -2,-1.10847509 2.73382211 -2,-1.23877656 2.6772995 -2,-1.36620653 2.61457062 -2,-1.49046934 2.54578114 -2,-1.61127722 2.47109008 -2,-1.72834992 2.39067078 -2,-1.84141612 2.30470967 -2,-1.95021379 2.21340609 -2,-2.05449057 2.11697149 -2,-2.15400481 2.01562953 -2,-2.2485261 1.90961528 -2,-2.33783484 1.79917431 -2,-2.42172432 1.68456268 -2,-2.5 1.566046 -2,-1.76776695 1.76776695 -2,-1.85237777 1.67889738 -2,-1.67889738 1.85237777 -2,-1.93252611 1.58598316 -2,-1.58598316 1.93252611 -2,-2.00801873 1.48924828 -2,-1.48924828 2.00801873 -2,-2.07867408 1.38892555 -2,-1.38892555 2.07867408 -2,-2.14432144 1.28525686 -2,-1.28525686 2.14432144 -2,-2.20480323 1.17849183 -2,-1.17849183 2.20480323 -2,-2.25997329 1.06888771 -2,-1.06888771 2.25997329 -2,-2.30969882 0.95670861 -2,-0.95670861 2.30969882 -2,-2.35386014 0.84222466 -2,-0.84222466 2.35386014 -2,-2.39235091 0.7257117 -2,-0.7257117 2.39235091 -2,-2.42507815 0.60745043 -2,-0.60745043 2.42507815 -2,-2.45196319 0.48772579 -2,-0.48772579 2.45196319 -2,-2.47294116 0.36682618 -2,-0.36682618 2.47294116 -2,-2.48796177 0.24504285 -2,-0.24504285 2.48796177 -2,-2.49698853 0.12266918 -2,-0.12266918 2.49698853 -2,-2.48796177 -0.24504285 -2,-2.49698853 -0.12266918 -2,-2.47294116 -0.36682618 -2,-2.45196319 -0.48772579 -2,-2.42507815 -0.60745043 -2,-2.39235091 -0.7257117 -2,-2.35386014 -0.84222466 -2,-2.30969882 -0.95670861 -2,-2.25997329 -1.06888771 -2,-2.20480323 -1.17849183 -2,-2.14432144 -1.28525686 -2,-2.07867408 -1.38892555 -2,-2.00801873 -1.48924828 -2,-1.93252611 -1.58598316 -2,-1.85237777 -1.67889738 -2,-1.76776695 -1.76776695 -2,-1.67889738 -1.85237777 -2,-1.58598316 -1.93252611 -2,-1.48924828 -2.00801873 -2,-1.38892555 -2.07867408 -2,-1.28525686 -2.14432144 -2,-1.17849183 -2.20480323 -2,-1.06888771 -2.25997329 -2,-0.95670861 -2.30969882 -2,-0.84222466 -2.35386014 -2,-0.7257117 -2.39235091 -2,-0.60745043 -2.42507815 -2,-0.48772579 -2.45196319 -2,-0.36682618 -2.47294116 -2,-0.24504285 -2.48796177 -2,-0.12266918 -2.49698853 -2,-2.5 0 -2,-0.12266918 2.49698853 -7.0999999,-0.24504285 2.48796177 -7.0999999,-0.36682618 2.47294116 -7.0999999,-0.48772579 2.45196319 -7.0999999,-0.60745043 2.42507815 -7.0999999,-0.7257117 2.39235091 -7.0999999,-0.84222466 2.35386014 -7.0999999,-0.95670861 2.30969882 -7.0999999,-1.06888771 2.25997329 -7.0999999,-1.17849183 2.20480323 -7.0999999,-1.28525686 2.14432144 -7.0999999,-1.38892555 2.07867408 -7.0999999,-1.48924828 2.00801873 -7.0999999,-1.58598316 1.93252611 -7.0999999,-1.67889738 1.85237777 -7.0999999,-1.76776695 1.76776695 -7.0999999,-1.85237777 1.67889738 -7.0999999,-1.93252611 1.58598316 -7.0999999,-2.00801873 1.48924828 -7.0999999,-2.07867408 1.38892555 -7.0999999,-2.14432144 1.28525686 -7.0999999,-2.20480323 1.17849183 -7.0999999,-2.25997329 1.06888771 -7.0999999,-2.30969882 0.95670861 -7.0999999,-2.35386014 0.84222466 -7.0999999,-2.39235091 0.7257117 -7.0999999,-2.42507815 0.60745043 -7.0999999,-2.45196319 0.48772579 -7.0999999,-2.47294116 0.36682618 -7.0999999,-2.48796177 0.24504285 -7.0999999,-2.49698853 0.12266918 -7.0999999,-0.17050211 2.49417186 -7.10595417,-0.16967143 2.49417186 -7.11783314,-0.16801414 2.49417186 -7.12962532,-0.33958739 2.47671485 -7.1237464,-0.16553831 2.49417186 -7.1412735,-0.33710372 2.47671485 -7.14737701,-0.50833017 2.44771028 -7.11775112,-0.16225597 2.49417186 -7.15271997,-0.33297771 2.47671485 -7.17077637,-0.50585365 2.44771028 -7.15316725,-0.15818316 2.49417186 -7.16390991,-0.32722947 2.47671485 -7.19383144,-0.50091267 2.44771028 -7.18832445,-0.67284888 2.40729332 -7.14705038,-0.15333968 2.49417186 -7.17478895,-0.31988698 2.47671485 -7.21642923,-0.49353126 2.44771028 -7.22305107,-0.6679278 2.40729332 -7.19387102,-0.83668905 2.35565233 -7.12921762,-0.14774916 2.49417186 -7.18530321,-0.31098607 2.47671485 -7.23846006,-0.48374543 2.44771028 -7.25717831,-0.65975267 2.40729332 -7.24023485,-0.83261275 2.35565233 -7.18751097,-0.14143881 2.49417186 -7.19540167,-0.30057004 2.47671485 -7.25981569,-0.47160283 2.44771028 -7.29053974,-0.64836323 2.40729332 -7.28591537,-0.82448012 2.35565233 -7.24537802,-0.13443939 2.49417186 -7.20503569,-0.99357653 2.29302835 -7.16947746,-0.28868967 2.47671485 -7.28039312,-0.45716262 2.44771028 -7.32297325,-0.63381511 2.40729332 -7.33068991,-0.81233066 2.35565233 -7.30253696,-0.126785 2.49417186 -7.21415758,-0.98630971 2.29302835 -7.23861694,-0.27540284 2.47671485 -7.30009174,-1.14946198 2.21971297 -7.14014006,-0.44049519 2.44771028 -7.35432005,-0.61617905 2.40729332 -7.37434053,-0.79622358 2.35565233 -7.35870886,-0.11851291 2.49417186 -7.22272348,-0.97423768 2.29302835 -7.30708075,-0.26077425 2.47671485 -7.31881571,-1.14386189 2.21971297 -7.22022486,-0.4216817 2.44771028 -7.38442802,-0.595541 2.40729332 -7.41665459,-0.77623743 2.35565233 -7.41362047,-0.10966344 2.49417186 -7.23069191,-0.95741928 2.29302835 -7.37453556,-0.24487522 2.47671485 -7.33647346,-1.132689 2.21971297 -7.29972363,-0.40081382 2.44771028 -7.41315031,-1.29579568 2.13604856 -7.19061089,-0.57200158 2.40729332 -7.45742607,-0.75246948 2.35565233 -7.46700382,-0.10027971 2.49417186 -7.23802328,-0.93593639 2.29302835 -7.44065285,-0.22778319 2.47671485 -7.35297871,-1.11599779 2.21971297 -7.37824965,-0.3779932 2.44771028 -7.44034672,-1.28631854 2.13604856 -7.28078032,-0.54567546 2.40729332 -7.49645662,-1.4408226 2.04242468 -7.15031481,-0.72503561 2.35565233 -7.51859951,-0.09040742 2.49417186 -7.24468231,-0.90989375 2.29302835 -7.50511074,-0.2095814 2.47671485 -7.3682518,-1.09386969 2.21971297 -7.45542002,-0.35333106 2.44771028 -7.46588516,-1.27057445 2.13604856 -7.37006903,-0.51669079 2.40729332 -7.53355503,-1.43380296 2.04242468 -7.25069857,-0.69406945 2.35565233 -7.56815577,-0.08009468 2.49417186 -7.2506361,-0.87941819 2.29302835 -7.56759501,-0.19035856 2.47671485 -7.38221836,-1.06641221 2.21971297 -7.53085852,-0.32694751 2.44771028 -7.48964071,-1.24864042 2.13604856 -7.45804167,-0.4851889 2.40729332 -7.56854153,-1.41979814 2.04242468 -7.35034895,-0.65972185 2.35565233 -7.61543131,-1.57387662 1.93927824 -7.2100563,-0.06939173 2.49417186 -7.25585651,-0.8446582 2.29302835 -7.62780094,-0.17020831 2.47671485 -7.39480925,-1.03375924 2.21971297 -7.60419798,-0.29897112 2.44771028 -7.51149845,-1.22062302 2.13604856 -7.54427052,-0.45132318 2.40729332 -7.6012454,-1.39887607 2.04242468 -7.44877911,-0.62216014 2.35565233 -7.66019535,-1.56236565 1.93927824 -7.31957626,-0.0583507 2.49417186 -7.26031733,-0.80578315 2.29302835 -7.68543577,-1.70534337 1.82708991 -7.1595521,-0.14922883 2.47671485 -7.40596437,-0.99607003 2.21971297 -7.67508125,-0.26953816 2.44771028 -7.53135109,-1.18665886 2.13604856 -7.62833452,-0.41525871 2.40729332 -7.63150692,-1.37113893 2.04242468 -7.54550982,-0.58156729 2.35565233 -7.70223045,-1.54324293 1.93927824 -7.4280262,-0.0470254 2.49417186 -7.26399708,-0.76298237 2.29302835 -7.74021816,-1.69703507 1.82708991 -7.27836561,-0.1275223 2.47671485 -7.41562891,-0.95352799 2.21971297 -7.74316263,-0.23879203 2.44771028 -7.54910231,-1.14691353 2.13604856 -7.70982456,-0.3771711 2.40729332 -7.65917921,-1.33672166 2.04242468 -7.64007044,-0.53814119 2.35565233 -7.74133158,-1.51660168 1.93927824 -7.53487873,-0.03547099 2.49417186 -7.26687765,-0.7164644 2.29302835 -7.79188156,-1.68045902 1.82708991 -7.39631033,-0.10519452 2.47671485 -7.42375565,-0.90634048 2.21971297 -7.80811071,-1.82263923 1.70638287 -7.22745132,-0.20688254 2.44771028 -7.56466579,-1.1015805 2.13604856 -7.78834391,-0.33724597 2.40729332 -7.68412733,-1.2957921 2.04242468 -7.73199987,-0.49209324 2.35565233 -7.77730846,-1.48257172 1.93927824 -7.6396122,-0.02374377 2.49417186 -7.26894569,-0.66645592 2.29302835 -7.8401742,-1.65569603 1.82708991 -7.51281118,-0.08235423 2.47671485 -7.430305,-0.8547374 2.21971297 -7.86960888,-1.80930877 1.70638287 -7.3542819,-0.17396514 2.44771028 -7.57796526,-1.05088067 2.13604856 -7.86350965,-1.93809688 1.57771981 -7.16767979,-0.29567781 2.40729332 -7.70622921,-1.24854958 2.04242468 -7.82085037,-0.44364789 2.35565233 -7.80998516,-1.44131887 1.93927824 -7.74171638,-0.01190088 2.49417186 -7.27019024,-0.61320049 2.29302835 -7.88486099,-1.62286651 1.82708991 -7.62730122,-0.05911273 2.47671485 -7.43524504,-0.7989701 2.21971297 -7.92735767,-1.78716362 1.70638287 -7.47987318,-0.1402002 2.44771028 -7.58893633,-0.99506098 2.13604856 -7.93495512,-1.92865467 1.57771981 -7.30270958,-0.25266913 2.40729332 -7.72537804,-1.19522417 2.04242468 -7.90618896,-0.39304113 2.35565233 -7.83920288,-1.39304399 1.93927824 -7.84069443,0 2.49417186 -7.27060604,-0.55695766 2.29302835 -7.92572355,-1.58213067 1.82708991 -7.73922205,-0.03558323 2.47671485 -7.4385519,-0.73931026 2.21971297 -7.98107576,-1.75631154 1.70638287 -7.60361433,-0.10575221 2.44771028 -7.59752512,-0.93439353 2.13604856 -8.00233364,-1.90981627 1.57771981 -7.43675232,-0.20842947 2.40729332 -7.74147987,-1.13607574 2.04242468 -7.98759985,-2.0374496 1.44170082 -7.24247217,-0.34051952 2.35565233 -7.86481953,-1.3379823 1.93927824 -7.93606424,0.01190088 2.49417186 -7.27019024,-0.49800137 2.29302835 -7.96256351,-1.53368676 1.82708991 -7.84802914,-0.01188037 2.47671485 -7.44020939,-0.67604864 2.21971297 -8.03050137,-1.71690285 1.70638287 -7.72490168,-0.07078901 2.44771028 -7.60369015,-0.86917382 2.13604856 -8.06531525,-1.88167334 1.57771981 -7.56915379,-0.16317436 2.40729332 -7.75445652,-1.07139254 2.04242468 -8.06468582,-2.02254796 1.44170082 -7.38425064,-0.28633893 2.35565233 -7.88670969,-1.27640224 1.93927824 -8.02736092,0.02374377 2.49417186 -7.26894569,-2.13474727 1.29895985 -7.1745472,-0.43661886 2.29302835 -7.99520111,-1.47777092 1.82708991 -7.95319128,0.01188037 2.47671485 -7.44020939,-0.60949332 2.21971297 -8.07539272,-1.66912973 1.70638287 -7.84314442,-0.03548094 2.44771028 -7.60740089,-0.79971957 2.13604856 -8.12359428,-1.84436321 1.57771981 -7.69926977,-0.1171243 2.40729332 -7.76424503,-1.00148952 2.04242468 -8.13707256,-1.99779284 1.44170082 -7.5246439,-0.23076333 2.35565233 -7.90476751,-1.2086035 1.93927824 -8.1141386,0.03547099 2.49417186 -7.26687765,-2.12434697 1.29895985 -7.32327795,-0.37310919 2.29302835 -8.02347755,-1.41465545 1.82708991 -8.05419731,0.03558323 2.47671485 -7.4385519,-0.53996861 2.21971297 -8.11553288,-1.61322463 1.70638287 -7.95776653,0 2.44771028 -7.60864019,-0.72636914 2.13604856 -8.17688656,-1.79806745 1.57771981 -7.82646656,-0.07050361 2.40729332 -7.77079678,-0.92670739 2.04242468 -8.20440674,-1.96330464 1.44170082 -7.66296864,-0.17406346 2.35565233 -7.9189043,-1.13491666 1.93927824 -8.19597626,0.0470254 2.49417186 -7.26399708,-2.10359716 1.29895985 -7.47092104,-0.30778176 2.29302835 -8.04725456,-1.344648 1.82708991 -8.15055466,0.05911273 2.47671485 -7.43524504,-2.21430588 1.15016258 -7.25483942,-0.46781328 2.21971297 -8.15072536,-1.54946017 1.70638287 -8.0682106,0.03548094 2.44771028 -7.60740089,-0.64947993 2.13604856 -8.22493267,-1.74301171 1.57771981 -7.95012379,-0.02353943 2.40729332 -7.77408123,-0.8474105 2.04242468 -8.26636028,-1.91925144 1.44170082 -7.79855061,-0.11651558 2.35565233 -7.9290514,-1.05570066 1.93927824 -8.27247429,0.0583507 2.49417186 -7.26031733,-2.0725987 1.29895985 -7.61675692,-0.24095486 2.29302835 -8.06641674,-1.26808953 1.82708991 -8.24179268,0.08235423 2.47671485 -7.430305,-2.19811106 1.15016258 -7.40892458,-0.39337876 2.21971297 -8.18079948,-1.47814679 1.70638287 -8.17393684,0.07078901 2.44771028 -7.60369015,-2.29163146 0.99600273 -7.18002558,-0.56942654 2.13604856 -8.26749706,-1.67946422 1.57771981 -8.06963921,0.02353943 2.40729332 -7.77408123,-0.76398504 2.04242468 -8.32263184,-1.86584783 1.44170082 -7.93072891,-0.05840005 2.35565233 -7.93515968,-0.97134131 1.93927824 -8.34325981,0.06939173 2.49417186 -7.25585651,-2.03150296 1.29895985 -7.76007509,-0.17295405 2.29302835 -8.08087158,-1.18535316 1.82708991 -8.32746887,0.10519452 2.47671485 -7.42375565,-2.17120695 1.15016258 -7.56150436,-0.31702778 2.21971297 -8.20560741,-1.3996321 1.70638287 -8.27443123,0.10575221 2.44771028 -7.59752512,-2.28046679 0.99600273 -7.33968687,-0.48659894 2.13604856 -8.30437469,-1.60773456 1.57771981 -8.18443108,0.07050361 2.40729332 -7.77079678,-0.6768375 2.04242468 -8.37294579,-1.80335402 1.44170082 -8.05886078,0 2.35565233 -7.93719912,-0.88224977 1.93927824 -8.4079895,0.08009468 2.49417186 -7.2506361,-1.98050964 1.29895985 -7.90017796,-0.10411064 2.29302835 -8.09054661,-1.09684181 1.82708991 -8.40716553,0.1275223 2.47671485 -7.41562891,-2.13372517 1.15016258 -7.71183586,-0.23913226 2.21971297 -8.22502899,-1.31429851 1.70638287 -8.36920357,0.1402002 2.44771028 -7.58893633,-2.25819206 0.99600273 -7.49818039,-0.40140069 2.13604856 -8.33538437,-1.52817214 1.57771981 -8.29393864,0.1171243 2.40729332 -7.76424503,-2.34991407 0.83719903 -7.2643218,-0.58639252 2.04242468 -8.41705894,-1.73207438 1.44170082 -8.18232059,0.05840005 2.35565233 -7.93515968,-0.7888599 1.93927824 -8.46634579,0.09040742 2.49417186 -7.24468231,-1.91986763 1.29895985 -8.03638172,-0.03475999 2.29302835 -8.09539604,-1.00298667 1.82708991 -8.48049259,0.14922883 2.47671485 -7.40596437,-2.08584785 1.15016258 -7.85918665,-0.1600717 2.21971297 -8.23896885,-1.22256184 1.70638287 -8.45779228,0.17396514 2.44771028 -7.57796526,-2.2249155 0.99600273 -7.65473366,-0.31424683 2.13604856 -8.3603754,-1.44116461 1.57771981 -8.39763069,0.16317436 2.40729332 -7.75445652,-2.33272719 0.83719903 -7.42784357,-0.49309072 2.04242468 -8.45475578,-1.65235627 1.44170082 -8.30050755,0.11651558 2.35565233 -7.9290514,-2.40582681 0.67449194 -7.18401337,-0.69162685 1.93927824 -8.51804543,0.10027971 2.49417186 -7.23802328,-1.84987223 1.29895985 -8.16802406,0.03475999 2.29302835 -8.09539604,-0.90424514 1.82708991 -8.54709435,0.17020831 2.47671485 -7.39480925,-2.02780867 1.15016258 -8.00283909,-0.08023129 2.21971297 -8.24736118,-1.12486887 1.70638287 -8.53976631,0.20688254 2.44771028 -7.56466579,-2.18079948 0.99600273 -7.80858469,-0.22556202 2.13604856 -8.37922573,-1.3471359 1.57771981 -8.49499989,0.20842947 2.40729332 -7.74147987,-2.30417562 0.83719903 -7.58976746,-0.39738661 2.04242468 -8.48585129,-1.56458807 1.44170082 -8.41284561,0.17406346 2.35565233 -7.9189043,-2.39410591 0.67449194 -7.35163069,-0.59102428 1.93927824 -8.56283665,0.10966344 2.49417186 -7.23069191,-1.77086449 1.29895985 -8.29446316,0.10411064 2.29302835 -8.09054661,-0.80109823 1.82708991 -8.60664654,0.19035856 2.47671485 -7.38221836,-1.95989025 1.15016258 -8.14209175,0 2.21971297 -8.25016212,-1.02169573 1.70638287 -8.61472607,0.23879203 2.44771028 -7.54910231,-2.12605882 0.99600273 -7.95898342,-0.13577828 2.13604856 -8.3918438,-1.246544 1.57771981 -8.5855732,0.25266913 2.40729332 -7.72537804,-2.26439834 0.83719903 -7.74930573,-0.29974645 2.04242468 -8.51019573,-1.46919739 1.44170082 -8.51878738,0.23076333 2.35565233 -7.90476751,-2.3707211 0.67449194 -7.51802206,-0.48754224 1.93927824 -8.60050106,0.11851291 2.49417186 -7.22272348,-1.68322921 1.29895985 -8.41508293,0.17295405 2.29302835 -8.08087158,-2.44174767 0.50864005 -7.27074385,-0.69404846 1.82708991 -8.6588583,0.2095814 2.47671485 -7.3682518,-1.8824234 1.15016258 -8.27626896,0.08023129 2.21971297 -8.24736118,-0.91354495 1.70638287 -8.68230629,0.26953816 2.44771028 -7.53135109,-2.06096005 0.99600273 -8.10519695,-0.04533305 2.13604856 -8.39816856,-1.13987911 1.57771981 -8.66890907,0.29567781 2.40729332 -7.70622921,-2.21358919 0.83719903 -7.90568066,-0.20064597 2.04242468 -8.52766991,-1.36664891 1.44170082 -8.61781693,0.28633893 2.35565233 -7.88670969,-2.33578634 0.67449194 -7.68237686,-0.38168499 1.93927824 -8.63085461,0.126785 2.49417186 -7.21415758,-1.5873934 1.29895985 -8.52929497,0.24095486 2.29302835 -8.06641674,-2.42388916 0.50864005 -7.44065523,-0.58361733 1.82708991 -8.703475,0.22778319 2.47671485 -7.35297871,-1.79578555 1.15016258 -8.40471458,0.1600717 2.21971297 -8.23896885,-2.47520614 0.34041661 -7.18643618,-0.80094349 1.70638287 -8.74217796,0.29897112 2.44771028 -7.51149845,-1.98582077 0.99600273 -8.24651432,0.04533305 2.13604856 -8.39816856,-1.02766085 1.57771981 -8.74460125,0.33724597 2.40729332 -7.68412733,-2.15199542 0.83719903 -8.05813026,-0.10056797 2.04242468 -8.53818893,-1.25744224 1.44170082 -8.70945263,0.34051952 2.35565233 -7.86481953,-2.28947186 0.67449194 -7.84389448,-0.27396819 1.93927824 -8.65375042,0.13443939 2.49417186 -7.20503569,-1.48382401 1.29895985 -8.63654518,0.30778176 2.29302835 -8.04725456,-2.39422178 0.50864005 -7.6089077,-0.47034284 1.82708991 -8.74028015,0.24487522 2.47671485 -7.33647346,-1.7003988 1.15016258 -8.52680397,0.23913226 2.21971297 -8.22502899,-2.46314716 0.34041661 -7.3588872,-0.6844399 1.70638287 -8.79404831,0.32694751 2.44771028 -7.48964071,-1.90100658 0.99600273 -8.38224506,0.13577828 2.13604856 -8.3918438,-0.91043597 1.57771981 -8.81228065,0.3771711 2.40729332 -7.65917921,-2.07991743 0.83719903 -8.20591164,0 2.04242468 -8.54170036,-1.14210939 1.44170082 -8.79324722,0.39304113 2.35565233 -7.83920288,-2.23200345 0.67449194 -8.00178814,-0.16491663 1.93927824 -8.66907692,0.14143881 2.49417186 -7.19540167,-1.37302554 1.29895985 -8.7363081,0.37310919 2.29302835 -8.02347755,-2.35289001 0.50864005 -7.77468014,-0.35477695 1.82708991 -8.76909447,0.26077425 2.47671485 -7.31881571,-1.59672797 1.15016258 -8.64194202,0.31702778 2.21971297 -8.20560741,-2.43908811 0.34041661 -7.53007698,-0.56460184 1.70638287 -8.83766556,0.35333106 2.44771028 -7.46588516,-1.8069309 0.99600273 -8.51172924,0.22556202 2.13604856 -8.37922573,-2.48809624 0.17060603 -7.27398443,-0.7887755 1.57771981 -8.87161922,0.41525871 2.40729332 -7.63150692,-1.99770641 0.83719903 -8.3483057,0.10056797 2.04242468 -8.53818893,-1.02121234 1.44170082 -8.86879158,0.44364789 2.35565233 -7.80998516,-2.16366076 0.67449194 -8.15528774,-0.05506163 1.93927824 -8.67675877,0.14774916 2.49417186 -7.18530321,-1.25553787 1.29895985 -8.82809925,0.43661886 2.29302835 -7.99520111,-2.30009532 0.50864005 -7.93716621,-0.23748259 1.82708991 -8.7897768,0.27540284 2.47671485 -7.30009174,-1.48527789 1.15016258 -8.74956799,0.39337876 2.21971297 -8.18079948,-2.40314579 0.34041661 -7.69917154,-0.44201306 1.70638287 -8.87281799,0.3779932 2.44771028 -7.44034672,-1.70405209 0.99600273 -8.63433552,0.31424683 2.13604856 -8.3603754,-2.4698987 0.17060603 -7.44712162,-0.6632722 1.57771981 -8.92232513,0.45132318 2.40729332 -7.6012454,-1.90576279 0.83719903 -8.48461723,0.20064597 2.04242468 -8.52766991,-0.89534009 1.44170082 -8.93571949,0.49209324 2.35565233 -7.77730846,-2.08477712 0.67449194 -8.30364704,0.05506163 1.93927824 -8.67675877,0.15333968 2.49417186 -7.17478895,-1.13193321 1.29895985 -8.91147232,0.49800137 2.29302835 -7.96256351,-2.23609447 0.50864005 -8.09557343,-0.11903125 1.82708991 -8.80222607,0.28868967 2.47671485 -7.28039312,-1.36659181 1.15016258 -8.84915733,0.46781328 2.21971297 -8.15072536,-2.35549593 0.34041661 -7.86534691,-0.31727085 1.70638287 -8.89933205,0.40081382 2.44771028 -7.41315031,-1.59287131 0.99600273 -8.7494669,0.40140069 2.13604856 -8.33538437,-2.43966818 0.17060603 -7.61856747,-0.53453749 1.57771981 -8.96415424,0.4851889 2.40729332 -7.56854153,-1.80453432 0.83719903 -8.61418438,0.29974645 2.04242468 -8.51019573,-0.76510578 1.44170082 -8.99370289,0.53814119 2.35565233 -7.74133158,-1.99573648 0.67449194 -8.44614124,0.16491663 1.93927824 -8.66907692,0.15818316 2.49417186 -7.16390991,-1.00281405 1.29895985 -8.98601913,0.55695766 2.29302835 -7.92572355,-2.16119981 0.50864005 -8.24913025,0 1.82708991 -8.80638313,0.30057004 2.47671485 -7.25981569,-1.24124777 1.15016258 -8.9402256,0.53996861 2.21971297 -8.11553288,-2.29637003 0.34041661 -8.02779388,-0.19098291 1.70638287 -8.91708088,0.4216817 2.44771028 -7.38442802,-1.47393012 0.99600273 -8.85656166,0.48659894 2.13604856 -8.30437469,-2.39755201 0.17060603 -7.78748703,-0.40319863 1.57771981 -8.99690056,0.51669079 2.40729332 -7.53355503,-1.69451451 0.83719903 -8.7363739,0.39738661 2.04242468 -8.48585129,-0.63114393 1.44170082 -9.0424614,0.58156729 2.35565233 -7.70223045,-1.89697289 0.67449194 -8.58207798,0.27396819 1.93927824 -8.65375042,0.16225597 2.49417186 -7.15271997,-0.86880922 1.29895985 -9.0513773,0.61320049 2.29302835 -7.88486099,-2.0757761 0.50864005 -8.397089,0.11903125 1.82708991 -8.80222607,0.31098607 2.47671485 -7.23846006,-1.10985649 1.15016258 -9.02232742,0.60949332 2.21971297 -8.07539272,-2.22605658 0.34041661 -8.18572044,-0.06376452 1.70638287 -8.92597675,0.44049519 2.44771028 -7.35432005,-1.34780824 0.99600273 -8.95509911,0.56942654 2.13604856 -8.26749706,-2.34375501 0.17060603 -7.95305681,-0.26989537 1.57771981 -9.02040577,0.54567546 2.40729332 -7.49645662,-1.57623911 0.83719903 -8.85059071,0.49309072 2.04242468 -8.45475578,-0.49410728 1.44170082 -9.08175564,0.62216014 2.35565233 -7.66019535,-1.78896749 0.67449194 -8.7107935,0.38168499 1.93927824 -8.63085461,0.16553831 2.49417186 -7.1412735,-0.73057163 1.29895985 -9.10722923,0.66645592 2.29302835 -7.8401742,-1.98023915 0.50864005 -8.53872776,0.23748259 1.82708991 -8.7897768,0.31988698 2.47671485 -7.21642923,-0.97305816 1.15016258 -9.09506512,0.67604864 2.21971297 -8.03050137,-2.14489794 0.34041661 -8.33835697,0.06376452 1.70638287 -8.92597675,0.45716262 2.44771028 -7.32297325,-1.21511984 0.99600273 -9.04459858,0.64947993 2.13604856 -8.22493267,-2.27853942 0.17060603 -8.11447144,-0.13527721 1.57771981 -9.03455448,0.57200158 2.40729332 -7.45742607,-1.45028436 0.83719903 -8.95627975,0.58639252 2.04242468 -8.41705894,-0.35466334 1.44170082 -9.11139584,0.65972185 2.35565233 -7.61543131,-1.67224634 0.67449194 -8.83166218,0.48754224 1.93927824 -8.60050106,0.16801414 2.49417186 -7.12962532,-0.58877474 1.29895985 -9.15330124,0.7164644 2.29302835 -7.79188156,-1.87505484 0.50864005 -8.67335796,0.35477695 1.82708991 -8.76909447,0.32722947 2.47671485 -7.19383144,-0.83151913 1.15016258 -9.15808201,0.73931026 2.21971297 -7.98107576,-2.05328965 0.34041661 -8.48496151,0.19098291 1.70638287 -8.91708088,0.47160283 2.44771028 -7.29053974,-1.0765115 0.99600273 -9.12462425,0.72636914 2.13604856 -8.17688656,-2.20222306 0.17060603 -8.27094269,0 1.57771981 -9.03927803,0.595541 2.40729332 -7.41665459,-1.31726408 0.83719903 -9.05292416,0.6768375 2.04242468 -8.37294579,-0.21349151 1.44170082 -9.13123608,0.69406945 2.35565233 -7.56815577,-1.5473783 0.67449194 -8.9440937,0.59102428 1.93927824 -8.56283665,0.16967143 2.49417186 -7.11783314,-0.44410947 1.29895985 -9.18937111,0.76298237 2.29302835 -7.74021816,-1.76073539 0.50864005 -8.80032253,0.47034284 1.82708991 -8.74028015,0.33297771 2.47671485 -7.17077637,-0.68592906 1.15016258 -9.21107292,0.7989701 2.21971297 -7.92735767,-1.95167792 0.34041661 -8.62481785,0.31727085 1.70638287 -8.89933205,0.48374543 2.44771028 -7.25717831,-0.93265861 0.99600273 -9.19478512,0.79971957 2.13604856 -8.12359428,-2.11517787 0.17060603 -8.42171001,0.13527721 1.57771981 -9.03455448,0.61617905 2.40729332 -7.37434053,-1.17782617 0.83719903 -9.1400547,0.76398504 2.04242468 -8.32263184,-0.07127959 1.44170082 -9.14118099,0.72503561 2.35565233 -7.51859951,-1.41497147 0.67449194 -9.04754066,0.69162685 1.93927824 -8.51804543,0.17050211 2.49417186 -7.10595417,-0.29728049 1.29895985 -9.21526051,0.80578315 2.29302835 -7.68543577,-1.63783777 0.50864005 -8.91900349,0.58361733 1.82708991 -8.703475,0.33710372 2.47671485 -7.14737701,-0.5369972 1.15016258 -9.25377846,0.8547374 2.21971297 -7.86960888,-1.84055781 0.34041661 -8.75724602,0.44201306 1.70638287 -8.87281799,0.49353126 2.44771028 -7.22305107,-0.78426182 0.99600273 -9.25474167,0.86917382 2.13604856 -8.06531525,-2.01782751 0.17060603 -8.56603718,0.26989537 1.57771981 -9.02040577,0.63381511 2.40729332 -7.33068991,-1.03264999 0.83719903 -9.21724606,0.8474105 2.04242468 -8.26636028,0.07127959 1.44170082 -9.14118099,0.75246948 2.35565233 -7.46700382,-1.27567101 0.67449194 -9.14150047,0.7888599 1.93927824 -8.46634579,-0.14900321 1.29895985 -9.23084545,0.8446582 2.29302835 -7.62780094,-1.50696087 0.50864005 -9.02882195,0.69404846 1.82708991 -8.6588583,0.33958739 2.47671485 -7.1237464,-0.38544911 1.15016258 -9.28599072,0.90634048 2.21971297 -7.80811071,-1.72047067 0.34041661 -8.88159943,0.56460184 1.70638287 -8.83766556,0.50091267 2.44771028 -7.18832445,-0.63204426 0.99600273 -9.30420017,0.93439353 2.13604856 -8.00233364,-1.91064656 0.17060603 -8.70322323,0.40319863 1.57771981 -8.99690056,0.64836323 2.40729332 -7.28591537,-0.88244289 0.83719903 -9.28412247,0.92670739 2.04242468 -8.20440674,0.21349151 1.44170082 -9.13123608,0.77623743 2.35565233 -7.41362047,-1.13015568 0.67449194 -9.22551346,0.88224977 1.93927824 -8.4079895,0 1.29895985 -9.2360487,0.87941819 2.29302835 -7.56759501,-1.36874223 0.50864005 -9.12924385,0.80109823 1.82708991 -8.60664654,-0.23202319 1.15016258 -9.30755329,0.95352799 2.21971297 -7.74316263,-1.59200168 0.34041661 -8.99727345,0.6844399 1.70638287 -8.79404831,0.50585365 2.44771028 -7.15316725,-0.47674739 0.99600273 -9.3429203,0.99506098 2.13604856 -7.93495512,-1.79415715 0.17060603 -8.83259773,0.53453749 1.57771981 -8.96415424,0.65975267 2.40729332 -7.24023485,-0.72793657 0.83719903 -9.34035873,1.00148952 2.04242468 -8.13707256,0.35466334 1.44170082 -9.11139584,0.79622358 2.35565233 -7.35870886,-0.97913438 0.67449194 -9.29917145,0.97134131 1.93927824 -8.34325981,0.14900321 1.29895985 -9.23084545,0.90989375 2.29302835 -7.50511074,-1.22385514 0.50864005 -9.21977901,0.90424514 1.82708991 -8.54709435,-0.07746687 1.15016258 -9.31836128,0.99607003 2.21971297 -7.67508125,-1.45577645 0.34041661 -9.10370445,0.80094349 1.70638287 -8.74217796,0.50833017 2.44771028 -7.11775112,-0.31912786 0.99600273 -9.37071228,1.05088067 2.13604856 -7.86350965,-1.66892672 0.17060603 -8.95353127,0.6632722 1.57771981 -8.92232513,0.6679278 2.40729332 -7.19387102,-0.56988388 0.83719903 -9.38567924,1.07139254 2.04242468 -8.06468582,0.49410728 1.44170082 -9.08175564,0.81233066 2.35565233 -7.30253696,-0.8233428 0.67449194 -9.36211586,1.05570066 1.93927824 -8.27247429,0.29728049 1.29895985 -9.21526051,0.93593639 2.29302835 -7.44065285,-1.07300556 0.50864005 -9.29998779,1.00298667 1.82708991 -8.48049259,0.07746687 1.15016258 -9.31836128,1.03375924 2.21971297 -7.60419798,-1.31245887 0.34041661 -9.20037365,0.91354495 1.70638287 -8.68230629,-0.15995356 0.99600273 -9.38744259,1.1015805 2.13604856 -7.78834391,-1.53556561 0.17060603 -9.06543446,0.7887755 1.57771981 -8.87161922,0.67284888 2.40729332 -7.14705038,-0.40905473 0.83719903 -9.41986465,1.13607574 2.04242468 -7.98759985,0.63114393 1.44170082 -9.0424614,0.82448012 2.35565233 -7.24537802,-0.66353995 0.67449194 -9.41403866,1.13491666 1.93927824 -8.19597626,0.44410947 1.29895985 -9.18937111,0.95741928 2.29302835 -7.37453556,-0.91692841 0.50864005 -9.36947727,1.09684181 1.82708991 -8.40716553,0.23202319 1.15016258 -9.30755329,1.06641221 2.21971297 -7.53085852,-1.16274714 0.34041661 -9.28680897,1.02169573 1.70638287 -8.61472607,0 0.99600273 -9.39302826,1.14691353 2.13604856 -7.70982456,-1.3947233 0.17060603 -9.1677618,0.91043597 1.57771981 -8.81228065,-0.24623272 0.83719903 -9.44274807,1.19522417 2.04242468 -7.90618896,0.76510578 1.44170082 -8.99370289,0.83261275 2.35565233 -7.18751097,-0.50050437 0.67449194 -9.45468807,1.2086035 1.93927824 -8.1141386,0.58877474 1.29895985 -9.15330124,0.97423768 2.29302835 -7.30708075,-0.75638407 0.50864005 -9.4279108,1.18535316 1.82708991 -8.32746887,0.38544911 1.15016258 -9.28599072,1.09386969 2.21971297 -7.45542002,-1.00737071 0.34041661 -9.36259174,1.12486887 1.70638287 -8.53976631,0.15995356 0.99600273 -9.38744259,1.18665886 2.13604856 -7.62833452,-1.24708593 0.17060603 -9.26001644,1.02766085 1.57771981 -8.74460125,-0.08221108 0.83719903 -9.45421696,1.24854958 2.04242468 -7.82085037,0.89534009 1.44170082 -8.93571949,0.83668905 2.35565233 -7.12921762,-0.33503047 0.67449194 -9.48386574,1.27640224 1.93927824 -8.02736092,0.73057163 1.29895985 -9.10722923,0.98630971 2.29302835 -7.23861694,-0.59215468 0.50864005 -9.47500229,1.26808953 1.82708991 -8.24179268,0.5369972 1.15016258 -9.25377846,1.11599779 2.21971297 -7.37824965,-0.84708637 0.34041661 -9.427351,1.22256184 1.70638287 -8.45779228,0.31912786 0.99600273 -9.37071228,1.22062302 2.13604856 -7.54427052,-1.09337306 0.17060603 -9.34174728,1.13987911 1.57771981 -8.66890907,0.08221108 0.83719903 -9.45421696,1.2957921 2.04242468 -7.73199987,1.02121234 1.44170082 -8.86879158,-0.16792428 0.67449194 -9.50142956,1.3379823 1.93927824 -7.93606424,0.86880922 1.29895985 -9.0513773,0.99357653 2.29302835 -7.16947746,-0.42504042 0.50864005 -9.5105238,1.344648 1.82708991 -8.15055466,0.68592906 1.15016258 -9.21107292,1.132689 2.21971297 -7.29972363,-0.68267512 0.34041661 -9.48077106,1.31429851 1.70638287 -8.36920357,0.47674739 0.99600273 -9.3429203,1.24864042 2.13604856 -7.45804167,-0.93433326 0.17060603 -9.41255569,1.246544 1.57771981 -8.5855732,0.24623272 0.83719903 -9.44274807,1.33672166 2.04242468 -7.64007044,1.14210939 1.44170082 -8.79324722,0 0.67449194 -9.50729275,1.39304399 1.93927824 -7.84069443,1.00281405 1.29895985 -8.98601913,-0.25585538 0.50864005 -9.53430176,1.41465545 1.82708991 -8.05419731,0.83151913 1.15016258 -9.15808201,1.14386189 2.21971297 -7.22022486,-0.514938 0.34041661 -9.52259254,1.3996321 1.70638287 -8.27443123,0.63204426 0.99600273 -9.30420017,1.27057445 2.13604856 -7.37006903,-0.77074152 0.17060603 -9.47209835,1.3471359 1.57771981 -8.49499989,0.40905473 0.83719903 -9.41986465,1.37113893 2.04242468 -7.54550982,1.25744224 1.44170082 -8.70945263,0.16792428 0.67449194 -9.50142956,1.44131887 1.93927824 -7.74171638,1.13193321 1.29895985 -8.91147232,-0.08542386 0.50864005 -9.54621887,1.47777092 1.82708991 -7.95319128,0.97305816 1.15016258 -9.09506512,1.14946198 2.21971297 -7.14014006,-0.34469208 0.34041661 -9.55261135,1.47814679 1.70638287 -8.17393684,0.78426182 0.99600273 -9.25474167,1.28631854 2.13604856 -7.28078032,-0.60339481 0.17060603 -9.52008438,1.44116461 1.57771981 -8.39763069,0.56988388 0.83719903 -9.38567924,1.39887607 2.04242468 -7.44877911,1.36664891 1.44170082 -8.61781693,0.33503047 0.67449194 -9.48386574,1.48257172 1.93927824 -7.6396122,1.25553787 1.29895985 -8.82809925,0.08542386 0.50864005 -9.54621887,1.53368676 1.82708991 -7.84802914,1.10985649 1.15016258 -9.02232742,-0.17276689 0.34041661 -9.57068157,1.54946017 1.70638287 -8.0682106,0.93265861 0.99600273 -9.19478512,1.29579568 2.13604856 -7.19061089,-0.43310842 0.17060603 -9.55628014,1.52817214 1.57771981 -8.29393864,0.72793657 0.83719903 -9.34035873,1.41979814 2.04242468 -7.35034895,1.46919739 1.44170082 -8.51878738,0.50050437 0.67449194 -9.45468807,1.51660168 1.93927824 -7.53487873,1.37302554 1.29895985 -8.7363081,0.25585538 0.50864005 -9.53430176,1.58213067 1.82708991 -7.73922205,1.24124777 1.15016258 -8.9402256,0 0.34041661 -9.57671452,1.61322463 1.70638287 -7.95776653,1.0765115 0.99600273 -9.12462425,-0.26071197 0.17060603 -9.58050823,1.60773456 1.57771981 -8.18443108,0.88244289 0.83719903 -9.28412247,1.43380296 2.04242468 -7.25069857,1.56458807 1.44170082 -8.41284561,0.66353995 0.67449194 -9.41403866,1.54324293 1.93927824 -7.4280262,1.48382401 1.29895985 -8.63654518,0.42504042 0.50864005 -9.5105238,1.62286651 1.82708991 -7.62730122,1.36659181 1.15016258 -8.84915733,0.17276689 0.34041661 -9.57068157,1.66912973 1.70638287 -7.84314442,1.21511984 0.99600273 -9.04459858,-0.08704534 0.17060603 -9.59265232,1.67946422 1.57771981 -8.06963921,1.03264999 0.83719903 -9.21724606,1.4408226 2.04242468 -7.15031481,1.65235627 1.44170082 -8.30050755,0.8233428 0.67449194 -9.36211586,1.56236565 1.93927824 -7.31957626,1.5873934 1.29895985 -8.52929497,0.59215468 0.50864005 -9.47500229,1.65569603 1.82708991 -7.51281118,1.48527789 1.15016258 -8.74956799,0.34469208 0.34041661 -9.55261135,1.71690285 1.70638287 -7.72490168,1.34780824 0.99600273 -8.95509911,0.08704534 0.17060603 -9.59265232,1.74301171 1.57771981 -7.95012379,1.17782617 0.83719903 -9.1400547,1.73207438 1.44170082 -8.18232059,0.97913438 0.67449194 -9.29917145,1.57387662 1.93927824 -7.2100563,1.68322921 1.29895985 -8.41508293,0.75638407 0.50864005 -9.4279108,1.68045902 1.82708991 -7.39631033,1.59672797 1.15016258 -8.64194202,0.514938 0.34041661 -9.52259254,1.75631154 1.70638287 -7.60361433,1.47393012 0.99600273 -8.85656166,0.26071197 0.17060603 -9.58050823,1.79806745 1.57771981 -7.82646656,1.31726408 0.83719903 -9.05292416,1.80335402 1.44170082 -8.05886078,1.13015568 0.67449194 -9.22551346,1.77086449 1.29895985 -8.29446316,0.91692841 0.50864005 -9.36947727,1.69703507 1.82708991 -7.27836561,1.7003988 1.15016258 -8.52680397,0.68267512 0.34041661 -9.48077106,1.78716362 1.70638287 -7.47987318,1.59287131 0.99600273 -8.7494669,0.43310842 0.17060603 -9.55628014,1.84436321 1.57771981 -7.69926977,1.45028436 0.83719903 -8.95627975,1.86584783 1.44170082 -7.93072891,1.27567101 0.67449194 -9.14150047,1.84987223 1.29895985 -8.16802406,1.07300556 0.50864005 -9.29998779,1.70534337 1.82708991 -7.1595521,1.79578555 1.15016258 -8.40471458,0.84708637 0.34041661 -9.427351,1.80930877 1.70638287 -7.3542819,1.70405209 0.99600273 -8.63433552,0.60339481 0.17060603 -9.52008438,1.88167334 1.57771981 -7.56915379,1.57623911 0.83719903 -8.85059071,1.91925144 1.44170082 -7.79855061,1.41497147 0.67449194 -9.04754066,1.91986763 1.29895985 -8.03638172,1.22385514 0.50864005 -9.21977901,1.8824234 1.15016258 -8.27626896,1.00737071 0.34041661 -9.36259174,1.82263923 1.70638287 -7.22745132,1.8069309 0.99600273 -8.51172924,0.77074152 0.17060603 -9.47209835,1.90981627 1.57771981 -7.43675232,1.69451451 0.83719903 -8.7363739,1.96330464 1.44170082 -7.66296864,1.5473783 0.67449194 -8.9440937,1.98050964 1.29895985 -7.90017796,1.36874223 0.50864005 -9.12924385,1.95989025 1.15016258 -8.14209175,1.16274714 0.34041661 -9.28680897,1.90100658 0.99600273 -8.38224506,0.93433326 0.17060603 -9.41255569,1.92865467 1.57771981 -7.30270958,1.80453432 0.83719903 -8.61418438,1.99779284 1.44170082 -7.5246439,1.67224634 0.67449194 -8.83166218,2.03150296 1.29895985 -7.76007509,1.50696087 0.50864005 -9.02882195,2.02780867 1.15016258 -8.00283909,1.31245887 0.34041661 -9.20037365,1.98582077 0.99600273 -8.24651432,1.09337306 0.17060603 -9.34174728,1.93809688 1.57771981 -7.16767979,1.90576279 0.83719903 -8.48461723,2.02254796 1.44170082 -7.38425064,1.78896749 0.67449194 -8.7107935,2.0725987 1.29895985 -7.61675692,1.63783777 0.50864005 -8.91900349,2.08584785 1.15016258 -7.85918665,1.45577645 0.34041661 -9.10370445,2.06096005 0.99600273 -8.10519695,1.24708593 0.17060603 -9.26001644,1.99770641 0.83719903 -8.3483057,2.0374496 1.44170082 -7.24247217,1.89697289 0.67449194 -8.58207798,2.10359716 1.29895985 -7.47092104,1.76073539 0.50864005 -8.80032253,2.13372517 1.15016258 -7.71183586,1.59200168 0.34041661 -8.99727345,2.12605882 0.99600273 -7.95898342,1.3947233 0.17060603 -9.1677618,2.07991743 0.83719903 -8.20591164,1.99573648 0.67449194 -8.44614124,2.12434697 1.29895985 -7.32327795,1.87505484 0.50864005 -8.67335796,2.17120695 1.15016258 -7.56150436,1.72047067 0.34041661 -8.88159943,2.18079948 0.99600273 -7.80858469,1.53556561 0.17060603 -9.06543446,2.15199542 0.83719903 -8.05813026,2.08477712 0.67449194 -8.30364704,2.13474727 1.29895985 -7.1745472,1.98023915 0.50864005 -8.53872776,2.19811106 1.15016258 -7.40892458,1.84055781 0.34041661 -8.75724602,2.2249155 0.99600273 -7.65473366,1.66892672 0.17060603 -8.95353127,2.21358919 0.83719903 -7.90568066,2.16366076 0.67449194 -8.15528774,2.0757761 0.50864005 -8.397089,2.21430588 1.15016258 -7.25483942,1.95167792 0.34041661 -8.62481785,2.25819206 0.99600273 -7.49818039,1.79415715 0.17060603 -8.83259773,2.26439834 0.83719903 -7.74930573,2.23200345 0.67449194 -8.00178814,2.16119981 0.50864005 -8.24913025,2.05328965 0.34041661 -8.48496151,2.28046679 0.99600273 -7.33968687,1.91064656 0.17060603 -8.70322323,2.30417562 0.83719903 -7.58976746,2.28947186 0.67449194 -7.84389448,2.23609447 0.50864005 -8.09557343,2.14489794 0.34041661 -8.33835697,2.29163146 0.99600273 -7.18002558,2.01782751 0.17060603 -8.56603718,2.33272719 0.83719903 -7.42784357,2.33578634 0.67449194 -7.68237686,2.30009532 0.50864005 -7.93716621,2.22605658 0.34041661 -8.18572044,2.11517787 0.17060603 -8.42171001,2.34991407 0.83719903 -7.2643218,2.3707211 0.67449194 -7.51802206,2.35289001 0.50864005 -7.77468014,2.29637003 0.34041661 -8.02779388,2.20222306 0.17060603 -8.27094269,2.39410591 0.67449194 -7.35163069,2.39422178 0.50864005 -7.6089077,2.35549593 0.34041661 -7.86534691,2.27853942 0.17060603 -8.11447144,2.40582681 0.67449194 -7.18401337,2.42388916 0.50864005 -7.44065523,2.40314579 0.34041661 -7.69917154,2.34375501 0.17060603 -7.95305681,2.44174767 0.50864005 -7.27074385,2.43908811 0.34041661 -7.53007698,2.39755201 0.17060603 -7.78748703,2.46314716 0.34041661 -7.3588872,2.43966818 0.17060603 -7.61856747,2.47520614 0.34041661 -7.18643618,2.4698987 0.17060603 -7.44712162,2.48809624 0.17060603 -7.27398443              ]
            }
            coordIndex [
0,1,2,-1,3,4,5,-1,6,0,2,-1,6,7,0,-1,8,6,2,-1,8,9,10,-1,8,2,9,-1,11,10,12,-1,11,8,10,-1,13,7,6,-1,13,6,8,-1,13,14,7,-1,15,16,17,-1,15,12,16,-1,15,11,12,-1,18,8,11,-1,18,13,8,-1,19,20,14,-1,19,21,20,-1,19,14,13,-1,22,17,23,-1,22,15,17,-1,24,11,15,-1,24,18,11,-1,25,19,13,-1,25,13,18,-1,26,27,28,-1,26,23,27,-1,26,22,23,-1,29,15,22,-1,29,24,15,-1,30,18,24,-1,30,25,18,-1,31,32,21,-1,31,21,19,-1,31,19,25,-1,33,28,34,-1,33,26,28,-1,35,29,22,-1,35,22,26,-1,36,30,24,-1,36,24,29,-1,37,25,30,-1,37,31,25,-1,38,39,32,-1,38,40,39,-1,38,32,31,-1,41,34,42,-1,41,33,34,-1,43,35,26,-1,43,26,33,-1,44,29,35,-1,44,36,29,-1,45,37,30,-1,45,30,36,-1,46,31,37,-1,46,38,31,-1,47,48,49,-1,47,42,48,-1,47,41,42,-1,50,33,41,-1,50,43,33,-1,51,44,35,-1,51,35,43,-1,52,36,44,-1,52,45,36,-1,53,37,45,-1,53,46,37,-1,54,49,55,-1,54,47,49,-1,56,57,40,-1,56,38,46,-1,56,40,38,-1,58,41,47,-1,58,50,41,-1,59,43,50,-1,59,51,43,-1,60,44,51,-1,60,52,44,-1,61,45,52,-1,61,53,45,-1,62,63,64,-1,62,55,63,-1,62,54,55,-1,65,56,46,-1,65,46,53,-1,66,47,54,-1,66,58,47,-1,67,68,57,-1,67,57,56,-1,69,59,50,-1,69,50,58,-1,70,51,59,-1,70,60,51,-1,71,52,60,-1,71,61,52,-1,72,64,73,-1,72,62,64,-1,74,65,53,-1,74,53,61,-1,75,54,62,-1,75,66,54,-1,76,67,56,-1,76,56,65,-1,77,58,66,-1,77,69,58,-1,78,59,69,-1,78,70,59,-1,79,60,70,-1,79,71,60,-1,80,72,73,-1,80,73,81,-1,82,74,61,-1,82,61,71,-1,83,75,62,-1,83,62,72,-1,84,65,74,-1,84,76,65,-1,85,66,75,-1,85,77,66,-1,86,87,68,-1,86,68,67,-1,86,88,87,-1,86,67,76,-1,89,69,77,-1,89,78,69,-1,90,70,78,-1,90,79,70,-1,91,92,93,-1,91,81,92,-1,91,80,81,-1,94,82,71,-1,94,71,79,-1,95,72,80,-1,95,83,72,-1,96,84,74,-1,96,74,82,-1,97,85,75,-1,97,75,83,-1,98,76,84,-1,98,86,76,-1,99,89,77,-1,99,77,85,-1,100,101,88,-1,100,88,86,-1,102,78,89,-1,102,90,78,-1,103,93,104,-1,103,91,93,-1,105,79,90,-1,105,94,79,-1,106,80,91,-1,106,95,80,-1,107,96,82,-1,107,82,94,-1,108,97,83,-1,108,83,95,-1,109,84,96,-1,109,98,84,-1,110,85,97,-1,110,99,85,-1,111,86,98,-1,111,100,86,-1,112,102,89,-1,112,89,99,-1,113,114,115,-1,113,104,114,-1,113,103,104,-1,116,90,102,-1,116,105,90,-1,117,106,91,-1,117,91,103,-1,118,94,105,-1,118,107,94,-1,119,95,106,-1,119,108,95,-1,120,109,96,-1,120,96,107,-1,121,97,108,-1,121,110,97,-1,122,98,109,-1,122,111,98,-1,123,99,110,-1,123,112,99,-1,124,125,101,-1,124,126,125,-1,124,101,100,-1,124,100,111,-1,127,113,115,-1,127,115,128,-1,129,102,112,-1,129,116,102,-1,130,103,113,-1,130,117,103,-1,131,118,105,-1,131,105,116,-1,132,119,106,-1,132,106,117,-1,133,107,118,-1,133,120,107,-1,134,121,108,-1,134,108,119,-1,135,109,120,-1,135,122,109,-1,136,123,110,-1,136,110,121,-1,137,124,111,-1,137,111,122,-1,138,139,140,-1,138,128,139,-1,138,127,128,-1,141,129,112,-1,141,112,123,-1,142,143,126,-1,142,126,124,-1,144,130,113,-1,144,113,127,-1,145,116,129,-1,145,131,116,-1,146,132,117,-1,146,117,130,-1,147,133,118,-1,147,118,131,-1,148,134,119,-1,148,119,132,-1,149,135,120,-1,149,120,133,-1,150,121,134,-1,150,136,121,-1,151,137,122,-1,151,122,135,-1,152,138,140,-1,152,140,153,-1,154,123,136,-1,154,141,123,-1,155,124,137,-1,155,142,124,-1,156,127,138,-1,156,144,127,-1,157,145,129,-1,157,129,141,-1,158,146,130,-1,158,130,144,-1,159,131,145,-1,159,147,131,-1,160,148,132,-1,160,132,146,-1,161,133,147,-1,161,149,133,-1,162,150,134,-1,162,134,148,-1,163,135,149,-1,163,151,135,-1,164,153,165,-1,164,152,153,-1,166,154,136,-1,166,136,150,-1,167,137,151,-1,167,155,137,-1,168,138,152,-1,168,156,138,-1,169,157,141,-1,169,141,154,-1,170,171,143,-1,170,143,142,-1,170,142,155,-1,172,144,156,-1,172,158,144,-1,173,159,145,-1,173,145,157,-1,174,146,158,-1,174,160,146,-1,175,147,159,-1,175,161,147,-1,176,162,148,-1,176,148,160,-1,177,149,161,-1,177,163,149,-1,178,179,180,-1,178,165,179,-1,178,164,165,-1,181,166,150,-1,181,150,162,-1,182,167,151,-1,182,151,163,-1,183,152,164,-1,183,168,152,-1,184,169,154,-1,184,154,166,-1,185,155,167,-1,185,170,155,-1,186,156,168,-1,186,172,156,-1,187,157,169,-1,187,173,157,-1,188,189,171,-1,188,190,189,-1,188,171,170,-1,191,174,158,-1,191,158,172,-1,192,159,173,-1,192,175,159,-1,193,176,160,-1,193,160,174,-1,194,177,161,-1,194,161,175,-1,195,180,196,-1,195,178,180,-1,197,181,162,-1,197,162,176,-1,198,163,177,-1,198,182,163,-1,199,183,164,-1,199,164,178,-1,200,184,166,-1,200,166,181,-1,201,167,182,-1,201,185,167,-1,202,186,168,-1,202,168,183,-1,203,169,184,-1,203,187,169,-1,204,170,185,-1,204,188,170,-1,205,191,172,-1,205,172,186,-1,206,192,173,-1,206,173,187,-1,207,174,191,-1,207,193,174,-1,208,175,192,-1,208,194,175,-1,209,196,210,-1,209,210,211,-1,209,195,196,-1,212,176,193,-1,212,197,176,-1,213,177,194,-1,213,198,177,-1,214,178,195,-1,214,199,178,-1,215,181,197,-1,215,200,181,-1,216,201,182,-1,216,182,198,-1,217,183,199,-1,217,202,183,-1,218,184,200,-1,218,203,184,-1,219,204,185,-1,219,185,201,-1,220,205,186,-1,220,186,202,-1,221,206,187,-1,221,187,203,-1,222,223,190,-1,222,190,188,-1,222,188,204,-1,224,207,191,-1,224,191,205,-1,225,192,206,-1,225,208,192,-1,226,211,227,-1,226,209,211,-1,228,212,193,-1,228,193,207,-1,229,194,208,-1,229,213,194,-1,230,195,209,-1,230,214,195,-1,231,197,212,-1,231,215,197,-1,232,216,198,-1,232,198,213,-1,233,217,199,-1,233,199,214,-1,234,218,200,-1,234,200,215,-1,235,219,201,-1,235,201,216,-1,236,202,217,-1,236,220,202,-1,237,221,203,-1,237,203,218,-1,238,204,219,-1,238,222,204,-1,239,205,220,-1,239,224,205,-1,240,225,206,-1,240,206,221,-1,241,226,227,-1,241,227,242,-1,241,242,243,-1,244,245,223,-1,244,246,245,-1,244,223,222,-1,247,207,224,-1,247,228,207,-1,248,229,208,-1,248,208,225,-1,249,209,226,-1,249,230,209,-1,250,231,212,-1,250,212,228,-1,251,213,229,-1,251,232,213,-1,252,214,230,-1,252,233,214,-1,253,215,231,-1,253,234,215,-1,254,216,232,-1,254,235,216,-1,255,217,233,-1,255,236,217,-1,256,237,218,-1,256,218,234,-1,257,238,219,-1,257,219,235,-1,258,220,236,-1,258,239,220,-1,259,240,221,-1,259,221,237,-1,260,243,261,-1,260,241,243,-1,262,244,222,-1,262,222,238,-1,263,247,224,-1,263,224,239,-1,264,225,240,-1,264,248,225,-1,265,249,226,-1,265,226,241,-1,266,228,247,-1,266,250,228,-1,267,229,248,-1,267,251,229,-1,268,252,230,-1,268,230,249,-1,269,253,231,-1,269,231,250,-1,270,254,232,-1,270,232,251,-1,271,255,233,-1,271,233,252,-1,272,234,253,-1,272,256,234,-1,273,235,254,-1,273,257,235,-1,274,236,255,-1,274,258,236,-1,275,237,256,-1,275,259,237,-1,276,261,277,-1,276,260,261,-1,278,238,257,-1,278,262,238,-1,279,263,239,-1,279,239,258,-1,280,240,259,-1,280,264,240,-1,281,265,241,-1,281,241,260,-1,282,244,262,-1,282,283,246,-1,282,246,244,-1,284,247,263,-1,284,266,247,-1,285,267,248,-1,285,248,264,-1,286,268,249,-1,286,249,265,-1,287,250,266,-1,287,269,250,-1,288,251,267,-1,288,270,251,-1,289,271,252,-1,289,252,268,-1,290,253,269,-1,290,272,253,-1,291,254,270,-1,291,273,254,-1,292,255,271,-1,292,274,255,-1,293,256,272,-1,293,275,256,-1,294,277,295,-1,294,295,296,-1,294,276,277,-1,297,257,273,-1,297,278,257,-1,298,279,258,-1,298,258,274,-1,299,280,259,-1,299,259,275,-1,300,260,276,-1,300,281,260,-1,301,262,278,-1,301,282,262,-1,302,284,263,-1,302,263,279,-1,303,285,264,-1,303,264,280,-1,304,286,265,-1,304,265,281,-1,305,306,283,-1,305,283,282,-1,307,266,284,-1,307,287,266,-1,308,288,267,-1,308,267,285,-1,309,289,268,-1,309,268,286,-1,310,269,287,-1,310,290,269,-1,311,270,288,-1,311,291,270,-1,312,271,289,-1,312,292,271,-1,313,272,290,-1,313,293,272,-1,314,296,315,-1,314,294,296,-1,316,273,291,-1,316,297,273,-1,317,274,292,-1,317,298,274,-1,318,299,275,-1,318,275,293,-1,319,300,276,-1,319,276,294,-1,320,301,278,-1,320,278,297,-1,321,279,298,-1,321,302,279,-1,322,280,299,-1,322,303,280,-1,323,281,300,-1,323,304,281,-1,324,305,282,-1,324,282,301,-1,325,284,302,-1,325,307,284,-1,326,308,285,-1,326,285,303,-1,327,286,304,-1,327,309,286,-1,328,287,307,-1,328,310,287,-1,329,288,308,-1,329,311,288,-1,330,312,289,-1,330,289,309,-1,331,290,310,-1,331,313,290,-1,332,314,315,-1,332,315,333,-1,332,333,334,-1,335,291,311,-1,335,316,291,-1,336,292,312,-1,336,317,292,-1,337,318,293,-1,337,293,313,-1,338,294,314,-1,338,319,294,-1,339,320,297,-1,339,297,316,-1,340,321,298,-1,340,298,317,-1,341,322,299,-1,341,299,318,-1,342,323,300,-1,342,300,319,-1,343,324,301,-1,343,301,320,-1,344,302,321,-1,344,325,302,-1,345,326,303,-1,345,303,322,-1,346,327,304,-1,346,304,323,-1,347,348,306,-1,347,349,348,-1,347,305,324,-1,347,306,305,-1,350,307,325,-1,350,328,307,-1,351,329,308,-1,351,308,326,-1,352,309,327,-1,352,330,309,-1,353,310,328,-1,353,331,310,-1,354,332,334,-1,354,334,355,-1,356,311,329,-1,356,335,311,-1,357,336,312,-1,357,312,330,-1,358,313,331,-1,358,337,313,-1,359,314,332,-1,359,338,314,-1,360,316,335,-1,360,339,316,-1,361,340,317,-1,361,317,336,-1,362,341,318,-1,362,318,337,-1,363,319,338,-1,363,342,319,-1,364,343,320,-1,364,320,339,-1,365,321,340,-1,365,344,321,-1,366,322,341,-1,366,345,322,-1,367,323,342,-1,367,346,323,-1,368,324,343,-1,368,347,324,-1,369,350,325,-1,369,325,344,-1,370,351,326,-1,370,326,345,-1,371,352,327,-1,371,327,346,-1,372,373,349,-1,372,349,347,-1,374,328,350,-1,374,353,328,-1,375,354,355,-1,375,355,376,-1,375,376,377,-1,378,356,329,-1,378,329,351,-1,379,330,352,-1,379,357,330,-1,380,331,353,-1,380,358,331,-1,381,359,332,-1,381,332,354,-1,382,360,335,-1,382,335,356,-1,383,361,336,-1,383,336,357,-1,384,362,337,-1,384,337,358,-1,385,363,338,-1,385,338,359,-1,386,364,339,-1,386,339,360,-1,387,365,340,-1,387,340,361,-1,388,366,341,-1,388,341,362,-1,389,367,342,-1,389,342,363,-1,390,368,343,-1,390,343,364,-1,391,369,344,-1,391,344,365,-1,392,345,366,-1,392,370,345,-1,393,346,367,-1,393,371,346,-1,394,372,347,-1,394,347,368,-1,395,350,369,-1,395,374,350,-1,396,375,377,-1,396,377,397,-1,398,351,370,-1,398,378,351,-1,399,379,352,-1,399,352,371,-1,400,353,374,-1,400,380,353,-1,401,354,375,-1,401,381,354,-1,402,382,356,-1,402,356,378,-1,403,383,357,-1,403,357,379,-1,404,358,380,-1,404,384,358,-1,405,359,381,-1,405,385,359,-1,406,386,360,-1,406,360,382,-1,407,361,383,-1,407,387,361,-1,408,388,362,-1,408,362,384,-1,409,363,385,-1,409,389,363,-1,410,364,386,-1,410,390,364,-1,411,391,365,-1,411,365,387,-1,412,366,388,-1,412,392,366,-1,413,367,389,-1,413,393,367,-1,414,368,390,-1,414,394,368,-1,415,395,369,-1,415,369,391,-1,416,396,397,-1,416,397,417,-1,418,370,392,-1,418,398,370,-1,419,399,371,-1,419,371,393,-1,420,421,373,-1,420,372,394,-1,420,373,372,-1,422,400,374,-1,422,374,395,-1,423,375,396,-1,423,401,375,-1,424,378,398,-1,424,402,378,-1,425,379,399,-1,425,403,379,-1,426,380,400,-1,426,404,380,-1,427,405,381,-1,427,381,401,-1,428,406,382,-1,428,382,402,-1,429,407,383,-1,429,383,403,-1,430,408,384,-1,430,384,404,-1,431,385,405,-1,431,409,385,-1,432,386,406,-1,432,410,386,-1,433,411,387,-1,433,387,407,-1,434,412,388,-1,434,388,408,-1,435,413,389,-1,435,389,409,-1,436,414,390,-1,436,390,410,-1,437,391,411,-1,437,415,391,-1,438,417,439,-1,438,439,440,-1,438,416,417,-1,441,418,392,-1,441,392,412,-1,442,393,413,-1,442,419,393,-1,443,394,414,-1,443,420,394,-1,444,422,395,-1,444,395,415,-1,445,396,416,-1,445,423,396,-1,446,424,398,-1,446,398,418,-1,447,399,419,-1,447,425,399,-1,448,449,421,-1,448,450,449,-1,448,421,420,-1,451,400,422,-1,451,426,400,-1,452,401,423,-1,452,427,401,-1,453,402,424,-1,453,428,402,-1,454,429,403,-1,454,403,425,-1,455,404,426,-1,455,430,404,-1,456,405,427,-1,456,431,405,-1,457,432,406,-1,457,406,428,-1,458,407,429,-1,458,433,407,-1,459,408,430,-1,459,434,408,-1,460,409,431,-1,460,435,409,-1,461,436,410,-1,461,410,432,-1,462,411,433,-1,462,437,411,-1,463,438,440,-1,463,440,464,-1,465,412,434,-1,465,441,412,-1,466,413,435,-1,466,442,413,-1,467,443,414,-1,467,414,436,-1,468,444,415,-1,468,415,437,-1,469,445,416,-1,469,416,438,-1,470,418,441,-1,470,446,418,-1,471,447,419,-1,471,419,442,-1,472,448,420,-1,472,420,443,-1,473,422,444,-1,473,451,422,-1,474,452,423,-1,474,423,445,-1,475,453,424,-1,475,424,446,-1,476,454,425,-1,476,425,447,-1,477,426,451,-1,477,455,426,-1,478,456,427,-1,478,427,452,-1,479,428,453,-1,479,457,428,-1,480,429,454,-1,480,458,429,-1,481,430,455,-1,481,459,430,-1,482,431,456,-1,482,460,431,-1,483,432,457,-1,483,461,432,-1,484,462,433,-1,484,433,458,-1,485,464,486,-1,485,486,487,-1,485,463,464,-1,488,465,434,-1,488,434,459,-1,489,435,460,-1,489,466,435,-1,490,436,461,-1,490,467,436,-1,491,468,437,-1,491,437,462,-1,492,438,463,-1,492,469,438,-1,493,441,465,-1,493,470,441,-1,494,442,466,-1,494,471,442,-1,495,472,443,-1,495,443,467,-1,496,473,444,-1,496,444,468,-1,497,474,445,-1,497,445,469,-1,498,475,446,-1,498,446,470,-1,499,447,471,-1,499,476,447,-1,500,501,450,-1,500,450,448,-1,500,502,501,-1,500,448,472,-1,503,477,451,-1,503,451,473,-1,504,478,452,-1,504,452,474,-1,505,479,453,-1,505,453,475,-1,506,480,454,-1,506,454,476,-1,507,481,455,-1,507,455,477,-1,508,482,456,-1,508,456,478,-1,509,457,479,-1,509,483,457,-1,510,458,480,-1,510,484,458,-1,511,487,512,-1,511,485,487,-1,513,459,481,-1,513,488,459,-1,514,489,460,-1,514,460,482,-1,515,461,483,-1,515,490,461,-1,516,462,484,-1,516,491,462,-1,517,463,485,-1,517,492,463,-1,518,465,488,-1,518,493,465,-1,519,466,489,-1,519,494,466,-1,520,467,490,-1,520,495,467,-1,521,468,491,-1,521,496,468,-1,522,497,469,-1,522,469,492,-1,523,470,493,-1,523,498,470,-1,524,471,494,-1,524,499,471,-1,525,472,495,-1,525,500,472,-1,525,502,500,-1,526,473,496,-1,526,503,473,-1,527,474,497,-1,527,504,474,-1,528,505,475,-1,528,475,498,-1,529,476,499,-1,529,506,476,-1,530,507,477,-1,530,477,503,-1,531,478,504,-1,531,508,478,-1,532,509,479,-1,532,479,505,-1,533,480,506,-1,533,510,480,-1,534,511,512,-1,534,512,535,-1,536,513,481,-1,536,481,507,-1,537,514,482,-1,537,482,508,-1,538,515,483,-1,538,483,509,-1,539,484,510,-1,539,516,484,-1,540,485,511,-1,540,517,485,-1,541,488,513,-1,541,518,488,-1,542,489,514,-1,542,519,489,-1,543,490,515,-1,543,520,490,-1,544,521,491,-1,544,491,516,-1,545,492,517,-1,545,522,492,-1,546,493,518,-1,546,523,493,-1,547,494,519,-1,547,524,494,-1,548,495,520,-1,548,525,495,-1,548,502,525,-1,549,496,521,-1,549,526,496,-1,550,497,522,-1,550,527,497,-1,551,498,523,-1,551,528,498,-1,552,529,499,-1,552,499,524,-1,553,530,503,-1,553,503,526,-1,554,504,527,-1,554,531,504,-1,555,505,528,-1,555,532,505,-1,556,533,506,-1,556,506,529,-1,557,534,535,-1,557,535,558,-1,557,558,559,-1,560,536,507,-1,560,507,530,-1,561,537,508,-1,561,508,531,-1,562,509,532,-1,562,538,509,-1,563,510,533,-1,563,539,510,-1,564,511,534,-1,564,540,511,-1,565,513,536,-1,565,541,513,-1,566,514,537,-1,566,542,514,-1,567,515,538,-1,567,543,515,-1,568,516,539,-1,568,544,516,-1,569,517,540,-1,569,545,517,-1,570,546,518,-1,570,518,541,-1,571,547,519,-1,571,519,542,-1,572,502,548,-1,572,520,543,-1,572,548,520,-1,573,549,521,-1,573,521,544,-1,574,522,545,-1,574,550,522,-1,575,523,546,-1,575,551,523,-1,576,552,524,-1,576,524,547,-1,577,553,526,-1,577,526,549,-1,578,527,550,-1,578,554,527,-1,579,528,551,-1,579,555,528,-1,580,529,552,-1,580,556,529,-1,581,559,582,-1,581,557,559,-1,583,530,553,-1,583,560,530,-1,584,561,531,-1,584,531,554,-1,585,532,555,-1,585,562,532,-1,586,563,533,-1,586,533,556,-1,587,534,557,-1,587,564,534,-1,588,536,560,-1,588,565,536,-1,589,566,537,-1,589,537,561,-1,590,538,562,-1,590,567,538,-1,591,539,563,-1,591,568,539,-1,592,540,564,-1,592,569,540,-1,593,570,541,-1,593,541,565,-1,594,542,566,-1,594,571,542,-1,595,572,543,-1,595,543,567,-1,595,502,572,-1,596,544,568,-1,596,573,544,-1,597,574,545,-1,597,545,569,-1,598,546,570,-1,598,575,546,-1,599,547,571,-1,599,576,547,-1,600,577,549,-1,600,549,573,-1,601,550,574,-1,601,578,550,-1,602,579,551,-1,602,551,575,-1,603,552,576,-1,603,580,552,-1,604,581,582,-1,604,582,605,-1,604,605,606,-1,607,583,553,-1,607,553,577,-1,608,584,554,-1,608,554,578,-1,609,555,579,-1,609,585,555,-1,610,586,556,-1,610,556,580,-1,611,557,581,-1,611,587,557,-1,612,560,583,-1,612,588,560,-1,613,561,584,-1,613,589,561,-1,614,562,585,-1,614,590,562,-1,615,563,586,-1,615,591,563,-1,616,564,587,-1,616,592,564,-1,617,565,588,-1,617,593,565,-1,618,566,589,-1,618,594,566,-1,619,567,590,-1,619,502,595,-1,619,595,567,-1,620,568,591,-1,620,596,568,-1,621,569,592,-1,621,597,569,-1,622,570,593,-1,622,598,570,-1,623,599,571,-1,623,571,594,-1,624,573,596,-1,624,600,573,-1,625,574,597,-1,625,601,574,-1,626,575,598,-1,626,602,575,-1,627,603,576,-1,627,576,599,-1,628,606,629,-1,628,604,606,-1,630,607,577,-1,630,577,600,-1,631,578,601,-1,631,608,578,-1,632,579,602,-1,632,609,579,-1,633,610,580,-1,633,580,603,-1,634,611,581,-1,634,581,604,-1,635,583,607,-1,635,612,583,-1,636,584,608,-1,636,613,584,-1,637,585,609,-1,637,614,585,-1,638,586,610,-1,638,615,586,-1,639,587,611,-1,639,616,587,-1,640,617,588,-1,640,588,612,-1,641,589,613,-1,641,618,589,-1,642,502,619,-1,642,619,590,-1,642,590,614,-1,643,620,591,-1,643,591,615,-1,644,621,592,-1,644,592,616,-1,645,593,617,-1,645,622,593,-1,646,623,594,-1,646,594,618,-1,647,596,620,-1,647,624,596,-1,648,625,597,-1,648,597,621,-1,649,598,622,-1,649,626,598,-1,650,627,599,-1,650,599,623,-1,651,628,629,-1,651,629,652,-1,651,652,4,-1,653,630,600,-1,653,600,624,-1,654,601,625,-1,654,631,601,-1,655,602,626,-1,655,632,602,-1,656,603,627,-1,656,633,603,-1,657,604,628,-1,657,634,604,-1,658,607,630,-1,658,635,607,-1,659,636,608,-1,659,608,631,-1,660,609,632,-1,660,637,609,-1,661,610,633,-1,661,638,610,-1,662,639,611,-1,662,611,634,-1,663,612,635,-1,663,640,612,-1,664,641,613,-1,664,613,636,-1,665,502,642,-1,665,614,637,-1,665,642,614,-1,666,643,615,-1,666,615,638,-1,667,644,616,-1,667,616,639,-1,668,617,640,-1,668,645,617,-1,669,646,618,-1,669,618,641,-1,670,647,620,-1,670,620,643,-1,671,648,621,-1,671,621,644,-1,672,622,645,-1,672,649,622,-1,673,650,623,-1,673,623,646,-1,674,4,3,-1,674,651,4,-1,674,3,675,-1,676,653,624,-1,676,624,647,-1,677,625,648,-1,677,654,625,-1,678,626,649,-1,678,655,626,-1,679,627,650,-1,679,656,627,-1,680,628,651,-1,680,657,628,-1,681,630,653,-1,681,658,630,-1,682,659,631,-1,682,631,654,-1,683,632,655,-1,683,660,632,-1,684,661,633,-1,684,633,656,-1,685,634,657,-1,685,662,634,-1,686,635,658,-1,686,663,635,-1,687,636,659,-1,687,664,636,-1,688,665,637,-1,688,637,660,-1,688,502,665,-1,689,666,638,-1,689,638,661,-1,690,639,662,-1,690,667,639,-1,691,640,663,-1,691,668,640,-1,692,641,664,-1,692,669,641,-1,693,670,643,-1,693,643,666,-1,694,671,644,-1,694,644,667,-1,695,645,668,-1,695,672,645,-1,696,646,669,-1,696,673,646,-1,697,676,647,-1,697,647,670,-1,698,677,648,-1,698,648,671,-1,699,678,649,-1,699,649,672,-1,700,650,673,-1,700,679,650,-1,701,680,651,-1,701,651,674,-1,701,674,675,-1,701,675,702,-1,703,681,653,-1,703,653,676,-1,704,682,654,-1,704,654,677,-1,705,683,655,-1,705,655,678,-1,706,656,679,-1,706,684,656,-1,707,685,657,-1,707,657,680,-1,708,686,658,-1,708,658,681,-1,709,687,659,-1,709,659,682,-1,710,502,688,-1,710,688,660,-1,710,660,683,-1,711,661,684,-1,711,689,661,-1,712,690,662,-1,712,662,685,-1,713,663,686,-1,713,691,663,-1,714,664,687,-1,714,692,664,-1,715,693,666,-1,715,666,689,-1,716,667,690,-1,716,694,667,-1,717,695,668,-1,717,668,691,-1,718,696,669,-1,718,669,692,-1,719,670,693,-1,719,697,670,-1,720,671,694,-1,720,698,671,-1,721,672,695,-1,721,699,672,-1,722,673,696,-1,722,700,673,-1,723,676,697,-1,723,703,676,-1,724,677,698,-1,724,704,677,-1,725,678,699,-1,725,705,678,-1,726,679,700,-1,726,706,679,-1,727,707,680,-1,727,680,701,-1,728,708,681,-1,728,681,703,-1,729,682,704,-1,729,709,682,-1,730,502,710,-1,730,710,683,-1,730,683,705,-1,731,684,706,-1,731,711,684,-1,732,712,685,-1,732,685,707,-1,733,686,708,-1,733,713,686,-1,734,714,687,-1,734,687,709,-1,735,715,689,-1,735,689,711,-1,736,690,712,-1,736,716,690,-1,737,691,713,-1,737,717,691,-1,738,718,692,-1,738,692,714,-1,739,719,693,-1,739,693,715,-1,740,694,716,-1,740,720,694,-1,741,695,717,-1,741,721,695,-1,742,696,718,-1,742,722,696,-1,743,723,697,-1,743,697,719,-1,744,724,698,-1,744,698,720,-1,745,725,699,-1,745,699,721,-1,746,700,722,-1,746,726,700,-1,747,701,702,-1,747,727,701,-1,747,748,749,-1,747,702,748,-1,750,728,703,-1,750,703,723,-1,751,704,724,-1,751,729,704,-1,752,730,705,-1,752,705,725,-1,752,502,730,-1,753,731,706,-1,753,706,726,-1,754,707,727,-1,754,732,707,-1,755,733,708,-1,755,708,728,-1,756,734,709,-1,756,709,729,-1,757,735,711,-1,757,711,731,-1,758,712,732,-1,758,736,712,-1,759,737,713,-1,759,713,733,-1,760,738,714,-1,760,714,734,-1,761,739,715,-1,761,715,735,-1,762,740,716,-1,762,716,736,-1,763,741,717,-1,763,717,737,-1,764,742,718,-1,764,718,738,-1,765,743,719,-1,765,719,739,-1,766,744,720,-1,766,720,740,-1,767,721,741,-1,767,745,721,-1,768,746,722,-1,768,722,742,-1,769,723,743,-1,769,750,723,-1,770,724,744,-1,770,751,724,-1,771,725,745,-1,771,752,725,-1,771,502,752,-1,772,726,746,-1,772,753,726,-1,773,754,727,-1,773,727,747,-1,773,749,774,-1,773,747,749,-1,775,728,750,-1,775,755,728,-1,776,756,729,-1,776,729,751,-1,777,757,731,-1,777,731,753,-1,778,732,754,-1,778,758,732,-1,779,759,733,-1,779,733,755,-1,780,760,734,-1,780,734,756,-1,781,761,735,-1,781,735,757,-1,782,762,736,-1,782,736,758,-1,783,737,759,-1,783,763,737,-1,784,738,760,-1,784,764,738,-1,785,739,761,-1,785,765,739,-1,786,740,762,-1,786,766,740,-1,787,741,763,-1,787,767,741,-1,788,742,764,-1,788,768,742,-1,789,769,743,-1,789,743,765,-1,790,744,766,-1,790,770,744,-1,791,771,745,-1,791,745,767,-1,791,502,771,-1,792,746,768,-1,792,772,746,-1,793,750,769,-1,793,775,750,-1,794,776,751,-1,794,751,770,-1,795,753,772,-1,795,777,753,-1,796,778,754,-1,796,754,773,-1,797,755,775,-1,797,779,755,-1,798,780,756,-1,798,756,776,-1,799,781,757,-1,799,757,777,-1,800,782,758,-1,800,758,778,-1,801,783,759,-1,801,759,779,-1,802,784,760,-1,802,760,780,-1,803,761,781,-1,803,785,761,-1,804,762,782,-1,804,786,762,-1,805,763,783,-1,805,787,763,-1,806,788,764,-1,806,764,784,-1,807,765,785,-1,807,789,765,-1,808,766,786,-1,808,790,766,-1,809,767,787,-1,809,791,767,-1,809,502,791,-1,810,768,788,-1,810,792,768,-1,811,769,789,-1,811,793,769,-1,812,794,770,-1,812,770,790,-1,813,795,772,-1,813,772,792,-1,814,773,774,-1,814,796,773,-1,814,815,816,-1,814,774,815,-1,817,775,793,-1,817,797,775,-1,818,798,776,-1,818,776,794,-1,819,777,795,-1,819,799,777,-1,820,800,778,-1,820,778,796,-1,821,801,779,-1,821,779,797,-1,822,802,780,-1,822,780,798,-1,823,803,781,-1,823,781,799,-1,824,804,782,-1,824,782,800,-1,825,783,801,-1,825,805,783,-1,826,806,784,-1,826,784,802,-1,827,807,785,-1,827,785,803,-1,828,786,804,-1,828,808,786,-1,829,787,805,-1,829,502,809,-1,829,809,787,-1,830,788,806,-1,830,810,788,-1,831,811,789,-1,831,789,807,-1,832,812,790,-1,832,790,808,-1,833,792,810,-1,833,813,792,-1,834,793,811,-1,834,817,793,-1,835,794,812,-1,835,818,794,-1,836,795,813,-1,836,819,795,-1,837,796,814,-1,837,814,816,-1,837,820,796,-1,837,816,838,-1,839,797,817,-1,839,821,797,-1,840,822,798,-1,840,798,818,-1,841,799,819,-1,841,823,799,-1,842,800,820,-1,842,824,800,-1,843,801,821,-1,843,825,801,-1,844,826,802,-1,844,802,822,-1,845,827,803,-1,845,803,823,-1,846,804,824,-1,846,828,804,-1,847,829,805,-1,847,502,829,-1,847,805,825,-1,848,806,826,-1,848,830,806,-1,849,831,807,-1,849,807,827,-1,850,808,828,-1,850,832,808,-1,851,833,810,-1,851,810,830,-1,852,811,831,-1,852,834,811,-1,853,812,832,-1,853,835,812,-1,854,813,833,-1,854,836,813,-1,855,839,817,-1,855,817,834,-1,856,818,835,-1,856,840,818,-1,857,841,819,-1,857,819,836,-1,858,820,837,-1,858,842,820,-1,859,821,839,-1,859,843,821,-1,860,822,840,-1,860,844,822,-1,861,845,823,-1,861,823,841,-1,862,824,842,-1,862,846,824,-1,863,825,843,-1,863,847,825,-1,863,502,847,-1,864,826,844,-1,864,848,826,-1,865,849,827,-1,865,827,845,-1,866,828,846,-1,866,850,828,-1,867,830,848,-1,867,851,830,-1,868,852,831,-1,868,831,849,-1,869,832,850,-1,869,853,832,-1,870,854,833,-1,870,833,851,-1,871,834,852,-1,871,855,834,-1,872,856,835,-1,872,835,853,-1,873,836,854,-1,873,857,836,-1,874,837,838,-1,874,838,875,-1,874,858,837,-1,876,839,855,-1,876,859,839,-1,877,860,840,-1,877,840,856,-1,878,841,857,-1,878,861,841,-1,879,842,858,-1,879,862,842,-1,880,502,863,-1,880,843,859,-1,880,863,843,-1,881,844,860,-1,881,864,844,-1,882,845,861,-1,882,865,845,-1,883,846,862,-1,883,866,846,-1,884,848,864,-1,884,867,848,-1,885,849,865,-1,885,868,849,-1,886,869,850,-1,886,850,866,-1,887,851,867,-1,887,870,851,-1,888,852,868,-1,888,871,852,-1,889,853,869,-1,889,872,853,-1,890,873,854,-1,890,854,870,-1,891,855,871,-1,891,876,855,-1,892,877,856,-1,892,856,872,-1,893,878,857,-1,893,857,873,-1,894,874,875,-1,894,858,874,-1,894,879,858,-1,894,895,896,-1,894,875,895,-1,897,502,880,-1,897,859,876,-1,897,880,859,-1,898,860,877,-1,898,881,860,-1,899,861,878,-1,899,882,861,-1,900,883,862,-1,900,862,879,-1,901,864,881,-1,901,884,864,-1,902,865,882,-1,902,885,865,-1,903,866,883,-1,903,886,866,-1,904,887,867,-1,904,867,884,-1,905,868,885,-1,905,888,868,-1,906,889,869,-1,906,869,886,-1,907,870,887,-1,907,890,870,-1,908,871,888,-1,908,891,871,-1,909,872,889,-1,909,892,872,-1,910,893,873,-1,910,873,890,-1,911,876,891,-1,911,502,897,-1,911,897,876,-1,912,877,892,-1,912,898,877,-1,913,899,878,-1,913,878,893,-1,914,900,879,-1,914,879,894,-1,915,901,881,-1,915,881,898,-1,916,882,899,-1,916,902,882,-1,917,883,900,-1,917,903,883,-1,918,884,901,-1,918,904,884,-1,919,885,902,-1,919,905,885,-1,920,906,886,-1,920,886,903,-1,921,887,904,-1,921,907,887,-1,922,888,905,-1,922,908,888,-1,923,909,889,-1,923,889,906,-1,924,890,907,-1,924,910,890,-1,925,891,908,-1,925,502,911,-1,925,911,891,-1,926,892,909,-1,926,912,892,-1,927,893,910,-1,927,913,893,-1,928,914,894,-1,928,896,929,-1,928,894,896,-1,930,898,912,-1,930,915,898,-1,931,916,899,-1,931,899,913,-1,932,900,914,-1,932,917,900,-1,933,918,901,-1,933,901,915,-1,934,902,916,-1,934,919,902,-1,935,903,917,-1,935,920,903,-1,936,904,918,-1,936,921,904,-1,937,905,919,-1,937,922,905,-1,938,906,920,-1,938,923,906,-1,939,907,921,-1,939,924,907,-1,940,502,925,-1,940,908,922,-1,940,925,908,-1,941,909,923,-1,941,926,909,-1,942,910,924,-1,942,927,910,-1,943,930,912,-1,943,912,926,-1,944,931,913,-1,944,913,927,-1,945,928,929,-1,945,932,914,-1,945,946,947,-1,945,929,946,-1,945,914,928,-1,948,915,930,-1,948,933,915,-1,949,934,916,-1,949,916,931,-1,950,917,932,-1,950,935,917,-1,951,918,933,-1,951,936,918,-1,952,919,934,-1,952,937,919,-1,953,920,935,-1,953,938,920,-1,954,921,936,-1,954,939,921,-1,955,922,937,-1,955,940,922,-1,955,502,940,-1,956,923,938,-1,956,941,923,-1,957,942,924,-1,957,924,939,-1,958,943,926,-1,958,926,941,-1,959,944,927,-1,959,927,942,-1,960,930,943,-1,960,948,930,-1,961,931,944,-1,961,949,931,-1,962,932,945,-1,962,950,932,-1,963,951,933,-1,963,933,948,-1,964,934,949,-1,964,952,934,-1,965,935,950,-1,965,953,935,-1,966,954,936,-1,966,936,951,-1,967,937,952,-1,967,502,955,-1,967,955,937,-1,968,938,953,-1,968,956,938,-1,969,957,939,-1,969,939,954,-1,970,941,956,-1,970,958,941,-1,971,959,942,-1,971,942,957,-1,972,943,958,-1,972,960,943,-1,973,944,959,-1,973,961,944,-1,974,962,945,-1,974,945,947,-1,974,947,975,-1,976,963,948,-1,976,948,960,-1,977,964,949,-1,977,949,961,-1,978,950,962,-1,978,965,950,-1,979,951,963,-1,979,966,951,-1,980,967,952,-1,980,952,964,-1,980,502,967,-1,981,953,965,-1,981,968,953,-1,982,954,966,-1,982,969,954,-1,983,956,968,-1,983,970,956,-1,984,957,969,-1,984,971,957,-1,985,972,958,-1,985,958,970,-1,986,959,971,-1,986,973,959,-1,987,976,960,-1,987,960,972,-1,988,961,973,-1,988,977,961,-1,989,974,975,-1,989,962,974,-1,989,975,990,-1,989,978,962,-1,991,963,976,-1,991,979,963,-1,992,980,964,-1,992,964,977,-1,992,502,980,-1,993,981,965,-1,993,965,978,-1,994,982,966,-1,994,966,979,-1,995,968,981,-1,995,983,968,-1,996,969,982,-1,996,984,969,-1,997,970,983,-1,997,985,970,-1,998,986,971,-1,998,971,984,-1,999,987,972,-1,999,972,985,-1,1000,988,973,-1,1000,973,986,-1,1001,991,976,-1,1001,976,987,-1,1002,992,977,-1,1002,502,992,-1,1002,977,988,-1,1003,978,989,-1,1003,993,978,-1,1004,994,979,-1,1004,979,991,-1,1005,995,981,-1,1005,981,993,-1,1006,982,994,-1,1006,996,982,-1,1007,997,983,-1,1007,983,995,-1,1008,984,996,-1,1008,998,984,-1,1009,985,997,-1,1009,999,985,-1,1010,1000,986,-1,1010,986,998,-1,1011,1001,987,-1,1011,987,999,-1,1012,988,1000,-1,1012,502,1002,-1,1012,1002,988,-1,1013,989,990,-1,1013,1003,989,-1,1013,1014,1015,-1,1013,990,1014,-1,1016,1004,991,-1,1016,991,1001,-1,1017,1005,993,-1,1017,993,1003,-1,1018,994,1004,-1,1018,1006,994,-1,1019,995,1005,-1,1019,1007,995,-1,1020,1008,996,-1,1020,996,1006,-1,1021,997,1007,-1,1021,1009,997,-1,1022,998,1008,-1,1022,1010,998,-1,1023,999,1009,-1,1023,1011,999,-1,1024,1012,1000,-1,1024,1000,1010,-1,1024,502,1012,-1,1025,1016,1001,-1,1025,1001,1011,-1,1026,1003,1013,-1,1026,1013,1015,-1,1026,1017,1003,-1,1026,1015,1027,-1,1028,1018,1004,-1,1028,1004,1016,-1,1029,1005,1017,-1,1029,1019,1005,-1,1030,1020,1006,-1,1030,1006,1018,-1,1031,1007,1019,-1,1031,1021,1007,-1,1032,1008,1020,-1,1032,1022,1008,-1,1033,1023,1009,-1,1033,1009,1021,-1,1034,1010,1022,-1,1034,1024,1010,-1,1034,502,1024,-1,1035,1011,1023,-1,1035,1025,1011,-1,1036,1016,1025,-1,1036,1028,1016,-1,1037,1029,1017,-1,1037,1017,1026,-1,1038,1018,1028,-1,1038,1030,1018,-1,1039,1019,1029,-1,1039,1031,1019,-1,1040,1020,1030,-1,1040,1032,1020,-1,1041,1033,1021,-1,1041,1021,1031,-1,1042,1034,1022,-1,1042,1022,1032,-1,1042,502,1034,-1,1043,1035,1023,-1,1043,1023,1033,-1,1044,1025,1035,-1,1044,1036,1025,-1,1045,1037,1026,-1,1045,1026,1027,-1,1045,1046,1047,-1,1045,1027,1046,-1,1048,1028,1036,-1,1048,1038,1028,-1,1049,1029,1037,-1,1049,1039,1029,-1,1050,1030,1038,-1,1050,1040,1030,-1,1051,1031,1039,-1,1051,1041,1031,-1,1052,1042,1032,-1,1052,502,1042,-1,1052,1032,1040,-1,1053,1043,1033,-1,1053,1033,1041,-1,1054,1035,1043,-1,1054,1044,1035,-1,1055,1048,1036,-1,1055,1036,1044,-1,1056,1045,1047,-1,1056,1047,1057,-1,1056,1037,1045,-1,1056,1049,1037,-1,1058,1050,1038,-1,1058,1038,1048,-1,1059,1051,1039,-1,1059,1039,1049,-1,1060,502,1052,-1,1060,1052,1040,-1,1060,1040,1050,-1,1061,1053,1041,-1,1061,1041,1051,-1,1062,1043,1053,-1,1062,1054,1043,-1,1063,1044,1054,-1,1063,1055,1044,-1,1064,1048,1055,-1,1064,1058,1048,-1,1065,1059,1049,-1,1065,1049,1056,-1,1066,1050,1058,-1,1066,1060,1050,-1,1066,502,1060,-1,1067,1051,1059,-1,1067,1061,1051,-1,1068,1053,1061,-1,1068,1062,1053,-1,1069,1063,1054,-1,1069,1054,1062,-1,1070,1064,1055,-1,1070,1055,1063,-1,1071,1056,1057,-1,1071,1065,1056,-1,1071,1057,1072,-1,1073,1066,1058,-1,1073,1058,1064,-1,1073,502,1066,-1,1074,1059,1065,-1,1074,1067,1059,-1,1075,1061,1067,-1,1075,1068,1061,-1,1076,1069,1062,-1,1076,1062,1068,-1,1077,1063,1069,-1,1077,1070,1063,-1,1078,1064,1070,-1,1078,1073,1064,-1,1078,502,1073,-1,1079,1074,1065,-1,1079,1080,1081,-1,1079,1072,1080,-1,1079,1065,1071,-1,1079,1071,1072,-1,1082,1067,1074,-1,1082,1075,1067,-1,1083,1076,1068,-1,1083,1068,1075,-1,1084,1069,1076,-1,1084,1077,1069,-1,1085,1070,1077,-1,1085,502,1078,-1,1085,1078,1070,-1,1086,1074,1079,-1,1086,1082,1074,-1,1087,1075,1082,-1,1087,1083,1075,-1,1088,1084,1076,-1,1088,1076,1083,-1,1089,1077,1084,-1,1089,1085,1077,-1,1089,502,1085,-1,1090,1086,1079,-1,1090,1081,1091,-1,1090,1079,1081,-1,1092,1087,1082,-1,1092,1082,1086,-1,1093,1083,1087,-1,1093,1088,1083,-1,1094,1084,1088,-1,1094,502,1089,-1,1094,1089,1084,-1,1095,1086,1090,-1,1095,1090,1091,-1,1095,1091,1096,-1,1095,1092,1086,-1,1097,1087,1092,-1,1097,1093,1087,-1,1098,1094,1088,-1,1098,502,1094,-1,1098,1088,1093,-1,1099,1092,1095,-1,1099,1097,1092,-1,1100,1093,1097,-1,1100,1098,1093,-1,1100,502,1098,-1,1101,1095,1096,-1,1101,1099,1095,-1,1101,1102,1103,-1,1101,1096,1102,-1,1104,1097,1099,-1,1104,1100,1097,-1,1104,502,1100,-1,1105,1104,1099,-1,1105,1099,1101,-1,1105,1101,1103,-1,1105,502,1104,-1,1105,1106,502,-1,1105,1103,1106,-1,1107,502,1106,-1,1108,1106,1103,-1,1108,1107,1106,-1,1109,1103,1102,-1,1109,1108,1103,-1,1110,1102,1096,-1,1110,1109,1102,-1,1111,1096,1091,-1,1111,1110,1096,-1,1112,1091,1081,-1,1112,1111,1091,-1,1113,1081,1080,-1,1113,1112,1081,-1,1114,1080,1072,-1,1114,1113,1080,-1,1115,1072,1057,-1,1115,1114,1072,-1,1116,1057,1047,-1,1116,1115,1057,-1,1117,1047,1046,-1,1117,1116,1047,-1,1118,1046,1027,-1,1118,1117,1046,-1,1119,1027,1015,-1,1119,1118,1027,-1,1120,1015,1014,-1,1120,1119,1015,-1,1121,1014,990,-1,1121,1120,1014,-1,1122,990,975,-1,1122,1121,990,-1,1123,975,947,-1,1123,1122,975,-1,1124,1123,947,-1,1124,947,946,-1,1125,1124,946,-1,1125,946,929,-1,1126,1125,929,-1,1126,929,896,-1,1127,1126,896,-1,1127,896,895,-1,1128,1127,895,-1,1128,895,875,-1,1129,875,838,-1,1129,1128,875,-1,1130,838,816,-1,1130,1129,838,-1,1131,816,815,-1,1131,1130,816,-1,1132,815,774,-1,1132,1131,815,-1,1133,774,749,-1,1133,1132,774,-1,1134,749,748,-1,1134,1133,749,-1,1135,748,702,-1,1135,1134,748,-1,1136,702,675,-1,1136,1135,702,-1,1137,675,3,-1,1137,1136,675,-1,1138,3,5,-1,1138,1137,3,-1,1139,5,1140,-1,1139,1138,5,-1,1141,1140,1142,-1,1141,1139,1140,-1,1143,1142,1144,-1,1143,1141,1142,-1,1145,1144,1146,-1,1145,1143,1144,-1,1147,1146,1148,-1,1147,1145,1146,-1,1149,1148,1150,-1,1149,1147,1148,-1,1151,1150,1152,-1,1151,1149,1150,-1,1153,1152,1154,-1,1153,1151,1152,-1,1155,1154,1156,-1,1155,1153,1154,-1,1157,1156,1158,-1,1157,1155,1156,-1,1159,1157,1158,-1,1159,1158,1160,-1,1161,1159,1160,-1,1161,1160,1162,-1,1163,1161,1162,-1,1163,1162,1164,-1,1165,1163,1164,-1,1165,1164,1166,-1,1167,1165,1166,-1,1167,1166,1168,-1,1169,1167,1168,-1,1169,1168,1170,-1,1171,1169,1170,-1,1171,1170,1172,-1,1173,1171,1172,-1,1173,1172,1174,-1,1175,1173,1174,-1,1175,1174,1176,-1,1177,1175,1176,-1,1177,1176,1178,-1,1179,1177,1178,-1,1179,1178,1180,-1,1181,1179,1180,-1,1181,1180,1182,-1,1183,1181,1182,-1,1183,1182,1184,-1,1185,1183,1184,-1,1185,1184,1186,-1,1187,1186,1188,-1,1187,1185,1186,-1,1189,1188,1190,-1,1189,1187,1188,-1,1191,1190,1192,-1,1191,1189,1190,-1,1193,1192,1194,-1,1193,1191,1192,-1,1195,1194,1196,-1,1195,1193,1194,-1,1197,1196,1198,-1,1197,1195,1196,-1,1199,1198,1200,-1,1199,1197,1198,-1,1201,1200,1202,-1,1201,1199,1200,-1,1203,1204,1205,-1,1203,1206,1204,-1,1207,1205,1208,-1,1207,1203,1205,-1,1209,1208,1210,-1,1209,1207,1208,-1,1211,1210,1212,-1,1211,1209,1210,-1,1213,1212,1214,-1,1213,1211,1212,-1,1215,1214,1216,-1,1215,1213,1214,-1,1217,1216,1218,-1,1217,1215,1216,-1,1219,1218,1220,-1,1219,1217,1218,-1,1221,1220,1222,-1,1221,1219,1220,-1,1223,1222,1224,-1,1223,1221,1222,-1,1225,1224,1226,-1,1225,1223,1224,-1,1227,1226,1228,-1,1227,1225,1226,-1,1229,1228,1230,-1,1229,1230,1231,-1,1229,1227,1228,-1,1232,1231,1233,-1,1232,1229,1231,-1,1234,1232,1233,-1,1235,1233,1236,-1,1235,1236,1237,-1,1235,1234,1233,-1,1238,1235,1237,-1,1239,1238,1237,-1,1239,1237,1240,-1,1241,1239,1240,-1,1241,1240,1242,-1,1243,1241,1242,-1,1243,1242,1244,-1,1245,1243,1244,-1,1245,1244,1246,-1,1247,1245,1246,-1,1247,1246,1248,-1,1249,1248,1250,-1,1249,1247,1248,-1,1251,1250,1252,-1,1251,1249,1250,-1,1253,1252,1254,-1,1253,1251,1252,-1,1255,1254,1256,-1,1255,1253,1254,-1,1257,1256,1258,-1,1257,1255,1256,-1,1259,1258,1260,-1,1259,1257,1258,-1,1261,1260,1262,-1,1261,1259,1260,-1,1263,1262,1264,-1,1263,1261,1262,-1,1265,1264,1266,-1,1265,1263,1264,-1,1267,1266,1268,-1,1267,1265,1266,-1,1269,1268,1270,-1,1269,1270,1271,-1,1269,1267,1268,-1,1272,1269,1271,-1,1273,1271,1274,-1,1273,1272,1271,-1,1275,1274,1276,-1,1275,1273,1274,-1,1277,1276,1278,-1,1277,1275,1276,-1,1279,1278,1280,-1,1279,1280,1281,-1,1279,1277,1278,-1,1282,1279,1281,-1,1283,1281,1284,-1,1283,1282,1281,-1,1285,1284,1286,-1,1285,1283,1284,-1,1287,1286,1288,-1,1287,1285,1286,-1,1289,1287,1288,-1,1289,1288,1290,-1,1291,1289,1290,-1,1291,1290,1292,-1,1293,1291,1292,-1,1293,1292,1294,-1,1295,1293,1294,-1,1295,1294,1296,-1,1297,1295,1296,-1,1297,1296,1298,-1,1299,1297,1298,-1,1299,1298,1300,-1,1301,1299,1300,-1,1301,1300,1302,-1,1303,1301,1302,-1,1303,1302,1304,-1,1305,1303,1304,-1,1305,1304,1306,-1,1307,1305,1306,-1,1307,1306,1308,-1,1307,1308,1309,-1,1310,1307,1309,-1,1311,1310,1309,-1,1311,1309,1312,-1,1313,1311,1312,-1,1313,1312,1314,-1,1315,1314,1316,-1,1315,1313,1314,-1,1317,1316,1318,-1,1317,1315,1316,-1,1319,1318,1320,-1,1319,1317,1318,-1,1321,1320,1322,-1,1321,1319,1320,-1,1323,1322,1324,-1,1323,1321,1322,-1,1325,1324,1326,-1,1325,1323,1324,-1,1327,1326,1328,-1,1327,1325,1326,-1,1329,1328,1330,-1,1329,1327,1328,-1,1331,1332,1333,-1,1331,1334,1332,-1,1335,1333,1336,-1,1335,1331,1333,-1,1337,1336,1338,-1,1337,1335,1336,-1,1339,1338,1340,-1,1339,1337,1338,-1,1341,1340,1342,-1,1341,1339,1340,-1,1343,1342,1344,-1,1343,1341,1342,-1,1345,1344,1346,-1,1345,1343,1344,-1,1347,1346,1348,-1,1347,1345,1346,-1,1349,1348,1350,-1,1349,1347,1348,-1,1351,1350,1352,-1,1351,1349,1350,-1,1353,1352,1354,-1,1353,1351,1352,-1,1355,1354,1356,-1,1355,1353,1354,-1,1357,1355,1356,-1,1357,1356,1358,-1,1359,1357,1358,-1,1359,1358,1360,-1,1361,1359,1360,-1,1361,1360,1362,-1,1363,1361,1362,-1,1363,1362,1364,-1,1365,1363,1364,-1,1365,1364,1366,-1,1365,1366,1367,-1,1368,1365,1367,-1,1369,1367,1370,-1,1369,1368,1367,-1,1371,1370,1372,-1,1371,1369,1370,-1,1206,1372,1204,-1,1206,1371,1372,-1,1335,1334,1331,-1,1337,1334,1335,-1,1339,1334,1337,-1,1341,1334,1339,-1,1343,1334,1341,-1,1345,1334,1343,-1,1347,1334,1345,-1,1349,1334,1347,-1,1349,1351,1334,-1,1351,1353,1334,-1,1353,1355,1334,-1,1355,1357,1334,-1,1357,1359,1334,-1,1359,1361,1334,-1,1361,1363,1334,-1,1363,1365,1334,-1,1365,1368,1334,-1,1368,1369,1334,-1,1369,1371,1334,-1,1371,1206,1334,-1,1206,1203,1334,-1,1203,1207,1334,-1,1207,1209,1334,-1,1209,1211,1334,-1,1211,1213,1334,-1,1213,1215,1334,-1,1215,1217,1334,-1,1217,1219,1334,-1,1219,1221,1334,-1,1221,1223,1334,-1,1223,1225,1334,-1,1225,1227,1334,-1,1227,1229,1334,-1,1373,1374,1375,-1,1229,1232,1334,-1,1373,1376,1374,-1,1232,1234,1334,-1,1373,1377,1376,-1,1234,1235,1334,-1,1373,1378,1377,-1,1235,1238,1334,-1,1373,1379,1378,-1,1373,1380,1379,-1,1238,1239,1334,-1,1373,1381,1380,-1,1239,1241,1334,-1,1373,1382,1381,-1,1241,1243,1334,-1,1373,1383,1382,-1,1243,1245,1334,-1,1373,1384,1383,-1,1245,1247,1334,-1,1373,1385,1384,-1,1247,1249,1334,-1,1373,1386,1385,-1,1249,1251,1334,-1,1373,1387,1386,-1,1251,1253,1334,-1,1373,1388,1387,-1,1253,1255,1334,-1,1373,1389,1388,-1,1255,1257,1334,-1,1373,1390,1389,-1,1257,1259,1334,-1,1373,1391,1390,-1,1259,1261,1334,-1,1373,1392,1391,-1,1261,1263,1334,-1,1373,1393,1392,-1,1263,1265,1334,-1,1373,1329,1393,-1,1334,1267,1373,-1,1265,1267,1334,-1,1373,1327,1329,-1,1267,1269,1373,-1,1373,1325,1327,-1,1269,1272,1373,-1,1373,1323,1325,-1,1272,1273,1373,-1,1373,1321,1323,-1,1273,1275,1373,-1,1373,1319,1321,-1,1275,1277,1373,-1,1373,1317,1319,-1,1277,1279,1373,-1,1373,1315,1317,-1,1279,1282,1373,-1,1373,1313,1315,-1,1282,1283,1373,-1,1373,1311,1313,-1,1283,1285,1373,-1,1373,1310,1311,-1,1285,1287,1373,-1,1373,1307,1310,-1,1287,1289,1373,-1,1373,1305,1307,-1,1289,1291,1373,-1,1373,1303,1305,-1,1291,1293,1373,-1,1373,1301,1303,-1,1293,1295,1373,-1,1373,1299,1301,-1,1295,1297,1373,-1,1373,1297,1299,-1,1393,1329,1330,-1,1393,1330,1394,-1,1392,1394,1395,-1,1392,1393,1394,-1,1391,1395,1396,-1,1391,1392,1395,-1,1390,1396,1397,-1,1390,1391,1396,-1,1389,1397,1398,-1,1389,1390,1397,-1,1388,1398,1399,-1,1388,1389,1398,-1,1387,1399,1400,-1,1387,1400,1401,-1,1387,1388,1399,-1,1386,1387,1401,-1,1385,1401,1402,-1,1385,1386,1401,-1,1384,1402,1403,-1,1384,1385,1402,-1,1383,1403,1404,-1,1383,1384,1403,-1,1382,1404,1405,-1,1382,1405,1406,-1,1382,1383,1404,-1,1381,1382,1406,-1,1380,1381,1406,-1,1380,1406,1407,-1,1380,1407,1408,-1,1379,1380,1408,-1,1378,1379,1408,-1,1378,1408,1409,-1,1377,1378,1409,-1,1377,1409,1410,-1,1376,1377,1410,-1,1376,1410,1411,-1,1376,1411,1412,-1,1374,1376,1412,-1,1375,1412,1413,-1,1375,1374,1412,-1,1373,1413,1414,-1,1373,1375,1413,-1,1409,1415,1410,-1,1410,1416,1411,-1,1415,1416,1410,-1,1408,1417,1409,-1,1409,1417,1415,-1,1411,1418,1412,-1,1416,1418,1411,-1,1408,1419,1417,-1,1407,1419,1408,-1,1412,1420,1413,-1,1418,1420,1412,-1,1407,1421,1419,-1,1406,1421,1407,-1,1413,1422,1414,-1,1420,1422,1413,-1,1406,1423,1421,-1,1405,1423,1406,-1,1422,1424,1414,-1,1405,1425,1423,-1,1404,1425,1405,-1,1424,1426,1414,-1,1404,1427,1425,-1,1403,1427,1404,-1,1426,1428,1414,-1,1402,1429,1403,-1,1403,1429,1427,-1,1428,1430,1414,-1,1402,1431,1429,-1,1401,1431,1402,-1,1430,1432,1414,-1,1401,1433,1431,-1,1400,1433,1401,-1,1432,1434,1414,-1,1400,1435,1433,-1,1399,1435,1400,-1,1434,1436,1414,-1,1399,1437,1435,-1,1398,1437,1399,-1,1436,1438,1414,-1,1398,1439,1437,-1,1397,1439,1398,-1,1438,1440,1414,-1,1397,1441,1439,-1,1396,1441,1397,-1,1440,1442,1414,-1,1396,1443,1441,-1,1395,1443,1396,-1,1442,1444,1414,-1,1395,1445,1443,-1,1394,1445,1395,-1,1394,1201,1445,-1,1330,1201,1394,-1,1330,1199,1201,-1,1328,1199,1330,-1,1328,1197,1199,-1,1326,1197,1328,-1,1326,1195,1197,-1,1324,1195,1326,-1,1324,1193,1195,-1,1320,1193,1322,-1,1322,1193,1324,-1,1320,1191,1193,-1,1318,1191,1320,-1,1318,1189,1191,-1,1316,1187,1318,-1,1318,1187,1189,-1,1314,1185,1316,-1,1316,1185,1187,-1,1309,1183,1312,-1,1312,1183,1314,-1,1314,1183,1185,-1,1309,1181,1183,-1,1446,1332,1447,-1,1448,1332,1446,-1,1449,1332,1448,-1,1450,1332,1449,-1,1451,1332,1450,-1,1452,1332,1451,-1,1453,1332,1452,-1,1454,1332,1453,-1,1455,1332,1454,-1,1455,1456,1332,-1,1309,1179,1181,-1,1308,1179,1309,-1,1332,1457,1333,-1,1456,1457,1332,-1,1308,1177,1179,-1,1306,1177,1308,-1,1333,1458,1336,-1,1457,1458,1333,-1,1306,1175,1177,-1,1304,1175,1306,-1,1304,1302,1175,-1,1458,1459,1336,-1,1459,1338,1336,-1,1302,1173,1175,-1,1459,1460,1338,-1,1460,1340,1338,-1,1302,1171,1173,-1,1300,1171,1302,-1,1460,1461,1340,-1,1300,1298,1171,-1,1171,1298,1169,-1,1461,1342,1340,-1,1461,1462,1342,-1,1298,1296,1169,-1,1169,1296,1167,-1,1462,1344,1342,-1,1462,1463,1344,-1,1463,1346,1344,-1,1296,1294,1167,-1,1167,1294,1165,-1,1463,1464,1346,-1,1464,1348,1346,-1,1294,1292,1165,-1,1165,1292,1163,-1,1464,1465,1348,-1,1292,1161,1163,-1,1466,1350,1465,-1,1465,1350,1348,-1,1292,1290,1161,-1,1290,1159,1161,-1,1467,1352,1466,-1,1466,1352,1350,-1,1290,1288,1159,-1,1288,1157,1159,-1,1468,1354,1467,-1,1467,1354,1352,-1,1288,1286,1157,-1,1469,1356,1468,-1,1468,1356,1354,-1,1286,1284,1157,-1,1157,1284,1155,-1,1470,1358,1469,-1,1469,1358,1356,-1,1284,1281,1155,-1,1155,1281,1153,-1,1470,1360,1358,-1,1471,1360,1470,-1,1281,1280,1153,-1,1153,1280,1151,-1,1471,1362,1360,-1,1472,1362,1471,-1,1280,1278,1151,-1,1151,1278,1149,-1,1473,1364,1472,-1,1472,1364,1362,-1,1278,1276,1149,-1,1149,1276,1147,-1,1473,1366,1364,-1,1474,1366,1473,-1,1276,1274,1147,-1,1145,1274,1143,-1,1147,1274,1145,-1,1474,1367,1366,-1,1475,1367,1474,-1,1274,1271,1143,-1,1476,1370,1475,-1,1475,1370,1367,-1,1271,1270,1143,-1,1143,1270,1141,-1,1107,1372,1476,-1,1476,1372,1370,-1,1141,1268,1139,-1,1270,1268,1141,-1,1108,1204,1107,-1,1107,1204,1372,-1,1138,1266,1137,-1,1139,1266,1138,-1,1268,1266,1139,-1,1108,1205,1204,-1,1266,1264,1137,-1,1109,1208,1108,-1,1108,1208,1205,-1,1264,1262,1137,-1,1137,1262,1136,-1,1109,1210,1208,-1,1110,1210,1109,-1,1262,1260,1136,-1,1135,1260,1134,-1,1136,1260,1135,-1,1111,1212,1110,-1,1112,1212,1111,-1,1110,1212,1210,-1,1260,1258,1134,-1,1134,1258,1133,-1,1112,1214,1212,-1,1113,1214,1112,-1,1258,1256,1133,-1,1113,1216,1214,-1,1114,1216,1113,-1,1256,1254,1133,-1,1133,1254,1132,-1,1114,1218,1216,-1,1132,1252,1131,-1,1254,1252,1132,-1,1115,1220,1114,-1,1116,1220,1115,-1,1114,1220,1218,-1,1130,1250,1129,-1,1131,1250,1130,-1,1252,1250,1131,-1,1117,1222,1116,-1,1116,1222,1220,-1,1129,1248,1128,-1,1250,1248,1129,-1,1117,1224,1222,-1,1248,1246,1128,-1,1128,1246,1127,-1,1118,1226,1117,-1,1119,1226,1118,-1,1117,1226,1224,-1,1246,1244,1127,-1,1119,1228,1226,-1,1127,1242,1126,-1,1244,1242,1127,-1,1120,1230,1119,-1,1119,1230,1228,-1,1125,1240,1124,-1,1126,1240,1125,-1,1242,1240,1126,-1,1121,1231,1120,-1,1120,1231,1230,-1,1240,1237,1124,-1,1122,1233,1121,-1,1121,1233,1231,-1,1123,1236,1122,-1,1124,1236,1123,-1,1237,1236,1124,-1,1122,1236,1233,-1,1332,1477,1447,-1,1477,1414,1444,-1,1445,1201,1202,-1,1445,1202,1478,-1,1443,1478,1479,-1,1443,1445,1478,-1,1441,1479,1480,-1,1441,1480,1481,-1,1441,1443,1479,-1,1439,1441,1481,-1,1437,1481,1482,-1,1437,1439,1481,-1,1435,1482,1483,-1,1435,1437,1482,-1,1433,1483,1484,-1,1433,1484,1485,-1,1433,1435,1483,-1,1431,1433,1485,-1,1429,1485,1486,-1,1429,1431,1485,-1,1427,1486,1487,-1,1427,1429,1486,-1,1425,1487,1488,-1,1425,1427,1487,-1,1423,1488,1489,-1,1423,1489,1490,-1,1423,1425,1488,-1,1421,1423,1490,-1,1419,1490,1491,-1,1419,1421,1490,-1,1417,1491,1492,-1,1417,1492,1493,-1,1417,1419,1491,-1,1415,1417,1493,-1,1416,1493,1494,-1,1416,1415,1493,-1,1418,1416,1494,-1,1418,1494,1495,-1,1420,1418,1495,-1,1420,1495,1496,-1,1422,1420,1496,-1,1422,1496,1497,-1,1424,1422,1497,-1,1424,1497,1498,-1,1426,1498,1499,-1,1426,1424,1498,-1,1428,1499,1500,-1,1428,1426,1499,-1,1430,1500,1501,-1,1430,1428,1500,-1,1432,1501,1502,-1,1432,1430,1501,-1,1434,1502,1503,-1,1434,1432,1502,-1,1436,1503,1504,-1,1436,1434,1503,-1,1438,1504,1505,-1,1438,1436,1504,-1,1440,1505,1506,-1,1440,1438,1505,-1,1442,1506,1507,-1,1442,1440,1506,-1,1444,1507,1508,-1,1444,1442,1507,-1,1477,1508,1,-1,1477,1444,1508,-1,1447,1,0,-1,1447,1477,1,-1,1446,0,7,-1,1446,7,14,-1,1446,1447,0,-1,1448,14,20,-1,1448,1446,14,-1,1449,1448,20,-1,1450,20,21,-1,1450,21,32,-1,1450,1449,20,-1,1451,1450,32,-1,1452,32,39,-1,1452,1451,32,-1,1453,39,40,-1,1453,1452,39,-1,1454,40,57,-1,1454,1453,40,-1,1455,1454,57,-1,1455,57,68,-1,1456,1455,68,-1,1456,68,87,-1,1456,87,88,-1,1457,1456,88,-1,1458,1457,88,-1,1458,88,101,-1,1458,101,125,-1,1459,1458,125,-1,1460,1459,125,-1,1460,125,126,-1,1461,1460,126,-1,1461,126,143,-1,1462,1461,143,-1,1462,143,171,-1,1463,1462,171,-1,1463,171,189,-1,1464,1463,189,-1,1464,189,190,-1,1465,1464,190,-1,1465,190,223,-1,1465,223,245,-1,1466,1465,245,-1,1466,245,246,-1,1467,1466,246,-1,1468,1467,246,-1,1468,246,283,-1,1468,283,306,-1,1469,306,348,-1,1469,1468,306,-1,1470,1469,348,-1,1471,1470,348,-1,1471,348,349,-1,1472,349,373,-1,1472,373,421,-1,1472,1471,349,-1,1473,1472,421,-1,1474,421,449,-1,1474,449,450,-1,1474,1473,421,-1,1475,1474,450,-1,1476,450,501,-1,1476,501,502,-1,1476,1475,450,-1,1107,1476,502,-1,2,1,1508,-1,5,4,1140,-1,1509,1479,1478,-1,1510,1509,1478,-1,1510,1478,1202,-1,1511,1510,1202,-1,1512,1479,1509,-1,1512,1509,1510,-1,1512,1480,1479,-1,1513,1511,1202,-1,1514,1510,1511,-1,1514,1512,1510,-1,1515,1480,1512,-1,1515,1481,1480,-1,1515,1482,1481,-1,1516,1513,1202,-1,1517,1514,1511,-1,1517,1511,1513,-1,1518,1512,1514,-1,1518,1515,1512,-1,1519,1516,1202,-1,1520,1517,1513,-1,1520,1513,1516,-1,1521,1514,1517,-1,1521,1518,1514,-1,1522,1482,1515,-1,1522,1483,1482,-1,1522,1515,1518,-1,1523,1519,1202,-1,1524,1516,1519,-1,1524,1520,1516,-1,1525,1517,1520,-1,1525,1521,1517,-1,1526,1518,1521,-1,1526,1522,1518,-1,1527,1483,1522,-1,1527,1484,1483,-1,1527,1485,1484,-1,1528,1523,1202,-1,1529,1524,1519,-1,1529,1519,1523,-1,1530,1520,1524,-1,1530,1525,1520,-1,1531,1526,1521,-1,1531,1521,1525,-1,1532,1522,1526,-1,1532,1527,1522,-1,1533,1528,1202,-1,1534,1523,1528,-1,1534,1529,1523,-1,1535,1524,1529,-1,1535,1530,1524,-1,1536,1531,1525,-1,1536,1525,1530,-1,1537,1532,1526,-1,1537,1526,1531,-1,1538,1533,1202,-1,1539,1485,1527,-1,1539,1527,1532,-1,1539,1486,1485,-1,1540,1534,1528,-1,1540,1528,1533,-1,1541,1535,1529,-1,1541,1529,1534,-1,1542,1536,1530,-1,1542,1530,1535,-1,1543,1531,1536,-1,1543,1537,1531,-1,1544,1538,1202,-1,1545,1532,1537,-1,1545,1539,1532,-1,1546,1540,1533,-1,1546,1533,1538,-1,1547,1486,1539,-1,1547,1487,1486,-1,1548,1534,1540,-1,1548,1541,1534,-1,1549,1535,1541,-1,1549,1542,1535,-1,1550,1536,1542,-1,1550,1543,1536,-1,1551,1544,1202,-1,1552,1537,1543,-1,1552,1545,1537,-1,1553,1538,1544,-1,1553,1546,1538,-1,1554,1539,1545,-1,1554,1547,1539,-1,1555,1548,1540,-1,1555,1540,1546,-1,1556,1541,1548,-1,1556,1549,1541,-1,1557,1550,1542,-1,1557,1542,1549,-1,1558,1551,1202,-1,1559,1543,1550,-1,1559,1552,1543,-1,1560,1553,1544,-1,1560,1544,1551,-1,1561,1545,1552,-1,1561,1554,1545,-1,1562,1555,1546,-1,1562,1546,1553,-1,1563,1547,1554,-1,1563,1487,1547,-1,1563,1488,1487,-1,1563,1489,1488,-1,1564,1548,1555,-1,1564,1556,1548,-1,1565,1549,1556,-1,1565,1557,1549,-1,1566,1558,1202,-1,1567,1559,1550,-1,1567,1550,1557,-1,1568,1551,1558,-1,1568,1560,1551,-1,1569,1561,1552,-1,1569,1552,1559,-1,1570,1562,1553,-1,1570,1553,1560,-1,1571,1554,1561,-1,1571,1563,1554,-1,1572,1564,1555,-1,1572,1555,1562,-1,1573,1489,1563,-1,1573,1490,1489,-1,1574,1556,1564,-1,1574,1565,1556,-1,1575,1566,1202,-1,1576,1567,1557,-1,1576,1557,1565,-1,1577,1568,1558,-1,1577,1558,1566,-1,1578,1559,1567,-1,1578,1569,1559,-1,1579,1570,1560,-1,1579,1560,1568,-1,1580,1571,1561,-1,1580,1561,1569,-1,1581,1572,1562,-1,1581,1562,1570,-1,1582,1573,1563,-1,1582,1563,1571,-1,1583,1574,1564,-1,1583,1564,1572,-1,1584,1575,1202,-1,1585,1576,1565,-1,1585,1565,1574,-1,1586,1566,1575,-1,1586,1577,1566,-1,1587,1567,1576,-1,1587,1578,1567,-1,1588,1568,1577,-1,1588,1579,1568,-1,1589,1569,1578,-1,1589,1580,1569,-1,1590,1570,1579,-1,1590,1581,1570,-1,1591,1582,1571,-1,1591,1571,1580,-1,1592,1572,1581,-1,1592,1583,1572,-1,1593,1573,1582,-1,1593,1490,1573,-1,1593,1491,1490,-1,1593,1492,1491,-1,1594,1584,1202,-1,1595,1585,1574,-1,1595,1574,1583,-1,1596,1575,1584,-1,1596,1586,1575,-1,1597,1576,1585,-1,1597,1587,1576,-1,1598,1577,1586,-1,1598,1588,1577,-1,1599,1578,1587,-1,1599,1589,1578,-1,1600,1579,1588,-1,1600,1590,1579,-1,1601,1580,1589,-1,1601,1591,1580,-1,1602,1592,1581,-1,1602,1581,1590,-1,1603,1593,1582,-1,1603,1582,1591,-1,1604,1594,1202,-1,1605,1583,1592,-1,1605,1595,1583,-1,1606,1492,1593,-1,1606,1493,1492,-1,1607,1584,1594,-1,1607,1596,1584,-1,1608,1597,1585,-1,1608,1585,1595,-1,1609,1586,1596,-1,1609,1598,1586,-1,1610,1599,1587,-1,1610,1587,1597,-1,1611,1588,1598,-1,1611,1600,1588,-1,1612,1601,1589,-1,1612,1589,1599,-1,1613,1590,1600,-1,1613,1602,1590,-1,1614,1603,1591,-1,1614,1591,1601,-1,1615,1604,1202,-1,1616,1592,1602,-1,1616,1605,1592,-1,1617,1606,1593,-1,1617,1593,1603,-1,1618,1594,1604,-1,1618,1607,1594,-1,1619,1595,1605,-1,1619,1608,1595,-1,1620,1596,1607,-1,1620,1609,1596,-1,1621,1597,1608,-1,1621,1610,1597,-1,1622,1598,1609,-1,1622,1611,1598,-1,1623,1612,1599,-1,1623,1599,1610,-1,1624,1600,1611,-1,1624,1613,1600,-1,1625,1614,1601,-1,1625,1601,1612,-1,1626,1615,1202,-1,1627,1602,1613,-1,1627,1616,1602,-1,1628,1617,1603,-1,1628,1603,1614,-1,1629,1604,1615,-1,1629,1618,1604,-1,1630,1619,1605,-1,1630,1605,1616,-1,1631,1606,1617,-1,1631,1493,1606,-1,1631,1494,1493,-1,1632,1607,1618,-1,1632,1620,1607,-1,1633,1608,1619,-1,1633,1621,1608,-1,1634,1622,1609,-1,1634,1609,1620,-1,1635,1610,1621,-1,1635,1623,1610,-1,1636,1611,1622,-1,1636,1624,1611,-1,1637,1612,1623,-1,1637,1625,1612,-1,1638,1626,1202,-1,1639,1627,1613,-1,1639,1613,1624,-1,1640,1628,1614,-1,1640,1614,1625,-1,1641,1615,1626,-1,1641,1629,1615,-1,1642,1616,1627,-1,1642,1630,1616,-1,1643,1617,1628,-1,1643,1631,1617,-1,1644,1618,1629,-1,1644,1632,1618,-1,1645,1633,1619,-1,1645,1619,1630,-1,1646,1494,1631,-1,1646,1495,1494,-1,1646,1496,1495,-1,1647,1634,1620,-1,1647,1620,1632,-1,1648,1621,1633,-1,1648,1635,1621,-1,1649,1636,1622,-1,1649,1622,1634,-1,1650,1623,1635,-1,1650,1637,1623,-1,1651,1638,1202,-1,1652,1624,1636,-1,1652,1639,1624,-1,1653,1640,1625,-1,1653,1625,1637,-1,1654,1626,1638,-1,1654,1641,1626,-1,1655,1627,1639,-1,1655,1642,1627,-1,1656,1628,1640,-1,1656,1643,1628,-1,1657,1644,1629,-1,1657,1629,1641,-1,1658,1630,1642,-1,1658,1645,1630,-1,1659,1646,1631,-1,1659,1631,1643,-1,1660,1632,1644,-1,1660,1647,1632,-1,1661,1633,1645,-1,1661,1648,1633,-1,1662,1634,1647,-1,1662,1649,1634,-1,1663,1650,1635,-1,1663,1635,1648,-1,1664,1651,1202,-1,1665,1636,1649,-1,1665,1652,1636,-1,1666,1637,1650,-1,1666,1653,1637,-1,1667,1638,1651,-1,1667,1654,1638,-1,1668,1655,1639,-1,1668,1639,1652,-1,1669,1656,1640,-1,1669,1640,1653,-1,1670,1641,1654,-1,1670,1657,1641,-1,1671,1642,1655,-1,1671,1658,1642,-1,1672,1659,1643,-1,1672,1643,1656,-1,1673,1660,1644,-1,1673,1644,1657,-1,1674,1661,1645,-1,1674,1645,1658,-1,1675,1646,1659,-1,1675,1496,1646,-1,1675,1497,1496,-1,1676,1647,1660,-1,1676,1662,1647,-1,1677,1663,1648,-1,1677,1648,1661,-1,1678,1664,1202,-1,1679,1649,1662,-1,1679,1665,1649,-1,1680,1650,1663,-1,1680,1666,1650,-1,1681,1651,1664,-1,1681,1667,1651,-1,1682,1652,1665,-1,1682,1668,1652,-1,1683,1653,1666,-1,1683,1669,1653,-1,1684,1654,1667,-1,1684,1670,1654,-1,1685,1671,1655,-1,1685,1655,1668,-1,1686,1656,1669,-1,1686,1672,1656,-1,1687,1657,1670,-1,1687,1673,1657,-1,1688,1674,1658,-1,1688,1658,1671,-1,1689,1659,1672,-1,1689,1675,1659,-1,1690,1660,1673,-1,1690,1676,1660,-1,1691,1661,1674,-1,1691,1677,1661,-1,1692,1678,1202,-1,1693,1497,1675,-1,1693,1498,1497,-1,1693,1499,1498,-1,1694,1662,1676,-1,1694,1679,1662,-1,1695,1680,1663,-1,1695,1663,1677,-1,1696,1681,1664,-1,1696,1664,1678,-1,1697,1665,1679,-1,1697,1682,1665,-1,1698,1666,1680,-1,1698,1683,1666,-1,1699,1667,1681,-1,1699,1684,1667,-1,1700,1685,1668,-1,1700,1668,1682,-1,1701,1669,1683,-1,1701,1686,1669,-1,1702,1670,1684,-1,1702,1687,1670,-1,1703,1671,1685,-1,1703,1688,1671,-1,1704,1672,1686,-1,1704,1689,1672,-1,1705,1690,1673,-1,1705,1673,1687,-1,1706,1674,1688,-1,1706,1691,1674,-1,1707,1692,1202,-1,1708,1675,1689,-1,1708,1693,1675,-1,1709,1694,1676,-1,1709,1676,1690,-1,1710,1695,1677,-1,1710,1677,1691,-1,1711,1696,1678,-1,1711,1678,1692,-1,1712,1679,1694,-1,1712,1697,1679,-1,1713,1698,1680,-1,1713,1680,1695,-1,1714,1681,1696,-1,1714,1699,1681,-1,1715,1682,1697,-1,1715,1700,1682,-1,1716,1701,1683,-1,1716,1683,1698,-1,1717,1684,1699,-1,1717,1702,1684,-1,1718,1703,1685,-1,1718,1685,1700,-1,1719,1686,1701,-1,1719,1704,1686,-1,1720,1687,1702,-1,1720,1705,1687,-1,1721,1706,1688,-1,1721,1688,1703,-1,1722,1707,1202,-1,1723,1708,1689,-1,1723,1689,1704,-1,1724,1709,1690,-1,1724,1690,1705,-1,1725,1691,1706,-1,1725,1710,1691,-1,1726,1692,1707,-1,1726,1711,1692,-1,1727,1499,1693,-1,1727,1693,1708,-1,1727,1500,1499,-1,1728,1694,1709,-1,1728,1712,1694,-1,1729,1713,1695,-1,1729,1695,1710,-1,1730,1696,1711,-1,1730,1714,1696,-1,1731,1697,1712,-1,1731,1715,1697,-1,1732,1698,1713,-1,1732,1716,1698,-1,1733,1717,1699,-1,1733,1699,1714,-1,1734,1700,1715,-1,1734,1718,1700,-1,1735,1701,1716,-1,1735,1719,1701,-1,1736,1702,1717,-1,1736,1720,1702,-1,1737,1721,1703,-1,1737,1703,1718,-1,1738,1722,1202,-1,1739,1704,1719,-1,1739,1723,1704,-1,1740,1705,1720,-1,1740,1724,1705,-1,1741,1725,1706,-1,1741,1706,1721,-1,1742,1726,1707,-1,1742,1707,1722,-1,1743,1727,1708,-1,1743,1708,1723,-1,1744,1709,1724,-1,1744,1728,1709,-1,1745,1710,1725,-1,1745,1729,1710,-1,1746,1730,1711,-1,1746,1711,1726,-1,1747,1500,1727,-1,1747,1501,1500,-1,1748,1712,1728,-1,1748,1731,1712,-1,1749,1732,1713,-1,1749,1713,1729,-1,1750,1714,1730,-1,1750,1733,1714,-1,1751,1734,1715,-1,1751,1715,1731,-1,1752,1735,1716,-1,1752,1716,1732,-1,1753,1717,1733,-1,1753,1736,1717,-1,1754,1718,1734,-1,1754,1737,1718,-1,1755,1738,1202,-1,1756,1719,1735,-1,1756,1739,1719,-1,1757,1740,1720,-1,1757,1720,1736,-1,1758,1721,1737,-1,1758,1741,1721,-1,1759,1742,1722,-1,1759,1722,1738,-1,1760,1743,1723,-1,1760,1723,1739,-1,1761,1724,1740,-1,1761,1744,1724,-1,1762,1725,1741,-1,1762,1745,1725,-1,1763,1746,1726,-1,1763,1726,1742,-1,1764,1747,1727,-1,1764,1727,1743,-1,1765,1748,1728,-1,1765,1728,1744,-1,1766,1729,1745,-1,1766,1749,1729,-1,1767,1730,1746,-1,1767,1750,1730,-1,1768,1731,1748,-1,1768,1751,1731,-1,1769,1732,1749,-1,1769,1752,1732,-1,1770,1733,1750,-1,1770,1753,1733,-1,1771,1734,1751,-1,1771,1754,1734,-1,1772,1755,1202,-1,1773,1735,1752,-1,1773,1756,1735,-1,1774,1736,1753,-1,1774,1757,1736,-1,1775,1737,1754,-1,1775,1758,1737,-1,1776,1738,1755,-1,1776,1759,1738,-1,1777,1739,1756,-1,1777,1760,1739,-1,1778,1761,1740,-1,1778,1740,1757,-1,1779,1762,1741,-1,1779,1741,1758,-1,1780,1763,1742,-1,1780,1742,1759,-1,1781,1764,1743,-1,1781,1743,1760,-1,1782,1744,1761,-1,1782,1765,1744,-1,1783,1745,1762,-1,1783,1766,1745,-1,1784,1767,1746,-1,1784,1746,1763,-1,1785,1747,1764,-1,1785,1501,1747,-1,1785,1502,1501,-1,1785,1503,1502,-1,1786,1748,1765,-1,1786,1768,1748,-1,1787,1749,1766,-1,1787,1769,1749,-1,1788,1750,1767,-1,1788,1770,1750,-1,1789,1771,1751,-1,1789,1751,1768,-1,1790,1772,1202,-1,1791,1773,1752,-1,1791,1752,1769,-1,1792,1753,1770,-1,1792,1774,1753,-1,1793,1754,1771,-1,1793,1775,1754,-1,1794,1755,1772,-1,1794,1776,1755,-1,1795,1756,1773,-1,1795,1777,1756,-1,1796,1757,1774,-1,1796,1778,1757,-1,1797,1758,1775,-1,1797,1779,1758,-1,1798,1759,1776,-1,1798,1780,1759,-1,1799,1760,1777,-1,1799,1781,1760,-1,1800,1761,1778,-1,1800,1782,1761,-1,1801,1783,1762,-1,1801,1762,1779,-1,1802,1784,1763,-1,1802,1763,1780,-1,1803,1785,1764,-1,1803,1764,1781,-1,1804,1786,1765,-1,1804,1765,1782,-1,1805,1766,1783,-1,1805,1787,1766,-1,1806,1767,1784,-1,1806,1788,1767,-1,1807,1503,1785,-1,1807,1504,1503,-1,1808,1789,1768,-1,1808,1768,1786,-1,1809,1790,1202,-1,1810,1791,1769,-1,1810,1769,1787,-1,1811,1770,1788,-1,1811,1792,1770,-1,1812,1771,1789,-1,1812,1793,1771,-1,1813,1794,1772,-1,1813,1772,1790,-1,1814,1773,1791,-1,1814,1795,1773,-1,1815,1796,1774,-1,1815,1774,1792,-1,1816,1797,1775,-1,1816,1775,1793,-1,1817,1776,1794,-1,1817,1798,1776,-1,1818,1799,1777,-1,1818,1777,1795,-1,1819,1778,1796,-1,1819,1800,1778,-1,1820,1801,1779,-1,1820,1779,1797,-1,1821,1780,1798,-1,1821,1802,1780,-1,1822,1803,1781,-1,1822,1781,1799,-1,1823,1782,1800,-1,1823,1804,1782,-1,1824,1783,1801,-1,1824,1805,1783,-1,1825,1784,1802,-1,1825,1806,1784,-1,1826,1785,1803,-1,1826,1807,1785,-1,1827,1808,1786,-1,1827,1786,1804,-1,1828,1809,1202,-1,1829,1810,1787,-1,1829,1787,1805,-1,1830,1788,1806,-1,1830,1811,1788,-1,1831,1789,1808,-1,1831,1812,1789,-1,1832,1790,1809,-1,1832,1813,1790,-1,1833,1791,1810,-1,1833,1814,1791,-1,1834,1792,1811,-1,1834,1815,1792,-1,1835,1793,1812,-1,1835,1816,1793,-1,1836,1817,1794,-1,1836,1794,1813,-1,1837,1795,1814,-1,1837,1818,1795,-1,1838,1819,1796,-1,1838,1796,1815,-1,1839,1820,1797,-1,1839,1797,1816,-1,1840,1798,1817,-1,1840,1821,1798,-1,1841,1822,1799,-1,1841,1799,1818,-1,1842,1800,1819,-1,1842,1823,1800,-1,1843,1801,1820,-1,1843,1824,1801,-1,1844,1825,1802,-1,1844,1802,1821,-1,1845,1826,1803,-1,1845,1803,1822,-1,1846,1827,1804,-1,1846,1804,1823,-1,1847,1828,1202,-1,1848,1805,1824,-1,1848,1829,1805,-1,1849,1806,1825,-1,1849,1830,1806,-1,1850,1504,1807,-1,1850,1807,1826,-1,1850,1505,1504,-1,1851,1831,1808,-1,1851,1808,1827,-1,1852,1809,1828,-1,1852,1832,1809,-1,1853,1833,1810,-1,1853,1810,1829,-1,1854,1811,1830,-1,1854,1834,1811,-1,1855,1812,1831,-1,1855,1835,1812,-1,1856,1813,1832,-1,1856,1836,1813,-1,1857,1837,1814,-1,1857,1814,1833,-1,1858,1815,1834,-1,1858,1838,1815,-1,1859,1839,1816,-1,1859,1816,1835,-1,1860,1817,1836,-1,1860,1840,1817,-1,1861,1818,1837,-1,1861,1841,1818,-1,1862,1819,1838,-1,1862,1842,1819,-1,1863,1843,1820,-1,1863,1820,1839,-1,1864,1821,1840,-1,1864,1844,1821,-1,1865,1845,1822,-1,1865,1822,1841,-1,1866,1823,1842,-1,1866,1846,1823,-1,1867,1847,1202,-1,1868,1824,1843,-1,1868,1848,1824,-1,1869,1849,1825,-1,1869,1825,1844,-1,1870,1826,1845,-1,1870,1850,1826,-1,1871,1827,1846,-1,1871,1851,1827,-1,1872,1828,1847,-1,1872,1852,1828,-1,1873,1829,1848,-1,1873,1853,1829,-1,1874,1854,1830,-1,1874,1830,1849,-1,1875,1505,1850,-1,1875,1506,1505,-1,1875,1507,1506,-1,1876,1831,1851,-1,1876,1855,1831,-1,1877,1856,1832,-1,1877,1832,1852,-1,1878,1857,1833,-1,1878,1833,1853,-1,1879,1858,1834,-1,1879,1834,1854,-1,1880,1859,1835,-1,1880,1835,1855,-1,1881,1860,1836,-1,1881,1836,1856,-1,1882,1861,1837,-1,1882,1837,1857,-1,1883,1838,1858,-1,1883,1862,1838,-1,1884,1863,1839,-1,1884,1839,1859,-1,1885,1864,1840,-1,1885,1840,1860,-1,1886,1865,1841,-1,1886,1841,1861,-1,1887,1842,1862,-1,1887,1866,1842,-1,1888,1867,1202,-1,1889,1868,1843,-1,1889,1843,1863,-1,1890,1844,1864,-1,1890,1869,1844,-1,1891,1845,1865,-1,1891,1870,1845,-1,1892,1846,1866,-1,1892,1871,1846,-1,1893,1847,1867,-1,1893,1872,1847,-1,1894,1873,1848,-1,1894,1848,1868,-1,1895,1849,1869,-1,1895,1874,1849,-1,1896,1875,1850,-1,1896,1850,1870,-1,1897,1851,1871,-1,1897,1876,1851,-1,1898,1852,1872,-1,1898,1877,1852,-1,1899,1853,1873,-1,1899,1878,1853,-1,1900,1879,1854,-1,1900,1854,1874,-1,1901,1855,1876,-1,1901,1880,1855,-1,1902,1856,1877,-1,1902,1881,1856,-1,1903,1857,1878,-1,1903,1882,1857,-1,1904,1858,1879,-1,1904,1883,1858,-1,1905,1859,1880,-1,1905,1884,1859,-1,1906,1860,1881,-1,1906,1885,1860,-1,1907,1861,1882,-1,1907,1886,1861,-1,1908,1887,1862,-1,1908,1862,1883,-1,1909,1888,1202,-1,1910,1889,1863,-1,1910,1863,1884,-1,1911,1890,1864,-1,1911,1864,1885,-1,1912,1865,1886,-1,1912,1891,1865,-1,1913,1866,1887,-1,1913,1892,1866,-1,1914,1893,1867,-1,1914,1867,1888,-1,1915,1894,1868,-1,1915,1868,1889,-1,1916,1895,1869,-1,1916,1869,1890,-1,1917,1896,1870,-1,1917,1870,1891,-1,1918,1897,1871,-1,1918,1871,1892,-1,1919,1898,1872,-1,1919,1872,1893,-1,1920,1899,1873,-1,1920,1873,1894,-1,1921,1874,1895,-1,1921,1900,1874,-1,1922,1507,1875,-1,1922,1875,1896,-1,1922,9,2,-1,1922,1508,1507,-1,1922,2,1508,-1,1923,1876,1897,-1,1923,1901,1876,-1,1924,1877,1898,-1,1924,1902,1877,-1,1925,1903,1878,-1,1925,1878,1899,-1,1926,1879,1900,-1,1926,1904,1879,-1,1927,1905,1880,-1,1927,1880,1901,-1,1928,1881,1902,-1,1928,1906,1881,-1,1929,1882,1903,-1,1929,1907,1882,-1,1930,1883,1904,-1,1930,1908,1883,-1,1931,1909,1202,-1,1932,1884,1905,-1,1932,1910,1884,-1,1933,1885,1906,-1,1933,1911,1885,-1,1934,1912,1886,-1,1934,1886,1907,-1,1935,1887,1908,-1,1935,1913,1887,-1,1936,1888,1909,-1,1936,1914,1888,-1,1937,1889,1910,-1,1937,1915,1889,-1,1938,1890,1911,-1,1938,1916,1890,-1,1939,1891,1912,-1,1939,1917,1891,-1,1940,1892,1913,-1,1940,1918,1892,-1,1941,1919,1893,-1,1941,1893,1914,-1,1942,1894,1915,-1,1942,1920,1894,-1,1943,1895,1916,-1,1943,1921,1895,-1,1944,9,1922,-1,1944,1922,1896,-1,1944,12,10,-1,1944,10,9,-1,1944,1896,1917,-1,1945,1923,1897,-1,1945,1897,1918,-1,1946,1898,1919,-1,1946,1924,1898,-1,1947,1925,1899,-1,1947,1899,1920,-1,1948,1926,1900,-1,1948,1900,1921,-1,1949,1901,1923,-1,1949,1927,1901,-1,1950,1928,1902,-1,1950,1902,1924,-1,1951,1903,1925,-1,1951,1929,1903,-1,1952,1930,1904,-1,1952,1904,1926,-1,1953,1931,1202,-1,1954,1905,1927,-1,1954,1932,1905,-1,1955,1933,1906,-1,1955,1906,1928,-1,1956,1934,1907,-1,1956,1907,1929,-1,1957,1908,1930,-1,1957,1935,1908,-1,1958,1909,1931,-1,1958,1936,1909,-1,1959,1910,1932,-1,1959,1937,1910,-1,1960,1911,1933,-1,1960,1938,1911,-1,1961,1939,1912,-1,1961,1912,1934,-1,1962,1913,1935,-1,1962,1940,1913,-1,1963,1914,1936,-1,1963,1941,1914,-1,1964,1942,1915,-1,1964,1915,1937,-1,1965,1916,1938,-1,1965,1943,1916,-1,1966,1917,1939,-1,1966,1944,1917,-1,1966,12,1944,-1,1966,16,12,-1,1967,1945,1918,-1,1967,1918,1940,-1,1968,1919,1941,-1,1968,1946,1919,-1,1969,1920,1942,-1,1969,1947,1920,-1,1970,1921,1943,-1,1970,1948,1921,-1,1971,1949,1923,-1,1971,1923,1945,-1,1972,1950,1924,-1,1972,1924,1946,-1,1973,1925,1947,-1,1973,1951,1925,-1,1974,1926,1948,-1,1974,1952,1926,-1,1975,1953,1202,-1,1976,1927,1949,-1,1976,1954,1927,-1,1977,1955,1928,-1,1977,1928,1950,-1,1978,1956,1929,-1,1978,1929,1951,-1,1979,1930,1952,-1,1979,1957,1930,-1,1980,1958,1931,-1,1980,1931,1953,-1,1981,1932,1954,-1,1981,1959,1932,-1,1982,1933,1955,-1,1982,1960,1933,-1,1983,1934,1956,-1,1983,1961,1934,-1,1984,1935,1957,-1,1984,1962,1935,-1,1985,1963,1936,-1,1985,1936,1958,-1,1986,1937,1959,-1,1986,1964,1937,-1,1987,1965,1938,-1,1987,1938,1960,-1,1988,16,1966,-1,1988,1966,1939,-1,1988,1939,1961,-1,1988,17,16,-1,1989,1967,1940,-1,1989,1940,1962,-1,1990,1941,1963,-1,1990,1968,1941,-1,1991,1969,1942,-1,1991,1942,1964,-1,1992,1970,1943,-1,1992,1943,1965,-1,1993,1945,1967,-1,1993,1971,1945,-1,1994,1972,1946,-1,1994,1946,1968,-1,1995,1947,1969,-1,1995,1973,1947,-1,1996,1948,1970,-1,1996,1974,1948,-1,1997,1975,1202,-1,1998,1976,1949,-1,1998,1949,1971,-1,1999,1977,1950,-1,1999,1950,1972,-1,2000,1978,1951,-1,2000,1951,1973,-1,2001,1952,1974,-1,2001,1979,1952,-1,2002,1953,1975,-1,2002,1980,1953,-1,2003,1981,1954,-1,2003,1954,1976,-1,2004,1955,1977,-1,2004,1982,1955,-1,2005,1983,1956,-1,2005,1956,1978,-1,2006,1957,1979,-1,2006,1984,1957,-1,2007,1985,1958,-1,2007,1958,1980,-1,2008,1959,1981,-1,2008,1986,1959,-1,2009,1987,1960,-1,2009,1960,1982,-1,2010,1988,1961,-1,2010,27,23,-1,2010,23,17,-1,2010,1961,1983,-1,2010,17,1988,-1,2011,1962,1984,-1,2011,1989,1962,-1,2012,1990,1963,-1,2012,1963,1985,-1,2013,1964,1986,-1,2013,1991,1964,-1,2014,1965,1987,-1,2014,1992,1965,-1,2015,1967,1989,-1,2015,1993,1967,-1,2016,1968,1990,-1,2016,1994,1968,-1,2017,1969,1991,-1,2017,1995,1969,-1,2018,1970,1992,-1,2018,1996,1970,-1,2019,1997,1202,-1,2020,1998,1971,-1,2020,1971,1993,-1,2021,1999,1972,-1,2021,1972,1994,-1,2022,1973,1995,-1,2022,2000,1973,-1,2023,1974,1996,-1,2023,2001,1974,-1,2024,1975,1997,-1,2024,2002,1975,-1,2025,1976,1998,-1,2025,2003,1976,-1,2026,2004,1977,-1,2026,1977,1999,-1,2027,2005,1978,-1,2027,1978,2000,-1,2028,1979,2001,-1,2028,2006,1979,-1,2029,1980,2002,-1,2029,2007,1980,-1,2030,2008,1981,-1,2030,1981,2003,-1,2031,1982,2004,-1,2031,2009,1982,-1,2032,1983,2005,-1,2032,27,2010,-1,2032,28,27,-1,2032,2010,1983,-1,2033,1984,2006,-1,2033,2011,1984,-1,2034,1985,2007,-1,2034,2012,1985,-1,2035,1986,2008,-1,2035,2013,1986,-1,2036,2014,1987,-1,2036,1987,2009,-1,2037,1989,2011,-1,2037,2015,1989,-1,2038,1990,2012,-1,2038,2016,1990,-1,2039,2017,1991,-1,2039,1991,2013,-1,2040,2018,1992,-1,2040,1992,2014,-1,2041,2019,1202,-1,2042,1993,2015,-1,2042,2020,1993,-1,2043,1994,2016,-1,2043,2021,1994,-1,2044,1995,2017,-1,2044,2022,1995,-1,2045,2023,1996,-1,2045,1996,2018,-1,2046,1997,2019,-1,2046,2024,1997,-1,2047,2025,1998,-1,2047,1998,2020,-1,2048,1999,2021,-1,2048,2026,1999,-1,2049,2000,2022,-1,2049,2027,2000,-1,2050,2001,2023,-1,2050,2028,2001,-1,2051,2029,2002,-1,2051,2002,2024,-1,2052,2030,2003,-1,2052,2003,2025,-1,2053,2004,2026,-1,2053,2031,2004,-1,2054,28,2032,-1,2054,2005,2027,-1,2054,2032,2005,-1,2054,42,34,-1,2054,34,28,-1,2055,2033,2006,-1,2055,2006,2028,-1,2056,2007,2029,-1,2056,2034,2007,-1,2057,2008,2030,-1,2057,2035,2008,-1,2058,2009,2031,-1,2058,2036,2009,-1,2059,2011,2033,-1,2059,2037,2011,-1,2060,2038,2012,-1,2060,2012,2034,-1,2061,2039,2013,-1,2061,2013,2035,-1,2062,2040,2014,-1,2062,2014,2036,-1,2063,1202,1200,-1,2063,2041,1202,-1,2064,2015,2037,-1,2064,2042,2015,-1,2065,2016,2038,-1,2065,2043,2016,-1,2066,2044,2017,-1,2066,2017,2039,-1,2067,2045,2018,-1,2067,2018,2040,-1,2068,2046,2019,-1,2068,2019,2041,-1,2069,2020,2042,-1,2069,2047,2020,-1,2070,2048,2021,-1,2070,2021,2043,-1,2071,2049,2022,-1,2071,2022,2044,-1,2072,2050,2023,-1,2072,2023,2045,-1,2073,2051,2024,-1,2073,2024,2046,-1,2074,2025,2047,-1,2074,2052,2025,-1,2075,2053,2026,-1,2075,2026,2048,-1,2076,2054,2027,-1,2076,48,42,-1,2076,2027,2049,-1,2076,42,2054,-1,2077,2028,2050,-1,2077,2055,2028,-1,2078,2029,2051,-1,2078,2056,2029,-1,2079,2030,2052,-1,2079,2057,2030,-1,2080,2031,2053,-1,2080,2058,2031,-1,2081,2033,2055,-1,2081,2059,2033,-1,2082,2060,2034,-1,2082,2034,2056,-1,2083,2035,2057,-1,2083,2061,2035,-1,2084,2036,2058,-1,2084,2062,2036,-1,2085,1200,1198,-1,2085,2063,1200,-1,2086,2064,2037,-1,2086,2037,2059,-1,2087,2065,2038,-1,2087,2038,2060,-1,2088,2039,2061,-1,2088,2066,2039,-1,2089,2067,2040,-1,2089,2040,2062,-1,2090,2041,2063,-1,2090,2068,2041,-1,2091,2042,2064,-1,2091,2069,2042,-1,2092,2043,2065,-1,2092,2070,2043,-1,2093,2044,2066,-1,2093,2071,2044,-1,2094,2072,2045,-1,2094,2045,2067,-1,2095,2046,2068,-1,2095,2073,2046,-1,2096,2047,2069,-1,2096,2074,2047,-1,2097,2048,2070,-1,2097,2075,2048,-1,2098,48,2076,-1,2098,2076,2049,-1,2098,55,49,-1,2098,49,48,-1,2098,2049,2071,-1,2099,2050,2072,-1,2099,2077,2050,-1,2100,2051,2073,-1,2100,2078,2051,-1,2101,2052,2074,-1,2101,2079,2052,-1,2102,2053,2075,-1,2102,2080,2053,-1,2103,2055,2077,-1,2103,2081,2055,-1,2104,2056,2078,-1,2104,2082,2056,-1,2105,2057,2079,-1,2105,2083,2057,-1,2106,2058,2080,-1,2106,2084,2058,-1,2107,2059,2081,-1,2107,2086,2059,-1,2108,2060,2082,-1,2108,2087,2060,-1,2109,2061,2083,-1,2109,2088,2061,-1,2110,2089,2062,-1,2110,2062,2084,-1,2111,1198,1196,-1,2111,2085,1198,-1,2111,2063,2085,-1,2111,2090,2063,-1,2112,2091,2064,-1,2112,2064,2086,-1,2113,2065,2087,-1,2113,2092,2065,-1,2114,2066,2088,-1,2114,2093,2066,-1,2115,2067,2089,-1,2115,2094,2067,-1,2116,2068,2090,-1,2116,2095,2068,-1,2117,2096,2069,-1,2117,2069,2091,-1,2118,2070,2092,-1,2118,2097,2070,-1,2119,55,2098,-1,2119,2071,2093,-1,2119,2098,2071,-1,2119,63,55,-1,2120,2099,2072,-1,2120,2072,2094,-1,2121,2100,2073,-1,2121,2073,2095,-1,2122,2101,2074,-1,2122,2074,2096,-1,2123,2102,2075,-1,2123,2075,2097,-1,2124,2103,2077,-1,2124,2077,2099,-1,2125,2078,2100,-1,2125,2104,2078,-1,2126,2105,2079,-1,2126,2079,2101,-1,2127,2080,2102,-1,2127,2106,2080,-1,2128,2081,2103,-1,2128,2107,2081,-1,2129,2108,2082,-1,2129,2082,2104,-1,2130,2109,2083,-1,2130,2083,2105,-1,2131,2110,2084,-1,2131,2084,2106,-1,2132,2086,2107,-1,2132,2112,2086,-1,2133,2113,2087,-1,2133,2087,2108,-1,2134,2114,2088,-1,2134,2088,2109,-1,2135,2115,2089,-1,2135,2089,2110,-1,2136,2090,2111,-1,2136,2116,2090,-1,2137,2117,2091,-1,2137,2091,2112,-1,2138,2118,2092,-1,2138,2092,2113,-1,2139,64,63,-1,2139,2093,2114,-1,2139,63,2119,-1,2139,2119,2093,-1,2140,2094,2115,-1,2140,2120,2094,-1,2141,2095,2116,-1,2141,2121,2095,-1,2142,2096,2117,-1,2142,2122,2096,-1,2143,2097,2118,-1,2143,2123,2097,-1,2144,2124,2099,-1,2144,2099,2120,-1,2145,2100,2121,-1,2145,2125,2100,-1,2146,2101,2122,-1,2146,2126,2101,-1,2147,2102,2123,-1,2147,2127,2102,-1,2148,2128,2103,-1,2148,2103,2124,-1,2149,2104,2125,-1,2149,2129,2104,-1,2150,2130,2105,-1,2150,2105,2126,-1,2151,2131,2106,-1,2151,2106,2127,-1,2152,2132,2107,-1,2152,2107,2128,-1,2153,2133,2108,-1,2153,2108,2129,-1,2154,2109,2130,-1,2154,2134,2109,-1,2155,2135,2110,-1,2155,2110,2131,-1,2156,2136,2111,-1,2156,1194,1192,-1,2156,1196,1194,-1,2156,2111,1196,-1,2157,2112,2132,-1,2157,2137,2112,-1,2158,2113,2133,-1,2158,2138,2113,-1,2159,2114,2134,-1,2159,81,73,-1,2159,73,64,-1,2159,2139,2114,-1,2159,64,2139,-1,2160,2140,2115,-1,2160,2115,2135,-1,2161,2116,2136,-1,2161,2141,2116,-1,2162,2142,2117,-1,2162,2117,2137,-1,2163,2118,2138,-1,2163,2143,2118,-1,2164,2120,2140,-1,2164,2144,2120,-1,2165,2121,2141,-1,2165,2145,2121,-1,2166,2122,2142,-1,2166,2146,2122,-1,2167,2123,2143,-1,2167,2147,2123,-1,2168,2148,2124,-1,2168,2124,2144,-1,2169,2149,2125,-1,2169,2125,2145,-1,2170,2126,2146,-1,2170,2150,2126,-1,2171,2127,2147,-1,2171,2151,2127,-1,2172,2152,2128,-1,2172,2128,2148,-1,2173,2129,2149,-1,2173,2153,2129,-1,2174,2130,2150,-1,2174,2154,2130,-1,2175,2131,2151,-1,2175,2155,2131,-1,2176,2157,2132,-1,2176,2132,2152,-1,2177,2133,2153,-1,2177,2158,2133,-1,2178,92,81,-1,2178,81,2159,-1,2178,2134,2154,-1,2178,2159,2134,-1,2179,2135,2155,-1,2179,2160,2135,-1,2180,1192,1190,-1,2180,2161,2136,-1,2180,2156,1192,-1,2180,2136,2156,-1,2181,2137,2157,-1,2181,2162,2137,-1,2182,2138,2158,-1,2182,2163,2138,-1,2183,2140,2160,-1,2183,2164,2140,-1,2184,2165,2141,-1,2184,2141,2161,-1,2185,2166,2142,-1,2185,2142,2162,-1,2186,2167,2143,-1,2186,2143,2163,-1,2187,2144,2164,-1,2187,2168,2144,-1,2188,2169,2145,-1,2188,2145,2165,-1,2189,2146,2166,-1,2189,2170,2146,-1,2190,2147,2167,-1,2190,2171,2147,-1,2191,2148,2168,-1,2191,2172,2148,-1,2192,2149,2169,-1,2192,2173,2149,-1,2193,2174,2150,-1,2193,2150,2170,-1,2194,2151,2171,-1,2194,2175,2151,-1,2195,2152,2172,-1,2195,2176,2152,-1,2196,2153,2173,-1,2196,2177,2153,-1,2197,2154,2174,-1,2197,104,93,-1,2197,93,92,-1,2197,92,2178,-1,2197,2178,2154,-1,2198,2179,2155,-1,2198,2155,2175,-1,2199,2181,2157,-1,2199,2157,2176,-1,2200,2158,2177,-1,2200,2182,2158,-1,2201,2160,2179,-1,2201,2183,2160,-1,2202,2161,2180,-1,2202,2184,2161,-1,2203,2185,2162,-1,2203,2162,2181,-1,2204,2163,2182,-1,2204,2186,2163,-1,2205,2187,2164,-1,2205,2164,2183,-1,2206,2188,2165,-1,2206,2165,2184,-1,2207,2189,2166,-1,2207,2166,2185,-1,2208,2167,2186,-1,2208,2190,2167,-1,2209,2168,2187,-1,2209,2191,2168,-1,2210,2169,2188,-1,2210,2192,2169,-1,2211,2193,2170,-1,2211,2170,2189,-1,2212,2194,2171,-1,2212,2171,2190,-1,2213,2195,2172,-1,2213,2172,2191,-1,2214,2196,2173,-1,2214,2173,2192,-1,2215,2174,2193,-1,2215,2197,2174,-1,2215,114,104,-1,2215,104,2197,-1,2216,2198,2175,-1,2216,2175,2194,-1,2217,2199,2176,-1,2217,2176,2195,-1,2218,2200,2177,-1,2218,2177,2196,-1,2219,2179,2198,-1,2219,2201,2179,-1,2220,2180,1190,-1,2220,1188,1186,-1,2220,1190,1188,-1,2220,2202,2180,-1,2221,2181,2199,-1,2221,2203,2181,-1,2222,2182,2200,-1,2222,2204,2182,-1,2223,2183,2201,-1,2223,2205,2183,-1,2224,2184,2202,-1,2224,2206,2184,-1,2225,2207,2185,-1,2225,2185,2203,-1,2226,2186,2204,-1,2226,2208,2186,-1,2227,2209,2187,-1,2227,2187,2205,-1,2228,2188,2206,-1,2228,2210,2188,-1,2229,2211,2189,-1,2229,2189,2207,-1,2230,2190,2208,-1,2230,2212,2190,-1,2231,2191,2209,-1,2231,2213,2191,-1,2232,2192,2210,-1,2232,2214,2192,-1,2233,2215,2193,-1,2233,2193,2211,-1,2233,115,114,-1,2233,114,2215,-1,2234,2216,2194,-1,2234,2194,2212,-1,2235,2195,2213,-1,2235,2217,2195,-1,2236,2218,2196,-1,2236,2196,2214,-1,2237,2198,2216,-1,2237,2219,2198,-1,2238,2199,2217,-1,2238,2221,2199,-1,2239,2200,2218,-1,2239,2222,2200,-1,2240,2223,2201,-1,2240,2201,2219,-1,2241,1186,1184,-1,2241,2224,2202,-1,2241,2220,1186,-1,2241,2202,2220,-1,2242,2203,2221,-1,2242,2225,2203,-1,2243,2204,2222,-1,2243,2226,2204,-1,2244,2205,2223,-1,2244,2227,2205,-1,2245,2228,2206,-1,2245,2206,2224,-1,2246,2207,2225,-1,2246,2229,2207,-1,2247,2208,2226,-1,2247,2230,2208,-1,2248,2231,2209,-1,2248,2209,2227,-1,2249,2210,2228,-1,2249,2232,2210,-1,2250,115,2233,-1,2250,2233,2211,-1,2250,139,128,-1,2250,128,115,-1,2250,2211,2229,-1,2251,2234,2212,-1,2251,2212,2230,-1,2252,2235,2213,-1,2252,2213,2231,-1,2253,2214,2232,-1,2253,2236,2214,-1,2254,2237,2216,-1,2254,2216,2234,-1,2255,2217,2235,-1,2255,2238,2217,-1,2256,2218,2236,-1,2256,2239,2218,-1,2257,2219,2237,-1,2257,2240,2219,-1,2258,2242,2221,-1,2258,2221,2238,-1,2259,2222,2239,-1,2259,2243,2222,-1,2260,2223,2240,-1,2260,2244,2223,-1,2261,2224,2241,-1,2261,2245,2224,-1,2262,2225,2242,-1,2262,2246,2225,-1,2263,2226,2243,-1,2263,2247,2226,-1,2264,2248,2227,-1,2264,2227,2244,-1,2265,2228,2245,-1,2265,2249,2228,-1,2266,140,139,-1,2266,139,2250,-1,2266,2229,2246,-1,2266,2250,2229,-1,2267,2230,2247,-1,2267,2251,2230,-1,2268,2252,2231,-1,2268,2231,2248,-1,2269,2232,2249,-1,2269,2253,2232,-1,2270,2234,2251,-1,2270,2254,2234,-1,2271,2255,2235,-1,2271,2235,2252,-1,2272,2236,2253,-1,2272,2256,2236,-1,2273,2237,2254,-1,2273,2257,2237,-1,2274,2258,2238,-1,2274,2238,2255,-1,2275,2239,2256,-1,2275,2259,2239,-1,2276,2260,2240,-1,2276,2240,2257,-1,2277,1184,1182,-1,2277,2241,1184,-1,2277,2261,2241,-1,2278,2242,2258,-1,2278,2262,2242,-1,2279,2243,2259,-1,2279,2263,2243,-1,2280,2244,2260,-1,2280,2264,2244,-1,2281,2245,2261,-1,2281,2265,2245,-1,2282,2266,2246,-1,2282,165,153,-1,2282,153,140,-1,2282,140,2266,-1,2282,2246,2262,-1,2283,2267,2247,-1,2283,2247,2263,-1,2284,2268,2248,-1,2284,2248,2264,-1,2285,2249,2265,-1,2285,2269,2249,-1,2286,2251,2267,-1,2286,2270,2251,-1,2287,2252,2268,-1,2287,2271,2252,-1,2288,2253,2269,-1,2288,2272,2253,-1,2289,2254,2270,-1,2289,2273,2254,-1,2290,2255,2271,-1,2290,2274,2255,-1,2291,2256,2272,-1,2291,2275,2256,-1,2292,2257,2273,-1,2292,2276,2257,-1,2293,2278,2258,-1,2293,2258,2274,-1,2294,2259,2275,-1,2294,2279,2259,-1,2295,2260,2276,-1,2295,2280,2260,-1,2296,1180,1178,-1,2296,1182,1180,-1,2296,2277,1182,-1,2296,2261,2277,-1,2296,2281,2261,-1,2297,179,165,-1,2297,165,2282,-1,2297,2282,2262,-1,2297,2262,2278,-1,2298,2283,2263,-1,2298,2263,2279,-1,2299,2264,2280,-1,2299,2284,2264,-1,2300,2285,2265,-1,2300,2265,2281,-1,2301,2286,2267,-1,2301,2267,2283,-1,2302,2268,2284,-1,2302,2287,2268,-1,2303,2269,2285,-1,2303,2288,2269,-1,2304,2289,2270,-1,2304,2270,2286,-1,2305,2290,2271,-1,2305,2271,2287,-1,2306,2272,2288,-1,2306,2291,2272,-1,2307,2273,2289,-1,2307,2292,2273,-1,2308,2293,2274,-1,2308,2274,2290,-1,2309,2275,2291,-1,2309,2294,2275,-1,2310,2295,2276,-1,2310,2276,2292,-1,2311,196,180,-1,2311,180,179,-1,2311,179,2297,-1,2311,2278,2293,-1,2311,2297,2278,-1,2312,2279,2294,-1,2312,2298,2279,-1,2313,2280,2295,-1,2313,2299,2280,-1,2314,2300,2281,-1,2314,2281,2296,-1,2315,2301,2283,-1,2315,2283,2298,-1,2316,2302,2284,-1,2316,2284,2299,-1,2317,2285,2300,-1,2317,2303,2285,-1,2318,2286,2301,-1,2318,2304,2286,-1,2319,2287,2302,-1,2319,2305,2287,-1,2320,2288,2303,-1,2320,2306,2288,-1,2321,2289,2304,-1,2321,2307,2289,-1,2322,2290,2305,-1,2322,2308,2290,-1,2323,2291,2306,-1,2323,2309,2291,-1,2324,2292,2307,-1,2324,2310,2292,-1,2325,2293,2308,-1,2325,210,196,-1,2325,196,2311,-1,2325,2311,2293,-1,2326,2312,2294,-1,2326,2294,2309,-1,2327,2313,2295,-1,2327,2295,2310,-1,2328,1178,1176,-1,2328,2296,1178,-1,2328,2314,2296,-1,2329,2315,2298,-1,2329,2298,2312,-1,2330,2299,2313,-1,2330,2316,2299,-1,2331,2317,2300,-1,2331,2300,2314,-1,2332,2318,2301,-1,2332,2301,2315,-1,2333,2302,2316,-1,2333,2319,2302,-1,2334,2303,2317,-1,2334,2320,2303,-1,2335,2321,2304,-1,2335,2304,2318,-1,2336,2305,2319,-1,2336,2322,2305,-1,2337,2306,2320,-1,2337,2323,2306,-1,2338,2324,2307,-1,2338,2307,2321,-1,2339,211,210,-1,2339,210,2325,-1,2339,2325,2308,-1,2339,2308,2322,-1,2340,2309,2323,-1,2340,2326,2309,-1,2341,2310,2324,-1,2341,2327,2310,-1,2342,2312,2326,-1,2342,2329,2312,-1,2343,2313,2327,-1,2343,2330,2313,-1,2344,1174,1172,-1,2344,1176,1174,-1,2344,2328,1176,-1,2344,2314,2328,-1,2344,2331,2314,-1,2345,2315,2329,-1,2345,2332,2315,-1,2346,2333,2316,-1,2346,2316,2330,-1,2347,2334,2317,-1,2347,2317,2331,-1,2348,2335,2318,-1,2348,2318,2332,-1,2349,2336,2319,-1,2349,2319,2333,-1,2350,2320,2334,-1,2350,2337,2320,-1,2351,2338,2321,-1,2351,2321,2335,-1,2352,227,211,-1,2352,242,227,-1,2352,2322,2336,-1,2352,211,2339,-1,2352,2339,2322,-1,2353,2323,2337,-1,2353,2340,2323,-1,2354,2341,2324,-1,2354,2324,2338,-1,2355,2326,2340,-1,2355,2342,2326,-1,2356,2327,2341,-1,2356,2343,2327,-1,2357,2329,2342,-1,2357,2345,2329,-1,2358,2346,2330,-1,2358,2330,2343,-1,2359,2331,2344,-1,2359,2347,2331,-1,2360,2332,2345,-1,2360,2348,2332,-1,2361,2333,2346,-1,2361,2349,2333,-1,2362,2350,2334,-1,2362,2334,2347,-1,2363,2335,2348,-1,2363,2351,2335,-1,2364,243,242,-1,2364,2336,2349,-1,2364,2352,2336,-1,2364,242,2352,-1,2365,2337,2350,-1,2365,2353,2337,-1,2366,2354,2338,-1,2366,2338,2351,-1,2367,2340,2353,-1,2367,2355,2340,-1,2368,2341,2354,-1,2368,2356,2341,-1,2369,2342,2355,-1,2369,2357,2342,-1,2370,2343,2356,-1,2370,2358,2343,-1,2371,1172,1170,-1,2371,2344,1172,-1,2371,2359,2344,-1,2372,2345,2357,-1,2372,2360,2345,-1,2373,2361,2346,-1,2373,2346,2358,-1,2374,2347,2359,-1,2374,2362,2347,-1,2375,2363,2348,-1,2375,2348,2360,-1,2376,261,243,-1,2376,277,261,-1,2376,243,2364,-1,2376,2349,2361,-1,2376,2364,2349,-1,2377,2350,2362,-1,2377,2365,2350,-1,2378,2366,2351,-1,2378,2351,2363,-1,2379,2367,2353,-1,2379,2353,2365,-1,2380,2354,2366,-1,2380,2368,2354,-1,2381,2355,2367,-1,2381,2369,2355,-1,2382,2370,2356,-1,2382,2356,2368,-1,2383,2357,2369,-1,2383,2372,2357,-1,2384,2358,2370,-1,2384,2373,2358,-1,2385,1170,1168,-1,2385,2371,1170,-1,2385,2359,2371,-1,2385,2374,2359,-1,2386,2360,2372,-1,2386,2375,2360,-1,2387,295,277,-1,2387,2376,2361,-1,2387,2361,2373,-1,2387,277,2376,-1,2388,2377,2362,-1,2388,2362,2374,-1,2389,2363,2375,-1,2389,2378,2363,-1,2390,2365,2377,-1,2390,2379,2365,-1,2391,2366,2378,-1,2391,2380,2366,-1,2392,2367,2379,-1,2392,2381,2367,-1,2393,2382,2368,-1,2393,2368,2380,-1,2394,2383,2369,-1,2394,2369,2381,-1,2395,2370,2382,-1,2395,2384,2370,-1,2396,2372,2383,-1,2396,2386,2372,-1,2397,296,295,-1,2397,315,296,-1,2397,295,2387,-1,2397,2373,2384,-1,2397,2387,2373,-1,2398,2374,2385,-1,2398,2388,2374,-1,2399,2375,2386,-1,2399,2389,2375,-1,2400,2390,2377,-1,2400,2377,2388,-1,2401,2391,2378,-1,2401,2378,2389,-1,2402,2392,2379,-1,2402,2379,2390,-1,2403,2380,2391,-1,2403,2393,2380,-1,2404,2381,2392,-1,2404,2394,2381,-1,2405,2382,2393,-1,2405,2395,2382,-1,2406,2383,2394,-1,2406,2396,2383,-1,2407,333,315,-1,2407,2397,2384,-1,2407,2384,2395,-1,2407,315,2397,-1,2408,1166,1164,-1,2408,1168,1166,-1,2408,2385,1168,-1,2408,2398,2385,-1,2409,2399,2386,-1,2409,2386,2396,-1,2410,2400,2388,-1,2410,2388,2398,-1,2411,2401,2389,-1,2411,2389,2399,-1,2412,2402,2390,-1,2412,2390,2400,-1,2413,2403,2391,-1,2413,2391,2401,-1,2414,2392,2402,-1,2414,2404,2392,-1,2415,2393,2403,-1,2415,2405,2393,-1,2416,2394,2404,-1,2416,2406,2394,-1,2417,334,333,-1,2417,2395,2405,-1,2417,2407,2395,-1,2417,333,2407,-1,2418,2396,2406,-1,2418,2409,2396,-1,2419,1164,1162,-1,2419,2398,2408,-1,2419,2410,2398,-1,2419,2408,1164,-1,2420,2411,2399,-1,2420,2399,2409,-1,2421,2400,2410,-1,2421,2412,2400,-1,2422,2413,2401,-1,2422,2401,2411,-1,2423,2414,2402,-1,2423,2402,2412,-1,2424,2415,2403,-1,2424,2403,2413,-1,2425,2416,2404,-1,2425,2404,2414,-1,2426,334,2417,-1,2426,355,334,-1,2426,376,355,-1,2426,2405,2415,-1,2426,2417,2405,-1,2427,2418,2406,-1,2427,2406,2416,-1,2428,2409,2418,-1,2428,2420,2409,-1,2429,2421,2410,-1,2429,2410,2419,-1,2430,2422,2411,-1,2430,2411,2420,-1,2431,2412,2421,-1,2431,2423,2412,-1,2432,2413,2422,-1,2432,2424,2413,-1,2433,2425,2414,-1,2433,2414,2423,-1,2434,377,376,-1,2434,376,2426,-1,2434,2415,2424,-1,2434,2426,2415,-1,2435,2427,2416,-1,2435,2416,2425,-1,2436,2418,2427,-1,2436,2428,2418,-1,2437,1160,1158,-1,2437,1162,1160,-1,2437,2419,1162,-1,2437,2429,2419,-1,2438,2420,2428,-1,2438,2430,2420,-1,2439,2421,2429,-1,2439,2431,2421,-1,2440,2422,2430,-1,2440,2432,2422,-1,2441,2433,2423,-1,2441,2423,2431,-1,2442,2434,2424,-1,2442,397,377,-1,2442,417,397,-1,2442,377,2434,-1,2442,2424,2432,-1,2443,2425,2433,-1,2443,2435,2425,-1,2444,2427,2435,-1,2444,2436,2427,-1,2445,2438,2428,-1,2445,2428,2436,-1,2446,1158,1156,-1,2446,2429,2437,-1,2446,2439,2429,-1,2446,2437,1158,-1,2447,2430,2438,-1,2447,2440,2430,-1,2448,2431,2439,-1,2448,2441,2431,-1,2449,439,417,-1,2449,2432,2440,-1,2449,2442,2432,-1,2449,417,2442,-1,2450,2433,2441,-1,2450,2443,2433,-1,2451,2435,2443,-1,2451,2444,2435,-1,2452,2436,2444,-1,2452,2445,2436,-1,2453,2438,2445,-1,2453,2447,2438,-1,2454,2439,2446,-1,2454,2448,2439,-1,2455,440,439,-1,2455,2440,2447,-1,2455,439,2449,-1,2455,2449,2440,-1,2456,2441,2448,-1,2456,2450,2441,-1,2457,2443,2450,-1,2457,2451,2443,-1,2458,2444,2451,-1,2458,2452,2444,-1,2459,2445,2452,-1,2459,2453,2445,-1,2460,1156,1154,-1,2460,2454,2446,-1,2460,2446,1156,-1,2461,464,440,-1,2461,486,464,-1,2461,2447,2453,-1,2461,440,2455,-1,2461,2455,2447,-1,2462,2456,2448,-1,2462,2448,2454,-1,2463,2450,2456,-1,2463,2457,2450,-1,2464,2458,2451,-1,2464,2451,2457,-1,2465,2452,2458,-1,2465,2459,2452,-1,2466,487,486,-1,2466,486,2461,-1,2466,2453,2459,-1,2466,2461,2453,-1,2467,1152,1150,-1,2467,1154,1152,-1,2467,2460,1154,-1,2467,2454,2460,-1,2467,2462,2454,-1,2468,2463,2456,-1,2468,2456,2462,-1,2469,2457,2463,-1,2469,2464,2457,-1,2470,2458,2464,-1,2470,2465,2458,-1,2471,512,487,-1,2471,535,512,-1,2471,487,2466,-1,2471,2459,2465,-1,2471,2466,2459,-1,2472,2462,2467,-1,2472,2468,2462,-1,2473,2463,2468,-1,2473,2469,2463,-1,2474,2464,2469,-1,2474,2470,2464,-1,2475,2465,2470,-1,2475,558,535,-1,2475,535,2471,-1,2475,2471,2465,-1,2476,1150,1148,-1,2476,2467,1150,-1,2476,2472,2467,-1,2477,2468,2472,-1,2477,2473,2468,-1,2478,2469,2473,-1,2478,2474,2469,-1,2479,2470,2474,-1,2479,559,558,-1,2479,582,559,-1,2479,2475,2470,-1,2479,558,2475,-1,2480,1148,1146,-1,2480,2476,1148,-1,2480,2472,2476,-1,2480,2477,2472,-1,2481,2473,2477,-1,2481,2478,2473,-1,2482,2479,2474,-1,2482,605,582,-1,2482,2474,2478,-1,2482,582,2479,-1,2483,2481,2477,-1,2483,2477,2480,-1,2484,606,605,-1,2484,2478,2481,-1,2484,2482,2478,-1,2484,605,2482,-1,2485,1146,1144,-1,2485,2483,2480,-1,2485,2480,1146,-1,2485,1144,1142,-1,2486,2481,2483,-1,2486,2484,2481,-1,2486,629,606,-1,2486,652,629,-1,2486,606,2484,-1,2487,4,652,-1,2487,2486,2483,-1,2487,2483,2485,-1,2487,2485,1142,-1,2487,652,2486,-1,2487,1140,4,-1,2487,1142,1140,-1,1477,1332,1334,-1,1373,1477,1334,-1,1414,1477,1373            ]
            ccw TRUE
          }
        }
      ]
    }
  ]
}
